,name,model_unique_name,acc_OTI,distance_P14,distance_OT3,synthetic_EC50_P14,synthetic_EC50_OT3
0,amber-sweep-1,run_e60fd6f022d84c6cf9962606129d16c1,0.5483088493347168,2.927109808678604,1.4037186402517228,3.9218018508437678,1.8163613392293136
1,laced-sweep-2,run_0b16d1a43bb6b76f0e0c28b29c27bf2b,0.6530950665473938,2.8991159255660386,1.4455137791888382,2.6066684812193803,0.5717624763108027
2,stellar-sweep-3,run_11f6039c62cc56d6428c14315941a4ed,0.7619655132293701,2.71727341449796,1.491278400816724,2.367637452367991,0.8975489576753014
3,chocolate-sweep-4,run_c050d64aafd79b1eff334698dbb6f9fb,0.5828972458839417,2.4921773882830416,1.2620417206145136,2.2271910724006543,0.35233101705622377
4,zany-sweep-5,run_4f146e84fcfac2961475c91343748dbe,0.5512444376945496,2.5213219768790633,1.3129868837959302,2.2323625476320106,0.42353758686039117
5,crimson-sweep-6,run_cca096b6565b7a04bae03d8879a10ca9,0.5797064304351807,2.172722988075153,1.4324084927839864,1.7112411540555257,0.2869867340492741
6,olive-sweep-7,run_d8be429c4131de1a2ee3f80e5d3a7f3d,0.6650925278663635,2.705948399641902,1.4257428524097069,2.4271910724006553,0.49406190777005754
7,legendary-sweep-8,run_ebae88ebca00f61c789f5616705f04c0,0.5846841335296631,2.9211520315893207,1.431420388254124,2.6575666848121964,0.44314592545799086
8,crisp-sweep-9,run_42f8958827aa9b85d096c49cee0f19e6,0.5590299963951111,2.3745357570340784,1.3263231172746328,2.033777898747959,0.33588123815540094
9,frosty-sweep-10,run_875d89658f52b4b7ce59da9d103de04c,0.5520102381706238,2.6358421972009456,1.5139947685186304,2.323761567773545,0.32294377763739696
10,wild-sweep-11,run_c7ad5f68881890dab0c4d9b8b42ba23f,0.58379065990448,2.741043887771459,1.3021122217340948,2.5485302123026665,0.3244851547694261
11,deft-sweep-12,run_4b20bdce25688642e1d7fbc135b4794e,0.6005105376243591,2.6425820421645536,1.373156085903117,2.3326891671203067,0.38677195198989406
12,lyric-sweep-13,run_45acb30a6c93c60fe9f9334f6ddd51f5,0.4911295473575592,2.8575625319274622,1.5382309402566314,2.624904735982583,0.4350600126342394
13,fluent-sweep-14,run_7db5900b56456b32274bbacef32ae1e8,0.5895341634750366,2.201859487111326,1.4190639063027894,1.7239793140990751,0.2846873025900193
14,frosty-sweep-15,run_66ab9d9966a5ebe2779e6efd5a4e5394,0.5409061908721924,2.474260628356564,1.596645013449876,2.1366086009798595,0.31584333543904003
15,crisp-sweep-16,run_88f853839785a2b7f3e8ee12db7aab01,0.5888959765434265,2.6233292821295713,1.412205657781865,2.373353293413173,0.34396715097915304
16,fine-sweep-17,run_44d2242235c0a8213636800da03c224f,0.43178045749664307,4.2422667482804455,1.6250316896092647,4.04047359825803,1.9017687934301963
17,silvery-sweep-18,run_8e44eff42072ed93b79bb89f3857cd67,0.590427577495575,2.3008405673268766,1.4687274947324476,1.8658954817637465,0.3240555906506642
18,scarlet-sweep-19,run_fe1dfe97e722605c49b68b166a379d97,0.7466496229171753,2.581843861292849,1.4879221475355908,2.180212302667394,0.749955780164246
19,fanciful-sweep-20,run_4a77155bc8d0ad4375e322ef58ca562c,0.4846203029155731,2.182063067377668,1.6078603565145586,1.6204953728905829,0.4207075173720791
20,swept-sweep-21,run_9bc9096eb268fbb326ad9768d30c23a8,0.6361199617385864,2.789329952405974,1.4424798345958725,2.4765106151333707,0.41646241313960836
21,jolly-sweep-22,run_4d0ea673376750259549676f765bf1b7,0.4319081008434296,4.2422667482804455,1.6250365955095576,4.04047359825803,1.9015161086544539
22,glorious-sweep-23,run_056ad3d4e3a2364368636488879fe88d,0.5997447371482849,2.47298892090571,1.4084098623075432,2.116467065868265,0.36074542008843985
23,prime-sweep-24,run_072a5733c13b3a3be71316485b1db3fa,0.593490719795227,2.6362245391827863,1.4096456801310595,2.295182362547633,0.40415666456096017
24,winter-sweep-25,run_ba1328680ac1e610c32f3d7a2ff7bf4c,0.5119336247444153,2.5969414873030776,1.5794730351952049,2.1826075122482314,0.29322804801010743
25,sweepy-sweep-26,run_ea65777b8490d807e552f6553d694663,0.5308232307434082,2.242904537333845,1.5572134150378325,1.7501088731627659,0.24314592545799105
26,jumping-sweep-27,run_8d26ba4228150233ba90e77134aedf98,0.5774090886116028,2.4614972859573663,1.5209035115435832,2.0156505171475234,0.34439671509791575
27,upbeat-sweep-28,run_28d0983c8fac69c8e1a17e49bd7343aa,0.5560944676399231,2.8207568337017617,1.3639199352521263,2.638513881328254,0.36355022109917773
28,fast-sweep-29,run_9ce4dc2704079a502fbf63f30b31a22d,0.5996171236038208,2.3940428011916026,1.4660603167509956,1.936390854654329,0.3580669614655723
29,glowing-sweep-30,run_52e4f3356b881561cb0a99153c29c553,0.5959157347679138,2.2973548052255715,1.4309959226262463,1.8969787697332612,0.31773847125710736
30,fragrant-sweep-31,run_47306595b1e6fee071ae5e2a7b9bed0e,0.6209317445755005,2.3825101690588357,1.4960267292533898,1.9860914534567242,0.3155148452305746
31,sweet-sweep-32,run_b338167c84eaa6501384ce06e541aaec,0.6311423182487488,2.7938899777791706,1.4038798551114018,2.537697332607513,0.4300568540745419
32,spring-sweep-33,run_2d095052e0994a9ffe749128a650b206,0.5839183330535889,2.8342823073933237,1.327376895990069,2.631654872074034,0.34813644977890196
33,restful-sweep-34,run_cf162d2676b28d71f49473e34366180d,0.5880025625228882,2.8070644146679316,1.415781692446598,2.5151061513336965,0.39695514845230634
34,worldly-sweep-35,run_9a5abadf9e96beb5eb9143e82e7f3a9e,0.6035736799240112,2.4350400824834826,1.4575100006144284,2.0138541099618954,0.32547062539482047
35,super-sweep-36,run_f578a732da841e8ae7c7c6c84b422aed,0.5698787569999695,2.82320743098586,1.3587813278145262,2.5934948285247708,0.36145293746051793
36,smart-sweep-37,run_744746f53d90a8a72ad30b95e981739c,0.5885130763053894,2.585473586773935,1.4075185858357415,2.252776265650519,0.4455716993051169
37,curious-sweep-38,run_625121b3fc3cf22e720966ea9321c2ed,0.43178045749664307,4.2422667482804455,1.6250316896092647,4.04047359825803,1.9017687934301963
38,vivid-sweep-39,run_f021d872e2b1b36039f6498999759da7,0.43178045749664307,4.2422667482804455,1.6250316896092647,4.04047359825803,1.9017687934301963
39,gallant-sweep-40,run_55d62acd3133c8fa4f05b5acb2b63851,0.6338226199150085,2.8104084369946944,1.4233696560313072,2.5198421339139916,0.35700568540745603
40,denim-sweep-41,run_3a32a2254122011b780a8f5d9b59ad6f,0.527121901512146,2.5816262670076227,1.473339985881884,2.2157593903102892,0.35425142135186327
41,lunar-sweep-42,run_654aa784c3bedbc5ce5ccee13f599eda,0.6163369417190552,2.5113779961545224,1.4812876591172843,2.12550353837779,0.4668224889450402
42,misty-sweep-43,run_0fc0d36497ddaaec16b6da0a51641f6a,0.6288449168205261,2.668585937832635,1.4599084756695824,2.3271910724006535,0.49355653821857265
43,fiery-sweep-44,run_1f40783386bd8cbed6803eac9e88eb02,0.6978940367698669,2.713534126840171,1.4558341402582835,2.3681818181818195,0.6424384080859123
44,solar-sweep-45,run_2906f92f4bfabc012f13ee6647c784ed,0.463560938835144,3.4469703168801984,1.6936506083893974,3.203238976592272,0.7707517372078337
45,zesty-sweep-46,run_6bf82a0714bc3628199afd8f3f6cece2,0.43178045749664307,4.2422667482804455,1.6250316896092647,4.04047359825803,1.9017687934301963
46,azure-sweep-47,run_4cb1701b21c3e47418644d2e15b9955a,0.574984073638916,2.78693724852069,1.3213985395483316,2.600843767011433,0.35180037902716477
47,sweet-sweep-48,run_99827edb0edc2793a71376e1fa795d85,0.5600510239601135,2.49177724489479,1.5184396150526207,2.067583015786609,0.3494251421351862
48,summer-sweep-49,run_0d1f9a0c6c3863c7c029706822815f87,0.5961710214614868,2.372899207442644,1.6169574976467218,1.9528851388132829,0.27564118761844614
49,stoic-sweep-50,run_5b0ea95e041ac389391091c6b88fa8a8,0.5894064903259277,2.392368162037283,1.4169756017453978,1.9634458356015252,0.30588755527479466
50,pious-sweep-51,run_ce6ed88217cdf5b2291d0d33c94d91a2,0.5703892707824707,2.8787392141726187,1.3485385347082326,2.703293413173653,0.4426405559065067
51,absurd-sweep-52,run_3b04a50e69b760109ce5a4a99cfec242,0.43178045749664307,4.2422667482804455,1.6250316896092647,4.04047359825803,1.9017687934301963
52,light-sweep-53,run_7f7bdec4add490ca0bcad4bf87f2386c,0.5830248594284058,2.408158900591183,1.503126242652853,2.0044365813826905,0.31900189513581867
53,mild-sweep-54,run_82f12195f19b9d127837ed07c45ad32f,0.637779176235199,2.6309834810250665,1.4254900327861768,2.2100979858464895,0.5426784586228685
54,quiet-sweep-55,run_8fbf654b13b7293e92d37f28fb96377a,0.5931078791618347,2.6755040183859724,1.428536929526621,2.3053620032661963,0.45110549589387205
55,splendid-sweep-56,run_a9f9d1b372171f603b4096da73325a8a,0.5691129565238953,2.5728642336547978,1.515774267839081,2.2409635274904742,0.3277700568540747
56,deft-sweep-57,run_97eed736a0a68865a02d58fb727428a7,0.6025526523590088,2.9838608926295547,1.399027476417564,2.704327708219925,0.5388629185091596
57,glad-sweep-58,run_5e197610517e3abd3a99fddc5e602e00,0.4293554425239563,4.138311323689822,1.5672737149493248,3.941943385955362,1.7259001895135824
58,sleek-sweep-59,run_a4510b8ff412c3f5422689bd34d862d0,0.6034460663795471,2.1632294346255168,1.461206371090048,1.704491017964074,0.2777132027795337
59,magic-sweep-60,run_66aa2d4c7bb7b481255dbb9ca1a0b184,0.7544352412223816,2.84800941778995,1.5129891610347208,2.501551442569407,0.8342008843967157
60,prime-sweep-61,run_2486cc184b07e44e91619df430ea336f,0.5512444376945496,2.58986949788911,1.3717867392454586,2.262901469787698,0.38363866077068975
61,golden-sweep-62,run_ca24218f06904cae5f09622064b712db,0.5763880014419556,2.5140207386750903,1.4466258605446551,2.17204681545999,0.3193556538218572
62,trim-sweep-63,run_75c5872a96eed77ec5d0218ff8f96d31,0.6654754281044006,2.7313521723921643,1.462976029442551,2.320114316820904,0.5905369551484527
63,misty-sweep-64,run_58d79ff33a4ee9bd6bcb63e4e96602d2,0.5414167046546936,2.3728019075811786,1.5386636557709754,1.948203592814372,0.35826910928616523
64,lively-sweep-65,run_33f7c24c9fd83102d9d6bfb7b7445dc3,0.43178045749664307,4.2422667482804455,1.6250316896092647,4.04047359825803,1.9017687934301963
65,radiant-sweep-66,run_36d781e09dd22102be00524466fca135,0.5841735601425171,2.798402486445835,1.3411500171981532,2.612166575939032,0.32883133291219396
66,absurd-sweep-67,run_e9ebd2152c4ea2c3cdb511eea675443f,0.5286535024642944,2.622438114563132,1.4689501803573937,2.344229722373436,0.456588755527479
67,solar-sweep-68,run_4b4f00713c470e00fb2bb2050cb4e569,0.5951499938964844,2.428482170501929,1.4177147383069768,2.054735982580294,0.3197599494630456
68,dashing-sweep-69,run_ed575dd8df97499029160784394d382a,0.5826420187950134,2.2743228078545092,1.5107418027781825,1.822781709308656,0.30280480101073864
69,ethereal-sweep-70,run_5303e0096d5d6ebade7cb0dfb26495e0,0.43178045749664307,4.2422667482804455,1.6250316896092647,4.04047359825803,1.9017687934301963
70,elated-sweep-71,run_166ec90b35da4a2c4d286585c74ab95a,0.7705169320106506,2.757715298490708,1.5223219726086523,2.398666303756125,0.8753126974099804
71,vague-sweep-72,run_8403a4ea33180d4737add1cf5f7c3043,0.6756860017776489,2.918549514673933,1.5195353237482236,2.5963255307566704,0.6419835754895759
72,usual-sweep-73,run_1bec2484add6daac6591dbd2579f72a4,0.5252074003219604,2.2957545506395673,1.47321222533123,1.832416984213392,0.2812760581174983
73,clean-sweep-74,run_e535acbeba13563954ca9dfcee478bac,0.5578812956809998,2.0502299224278224,1.5363585714544727,1.5546815459989116,0.1997346809854709
74,sparkling-sweep-75,run_2a79304d340c52c0040357564455830e,0.5659221410751343,2.339409209736418,1.5118698681072225,1.9389493739793142,0.30242577384712693
75,legendary-sweep-76,run_8862d73a32e1b87d50b4db46c04927b4,0.58379065990448,2.690481713279849,1.4203086388062651,2.369324986390855,0.4585091598231207
76,avid-sweep-77,run_661b1b7774b1255791cdfac77a7cf520,0.5920867919921875,2.70282537005533,1.4604986016651889,2.365405552531303,0.4356159191408714
77,fearless-sweep-78,run_3f1e5a466b4a26863953da7dee936f96,0.6125079989433289,2.777641622405013,1.417933235977996,2.515922700054438,0.5460138976626655
78,northern-sweep-79,run_0e556845137cd6f6376511fa213cbcd4,0.6870453357696533,2.8162099861243335,1.4612264331122489,2.544120849210671,0.6605811749842065
79,driven-sweep-80,run_05ffe4019714a13faf19c345288d4ffa,0.5657945275306702,2.234914655219834,1.4447518533229011,1.7564779531845403,0.2726847757422614
80,stellar-sweep-81,run_df53c7efc9fbc6982bb1cd12669edd70,0.762093186378479,2.4923142292362552,1.4922370200851154,2.0792324442025043,0.7046493998736584
81,treasured-sweep-82,run_a071eaf7884ff4cf13224324331cae9b,0.5978302359580994,2.5578997988519037,1.4161716154502646,2.2049265106151346,0.39025900189513496
82,distinctive-sweep-83,run_6148cc7a5e9d9635da8c7213ea9552c0,0.6418634057044983,2.6528316091138255,1.4061950190751211,2.3639902014153513,0.35622236260265294
83,deft-sweep-84,run_2d249feb9fa330b879c3202ec693ea26,0.5917038917541504,2.768487798732983,1.3703868230848852,2.503728905824715,0.4013518635502212
84,leafy-sweep-85,run_7e4066ed1a0f3bed8ed57e1d679a98d6,0.6017868518829346,2.979017511731171,1.384634945218591,2.731001633097442,0.38411876184459903
85,pretty-sweep-86,run_9c73836fe78dc3c6e285e63ea35b387e,0.6437779068946838,2.585491518069351,1.488586613236946,2.203293413173654,0.49514845230574844
86,polished-sweep-87,run_b2c313b7caa95652d47bb7e762f8e02c,0.5310785174369812,2.1947105949269208,1.496384134662145,1.6999183451279265,0.2476437144662038
87,dainty-sweep-88,run_181be64aa437d79ccfb5b10a722b9d56,0.5979579091072083,2.598671259242299,1.3934453695792783,2.2742787152966804,0.44782059380922246
88,pleasant-sweep-89,run_7410178237b0f242c57ed28507b506f3,0.5982131361961365,2.234696815422924,1.402463910750878,1.772536744692434,0.3534175615919138
89,driven-sweep-90,run_65d60bfabcd55624bc0d8f7752a7e624,0.5943841934204102,2.9334515566555743,1.369644036734381,2.7192977681001644,0.45739734680985566
90,dauntless-sweep-91,run_37fa79a9793b2b0cdfa523df91fae1f8,0.43178045749664307,4.2422667482804455,1.6250316896092647,4.04047359825803,1.9017687934301963
91,skilled-sweep-92,run_d6a5a6ee1a24b429f9c793d6ec0fae6b,0.5701340436935425,2.738177810823246,1.3878337043206357,2.5004082743603715,0.3539229311433996
92,stellar-sweep-93,run_cadecc4ec58bbec2286b2e96f04b49d5,0.6061263680458069,2.355725913644847,1.452283251428302,1.9249591725639639,0.3229437776373977
93,eternal-sweep-94,run_14b2e6801b195443f72daf8f1fa35f28,0.5636247396469116,2.785594302028322,1.3679277668191372,2.5695971692977695,0.3596083385976009
94,fresh-sweep-95,run_0553858b6ac9bbea9dcb5f8e935c0bf8,0.7333759069442749,2.6218093383671484,1.4575384586804403,2.2206042460533486,0.7103095388502859
95,northern-sweep-96,run_dcad49d11a9ad0232db2a053e543af1d,0.6192724704742432,2.6087186837283083,1.3469790952293577,2.308356015242244,0.4257359444093494
96,stilted-sweep-97,run_b48f47c23b6c995497e565b777c97bcb,0.43178045749664307,4.2422667482804455,1.6250316896092647,4.04047359825803,1.9017687934301963
97,toasty-sweep-98,run_c26f28a4e949de6548b8c02ec1ab89e8,0.571793258190155,2.905101089318591,1.3569123422534792,2.6932226456178556,0.3895767530006322
98,clean-sweep-99,run_641b1c4786a4417e72c3cc953b2cb876,0.6200382709503174,2.607248243460857,1.4471958396875724,2.2676374523679916,0.43498420720151526
99,dry-sweep-100,run_db83cdf3f9c1e229c5bd6d3cbee762c8,0.5739629864692688,2.644802616581352,1.420993030362083,2.3995917256396297,0.308111181301326
100,autumn-sweep-101,run_0499c71789841ee2bd9c4a382c21ad7f,0.5701340436935425,2.592809493714477,1.387617466413262,2.288922155688623,0.48423246999368286
101,crimson-sweep-102,run_4ac7e6fb78f4061c7aba389ed0dfcc2b,0.7729419469833374,2.6201440829179536,1.482369460847133,2.26192161132281,0.764485154769426
102,zesty-sweep-103,run_2f7ebc46c04962564a70787e84f2bc54,0.5546904802322388,2.547123335782486,1.4457473734020103,2.2430321175830166,0.3112697409981045
103,sweet-sweep-104,run_6ddfe849679412cecb5f29ef364e651b,0.5813656449317932,2.192617255069909,1.481431035629745,1.7001905280348406,0.2907770056854086
104,fancy-sweep-105,run_e53e510bc17972406d053f6915f159fe,0.5174218416213989,2.7100090307502183,1.6738444724917243,2.398938486663038,0.3203663929248266
105,dulcet-sweep-106,run_1a994117ff42909488b8e6230bf82b5c,0.7411614656448364,2.706893714635328,1.4589180471448666,2.3490745781164963,0.7304232469993672
106,logical-sweep-107,run_53501badc3d50f4d7de3d483837e7a99,0.7717932462692261,2.5971496907245646,1.4980377566812388,2.2276265650517173,0.8857233101705625
107,colorful-sweep-108,run_d2390348850a58a252d34ccc9cdb456c,0.5560944676399231,2.9953590195860995,1.3877117873357636,2.7619216113228107,0.4701579279848394
108,trim-sweep-109,run_700393efaf0c49739d8f5227fcab45e2,0.6015315651893616,2.8319387715160684,1.3818076403174049,2.5910996189439315,0.4589639924194562
109,laced-sweep-110,run_4e472a61dff57d48a552089f19ec0a7c,0.581110417842865,2.2942040753502515,1.430210322939749,1.8415078933043005,0.31642451042324804
110,blooming-sweep-111,run_d6c57689bd21f76c3bd50a6795ad0191,0.584045946598053,2.7962841090157204,1.43089451297453,2.45484485574306,0.4807959570435881
111,dandy-sweep-112,run_35d636f01883402d79e294d91e66eb99,0.5922144055366516,2.8486601111745995,1.405278955930415,2.5764017419706056,0.36120025268477607
112,still-sweep-113,run_f86f916b4e2d8dfb3af0c460255c9b47,0.43178045749664307,4.2422667482804455,1.6250316896092647,4.04047359825803,1.9017687934301963
113,divine-sweep-114,run_0f7ac556f0b968062bd019d34a0e8fa0,0.571282684803009,2.9373409070208196,1.4149333598696108,2.7075394665215042,0.4232090966519269
114,distinctive-sweep-115,run_bc69a1fe03d25d88657972504b1fac21,0.564773440361023,2.694316435094409,1.401169684394879,2.4551714752313556,0.3387365761212894
115,grateful-sweep-116,run_282627d764ab5301cb3e652464ca0b59,0.6215698719024658,2.6876191380931114,1.2956297814809965,2.4777626565051722,0.34629185091598336
116,genial-sweep-117,run_1b70e8c9f3f136ac682d5bac5a8af19c,0.6553924679756165,2.5452223006742045,1.4590776600357993,2.1796679368535674,0.5142514213518644
117,lunar-sweep-118,run_5fedfeaf63db00c5978cd739cee96c43,0.5471602082252502,2.7590538046505664,1.426418670596985,2.4867446924333154,0.6490082122552125
118,serene-sweep-119,run_03b8eaf34a8a238fe086df41fe60660d,0.6445437073707581,2.5829114753948774,1.4448857987052928,2.171502449646162,0.6291977258370184
119,lively-sweep-120,run_72fdb6c55ae8d7998903b1281945cc74,0.6271857023239136,2.874348499602561,1.3567825365111754,2.641725639629832,0.3811118130132664
120,chocolate-sweep-121,run_0d2385939927118213c4c8782cf2ffeb,0.529802143573761,2.341935976005471,1.5538765610328975,1.938731627653785,0.4033228048010102
121,azure-sweep-122,run_1dd4a5e7de175a764bd75606d5406669,0.5610721111297607,2.9111836758815635,1.261274170427053,2.791426238432227,0.5071004421983583
122,eager-sweep-123,run_fcdbd0413de8c3b936eba7dc7dddc8b8,0.7611997723579407,2.585587008891827,1.502566185705963,2.1556069678824175,0.8318761844598873
123,earthy-sweep-124,run_aa5299189f752fd87ccedb57d52af49f,0.5734524726867676,2.714227714731807,1.4179709453123053,2.444991834512794,0.3605685407454212
124,rosy-sweep-125,run_88fd6c5a52155f04ce24360a449629c9,0.7708998322486877,2.8134920683371702,1.5257548605591271,2.4912084921066957,0.8386481364497798
125,faithful-sweep-126,run_5980ca5557545d555eace5f2333ef298,0.6098276972770691,2.725156073123803,1.385540417457949,2.439167120304846,0.4495388502842712
126,comfy-sweep-127,run_088b864695afbab129429626806c3529,0.5777919888496399,2.843784674047235,1.3195591166739813,2.6623026673924883,0.39627289955780176
127,fancy-sweep-128,run_25ac29bd0e219224394f9f8c11b15e23,0.48627951741218567,2.588561819776664,1.5843793098109429,2.321203048448559,0.350966519267215
128,gallant-sweep-129,run_6b30381d2ad96b58b455b9fd9e505dbc,0.5774090886116028,2.235326432571958,1.371271736970925,1.8495100707675567,0.2742008843967151
129,olive-sweep-130,run_298f3fce0fcd0541fbb7fa08d8e2e007,0.5480536222457886,2.7400068239987685,1.2982330044908297,2.53236254763201,0.48850284270372757
130,skilled-sweep-131,run_ef62674ab50befe50a790506a3f6c008,0.6162093281745911,2.881079143389884,1.4211140252271357,2.618372346216658,0.42808591282375347
131,snowy-sweep-132,run_06f42425619db8d6553a5c513dc4ca7d,0.5931078791618347,2.7730529712287053,1.4559591902022138,2.4903375068045737,0.39647504737839695
132,jolly-sweep-133,run_c43c641242be5ea156bb7c4e5b20a9c7,0.5670708417892456,2.3991167789769707,1.5795978030359097,1.9378062057702783,0.3133164876816165
133,fast-sweep-134,run_85da24bf173ff64b990981fef29b9657,0.5906828045845032,2.903469463253961,1.4339157793144277,2.6292596624931956,0.3988250157927981
134,icy-sweep-135,run_6bca03331c1ddbc056bef4f0beeb4306,0.5626037120819092,2.5751546036432047,1.3918699797773262,2.265133369624388,0.45034744156664624
135,resilient-sweep-136,run_66ef2e0ed7b0970e99c618dfbc6dbfa2,0.5831525325775146,2.717415270005356,1.4744419119326508,2.451633097441483,0.34927353126974114
136,vocal-sweep-137,run_027a3ada69519779a76b808b6c8f5143,0.634843647480011,2.822194441960785,1.383184793640087,2.5365541643984777,0.34566013897662584
137,clean-sweep-138,run_caf3a8f7709d8c9bfd36df7191713514,0.5483088493347168,2.6663668014022988,1.3822546435857546,2.3544093630919996,0.4297536323436528
138,jolly-sweep-139,run_9d1d8003c8ff2944c0f1e7b2a91930be,0.6113592982292175,2.7329756053448615,1.4368235182474365,2.4198421339139915,0.5388123815540112
139,rosy-sweep-140,run_e7c2f2a948f6b162cab155e8dd7e171f,0.5282706022262573,2.2679960576054574,1.4970504565189078,1.7801578660860098,0.2753885028427046
140,polished-sweep-141,run_618cb8a55f614d8d1598bf96e72fd732,0.5656668543815613,2.7769825221305897,1.421018629317919,2.4761295590636916,0.416411876184461
141,still-sweep-142,run_7bba2d262c755a217b23a458723a2e06,0.536183774471283,2.307061291231616,1.5309830868761998,1.918263473053893,0.4238660770688567
142,grateful-sweep-143,run_07016aeab316d1dc05d54b4bb2f58ff4,0.5619655251502991,2.780682223463975,1.380801992632054,2.5360642351660316,0.3457864813644987
143,olive-sweep-144,run_f4e2014d84f630097f0a6de86d107beb,0.6645820140838623,2.826577892991995,1.4778890450040292,2.4534839412084937,0.6356159191408719
144,robust-sweep-145,run_e8b1fea66e64b1cd052f193f7a252ff6,0.6048500537872314,2.1737207107457825,1.5020591894707116,1.704980947196517,0.2965887555274809
145,floral-sweep-146,run_4957d38d5f5a6af220382ab4dbfec87d,0.6103382110595703,2.3951210851624,1.4034892083728854,2.0004082743603715,0.32142766898294395
146,leafy-sweep-147,run_9d6b2e1fd65c04d75a42ebe2e1017811,0.5922144055366516,2.7213766024233115,1.3908335126180975,2.4492378878606433,0.40481364497789085
147,frosty-sweep-148,run_8f3d0cc2863d9aff75008bc3af0acd03,0.568602442741394,2.2636095870043773,1.5905318522389402,1.798176374523681,0.31273531269740934
148,crisp-sweep-149,run_4c38848d82f963945a251db368e09a3c,0.6016592383384705,2.2393012698883865,1.4725588363547155,1.7728089275993473,0.3334554643082761
149,deep-sweep-150,run_04c9033678146a3cf072bb95db576ac8,0.5719208717346191,2.374239264434787,1.5273006455801523,1.9732444202504087,0.3062665824384081
150,dainty-sweep-151,run_5f87a45dc97d37670e9b3113b51b7001,0.5559667944908142,2.2919631365653355,1.478906800677826,1.9344855743059348,0.3002526847757425
151,dazzling-sweep-152,run_993a3bcf7ff6036cc01298544277653a,0.5511167645454407,2.478080934153806,1.4787508358914778,2.1596352749047365,0.33416298168035374
152,quiet-sweep-153,run_e0cd73c69f7f1dc2357dbcbe9a456f2d,0.600127637386322,2.429335842704688,1.5285582172425949,2.0847305389221558,0.324763108022742
153,warm-sweep-154,run_0efd35a8c26d971c4b65d9f556c524b0,0.5871091485023499,2.7327984063797084,1.446462941426092,2.4340500816548727,0.3278711307643709
154,still-sweep-155,run_bb922f68652105d41d940cfe564f2ef3,0.606509268283844,2.547865613750022,1.4891531742361752,2.1549537289058263,0.41204042956411974
155,efficient-sweep-156,run_01eecce990ccedd2fbcb295a82027429,0.7383535504341125,2.6607238946725262,1.436151300965524,2.365187806205772,0.6899431459254584
156,solar-sweep-157,run_a63991cc92105fd1b21b1f13b5a38a0b,0.5518825650215149,2.526833727747265,1.5159747460495037,2.2192977681001635,0.3219835754895779
157,amber-sweep-158,run_11c661f571cc20c9df581e481087f246,0.5710274577140808,2.8560228495596975,1.3598306936682858,2.649074578116496,0.42472520530638075
158,genial-sweep-159,run_f09389514e619a168b5c99cd1092a977,0.5232928991317749,2.149450921635073,1.48636460303284,1.6539194338595535,0.29183828174352533
159,avid-sweep-160,run_50741a084e89117bce97e6a3562dad3c,0.6185067296028137,2.961733387818167,1.4273263685521371,2.700571584104521,0.43804169298799805
160,vocal-sweep-161,run_f9ce88ca5b6b8e5cc2684faec96cd8e5,0.5761327147483826,2.646741493189723,1.376806506698823,2.3979041916167674,0.3278963992419473
161,peach-sweep-162,run_751bc90652875a4cdea3da193497efe2,0.5813656449317932,2.6603129096215015,1.4582153013134442,2.2863091997822544,0.40951358180669756
162,distinctive-sweep-163,run_82c426594a83ac6906135d2765e3b20a,0.5693682432174683,2.67753078484726,1.5728094000261357,2.3159771366358206,0.3973089071383449
163,graceful-sweep-164,run_c1629bf897f160e89f601ee689b5cd52,0.6299936175346375,2.5075387806435914,1.4080643926172822,2.1679640718562876,0.30914718888187015
164,young-sweep-165,run_c15e093fe9b21dfc9fef1431e7a86d45,0.615571141242981,2.714156672263637,1.4750525878937322,2.353102885138815,0.5019709412507903
165,misty-sweep-166,run_8c2fd57dfbfc8a4dcb8153b6fcec07ff,0.5606892108917236,2.7892973777085737,1.4032221380093866,2.561377245508983,0.33378395451674187
166,comic-sweep-167,run_85fba7cddb0327511a9c0c48806fd007,0.5101467967033386,2.367280957297877,1.4942495205815605,2.0160860097985855,0.3348704990524326
167,golden-sweep-168,run_118e9c5fcc3c5eb34c80752977501126,0.764773428440094,2.633555387847094,1.5435023211180907,2.2565868263473057,0.8562602653190147
168,dazzling-sweep-169,run_9f484b0f5f87772d126370340d5ace25,0.4594767093658447,3.2753191339818093,1.544280746644417,3.0753130103429513,0.6494630448515483
169,deep-sweep-170,run_7e9f0bccb393d9d615db8b80d38efed8,0.5594128966331482,2.410669650835232,1.5446207998945676,2.0293685356559616,0.3293114339861026
170,fallen-sweep-171,run_988e77391a4ac378e49a0de3783f12dc,0.5877472758293152,2.7937191033176503,1.3603467769866715,2.5694882961350025,0.42126342387871124
171,chocolate-sweep-172,run_6a64e61c7ef9c1cb947b6eba8b05eff4,0.43178045749664307,4.2422667482804455,1.6250316896092647,4.04047359825803,1.9017687934301963
172,legendary-sweep-173,run_fba5f9eeed3ce24d912076c36c800a98,0.6746649742126465,2.896308205839839,1.4517619618583162,2.5400925421883507,0.6493114339861037
173,proud-sweep-174,run_617a2675d795441aad41a7ecd81a1094,0.5948947072029114,2.6184589703293097,1.3179994872582006,2.406995100707676,0.33481996209728415
174,atomic-sweep-175,run_6331107eefb56766fe6ce32d3f1e5cf7,0.5609444975852966,2.795757298792646,1.3455857326735492,2.576238432226458,0.35594440934933774
175,light-sweep-176,run_a08f66d6d3295c5750247d88d49e8c55,0.6186343431472778,2.6072755601152204,1.4192536303331071,2.246679368535657,0.5324952621604552
176,atomic-sweep-177,run_ca84b588a1508f4a2e95a7332d6c3699,0.5719208717346191,2.323600481370011,1.4889116249250358,1.8637724550898211,0.3928111181301336
177,radiant-sweep-178,run_d1a4832fd93ec0d4e65e3fac3ef57c6a,0.5671984553337097,2.7332447413337526,1.3121451425739934,2.511023407729995,0.35561591914087204
178,leafy-sweep-179,run_87d060488ea018275746b7d20d354941,0.6019144654273987,2.8835302233103,1.4515646568766754,2.6029123571039765,0.4054453569172469
179,polished-sweep-180,run_8926cbd4b765e684f927bbb7a9051d3b,0.5074664950370789,2.1892643079429313,1.5298147678510692,1.7658410451823638,0.3789387239418831
180,visionary-sweep-181,run_97d1f95adc1025d12c9c16b0be1e2053,0.5945118069648743,3.0153381341546135,1.381176887676207,2.821094175285792,0.5758812381554007
181,floral-sweep-182,run_ea7d7c56e1527a1462f8b0998d8e97aa,0.7088704705238342,2.6546383930522106,1.4852136491900063,2.2022591181273823,0.6659380922299443
182,solar-sweep-183,run_92297382b9f3aef036b1ccf9f4c32b44,0.5670708417892456,2.6786291205899926,1.4264327325350756,2.414017419706044,0.3616550852811118
183,woven-sweep-184,run_1ecdeebcf87625615484c8828caf43f1,0.5636247396469116,2.364466854879692,1.429004308899852,1.9203864997278175,0.3494504106127608
184,solar-sweep-185,run_5fe06a4e7bfb70dcf99b2c8ddaf89da2,0.6297383308410645,2.638857638755782,1.3720910660511718,2.2720468154599898,0.46932406822489026
185,royal-sweep-186,run_06cbbb83d2c18ec92644790de660744b,0.6887045502662659,2.4082163360576776,1.460663974354279,1.9912629286880796,0.6562855337965882
186,trim-sweep-187,run_1e4d836ee2ed14ffc8b2c5df21b136e1,0.6022973656654358,2.3295141755664885,1.3821293898423808,1.9590364725095268,0.330423246999369
187,daily-sweep-188,run_3e923b471f1195897931cb5a02f817b9,0.6231014728546143,2.64401482800373,1.4087647299573445,2.311622210125205,0.4468603916614026
188,earnest-sweep-189,run_c3b5bebc6ea4cafbccec85f18545d8a7,0.4944479763507843,1.9536131739389504,1.579230073959372,1.471992378878606,0.5733038534428292
189,soft-sweep-190,run_6490a94da9a16ba1d8ecf22c8f3f59b6,0.594001293182373,2.815646669003071,1.4925491173076892,2.528388677191072,0.4191661402400501
190,distinctive-sweep-191,run_713d9a82a64d6e461a7743de5606d9e5,0.6462029218673706,2.7131724163525046,1.3784732119647578,2.4327436037016894,0.3698926089703093
191,good-sweep-192,run_19bf7b5379afdd93540267d791809945,0.5910657048225403,2.712784096123982,1.3572706339345322,2.4879422972237344,0.6788502842703733
192,dutiful-sweep-193,run_5705e76bdd7d36e1a608da609dace8c1,0.6834716200828552,2.716102543968468,1.4632025359769445,2.298611867174742,0.6086291850915992
193,glorious-sweep-194,run_8a8960d3e763fb9ce39dd4f9388640f7,0.6336949467658997,2.5951215549256643,1.4161028727665137,2.239548176374525,0.50202147820594
194,visionary-sweep-195,run_e84a2ea25d9fdcfca90510a6c198a4d5,0.47415444254875183,2.5682276290485984,1.626423185466665,2.2257757212847045,0.3332785849652555
195,clean-sweep-196,run_c611c23528aecbb52f4e0d16911463d2,0.4948308765888214,2.326442665980382,1.8122000917572751,1.8925149700598811,0.5448768161718254
196,ethereal-sweep-197,run_f17de933d59c17239e09cb4fd1c5d971,0.43178045749664307,4.2422667482804455,1.6250316896092647,4.04047359825803,1.9017687934301963
197,golden-sweep-198,run_3f2134c471e8fa750b9fb2083b71bf32,0.6051052808761597,2.84748067986703,1.3531564932114546,2.56252041371802,0.5331522425773841
198,light-sweep-199,run_12a5feafcf0c8d3d1bbcb5af3b777fe2,0.5206126570701599,2.3325688320750366,1.5053822841763815,1.939330430048993,0.31591914087176454
199,glamorous-sweep-200,run_7c888d91a10b38fd98dab43f9d384a42,0.5881301760673523,2.635714609094619,1.4243628748291586,2.3791235710397385,0.34118761844598955
200,efficient-sweep-201,run_7d4a8054b3aabb3f56db65ef33c8a22d,0.6005105376243591,2.319252788130617,1.4156822888355511,1.8802667392487764,0.36994314592545885
201,stellar-sweep-202,run_8e733114c0371852b253e83da719c42f,0.6024250388145447,2.7101013461284618,1.383992142937129,2.4921883505715847,0.41363234365129553
202,soft-sweep-203,run_d8271420543295a4d67004fbe21ae83f,0.5957881212234497,2.743210720185374,1.4246529367002532,2.454572672836147,0.3792924826279217
203,confused-sweep-204,run_5f67ed62885fd6336ffb6d901507e5b8,0.5946394205093384,2.8149902973551795,1.484063796454239,2.531056069678825,0.44663297536323454
204,lively-sweep-205,run_79c0d0514a78a16b56a7503147ded7e6,0.43178045749664307,4.2422667482804455,1.6250316896092647,4.04047359825803,1.9017687934301963
205,daily-sweep-206,run_b117c442c5096478712e80bc68b745b9,0.6082960963249207,2.556885336213205,1.4033300470119423,2.225176918889496,0.3817687934301963
206,silver-sweep-207,run_68b0fef5e1895d4c9572a0cda58b2857,0.5984684228897095,2.671747744147714,1.389174777590079,2.3967065868263475,0.5197346809854714
207,splendid-sweep-208,run_218bc61db06e107eb93786fbd5dfd137,0.5689853429794312,2.4751056564683394,1.4293942431892417,2.1193522046815456,0.39078963992419524
208,hearty-sweep-209,run_67c8b480f4e95705905896f9f105ce84,0.6008934378623962,2.318576836908888,1.4566088493059988,1.8514697876973336,0.3441692987997472
209,helpful-sweep-210,run_a005fab6dfefae7e993cb99631f372c3,0.6116145253181458,2.361766807043824,1.487996826940733,1.9632825258573767,0.3022488945041063
210,fluent-sweep-211,run_b5d5c2e55e9620ced0296e37d8e0cb8a,0.6208040714263916,2.622706427350636,1.4116853847153596,2.286254763200872,0.32966519267214234
211,avid-sweep-212,run_0a7abae62a4fe0ad44d9a53403f9c19b,0.5286535024642944,2.440656298387669,1.5708858911757348,2.0954001088731644,0.33727100442198354
212,northern-sweep-213,run_281c993e364eb049aabba68d4826e84a,0.6093171834945679,2.3446490878566157,1.412550192563352,1.934921066956995,0.33211623499684206
213,devoted-sweep-214,run_0129f2135a27de17cb33467f118b66a3,0.49968090653419495,2.4749293348811885,1.5536162373292142,2.11516058791508,0.3219330385344275
214,swift-sweep-215,run_a56f40fc26d4b45cb963665fec1aed78,0.5456286072731018,2.5670083003932627,1.3793025115383812,2.30645073489385,0.42518003790271697
215,smart-sweep-216,run_bb688ee54881aebe3be6744220ebee5b,0.5479259490966797,2.739452990356543,1.386537498330016,2.5264289602612955,0.3324447252053054
216,devout-sweep-217,run_4ccb17d0ab5ac5b67106afd91ed1c21b,0.7296745181083679,2.888127591490203,1.486821297106171,2.6612683723462167,0.7431838281743526
217,easy-sweep-218,run_beae86e16c99b842232e9f5508c9405e,0.6199106574058533,2.749606005750526,1.3531174332391025,2.489902014153513,0.3910170562223628
218,dry-sweep-219,run_78c91a2a79ad6257443c12704880f61e,0.5929802060127258,2.798668752587624,1.3254464548681677,2.5157593903102895,0.391320277953255
219,eternal-sweep-220,run_756323b2310e65f44b4baac27f82e00a,0.6119974255561829,2.678169388817433,1.436268239918192,2.3546815459989117,0.4270246367656362
220,warm-sweep-221,run_7f82870344ace04aa640210feceb46f0,0.5253350138664246,2.3664298169719893,1.7008531003988925,1.9939303211758306,0.44961465571699216
221,noble-sweep-222,run_2aeafd274570392253de1ac4b0e0eb88,0.5155073404312134,2.4407945403193247,1.4351912619065563,2.0771094175285807,0.3432596336070759
222,peach-sweep-223,run_1442e5042f10e4d067113e306fe9a4c4,0.5578812956809998,2.369489154717329,1.3828942246334628,2.024088187261841,0.3069235628553392
223,glamorous-sweep-224,run_3d92dc935731965af10d1215b7fc4571,0.43178045749664307,4.2422667482804455,1.6250316896092647,4.04047359825803,1.9017687934301963
224,swept-sweep-225,run_9134792dce7012e806aca1be59c37473,0.5231652855873108,2.8284655449639287,1.2723894014212678,2.6914806750136093,0.43238155401137224
225,legendary-sweep-226,run_ff4ed3d714420bf3b2d0b8f160585ace,0.5425654053688049,2.7287185406486105,1.4543514587168491,2.46213935764834,0.34083385975995006
226,icy-sweep-227,run_5423c889f6dbd7aec15adba4b5967629,0.7632418870925903,2.636095105917404,1.522874477251879,2.2317637452367998,0.8205559065066342
227,cool-sweep-228,run_c16c880bdbf059fa17ebe96efdf8bdde,0.5363114476203918,2.8837467013216167,1.3355856791729035,2.7226728361458905,0.4106001263423891
228,neat-sweep-229,run_bee8317b1b043d535f94507beafebf2c,0.5785577297210693,2.781118206349564,1.415504204721233,2.52506804572673,0.3353253316487699
229,crisp-sweep-230,run_a5c80334c8b9c2e6b7d6cddb0a7e7017,0.7372048497200012,2.6648436063564653,1.4712594253766786,2.25685900925422,0.7455590650663299
230,glowing-sweep-231,run_0302912f6c819cba0868c8de53b5627e,0.6178685426712036,2.657772793317822,1.4688359695348638,2.301442569406642,0.43940619077700593
231,dulcet-sweep-232,run_2f269621374abf1b8a9f6e002df92852,0.5608168244361877,2.5582342354691,1.3815460648720452,2.2930048992923253,0.5353253316487678
232,deep-sweep-233,run_d95630395421fe360ee40172b559fa98,0.49712827801704407,2.642487168420501,1.5336097970255456,2.2247414262384333,0.534440934933671
233,silver-sweep-234,run_48f87d44fbc8071d52a1f87ef27cb0ac,0.5038927793502808,2.2971087772657275,1.48705182802076,1.8673108328796972,0.33792798483891257
234,young-sweep-235,run_7d98d6678a28f104ff519fdc18f35edc,0.5417996048927307,2.1589651353911696,1.5168164145797751,1.6473326075122485,0.2617687934301966
235,true-sweep-236,run_7b42c4c02a73c12137013ee3e0b7c9d7,0.5604339241981506,2.842352311478491,1.4453059499427814,2.5658954817637465,0.34778269109286186
236,ancient-sweep-237,run_7d6e40f2f17202f44581ff4699325679,0.5950223207473755,2.5888732837309125,1.4862011028100193,2.244882961350029,0.3842198357548952
237,glamorous-sweep-238,run_16fa4a1678ed7fec9fab987874c3bdb9,0.6045947670936584,2.597514903744207,1.4485290547808516,2.2560968971148623,0.4239166140240045
238,icy-sweep-239,run_182c9a588cc897246594545a716e79ec,0.5402680039405823,2.4234298890158943,1.5552319817530382,1.9997550353837787,0.32221099178774537
239,dry-sweep-240,run_e6cf8c40ccb0d895f4a614c67f1a9fef,0.577919602394104,2.6139850564925395,1.528687029719897,2.258111050626022,0.3389639924194584
240,curious-sweep-241,run_59c8e1d928d65533bf9f77843ddbf1ee,0.6109763979911804,2.570676353238773,1.4459662912111824,2.235465432770822,0.4611623499684136
241,rich-sweep-242,run_f61be0c3cc1347b335074cf3dba957dd,0.5041480660438538,2.4987279306282515,1.4900533789403196,2.186363636363636,0.31258370183196565
242,morning-sweep-243,run_0a4194dae66ccbf0ae26ca9e913686cc,0.6222080588340759,2.6371993094797572,1.4926302898085793,2.254681545998911,0.3611497157296275
243,earthy-sweep-244,run_e5ed52fed53524205ece0f3c4e8337c4,0.5566049814224243,2.42066519888563,1.458074417182453,2.061867174741427,0.31096651926721414
244,autumn-sweep-245,run_e85b3f770de43387858598c91e93757d,0.543203592300415,2.0644641922887628,1.5237998763742218,1.5644801306477956,0.25706885660138973
245,major-sweep-246,run_18eed2f55ba27c80f5f3125a5d6ed156,0.5216336846351624,2.3920729016045947,1.7365673734483271,1.9464071856287428,0.3618066961465566
246,genial-sweep-247,run_308f7877db4203566d4f3912eebaa9d5,0.5572431683540344,2.4898738249695405,1.4420806047234889,2.1372074033750685,0.34204674668351204
247,visionary-sweep-248,run_04df1d90b5847cc51fbd7ac1047ea680,0.5751116871833801,2.4207047717642833,1.4475771616511883,2.0921883505715857,0.3069488313329122
248,efficient-sweep-249,run_333558b4e387025e974b050d71f74185,0.48947033286094666,2.6228476444911224,1.5826964807063115,2.2806477953184547,0.7970056854074541
249,lucky-sweep-250,run_8063a34be4d30d4e2496fb52710bf6b6,0.43178045749664307,4.2422667482804455,1.6250316896092647,4.04047359825803,1.9017687934301963
250,glorious-sweep-251,run_6395fb05ed4a191f6d0dfe14af4c2420,0.5851946473121643,2.306589157106581,1.48284748182251,1.897577572128472,0.3475552747946939
251,autumn-sweep-252,run_93ca9aa25a56875c279d83e07768ff03,0.6006381511688232,2.7935479933314653,1.4527162112970025,2.5070495372890584,0.38826279216677156
252,trim-sweep-253,run_9627b49e8f09b4ca2f2421fa650e7e0b,0.5740906000137329,2.4094158132318477,1.4042485577364678,2.052395209580839,0.2971193935565383
253,proud-sweep-254,run_07a718bb26bbb47a11ae1a8a4c393f46,0.6388002634048462,2.798227975046542,1.481052672488956,2.4410179640718574,0.5527353126974098
254,azure-sweep-255,run_422a9cdf8253cf929de18f642dd37fe2,0.5642629265785217,2.7943465927620124,1.3700250668955951,2.5626837234621673,0.33269740998104896
255,fanciful-sweep-256,run_c06af4eefbeda037f676ca93fdc6ac12,0.6236119866371155,2.6356550324190766,1.3966368319899471,2.330675013609146,0.37049905243209236
256,easy-sweep-257,run_a1ce0323cc83600805c3be13598b5606,0.6195277571678162,2.844970799128977,1.4291288422566353,2.500136091453458,0.5482375236891975
257,firm-sweep-258,run_2fe646297942e6a3766e1b603c53b459,0.565028727054596,2.797163804463236,1.2652221022993326,2.6648611867174754,0.4506759317751102
258,earthy-sweep-259,run_826bed2c84ef1f47123e07568a500bda,0.43178045749664307,4.2422667482804455,1.6250316896092647,4.04047359825803,1.9017687934301963
259,ethereal-sweep-260,run_1718bfbd5178df71cab3343d3f0f5c8f,0.5449904203414917,2.7216179398240996,1.401315715176297,2.497632008709853,0.33711939355653814
260,usual-sweep-261,run_1e9d3381e18dd479801d8f0c5740bd30,0.6518187522888184,2.932189693592378,1.5123107416865915,2.6369352204681555,0.6365508528111186
261,zesty-sweep-262,run_4ddb16ba65d5298827f3a183e5d87a7f,0.43178045749664307,4.2422667482804455,1.6250316896092647,4.04047359825803,1.9017687934301963
262,playful-sweep-263,run_b515e8661271f1bf7816f1ccf324e6a2,0.5227823853492737,2.2065378105594884,1.535345941441563,1.7010070767555796,0.2729374605180037
263,olive-sweep-264,run_5bee068e1d7009e71404c6264eea63a7,0.43178045749664307,4.2422667482804455,1.6250316896092647,4.04047359825803,1.9017687934301963
264,volcanic-sweep-265,run_a0422c2f532acb3a773b236b3a0fee46,0.6224632859230042,2.5969478467658593,1.3094119747260846,2.3721556886227537,0.49423878711307756
265,good-sweep-266,run_72e06f9c00088010429168d0b8d0ce13,0.5483088493347168,2.7007257402663702,1.3167202268073392,2.535737615677735,0.3392166771951998
266,pleasant-sweep-267,run_fd803afd144a42adbccbe09e1e46c0b8,0.723548173904419,2.628289950697269,1.4574553205695169,2.282117583015787,0.6741503474415657
267,lyric-sweep-268,run_497513d3ff09526a579dc19af351d888,0.6089342832565308,3.049932909108436,1.40606471810587,2.8306750136091448,0.5576626658243841
268,happy-sweep-269,run_6bc1cdf2c65fcc0e42500f41ea9af27c,0.5492023229598999,2.6712285642779876,1.4535956357179438,2.352994011976049,0.3924320909665207
269,twilight-sweep-270,run_b15baac3d60635d19357e7746fbccb78,0.5885130763053894,2.3476250816194897,1.5491110367091117,1.8337234621665763,0.3162223626026545
270,sunny-sweep-271,run_b90a589e64b745dd8ded7cea9c24b391,0.5832801461219788,2.4844115190161675,1.34791369505518,2.1852749047359836,0.3502084649399879
271,solar-sweep-272,run_22921a2fa461b601423e666a199bf8fa,0.5812380313873291,2.4226617139489997,1.5465985517272736,1.9820631464344047,0.35824384080859234
272,absurd-sweep-273,run_f762561458b7219fb5276e92cbaea531,0.5919591784477234,2.4801889703441007,1.4530341769174742,2.1102068590092546,0.40130132659507334
273,earnest-sweep-274,run_a5394a46e78c26566518de376462627f,0.5425654053688049,2.455414191336498,1.3222365836787489,2.1582199237887867,0.3283006948831344
274,fresh-sweep-275,run_c3926904f8b58487de7b64a7e45c95d1,0.6016592383384705,2.6886574228513767,1.419990486145068,2.424795862819816,0.386418193303854
275,curious-sweep-276,run_96355d8147475d2234adc31f1943bd22,0.5571154952049255,2.422888832208779,1.4319530360267507,1.9726456178551997,0.3442198357548951
276,earthy-sweep-277,run_b5e866c30de91bf8f568c90267e3a97c,0.5756222009658813,2.4929938709328443,1.5260290244084245,2.1539738704409377,0.28835123183828204
277,sweepy-sweep-278,run_0d7fe19494ccbb80233214966ba5f062,0.5783025026321411,2.4985751429729373,1.1816054774810234,2.3029667936853575,0.3488186986734055
278,rose-sweep-279,run_83cd5a6c6bad2a559cd3433e013f0595,0.6357370615005493,2.6722097264956095,1.4191961744305774,2.3488023952095824,0.38535691724573706
279,ethereal-sweep-280,run_adceca80e7142e02e15620b736d58968,0.5831525325775146,2.841514094627202,1.3136665142565147,2.6030756668481234,0.4135060012634243
280,leafy-sweep-281,run_3422ae9632ddde2aba8e6a0e362e316f,0.60306316614151,2.367530758314245,1.4531221555320717,1.914833968426784,0.3839166140240051
281,graceful-sweep-282,run_5d43fd78f14cb0381f28a40949cb1394,0.587492048740387,2.640946729820701,1.432780343527841,2.301279259662494,0.42232469993682936
282,pleasant-sweep-283,run_4593eae73101e4d5882cb4a048e3a509,0.5860880613327026,2.6703922531712827,1.4215024100362703,2.403184540010888,0.3050031585596966
283,graceful-sweep-284,run_97119be3d0cd47ed65702fffc92cf584,0.5543075799942017,2.7358020115657196,1.2900815221069923,2.559853021230268,0.34035375868603895
284,icy-sweep-285,run_8811a87685adc0dbe76ece3edf5b1a18,0.6173580288887024,2.6530802146372094,1.4338437536706,2.3160860097985863,0.47533796588755656
285,snowy-sweep-286,run_2240c4d7c0209af597fd9642f7531d86,0.43178045749664307,4.2422667482804455,1.6250316896092647,4.04047359825803,1.9017687934301963
286,zesty-sweep-287,run_dcff52a3dcb5e50fef6fbde9553a8286,0.6806637048721313,2.673044888321716,1.5239751473113867,2.2638268916712034,0.6975489576753007
287,comic-sweep-288,run_f11fcb1074829dcd705043d45c93b6bc,0.5666879415512085,2.32080835957591,1.4170263290422234,1.9006260206859023,0.29787744788376463
288,desert-sweep-289,run_c37cda272689282cd833701e0ebf78fc,0.6039565801620483,2.264771387699938,1.4710847048022253,1.797305389221558,0.32514213518635526
289,charmed-sweep-290,run_48e729ace1be3ff194d53e382a21b90d,0.5417996048927307,2.54640063976801,1.4063679397804885,2.204763200870985,0.399305116866709
290,treasured-sweep-291,run_be501db3da008d3a8a5d117dd500bf28,0.605998694896698,2.429354377159439,1.4425926962335451,2.0367719107240077,0.37153506001263376
291,celestial-sweep-292,run_3cd0e14f7a4277e80be4e6febd865311,0.5508615374565125,2.433955335710176,1.2742594042479054,2.1766739248775195,0.27485786481364516
292,splendid-sweep-293,run_9eb4b87724e01f0ed710e00eeece2114,0.618889570236206,2.520987625255746,1.423071230372953,2.154790419161677,0.36140240050537065
293,super-sweep-294,run_cef3d702ad3f25f28808fc17606f6526,0.6153159141540527,2.7119726488831746,1.410473440282186,2.369052803483942,0.5134933670246378
294,fresh-sweep-295,run_7c21a9925d2d0d12ec6b91b2706704f2,0.7005743384361267,2.669939317767389,1.5277582307713125,2.308464888405009,0.6809981048641827
295,lively-sweep-296,run_a21feea6698a7616902c34b791abec17,0.612890899181366,2.7357296635463335,1.4171305022584044,2.4013336962438765,0.5578395451674036
296,trim-sweep-297,run_7c2a61232218b12aaea4fdd737585720,0.7193363308906555,2.714797044834633,1.4856446164215589,2.322999455634187,0.6591156032849022
297,ancient-sweep-298,run_890a7a0ca6a30c6dadbf567b7282d05e,0.43178045749664307,4.2422667482804455,1.6250316896092647,4.04047359825803,1.9017687934301963
298,pretty-sweep-299,run_84af64996507bbb13bc7f5c0c2e93695,0.5560944676399231,2.5221911292168206,1.4962469614057654,2.162574850299403,0.44847757422615364
299,easy-sweep-300,run_98088f23e75122e34a899c71ff866897,0.5994894504547119,2.3594111896871497,1.4333419578242184,1.9482035928143733,0.329968414403033
300,cosmic-sweep-301,run_1a91c9f4d93a81a1c5f6363b612bb52d,0.4630504250526428,2.4719907653154283,1.7948641191337462,2.07367991290147,0.31089071383449135
301,fancy-sweep-302,run_f4dca68026872e5f2ef17ba84144bb8d,0.5728142857551575,2.407763616000848,1.5006797388307649,2.0280076211213944,0.3139734680985472
302,cosmic-sweep-303,run_90bb852733b26a2971da994059d6436d,0.558902382850647,2.4422632089690843,1.4373832368135917,2.0482035928143723,0.3640808591282374
303,northern-sweep-304,run_ea4a7abf2561498bfd6aed9da1be754f,0.6015315651893616,2.819230302277663,1.307510475080885,2.6389493739793153,0.4449652558433359
304,comic-sweep-305,run_69fb2d8312fd49b4e703e223a667057e,0.43088704347610474,4.19648851639022,1.595402951367681,3.9958356015242256,1.8019583070120024
305,eager-sweep-306,run_be6ce3da5ed86af9d6327a915188d090,0.433439701795578,4.2124067634511855,1.6082345023030704,4.007267283614591,1.8580543272267847
306,solar-sweep-307,run_a78c48b5ce5f22e34e92cc98af356724,0.5975750088691711,2.7544176479337534,1.416244023678351,2.475149700598804,0.39329121920404375
307,legendary-sweep-308,run_372eb43e9b683bf45b2de7e1da4d907d,0.5387364625930786,2.394878206162318,1.5405891616150178,1.9891943385955368,0.31397346809854737
308,rosy-sweep-309,run_43ba7aed17ae5f6b53334adcdeb2a973,0.5723037719726562,2.495198979907328,1.3550258850699328,2.234703320631464,0.41537586860391756
309,lucky-sweep-310,run_587c2633af7c746a37326124b7f30796,0.622080385684967,2.660855162431526,1.419144593758284,2.316358192705499,0.422653190145294
310,laced-sweep-311,run_55d131800cb71391b94d411404669142,0.5982131361961365,2.516712559505761,1.4583761591087512,2.1673108328796955,0.34851547694251434
311,bumbling-sweep-312,run_b97e2123d664ce9e02ab0d59fc71771a,0.5269942283630371,2.877907313259577,1.345033806649273,2.715269461077844,0.4403158559696783
312,floral-sweep-313,run_293766fd7bd23375f0b1844477ccb648,0.5255903005599976,2.48614638346712,1.4236834465929944,2.1042732716385424,0.2807454200884401
313,warm-sweep-314,run_548ed80b87b216b50d58c7a3afac0524,0.584045946598053,2.4418195083210024,1.4737510110267302,2.025557974959173,0.3831332912192031
314,different-sweep-315,run_535e8744b94ceb1818743cb0880a8a1c,0.5729418992996216,2.419087671322627,1.4348099156669665,2.0167936853565607,0.3723941882501584
315,autumn-sweep-316,run_e5b95de1d001afc4dc4bd25706c3137c,0.5959157347679138,2.8767449436975627,1.417067139062741,2.634158954817639,0.4055716993051184
316,valiant-sweep-317,run_928ce8485db9440b20e2050c2a3e3f75,0.5965539216995239,2.930105464497379,1.4162740647500094,2.671937942297225,0.4049905243209092
317,hopeful-sweep-318,run_a49b002a766b3b9eba1d59bb95b7656a,0.5914486050605774,2.8270352594424817,1.4196679088892408,2.5573489384866637,0.3571320277953253
318,atomic-sweep-319,run_5e39cd1f1dc90526b4739eb9277f3920,0.6279515027999878,2.693959940063103,1.4110450938069503,2.3488568317909646,0.49944409349336666
319,dandy-sweep-320,run_127334d0acc27ff2e010455caeb3e643,0.43178045749664307,4.2422667482804455,1.6250316896092647,4.04047359825803,1.9017687934301963
320,summer-sweep-321,run_8f1599a2017a79de68cc6d643507a5ca,0.625271201133728,2.69915874180208,1.500332919302006,2.3478225367446934,0.4987618445988624
321,olive-sweep-322,run_1a3c65f6f659fc2d9d9e75eef005212f,0.543203592300415,2.6318644039578185,1.3860468594035134,2.3649700598802403,0.5199115603284913
322,wandering-sweep-323,run_f4bb4d5b442089f27fc8cacc5572ce87,0.5911933779716492,2.7205217725149815,1.3626898503315736,2.4779804028307026,0.3218825015792792
323,rose-sweep-324,run_8242208bdd20ab9947b6c427c37a45cb,0.43178045749664307,4.2422667482804455,1.6250316896092647,4.04047359825803,1.9017687934301963
324,crimson-sweep-325,run_940470cc1196f6f61e80061b74cdd58b,0.6738991737365723,2.6493741103964146,1.4440335988815154,2.310152422427872,0.6468856601389779
325,sweepy-sweep-326,run_54f43c63c6959e077b42b5f720f5182a,0.6051052808761597,2.8810449112126473,1.4187757806529846,2.5934403919433873,0.5168540745420094
326,expert-sweep-327,run_fc39a8ad5e1a1b59b8dbb8c48cce1aa2,0.5863433480262756,2.716641663718947,1.4613979143916365,2.4221284703320634,0.4232596336070742
327,ancient-sweep-328,run_f42745ea80c3fb495fcf3bbffcb5e611,0.498276948928833,2.2349754080207993,1.6038185643214418,1.795019052803485,0.35652558433354387
328,absurd-sweep-329,run_84ba9d7de47571c25b79fb87f9dc9755,0.5742182731628418,2.764017879199473,1.3709601993792542,2.55767555797496,0.3607706885660138
329,rich-sweep-330,run_df8de3707bfdc9c4ab7862a25bc256b7,0.5961710214614868,2.8187284640999426,1.458688906122186,2.502476864452914,0.4119646241313964
330,volcanic-sweep-331,run_086a0536a8a0574e7f42e38594f0e7ba,0.5950223207473755,2.760364236064817,1.4585072746384755,2.453102885138813,0.37802905874920995
331,fallen-sweep-332,run_c1fb85fc4c47ea46ad392269189fc417,0.6575621962547302,2.808492585354528,1.418913087402354,2.51516058791508,0.5798736576121298
332,ancient-sweep-333,run_6ec67fe9afd4e2f98647b7d85326c766,0.6542437672615051,2.811522592209059,1.4323443252156236,2.5079749591725653,0.5676437144662051
333,wise-sweep-334,run_23f3491191a3642de29c2d341f26656f,0.5791959166526794,2.410919219640967,1.4100277856748828,2.018481219379423,0.35276058117498515
334,ruby-sweep-335,run_b7e9bf4423828ec919502cd5673bcc65,0.6373962759971619,2.702123755181274,1.434889564082474,2.3345400108873173,0.5146809854706249
335,quiet-sweep-336,run_401eb7176be34b38b26dbdd77a48e9da,0.6547542810440063,2.8755925465395147,1.4178752477193106,2.565459989112686,0.5774226152874297
336,different-sweep-337,run_14a463939fe595be30d84ba0f410258b,0.5859604477882385,2.365883327123975,1.3835145907733115,1.923326075122483,0.32185723310170594
337,earnest-sweep-338,run_578c5004da3eea57408f902bcc2c2c85,0.558391809463501,2.444149874164182,1.537656047834984,2.0547904191616766,0.3126089703095381
338,sparkling-sweep-339,run_b651517710ce4a13449976858fd50410,0.5392469763755798,2.409465230816223,1.5980301112583228,2.014071856287425,0.3716866708780793
339,comic-sweep-340,run_fe11a923bf8614a376f350c9744f9b71,0.7245692610740662,2.7247323277546864,1.5206067582928449,2.374659771366359,0.6927226784586238
340,twilight-sweep-341,run_39c9b98ece029befd465e902673d8d00,0.6232290863990784,2.6242163772109333,1.3790886857412648,2.3034567229178013,0.4065319014529392
341,gentle-sweep-342,run_63546e879e89b7c23eaead20e0efe091,0.6321633458137512,2.8135493251237715,1.3570244500552098,2.5558791507893304,0.3831332912192038
342,easy-sweep-343,run_d9ab543090ff5b88d6b752b9118d6ad9,0.5692405700683594,2.7760771454595874,1.4815911700154802,2.5085193249863913,0.33833228048010133
343,proud-sweep-344,run_a9e90195541a62025be3551aa05ac45e,0.7111678123474121,2.73925881173597,1.4942342684487118,2.3302939575394666,0.6480985470625401
344,balmy-sweep-345,run_a16cc8181ec41c0b5f42a05b94d252d9,0.6045947670936584,2.816741064643049,1.3884000108118817,2.5465704953728916,0.39132027795325486
345,serene-sweep-346,run_7e1c7920dbf1b79715882ceb4edae5f6,0.6112316250801086,2.7038009299455386,1.4089720711416147,2.371937942297225,0.49004421983575625
346,jolly-sweep-347,run_21806a77973c66555ac72bcc7c405120,0.5800893306732178,2.7741118740261963,1.3992869588010095,2.524305933587372,0.35399873657612224
347,sweepy-sweep-348,run_2dcdabd00a75f1af4a23e2815746f2b6,0.6090618968009949,2.4152890802489964,1.4939222528103693,2.0023679912901478,0.390107391029691
348,warm-sweep-349,run_02b00fc0e83e58dee0dde336dfe4d443,0.6181238293647766,2.892391460835392,1.3771802903249306,2.6742787152966807,0.4354137713202781
349,sweet-sweep-350,run_404edfd6bc56c19e3e2ad1cde0531bf5,0.5871091485023499,2.759685207089192,1.4376016051002032,2.4644801306477966,0.40125078963992483
350,logical-sweep-351,run_b158507da235997978486541687bb903,0.685896635055542,2.624817397056979,1.4347245737177132,2.28581927054981,0.5692103600758054
351,bright-sweep-352,run_81032501b0cc997f34259fa4060751d7,0.5456286072731018,2.5432443147087893,1.4506334165325934,2.1834240609689717,0.33888818698673306
352,summer-sweep-353,run_42cf1062a35a2293e8f7da80efd11d2b,0.5994894504547119,2.79296188617721,1.4425354759683788,2.5080293957539483,0.4244977890082138
353,graceful-sweep-354,run_3a35a237da7b66886f57c43530cf1acb,0.43178045749664307,4.2422667482804455,1.6250316896092647,4.04047359825803,1.9017687934301963
354,breezy-sweep-355,run_c9cb34d17ac833c12038202edda63eca,0.6395660638809204,2.717066995233772,1.4551402569013296,2.396488840500817,0.36390397978521877
355,still-sweep-356,run_b88e7027670d9e9c9fb60e7a68dd96d1,0.6084237098693848,2.415121359282388,1.44264376854272,2.0263745236799138,0.4179785217940617
356,grateful-sweep-357,run_d99b50f12fa8d00da9fad7e7154fa9c5,0.5756222009658813,2.395131960044485,1.479421765820905,1.8857648339684263,0.27902716361339286
357,smooth-sweep-358,run_40a1a4389296548ced219e123ea64ac4,0.498276948928833,2.5750740486393715,1.5561807753997678,2.202912357103976,0.314579911560328
358,magic-sweep-359,run_d1f4f54e7be6d9f150ae46dc28ba5d94,0.5540523529052734,2.7102426665932686,1.353747296699609,2.4688350571584126,0.34265319014529416
359,peach-sweep-360,run_e024515153deddc54da491c8c6cfd033,0.43178045749664307,4.2422667482804455,1.6250316896092647,4.04047359825803,1.9017687934301963
360,deep-sweep-361,run_195e2ae4ecf435b984f58525367c3697,0.5467773079872131,2.80187758599535,1.4007631298620071,2.4906096897114876,0.4009728363866091
361,bright-sweep-362,run_15002097f36ffac09b79a94be1b0e0c1,0.5508615374565125,2.554627015753644,1.275946370920085,2.354627109417529,0.5462160454832606
362,honest-sweep-363,run_d18d73022baa7689ad59aaaacdd6fe30,0.5853222608566284,2.7304510282677255,1.482773472640526,2.415432770821994,0.40933670246367754
363,dauntless-sweep-364,run_db19e3d9415fad76c268df4f37eaf166,0.4805360436439514,2.4570755424819892,1.568258874397809,2.0036200326619498,0.3434870499052432
364,charmed-sweep-365,run_f542a5748a04ea349fcc0030b64c937a,0.6076579689979553,2.4828106542825905,1.4476080372604514,2.147985846488842,0.30252684775742367
365,rural-sweep-366,run_d7c47e28ff964e7dbdd008228d8cc1c1,0.5594128966331482,2.294620103273465,1.5062066426803005,1.8816820903647258,0.31518635502210995
366,earthy-sweep-367,run_f324fdfa64fa8fdf574bfa2c3d9ca02a,0.5670708417892456,2.405258621411928,1.3500860123509228,1.9888677191072401,0.33676563487049915
367,swift-sweep-368,run_1afe8f3c9ac2e8b5b066cb58d4c4f9bc,0.5246968865394592,2.549976639781083,1.658306656101308,2.2029667936853574,0.30611497157296425
368,breezy-sweep-369,run_25306cfceac5c0d6d00944d27eb2f24d,0.5919591784477234,2.8648027451443743,1.2494026187497884,2.713581927054983,0.4503727100442194
369,vivid-sweep-370,run_0b94b6e0a985e40f01f67163f6dcbade,0.6179961562156677,2.6163761211275935,1.4521930138054369,2.2607240065323895,0.4797599494630459
370,sleek-sweep-371,run_ed7f900d6be549445d78eb76f362ec25,0.5777919888496399,2.345105456196818,1.5248900762975273,1.8158682634730552,0.3224384080859137
371,autumn-sweep-372,run_fbc273ef03b9c6ea515d5d476b8a24fc,0.5922144055366516,2.7086225724296766,1.380228210965434,2.4694338595536216,0.3388629185091606
372,autumn-sweep-373,run_ef97e519e9b910fdfda208d290b37f5f,0.43178045749664307,4.2422667482804455,1.6250316896092647,4.04047359825803,1.9017687934301963
373,autumn-sweep-374,run_3f54e394b8a5d7ae9982b99f589c6ec0,0.6185067296028137,2.658086732694626,1.4668191995955613,2.2654055525313015,0.46341124447252124
374,playful-sweep-375,run_41315ca9d9c7a0b1aec54522e03f9c98,0.7059348821640015,2.5991991110714294,1.473395144306281,2.1873979314099077,0.6869361970941253
375,winter-sweep-376,run_e0961c0cb5e48c862ea42c66b3e99593,0.5370771884918213,2.3117188936459008,1.5710812348160763,1.8994828524768652,0.4350852811118127
376,comfy-sweep-377,run_08dd94c8c685c14ad96dd2d4ab5e2a04,0.6910018920898438,2.843888373948407,1.5349929003221452,2.5259390310288525,0.7206443461781433
377,morning-sweep-378,run_229435fa669681d2bef310efb89df698,0.7021059393882751,2.8887992571874954,1.4572685202652966,2.648475775721286,0.7043209096651941
378,visionary-sweep-379,run_c95d56875c1a5c963a9bee98a1a0e9dd,0.5627313256263733,2.6734695184381914,1.367658121459827,2.4098258029395767,0.35455464308275636
379,blooming-sweep-380,run_62737e6ffefcabf529943a69422700f5,0.5636247396469116,2.5576918280572785,1.4067975779424688,2.246679368535657,0.35415034744156704
380,volcanic-sweep-381,run_b8dbdcf5596bf6a79aab07902b4b720e,0.6144224405288696,2.6010402044764875,1.3634652835203322,2.2442297223734355,0.45509791535060046
381,serene-sweep-382,run_a0a8aa98a12ea2ff9caa0a15f0d418d3,0.5812380313873291,2.6224502548490833,1.4551314796686794,2.2733532934131744,0.44655716993051237
382,pleasant-sweep-383,run_1f02b6a47c1514902a888e0c73c4dccd,0.5984684228897095,2.764802246512274,1.4962408388558128,2.4923516603157334,0.39339229311434065
383,curious-sweep-384,run_eb08f9c38dacba8d6a34e843b2aee003,0.5766432881355286,2.770234452388584,1.4133716800799825,2.5446652150244975,0.3445483259633617
384,ethereal-sweep-385,run_528261ad8d09cef66debecd3dc6d6e52,0.5252074003219604,2.3167834167072683,1.5366164102678737,1.9245236799129024,0.2906001263423879
385,royal-sweep-386,run_1c6c26471a3eb7dbc5ea81a818b61b6e,0.6315252184867859,2.741818959659757,1.4614739643362056,2.40019052803484,0.3893240682248894
386,summer-sweep-387,run_3b41686933b6d09b0648db468a18f494,0.6028079390525818,2.6127528777414164,1.331223687179983,2.352231899836692,0.31422615287428884
387,radiant-sweep-388,run_f9f7e3be35308ba38cc1b09ae845da5b,0.5762603878974915,2.707848774417339,1.4006696081965044,2.3849482852476878,0.42856601389766297
388,fallen-sweep-389,run_853eda0918789fb8d5fad85595a2c015,0.5790683031082153,2.200201027667631,1.4865467664199423,1.7106423516603169,0.29770056854074567
389,fragrant-sweep-390,run_d8f73d27dae76f1c7ec7a872af8248c8,0.5771538019180298,2.8072296705473083,1.3361810577191244,2.5994284158954826,0.5903095388502845
390,youthful-sweep-391,run_405421e49af94079a0d672968d4a1b36,0.5756222009658813,2.8539716096681462,1.3903892280382866,2.6100979858464877,0.40006317119393653
391,jumping-sweep-392,run_725c44bc6cd1ab6e630f9ff6e3c86a1b,0.6020421385765076,2.3822423395830787,1.4503390910468998,1.9853293413173667,0.359936828806065
392,rosy-sweep-393,run_a53b24bea05dba105baa261a31ff3c7a,0.6127632260322571,2.8337689297534885,1.4339684844124063,2.5368807838867724,0.6300315855969678
393,dainty-sweep-394,run_d22aac6dd8eebf80eda80df621f85a5a,0.5691129565238953,2.7351118109781223,1.4161084152976169,2.3166848121937953,0.45398610233733455
394,rose-sweep-395,run_f5cd4b5bfbf0019990264df8e2f35d28,0.6035736799240112,2.753873486613792,1.412928435675863,2.435955362003266,0.4084270372710043
395,spring-sweep-396,run_a351bf07864a928aed2394f7682869c8,0.5425654053688049,2.529252221647365,1.5908047584163716,2.1852749047359827,0.3110675931775109
396,effortless-sweep-397,run_a68d44a42b59774a8a548dcfbe01de1b,0.6099553108215332,2.8140450237015973,1.4575799687362168,2.479504627109417,0.582223626026532
397,fluent-sweep-398,run_5602cc6e28e99e08206aeb316c055556,0.43178045749664307,4.2422667482804455,1.6250316896092647,4.04047359825803,1.9017687934301963
398,earthy-sweep-399,run_f805cfde18cad64bf977588d974dc848,0.5401403903961182,2.533207568634112,1.334315845497895,2.285710397387045,0.3967024636765643
399,dainty-sweep-400,run_039a3a2a4a149627b36a0ce3fc012257,0.6190172433853149,2.567991668732959,1.3782516737913892,2.2310016330974425,0.4206064434617801
400,dutiful-sweep-401,run_e5074fa904434d20ccb736d6d3303460,0.5581365823745728,2.1919177872292313,1.4640639207838528,1.7412357103973874,0.25593177511054943
401,desert-sweep-402,run_7feaba5deaed7c3ab6613815e4173054,0.5970644354820251,2.8051899235797,1.3796352873530238,2.5753674469243357,0.4227289955780172
402,winter-sweep-403,run_6cd120f04313ad9a09d9656cfaa0d64a,0.5409061908721924,2.4871954618373655,1.5295491481109524,2.143467610234077,0.3392166771952003
403,classic-sweep-404,run_b661ca7150c5fa4c19091f2bf806de0e,0.5913209915161133,2.1437240461793667,1.4352480526504725,1.6899564507348943,0.30280480101074037
404,ruby-sweep-405,run_c5ab31937a6e55e3e54ab6900135f181,0.6210593581199646,2.7105704002970987,1.418900927261687,2.3995372890582485,0.5020467466835116
405,ethereal-sweep-406,run_313d818d9d00d4cbc0be8fb6e0c8af58,0.507594108581543,2.791889505719337,1.4039801947602029,2.4724278715296695,0.3663550221099183
406,dry-sweep-407,run_30341f7857dac5b1d9f6c1c21e77ed8f,0.5900446772575378,2.7637137789876993,1.3510394130080874,2.5762384322264573,0.34490208464940064
407,pleasant-sweep-408,run_7d12b30d8d2d9606839902b916331582,0.5539246797561646,2.363276923045783,1.364763886819007,1.968562874251498,0.33674036639292426
408,cool-sweep-409,run_859880c531aa59fc99fdd8a35cd7ce75,0.5910657048225403,2.2476862514511033,1.48030821385157,1.763990201415351,0.3417940619077691
409,peach-sweep-410,run_cc598f37a9ccf733c1433297f9645cbd,0.5880025625228882,2.662099638897325,1.497858920877558,2.3108056614044643,0.38874289324068345
410,worthy-sweep-411,run_b76e9f9e3cda4468ba95930d0be858f5,0.5548181533813477,2.778163717318457,1.3945501931760145,2.583260751224823,0.33924194567277494
411,colorful-sweep-412,run_a41b8ebfad2202173db45373c49fedb8,0.5731971859931946,2.79400228468162,1.4438394830393126,2.51314643440392,0.32822488945041156
412,resilient-sweep-413,run_d591de75f7a0673526f5d1a903580566,0.5539246797561646,2.502064202220399,1.534471983955775,2.1393848666303765,0.32928616550852907
413,rare-sweep-414,run_950bfc88b1b3dbdaf3d773befd262d25,0.5568602681159973,2.697468464965112,1.3587306061488602,2.363500272182909,0.39543903979785167
414,feasible-sweep-415,run_ac45959c16f4698c3c1c85150a7cfdfa,0.5674537420272827,2.520504478236099,1.3675288717832883,2.2364452912357105,0.35978521794061985
415,clear-sweep-416,run_1524879af57e77fb15740e159723e6b9,0.5700063705444336,2.389968841913482,1.4896058261918328,1.908573761567774,0.35677826910928806
416,brisk-sweep-417,run_00f35a4d397f496d445fa2cddf5ce3ae,0.587236762046814,2.563775936477459,1.3898795433436415,2.2921339139902015,0.3273152242577386
417,peach-sweep-418,run_a3d1076e194e3915e92123bed0f0e649,0.5494575500488281,2.653338993983196,1.411945445737371,2.399428415895482,0.36357548957675323
418,honest-sweep-419,run_6b2d858116723cd4d5511f4b1fcd9f31,0.6107211112976074,2.828115630302994,1.4324087413865654,2.518807838867719,0.5621099178774476
419,graceful-sweep-420,run_42d1865a9a78d473cc5e7abf999dc2be,0.5913209915161133,2.6860582876614094,1.4316490250173464,2.416086009798586,0.31260897030953805
420,frosty-sweep-421,run_c44944b3d4cf0af0bcf435fa92e30be2,0.5950223207473755,2.8179163020301345,1.4207850876586223,2.5114589003810566,0.3809854706253949
421,fluent-sweep-422,run_419bca58626470808083f538a3991499,0.5470325350761414,2.690107227734832,1.3589478961058996,2.470903647250955,0.3292861655085287
422,radiant-sweep-423,run_86dea0eb6b50ea9ce3309a4a3a3e94ff,0.6114869117736816,2.290204310752378,1.429690045743491,1.8772727272727288,0.32344914718888224
423,trim-sweep-424,run_9eece292ddefe1eb432da756e6236453,0.43178045749664307,4.2422667482804455,1.6250316896092647,4.04047359825803,1.9017687934301963
424,hardy-sweep-425,run_cf0330dab7cfee136e2686aa9782c90d,0.5375877618789673,2.7251886704382695,1.427201873206032,2.3808655416439852,0.4187365761212894
425,drawn-sweep-426,run_c2203ab27cc4ba30182b103cdd5e5c13,0.6843650341033936,2.7649343519798313,1.4860510726105969,2.3559335873707137,0.6503474415666456
426,hearty-sweep-427,run_ed547ac5f3b0acf8c03e6dda198a5cd7,0.5989789366722107,2.6611906432889163,1.3845374094160798,2.367909635274906,0.404535691724574
427,bumbling-sweep-428,run_5884356ec59239c095321571ebcb770f,0.6524569392204285,2.9344753667074426,1.4959039777054512,2.588704409363092,0.6378900821225514
428,fine-sweep-429,run_8fd007ae68040b52a083c367f054564f,0.5682195425033569,2.3883664457803935,1.5558886989489222,1.9689439303211775,0.3287049905243223
429,zany-sweep-430,run_f161bff7d497ed1ab2d0150b6b824eb3,0.5857051610946655,2.4785397601798613,1.428768194167035,2.0625748502994017,0.33795325331648685
430,different-sweep-431,run_43e9d0e8ee0d2b5715e617e43a15bd6f,0.6056158542633057,2.5390639940577935,1.5149290646887958,2.159961894393032,0.37163613392293116
431,fancy-sweep-432,run_2d108905c73f189e53c67df1146ee271,0.508104681968689,2.5173061505365655,1.4617306788122613,2.1551714752313567,0.3684523057485793
432,splendid-sweep-433,run_16201b00e36a1bea26c3260620c6eea7,0.43178045749664307,4.2422667482804455,1.6250316896092647,4.04047359825803,1.9017687934301963
433,honest-sweep-434,run_c69e5efe02ffacc24350ff4140042a53,0.5775367021560669,2.7405299948081967,1.2873846624375938,2.5781437125748505,0.3450536955148447
434,celestial-sweep-435,run_1db08a6004db053ea03e4a56aed3b7bd,0.4943203628063202,2.457282073993148,1.4896552609532667,2.1556069678824175,0.297068856601391
435,cosmic-sweep-436,run_41467f3d6f948dc7dc48240810709187,0.5851946473121643,2.4694263358459914,1.470114038799522,2.112221012520414,0.32011370814908524
436,summer-sweep-437,run_c9cf977ff671eb890e378adfb6acde26,0.6889597773551941,2.5756994336594072,1.4119416179723236,2.1771094175285803,0.5894756790903354
437,playful-sweep-438,run_71df669fcab308cc7f3a0a7db896fde3,0.5848117470741272,2.3931581912032236,1.53290671847119,2.0037833424060976,0.32160454832596386
438,skilled-sweep-439,run_ae3329034adcd4f42ec87fea2aee7857,0.584301233291626,2.521170938777787,1.4464257220649348,2.1649156232988576,0.35356917245735897
439,stoic-sweep-440,run_3e831139e7c3df5105552440096d4b05,0.43178045749664307,4.2422667482804455,1.6250316896092647,4.04047359825803,1.9017687934301963
440,ancient-sweep-441,run_029d77f471659914be42112c78378c16,0.5671984553337097,2.455199281117624,1.5365447865721478,2.0178824169842144,0.3139987365761217
441,unique-sweep-442,run_985316914f6e50bcc673a2d3814de54c,0.6051052808761597,2.804769516741823,1.454156333130589,2.5449918345127935,0.4340998104864181
442,earnest-sweep-443,run_33d403b9e337bd8c8d86d47689ac8476,0.5077217817306519,2.5631541057762157,1.55738660516049,2.2001905280348404,0.2911054958938725
443,decent-sweep-444,run_0c236fedc50a192e31e7b373f09169c9,0.5373324751853943,2.7042580931769447,1.2248629342481685,2.629640718562875,0.8144662034112446
444,hopeful-sweep-445,run_f733a7d5dee51b60d78e0969707bfbe2,0.5675813555717468,2.41872958768175,1.4473819499704574,2.100898203592816,0.3060391661402406
445,sunny-sweep-446,run_e1b26d5a256e09a6f236342dbc2076c6,0.5817485451698303,2.4810140972884525,1.4656887184360432,2.089139902014154,0.3803032217308901
446,sandy-sweep-447,run_b371ce6a71b48df1fadb9de9a5113b21,0.5368219614028931,2.2971830999714844,1.3273723197096838,1.9470604246053362,0.3348704990524323
447,rich-sweep-448,run_e748dac6a8288dcbb2eaa9bad143a115,0.679770290851593,2.631609864868639,1.4344761592763051,2.254735982580296,0.5450031585596982
448,honest-sweep-449,run_6fbd65af488cffe3dd23ba206aeab078,0.5848117470741272,2.785473899995091,1.4403004447867112,2.48277082199238,0.3591282375236901
449,dandy-sweep-450,run_6b64eea35adb33e12ccf616704516716,0.5917038917541504,2.9326343435162308,1.4225990559458983,2.6730811105062617,0.44723941882501567
450,comic-sweep-451,run_d917f4d9b936439110b75f7c6459a725,0.5945118069648743,2.321404418495202,1.471963583282511,1.9048720740337513,0.31965887555274813
451,visionary-sweep-452,run_dcbec6cf9b3f21cae8ccdce72a5be4c1,0.5831525325775146,2.520621344041612,1.4369885602243442,2.131110506260208,0.4460012634238784
452,vibrant-sweep-453,run_66d6c445197dbbb6f28bb9e71a120444,0.761837899684906,2.897098543495979,1.540411784802003,2.5284975503538374,0.8636891977258369
453,stoic-sweep-454,run_19432abf3ce29bd76bb6346fb3d982b2,0.5559667944908142,2.5161945495131732,1.531504956370885,2.1267555797495943,0.3257738471257107
454,hopeful-sweep-455,run_5190f8c2376047140be4827246caf86c,0.43178045749664307,4.2422667482804455,1.6250316896092647,4.04047359825803,1.9017687934301963
455,peach-sweep-456,run_3844a68346c225ea86a5f79891cfd88f,0.622590959072113,2.7050562362069797,1.432369401438766,2.3817909635274916,0.4654074542008847
456,easy-sweep-457,run_45767ace83cdec1e16652fec670e5476,0.5781748294830322,2.496608864387445,1.5111769790232634,2.0695971692977695,0.34242577384712614
457,absurd-sweep-458,run_7309a74c9f5a2703ffcc51f7d34365b1,0.43178045749664307,4.2422667482804455,1.6250316896092647,4.04047359825803,1.9017687934301963
458,earthy-sweep-459,run_1bbc16ea518918956c2d4c0c13a8cf13,0.43178045749664307,4.2422667482804455,1.6250316896092647,4.04047359825803,1.9017687934301963
459,restful-sweep-460,run_96368d4b356244fd2d8f4be349c2cb0a,0.5812380313873291,2.4707153372488464,1.482058779886804,2.131981491562331,0.30421983575489747
460,northern-sweep-461,run_be0797cc9fa79c9254603bc3d30c39d9,0.6208040714263916,2.6471559862353655,1.405383696095993,2.323870440936311,0.48034112444725136
461,devout-sweep-462,run_0b4f5bc4cd73d063c1b96300b37a2591,0.43178045749664307,4.2422667482804455,1.6250316896092647,4.04047359825803,1.9017687934301963
462,smart-sweep-463,run_598b2f9c9b6d80058fcafe37b73ca7d0,0.5657945275306702,2.820226811637058,1.4008986232515572,2.5858737071311935,0.37143398610233747
463,fluent-sweep-464,run_9f4dd6c02913d5572a5367af5ab0db27,0.5671984553337097,2.4339501709897484,1.54270278239809,2.0118399564507357,0.34495262160454715
464,silvery-sweep-465,run_ae909e3414bff5320d85f8df7300592e,0.5289087295532227,2.1667375257786454,1.5244206430627567,1.6819542732716388,0.2518130132659521
465,ethereal-sweep-466,run_8c44bd0a190879574249c0560ba69bd5,0.539757490158081,2.7484480139708816,1.3634143811227897,2.5280076211213935,0.3614276689829435
466,divine-sweep-467,run_1d28ab8f47b8b6e99281e3f8aa4f96cb,0.5608168244361877,2.76201112261432,1.3904459730297305,2.5197332607512246,0.33335439039797843
467,playful-sweep-468,run_3e87d68ecf1d56ae24ae1f7bf7b25a8d,0.5412890911102295,2.3923761125518115,1.5703364411249872,1.9918072945019067,0.31066329753632316
468,sandy-sweep-469,run_ebf5411679de3b6561bb0c15076b06cd,0.5176770687103271,2.2013115410545603,1.6219706014667354,1.7331790963527498,0.24440934933670233
469,dark-sweep-470,run_3b00ec9f8822271aa4c9b1264584be57,0.5130823254585266,2.5234774686774832,1.4577977462003282,2.226973326075123,0.36448515476942456
470,usual-sweep-471,run_3fb2ab98aa810dbb92ce767b523defff,0.6483727097511292,2.7379611351593183,1.4554588235440034,2.353048448557431,0.6312444725205298
471,sandy-sweep-472,run_01281e7f5d92e47ffacc0e2cc5b64ad4,0.43178045749664307,4.2422667482804455,1.6250316896092647,4.04047359825803,1.9017687934301963
472,flowing-sweep-473,run_943567c19b455af53f30d7a59e14d0e8,0.536439061164856,2.892092183835008,1.3016209742448732,2.7243059335873716,0.4301831964624133
473,colorful-sweep-474,run_739f909d1119bec1ee8bb77a87ffc778,0.5470325350761414,2.7550190977262075,1.3956882495677627,2.483805117038651,0.3646873025900185
474,twilight-sweep-475,run_0353d32df49db7543c867879fd96d188,0.5550733804702759,2.820119329692045,1.4543323507394532,2.4667664670658693,0.41012002526847896
475,glowing-sweep-476,run_a42d0b208cd6c79d77fe6bcb06833d6d,0.5028717517852783,2.4331335625310095,1.733135420117654,2.0526129559063695,0.3274415666456092
476,magic-sweep-477,run_c1ba42e81c95ab84d9bab0c490a6228c,0.5853222608566284,2.472307529249427,1.536468365666957,2.075149700598803,0.33729627289955766
477,zany-sweep-478,run_837b84f1315c4d4c5f45a141d3e39a3e,0.5134652256965637,2.4651966182449856,1.8443154006572275,2.0375884594447484,0.4142387871130757
478,generous-sweep-479,run_18ce4fcfa0b82fc940fce0c0533baa8b,0.5323548316955566,2.649220128223419,1.670022724555452,2.296053347849755,0.3287302590018951
479,peachy-sweep-480,run_060ccbc1b70c8612c30f361f91bc0dd7,0.5354179739952087,2.275509992382834,1.4456361795766337,1.8413990201415367,0.286885660138978
480,neat-sweep-481,run_ccadd8a470f4babd02c9a08e29d6f4a8,0.5499680638313293,2.312312187663321,1.579125244934453,1.9077027762656509,0.3709033480732782
481,classic-sweep-482,run_54156ee0c9269b0b8b3b3017071a9886,0.5795788168907166,2.4319292067131513,1.5012346980514222,2.0066684812193807,0.35195198989260895
482,crimson-sweep-483,run_f95ed94309e795b392364e608486a764,0.6395660638809204,2.7109832559180833,1.4422064404631043,2.385492651061514,0.5009602021478213
483,atomic-sweep-484,run_464e7e681b2a999f21e56b7096932093,0.5791959166526794,2.583079553613849,1.491272038525086,2.2339956450734904,0.3967024636765638
484,wise-sweep-485,run_09950160047388f1c670fdfb7b5ebc88,0.5523930788040161,2.1740768355976536,1.450496841652237,1.7508165487207408,0.3462413139608341
485,fast-sweep-486,run_f6d072254cb9074b49a95c0f225ac785,0.5720484852790833,2.7081510111332685,1.3635897962740913,2.4508165487207405,0.4185596967782682
486,classic-sweep-487,run_91b64cd4ccd1c5fe84d57dde62008dd1,0.5269942283630371,2.337430009740716,1.5315111034441082,1.8961622210125213,0.3021225521162351
487,celestial-sweep-488,run_d3399d838df79f788d63b917f1a254e0,0.5098915100097656,2.6390677824152453,1.5333962069499825,2.326374523679914,0.30181933038534436
488,unique-sweep-489,run_106ba107a019f1b5f1582c99970d340f,0.6432673931121826,2.605675448954313,1.4223562588137737,2.284948285247687,0.49934301958307115
489,generous-sweep-490,run_e7aff4222d04598c03ef5adbce4e7284,0.5987236499786377,2.2611723404303343,1.426472786368716,1.7949646162221014,0.36008843967150916
490,frosty-sweep-491,run_15710e6b74ed29c14bfed3e7d456f6ee,0.5682195425033569,2.3105019600795647,1.4985110967450117,1.860179640718564,0.3345925457991161
491,crimson-sweep-492,run_7ce473b6b49362a8b5c5d78b211ae4f9,0.5638800263404846,2.338879572744446,1.4596661577532437,1.8822808927599348,0.32590018951358224
492,frosty-sweep-493,run_026476ee20f24b501f5db9d43b3c8920,0.5739629864692688,2.73383528438339,1.3360109112683614,2.505307566684813,0.34237523689197735
493,deft-sweep-494,run_982fdfaf487550a862ded0d8b2801353,0.6160816550254822,2.814165622341123,1.3945932379519643,2.5527218290691347,0.40195830701200386
494,whole-sweep-495,run_2be5c079a19c300673ae1e413977b60c,0.5553286671638489,2.767494482944836,1.4030635759179555,2.497087642896027,0.33327858496525653
495,fragrant-sweep-496,run_ce0008fa5508528068f2eed544159187,0.5700063705444336,2.5375761171776396,1.374127263319965,2.1957811649428423,0.3996841440303222
496,lemon-sweep-497,run_ccb2fa0f21a1cc33aa5cb770b5978071,0.5580089092254639,2.5544446743806897,1.4359978144864902,2.2206042460533495,0.47862286797220416
497,treasured-sweep-498,run_6a017b1d089431d4ca74afe50659c722,0.5526483654975891,2.5799688217599033,1.5530243461169535,2.267528579205226,0.3078837650031591
498,rare-sweep-499,run_89ef24fb6271aa30ede07a57ac97ca8c,0.6236119866371155,2.6746628551953897,1.390514937821025,2.363935764833969,0.47730890713834506
499,stellar-sweep-500,run_fdd9e7dc60fb0f56759dbcf3041c8fa4,0.5945118069648743,2.8734385659358552,1.4642579525642905,2.561594991834515,0.48246367656348726
500,ancient-sweep-501,run_eab90fe149bcd9e57ed5a23d2da7c239,0.6077855825424194,2.578959590203441,1.457015021340054,2.1952367991290163,0.3804548325963367
501,helpful-sweep-502,run_d97b89a427ac8d4069e8b936c0e2b3b0,0.6187619566917419,2.6004525256850677,1.407925013412837,2.283206314643441,0.4448894504106144
502,usual-sweep-503,run_e3ce23b39058a956209320c851a12750,0.43178045749664307,4.2422667482804455,1.6250316896092647,4.04047359825803,1.9017687934301963
503,balmy-sweep-504,run_f0924b6c6520b951a2e439aa77052296,0.5406509041786194,2.759339179919534,1.1008441775090152,2.689902014153512,0.5135186355022106
504,lyric-sweep-505,run_865b4e9b13d18fd9024d7eb1fba8e1f2,0.5994894504547119,2.256560476292965,1.4382789385255892,1.820930865541644,0.32976626658243885
505,vibrant-sweep-506,run_8ad7c194ddfdcf885d80faa5c830a6b4,0.43178045749664307,4.2422667482804455,1.6250316896092647,4.04047359825803,1.9017687934301963
506,lyric-sweep-507,run_6f233048f4c9e663563bcb0c54460848,0.5962986350059509,2.866210205813953,1.42831922128628,2.61271094175286,0.409665192672141
507,astral-sweep-508,run_6129c3909dbf1b286adf39de1f5ed907,0.5705168843269348,2.729759380980322,1.2944078165162023,2.5798856831790964,0.33661402400505414
508,soft-sweep-509,run_702af4dc3dce7c9606d057172ca9003d,0.5190810561180115,2.1305101009976153,1.455451337211137,1.667691888949375,0.26414403032217415
509,feasible-sweep-510,run_d662ae10c4ddba34293e302c035ac149,0.5626037120819092,2.4671169029430713,1.416537116940507,2.155879150789332,0.33365761212886896
510,driven-sweep-511,run_cdb79a5856d879ca52a79859237deee6,0.5891512632369995,2.636544611667406,1.4857087446606092,2.2716113228089294,0.47953253316487715
511,bright-sweep-512,run_78cebfa11773790a506587dde656e9fb,0.6820676326751709,2.66432272243228,1.4714448645838714,2.301061513336963,0.6073404927353129
512,feasible-sweep-513,run_f31cc63ddfefde161f5399efb6f66835,0.6005105376243591,2.3086742732301384,1.4287531246276974,1.8662221012520415,0.34346178142766925
513,fragrant-sweep-514,run_cd5dc35f0a16e718b225f11c0c24b013,0.5922144055366516,2.8333557241771463,1.3992841542511238,2.572808927599348,0.37593177511055115
514,youthful-sweep-515,run_d5dfa3ecfcde277ee99d9f18a798a203,0.5467773079872131,2.8957690460250713,1.3782197998722094,2.6439031028851416,0.3645862286797208
515,fancy-sweep-516,run_f1fb4342adf630ea83076e3198d5fa2c,0.5483088493347168,2.56265278644237,1.545576232948506,2.25119760479042,0.3107391029690472
516,dutiful-sweep-517,run_6a33a5035710b944f15f5836ecf342db,0.5577536821365356,2.7572584984263373,1.4264389621304554,2.5024768644529125,0.36819962097283726
517,distinctive-sweep-518,run_20d1140dc047f161b193279b4ab67129,0.5955328941345215,2.840136438801773,1.4551573863192877,2.555117038649975,0.43407454200884465
518,crimson-sweep-519,run_6bc45b566851cd2c06aa596b2895415b,0.5372048616409302,2.5585775266861894,1.5517721471940698,2.224197060424606,0.35831964624131424
519,expert-sweep-520,run_a99672bb3b291126cf7630c08d2845ec,0.609444797039032,2.6163589080354104,1.4772636298593302,2.2632825258573774,0.5235249526216047
520,icy-sweep-521,run_1f6a0f52e5a9579b5112308db26d84b3,0.6019144654273987,2.7153070126242396,1.406636628259779,2.4559335873707138,0.3215034744156663
521,deft-sweep-522,run_9f68e9b77c0e8c6561717d54846e13da,0.6283344030380249,2.7096574211503657,1.428671342622335,2.393930321175831,0.5284775742261525
522,worthy-sweep-523,run_7a60659b9682f44d36a2e9db10f66a8c,0.5862156748771667,2.7282289556750534,1.3934671453113154,2.443249863908547,0.3429564118761846
523,honest-sweep-524,run_f7da0084687d549eaf56859d511abe5a,0.5795788168907166,2.696768071183308,1.38714495270701,2.443739793140991,0.30990524320909796
524,sparkling-sweep-525,run_a4ba7cede5c982def37717ec8f9f0387,0.5651563405990601,2.759574970848879,1.4137921410496983,2.452667392487754,0.3687807959570439
525,balmy-sweep-526,run_0675eef25d255853ca06933f5775d926,0.5798341035842896,2.450789584164132,1.5057793955555951,2.018862275449102,0.3741377132027796
526,kind-sweep-527,run_c790de622065eb822a920844c223ff00,0.5980855226516724,2.875899247221236,1.4015968916912198,2.651306477953186,0.47334175615919283
527,sweepy-sweep-528,run_709497bb4707fcd3df3be6ba35f18f5e,0.6085513830184937,2.2967258327670312,1.4796563270713352,1.8524496461622209,0.40051800379027136
528,stellar-sweep-529,run_2a06d5d0a9043b80bc34dd8e203427e1,0.5492023229598999,2.49053298829473,1.5837356198901604,2.131709308655417,0.32963992419456717
529,faithful-sweep-530,run_d801c522d04576a11edecc7433b3b13e,0.5591576099395752,2.8408490677086755,1.4268253221815976,2.5566412629286885,0.4047883765003166
530,genial-sweep-531,run_2749d868d79b2ffa66bd82645ddda90e,0.5521378517150879,2.4661169666585487,1.479635743350568,2.073298856831792,0.3453316487681612
531,radiant-sweep-532,run_ec48756c93789dc7a9fbb66902dad044,0.5527759790420532,2.545833812437478,1.4332125805674762,2.224251497005988,0.34540745420088437
532,gentle-sweep-533,run_9a04e53c85a9562a7fb617857e1c2924,0.5790683031082153,2.459719818904685,1.4761855306231757,2.1081927054980962,0.308288060644347
533,glorious-sweep-534,run_7c9af5535ead683ede8fafed27aa6818,0.5244415998458862,2.8653603900258657,1.227153401586689,2.7657866086009797,0.5079595704358805
534,gentle-sweep-535,run_e43034aacaf9b622109d088ca9cc2b58,0.4472239911556244,3.395027391879106,1.7124852228831742,3.1033478497550355,1.1013392293114352
535,wandering-sweep-536,run_813e26e077afd240d6570f007406ea02,0.5834077596664429,2.6604837505063452,1.4857130775706393,2.2945291235710408,0.4022867972204687
536,fearless-sweep-537,run_87fb4b1a29b02b658df2c041f25a77da,0.5991065502166748,2.6720689919613405,1.3757540634065617,2.4025857376156785,0.3402526847757434
537,still-sweep-538,run_c4a7d100df66b02a3df7a1a2c6aa6bb8,0.6594766974449158,2.707901776328276,1.472732371651681,2.3307294501905296,0.5897536323436517
538,lilac-sweep-539,run_8f99d3ac1275240c73e876daa1f50b02,0.6100829839706421,2.782830492306414,1.4452512482651394,2.467365269461079,0.552406822488946
539,twilight-sweep-540,run_a25476c986052dfd060629a12ab5bfbf,0.6183790564537048,2.635205732442359,1.3912323191074023,2.3228905824714214,0.4158307012002515
540,sweet-sweep-541,run_aec8ef230a56c2896dc6604aaf6fb1c4,0.5637524127960205,2.6355942913949386,1.493471831040344,2.2988840500816563,0.3227668982943783
541,desert-sweep-542,run_58d26a87bbcb46fb415be6d283a779c8,0.5509891510009766,2.3415870315908296,1.5754651258165024,1.9349755035383787,0.3048262792166784
542,different-sweep-543,run_62e51f90be85d84429b154905ad8d269,0.5974473357200623,2.6625372505635885,1.3966279751778832,2.302095808383235,0.4550726468730255
543,comic-sweep-544,run_2e003eda48fa3c4c68907b6f59672376,0.574984073638916,2.7958289908472205,1.4923522187167944,2.4712847033206335,0.6956790903348093
544,frosty-sweep-545,run_5fe867b8e1c71c2ef39af7c607455698,0.6121250987052917,2.7527684350994743,1.4714554851879442,2.418209036472512,0.5251674036639292
545,pleasant-sweep-546,run_e9a002a1612b0386e9a73fcc73383883,0.5548181533813477,2.4487499185914947,1.4229922131934192,2.02490473598258,0.3953885028427046
546,astral-sweep-547,run_4fca501f1432c965208e9c3e9fc79e8a,0.5871091485023499,2.693989205502878,1.43005641835981,2.390119760479042,0.39960833859759876
547,effortless-sweep-548,run_a5a0295eb113e14f33c3cd44cd308790,0.5352903604507446,2.2580314957411525,1.4545814429836024,1.8437397931409905,0.29984838913455575
548,balmy-sweep-549,run_b3254e054eba32324c11af5ad39f020e,0.5867262482643127,2.5899212653372445,1.378208974443949,2.24107240065324,0.41706885660138976
549,pleasant-sweep-550,run_47c4afa444b8cdefee74ee1b5a8d135b,0.6010210514068604,2.6309782045790984,1.5196813817899506,2.3029667936853575,0.34469993682880573
550,celestial-sweep-551,run_a8b59b1ea1125cbc7122d5ce36ff7054,0.6190172433853149,2.7275034360109,1.3593248671350189,2.4514697876973335,0.3981680353758691
551,distinctive-sweep-552,run_cbbe63b3ac731f4ff503940445900e7d,0.5698787569999695,2.71105491582218,1.3510960191867158,2.4399292324442037,0.6632596336070753
552,breezy-sweep-553,run_eb267304a26acf2aa6859a5f5e5eb983,0.5835354328155518,2.787904677460163,1.428777078949709,2.5330157866086016,0.6006190777005685
553,treasured-sweep-554,run_6d35793fcb37f4a30925f114cbd0453b,0.5679642558097839,2.5153240668857735,1.4551204416712884,2.2023679912901493,0.34730259001895136
554,easy-sweep-555,run_dfec482126e52e4ec6e735becd5c34c8,0.5849393606185913,2.1691584453708708,1.4444918541162493,1.6820087098530223,0.28114971572962716
555,clear-sweep-556,run_c8538a8349240e066ca593fb03c9f3fe,0.6141672134399414,2.7827963160922047,1.4479560150388873,2.4416167664670665,0.5415919140871758
556,sweepy-sweep-557,run_e02e66debde96c6b44402b631d692701,0.6082960963249207,2.7676858671427316,1.433999711584775,2.4768916712030484,0.5859380922299446
557,super-sweep-558,run_2891dcf5d598955fb0bdbf71bcf19bc9,0.593490719795227,2.9047945382178866,1.4324397316105395,2.6226728361458913,0.4726847757422612
558,feasible-sweep-559,run_3875ccf535b8e619f9d8202762c89807,0.6433950066566467,2.536909990726895,1.395047042087228,2.2100435492651074,0.3609728363866068
559,generous-sweep-560,run_99031d048fa5db37073005be8c50f505,0.6202935576438904,2.4561422095680103,1.4066291800143766,2.0395481763745247,0.4594440934933681
560,noble-sweep-561,run_18bf724cd5fb034843cd83b405f2c2f7,0.5398851037025452,2.5456371617083833,1.4741909736688406,2.190391943385956,0.3554895767530007
561,peachy-sweep-562,run_05a306c120635f31f5ff1321fc5dab7f,0.5306956171989441,2.53543578702485,1.2868033169465625,2.3109145345672304,0.5523562855337972
562,rosy-sweep-563,run_ec078220b21423d8bb724dae21ad22cc,0.6140395402908325,2.773893753993495,1.3943502350621475,2.4713391399020157,0.5765129500947581
563,atomic-sweep-564,run_9c36ccdc63838bafeca8deeae7c7254d,0.6070197820663452,2.825164631036493,1.3222308416904236,2.6118943930321192,0.4195704358812394
564,pleasant-sweep-565,run_7cc032863e150879605e7bf251ea1d55,0.6426292061805725,2.659184240583368,1.4249151870421624,2.313799673380512,0.3810360075805447
565,glorious-sweep-566,run_8ab668515efa63352c7f64417d02a2c5,0.5687300562858582,2.601595263024111,1.4474098295908573,2.2867446924333166,0.33724573594440993
566,northern-sweep-567,run_6b9a07408385f59e49806f93e8272dbb,0.6079131960868835,2.37392808539323,1.4591163937231877,1.9364452912357113,0.32746683512318336
567,lively-sweep-568,run_5f4948fd430b8fa88752c47546d378de,0.5419272780418396,2.2756948091058535,1.4790274209103278,1.8460261295590648,0.2789008212255214
568,valiant-sweep-569,run_6fe93c8378090f9c741fb1f39e14c128,0.5832801461219788,2.9560482437814093,1.4250189170119802,2.734866630375612,0.5018445988629188
569,vital-sweep-570,run_92e73e6d9c8d8a2bcfa1f2145fb1d4f3,0.6654754281044006,2.6970793413961136,1.477916692947238,2.2908274360370173,0.5939229311433991
570,vague-sweep-571,run_52ef09e81910322de9062298fc575acf,0.5714103579521179,2.497588618180185,1.4756192504262018,2.160070767555798,0.2940871762476308
571,different-sweep-572,run_7686e3796d0da73fb3424f994993da7a,0.5733247995376587,2.5771241411139605,1.4513369921361057,2.1630103429504643,0.39162349968414356
572,smooth-sweep-573,run_8086c0e7b71118f2a301b54aef44cdbb,0.5800893306732178,2.361749098898039,1.4734858187463018,1.8505443658138268,0.3355780164245102
573,silvery-sweep-574,run_06eded2af9b56196bffe88a0ae49d571,0.6912571787834167,2.8845154413155782,1.488975439148362,2.5429776810016347,0.6647504737839557
574,grateful-sweep-575,run_a7eb41d4bddd902aeaf3bba35639eda6,0.5897893905639648,2.330588960059863,1.4253004345277618,1.9122210125204138,0.4406443461781438
575,eager-sweep-576,run_baa453bb700301aed5a7264d82ac1202,0.43178045749664307,4.2422667482804455,1.6250316896092647,4.04047359825803,1.9017687934301963
576,good-sweep-577,run_9619bb990c60de9064b8c6ff014d8ed0,0.5739629864692688,2.4417798641534603,1.48882918457923,2.0804844855743068,0.3354769425142134
577,tough-sweep-578,run_a000fef669aa1a0420c111bb713c3926,0.4908742904663086,2.253602085318881,1.5324025103399703,1.8029123571039734,0.4429185091598238
578,firm-sweep-579,run_f1b44f29ad0978fa17e904608d75ecd0,0.5668155550956726,2.6699344727348024,1.3740756446758418,2.4234893848666315,0.3416424510423247
579,dazzling-sweep-580,run_75cf82bde4756906ebf553765e176708,0.5509891510009766,2.7678799832689016,1.5394823241151032,2.472591181273817,0.39968414403032193
580,worldly-sweep-581,run_98572988aa37e7beda33740976e902ee,0.5444799065589905,2.635123423319097,1.4512523737693044,2.259145345672293,0.4191661402400514
581,fresh-sweep-582,run_e0a71a9492dcead67bb7fbbd1cd2693d,0.5223994851112366,2.334762898906966,1.5069855648882582,1.9366086009798587,0.3426279216677197
582,rose-sweep-583,run_3d9d241b9314390af6dfaa5fdbeb55eb,0.5470325350761414,2.7690687780876195,1.461013024992016,2.475966249319544,0.5940492735312706
583,royal-sweep-584,run_b6e32c2137d6727df76e7fa5607c3183,0.6103382110595703,2.654055316614425,1.4144933836409104,2.3175013609145356,0.4787744788376506
584,lyric-sweep-585,run_23563a17d45ab84429fd347e2e96b8eb,0.5591576099395752,2.4420964258257314,1.5130190581060756,2.0838595536200346,0.30750473783954535
585,polar-sweep-586,run_43d8c63d829e4bdb89f18bcd0eec92d5,0.5804722309112549,2.86732526498841,1.398340003925426,2.6133641807294503,0.38606443461781415
586,fresh-sweep-587,run_1ade330e7ad693e7ea15e1953dde9895,0.7275047898292542,2.7526951584281476,1.4842110373633457,2.4045998911268383,0.7498041692988
587,quiet-sweep-588,run_04e67362bd4eb61100c80bc12d7e2c70,0.5985960364341736,2.2571206079770354,1.4479525457557516,1.802313554708765,0.3332785849652565
588,neat-sweep-589,run_079b9da8513ec2260f8da319009a59cf,0.5828972458839417,2.947132749422914,1.3570069132936362,2.7306205770277643,0.46204674668351353
589,splendid-sweep-590,run_2e6c52a896aea1685247a32d3e366803,0.5126994252204895,2.304268325101034,1.6537429704310436,1.8624659771366365,0.5171067593177501
590,rich-sweep-591,run_72f7252740d4a4697b59663f53032263,0.5854499340057373,2.550526132560271,1.5520782174688266,2.1593086554164413,0.35559065066329765
591,good-sweep-592,run_e14a98098634d7875dcbe3707647f1b6,0.5937460064888,2.701350982515837,1.417631618235635,2.41820903647251,0.40241313960833813
592,effortless-sweep-593,run_951a245dc0b7ecfb8b1fb3eedc6e5803,0.526866614818573,2.8633665861616384,1.255660080044478,2.7363908546543283,0.7846241313960839
593,royal-sweep-594,run_9fe0012603711832a0c1a50d199710e0,0.6067644953727722,2.56306722017303,1.5024915284633036,2.1854926510615145,0.36003790271636305
594,frosty-sweep-595,run_473475771fecd9cdc3cb6e31d755449c,0.5798341035842896,2.719125523027282,1.4120563983823513,2.481627653783344,0.3187239418825007
595,trim-sweep-596,run_2bfb4081d05d7605446fcef01522bc3a,0.581110417842865,2.294608648992078,1.4845982494440988,1.837098530212304,0.3368161718256478
596,clear-sweep-597,run_cac09564a789e10ef826a39b22e8cd14,0.6999362111091614,2.491031700657493,1.495661545248522,2.0399836690255864,0.6173468098547062
597,fluent-sweep-598,run_b451529feae3a98ba0a4702bf7cdf138,0.6759412884712219,2.914164719203377,1.4400442771546798,2.662193794229723,0.6485028427037268
598,atomic-sweep-599,run_c6075f5b41a4e7c8fe3495291b12ca7f,0.5395022630691528,2.4624731706133045,1.4311299498943566,2.1535928143712577,0.32850284270372765
599,vague-sweep-600,run_329383199919ac27e50a9e435023a8e0,0.6357370615005493,2.630179353860587,1.422022401359463,2.297686445291237,0.3511433986102336
600,drawn-sweep-601,run_b8b05d6b062148afeca9204894d2cc90,0.43088704347610474,3.09202980733156,1.7179899289868932,2.7704681545998926,0.765596967782691
601,royal-sweep-602,run_64a95d7dd52c1534027a386b8687e466,0.5544352531433105,2.8044301995901533,1.4853577578432646,2.5185900925421887,0.35238155401137133
602,fearless-sweep-603,run_f99b28e7acb2b5b6be45e9ee8809076a,0.43178045749664307,4.2422667482804455,1.6250316896092647,4.04047359825803,1.9017687934301963
603,whole-sweep-604,run_f6a6d06502a1453b7af62169093b9f65,0.46419909596443176,2.202478876731531,1.6791212569510412,1.7863636363636375,0.44034112444725143
604,dutiful-sweep-605,run_8f0425f88ce4aa5d7b97e1aa2374d9a7,0.561582624912262,2.52024503823718,1.4495763424116164,2.2278443113772473,0.3299936828806057
605,gentle-sweep-606,run_1f81871bfd59e039984d1daecb894c27,0.4902361333370209,2.441201350460509,1.5154728087161746,2.0608328796951567,0.2981048641819332
606,devout-sweep-607,run_9f976b7afa50d33fab0441f91439d624,0.57447350025177,2.631161532051945,1.343334210993479,2.3403647250952666,0.5224889450410612
607,rosy-sweep-608,run_f0cce13df4c13f39bb3a90c9cc0a800e,0.581110417842865,2.377094579875851,1.6102124624714411,1.924632553075669,0.3160454832596345
608,stellar-sweep-609,run_7e91a6d6afad069a6294268b82df94f4,0.5489470362663269,2.442779549635507,1.491217671832829,2.0922972237343505,0.3152621604548327
609,drawn-sweep-610,run_8a79f68b589a91ef0f9bc4062fb911f0,0.5368219614028931,2.948033220059573,1.3480905903257228,2.7708492106695712,0.5286544535691726
610,helpful-sweep-611,run_3b9dc4c9bcac725294193db0884af1fc,0.5910657048225403,2.7689448069240883,1.4512768842108583,2.450598802395211,0.43468098547062617
611,fancy-sweep-612,run_fc1bfac653531e205560595699f15881,0.5527759790420532,2.748468862016762,1.4044218074091683,2.463228089275996,0.36382817435249476
612,tough-sweep-613,run_e22688275c59b45dc90a589d1368d574,0.594001293182373,2.8092950823962264,1.381799222958898,2.570958083832338,0.3352495262160459
613,sage-sweep-614,run_2982bcdda5beaeb37325005d35ff08a1,0.5777919888496399,2.4276519362190987,1.4725231975398176,1.9980130647795333,0.3708275426405562
614,divine-sweep-615,run_4ac44ee2aa31da0e0d0a7ebe555d1add,0.5562220811843872,2.4681493931773653,1.455267114092351,2.0692161132280886,0.342097283638662
615,snowy-sweep-616,run_73533f2976f76ac5d91d7d3e8ce4bbe8,0.606509268283844,2.570392709113023,1.3747831170119411,2.2709580838323356,0.42624131396083415
616,dandy-sweep-617,run_4f8468e0896812576c2660fbc06b0ff8,0.6006381511688232,2.843193063547933,1.396206239788782,2.5785247686445305,0.4048136449778909
617,solar-sweep-618,run_5c453947f9cd7d3f6c37ab677bb2ac78,0.6040842533111572,2.7004156809889315,1.4387217582788625,2.402531301034296,0.6009475679090341
618,hopeful-sweep-619,run_89b1b33e6af9b05ef72b005f0ae6e3f6,0.7151244282722473,2.723291958653988,1.4722888451534122,2.346842678279805,0.6877953253316504
619,sleek-sweep-620,run_610f94b661c25ec98434c1b8c453a70d,0.5258455872535706,3.080407446606547,1.3432825353653572,2.8910996189439313,0.4999494630448517
620,worldly-sweep-621,run_cca431773473a41c126ed0118696242d,0.43178045749664307,4.2422667482804455,1.6250316896092647,4.04047359825803,1.9017687934301963
621,swift-sweep-622,run_38ad75a7e0775ccd2859b7ade31815a3,0.5276324152946472,2.568545879267044,1.405761034071609,2.226918889493741,0.3587239418825027
622,earthy-sweep-623,run_5a1d6fd373216314bca6012e76fb5024,0.5488194227218628,2.4915312183989684,1.3979816121773618,2.164970059880241,0.38950094756790876
623,prime-sweep-624,run_590c0a2b01db4315d77ea280ea3437cb,0.43178045749664307,4.2422667482804455,1.6250316896092647,4.04047359825803,1.9017687934301963
624,crimson-sweep-625,run_ebe20ba57af795527bc1ad2315d24a8f,0.6148053407669067,2.704031733638598,1.3935405681150703,2.3832063146434406,0.4816550852811122
625,crimson-sweep-626,run_0a372b475711fef6029eb1a70d88cd64,0.625526487827301,2.467201324243153,1.3991511604682147,2.1204953728905838,0.33754895767530063
626,worthy-sweep-627,run_9de3a70c1cfbf88a6aa0194309270610,0.5731971859931946,2.450675277659196,1.3948731973613286,2.066439847577574,0.4270246367656364
627,sweet-sweep-628,run_ed7ef707373c6ce5c7247b2d6ff162fa,0.43178045749664307,4.2422667482804455,1.6250316896092647,4.04047359825803,1.9017687934301963
628,proud-sweep-629,run_c0c9b46fed9eb25bccc9e395710e5f24,0.5908104777336121,2.538656133056215,1.442521844590139,2.136009798584649,0.363474415666456
629,woven-sweep-630,run_d6e5c96b9a2bb12d9d7f19419e5f0bfc,0.6020421385765076,2.3784224822031,1.3943115010942493,2.0079205225911823,0.33623499684144154
630,curious-sweep-631,run_d822a1f1d20dd1b5c9d0d6100118ffc7,0.5655392408370972,2.749031982530254,1.3777268433523284,2.523979314099076,0.35607075173720837
631,fine-sweep-632,run_89b4061a6b0fadcf066eaff1449762a9,0.590427577495575,2.5225994239672795,1.402384979872224,2.210642351660316,0.3733543903979786
632,wandering-sweep-633,run_2773e2c9de3bf6f62177bddf05e21bb9,0.7386087775230408,2.826370636207815,1.5013219086087044,2.422836145890039,0.7763866077068867
633,celestial-sweep-634,run_f51bc534fd03efcf49d5607c4314d70a,0.6132737994194031,2.651962416879304,1.4322343957825052,2.2819542732716402,0.4029943145925454
634,dark-sweep-635,run_090b361b7b8675fd9e521fb72a765049,0.5061901807785034,2.4112957530305796,1.58867840779551,1.9937125748503008,0.3116487681617178
635,robust-sweep-636,run_e529dc84e252a9bf487c2eec6b8f4a04,0.5726866722106934,2.4265124297188017,1.4060404811050529,2.0256124115405556,0.3283512318382829
636,effortless-sweep-637,run_11ce9c3d6dba30fccb1543123053323f,0.5914486050605774,2.873774826097733,1.4033672904480543,2.6367174741426243,0.4477700568540754
637,snowy-sweep-638,run_404590efed13bccc07f09adb210d1c77,0.5582641959190369,2.3830467061061698,1.4691569231640929,2.0727000544365826,0.2877447883765009
638,light-sweep-639,run_f9a5e37e940012babda736b4423104ff,0.6020421385765076,2.6732998720499865,1.3888738890490329,2.3277898747958643,0.4702842703727104
639,glamorous-sweep-640,run_eef974b6c07c071aa5eadb705b6dbd7e,0.6195277571678162,2.8378154270312637,1.4524573348711385,2.496434403919434,0.6169425142135183
640,divine-sweep-641,run_e55f2003c803dcdec31ffb23e60a8726,0.517804741859436,2.701487413214654,1.4183748292508302,2.3609417528579204,0.33499684144030367
641,sparkling-sweep-642,run_a522466dc759037753874cad9e17bcf6,0.6070197820663452,2.454821148530366,1.5062037467252265,2.0385138813282526,0.349172457359445
642,comic-sweep-643,run_2c05b6aa8f973117303143f88a2cc68c,0.5954052209854126,2.436681658345687,1.4844980355748036,2.0332335329341324,0.38806064434617865
643,skilled-sweep-644,run_4931af7e3021e78222638cc2799950db,0.5467773079872131,2.5343405370613725,1.4256892637624097,2.20362003266195,0.28291850915982314
644,whole-sweep-645,run_5372c86962ddd6fc3e563eca368a98cf,0.6075302958488464,2.800314709027512,1.3853038475840314,2.49899292324442,0.5797220467466839
645,hearty-sweep-646,run_ec36f2e237e16f6268b4fcece74f18b3,0.6039565801620483,2.4373996203383883,1.4807931814813944,2.087125748502995,0.32643082754263975
646,fluent-sweep-647,run_c28531546070ca80f44bec6223680b2b,0.5774090886116028,2.3498959777648936,1.523060416637006,1.9106967882416999,0.3567024636765633
647,revived-sweep-648,run_d790ce8247e694f1df32e20cd7bceaa8,0.5821314454078674,2.7403859519572804,1.4651636413273117,2.3530484485574323,0.4831459254579919
648,lilac-sweep-649,run_0c8a140fda64365469d95469d92267b1,0.6160816550254822,2.6304349074716296,1.3567092516753407,2.3013881328252586,0.3806064434617808
649,olive-sweep-650,run_05ae21c5e112de826519f3d73eb30641,0.5766432881355286,2.4541747740097666,1.4935580398542336,2.0143440391943397,0.3253695514845234
650,dainty-sweep-651,run_414cb9ee72c3d622c87a5fe95ebc9070,0.43178045749664307,4.2422667482804455,1.6250316896092647,4.04047359825803,1.9017687934301963
651,volcanic-sweep-652,run_5734cc0b2a8aad44a94f0674774dbb73,0.7608168721199036,2.6489707619752,1.4968987186637013,2.255988023952097,0.8402653190145297
652,valiant-sweep-653,run_c96aff842ce20b3735efbd5448409a57,0.5923420786857605,2.4530727090572957,1.452716019277396,2.0823353293413187,0.37204042956411965
653,fiery-sweep-654,run_11ffad0d363b6e37986a358191ba6d83,0.43178045749664307,4.2422667482804455,1.6250316896092647,4.04047359825803,1.9017687934301963
654,wild-sweep-655,run_c071d45791735437fee728d48e8f0209,0.552520751953125,2.414056944088976,1.4143823985514747,2.0395481763745247,0.2763487049905244
655,lyric-sweep-656,run_6fb6b18cb4e12089ff3b50cbb1458683,0.6114869117736816,2.576200680697346,1.429641039809896,2.206831790963528,0.3898799747315226
656,wandering-sweep-657,run_82af11255e3d25c9927979a80467ef8b,0.5730695724487305,2.773561464886108,1.410333696434669,2.4735710397387063,0.47495893872394374
657,desert-sweep-658,run_621c608a2673793bce99b1756696baa0,0.5927249789237976,2.575868955073945,1.4233514291138836,2.2474414806750143,0.3645104232469987
658,peachy-sweep-659,run_10c7c3335fa471ea67a9f6581453e7c5,0.552520751953125,2.1438128419463114,1.3959532804343848,1.7159771366358207,0.2903727100442205
659,gallant-sweep-660,run_64a3018a501c6750cfb29938ca1b78a5,0.5867262482643127,2.7646033924745086,1.4164098376680647,2.4984485574305944,0.47331648768161716
660,devout-sweep-661,run_529147974c8d3d7ef2ff351b96442fc1,0.5273771286010742,2.604473961830323,1.267368612131362,2.331818181818182,0.3501073910296919
661,whole-sweep-662,run_82be19224d96a8787c5eef6bfcd03441,0.5743458867073059,2.729696881021465,1.4114135781085777,2.4818454001088743,0.393367024636766
662,robust-sweep-663,run_4d9daf4af6fdaf8c80e32e1e24074f88,0.6086789965629578,2.6218864858562507,1.4809131682838144,2.1742242787152977,0.3732027795325332
663,fresh-sweep-664,run_930a8608177ea47249352e787562a4f7,0.5942565202713013,2.380773776477163,1.464301701345294,1.9715024496461626,0.31144662034112564
664,super-sweep-665,run_c8826a4657e931d759d5e42e9b33a26a,0.5643905401229858,2.8937016343594277,1.416950633013282,2.6761839956450744,0.4665445356917249
665,sunny-sweep-666,run_0294b4b2ffe415d18c4896f297b6bec3,0.5384811758995056,2.603512782660485,1.3512567009172154,2.3813010342950482,0.3137460518003793
666,ancient-sweep-667,run_4dc7a14e702729ac6838048cccfa62e8,0.5766432881355286,2.54440914391197,1.4314483239119211,2.2633913990201426,0.28547062539481954
667,wise-sweep-668,run_527ed9d6bde21bd91135a43ba72f10b5,0.5283982157707214,2.669121767337709,1.4274709327062078,2.3265922700054444,0.3590524320909663
668,eternal-sweep-669,run_639018898df01328e052726a4810403e,0.5613273978233337,2.5974318222925468,1.4097836399684394,2.3169025585193253,0.5319646241313959
669,resilient-sweep-670,run_8d633fdb9d627df1f18b6a900b28a50b,0.6635609269142151,2.4713980062290473,1.455577882397989,2.0923516603157335,0.4865066329753646
670,misunderstood-sweep-671,run_f872a4f1840cd23450e7d7e71c602f57,0.600127637386322,2.7209566068770896,1.3938603868919273,2.4319270549809477,0.5608212255211619
671,earnest-sweep-672,run_524d6009840d1d29863cce7549a344ee,0.5665603280067444,2.3999890354309112,1.466208456580317,1.9597985846488857,0.34576121288692524
672,hearty-sweep-673,run_58e5c065e21d3b1d57280dde70e8cbab,0.7295469045639038,2.7419928859320657,1.5317482256984936,2.3932226456178567,0.670284270372711
673,radiant-sweep-674,run_7b33e7ba8ba35ffb002fe61a6c8b94a5,0.5592852830886841,2.5344388402830007,1.51146268450859,2.186145890038107,0.32279216677195305
674,avid-sweep-675,run_83ac6ce03fe84d5e9addfb9068773ff2,0.5492023229598999,2.2740115328637898,1.4910619375289351,1.8574578116494298,0.2696272899557803
675,skilled-sweep-676,run_c78f2cb2029f8bfd2317476ebd5df1df,0.5812380313873291,2.1922094259683593,1.5058527753200406,1.6884322264561789,0.2963108022741644
676,curious-sweep-677,run_da846ec5cc870e3e5d4b8b62969b387e,0.5591576099395752,2.4356465153418516,1.5358935757094485,2.053592814371258,0.3064181933038527
677,frosty-sweep-678,run_1f29368139969942d5463df3293d2a27,0.6000000238418579,2.85861690783652,1.3785035579877165,2.5955089820359296,0.43809222994314617
678,apricot-sweep-679,run_ae0a7ac8caaa30a3b86cb81b962b35cb,0.5703892707824707,2.744001142092041,1.3773622373215106,2.546298312465978,0.3935439039797854
679,young-sweep-680,run_597765432b17759135a0181542039705,0.4798978865146637,2.184202054283644,1.6221443593651292,1.6884322264561797,0.32539481996209574
680,wise-sweep-681,run_8eddb94528a08cb76f6a340930bdb1a9,0.6139119267463684,2.7348952036100056,1.3688840281809178,2.5019324986390865,0.6353126974099806
681,revived-sweep-682,run_c5c55cf74821f09820d66bc949ad2dd8,0.5742182731628418,2.510944773261816,1.3869245225322937,2.1456450734893857,0.38058117498420757
682,confused-sweep-683,run_98cd01e80ff0ef9508e6241012987b89,0.5673261284828186,2.9696791225713017,1.2725457791060997,2.891589548176374,0.6411497157296276
683,iconic-sweep-684,run_4a52715e302ae9f62ca08c6c6e3bb9d7,0.63165283203125,2.586703442367325,1.443798307194598,2.2493467610234084,0.40468730259002
684,sleek-sweep-685,run_046c86331ff25492f16b3b7fae84942f,0.5886406898498535,2.5699956947527456,1.434019583978295,2.230838323353294,0.37166140240050677
685,giddy-sweep-686,run_cd6fe68f7a9eb2ace3d43e637313ab9f,0.5832801461219788,2.6261454353082065,1.3894385684470882,2.3980675013609165,0.33441566645609655
686,wise-sweep-687,run_6eb87b253984af8378b7d5ed373eb1a0,0.6202935576438904,2.776460722834573,1.430475179394076,2.49327708219924,0.5794188250157938
687,amber-sweep-688,run_71e1ed24c2dd653abc0eab0c49dbe6a8,0.5857051610946655,2.719257758890273,1.3862566324912629,2.4532117583015793,0.3133670246367655
688,brisk-sweep-689,run_cd6fbe09872a623dbc1e7fe2301ee5bf,0.5369495749473572,2.1946878217818355,1.398948953210365,1.7461350027218294,0.27030953885028464
689,worthy-sweep-690,run_cf3b29541952658970a7d705e7fbffe0,0.5373324751853943,2.4113592647444726,1.5845621387960305,2.007321720195973,0.3255464308275418
690,magic-sweep-691,run_c4cae2d68a8505a851f3af4816225a4d,0.5475430488586426,2.37247663907932,1.4226813305652104,2.001878062057703,0.3002274162981686
691,decent-sweep-692,run_ab9ebb12ffc4f477240ca6791200de46,0.586981475353241,2.674246312306114,1.3710213028316456,2.3869624387588475,0.4184838913455467
692,hardy-sweep-693,run_bc63de5b435b4f1a4e82cc03c97d2376,0.5854499340057373,2.4315691250920337,1.456193244856927,2.061268372346217,0.31773847125710714
693,efficient-sweep-694,run_5baad2179db4b69fe6120dd4d04c0fe7,0.5705168843269348,2.731225530104352,1.4534420814117088,2.4403647250952645,0.30960202147820604
694,legendary-sweep-695,run_80ebf0575b9b8a526de27e78c9f18996,0.5106573104858398,2.8786507829886405,1.3040463425649165,2.722563962983126,0.405116866708781
695,expert-sweep-696,run_ba3ded573fa76a01a57ba39dfbc0a665,0.7471601963043213,2.843668284964842,1.5212089569563827,2.4927327163854125,0.7570562223626034
696,woven-sweep-697,run_eacf53608254d1e622a96bbacfa26547,0.5115507245063782,2.123053783886834,1.6428647238288483,1.610261295590638,0.2174226152874293
697,solar-sweep-698,run_7325e608e32967d821c88c81cc502145,0.5758774876594543,2.601462988441888,1.5903203434540891,2.2987207403375076,0.30242577384712627
698,toasty-sweep-699,run_b83f16ba11a6a5425179a48552d0977b,0.5740906000137329,2.7958081195476985,1.3512518421047448,2.52811649428416,0.4256096020214781
699,solar-sweep-700,run_cc8532745f2ba5df9747df6b474c8b90,0.5965539216995239,2.54488353136702,1.3869341398410944,2.2167936853565613,0.45431459254579987
700,dauntless-sweep-701,run_2cc30d789b4cca0dc0d269acac4fdb32,0.5352903604507446,2.826456861298483,1.2776517464921373,2.6894120849210688,0.46429564118761857
701,fanciful-sweep-702,run_9831cfeb0306a331c9760d7125081580,0.5115507245063782,3.0021406967089503,1.16749344806821,2.9473870440936314,0.7060644346178143
702,wise-sweep-703,run_feeb9120a4d40c4489f19f3ecfcf9f59,0.606509268283844,2.8174779481398913,1.4678264144845978,2.5544093630919993,0.3753000631711941
703,sweet-sweep-704,run_272afa903d029320d3d58941d2d14e89,0.5923420786857605,2.4952524073426483,1.5065903725331675,2.096325530756671,0.38101073910296873
704,desert-sweep-705,run_a17c78b1f52b33e839b04492e613d282,0.7184428572654724,2.753788024313684,1.4663754166694452,2.3858737071311924,0.661617182564752
705,fine-sweep-706,run_8f003f4b4ab08b015fd84963c8e50ab3,0.5580089092254639,2.7139107057790293,1.3509693415562574,2.525231355470877,0.3830322173089068
706,denim-sweep-707,run_e54d3f964352d63eb42213edb137cc26,0.6022973656654358,2.60492976374501,1.3848791640444087,2.2802123026673935,0.46411876184459966
707,golden-sweep-708,run_0352e4dedc2eb0a409fd72de498497f7,0.5669432282447815,2.7553188712292154,1.32721976916904,2.5556069678824183,0.37241945672773347
708,unique-sweep-709,run_530ef61aee48fb976312d1bdbeaf0a60,0.577919602394104,2.335827858383781,1.4195829456402724,1.9690528034839423,0.3479848389134549
709,firm-sweep-710,run_1cf8c113f24b627c116da268c762fc9f,0.7204850316047668,2.627476134306243,1.4606734025139212,2.240364725095265,0.734440934933671
710,dandy-sweep-711,run_2cd5956917f0d844227329aafd533e7e,0.6139119267463684,2.847795895246993,1.4162778946165957,2.5252313554708774,0.4111813013265969
711,unique-sweep-712,run_fc30fdef4358418fdd11a51793c4d894,0.6029355525970459,2.2472093526390458,1.4305442849693366,1.782498639085467,0.3168540745420086
712,lively-sweep-713,run_59948365e76b05af1c3848d4a352a40b,0.7410338521003723,2.7821724026683583,1.5254732150780197,2.4115677735438217,0.7816424510423252
713,stoic-sweep-714,run_6f677432fddfaecf3a2f361ed73bf762,0.5973197221755981,2.5424769203604334,1.2337395428654272,2.3034567229178022,0.35445356917245646
714,electric-sweep-715,run_7f02e4f94ed4818b3d7f2a8bae88f252,0.5752393007278442,2.5600008460201105,1.4932834509002246,2.180430048992924,0.3412381554011374
715,robust-sweep-716,run_386c007f0018ffc447d1a4a3a330659b,0.596681535243988,2.6550214874184137,1.4294640947602664,2.3467882416984214,0.3587239418825022
716,morning-sweep-717,run_6d25360c4479aedc15e9b3ba6f416177,0.580599844455719,2.7792798412830724,1.3776408263161697,2.4878334240609696,0.3585723310170572
717,distinctive-sweep-718,run_a8c47786e4c5d1d7c1a2868b36807c11,0.6365028619766235,2.808982960106696,1.4175327473980333,2.484893848666305,0.4792040429564125
718,fallen-sweep-719,run_c69681f94157c504652c8e9d4247325d,0.6393107771873474,2.7945973078960034,1.4061183945957945,2.5025313010342964,0.4153253316487688
719,elated-sweep-720,run_eb930ecbe4867b4d5fd2149454e9bb2c,0.5369495749473572,2.276974331264708,1.435946777254617,1.8335601524224283,0.29118130132659564
720,stoic-sweep-721,run_e2a63dd62fe762c7325945cb5c4ee5e1,0.631397545337677,2.7352472325633186,1.441450943576175,2.3735710397387053,0.5134428300694897
721,fanciful-sweep-722,run_4b43efddc699279b47459de200a73c91,0.5663050413131714,2.934083770298719,1.3472126692915962,2.725939031028852,0.38166771951989886
722,jumping-sweep-723,run_52bd09ff14b3559b090508ffe93012e8,0.5830248594284058,2.66262138162576,1.4471890354200092,2.32022318998367,0.4082248894504103
723,stilted-sweep-724,run_4d5999cf5c30354a68cf2eb4c9d68eaa,0.5517549514770508,2.0909917436594916,1.508076091687226,1.616249319542733,0.24344914718888153
724,lemon-sweep-725,run_98afb0b47d2d172b076814979f7c3eb4,0.6691767573356628,2.6832003762554497,1.4442527961114004,2.3092270005443667,0.5753758686039162
725,wise-sweep-726,run_a22f1e9f7e7cb20c5c0b550741e21987,0.5945118069648743,2.599865189222715,1.3889819992173549,2.3102068590092553,0.5095009475679095
726,different-sweep-727,run_c32ee8c6e63ce457882f0d2af5297c4a,0.43178045749664307,4.2422667482804455,1.6250316896092647,4.04047359825803,1.9017687934301963
727,usual-sweep-728,run_4dd4dfb3273c442e3d2801c483b0a762,0.4945756196975708,2.4689916008359045,1.5719680403713046,2.0854926510615135,0.2569677826910936
728,dry-sweep-729,run_f34927e988a93267a8b3accf38b7a83f,0.5629866123199463,2.5517514691037357,1.3617134643190665,2.1799401197604795,0.4538850284270375
729,ancient-sweep-730,run_d9ba1f37ba3a46606c4cba55b567f5a5,0.6396936774253845,2.719675949156252,1.3758454515264469,2.43497550353838,0.3947062539482009
730,vibrant-sweep-731,run_7f2a331798ce44b61f20cc3f35d283b2,0.43178045749664307,4.2422667482804455,1.6252290740464177,4.04047359825803,1.9012634238787114
731,dandy-sweep-732,run_0b909c43b11bc3a57154d0e61f721c1c,0.5531588792800903,2.528568619594673,1.3728575702001942,2.2718290691344585,0.3564497789008208
732,northern-sweep-733,run_a9a404e188594368d46ac7f8a5b3a4cf,0.549074649810791,2.654186469510168,1.366893372630871,2.4176646706586826,0.35152242577384935
733,wandering-sweep-734,run_5e0a7ef8fd02128233eaba22418fe92c,0.5472878217697144,2.6451234305845226,1.4327870550881192,2.2902830702231918,0.38197094125078956
734,fancy-sweep-735,run_d7c275bc6c1e0845b5e5564101274882,0.6021697521209717,2.317320624704794,1.3930626432631512,1.9411812738160055,0.29380922299431533
735,breezy-sweep-736,run_0ca8e8c5cbd77cb99495db32245cd09e,0.6432673931121826,2.7024831972967025,1.475316671454504,2.2917528579205246,0.5958938723941879
736,lunar-sweep-737,run_f0fb3b07e45f54286b9941a42d5ed4f1,0.5470325350761414,2.3829657164653644,1.4460736716608775,1.9495645073489403,0.35134554643082716
737,glad-sweep-738,run_ff5ece6475dcfe1fcf432df476954d3e,0.5152520537376404,2.264471444025173,1.5788910194935246,1.8553892215568857,0.376007580543273
738,devoted-sweep-739,run_2706b50af0d87f265900c325d5232322,0.568091869354248,2.57317966624556,1.3730745251508407,2.2529395753946657,0.3559191408717637
739,peach-sweep-740,run_f76ceef588ae4a116a6e451bb3f9f5de,0.5678366422653198,2.7203387488297612,1.3598890249183884,2.5217474142623852,0.3071257106759324
740,visionary-sweep-741,run_20aec40d34d70b18c71a842f4ba3776a,0.43178045749664307,4.2422667482804455,1.6250316896092647,4.04047359825803,1.9017687934301963
741,colorful-sweep-742,run_9918fe8c4197806d29aa15cbb24d8335,0.5654116272926331,2.687342605805713,1.4090800924395992,2.3572945019052822,0.37274794693619734
742,zesty-sweep-743,run_11bc4db4da7df8c9dd4d82a816e690ce,0.5640076398849487,2.5027240527505077,1.5974023561011343,2.0656777354382143,0.34475047378395557
743,brisk-sweep-744,run_9580e877a97850f82b77205b315e5615,0.6806637048721313,2.7205024911398863,1.5161510050674332,2.326973326075124,0.6786734049273524
744,glamorous-sweep-745,run_a15dbf447dbe48a2f85e7c1627f9a24b,0.755711555480957,2.6218568774149307,1.496146741707614,2.2447740881872615,0.8630827542640552
745,sunny-sweep-746,run_b20e957a2064037ba3a2e2067689ed3a,0.5419272780418396,2.5696881418718753,1.4594098969055482,2.18663581927055,0.3232722678458636
746,dashing-sweep-747,run_9c2d08250ae73b1e34b5b5b2d9681d0f,0.6164645552635193,2.5183912088169413,1.4574397766610605,2.081573217201962,0.4808970309538848
747,lively-sweep-748,run_e1d6be6394fcf7eafefb2459cf686c03,0.5687300562858582,2.445641003821869,1.4453929218449977,2.0605606967882424,0.3595325331648771
748,frosty-sweep-749,run_2878ee8778778aac5e48fd97f70beacd,0.5816209316253662,2.4929701003256532,1.549141657521181,2.127299945563419,0.30262792166772023
749,bumbling-sweep-750,run_67dacd49980fe908eba81246cdbd5f17,0.5989789366722107,2.684653590055842,1.4005806143258004,2.368127381600437,0.3830827542640568
750,comic-sweep-751,run_fd0edd93affccd9f7e1e81ac8fd35258,0.549329936504364,2.5503169685882883,1.5516220138089454,2.196434403919434,0.3303474415666458
751,divine-sweep-752,run_b1389c37e890f501f063b831b3362873,0.5794512033462524,2.7719585545424597,1.443279773473592,2.482444202504084,0.36751737207833246
752,earthy-sweep-753,run_d09c9075db08bbb599c90664c2178eb9,0.612635612487793,2.477521115763624,1.3942664915713925,2.074333151878063,0.43960833859759996
753,classic-sweep-754,run_fe295388b69b2735cc81fcb81f74c99c,0.6049776673316956,2.707760388493027,1.4172202688252329,2.3755851932498655,0.3955148452305767
754,vague-sweep-755,run_e82806e8b8596e4c5abf315c45aaa3ec,0.558647096157074,2.4555479831777265,1.5080714460254256,2.0499455634186177,0.4070878079595695
755,misty-sweep-756,run_9a4dd2c73f291b9e040ab592260cf7ac,0.6117421984672546,2.7262140436780307,1.396231527496281,2.451252041371803,0.32117498420720253
756,fallen-sweep-757,run_9f1f477ceee447547d24fea0272daff8,0.6527121663093567,2.669960007463541,1.4507397252182632,2.278415895481765,0.5349210360075803
757,mild-sweep-758,run_d5c5ce239f235d85f1206ec2734e517a,0.6068921685218811,2.82697953975445,1.4233406084453042,2.5254491017964087,0.3444472520530648
758,glowing-sweep-759,run_b21417f27e59277248a9f1d4e2db251c,0.5813656449317932,2.784514511910692,1.3950201191035791,2.511785519869354,0.46725205306380385
759,glowing-sweep-760,run_357ac12cbf0bfd5bec39ed916722fa4b,0.5789406299591064,2.4372196738039853,1.4578896499707434,2.1001905280348403,0.3175615919140872
760,pretty-sweep-761,run_0891b84828cd77dc44622ab3db2a5f8e,0.5873643755912781,2.300285962735735,1.4656661239237885,1.8251769188894937,0.34075805432722717
761,rich-sweep-762,run_d4a206862f432428fa3de69a793c8b9b,0.5697511434555054,2.540514235014955,1.5500237556543692,2.167964071856289,0.3497789008212261
762,azure-sweep-763,run_b3786931d327b557ab7ad734e7726f31,0.4869176745414734,2.284167666258519,1.701421565259527,1.8603429504627116,0.3009602021478214
763,treasured-sweep-764,run_93286146d1aff31b4bd237086bdfa397,0.5031269788742065,2.802763552576695,1.7053777994884092,2.4114044637996743,0.3131901452937464
764,deep-sweep-765,run_5548e619b4ac5636d07a674d5a72bc0c,0.5920867919921875,2.1102416839224687,1.400688117251166,1.6254491017964077,0.2804421983575495
765,stellar-sweep-766,run_9dbcf1759449753ec32e0012c81abe5d,0.5733247995376587,2.6262263206083354,1.5023986223446952,2.2373707131192173,0.3428300694883139
766,ruby-sweep-767,run_cce7f9ae224c3231b1d855350deefce9,0.6174856424331665,2.791121307695964,1.471242564469423,2.4543004899292344,0.5279469361970961
767,devout-sweep-768,run_be94de11425c7650fe880c6c28c90db6,0.5859604477882385,2.669965815781329,1.4104602627029852,2.3635002721829075,0.38194567277321717
768,brisk-sweep-769,run_fd3784a07b16e7a1bd4d14e31d3b2e38,0.6132737994194031,2.97463570972321,1.4256294729148693,2.7143984757757216,0.5033607075173718
769,comic-sweep-770,run_18369267e5c710c321a6bf4f2afa67cb,0.5280153155326843,2.254778796764444,1.5651530026988,1.8808655416439855,0.2884775742261532
770,playful-sweep-771,run_638c83888dbd2996d943c716f44ca399,0.5652839541435242,2.4083823919332987,1.3803040964989794,2.085710397387045,0.27030953885028486
771,unique-sweep-772,run_9542520e6125e22d5b88c3adf20426c1,0.5526483654975891,2.7551684066004194,1.403140006471411,2.514235166031573,0.36114971572962734
772,iconic-sweep-773,run_e273c7e32e9be0e2b2ec1169cd288416,0.5238034725189209,2.711198019423643,1.2870100542854537,2.5260479041916173,0.3072520530638032
773,vocal-sweep-774,run_b70580fed9b03b461f67de0a3f336057,0.5673261284828186,2.621648409588468,1.5345884762185151,2.272700054436582,0.31192672141503525
774,playful-sweep-775,run_e71b10a46a60a00bfe024a995f822266,0.6510529518127441,2.76374005724755,1.4809597067667029,2.423434948285249,0.588945041061277
775,silvery-sweep-776,run_a63cb42b89d1d41f0c12d56392166b37,0.5229099988937378,2.929169576260134,1.2735236511377126,2.822509526401743,0.5679469361970951
776,clean-sweep-777,run_7c76a9c744c0d79c2259e39f802256c4,0.5374600887298584,2.3722566584801528,1.4972934839693075,1.9356831790963531,0.4138597599494628
777,driven-sweep-778,run_72b0f7e20f4f4d9d2f06a0729e1db1a6,0.6107211112976074,2.4007251787299606,1.501551018067266,1.98053892215569,0.38780795957043596
778,fresh-sweep-779,run_90ad5f39ad9b651135698606fae93aa2,0.5553286671638489,2.3166597339043866,1.5418880732754403,1.9072128470332066,0.39033480732785814
779,skilled-sweep-780,run_7826f5c88cfb1a1017ffd258228ba2f2,0.4917677044868469,3.058815286863877,1.6155863190754651,2.8211486118671747,0.6476184459886305
780,solar-sweep-781,run_20fecfdf5be9433f76e7e742228e57df,0.5711550712585449,2.452299535348037,1.4436293600342796,2.0763473053892225,0.32526847757422644
781,pious-sweep-782,run_652ae475f44de2a6f62693deea976fa8,0.5559667944908142,2.779560361853757,1.2858607625862704,2.575639629831248,0.4268730259001881
782,toasty-sweep-783,run_34d5c51a9e4ce284ea2fc97437ebd7b0,0.5387364625930786,2.3554211998253916,1.4512643732771875,1.8821720195971703,0.3564245104232475
783,proud-sweep-784,run_8a0775ba394abe2fd57154bbad8e4b5c,0.5989789366722107,2.4326746193080813,1.4338303409748847,1.9731355470876446,0.34027795325331683
784,fancy-sweep-785,run_438eb6bc44b1c97292f8a90eea2608e5,0.7193363308906555,2.614376975613657,1.4576667983376612,2.22387044093631,0.700379027163615
785,fearless-sweep-786,run_97ae6d4fdc192330a5440edb26cdb965,0.43178045749664307,4.2422667482804455,1.6250316896092647,4.04047359825803,1.9017687934301963
786,northern-sweep-787,run_a9abe9f4f14f8a652feead4cf6bc7f69,0.5306956171989441,2.4005202802659893,1.543245367764407,1.9939847577572132,0.33150979153506094
787,hearty-sweep-788,run_8127741497e0ceaabf89808ddfec7451,0.5846841335296631,2.8036917917213375,1.3928331590901732,2.5787425149700605,0.387201516108654
788,sunny-sweep-789,run_8316b30a4a5c7c5750410458d7b93083,0.5104020237922668,2.0155566892775014,1.4955994769621448,1.5316004354926507,0.2693493367024639
789,fearless-sweep-790,run_edc1c89140efcef1be78d7bc6a72df8c,0.5613273978233337,2.540409592107197,1.3263747949022269,2.2752585737615685,0.4607075173720782
790,hopeful-sweep-791,run_582aa34e71ebc01c0255565b4151f2ca,0.5970644354820251,2.811438413245567,1.4031779068318793,2.5128742514970073,0.39680353758686154
791,crisp-sweep-792,run_253f478e69e256f5b3cb9031baf0e9d3,0.6504148244857788,2.343908448393107,1.4660564526371178,1.9198421339139893,0.5030069488313337
792,ruby-sweep-793,run_ee23cb40080d0fdd2cda11e06583f257,0.5153797268867493,2.970135884059427,1.7230269880260352,2.612928688078389,0.5317877447883769
793,colorful-sweep-794,run_06bbf46f8281d915c72701248e6879f2,0.5827696323394775,2.8188313754043635,1.4115169031321229,2.5595264017419717,0.33100442198357477
794,summer-sweep-795,run_19ef41757377400e1aad183a6a1a05ab,0.6014039516448975,2.859601281977319,1.4481042980381236,2.6416712030484493,0.39960833859759953
795,vital-sweep-796,run_6a9fd03f77c404267bdcba644eaa9405,0.5799617171287537,2.8821629103276116,1.3350988413055371,2.661105062602069,0.4012507896399236
796,trim-sweep-797,run_814720730cb112c8d4c5745745b0b935,0.5193362832069397,2.2818944067779316,1.5831166263166303,1.8419433859553629,0.239355653821857
797,northern-sweep-798,run_43e7c14a1f66fc8f33b0bb1f91ca9cd9,0.5608168244361877,2.606060526448334,1.4614964467165652,2.2095536200326635,0.4075931775110553
798,fresh-sweep-799,run_35c5af3b157154fd085e1db555a3d2de,0.43178045749664307,4.2422667482804455,1.6250316896092647,4.04047359825803,1.9017687934301963
799,fiery-sweep-800,run_9128afcb7106b7f39470cd784ef75ca6,0.603318452835083,2.63432172694907,1.37586135928795,2.3134186173108335,0.4852432090966527
800,decent-sweep-801,run_5258e81531c2853d9d3e8da00e75d056,0.6074026823043823,2.8763384615321748,1.4106608441965267,2.650816548720742,0.509121920404297
801,polished-sweep-802,run_0594095bb0265f3f97d3459e5f97c912,0.6089342832565308,2.7157628774164677,1.404488219255795,2.4324714207947755,0.44761844598862954
802,curious-sweep-803,run_b975a0e18321f6789dfb47ade58867e5,0.6243777871131897,2.549701655934596,1.3327456378055058,2.3259934676102354,0.46545799115603265
803,youthful-sweep-804,run_8b384bd7b185f0e1b3de90c2a5721adf,0.5789406299591064,2.670834362333438,1.389450921463396,2.3320359281437133,0.43240682248894674
804,spring-sweep-805,run_0531f267f30e5c5409360ddb9a348846,0.43178045749664307,4.2422667482804455,1.6250316896092647,4.04047359825803,1.9017687934301963
805,fine-sweep-806,run_c523057e9909ffd12676ba98c73f976e,0.43178045749664307,4.2422667482804455,1.6250316896092647,4.04047359825803,1.9017687934301963
806,youthful-sweep-807,run_0b330b6ff745f9a626272feeae784254,0.5835354328155518,2.3940688018013416,1.4400644492813524,2.0393304300489934,0.3366645609602013
807,genial-sweep-808,run_49b4e00a1a947bee5e4e2351ed1db310,0.43178045749664307,4.2422667482804455,1.6250316896092647,4.04047359825803,1.9017687934301963
808,super-sweep-809,run_76ec4ca49d52f8f2567e560abec2ce5c,0.5590299963951111,2.5350436998082344,1.3874964094739746,2.2452640174197067,0.3898547062539489
809,polished-sweep-810,run_2045523b9cd771652dd171b58af6ce6c,0.5587747097015381,2.6063671271584803,1.3499124775509002,2.2875612411540556,0.38659507264687343
810,peachy-sweep-811,run_b9f96adc556e6f73ffaf185b6f656cd4,0.6298660039901733,2.6724369577142366,1.4864834305811818,2.2609961894393047,0.5466961465571701
811,divine-sweep-812,run_ab70ba3846bf517f40c1f53270130ca3,0.5360561609268188,2.3134259500797105,1.485364898590468,1.8259390310288526,0.285066329753633
812,elated-sweep-813,run_d6f18e2eda24027b85257f4c67247cbc,0.5606892108917236,2.457481939314085,1.433733176310661,2.0264289602612964,0.3921541377132041
813,hardy-sweep-814,run_b10b110307900d13b6ad55f85b95f581,0.5726866722106934,2.6549284446429384,1.385003410626796,2.4154327708219934,0.5162223626026529
814,eager-sweep-815,run_585c577b5b431e5eeae45483a99c8398,0.5411614775657654,2.482727874331415,1.4983592474891902,2.154790419161678,0.3187239418825012
815,deep-sweep-816,run_7f39cadc3264cd186c241d3789ffd1fa,0.5678366422653198,2.5504968296418484,1.3863666047693386,2.2261023407730005,0.29729627289955807
816,peach-sweep-817,run_98cd2ed8816214117c0f49a2bb700326,0.6298660039901733,2.667207673091564,1.392670889617224,2.3143984757757226,0.3822236260265322
817,youthful-sweep-818,run_603103ad6f2eb46d84ff3ac42def9efe,0.6127632260322571,2.6542577143444377,1.4554500000989097,2.325557974959174,0.47879974731522534
818,celestial-sweep-819,run_a56c7b105ea934057f63c7a8d4fcfda4,0.5758774876594543,2.50879484247674,1.385000957417323,2.1366630375612417,0.43015792798483976
819,cerulean-sweep-820,run_a2ad027d93fcb108492da879e0ba0824,0.5692405700683594,2.777723934543528,1.44458511320118,2.5163581927054985,0.35157296272899496
820,jolly-sweep-821,run_0a2d61639560dec4f341d4b55c06602b,0.6028079390525818,2.7308130586136072,1.3738769187485924,2.4331790963527498,0.40049273531269886
821,fiery-sweep-822,run_72aae4e2b79cd835fdf630ae1c57aad4,0.5405232906341553,2.3344300399712066,1.6164471880439844,1.9111322808927613,0.45348073278585
822,lyric-sweep-823,run_9f4841c3a1f61952da4a85c52e86030e,0.43178045749664307,4.2422667482804455,1.6250316896092647,4.04047359825803,1.9017687934301963
823,glorious-sweep-824,run_2974e6235466933e7280d3d2d8ba01f2,0.5430759191513062,2.511297608558709,1.2645266749462278,2.2219651605879167,0.3334554643082752
824,sweet-sweep-825,run_02be492f7298c16b0bd35d37849e5c57,0.5821314454078674,2.1290045805738145,1.4437723006648198,1.6569678824169844,0.31543903979785193
825,lemon-sweep-826,run_3ee10ef9ccd26fb0b0ffd261edd218e7,0.6084237098693848,2.750289904672004,1.4382869263842095,2.397577572128471,0.502678458622869
826,likely-sweep-827,run_0529f6b7c2d03ec017988c986534687a,0.5897893905639648,2.9008683280861924,1.4170897750836426,2.5906641262928694,0.41555274794693586
827,sweepy-sweep-828,run_6d452592702cb3554b7a236a3ae23826,0.561837911605835,2.6834153881433465,1.3058898981026887,2.4834784975503554,0.33969677826911066
828,true-sweep-829,run_b6a5588f6b2dc5ebf3ddf5f695102f41,0.5530312657356262,2.797816701153705,1.3479193350040015,2.5829341317365277,0.6519393556538214
829,fragrant-sweep-830,run_6eec3968a1963241e9b52b34e22bc569,0.6052329540252686,2.870109260097052,1.3535974090763117,2.6193522046815465,0.38715097915350716
830,hopeful-sweep-831,run_08066a004905f968b27d997d1fd14a9a,0.6066368818283081,2.8541229223183047,1.397178305734688,2.58217201959717,0.4616171825647492
831,zesty-sweep-832,run_0cdb88134b7b99ec2bacd10368a9727f,0.5783025026321411,2.657255629629178,1.4371173329157758,2.3683995645073503,0.3477574226152879
832,rosy-sweep-833,run_fb1ce88257d0f201624f4de976430454,0.5696234703063965,2.7219175997635663,1.4035606596404082,2.4680729450190526,0.33108022741629817
833,dry-sweep-834,run_72023b1c627fc33995b4613dd27088d0,0.5189534425735474,2.742157933915323,1.2107538754049814,2.611948829613501,0.3330764371446633
834,true-sweep-835,run_2eb0c40e702a6893a118bdb78d7df448,0.5480536222457886,2.154887823177091,1.507916821971575,1.657838867719108,0.24349968414403017
835,fast-sweep-836,run_90da8185a7c5c24df523f38087915918,0.5430759191513062,2.0996556231997157,1.5184911837435346,1.5827163854109967,0.2653821857233104
836,toasty-sweep-837,run_e1b7a7fd0a601525004c8fea52c132ef,0.5480536222457886,2.5350664437943435,1.4089351753010773,2.2354654327708228,0.42123815540113835
837,denim-sweep-838,run_635faa67a9fb1f806da3390dd71a6e1a,0.530312716960907,2.999700874086697,1.290788552288184,2.8421611322808937,0.5267845862286794
838,unique-sweep-839,run_173b728d3444d97df89f97a686e5eb8e,0.5760051012039185,2.3780816149231985,1.5470386578931472,1.9035111594991843,0.3346178142766905
839,sage-sweep-840,run_b4599ffa002c09598ea99681f3df4307,0.5698787569999695,2.59498266093996,1.5335653637874922,2.201714752313555,0.32210991787744836
840,eager-sweep-841,run_0859f90d1c6c97275c87db97d47b4c9a,0.5595405101776123,2.2430094133376173,1.5093380432948604,1.7370440936309206,0.28509159823120717
841,noble-sweep-842,run_528b4ce6d0fd62691b2a35c63bf8767f,0.618889570236206,2.471850127817108,1.360108965480625,2.1336690255851942,0.3541503474415688
842,skilled-sweep-843,run_73fe01a76f29e149d143d98a7ae75dad,0.43178045749664307,4.2422667482804455,1.6250316896092647,4.04047359825803,1.9017687934301963
843,young-sweep-844,run_f488577979901624ddc3ae88f9365622,0.5868538618087769,2.672022115452402,1.3975919707219842,2.3871257485029935,0.4507770056854089
844,valiant-sweep-845,run_b655009d0f909ee95cc720a00558d024,0.5409061908721924,2.41924169549717,1.6379773015309056,2.0271366358192715,0.3243335439039806
845,devoted-sweep-846,run_b07aa951318fa37ebf257633e3741187,0.5733247995376587,2.722977850193995,1.4925593409880191,2.403946652150246,0.40256475047378404
846,jumping-sweep-847,run_7d793d6c4e35d6ecba36c96346ad0c62,0.5310785174369812,2.427531483305194,1.6018430630541955,2.01516058791508,0.3493240682248893
847,grateful-sweep-848,run_9f030f30a5a1bdadafc54e147efc8eab,0.6282067894935608,2.6591621968754655,1.4657552641428668,2.3248502994011986,0.483802905874922
848,twilight-sweep-849,run_c77a3e6fbfc3b9b4252d42ea211102ae,0.5705168843269348,2.4612379858239364,1.3976135978617763,2.0923516603157326,0.3925584333543894
849,bright-sweep-850,run_7761c7ee6f098eafa20c4286d0a78411,0.6057434678077698,2.441426205843643,1.4680811135531389,2.0323625476320095,0.350082122552117
850,woven-sweep-851,run_7ebbfc4ca0e63c58556294424042d420,0.6082960963249207,2.3497504206645625,1.467173647763942,1.8842406096897126,0.3420972836386618
851,dandy-sweep-852,run_997634d92a65a0ae7f21de8ae89c6186,0.7493299245834351,2.598728776862119,1.4922984415715888,2.17346216657594,0.7424005053695516
852,firm-sweep-853,run_8515617548c6f7efa3018700576ad349,0.6234843730926514,2.5317896997445852,1.487387428818462,2.1845672291780085,0.33070120025268535
853,noble-sweep-854,run_4aaf5f6b0fbe78924ac2a666bb3d4c0e,0.6285896897315979,2.502681593287386,1.432742007067,2.1492923244420257,0.33019583070120073
854,graceful-sweep-855,run_e96ccd3875aaf16cbba675a4ce3b90d3,0.5523930788040161,2.676401522538787,1.402803339097627,2.4353565596080573,0.36253948199621006
855,glad-sweep-856,run_69aa72b0bad4cd4071c6e1e3ad32747b,0.5664326548576355,2.8849146713144593,1.3668000691350786,2.6594719651605887,0.3481869867340483
856,skilled-sweep-857,run_0e90890e7414989f4fd047466d8ec096,0.5546904802322388,2.996353197307015,1.2003488853194568,2.908138268916713,0.6766266582438419
857,prime-sweep-858,run_2cd8f16ac475df26ce186cdba167a754,0.6125079989433289,2.7520306865865853,1.3455143169086274,2.5584376701143166,0.3414908401768795
858,chocolate-sweep-859,run_973b447f87231d7805c583b855424fc6,0.43178045749664307,4.2422667482804455,1.6250316896092647,4.04047359825803,1.9017687934301963
859,restful-sweep-860,run_c7b68d1dc6590a601f2e3a29d378664b,0.5282706022262573,2.5136240800745298,1.613376301549621,2.178742514970061,0.3345420088439674
860,cool-sweep-861,run_350f5a3f1f7f1ace25eb465e4bd9c3bd,0.5702616572380066,2.3783444624926218,1.4716452335797887,1.9672019597169315,0.3375236891977255
861,efficient-sweep-862,run_245ae6bd28c2602f9821764610921e46,0.68883216381073,2.7945157738135697,1.4551432131047348,2.4777626565051727,0.5970309538850281
862,revived-sweep-863,run_7dd861a435e2d88bdb2834ce908e15af,0.5641353130340576,2.8084823494788784,1.4400604478091508,2.554463799673381,0.3379532533164879
863,young-sweep-864,run_f2c2188d6472a3ca5fd31bcc371fec49,0.5752393007278442,2.878786970604425,1.3512133154974524,2.650381056069679,0.4111560328490213
864,twilight-sweep-865,run_e9c746fe4327274582e4fa2311888d55,0.6022973656654358,2.4726093279950647,1.4478440870920417,2.0863636363636373,0.34048010107390975
865,rare-sweep-866,run_a36ec9c8141e89e4938aa1300e26b691,0.5479259490966797,2.52983997101147,1.5022260198948112,2.2123298856831797,0.32380290587492194
866,faithful-sweep-867,run_b422d4c57b99d95106925b5359be5ede,0.43178045749664307,4.2422667482804455,1.6250316896092647,4.04047359825803,1.9017687934301963
867,fragrant-sweep-868,run_1a64d81a0cff3489cd5edd577ec59309,0.533503532409668,2.446281023765993,1.4603069111120954,2.095345672291781,0.34090966519267163
868,cosmic-sweep-869,run_3c7fa8e54fd65cd148558543c1477621,0.5760051012039185,2.7820049776765408,1.4506375483969458,2.4953456722917804,0.35965887555274867
869,rural-sweep-870,run_3ad4a1e4bbd7df89da0cfb0754678dd6,0.5896617770195007,2.7725432488799076,1.4555512391510042,2.432906913445837,0.34828806064434686
870,youthful-sweep-871,run_8053ccb8fb722a8447a74b5c54f7a3e5,0.5597957968711853,2.7170009746804884,1.4065971526773993,2.4882689167120318,0.3181174984207202
871,chocolate-sweep-872,run_639e0a2b319c1d19396f515648d3576a,0.43178045749664307,4.2422667482804455,1.6250316896092647,4.04047359825803,1.9017687934301963
872,restful-sweep-873,run_c677fdb589fbe0d8f4c7d50e51bbc2f6,0.5388640761375427,2.1952743422631302,1.5582055297657966,1.7278443113772464,0.384699936828805
873,likely-sweep-874,run_1ce34173a70aa4eb54c5c457b459571d,0.6002552509307861,2.313892618428687,1.4452753838169392,1.9752585737615682,0.2695009475679102
874,ruby-sweep-875,run_d6a5378c029ed44af4425b9e0fe460c6,0.5902999639511108,2.7759105706285836,1.3920118010340337,2.519080021774634,0.416260265319015
875,grateful-sweep-876,run_2e03a99128f3e9c3ceaae462fd73785f,0.546394407749176,2.5154390228727426,1.5382423941780778,2.1664942841589556,0.320341124447254
876,apricot-sweep-877,run_635d67e7ded8c517471478aba79799bc,0.5605615973472595,2.760953878961162,1.4280980363352302,2.535193249863909,0.34022741629816966
877,logical-sweep-878,run_5e0014cbfe2d8fc1526c393ec94399c7,0.6432673931121826,2.729543653488358,1.3630817388120706,2.468780620577029,0.3818951358180674
878,peach-sweep-879,run_ac877b0cb658b24fc26bd758a3cdfae2,0.520995557308197,2.4709344910447686,1.4419134969183591,2.054572672836147,0.27682880606443416
879,still-sweep-880,run_31778b173eedef8ce2a3fb06c7e1f643,0.61238032579422,2.8919282400638577,1.4518733485320845,2.6201143168209042,0.43258370183196493
880,fallen-sweep-881,run_5592961cf55e3fe5552d64d36c21174c,0.6846203207969666,2.777951058240175,1.4399924361421288,2.467909635274905,0.6171193935565396
881,faithful-sweep-882,run_d535bdd0610f26879cc8ae6c82411048,0.4944479763507843,2.291193370689319,1.5335340342015749,1.8815187806205775,0.3140492735312694
882,balmy-sweep-883,run_c6d593a5efa69bcf3b1c2c22274d1146,0.5978302359580994,3.005486473412866,1.4163318938298448,2.7675285792052273,0.5744662034112432
883,dandy-sweep-884,run_92fc9178e1fdb63d10607b6223ebf3b4,0.43178045749664307,4.2422667482804455,1.6250316896092647,4.04047359825803,1.9017687934301963
884,legendary-sweep-885,run_50b4fbc1e3d1f72130de171a5ad61e13,0.580599844455719,2.555355651716085,1.4586036218699132,2.169542732716385,0.4228048010107392
885,vital-sweep-886,run_1726934c28d534c3ccd402283a91e14c,0.552265465259552,2.5669855638114827,1.4200044648241013,2.2410179640718573,0.43303853442830104
886,faithful-sweep-887,run_26ab8c423279e1f21c7604962d8e4c67,0.5867262482643127,2.7073624484344867,1.442832760860296,2.3416712030484503,0.4863802905874929
887,atomic-sweep-888,run_56c24edc071495ffb03dfdb683e80c31,0.7594128847122192,2.7773343989910715,1.5211726131297598,2.3453184540010885,0.8222994314592545
888,sweepy-sweep-889,run_85594b5b48e1a3a5d36b91c5c2c25760,0.5883854627609253,2.4364950385662745,1.4898905871455437,2.0161404463799677,0.36286797220467454
889,copper-sweep-890,run_d8c27497c92ddb8ada5d6ca708734e91,0.5646458268165588,2.479612569465475,1.5145889039317235,2.1484757757212853,0.3284017687934314
890,lunar-sweep-891,run_d59b8c6a50112fcd479d024427be5256,0.6079131960868835,2.8261004271377197,1.4374767138298814,2.5488568317909643,0.38664560960202266
891,classic-sweep-892,run_73533b470b36923d2c079a6eb6771038,0.5527759790420532,2.339355404299631,1.5646028793745217,1.9774904735982588,0.30288060644346226
892,noble-sweep-893,run_81c15b964066cb8e4b715c9568130005,0.6779834032058716,2.392028491697912,1.479615811392734,1.9402014153511173,0.6052432090966516
893,rosy-sweep-894,run_39b7f8b11646caf3a6f81893f42a4990,0.5326100587844849,2.4331171603403816,1.5377508637949096,2.0455362003266204,0.3409349336702464
894,dainty-sweep-895,run_ed815420a34d25d9b91a1ab6e96ab794,0.5471602082252502,2.874633445179893,1.3096916792488773,2.718045726728362,0.42437144662034015
895,snowy-sweep-896,run_982626340c23d8dfd8ba8b4575ad79a4,0.558391809463501,2.5911460953638183,1.395748291020574,2.353973870440938,0.3546809854706245
896,spring-sweep-897,run_7a4618d116136ba4495b1820e7939a79,0.5723037719726562,2.626947486648022,1.1267715856883145,2.4941480675013623,0.34801010739102994
897,feasible-sweep-898,run_bc867419ac418ea0b0465bbb057607d7,0.5924696922302246,2.961284044763244,1.4573622886287407,2.6650789330430076,0.4852179406190779
898,confused-sweep-899,run_9836645ca072bfd87f14735e40e55b99,0.5245692133903503,2.648182765516458,1.4277323244695388,2.32953184540011,0.3801768793430194
899,atomic-sweep-900,run_c50915bd877ac48b8cd7de99311e615b,0.5258455872535706,2.8921783674969666,1.2613006439531762,2.777054980947198,0.5158938723941879
900,faithful-sweep-901,run_f885e29a8d93062b116f88dc2dc0d093,0.43178045749664307,4.2422667482804455,1.6250316896092647,4.04047359825803,1.9017687934301963
901,major-sweep-902,run_9b166c05d90ecee143bfe2682a675979,0.5850670337677002,2.822668792581041,1.390298789963559,2.6032934131736543,0.40107391029690354
902,azure-sweep-903,run_8ad41f44e93c98586eadb13fa32c8e2e,0.6171027421951294,2.5777029836844254,1.3932404680072672,2.255606967882416,0.36761844598862997
903,glamorous-sweep-904,run_cd4dac7d3363543ae3b967a1197a2413,0.5578812956809998,2.4840692997220764,1.5286835527293043,2.0617038649972788,0.35554011370815053
904,misunderstood-sweep-905,run_5a6d55a39ab4be754d1622cc322a786a,0.5876196622848511,2.6946032029694913,1.3485709323065072,2.4662221012520424,0.3450031585596976
905,smooth-sweep-906,run_4d63b4be639e62ab7ef9fb363b731905,0.520484983921051,2.6322647360551312,1.4323561309373647,2.401061513336963,0.6522173089071389
906,resilient-sweep-907,run_11bb87252509c4320cea244f49be6302,0.5448628067970276,2.516434301500933,1.456589168640982,2.251905280348395,0.32963992419456806
907,fallen-sweep-908,run_8a741aa66785779baf5f44f34556ae12,0.5379706621170044,2.764645472577582,1.424973471282281,2.468236254763203,0.42919772583701793
908,clear-sweep-909,run_a84f73687f7ee7565c409a8b355047a1,0.5975750088691711,2.551639417682037,1.357278546462923,2.2419978225367454,0.4286923562855338
909,atomic-sweep-910,run_0c295fa5fde9f969961aa73be50077c8,0.6047223806381226,2.8142454099075955,1.3030493354314447,2.6098802395209595,0.3640050536955149
910,neat-sweep-911,run_643cfb6cf7b0d428adb970f9ebf7d27e,0.5973197221755981,3.1194122745722175,1.3890523855597097,2.897686445291236,0.6458496525584341
911,volcanic-sweep-912,run_5221e42710a461236f58111ff9df88a6,0.5479259490966797,2.5144249883003416,1.582411092857004,2.1335057158410473,0.32248894504106235
912,swept-sweep-913,run_4242bd3b486fa82947607e77cb0f6194,0.5728142857551575,2.369788574239616,1.5650668739514375,1.9558247142079503,0.2965634870499047
913,solar-sweep-914,run_8b62fc3d446b279e6295c867e82825a1,0.771155059337616,2.597451736429292,1.5225188793329498,2.157729994556342,0.8406948831332905
914,flowing-sweep-915,run_31d9aa4c3bc516ef218647bbf2ce7039,0.43178045749664307,4.2422667482804455,1.6250316896092647,4.04047359825803,1.9017687934301963
915,sweepy-sweep-916,run_9b1b1ebc6c74c82543dc06b5f095cd4c,0.536694347858429,2.4667013213083453,1.6597054144901575,2.071012520413719,0.3173089071383451
916,light-sweep-917,run_214479be705391a9e2d4ec440c61a343,0.6017868518829346,2.59207425671397,1.409299351474556,2.262411540555254,0.49274794693619756
917,genial-sweep-918,run_a0a1dd9e9c9248dfdfb9858915e1629a,0.6015315651893616,2.6931662609792943,1.3442518125277092,2.451741970604247,0.34523057485786574
918,celestial-sweep-919,run_5b926ec39901fa1c9f2a4ac19f5bb567,0.6349712610244751,2.728670046812988,1.3806349110602874,2.470685900925423,0.38363866077068853
919,driven-sweep-920,run_1d48b85d870c41fc3536398b68c1f8b9,0.5844288468360901,2.1753903892506385,1.445052479510115,1.6789602612955903,0.3030069488313336
920,peach-sweep-921,run_c1ca5ddb09ba3d56aa093ef00c7d9d07,0.679770290851593,2.824099457733886,1.4474033012085252,2.5014425694066404,0.6563866077068863
921,worldly-sweep-922,run_66663bdec313f29f2c86af32cefb23af,0.5382258892059326,2.5130319756340853,1.3941041385921604,2.182716385410996,0.33474415666456153
922,rosy-sweep-923,run_39d1374e71c228c8dd8f4fa8fcdc1f12,0.5652839541435242,2.6280256634224872,1.4215730677866054,2.3562602068590097,0.48051800379027165
923,trim-sweep-924,run_40c3fbaaeff5740a6bd4b575b7faa726,0.5678366422653198,2.3294170826256,1.4973612138070322,1.8709036472509541,0.33931775110549656
924,iconic-sweep-925,run_e0a960372ccfbc3511ba04ed862663e2,0.5788130164146423,2.4927988499433913,1.447737202474928,2.130293957539467,0.392356285533797
925,earnest-sweep-926,run_d3928ec300a0f3fcd16915341a557780,0.6308870315551758,2.616630470153864,1.4127915337419703,2.266113228089276,0.38101073910296973
926,swept-sweep-927,run_7cfa42c2645e997672c3564ee2ebd415,0.5438417196273804,2.472584207627634,1.5399672731634624,2.094093630919979,0.31488313329122036
927,warm-sweep-928,run_24c7359c58cfc4ca6c477ad7b4fe44c2,0.6311423182487488,2.543916453430697,1.394980918144868,2.2253946652150254,0.3538976626658257
928,vocal-sweep-929,run_48a63f13ae42a41e9ee83af73e11e96f,0.6005105376243591,2.0956373164111746,1.45077514682664,1.633287969515514,0.30914718888187015
929,toasty-sweep-930,run_857a11a77bcc9730ff1ffca6b308b2b8,0.5841735601425171,2.585430837397315,1.472702107056759,2.1684540010887323,0.3891471888818703
930,confused-sweep-931,run_b93556db50cff62c07b195eef1ed399d,0.555456280708313,2.5806312532049636,1.3529604497181067,2.3102612955906374,0.5468224889450416
931,likely-sweep-932,run_8c6a1406f28ffa2f8596aa37f2a3742c,0.6202935576438904,2.504581851084413,1.4609857732575813,2.115051714752314,0.3641819330385344
932,blooming-sweep-933,run_e85248a74ce32b425f947177c2957ffc,0.6130185127258301,2.8523402357703747,1.4830828200694637,2.534866630375613,0.41423878711307643
933,good-sweep-934,run_cccda174d248647c82ca040393e2a3d7,0.5243139863014221,2.4077003300716524,1.5493273762923454,1.9882689167120315,0.34234996841440324
934,ethereal-sweep-935,run_93842027229755ea0b940ad8c579f3ff,0.6109763979911804,2.5991407527879993,1.3994520396468308,2.2815732172019607,0.4550221099178773
935,peachy-sweep-936,run_12b3900bdd7c8b55623efb8c372fb8a6,0.6015315651893616,2.7203200434496337,1.429339593789243,2.4380239520958096,0.4172457359444095
936,super-sweep-937,run_c8eed42dac119d82c11a35b7eb8ca651,0.5229099988937378,2.9436349736029466,1.2340261198246931,2.822727272727274,0.46255211623499737
937,stilted-sweep-938,run_fcd070cdd9620b7b6c6d142bffe828da,0.577919602394104,2.7615006715008175,1.369349254133443,2.496379967338053,0.36905874921036014
938,fine-sweep-939,run_e05ee36de4adbac0f58b9474e40c6b3f,0.5535417795181274,2.7576831604807666,1.373596737081705,2.5104790419161684,0.6546936197094129
939,valiant-sweep-940,run_d8eb2561fc5cc34d89a8a6419c31236a,0.5975750088691711,2.9099807931436485,1.4473389871449092,2.61537833424061,0.39885028427037317
940,distinctive-sweep-941,run_ba66ef8edea6850ebf25893917693cee,0.5520102381706238,2.592409808935449,1.478326739711216,2.269651605879151,0.34775742261528825
941,denim-sweep-942,run_82dc6dfb114468beea5c3558f9cbe612,0.619144856929779,2.9580798687360343,1.6338005167695575,2.6245781164942854,0.8598736576121293
942,fallen-sweep-943,run_fff51bb841fac4c614c873ca7fbb6bb8,0.5497128367424011,2.424778152274806,1.60328091854438,2.0391126837234625,0.3447757422615292
943,legendary-sweep-944,run_fd2654ce57b9b3e0e130169004159cb6,0.4557753801345825,2.387793340938555,1.5569098730457367,1.9184267827980406,0.31200252684775776
944,stilted-sweep-945,run_d6bf19bd70703ab3102e217a976952a5,0.5952776074409485,2.2866382836258103,1.5051820253748691,1.8045454545454551,0.31399873657612226
945,solar-sweep-946,run_d1229f7643027f4ae041375bea120e05,0.5957881212234497,2.813052156587103,1.3811606392211289,2.5701415351115964,0.3791156032849029
946,avid-sweep-947,run_5182d1dfcb75912dd725334775cac0df,0.43178045749664307,4.2422667482804455,1.6250316896092647,4.04047359825803,1.9017687934301963
947,swift-sweep-948,run_48ea49da3385264917e716e01a26a25d,0.5345245599746704,2.40991721150315,1.5653198656826566,2.033995645073491,0.30758054327226775
948,rosy-sweep-949,run_273752f90b84ed2559ff856818d194d9,0.5993618369102478,2.321876458569682,1.386430284026152,1.9086826347305397,0.3119267214150348
949,dazzling-sweep-950,run_3ce3ad85ac2bccf5442a9f3bf5b50a3b,0.6049776673316956,2.741500044779732,1.3559392559880772,2.465568862275451,0.5411370814908395
950,dry-sweep-951,run_2b1b483799df3ef6aca2441646e76b9b,0.43178045749664307,4.2422667482804455,1.6250316896092647,4.04047359825803,1.9017687934301963
951,rare-sweep-952,run_c3a80b9a4484b647e725b293cd618865,0.5671984553337097,2.6547517571579657,1.3415169479428652,2.3486390854654333,0.33411244472520624
952,misunderstood-sweep-953,run_f0b1d420c4d59dc816c3308e9de1942c,0.596936821937561,2.743407210156753,1.3929009617804766,2.473788786064235,0.3703474415666461
953,driven-sweep-954,run_1440b6387b5f570ad5336d2d85fd0a2c,0.5880025625228882,2.587579666661364,1.2189771373233955,2.360996189439306,0.4474921036007582
954,clear-sweep-955,run_e9fc6e0aebe59eee8ebff5edca286108,0.7244415879249573,2.891399507924495,1.488298481967592,2.5914806750136092,0.8137839545167402
955,ethereal-sweep-956,run_eac3b967c10ea366bfcb83d889253cc4,0.5826420187950134,2.5181426633741695,1.4154495835519996,2.207049537289059,0.3193809222994307
956,golden-sweep-957,run_e96b2600c3df4d0c9463252d879fdab0,0.5983407497406006,2.3762712795882237,1.448536420028996,1.9216385410996206,0.33519898926089686
957,young-sweep-958,run_c09a74d6bf0fcce2357bfbbb27aa4e6f,0.6042118668556213,2.6195289085087397,1.3464473699378685,2.354137180185086,0.33557801642451013
958,fallen-sweep-959,run_7d53b62c586d3d7b3cf962504dd4a404,0.43178045749664307,4.2422667482804455,1.6250316896092647,4.04047359825803,1.9017687934301963
959,smart-sweep-960,run_94bf4ced3d6069f0501a9009b55dd3a4,0.5555838942527771,2.774876411035174,1.4320316943883236,2.4786336418072956,0.4335439039797852
960,restful-sweep-961,run_fc7ef8111a49f8ef707fe8f7a7e6b8a9,0.5263561010360718,2.2810992272434967,1.4088355661376943,1.8746053347849767,0.2534807327858509
961,resilient-sweep-962,run_3345ddca41242fcf9e41734e17079d6f,0.6588385701179504,2.718809762468546,1.5145439064566997,2.3313826891671203,0.5906127605811754
962,whole-sweep-963,run_608b8856f8f7082ad2aceead11398ca1,0.6042118668556213,2.763689219845978,1.4000540856662806,2.465187806205771,0.604131396083387
963,swift-sweep-964,run_42dbe24385d038bce3b13e4c02488855,0.5164007544517517,2.433213583496322,1.7112227346082651,2.038241698421339,0.3926595072646863
964,gallant-sweep-965,run_2a953618babb63f38e99be045ea75e9d,0.5729418992996216,2.3522221921490916,1.4886600972426185,1.9139085465432781,0.38065698041692964
965,drawn-sweep-966,run_8a625c8be055e7e157aff3fdc5de4d76,0.7623484134674072,2.638823728241531,1.4688684273333208,2.253864997278171,0.8133543903979784
966,glad-sweep-967,run_9fcd7372d59532fdca418f2577256525,0.6019144654273987,2.753361353241252,1.389759622196646,2.4957267283614604,0.4053948199620986
967,hopeful-sweep-968,run_b94b389fb0738477054457b5dacb6e7e,0.5640076398849487,2.911223932509355,1.340213910559379,2.739874795862822,0.46472520530637956
968,graceful-sweep-969,run_a7933ab8b4318e4f4b8b50700bcbce91,0.6227185726165771,2.623848423684006,1.3648082774799235,2.3243603701687543,0.3727479469361986
969,desert-sweep-970,run_de0a742c9c8b980e4e2c3bbb07f8f008,0.5849393606185913,2.799092359639774,1.3646859289936744,2.547876973326075,0.3945293746051799
970,revived-sweep-971,run_127abd7313d635b0dfbc08d18b25f2b4,0.5660497546195984,2.4614874639682105,1.5524962106426343,2.040963527490475,0.40549589387239454
971,likely-sweep-972,run_5c07bb6e4fe04a988332dd83ab6a4856,0.5897893905639648,2.278195971118426,1.490712709089305,1.788758845944476,0.3407327858496532
972,wild-sweep-973,run_3a4d64de3b572872410b97c539497d32,0.5042756795883179,2.3840447750063616,1.6207879300180623,1.9772182906913458,0.4435249526216044
973,glowing-sweep-974,run_9cddb96586064dd029cae5eca51d88f2,0.5859604477882385,2.78576429363907,1.3267549850734734,2.57792596624932,0.36281743524952664
974,bright-sweep-975,run_ebf813adddb73d1433515d782639672f,0.5865985751152039,2.936980086357165,1.3866327527192897,2.6669297768100173,0.43816803537586835
975,lilac-sweep-976,run_736f4a62294fb40e938406f848e8d505,0.6114869117736816,2.548932483033232,1.3926137077727063,2.1839139902014164,0.5063929248262791
976,lively-sweep-977,run_0b762c1afa5b8b608fa175f11b1c09ce,0.6148053407669067,2.365980661451685,1.494049255010368,1.9600163309744152,0.34568540745420107
977,daily-sweep-978,run_5719c475e4e17a8fe0eeb83a9af3a9d7,0.6190172433853149,2.6871272691728887,1.4746661374543293,2.3409090909090917,0.5049526216045498
978,lyric-sweep-979,run_85dd30c4b72b265e9ffbed0d445671c0,0.5839183330535889,2.2990885582771763,1.431846769746435,1.883859553620034,0.28024005053695544
979,major-sweep-980,run_0baf2baa36dab1b1c656fb2ce7493c6a,0.5864709615707397,2.499096072408851,1.50857715972016,2.110152422427872,0.36792166771952045
980,earnest-sweep-981,run_0c51d878a11675c909b57232afab5c9d,0.5703892707824707,2.4528841465702413,1.5081000307966268,2.0500544365813846,0.39063802905874967
981,noble-sweep-982,run_80ef7a3227267f4fec500350f0a21a39,0.5363114476203918,2.512096475923739,1.5226483546538951,2.1763473053892217,0.33305116866708806
982,ethereal-sweep-983,run_8c1122f9f71927b1870fe7476e895dfa,0.5670708417892456,2.808730482885167,1.4063397132176831,2.5473326075122493,0.38371446620341093
983,misunderstood-sweep-984,run_f7ccb6180fdf8afb56e4db14a81ebd97,0.5803446173667908,2.6978668508853763,1.335149983085256,2.4378606423516613,0.3402274162981677
984,different-sweep-985,run_1ffaf95bc6ef7fb2c645a4340ca73766,0.5502233505249023,2.3861796620588835,1.6135362636259507,1.998176374523681,0.30596336070751645
985,cosmic-sweep-986,run_0160ec46c165c221f750c3773b1a74b3,0.5742182731628418,2.898288260403279,1.355662854052465,2.6957811649428423,0.47321541377132026
986,mild-sweep-987,run_cc073af475c6726efd7e35ad9d126049,0.7523931264877319,3.04270321703102,1.5120988661326664,2.807049537289059,0.8744283006948831
987,likely-sweep-988,run_1270565df9c6f6e43f3a64a47294eefd,0.55520099401474,2.527418101570494,1.4391499006777222,2.160778443113774,0.2918635502211005
988,magic-sweep-989,run_c13dd2a844512d49f1122e59d9d82abd,0.6010210514068604,2.5715768642576853,1.4515559023871232,2.213091997822538,0.34449778900821265
989,laced-sweep-990,run_887eabff4b198caae6a877258526185c,0.5500957369804382,2.353164569014096,1.5667015817966494,2.0087370713119226,0.27276058117498514
990,noble-sweep-991,run_66b6a16df5a8f86e5af828dc60922f7c,0.5624760985374451,2.4442852663160624,1.4684737531180698,2.012384322264562,0.3882375236891986
991,crisp-sweep-992,run_da93b6d5634c1d15dc4ab234b2bb1698,0.6070197820663452,2.833632208572522,1.4593925133589072,2.5120577027762674,0.4023120656980429
992,deep-sweep-993,run_4a9c5ea54bbf679958e1fabb743ca773,0.5606892108917236,2.5855409098796565,1.3616143779629108,2.3637180185084388,0.35617182564750577
993,robust-sweep-994,run_47b9fd5c20d41371a97244616285630c,0.5469049215316772,2.5923486811003573,1.4891679162592226,2.2869624387588465,0.33252053063802806
994,happy-sweep-995,run_8fc46897a60887431a20055f695ba265,0.49368220567703247,2.3744752556463897,1.453782097748539,1.9615405552531315,0.3217308907138336
995,electric-sweep-996,run_18f2e265dbeeecd9697eec4741790616,0.43178045749664307,4.2422667482804455,1.6250316896092647,4.04047359825803,1.9017687934301963
996,unique-sweep-997,run_19e3d195e80963823a90ae730b6cb530,0.5809827446937561,2.715277388857058,1.3626566182024071,2.474823081110506,0.3317877447883769
997,fancy-sweep-998,run_14eb7af7520046de315fcb25c6e64b0f,0.6016592383384705,2.849528775235845,1.3657531046481044,2.672373434948287,0.4904485154769433
998,feasible-sweep-999,run_d7384ced115a7d7179cf9881be0aa67b,0.6783663034439087,2.8390029864446875,1.4195258951276,2.5136908002177476,0.6178521794061911
999,hearty-sweep-1000,run_286af60a3104ed7d22408ce752af105c,0.628462016582489,2.8328746279587236,1.467837467481059,2.5288786064235174,0.5851547694251423
