,bidir,numFC,numRNN,sizeFC,dropout,sizeRNN,weighted,whichFFT,batch_size,customLoss,initial_lr,remove_mean,weight_decay,whichDataset,whichDisplacement,replace_nan_by_min
0,False,1,2,16,0.1276926280461263,8,True,True,215,False,0.01,False,1e-05,ratio,xyPosition,True
1,False,2,1,32,0.06584697779463697,32,True,False,256,False,0.001,False,1e-05,ratioNorm,displacement,False
2,False,2,2,32,0.19763418769714852,32,True,False,2048,False,0.01,False,1e-05,ratio,xyPosition,False
3,True,1,1,8,0.08160292511899894,32,True,False,2048,False,0.01,False,0.001,ratioNorm,None,False
4,True,1,1,16,0.18667309362861267,8,True,False,128,False,0.01,False,1e-05,ratioNorm,displacement,True
5,True,1,1,16,0.14010790692548358,8,True,False,2048,False,0.01,False,0.001,ratioNorm,None,False
6,True,1,1,8,0.0836605932730344,8,False,False,2048,False,0.001,False,0.001,ratioNorm,None,False
7,False,1,1,8,0.11950115444652412,16,True,False,1024,False,0.001,False,0.0001,ratioNorm,displacement,False
8,False,1,2,8,0.09724086675763537,16,True,False,215,False,0.001,False,1e-05,indiv,displacement,True
9,True,1,2,8,0.19366277360454787,8,False,True,215,False,0.01,False,0.001,ratioNorm,xyPosition,True
10,False,2,1,16,0.09624372139548762,16,True,True,2048,False,0.001,False,1e-05,ratioNorm,displacement,False
11,True,2,2,32,0.17586587840952378,16,False,False,215,False,0.001,False,1e-05,ratioNorm,xyPosition,True
12,True,2,1,8,0.18041571183220464,8,True,False,1024,False,0.001,False,0.001,ratio,xyPosition,True
13,True,1,2,32,0.0878148875439128,16,True,True,128,False,0.01,False,1e-05,ratio,displacement,False
14,False,2,1,16,0.19901052112301443,8,False,True,1024,False,0.001,False,1e-05,indiv,xyPosition,False
15,False,2,1,32,0.150508950185213,8,False,True,2048,False,0.01,False,0.001,indiv,displacement,False
16,False,2,1,8,0.12417675980661606,32,False,True,4096,False,0.001,False,0.001,ratio,None,False
17,True,2,2,32,0.14036269459373268,8,False,False,4096,False,0.01,False,0.001,ratio,xyPosition,False
18,False,1,2,16,0.1129680880885934,16,False,False,4096,False,0.001,False,0.0001,ratioNorm,None,False
19,False,2,1,32,0.0558039340207818,16,False,True,4096,False,0.01,False,0.001,indiv,None,False
20,False,1,2,16,0.12378262968013666,16,False,True,215,False,0.01,False,1e-05,ratio,xyPosition,False
21,True,1,2,8,0.06184157241244383,32,False,True,2048,False,0.01,False,0.0001,ratio,None,False
22,True,2,2,8,0.10097393245172816,16,False,False,215,False,0.001,False,0.001,indiv,xyPosition,True
23,False,1,2,16,0.11271097817563974,32,True,False,4096,False,0.01,False,0.001,ratio,None,True
24,False,1,2,16,0.1889431887039913,32,False,True,128,False,0.01,False,1e-05,ratio,None,False
25,True,2,1,16,0.08012029325006295,8,False,False,256,False,0.01,False,1e-05,ratio,xyPosition,False
26,False,2,2,8,0.05496012120656351,16,True,False,4096,False,0.001,False,0.001,ratioNorm,None,True
27,False,1,1,16,0.10038288396983866,8,True,False,4096,False,0.001,False,0.0001,ratio,displacement,True
28,True,1,1,32,0.11684476240103386,32,False,False,215,False,0.001,False,0.001,ratioNorm,None,True
29,False,1,2,8,0.12020961910866108,16,True,True,256,False,0.01,False,0.0001,ratioNorm,None,False
30,False,2,2,8,0.07417083712707419,32,False,False,1024,False,0.01,False,1e-05,indiv,None,False
31,True,1,1,32,0.1909252126007668,16,True,True,2048,False,0.01,False,1e-05,indiv,displacement,True
32,False,2,1,16,0.15165941049204051,32,True,True,215,False,0.01,False,0.0001,indiv,xyPosition,True
33,True,1,1,16,0.10220287181014796,16,True,False,215,False,0.001,False,0.001,ratioNorm,None,True
34,False,1,1,32,0.14744934663729548,32,False,True,4096,False,0.01,False,1e-05,indiv,None,True
35,False,1,1,8,0.19054639529186695,16,False,False,1024,False,0.001,False,0.001,indiv,xyPosition,True
36,True,2,2,16,0.1727104884594823,16,False,False,256,False,0.001,False,0.0001,ratioNorm,displacement,False
37,False,2,1,16,0.05706476031884155,16,False,True,2048,False,0.01,False,1e-05,ratioNorm,None,True
38,False,1,2,32,0.06998174473707969,32,True,False,128,False,0.01,False,1e-05,indiv,None,False
39,True,1,1,32,0.09319236918383542,16,False,True,256,False,0.001,False,1e-05,ratio,displacement,False
40,True,1,2,8,0.07761385009769006,32,True,True,256,False,0.01,False,0.0001,indiv,None,False
41,False,2,2,32,0.0985825074165184,16,False,False,2048,False,0.001,False,0.001,ratioNorm,None,True
42,True,1,1,8,0.17139287229234926,32,False,False,2048,False,0.001,False,0.0001,ratioNorm,xyPosition,True
43,False,1,2,8,0.09355020345591196,32,False,True,128,False,0.001,False,0.0001,ratioNorm,displacement,False
44,True,2,1,16,0.0854194807546091,8,False,True,215,False,0.01,False,1e-05,indiv,None,False
45,True,1,2,8,0.09462540955166264,8,False,True,128,False,0.001,False,1e-05,ratioNorm,None,True
46,False,1,2,32,0.07122539154378489,16,False,True,4096,False,0.001,False,0.0001,ratioNorm,None,False
47,True,1,2,32,0.14075035066315494,16,True,True,215,False,0.001,False,0.0001,indiv,xyPosition,True
48,False,1,1,32,0.1612616078675787,16,False,True,128,False,0.01,False,0.0001,ratio,xyPosition,True
49,True,1,1,8,0.1622295564487502,32,False,True,2048,False,0.01,False,0.001,ratio,displacement,False
50,False,1,1,16,0.07988848529958396,8,False,False,2048,False,0.01,False,0.0001,ratioNorm,displacement,True
51,True,2,2,8,0.1091074494325993,16,True,True,128,False,0.001,False,0.001,indiv,displacement,True
52,True,1,2,16,0.08432724257955891,16,True,True,215,False,0.001,False,0.0001,ratioNorm,displacement,False
53,False,1,2,16,0.07215768159951817,8,False,False,2048,False,0.001,False,0.001,indiv,displacement,False
54,True,2,1,8,0.16938190766276862,32,False,True,2048,False,0.001,False,1e-05,ratio,None,True
55,False,1,1,16,0.11338435900367774,16,False,False,128,False,0.01,False,0.0001,indiv,xyPosition,False
56,False,1,1,16,0.07804433757504434,16,True,True,215,False,0.01,False,1e-05,ratio,displacement,True
57,False,1,2,16,0.1749039116923985,32,False,False,4096,False,0.01,False,0.001,ratio,displacement,True
58,True,2,1,16,0.16383127175650766,8,False,True,2048,False,0.001,False,0.001,ratioNorm,xyPosition,False
59,False,1,1,8,0.11050828757171909,32,True,True,256,False,0.001,False,1e-05,indiv,displacement,True
60,False,1,2,32,0.09237015493907616,32,False,True,1024,False,0.01,False,1e-05,indiv,displacement,False
61,True,2,2,8,0.13287803794028313,16,True,True,1024,False,0.01,False,0.0001,indiv,None,True
62,False,1,1,32,0.09755357594583489,16,True,False,215,False,0.001,False,0.001,ratio,xyPosition,True
63,True,1,2,16,0.10949411345874949,32,True,True,2048,False,0.001,False,1e-05,indiv,displacement,True
64,True,2,1,32,0.1852311738680928,16,False,False,4096,False,0.01,False,1e-05,ratioNorm,displacement,True
65,False,2,2,16,0.10347988392989756,32,True,True,2048,False,0.01,False,0.0001,indiv,None,False
66,True,2,1,8,0.0634955479373433,32,True,False,128,False,0.001,False,0.0001,indiv,None,False
67,True,1,1,16,0.1598088349343098,8,False,False,128,False,0.01,False,0.001,ratio,displacement,False
68,False,2,1,32,0.1071307101247512,16,False,True,2048,False,0.01,False,1e-05,indiv,displacement,True
69,True,1,2,8,0.09125070616880296,16,True,True,4096,False,0.01,False,0.0001,ratioNorm,displacement,False
70,False,2,2,16,0.16186105616285365,16,True,False,1024,False,0.001,False,0.001,ratioNorm,None,False
71,False,1,2,8,0.07801399151174487,16,False,True,4096,False,0.001,False,0.001,ratioNorm,displacement,False
72,True,1,2,32,0.14619678460210017,8,True,True,256,False,0.001,False,0.001,ratioNorm,displacement,True
73,False,1,2,32,0.08115301022819686,8,True,False,215,False,0.01,False,0.001,ratioNorm,None,False
74,True,2,2,8,0.08185964783737905,32,True,True,4096,False,0.001,False,1e-05,ratio,displacement,False
75,True,2,1,8,0.07106304201760615,16,True,True,4096,False,0.001,False,1e-05,indiv,None,True
76,False,1,1,8,0.061682619285154554,8,True,True,128,False,0.01,False,0.0001,ratioNorm,xyPosition,False
77,False,1,2,32,0.07999892117668336,16,False,False,215,False,0.01,False,0.001,ratio,None,True
78,True,1,2,32,0.1463191937657614,32,False,True,4096,False,0.001,False,1e-05,ratio,xyPosition,True
79,False,2,1,8,0.17358679551374506,16,True,True,1024,False,0.01,False,1e-05,ratioNorm,None,False
80,False,1,2,32,0.1772444339220673,16,False,False,1024,False,0.01,False,0.0001,indiv,xyPosition,False
81,False,2,2,16,0.11882114642700307,32,True,False,4096,False,0.001,False,0.001,ratioNorm,None,False
82,True,2,1,8,0.16683453822016142,32,True,False,256,False,0.01,False,0.001,ratioNorm,displacement,False
83,True,1,1,16,0.0927427506804063,8,True,False,256,False,0.001,False,0.001,ratioNorm,displacement,False
84,True,1,2,8,0.13064346260700005,8,False,False,215,False,0.01,False,0.001,indiv,xyPosition,False
85,False,2,2,8,0.07003690280907185,16,True,True,215,False,0.001,False,1e-05,ratio,None,False
86,False,1,2,32,0.17828778880372825,8,False,False,2048,False,0.001,False,0.0001,indiv,displacement,True
87,True,2,1,32,0.18027803835236825,32,False,True,2048,False,0.01,False,1e-05,ratio,displacement,False
88,False,2,1,32,0.15318888127085584,16,False,False,1024,False,0.01,False,1e-05,ratio,None,False
89,False,1,1,8,0.054044124547454664,32,False,False,128,False,0.001,False,0.0001,ratioNorm,None,True
90,True,2,2,16,0.0692275684166867,8,True,True,215,False,0.01,False,0.001,indiv,xyPosition,False
91,True,1,1,16,0.1825363768611263,8,False,False,1024,False,0.01,False,0.001,ratioNorm,xyPosition,True
92,True,1,1,32,0.08389025099990882,8,True,True,1024,False,0.001,False,0.001,indiv,xyPosition,False
93,False,1,2,32,0.06579284661085605,16,True,False,256,False,0.01,False,1e-05,ratio,xyPosition,False
94,False,2,1,32,0.1875602059069804,16,False,True,256,False,0.001,False,1e-05,ratio,displacement,False
95,True,2,2,8,0.08620445584156805,16,True,True,1024,False,0.01,False,0.0001,ratio,None,True
96,True,2,2,8,0.07418638209618313,32,True,False,1024,False,0.001,False,1e-05,indiv,None,False
97,True,2,2,32,0.09485301337767608,16,True,True,2048,False,0.001,False,0.001,indiv,None,False
98,True,2,2,16,0.1467777096377871,8,True,False,128,False,0.01,False,0.0001,indiv,None,False
99,False,1,1,16,0.19776809038476975,8,False,False,256,False,0.001,False,1e-05,indiv,xyPosition,False
100,True,1,1,8,0.1534466393025858,16,False,True,256,False,0.01,False,1e-05,ratioNorm,displacement,True
101,True,1,1,32,0.19592366193639948,8,True,True,215,False,0.001,False,0.0001,ratio,displacement,True
102,True,2,1,8,0.16833133439463577,8,False,False,215,False,0.001,False,0.001,indiv,displacement,True
103,False,1,2,16,0.11811700474241262,16,False,False,1024,False,0.001,False,0.0001,indiv,xyPosition,False
104,True,1,1,16,0.05221679597892617,8,False,True,128,False,0.001,False,1e-05,ratio,xyPosition,True
105,True,1,1,8,0.12847747609317972,8,False,True,215,False,0.001,False,0.0001,ratioNorm,xyPosition,False
106,True,1,1,16,0.15701702771857706,32,False,False,2048,False,0.001,False,0.0001,ratioNorm,xyPosition,True
107,True,1,1,8,0.19771455481465225,16,True,True,215,False,0.001,False,0.0001,ratioNorm,displacement,False
108,True,1,2,16,0.15992860231715636,8,True,True,215,False,0.01,False,0.0001,ratio,xyPosition,False
109,False,1,1,8,0.12202572295335495,16,False,True,215,False,0.001,False,0.001,ratioNorm,displacement,False
110,False,1,2,32,0.07210736641739189,16,False,True,2048,False,0.01,False,0.001,ratioNorm,None,True
111,False,2,2,32,0.07226984184980255,32,False,False,1024,False,0.001,False,0.0001,indiv,None,False
112,True,1,1,32,0.08774354268782372,32,False,False,256,False,0.01,False,0.0001,ratio,displacement,False
113,True,2,2,32,0.16493708037095267,8,True,True,4096,False,0.01,False,0.001,ratioNorm,xyPosition,True
114,False,2,2,16,0.08771957799794174,32,True,True,215,False,0.001,False,1e-05,ratioNorm,None,True
115,True,2,1,8,0.058961397026240994,32,True,False,2048,False,0.001,False,0.0001,ratio,xyPosition,False
116,False,1,1,8,0.1965447849777639,32,True,True,4096,False,0.001,False,0.001,ratio,xyPosition,False
117,True,2,2,16,0.05485748575144178,8,True,False,215,False,0.01,False,1e-05,indiv,displacement,True
118,False,2,2,8,0.08947532440025528,16,True,True,128,False,0.001,False,0.0001,indiv,displacement,False
119,True,1,2,16,0.08608350100676859,16,False,False,128,False,0.001,False,0.001,indiv,xyPosition,False
120,False,1,2,16,0.1715652536557546,8,False,True,256,False,0.01,False,0.0001,indiv,displacement,False
121,True,1,1,32,0.16254571855060468,8,True,True,4096,False,0.001,False,0.0001,indiv,xyPosition,True
122,True,2,2,32,0.16760230264383497,8,False,True,128,False,0.001,False,0.0001,indiv,xyPosition,True
123,False,1,1,32,0.08137209692723374,8,False,False,215,False,0.001,False,0.0001,ratio,None,True
124,False,1,2,16,0.09953091983263827,32,True,True,4096,False,0.001,False,0.001,ratio,displacement,False
125,False,1,2,16,0.0531287233244882,32,False,True,4096,False,0.001,False,0.001,ratioNorm,xyPosition,False
126,False,2,2,16,0.07602538230442756,32,False,False,4096,False,0.001,False,0.0001,ratioNorm,displacement,True
127,False,2,1,8,0.1506808398755239,32,False,True,128,False,0.01,False,1e-05,ratioNorm,xyPosition,True
128,False,1,2,32,0.09935746837144772,16,False,False,2048,False,0.01,False,0.001,ratioNorm,None,False
129,False,1,1,32,0.194895671307152,8,False,True,215,False,0.001,False,0.0001,indiv,displacement,True
130,False,1,2,32,0.1059447515948285,8,False,False,215,False,0.001,False,0.001,indiv,None,False
131,False,1,2,16,0.08949088047002915,8,True,True,215,False,0.001,False,0.001,ratioNorm,displacement,True
132,False,2,2,32,0.05791421222412516,16,False,False,2048,False,0.001,False,1e-05,indiv,None,True
133,False,1,2,8,0.11765956431787768,32,True,True,256,False,0.01,False,0.001,ratioNorm,None,True
134,True,2,2,32,0.09791902452777068,8,True,True,4096,False,0.001,False,0.001,ratioNorm,None,True
135,True,2,2,8,0.11910266331603162,16,False,True,1024,False,0.001,False,1e-05,ratioNorm,None,True
136,True,2,2,32,0.08651456878095914,32,False,False,128,False,0.01,False,0.0001,ratio,displacement,True
137,True,1,2,32,0.05783755641592569,16,False,False,1024,False,0.001,False,0.001,ratioNorm,displacement,True
138,True,2,2,32,0.11958984411011364,8,False,True,1024,False,0.001,False,0.0001,ratioNorm,xyPosition,False
139,True,1,1,16,0.12284891410203988,16,False,True,4096,False,0.01,False,0.001,indiv,xyPosition,False
140,False,1,2,32,0.09828396277899272,8,True,True,2048,False,0.01,False,1e-05,indiv,xyPosition,True
141,True,2,2,16,0.10885779888986924,16,False,True,256,False,0.01,False,0.0001,ratioNorm,None,True
142,False,2,2,8,0.10138840967777772,32,False,True,256,False,0.001,False,0.0001,ratio,None,False
143,False,2,1,32,0.11442376251284209,8,True,True,1024,False,0.001,False,0.0001,ratio,xyPosition,False
144,True,1,2,16,0.0682871473432222,8,True,False,2048,False,0.001,False,0.001,ratioNorm,xyPosition,False
145,True,2,2,32,0.11697896171992785,16,False,False,4096,False,0.001,False,0.001,ratioNorm,None,True
146,True,2,2,16,0.09250275060027358,16,True,True,256,False,0.01,False,0.0001,ratioNorm,None,True
147,False,1,2,16,0.05038675372447124,32,False,False,256,False,0.001,False,0.0001,ratio,None,True
148,False,2,1,16,0.0976204755756523,32,False,False,1024,False,0.01,False,0.0001,indiv,None,True
149,True,1,2,32,0.08745376428086886,16,False,False,1024,False,0.01,False,0.001,ratioNorm,None,True
150,True,1,1,16,0.06087776082193081,32,False,True,4096,False,0.001,False,0.001,ratio,None,True
151,True,1,2,32,0.08205486806560647,32,False,False,256,False,0.01,False,0.001,ratioNorm,None,False
152,True,2,2,32,0.07467406358576317,16,False,False,256,False,0.01,False,0.001,ratio,None,False
153,False,1,2,16,0.06875162109408296,8,True,False,256,False,0.001,False,0.001,ratioNorm,None,True
154,True,1,1,16,0.16459665047872213,16,False,False,1024,False,0.01,False,1e-05,ratioNorm,xyPosition,False
155,False,1,2,16,0.10652923268800069,32,False,False,215,False,0.01,False,0.001,ratioNorm,None,False
156,False,1,2,32,0.05586342789951383,16,False,False,4096,False,0.001,False,0.001,indiv,None,False
157,False,2,1,8,0.1537345799174521,8,False,True,2048,False,0.001,False,0.001,ratioNorm,None,False
158,False,2,2,16,0.11642077935675832,32,False,False,4096,False,0.01,False,0.001,ratioNorm,None,True
159,True,2,2,16,0.1482662645819393,16,False,False,4096,False,0.01,False,0.001,ratioNorm,None,False
160,False,2,2,32,0.09167601933280715,32,True,False,215,False,0.001,False,0.001,ratioNorm,None,True
161,False,1,1,32,0.09960476674227396,8,False,False,4096,False,0.001,False,0.0001,ratioNorm,None,True
162,True,1,2,32,0.14735554871608453,16,True,False,1024,False,0.001,False,0.001,indiv,None,False
163,True,1,2,16,0.11650464708339536,16,True,False,215,False,0.001,False,0.001,indiv,None,False
164,False,1,2,32,0.0787512575728756,32,False,False,215,False,0.01,False,0.001,ratioNorm,None,False
165,True,1,2,8,0.05424489483046101,16,False,False,215,False,0.001,False,0.001,ratioNorm,None,True
166,True,2,2,32,0.1114273334230313,8,False,True,1024,False,0.001,False,0.001,indiv,None,False
167,True,2,1,16,0.050276665526144904,32,True,True,2048,False,0.001,False,0.001,ratioNorm,None,True
168,False,1,2,16,0.06567023509009319,16,True,True,1024,False,0.001,False,0.001,ratioNorm,None,True
169,False,2,2,8,0.05621070135521822,32,True,True,256,False,0.01,False,0.001,indiv,None,True
170,True,2,2,8,0.05095528044379883,16,True,False,1024,False,0.001,False,0.001,indiv,None,False
171,False,2,2,16,0.09155035128883776,16,True,True,215,False,0.01,False,0.0001,indiv,None,False
172,True,1,2,16,0.05731059522283936,16,False,True,2048,False,0.01,False,0.0001,indiv,None,False
173,False,1,1,16,0.09595319544694196,16,True,False,2048,False,0.001,False,0.001,ratioNorm,None,False
174,True,2,2,16,0.05900476752825581,16,False,False,256,False,0.01,False,0.001,indiv,None,False
175,True,1,2,32,0.08133092415417058,16,False,False,2048,False,0.001,False,0.001,ratioNorm,None,True
176,True,2,2,32,0.06916494895710533,32,True,False,128,False,0.01,False,0.001,ratioNorm,None,False
177,False,2,2,32,0.05273731728937312,16,True,False,4096,False,0.01,False,0.001,ratioNorm,None,True
178,False,1,2,32,0.06238461615234949,8,True,True,4096,False,0.01,False,0.001,ratio,None,True
179,True,2,2,32,0.061628745124935415,32,True,False,2048,False,0.001,False,0.001,ratioNorm,None,False
180,False,2,2,32,0.1314802283701234,32,False,False,256,False,0.001,False,0.0001,indiv,None,True
181,True,2,2,32,0.0744201843369716,32,True,False,215,False,0.001,False,0.001,ratioNorm,None,False
182,True,1,1,16,0.055453919876858826,8,True,False,256,False,0.001,False,0.0001,ratioNorm,None,True
183,False,1,2,16,0.10116440428226028,16,True,True,215,False,0.001,False,0.001,indiv,None,False
184,False,1,2,32,0.06834073998931588,16,True,False,215,False,0.001,False,0.001,indiv,None,True
185,True,1,2,8,0.056200412369636306,8,False,True,215,False,0.001,False,0.001,ratioNorm,displacement,True
186,False,2,2,16,0.06239116403480585,32,False,True,4096,False,0.001,False,0.001,ratioNorm,None,True
187,False,2,1,16,0.14239891149329373,32,True,False,1024,False,0.01,False,0.001,ratioNorm,None,False
188,True,2,3,32,0.14100292470901557,16,False,True,256,False,0.001,False,0.001,ratio,xyPosition,True
189,True,3,3,8,0.10721299176428434,32,False,True,128,False,0.001,False,0.0001,ratio,xyPosition,True
190,False,2,3,64,0.0764406391366799,8,False,True,256,False,0.01,False,1e-05,ratio,xyPosition,False
191,True,3,2,16,0.05201064299875322,8,False,False,128,False,0.01,False,0.001,ratioNorm,xyPosition,True
192,True,3,1,8,0.08686366636848204,8,False,True,128,False,0.01,False,0.0001,ratioNorm,xyPosition,False
193,False,2,3,64,0.11368621001745184,64,True,True,215,False,0.01,False,1e-05,ratioNorm,displacement,True
194,True,2,1,8,0.09514560979536246,64,False,False,128,False,0.001,False,0.001,indiv,xyPosition,False
195,False,3,3,16,0.05526024049351318,16,False,False,1024,False,0.01,False,1e-05,ratio,displacement,False
196,True,3,1,8,0.0897030961657716,8,False,True,128,False,0.001,False,1e-05,ratioNorm,displacement,False
197,False,1,1,16,0.1830289196551773,32,True,True,1024,False,0.001,False,0.001,indiv,xyPosition,True
198,False,3,2,8,0.09826385537138366,16,False,False,2048,False,0.001,False,0.0001,indiv,xyPosition,True
199,True,1,3,16,0.07929207190680582,16,False,True,4096,False,0.001,False,0.0001,ratio,displacement,False
200,False,2,2,32,0.07013249356628716,16,True,True,215,False,0.01,False,1e-05,ratio,xyPosition,False
201,False,1,2,8,0.14824270954637697,32,True,True,256,False,0.01,False,0.0001,ratioNorm,displacement,False
202,False,2,2,64,0.091559275863319,16,True,False,256,False,0.01,False,1e-05,indiv,xyPosition,False
203,True,2,2,8,0.06067983899570911,32,False,True,1024,False,0.01,False,0.001,indiv,displacement,False
204,True,1,3,16,0.10708476865998832,64,True,True,1024,False,0.01,False,1e-05,indiv,displacement,False
205,True,2,2,16,0.08485142312538091,8,True,False,2048,False,0.001,False,1e-05,ratioNorm,displacement,False
206,True,1,3,16,0.12066681770651393,64,True,True,1024,False,0.01,False,0.001,ratioNorm,xyPosition,False
207,False,3,3,16,0.15483996987854676,8,True,False,256,False,0.01,False,0.001,ratioNorm,xyPosition,True
208,False,1,2,16,0.19284867869785344,32,False,False,215,False,0.001,False,1e-05,indiv,displacement,True
209,True,1,1,8,0.08056073199885444,8,True,False,128,False,0.01,False,0.0001,ratioNorm,xyPosition,True
210,False,3,1,64,0.0743970823682362,16,True,False,2048,False,0.01,False,0.001,ratioNorm,displacement,True
211,False,1,3,16,0.06203174788136188,32,False,False,1024,False,0.001,False,0.0001,ratioNorm,xyPosition,False
212,True,1,1,8,0.05972977503855488,32,True,False,128,False,0.01,False,0.0001,indiv,displacement,True
213,True,3,3,8,0.18608204307691645,32,True,True,4096,False,0.001,False,0.0001,ratioNorm,xyPosition,False
214,True,1,3,32,0.07014082833558606,8,True,False,4096,False,0.01,False,1e-05,ratio,displacement,False
215,True,2,1,32,0.11654785627396104,64,False,False,128,False,0.01,False,0.0001,indiv,xyPosition,True
216,True,3,2,64,0.13795645262015074,16,True,False,128,False,0.001,False,1e-05,ratioNorm,displacement,True
217,True,1,1,16,0.19816138541100392,8,True,False,2048,False,0.01,False,0.001,ratioNorm,displacement,True
218,True,1,3,16,0.16841403714955938,16,True,False,4096,False,0.001,False,0.001,indiv,displacement,False
219,False,2,2,8,0.12863336663133002,16,False,False,128,False,0.001,False,0.001,indiv,displacement,True
220,False,2,3,8,0.1506880465826359,64,False,True,1024,False,0.001,False,0.001,indiv,xyPosition,False
221,True,2,1,32,0.10459637383953256,8,False,False,128,False,0.01,False,1e-05,indiv,displacement,False
222,False,2,3,32,0.11973272211337162,32,True,False,4096,False,0.001,False,1e-05,ratioNorm,displacement,False
223,True,2,1,16,0.0875683457596638,16,False,True,1024,False,0.01,False,0.0001,indiv,displacement,True
224,False,3,1,64,0.17887599804034232,8,False,True,2048,False,0.001,False,0.0001,ratioNorm,displacement,False
225,True,2,1,8,0.13122425883444322,8,True,True,2048,False,0.01,False,1e-05,ratioNorm,xyPosition,True
226,False,3,2,64,0.15060389464291044,64,True,False,2048,False,0.01,False,1e-05,ratio,displacement,False
227,False,3,3,64,0.1069591104099066,32,False,False,2048,False,0.001,False,1e-05,indiv,displacement,False
228,False,2,3,64,0.05820523305711281,16,True,True,2048,False,0.01,False,1e-05,indiv,displacement,True
229,True,1,1,8,0.1686822676356328,8,True,False,215,False,0.001,False,0.0001,ratio,xyPosition,True
230,False,2,1,32,0.05025827860754008,64,True,False,4096,False,0.01,False,0.0001,ratio,xyPosition,False
231,True,1,2,16,0.19290173482916517,32,False,False,128,False,0.01,False,0.0001,ratioNorm,xyPosition,True
232,True,2,3,8,0.09807051900936684,64,True,True,256,False,0.01,False,0.001,indiv,xyPosition,True
233,True,2,2,8,0.140704123058306,64,False,True,128,False,0.01,False,1e-05,ratioNorm,xyPosition,True
234,False,3,3,64,0.14783046837881308,64,False,True,1024,False,0.01,False,0.0001,indiv,xyPosition,False
235,True,1,1,64,0.191147212981652,16,True,False,256,False,0.01,False,1e-05,ratio,displacement,True
236,False,3,3,8,0.1824215514547315,64,True,False,4096,False,0.01,False,0.001,indiv,displacement,False
237,True,3,3,32,0.10657499483070904,8,True,True,2048,False,0.001,False,0.0001,ratioNorm,displacement,False
238,False,3,3,64,0.15750940749322162,8,False,False,1024,False,0.001,False,1e-05,indiv,displacement,True
239,True,3,3,8,0.09631875707494464,32,True,False,215,False,0.01,False,1e-05,ratio,xyPosition,True
240,False,2,3,32,0.06370297903850196,32,True,True,215,False,0.01,False,0.001,indiv,displacement,False
241,False,2,1,64,0.15437052468869794,64,True,False,215,False,0.001,False,0.0001,ratioNorm,xyPosition,False
242,True,1,2,64,0.10524974858117588,64,False,False,2048,False,0.01,False,0.0001,ratio,displacement,True
243,True,3,3,64,0.1679017183363748,32,True,True,2048,False,0.001,False,0.0001,indiv,displacement,True
244,True,1,3,64,0.1425176282682581,8,False,True,2048,False,0.01,False,0.0001,ratio,displacement,False
245,True,3,2,64,0.07809957855176794,32,False,False,128,False,0.01,False,0.0001,ratio,xyPosition,True
246,True,2,3,8,0.08023097712658052,32,True,True,215,False,0.01,False,0.0001,ratioNorm,displacement,False
247,False,1,2,16,0.111267184886778,64,False,False,2048,False,0.01,False,0.001,ratio,xyPosition,True
248,True,2,1,64,0.08447150986691335,32,True,True,4096,False,0.001,False,0.0001,ratioNorm,xyPosition,True
249,True,2,1,8,0.15657501577100277,32,True,False,2048,False,0.001,False,0.001,indiv,xyPosition,False
250,True,1,3,64,0.14868140682983616,64,True,False,4096,False,0.01,False,1e-05,ratioNorm,xyPosition,True
251,False,3,2,16,0.1833471286620505,16,True,True,1024,False,0.001,False,1e-05,indiv,xyPosition,True
252,True,1,2,8,0.1699388630806511,8,True,True,128,False,0.01,False,0.001,ratio,displacement,False
253,False,2,2,8,0.15123625930158935,32,False,False,256,False,0.01,False,0.0001,indiv,xyPosition,True
254,True,2,1,32,0.18685901877333572,64,True,False,256,False,0.01,False,1e-05,ratioNorm,xyPosition,True
255,True,3,1,8,0.19173715929077095,16,True,False,256,False,0.001,False,0.0001,indiv,displacement,False
256,False,3,2,64,0.17742393490891684,8,True,False,4096,False,0.001,False,1e-05,ratioNorm,displacement,True
257,False,2,2,8,0.13007794067036327,64,True,False,256,False,0.01,False,1e-05,indiv,xyPosition,True
258,False,1,2,64,0.13897955940490195,64,False,False,1024,False,0.01,False,0.0001,ratio,xyPosition,False
259,False,3,1,16,0.07180271343524039,64,False,False,4096,False,0.01,False,0.001,ratio,xyPosition,True
260,False,2,3,64,0.1075350873450723,16,True,True,4096,False,0.001,False,1e-05,ratioNorm,xyPosition,False
261,False,1,3,8,0.11710029289100966,8,True,False,1024,False,0.01,False,0.001,ratioNorm,xyPosition,False
262,False,1,3,16,0.09745333545239676,16,True,False,4096,False,0.001,False,0.001,indiv,xyPosition,True
263,True,2,2,8,0.10365187376547796,32,True,False,215,False,0.001,False,1e-05,ratio,xyPosition,True
264,False,1,1,16,0.078089027159943,16,False,False,215,False,0.01,False,0.0001,indiv,displacement,True
265,False,3,1,16,0.07237408317873427,64,True,False,1024,False,0.001,False,1e-05,ratio,xyPosition,True
266,False,1,1,16,0.18789652701180132,16,False,False,256,False,0.01,False,0.0001,ratio,xyPosition,False
267,True,3,1,64,0.13422827528808784,8,True,True,256,False,0.01,False,1e-05,ratioNorm,displacement,True
268,False,2,3,16,0.1848427947223216,16,True,True,1024,False,0.01,False,0.0001,ratioNorm,xyPosition,True
269,True,1,3,16,0.12159364674862058,64,False,False,256,False,0.001,False,1e-05,ratio,displacement,False
270,False,1,1,64,0.14008498105435752,64,False,False,128,False,0.001,False,0.001,indiv,displacement,False
271,False,3,1,8,0.15206599238211088,32,False,False,4096,False,0.001,False,1e-05,ratio,displacement,True
272,True,2,2,64,0.10835648404694764,64,False,True,256,False,0.001,False,0.001,indiv,displacement,True
273,False,1,2,16,0.13361914638226818,64,True,False,2048,False,0.001,False,0.001,ratio,xyPosition,False
274,True,2,2,64,0.18502994913754264,8,True,True,1024,False,0.01,False,1e-05,ratioNorm,xyPosition,False
275,True,2,1,32,0.0941979098722121,8,False,True,256,False,0.001,False,0.0001,ratioNorm,displacement,False
276,False,2,1,16,0.09790932931392582,32,True,False,215,False,0.01,False,0.0001,ratioNorm,displacement,True
277,True,2,2,64,0.1774298180901131,32,False,False,4096,False,0.01,False,0.0001,ratio,displacement,False
278,False,3,3,8,0.1793704017442131,32,True,True,215,False,0.01,False,0.001,ratioNorm,displacement,True
279,False,2,2,16,0.1872136092795843,64,False,True,2048,False,0.01,False,1e-05,indiv,xyPosition,False
280,True,2,3,64,0.19052415587924895,64,True,True,128,False,0.001,False,0.001,ratioNorm,displacement,True
281,True,3,1,32,0.1915736232032078,32,False,True,1024,False,0.001,False,0.0001,indiv,xyPosition,True
282,True,3,2,64,0.08246338738072272,64,True,True,128,False,0.001,False,0.001,ratioNorm,xyPosition,False
283,True,3,2,32,0.10689891472090476,64,False,False,256,False,0.01,False,0.0001,ratioNorm,displacement,False
284,False,3,1,8,0.12636256586232203,64,True,True,256,False,0.01,False,0.0001,ratio,displacement,False
285,True,2,1,32,0.16901806604470454,32,False,True,256,False,0.001,False,0.001,indiv,xyPosition,False
286,True,2,2,16,0.06037481358632803,32,False,False,128,False,0.001,False,0.0001,ratioNorm,displacement,True
287,False,3,1,32,0.16017709922745615,8,False,False,128,False,0.001,False,1e-05,indiv,displacement,False
288,True,1,1,8,0.12427214066238636,8,False,True,128,False,0.001,False,1e-05,ratioNorm,displacement,True
289,False,1,3,8,0.12375806947045118,64,False,False,2048,False,0.01,False,0.001,ratioNorm,xyPosition,True
290,False,1,1,64,0.13659463800400817,64,True,False,215,False,0.01,False,0.001,indiv,xyPosition,False
291,False,1,3,64,0.11001156062330686,8,True,True,4096,False,0.001,False,0.0001,ratioNorm,displacement,False
292,False,3,3,64,0.1947249907588675,32,True,False,256,False,0.01,False,0.001,indiv,xyPosition,True
293,True,1,2,16,0.15721063354243517,8,False,True,256,False,0.001,False,0.001,ratioNorm,xyPosition,False
294,False,1,2,16,0.13512740252281846,8,False,False,215,False,0.01,False,0.0001,ratioNorm,xyPosition,True
295,True,3,1,8,0.09003065335597427,32,True,True,4096,False,0.01,False,0.0001,ratio,xyPosition,True
296,True,2,3,32,0.12804423161656003,32,False,False,215,False,0.001,False,0.0001,ratio,displacement,True
297,False,2,1,64,0.1675230420518642,8,True,False,215,False,0.01,False,0.0001,ratioNorm,displacement,True
298,True,3,3,32,0.17089837876041017,64,False,True,1024,False,0.001,False,0.0001,ratioNorm,xyPosition,False
299,False,1,1,64,0.05528129305559997,64,False,False,256,False,0.01,False,0.0001,indiv,displacement,False
300,True,1,2,8,0.19334792097481052,64,True,False,1024,False,0.01,False,0.0001,ratio,xyPosition,False
301,True,2,2,32,0.15733606984428222,8,False,False,4096,False,0.01,False,0.0001,indiv,xyPosition,True
302,False,2,1,64,0.12074260176258804,32,False,True,128,False,0.01,False,0.0001,indiv,xyPosition,False
303,False,3,2,32,0.09434044962792332,32,False,False,1024,False,0.001,False,1e-05,indiv,displacement,True
304,True,2,3,16,0.16424563810056747,16,True,False,128,False,0.001,False,0.001,ratio,xyPosition,False
305,True,3,3,8,0.18169684460199031,16,False,False,128,False,0.001,False,0.001,ratioNorm,xyPosition,False
306,True,2,2,8,0.08066217589304549,16,True,False,256,False,0.01,False,0.0001,ratio,xyPosition,True
307,False,1,3,64,0.07787376118854203,32,False,False,1024,False,0.01,False,1e-05,indiv,displacement,False
308,True,3,1,8,0.11731415780882386,8,True,False,256,False,0.001,False,0.0001,indiv,xyPosition,True
309,True,3,3,8,0.18161534061989376,8,False,True,4096,False,0.001,False,0.0001,indiv,displacement,False
310,True,1,2,16,0.0637687649289531,16,False,True,1024,False,0.01,False,0.001,ratioNorm,xyPosition,False
311,True,2,1,16,0.1890517340553058,32,False,True,4096,False,0.01,False,0.0001,indiv,displacement,False
312,False,1,2,32,0.17066472113537284,64,False,False,4096,False,0.01,False,0.001,ratio,xyPosition,True
313,False,2,2,64,0.11247754463399907,16,False,True,128,False,0.01,False,0.001,ratio,displacement,False
314,False,3,3,16,0.18485474996535625,64,False,True,2048,False,0.001,False,1e-05,indiv,xyPosition,False
315,True,1,2,16,0.18232866838053452,8,True,True,128,False,0.01,False,1e-05,ratio,xyPosition,True
316,True,3,3,8,0.07489401507950416,16,True,False,1024,False,0.001,False,1e-05,ratioNorm,displacement,True
317,False,3,1,16,0.1185070756316568,8,False,True,128,False,0.01,False,0.001,ratio,xyPosition,False
318,False,2,1,16,0.14653768453175323,64,False,False,215,False,0.001,False,1e-05,indiv,xyPosition,False
319,True,1,3,16,0.06652113866786556,8,False,False,128,False,0.001,False,1e-05,ratio,displacement,False
320,True,1,3,16,0.1254805858229484,8,True,False,1024,False,0.01,False,1e-05,ratio,displacement,True
321,True,2,1,32,0.1127348553267054,16,False,True,215,False,0.01,False,1e-05,ratio,displacement,True
322,False,1,2,16,0.17318289062045705,32,False,True,128,False,0.01,False,0.001,ratioNorm,xyPosition,True
323,False,2,1,8,0.112236781427601,16,False,True,128,False,0.001,False,1e-05,indiv,displacement,False
324,False,2,3,32,0.14200971368866885,32,False,False,128,False,0.001,False,1e-05,indiv,displacement,True
325,False,3,1,16,0.13452695084022098,8,False,True,2048,False,0.001,False,0.0001,ratioNorm,xyPosition,True
326,True,1,2,32,0.1272451995603664,8,False,False,4096,False,0.01,False,0.001,ratioNorm,displacement,True
327,True,2,2,64,0.16126651271272874,8,True,True,4096,False,0.001,False,0.001,ratioNorm,xyPosition,True
328,False,3,2,64,0.17390876224510707,32,False,False,1024,False,0.001,False,0.0001,ratio,xyPosition,True
329,True,2,2,16,0.17151216847310552,32,True,False,256,False,0.01,False,1e-05,indiv,xyPosition,False
330,False,2,2,16,0.05149963038142346,16,False,True,128,False,0.01,False,0.0001,indiv,xyPosition,True
331,False,1,2,64,0.14719644954701605,64,True,True,256,False,0.001,False,0.0001,ratio,xyPosition,True
332,False,2,3,32,0.17711571861521858,16,True,False,256,False,0.01,False,0.0001,ratioNorm,displacement,True
333,True,1,3,16,0.1853722703493217,16,True,True,4096,False,0.01,False,0.001,ratioNorm,displacement,False
334,True,3,1,16,0.1248786997292262,16,False,False,215,False,0.001,False,1e-05,ratio,displacement,True
335,False,2,3,16,0.0956319816874688,32,True,False,4096,False,0.001,False,0.0001,ratio,displacement,True
336,False,2,3,32,0.12426174402591658,32,True,False,128,False,0.001,False,0.0001,ratioNorm,displacement,False
337,False,1,3,32,0.05726292534755301,16,True,False,4096,False,0.001,False,0.001,indiv,xyPosition,False
338,False,3,3,16,0.12800092748637165,16,True,False,215,False,0.01,False,0.001,indiv,xyPosition,True
339,False,3,3,32,0.06228656837060202,16,True,True,1024,False,0.001,False,1e-05,indiv,xyPosition,False
340,True,2,2,16,0.08406930555967136,64,True,False,2048,False,0.01,False,0.001,indiv,displacement,True
341,True,2,3,64,0.19925117300137268,64,True,True,2048,False,0.001,False,0.001,indiv,displacement,True
342,True,3,1,32,0.16245692362128333,64,False,False,128,False,0.01,False,0.001,ratioNorm,displacement,False
343,False,1,3,8,0.12898210809415206,64,False,False,4096,False,0.01,False,0.001,ratioNorm,xyPosition,True
344,False,1,1,64,0.1931492433692999,8,True,False,2048,False,0.01,False,0.0001,indiv,displacement,True
345,False,2,2,64,0.13859158728306492,16,False,False,128,False,0.01,False,1e-05,indiv,xyPosition,True
346,False,1,2,16,0.06239794487351888,8,True,True,2048,False,0.01,False,1e-05,ratioNorm,xyPosition,True
347,False,1,1,64,0.08761501826517504,16,False,False,2048,False,0.01,False,0.001,indiv,displacement,True
348,True,2,3,32,0.15785003727230693,8,False,True,256,False,0.01,False,1e-05,ratio,displacement,False
349,True,3,1,16,0.1419022923173699,32,True,True,128,False,0.001,False,1e-05,ratioNorm,xyPosition,True
350,True,2,1,16,0.13589620797186414,8,True,False,215,False,0.01,False,1e-05,ratio,displacement,False
351,False,2,2,8,0.098173161879102,32,True,False,1024,False,0.001,False,0.0001,indiv,displacement,False
352,True,3,2,64,0.0902846718648088,8,False,False,4096,False,0.01,False,1e-05,ratioNorm,displacement,False
353,False,1,1,8,0.1695818813485449,64,False,True,215,False,0.001,False,1e-05,indiv,displacement,True
354,False,2,3,32,0.1824689709968224,32,True,False,2048,False,0.001,False,1e-05,ratio,xyPosition,True
355,False,1,2,64,0.059391497794403225,8,True,False,1024,False,0.01,False,0.001,ratio,xyPosition,False
356,True,1,3,64,0.16978957273575118,64,True,True,4096,False,0.01,False,1e-05,indiv,xyPosition,False
357,True,3,2,32,0.13484044772174558,8,True,True,4096,False,0.001,False,0.0001,indiv,displacement,False
358,True,3,3,32,0.1524949351935364,32,False,True,2048,False,0.01,False,1e-05,indiv,displacement,True
359,False,3,1,8,0.122475929647229,32,False,True,4096,False,0.01,False,1e-05,indiv,displacement,False
360,False,1,1,8,0.1919771383958726,16,False,True,128,False,0.001,False,0.001,ratio,xyPosition,False
361,True,3,2,32,0.1589170150056069,64,False,False,128,False,0.001,False,0.0001,indiv,xyPosition,True
362,False,1,2,64,0.19484977795678116,8,False,True,1024,False,0.001,False,0.0001,indiv,xyPosition,False
363,True,2,2,8,0.0881221931391315,64,True,False,128,False,0.001,False,0.001,ratio,xyPosition,True
364,True,1,1,32,0.07789979035376432,16,True,False,4096,False,0.001,False,0.0001,ratioNorm,xyPosition,True
365,True,2,1,8,0.1170715902488437,64,False,True,256,False,0.001,False,1e-05,indiv,displacement,False
366,False,1,3,32,0.14949349476755786,16,False,True,128,False,0.001,False,1e-05,ratio,displacement,True
367,False,3,2,8,0.1959316422415049,32,True,False,2048,False,0.01,False,0.001,ratio,xyPosition,True
368,False,3,3,16,0.13222756240240963,8,False,False,4096,False,0.01,False,0.001,ratio,displacement,False
369,False,2,3,16,0.06932217137459173,32,True,True,256,False,0.001,False,0.001,ratioNorm,xyPosition,True
370,True,1,1,32,0.15360823484338398,8,False,False,2048,False,0.01,False,0.0001,indiv,xyPosition,False
371,False,2,1,32,0.06175367615006704,16,True,False,4096,False,0.01,False,1e-05,ratioNorm,xyPosition,True
372,False,3,1,32,0.09095125258919072,64,False,True,2048,False,0.001,False,0.001,ratioNorm,xyPosition,True
373,True,2,1,16,0.1271745227042686,8,True,False,215,False,0.01,False,0.001,ratioNorm,xyPosition,True
374,True,3,3,32,0.06149010895169783,8,True,False,215,False,0.01,False,0.0001,ratioNorm,displacement,True
375,True,1,2,32,0.14525327787009715,16,False,False,2048,False,0.001,False,0.001,ratioNorm,displacement,True
376,False,1,2,64,0.18392197287798828,8,True,False,4096,False,0.01,False,1e-05,ratioNorm,xyPosition,False
377,True,3,2,64,0.1283798779698537,32,False,False,256,False,0.001,False,1e-05,ratio,displacement,True
378,False,3,2,16,0.10220088871886036,64,False,False,256,False,0.001,False,1e-05,indiv,displacement,False
379,False,3,1,16,0.11561908834178528,8,False,True,128,False,0.01,False,0.0001,ratioNorm,xyPosition,False
380,True,3,2,32,0.11521081773757222,64,True,False,1024,False,0.001,False,0.001,ratioNorm,xyPosition,True
381,True,2,1,32,0.19534945365162695,8,False,False,2048,False,0.01,False,1e-05,ratioNorm,xyPosition,False
382,True,1,3,64,0.1893865929174614,8,True,True,215,False,0.01,False,1e-05,ratio,xyPosition,False
383,False,1,2,64,0.19322295803402084,64,True,False,215,False,0.01,False,0.0001,indiv,displacement,True
384,True,2,3,32,0.11033863476548564,16,True,False,215,False,0.01,False,1e-05,ratio,xyPosition,True
385,True,3,1,8,0.13325253737452236,64,False,True,128,False,0.001,False,0.0001,ratioNorm,xyPosition,True
386,True,1,3,16,0.19333044121440207,16,True,True,215,False,0.001,False,0.001,ratio,xyPosition,False
387,False,1,3,64,0.17986015559192237,16,False,True,2048,False,0.01,False,0.001,indiv,xyPosition,False
388,False,2,2,8,0.06000816928523525,16,True,False,128,False,0.001,False,0.001,ratioNorm,displacement,True
389,True,3,1,32,0.0979407100615502,16,False,False,215,False,0.01,False,0.001,ratio,displacement,False
390,True,3,3,16,0.07683306149237566,8,False,True,4096,False,0.001,False,0.001,ratio,displacement,False
391,True,2,2,64,0.18192716372496437,64,False,False,4096,False,0.001,False,0.001,ratio,displacement,False
392,True,3,3,8,0.08590663676135055,64,True,True,215,False,0.01,False,1e-05,indiv,xyPosition,False
393,False,1,1,32,0.08229653260042129,16,False,True,2048,False,0.001,False,0.001,ratioNorm,displacement,False
394,False,2,1,8,0.16059740390391114,32,False,False,4096,False,0.01,False,0.0001,ratioNorm,xyPosition,True
395,False,1,1,16,0.18616753766714755,64,False,False,2048,False,0.01,False,0.0001,ratioNorm,displacement,False
396,True,2,1,16,0.08534008572854715,32,True,False,2048,False,0.01,False,1e-05,ratioNorm,displacement,False
397,True,3,2,16,0.114454443156872,8,True,False,4096,False,0.001,False,0.001,indiv,displacement,False
398,False,3,2,8,0.0534280680482079,64,True,False,256,False,0.001,False,1e-05,indiv,displacement,False
399,True,2,1,16,0.14758782758482425,8,True,True,256,False,0.01,False,1e-05,indiv,xyPosition,False
400,False,2,2,8,0.14291998711574436,16,False,True,215,False,0.01,False,0.0001,ratioNorm,displacement,False
401,False,2,3,8,0.11418104426305284,32,True,True,1024,False,0.001,False,0.0001,ratio,xyPosition,False
402,False,2,2,64,0.07157692064577584,8,False,False,1024,False,0.001,False,1e-05,ratioNorm,xyPosition,False
403,False,1,3,16,0.1060580711154172,8,False,True,256,False,0.001,False,1e-05,ratio,xyPosition,True
404,True,3,2,16,0.1157946305563813,8,False,False,2048,False,0.01,False,1e-05,ratio,xyPosition,False
405,True,3,1,32,0.1446631791650451,32,False,False,4096,False,0.01,False,0.001,indiv,displacement,True
406,True,2,1,8,0.06907618629548107,32,False,True,1024,False,0.01,False,0.001,ratio,displacement,True
407,True,1,3,64,0.15350487441220995,16,True,True,2048,False,0.001,False,0.001,ratio,displacement,True
408,False,3,3,64,0.10713601773954862,8,True,False,215,False,0.01,False,1e-05,indiv,xyPosition,False
409,True,2,3,32,0.19872735324115148,16,True,False,256,False,0.001,False,0.0001,ratio,xyPosition,True
410,True,3,1,8,0.18512701176592097,16,False,True,128,False,0.001,False,0.0001,ratioNorm,displacement,True
411,True,1,2,16,0.0612000405562179,64,True,False,128,False,0.01,False,0.0001,ratioNorm,xyPosition,True
412,False,2,1,16,0.12328019762106844,32,False,False,215,False,0.01,False,1e-05,ratio,xyPosition,True
413,False,1,1,16,0.1631459133446938,64,False,True,215,False,0.01,False,0.0001,indiv,displacement,True
414,False,1,2,64,0.11992666807106309,16,False,False,256,False,0.001,False,0.001,ratioNorm,xyPosition,True
415,False,2,3,64,0.14768178164866427,16,False,True,2048,False,0.001,False,0.0001,ratio,xyPosition,False
416,False,2,2,8,0.06828688239961922,64,False,True,2048,False,0.001,False,0.0001,indiv,xyPosition,False
417,True,2,2,8,0.11944300857259044,64,True,False,128,False,0.001,False,0.001,ratioNorm,xyPosition,True
418,False,1,3,64,0.05822154798567897,8,False,False,2048,False,0.001,False,1e-05,ratioNorm,displacement,False
419,False,2,2,32,0.15747192479554406,8,False,False,215,False,0.01,False,0.001,ratioNorm,xyPosition,False
420,True,1,1,32,0.19928293332341684,32,True,False,1024,False,0.01,False,1e-05,ratioNorm,xyPosition,False
421,True,2,1,8,0.1438893526574139,16,True,True,1024,False,0.01,False,0.0001,ratio,displacement,False
422,False,3,3,8,0.07179224864795296,32,True,True,4096,False,0.001,False,0.0001,ratioNorm,xyPosition,False
423,False,2,1,64,0.18248082895744827,8,False,False,1024,False,0.01,False,0.0001,indiv,xyPosition,False
424,True,3,1,16,0.16652566359859575,8,False,False,2048,False,0.01,False,1e-05,ratioNorm,displacement,True
425,True,2,2,8,0.15059966866954794,32,True,True,4096,False,0.01,False,0.001,ratioNorm,displacement,False
426,True,3,1,8,0.15178069564141589,8,True,True,256,False,0.01,False,1e-05,indiv,displacement,False
427,False,3,2,32,0.1121733250978201,32,True,True,128,False,0.001,False,0.001,indiv,displacement,True
428,True,2,3,32,0.11071697140710732,32,True,False,2048,False,0.001,False,0.001,ratioNorm,displacement,False
429,True,3,1,64,0.17705340769360656,16,True,False,256,False,0.01,False,0.001,ratio,xyPosition,True
430,True,3,2,32,0.056446973652212955,16,True,False,128,False,0.001,False,0.001,indiv,displacement,False
431,True,1,3,16,0.07435824699087328,8,True,True,256,False,0.001,False,0.0001,indiv,displacement,True
432,False,1,3,32,0.07756319908132188,16,True,True,128,False,0.01,False,0.001,ratioNorm,xyPosition,False
433,False,2,3,16,0.18661866190321164,8,True,True,128,False,0.01,False,0.0001,indiv,displacement,True
434,False,1,3,64,0.09443768418274744,32,True,True,2048,False,0.01,False,1e-05,indiv,xyPosition,True
435,True,3,3,16,0.050248168583141094,16,True,False,2048,False,0.001,False,0.0001,indiv,xyPosition,True
436,True,3,2,8,0.1731377857197531,64,True,True,4096,False,0.01,False,0.0001,ratioNorm,xyPosition,True
437,True,2,2,32,0.13034867746423823,64,True,False,256,False,0.01,False,1e-05,ratio,displacement,True
438,False,1,3,8,0.14624656669322844,16,True,True,256,False,0.001,False,0.001,ratio,displacement,True
439,False,1,2,16,0.19654938237202713,64,True,True,215,False,0.001,False,0.001,indiv,displacement,True
440,False,1,3,16,0.1207289075399028,8,False,True,215,False,0.01,False,0.0001,ratioNorm,xyPosition,False
441,False,2,2,8,0.1074165848417373,64,True,True,215,False,0.001,False,0.0001,ratio,xyPosition,True
442,True,3,1,32,0.07048915681544562,32,False,True,2048,False,0.001,False,0.001,indiv,xyPosition,True
443,False,3,2,64,0.0941378603604946,64,True,False,128,False,0.001,False,0.0001,indiv,displacement,False
444,True,1,1,8,0.12867547775362664,64,False,True,2048,False,0.001,False,0.001,ratioNorm,xyPosition,True
445,True,2,2,8,0.17627734219725594,32,False,True,4096,False,0.001,False,0.001,indiv,xyPosition,True
446,True,1,2,8,0.14751070798107088,32,True,False,256,False,0.01,False,0.0001,ratio,xyPosition,False
447,False,1,3,16,0.11053304690578113,64,False,False,2048,False,0.001,False,0.001,ratio,xyPosition,True
448,False,1,1,32,0.05899782728604132,64,False,True,1024,False,0.01,False,0.0001,ratio,xyPosition,False
449,True,2,2,8,0.09953816769728252,8,True,False,256,False,0.01,False,0.0001,ratio,displacement,True
450,True,3,3,64,0.15416215718361184,16,True,False,256,False,0.001,False,1e-05,ratioNorm,xyPosition,False
451,False,1,3,8,0.1552545537869936,32,False,False,128,False,0.01,False,1e-05,indiv,displacement,True
452,False,2,2,16,0.12750281759502252,32,False,False,2048,False,0.01,False,1e-05,ratio,xyPosition,True
453,True,1,3,64,0.19545643059525153,32,False,False,256,False,0.01,False,0.001,ratio,xyPosition,True
454,False,2,3,8,0.09314436893392562,32,True,False,1024,False,0.01,False,0.0001,ratio,xyPosition,False
455,True,2,2,64,0.14969489582136736,32,False,True,215,False,0.001,False,0.0001,ratio,displacement,True
456,False,3,1,16,0.053367268699864655,32,True,True,4096,False,0.001,False,0.001,ratio,xyPosition,True
457,False,3,3,8,0.17161177095338426,16,True,True,128,False,0.001,False,1e-05,ratioNorm,displacement,True
458,False,2,3,8,0.08655700480853065,64,False,False,1024,False,0.001,False,1e-05,ratioNorm,displacement,False
459,False,1,2,32,0.1496282162449367,8,True,True,256,False,0.001,False,0.001,ratio,displacement,False
460,False,1,2,64,0.12844079290213217,32,True,False,1024,False,0.001,False,1e-05,ratio,displacement,True
461,True,2,3,8,0.0631700543942388,32,False,True,128,False,0.01,False,1e-05,ratio,displacement,True
462,False,2,3,16,0.06340894831261734,8,False,True,1024,False,0.01,False,0.001,ratio,displacement,True
463,False,1,1,64,0.1772433551922593,32,True,True,4096,False,0.001,False,0.0001,ratioNorm,xyPosition,True
464,False,1,2,32,0.08316677567120487,64,True,False,2048,False,0.01,False,0.001,indiv,xyPosition,False
465,False,2,2,8,0.19785969942257303,8,False,False,4096,False,0.01,False,1e-05,ratio,displacement,True
466,False,1,3,64,0.158813944161682,64,True,False,128,False,0.001,False,1e-05,indiv,displacement,True
467,False,3,2,32,0.17565509346826297,16,False,True,1024,False,0.01,False,1e-05,ratio,displacement,True
468,True,2,2,16,0.07626361767666716,8,True,True,256,False,0.001,False,0.001,ratioNorm,xyPosition,False
469,False,1,2,16,0.15308554085192488,8,False,False,128,False,0.01,False,0.001,ratio,displacement,False
470,False,1,3,16,0.07712281117939997,16,False,False,1024,False,0.001,False,0.0001,indiv,displacement,True
471,False,2,3,8,0.09538989694781824,16,False,True,128,False,0.001,False,0.001,ratio,xyPosition,False
472,True,1,2,8,0.13727499867542925,8,False,False,1024,False,0.001,False,0.0001,ratioNorm,displacement,True
473,True,1,3,64,0.18433289444307044,64,True,True,256,False,0.01,False,0.0001,ratio,displacement,True
474,True,2,1,64,0.08049819855365543,8,True,False,1024,False,0.01,False,0.0001,ratio,xyPosition,False
475,True,1,1,8,0.19611020011726105,16,True,True,215,False,0.001,False,0.0001,ratioNorm,displacement,True
476,True,2,3,64,0.15567547661533615,8,True,True,1024,False,0.01,False,0.0001,ratioNorm,displacement,False
477,True,2,1,16,0.10380484151523955,8,False,True,128,False,0.01,False,1e-05,ratioNorm,xyPosition,False
478,True,1,3,8,0.1444569913695335,64,True,False,1024,False,0.001,False,0.001,ratioNorm,displacement,True
479,False,3,2,16,0.09781264794910338,8,False,False,215,False,0.01,False,0.001,ratioNorm,xyPosition,True
480,False,3,3,8,0.10675099756571611,16,False,False,128,False,0.001,False,0.0001,ratioNorm,displacement,False
481,False,2,1,64,0.13914486283271693,64,True,True,215,False,0.01,False,0.0001,ratio,xyPosition,False
482,True,2,3,64,0.050153717459096525,32,True,False,215,False,0.001,False,0.001,ratio,xyPosition,False
483,False,1,2,32,0.10127771742599942,16,False,False,256,False,0.001,False,0.0001,ratioNorm,displacement,True
484,True,3,3,16,0.0782680706370687,64,True,True,215,False,0.001,False,0.001,ratioNorm,xyPosition,True
485,True,1,2,8,0.14299100809658669,32,True,True,4096,False,0.01,False,0.001,indiv,displacement,True
486,True,2,1,16,0.08267522724722645,16,True,True,128,False,0.01,False,0.001,ratio,xyPosition,False
487,True,1,1,64,0.18346292231613623,8,True,False,215,False,0.01,False,0.001,ratioNorm,displacement,False
488,False,3,1,32,0.060296904222510245,8,True,True,128,False,0.01,False,0.0001,indiv,displacement,False
489,False,1,3,64,0.14502548712885732,16,True,False,4096,False,0.01,False,1e-05,ratio,displacement,True
490,False,2,1,32,0.13147740600829913,64,True,True,128,False,0.01,False,0.001,ratio,displacement,True
491,True,2,2,32,0.1951152924130582,8,False,False,128,False,0.001,False,0.001,ratio,displacement,True
492,True,2,3,16,0.14559571417713313,16,False,False,128,False,0.01,False,1e-05,ratio,xyPosition,True
493,False,3,2,64,0.14616773504727257,64,False,False,128,False,0.01,False,0.0001,ratio,xyPosition,False
494,False,2,1,16,0.1946285361661999,64,False,True,2048,False,0.001,False,1e-05,ratio,displacement,False
495,False,2,1,16,0.09182068229024752,16,True,True,215,False,0.001,False,0.001,indiv,displacement,True
496,False,3,3,16,0.07245667560645869,8,False,True,4096,False,0.01,False,0.0001,ratioNorm,xyPosition,False
497,False,3,1,16,0.12433747510647015,64,False,False,215,False,0.001,False,0.0001,ratioNorm,displacement,False
498,True,3,2,16,0.1224956678972266,64,True,False,4096,False,0.001,False,0.0001,ratio,displacement,True
499,False,1,3,32,0.1417654214714066,32,False,True,256,False,0.01,False,1e-05,ratio,xyPosition,True
500,False,3,1,64,0.1274147955590191,8,True,True,4096,False,0.001,False,0.0001,ratioNorm,xyPosition,False
501,False,3,1,8,0.1487508943011776,32,True,False,2048,False,0.001,False,1e-05,ratio,displacement,True
502,True,2,1,32,0.13235079267114103,8,True,False,2048,False,0.001,False,1e-05,ratio,displacement,True
503,True,1,3,8,0.12754254252239638,8,False,True,4096,False,0.01,False,1e-05,ratio,displacement,True
504,False,1,2,32,0.14898072805158308,32,False,False,1024,False,0.01,False,0.0001,ratio,displacement,False
505,False,1,2,64,0.14899709699568642,8,False,True,215,False,0.001,False,0.001,indiv,displacement,True
506,True,1,1,8,0.1869740795034955,32,False,False,4096,False,0.001,False,1e-05,ratioNorm,xyPosition,False
507,True,3,3,64,0.1382377939824463,64,False,True,128,False,0.01,False,0.001,indiv,xyPosition,True
508,False,3,1,32,0.08034657213118274,16,True,False,256,False,0.01,False,0.0001,ratio,xyPosition,False
509,True,1,2,64,0.1293597066265059,8,False,True,4096,False,0.001,False,0.001,ratioNorm,xyPosition,False
510,True,3,2,16,0.07668795219019282,8,False,False,2048,False,0.01,False,1e-05,indiv,displacement,True
511,False,3,3,8,0.17225833032779245,64,True,True,256,False,0.001,False,0.001,ratio,displacement,False
512,False,1,2,8,0.08326117217143655,16,False,False,128,False,0.001,False,1e-05,ratioNorm,xyPosition,False
513,True,2,1,32,0.10545012479143312,64,False,True,4096,False,0.001,False,1e-05,ratio,xyPosition,False
514,True,2,3,16,0.059803578536747365,8,False,False,4096,False,0.01,False,1e-05,ratio,displacement,True
515,False,1,3,8,0.1397886525773442,8,True,True,256,False,0.001,False,1e-05,ratio,xyPosition,False
516,False,1,1,8,0.10019857713114422,32,False,False,4096,False,0.001,False,0.0001,indiv,xyPosition,True
517,True,3,1,64,0.12447123872801708,16,False,False,215,False,0.001,False,1e-05,ratio,displacement,True
518,False,3,1,16,0.0804240436617043,32,False,True,256,False,0.01,False,0.001,ratio,displacement,False
519,False,1,1,64,0.08888175636326431,64,True,True,256,False,0.001,False,0.001,ratio,xyPosition,False
520,True,3,1,32,0.08387593193680663,64,False,True,215,False,0.001,False,0.0001,ratio,xyPosition,True
521,True,3,2,32,0.12186672055853325,64,True,False,256,False,0.01,False,0.0001,ratio,displacement,True
522,True,1,2,32,0.19793541445565785,32,True,True,128,False,0.001,False,1e-05,ratioNorm,xyPosition,True
523,True,2,3,16,0.07028504811452659,64,True,True,256,False,0.001,False,0.0001,ratio,xyPosition,True
524,True,2,1,16,0.14776790680222618,64,True,True,2048,False,0.01,False,0.0001,ratioNorm,displacement,True
525,True,3,3,8,0.05387518864806553,8,True,True,4096,False,0.01,False,0.0001,indiv,displacement,False
526,False,1,1,16,0.08169647640252758,8,True,True,1024,False,0.001,False,1e-05,indiv,displacement,False
527,False,1,2,8,0.1915139633713064,64,True,False,1024,False,0.01,False,0.001,ratio,xyPosition,False
528,False,2,3,32,0.17300851578803084,64,False,True,4096,False,0.001,False,0.0001,ratioNorm,displacement,False
529,True,2,1,32,0.12510507428551365,64,False,False,215,False,0.001,False,0.001,indiv,displacement,True
530,False,3,1,64,0.07227260402628592,64,False,True,256,False,0.001,False,0.0001,indiv,xyPosition,True
531,True,2,1,32,0.14008376874627476,16,False,False,215,False,0.01,False,0.001,ratioNorm,xyPosition,True
532,False,3,1,64,0.1824619074545472,64,False,False,215,False,0.01,False,1e-05,indiv,displacement,False
533,False,3,2,64,0.051717555095479206,64,False,False,1024,False,0.001,False,0.0001,ratio,xyPosition,True
534,True,1,1,16,0.14160995135084298,8,False,True,4096,False,0.01,False,0.001,indiv,displacement,True
535,True,1,1,64,0.0901969388293863,32,True,False,256,False,0.001,False,0.001,ratioNorm,displacement,False
536,True,1,2,64,0.13218997298287077,64,False,True,128,False,0.001,False,0.001,ratio,displacement,False
537,False,2,1,32,0.08686505100719868,8,False,False,2048,False,0.001,False,0.0001,ratio,displacement,False
538,True,1,2,16,0.0671356381111261,8,False,False,2048,False,0.001,False,0.0001,ratioNorm,xyPosition,False
539,True,3,2,64,0.08640898907590128,8,False,True,2048,False,0.001,False,0.0001,ratioNorm,xyPosition,False
540,True,1,3,16,0.18943062036582323,8,False,True,2048,False,0.001,False,1e-05,ratio,displacement,False
541,False,1,3,8,0.14152288388290402,64,True,True,256,False,0.01,False,0.001,ratio,xyPosition,True
542,True,2,3,8,0.16918222386752657,16,False,False,4096,False,0.01,False,0.0001,indiv,displacement,False
543,True,1,3,8,0.05382677989652934,16,True,False,256,False,0.001,False,0.001,ratio,xyPosition,True
544,True,2,1,64,0.19349241817527413,8,True,True,256,False,0.01,False,1e-05,ratioNorm,displacement,True
545,False,1,3,32,0.16762803961047495,64,True,True,2048,False,0.001,False,1e-05,ratio,xyPosition,False
546,False,3,1,64,0.15865142240686508,64,False,True,1024,False,0.01,False,0.0001,indiv,xyPosition,False
547,True,3,3,32,0.16311725837843705,16,True,False,128,False,0.01,False,0.001,ratio,xyPosition,False
548,True,2,3,32,0.13860788136791485,64,False,True,2048,False,0.001,False,1e-05,ratio,xyPosition,True
549,False,2,3,32,0.08494918466482632,32,False,True,256,False,0.01,False,0.001,ratioNorm,xyPosition,False
550,True,1,3,8,0.10426863099748104,16,False,False,4096,False,0.001,False,0.0001,ratio,displacement,True
551,True,3,2,16,0.14988962989136717,8,True,True,2048,False,0.001,False,1e-05,ratio,xyPosition,False
552,False,1,3,16,0.11023677867381056,32,True,False,4096,False,0.01,False,1e-05,indiv,displacement,True
553,False,2,2,32,0.07569747131469867,16,True,False,256,False,0.01,False,0.0001,ratio,displacement,True
554,True,2,1,8,0.12228606570958066,64,True,True,215,False,0.01,False,0.001,ratioNorm,displacement,False
555,True,1,1,32,0.06794285109950134,16,True,True,4096,False,0.01,False,0.0001,indiv,xyPosition,False
556,False,3,2,8,0.19507301846926045,64,False,False,4096,False,0.001,False,1e-05,indiv,xyPosition,False
557,True,2,1,16,0.1507167769937417,8,False,False,2048,False,0.001,False,0.0001,ratioNorm,xyPosition,False
558,True,3,3,64,0.11095374523060238,64,True,False,1024,False,0.01,False,0.001,ratioNorm,displacement,True
559,True,1,3,64,0.13044437609339982,32,False,False,215,False,0.01,False,0.001,indiv,xyPosition,False
560,True,1,1,8,0.14734994926864065,32,True,True,128,False,0.001,False,1e-05,ratio,xyPosition,True
561,True,3,1,8,0.1527928239259014,16,True,True,128,False,0.001,False,0.001,ratioNorm,xyPosition,True
562,True,3,2,64,0.1619696817510998,16,True,False,128,False,0.001,False,0.001,ratio,xyPosition,True
563,True,1,2,8,0.08843187508198305,8,True,True,4096,False,0.001,False,0.001,indiv,displacement,False
564,True,1,1,64,0.09544436576583128,64,False,True,1024,False,0.01,False,0.001,ratio,xyPosition,True
565,True,2,2,16,0.1864008897308661,64,False,False,4096,False,0.01,False,0.001,ratio,xyPosition,False
566,True,2,3,32,0.12954353736202312,8,False,True,4096,False,0.01,False,0.0001,indiv,displacement,True
567,False,2,1,32,0.11534019430057066,64,True,True,215,False,0.001,False,0.0001,indiv,xyPosition,True
568,False,1,3,8,0.07323361879413359,64,False,True,4096,False,0.01,False,0.0001,ratioNorm,xyPosition,False
569,False,1,1,64,0.14436270401600576,32,True,False,4096,False,0.001,False,0.001,ratio,xyPosition,True
570,True,2,1,64,0.05470956380704308,64,False,True,1024,False,0.01,False,0.001,ratio,displacement,False
571,False,1,3,64,0.1604115053562083,8,False,False,256,False,0.001,False,0.0001,indiv,xyPosition,False
572,True,2,3,16,0.1811830798928683,16,True,False,2048,False,0.01,False,0.0001,ratio,xyPosition,True
573,True,3,2,32,0.0772803998250921,16,False,False,1024,False,0.001,False,0.001,indiv,displacement,True
574,False,3,3,32,0.07069641132751237,64,False,False,256,False,0.001,False,0.0001,indiv,xyPosition,False
575,True,1,1,32,0.06631954557055518,16,False,False,1024,False,0.001,False,1e-05,ratioNorm,xyPosition,True
576,False,1,2,8,0.08819748745028964,8,True,False,128,False,0.001,False,1e-05,ratioNorm,displacement,True
577,False,3,1,8,0.19876152689542503,64,False,True,128,False,0.01,False,0.001,ratio,xyPosition,False
578,True,3,3,32,0.1988531403447661,64,False,True,4096,False,0.001,False,0.0001,indiv,xyPosition,True
579,True,1,1,32,0.09420526380427265,8,True,False,4096,False,0.001,False,1e-05,ratioNorm,displacement,False
580,True,3,1,64,0.15776403488950053,16,False,False,2048,False,0.01,False,0.001,ratioNorm,displacement,False
581,True,2,1,32,0.17079328143800393,32,True,True,215,False,0.001,False,0.0001,ratioNorm,xyPosition,True
582,True,1,1,64,0.10784117139444954,16,False,True,2048,False,0.001,False,1e-05,ratio,displacement,True
583,True,1,3,64,0.09333414206919972,8,True,True,4096,False,0.01,False,0.0001,indiv,xyPosition,True
584,True,2,1,32,0.18896848001607777,64,False,False,2048,False,0.01,False,1e-05,ratioNorm,displacement,False
585,False,2,1,8,0.06458138478663458,32,True,True,256,False,0.01,False,0.0001,indiv,xyPosition,True
586,True,1,2,8,0.19786675182605873,8,False,False,128,False,0.01,False,1e-05,ratioNorm,xyPosition,True
587,False,3,2,32,0.05365207225239868,32,False,False,256,False,0.01,False,1e-05,ratioNorm,displacement,False
588,False,3,1,32,0.19909244371192691,8,True,True,1024,False,0.01,False,0.0001,ratioNorm,displacement,True
589,True,1,2,16,0.15924053579596045,16,False,False,1024,False,0.01,False,0.001,ratio,displacement,True
590,False,1,2,32,0.08134904789180769,32,True,True,128,False,0.01,False,0.0001,indiv,xyPosition,False
591,False,1,3,8,0.13987889839803638,8,True,False,215,False,0.01,False,1e-05,ratio,displacement,True
592,False,1,2,16,0.16869616354526823,64,False,False,2048,False,0.01,False,0.001,ratioNorm,displacement,True
593,False,1,3,16,0.10627946505388255,64,True,True,256,False,0.001,False,0.0001,ratio,xyPosition,False
594,False,2,2,32,0.1122050004020018,16,False,False,256,False,0.001,False,1e-05,indiv,xyPosition,True
595,True,3,2,8,0.13124759597565355,16,True,False,215,False,0.01,False,0.001,ratio,displacement,False
596,False,2,2,16,0.18736215191415329,16,True,False,1024,False,0.001,False,0.0001,ratioNorm,displacement,True
597,False,3,1,32,0.05201563716850035,64,True,True,2048,False,0.001,False,0.0001,ratio,displacement,False
598,True,3,2,8,0.18869623462798407,8,False,True,1024,False,0.01,False,1e-05,indiv,xyPosition,True
599,True,1,3,16,0.10115861083573036,16,False,True,4096,False,0.001,False,1e-05,indiv,displacement,False
600,True,1,1,32,0.16248969860302193,16,True,True,215,False,0.001,False,0.0001,indiv,displacement,False
601,False,2,1,64,0.07983603151742813,16,False,True,4096,False,0.001,False,1e-05,ratioNorm,xyPosition,True
602,True,3,1,8,0.14448957377265384,8,False,True,1024,False,0.001,False,0.0001,ratioNorm,displacement,True
603,False,2,1,16,0.11665658769783167,16,True,True,256,False,0.001,False,1e-05,ratio,displacement,True
604,True,3,3,8,0.07541187999634075,8,False,False,2048,False,0.01,False,0.001,indiv,xyPosition,False
605,True,2,3,64,0.14777153262609508,64,False,True,215,False,0.01,False,0.0001,indiv,xyPosition,False
606,True,2,2,8,0.19092001100555211,16,False,False,2048,False,0.001,False,0.0001,ratioNorm,displacement,True
607,True,1,2,32,0.1778431540310747,64,False,False,4096,False,0.001,False,1e-05,indiv,xyPosition,False
608,False,3,3,64,0.09284444154021326,8,False,True,256,False,0.001,False,0.0001,ratio,displacement,True
609,True,2,3,32,0.13068961955897615,8,False,False,2048,False,0.01,False,0.001,ratio,xyPosition,True
610,True,2,3,16,0.08322459869778544,32,True,False,215,False,0.01,False,0.0001,ratioNorm,displacement,False
611,True,1,1,8,0.1650095552932359,32,True,True,2048,False,0.01,False,0.0001,ratio,xyPosition,False
612,True,2,1,32,0.10120354410555474,8,True,True,256,False,0.001,False,0.0001,ratio,xyPosition,True
613,True,2,2,16,0.09538636715701268,16,False,True,256,False,0.001,False,0.0001,ratioNorm,xyPosition,False
614,False,1,3,64,0.08275444267017937,16,False,False,1024,False,0.01,False,0.0001,ratio,displacement,True
615,False,1,1,32,0.18004594999014306,64,True,True,128,False,0.001,False,0.0001,ratio,xyPosition,False
616,False,1,3,32,0.12483779044286016,32,True,True,128,False,0.01,False,0.0001,indiv,displacement,False
617,False,2,1,16,0.15911557166002427,16,False,True,4096,False,0.01,False,1e-05,ratioNorm,displacement,False
618,True,1,1,64,0.08551979142694935,16,False,False,4096,False,0.01,False,0.001,ratioNorm,displacement,False
619,False,2,1,32,0.1843213872847873,16,True,False,4096,False,0.001,False,0.0001,ratio,xyPosition,False
620,True,1,3,8,0.17606038024649306,64,True,True,128,False,0.01,False,0.001,ratio,xyPosition,True
621,False,2,3,8,0.10294665350529436,64,False,True,4096,False,0.001,False,0.0001,indiv,displacement,True
622,True,3,1,16,0.1020548669535684,64,True,False,215,False,0.01,False,1e-05,ratio,xyPosition,False
623,False,3,1,32,0.07232786401746107,16,True,False,215,False,0.01,False,0.001,indiv,displacement,False
624,True,2,1,32,0.10978896223600008,32,False,True,256,False,0.01,False,0.001,ratioNorm,xyPosition,True
625,True,3,2,64,0.1584940924259331,16,True,False,1024,False,0.001,False,0.001,ratio,displacement,True
626,False,1,2,64,0.17865436297170262,16,True,True,128,False,0.001,False,1e-05,indiv,displacement,True
627,False,1,1,8,0.1667501444796712,16,True,True,215,False,0.01,False,0.001,ratio,displacement,False
628,True,3,3,8,0.07828329184233779,16,True,True,2048,False,0.01,False,0.001,indiv,displacement,False
629,True,2,3,8,0.16588514530164675,32,False,False,1024,False,0.001,False,1e-05,ratio,displacement,True
630,False,2,3,64,0.16055403497486742,32,True,True,4096,False,0.001,False,0.001,ratio,xyPosition,True
631,False,3,3,32,0.1707366799450208,64,False,False,128,False,0.01,False,0.0001,ratioNorm,displacement,False
632,False,2,2,64,0.18933691730879837,64,True,False,1024,False,0.01,False,1e-05,indiv,xyPosition,False
633,True,2,3,64,0.13071970049071713,32,True,True,4096,False,0.01,False,1e-05,ratio,displacement,False
634,False,3,2,8,0.19342460194202876,8,True,True,256,False,0.01,False,0.001,ratio,displacement,False
635,False,1,3,64,0.07192926504343992,64,False,True,4096,False,0.01,False,0.0001,ratioNorm,xyPosition,True
636,True,1,1,64,0.07005770277940317,64,False,True,215,False,0.001,False,1e-05,indiv,displacement,True
637,True,3,3,32,0.11168459323568689,32,False,False,2048,False,0.01,False,0.001,ratio,displacement,False
638,False,2,2,8,0.0728255314549415,32,True,False,4096,False,0.001,False,0.001,ratioNorm,displacement,True
639,True,3,1,32,0.17050638349034636,16,True,False,215,False,0.001,False,0.0001,ratioNorm,xyPosition,False
640,False,1,3,64,0.053028068889759486,16,True,True,2048,False,0.01,False,0.001,ratio,xyPosition,True
641,True,2,1,8,0.1905539625890449,16,True,False,1024,False,0.01,False,0.001,indiv,xyPosition,True
642,True,2,3,64,0.16707174042608056,32,True,False,128,False,0.01,False,1e-05,ratioNorm,xyPosition,False
643,True,2,1,32,0.14586196248581232,64,False,False,4096,False,0.001,False,0.0001,ratioNorm,displacement,True
644,False,3,1,16,0.10755870410535216,8,True,False,2048,False,0.01,False,0.001,indiv,displacement,True
645,True,1,3,8,0.15452176981789295,64,True,False,1024,False,0.001,False,1e-05,ratio,displacement,True
646,True,1,3,8,0.07862253669576016,64,True,False,128,False,0.001,False,0.0001,indiv,xyPosition,False
647,True,2,1,8,0.1105603219160934,8,True,False,2048,False,0.01,False,0.001,indiv,displacement,False
648,False,1,1,64,0.18180429171189977,64,False,True,1024,False,0.001,False,0.001,ratioNorm,displacement,False
649,True,1,3,8,0.07318770339379997,64,True,False,2048,False,0.001,False,1e-05,ratio,displacement,False
650,False,2,1,8,0.05591268080533434,8,False,False,128,False,0.001,False,0.0001,indiv,xyPosition,True
651,True,3,2,16,0.093816575496919,16,True,False,1024,False,0.01,False,1e-05,indiv,displacement,False
652,False,2,3,32,0.0930790944185218,16,True,False,1024,False,0.001,False,0.0001,ratioNorm,xyPosition,False
653,True,1,3,64,0.11176438113949996,32,False,False,4096,False,0.001,False,0.001,ratio,xyPosition,False
654,True,1,2,64,0.15942826563088347,32,False,False,4096,False,0.01,False,1e-05,indiv,xyPosition,True
655,False,1,2,32,0.11702658677621464,8,True,False,256,False,0.01,False,1e-05,indiv,xyPosition,True
656,False,3,3,32,0.09641536654123424,8,True,False,128,False,0.01,False,1e-05,ratioNorm,xyPosition,True
657,True,2,1,64,0.1059694365885132,8,True,True,1024,False,0.001,False,0.0001,indiv,xyPosition,True
658,True,3,1,32,0.07497894590705395,8,False,False,1024,False,0.01,False,1e-05,ratioNorm,xyPosition,False
659,False,2,2,8,0.16933795960076456,16,True,False,128,False,0.01,False,1e-05,ratioNorm,xyPosition,False
660,False,3,3,16,0.10947304052932996,8,False,True,215,False,0.001,False,0.0001,ratio,xyPosition,True
661,False,3,1,64,0.07866992692860708,8,False,True,128,False,0.01,False,0.0001,indiv,displacement,True
662,True,2,1,64,0.06643591608175738,32,True,True,1024,False,0.001,False,1e-05,ratio,xyPosition,True
663,False,1,3,8,0.054041773051148406,8,True,True,128,False,0.01,False,1e-05,indiv,displacement,True
664,False,2,3,32,0.11982640454594012,16,True,True,256,False,0.01,False,0.001,indiv,displacement,False
665,True,2,3,16,0.05143945856977952,32,True,True,215,False,0.01,False,0.001,indiv,displacement,True
666,True,2,3,32,0.0838949820288083,64,True,False,215,False,0.01,False,1e-05,indiv,displacement,True
667,True,3,2,8,0.13220128127448688,64,True,False,4096,False,0.001,False,0.0001,ratioNorm,xyPosition,True
668,False,2,2,8,0.050151121841160835,8,True,False,4096,False,0.01,False,0.0001,indiv,xyPosition,False
669,True,3,3,64,0.15640988614354115,16,True,False,128,False,0.001,False,1e-05,ratio,displacement,False
670,True,3,1,16,0.11131533881534723,64,False,False,4096,False,0.01,False,0.001,indiv,xyPosition,False
671,True,2,2,32,0.11412021205014423,16,True,False,1024,False,0.001,False,1e-05,ratio,displacement,True
672,True,3,2,16,0.18346498305876052,32,True,False,215,False,0.01,False,0.0001,ratio,displacement,True
673,True,2,1,16,0.09773983791907934,8,False,True,128,False,0.01,False,1e-05,ratio,displacement,False
674,False,3,2,8,0.18489895417102276,16,True,False,128,False,0.001,False,0.001,ratio,xyPosition,True
675,False,1,1,8,0.056336923420462155,64,True,False,256,False,0.01,False,1e-05,indiv,displacement,False
676,True,2,1,16,0.19650941294410015,8,False,False,1024,False,0.001,False,0.0001,ratioNorm,xyPosition,True
677,True,1,2,16,0.06683698203595463,64,True,False,215,False,0.001,False,1e-05,ratioNorm,displacement,True
678,False,1,3,16,0.12447755097893448,32,True,True,215,False,0.01,False,1e-05,indiv,displacement,False
679,False,1,1,32,0.14606010888737253,32,True,True,4096,False,0.001,False,0.001,ratioNorm,xyPosition,True
680,True,2,2,32,0.1441780831367545,8,False,False,215,False,0.001,False,0.001,indiv,xyPosition,True
681,True,1,2,64,0.13876784609327392,16,False,False,128,False,0.001,False,0.001,ratio,displacement,True
682,True,3,1,64,0.13833709496874042,16,False,True,1024,False,0.001,False,0.001,indiv,displacement,False
683,False,3,3,32,0.085288434668776,64,False,False,215,False,0.001,False,1e-05,ratioNorm,xyPosition,False
684,True,1,3,16,0.14483153254629832,16,False,True,4096,False,0.001,False,0.001,ratioNorm,xyPosition,False
685,False,3,1,64,0.11810316945572288,16,True,True,4096,False,0.001,False,0.0001,indiv,displacement,False
686,False,3,2,32,0.09265467182653672,64,False,False,256,False,0.001,False,1e-05,ratioNorm,displacement,False
687,True,3,1,16,0.10942267144366644,64,False,True,2048,False,0.001,False,0.001,ratio,xyPosition,False
688,False,1,3,32,0.13004883987729787,64,True,True,2048,False,0.001,False,0.001,ratioNorm,displacement,True
689,False,1,1,64,0.05166803925716782,32,False,False,128,False,0.01,False,0.001,ratioNorm,displacement,True
690,True,1,2,8,0.1968492525231052,64,False,False,128,False,0.01,False,0.0001,ratio,xyPosition,True
691,True,2,2,8,0.19782011381598036,16,False,True,4096,False,0.001,False,0.0001,ratio,displacement,True
692,True,1,3,16,0.10321870929991528,8,True,False,256,False,0.01,False,1e-05,ratioNorm,displacement,False
693,True,2,2,8,0.1628740397964556,64,True,True,256,False,0.01,False,0.001,ratio,xyPosition,False
694,False,3,3,32,0.07190037842387115,64,False,True,128,False,0.001,False,1e-05,indiv,displacement,True
695,True,3,1,8,0.15057661101412972,64,False,True,4096,False,0.001,False,0.001,indiv,xyPosition,False
696,False,2,3,64,0.1306655751118813,8,True,False,1024,False,0.01,False,0.0001,ratioNorm,xyPosition,True
697,True,3,3,64,0.12496400881785534,8,True,False,1024,False,0.001,False,0.001,indiv,xyPosition,True
698,True,2,2,32,0.13030686107001388,32,True,False,1024,False,0.001,False,1e-05,ratio,xyPosition,False
699,False,1,2,64,0.07938318116621068,32,False,False,1024,False,0.001,False,1e-05,ratioNorm,xyPosition,True
700,False,2,2,16,0.1829626428414906,16,True,True,1024,False,0.001,False,0.0001,ratioNorm,displacement,True
701,False,2,1,8,0.0932197597050955,8,False,False,215,False,0.01,False,0.001,indiv,displacement,True
702,True,2,2,16,0.11571151245600536,16,False,True,4096,False,0.001,False,1e-05,ratio,xyPosition,True
703,False,3,2,8,0.18628869264191927,32,True,True,1024,False,0.001,False,0.0001,ratio,displacement,True
704,False,3,1,32,0.08968705282785008,64,False,True,215,False,0.01,False,1e-05,indiv,xyPosition,False
705,False,1,1,64,0.16376430021090782,16,False,True,1024,False,0.001,False,0.0001,ratio,displacement,False
706,False,1,1,8,0.1678790400166877,8,True,True,1024,False,0.01,False,0.001,indiv,xyPosition,True
707,True,1,1,8,0.14534301891081342,16,True,False,215,False,0.001,False,0.0001,ratio,xyPosition,True
708,False,1,3,64,0.18691943575591857,64,False,True,4096,False,0.01,False,1e-05,indiv,displacement,False
709,False,3,3,64,0.1705738819868362,16,False,False,256,False,0.001,False,0.001,ratioNorm,displacement,True
710,True,3,1,64,0.11330911688687188,8,False,False,128,False,0.001,False,0.0001,indiv,displacement,False
711,False,1,3,8,0.061851623301745776,64,False,True,215,False,0.001,False,0.001,indiv,xyPosition,False
712,True,2,1,8,0.09905418216969997,8,False,True,1024,False,0.01,False,1e-05,ratio,displacement,True
713,True,1,3,64,0.11971654213207764,8,True,False,215,False,0.001,False,1e-05,ratio,displacement,False
714,True,3,3,32,0.15729337852762593,64,False,False,128,False,0.001,False,0.0001,indiv,xyPosition,True
715,False,3,1,32,0.09716713170964032,8,True,False,1024,False,0.01,False,0.0001,ratioNorm,xyPosition,False
716,False,3,3,32,0.13517185624755157,16,True,True,4096,False,0.001,False,0.001,indiv,xyPosition,False
717,True,3,2,32,0.08460970561242392,8,False,True,215,False,0.001,False,0.0001,ratio,xyPosition,True
718,True,3,1,64,0.15013333917991384,32,True,True,1024,False,0.01,False,0.001,indiv,xyPosition,False
719,False,3,2,32,0.12861713635887356,32,True,True,2048,False,0.001,False,0.0001,indiv,xyPosition,True
720,True,1,3,32,0.09697122061197344,8,True,False,2048,False,0.01,False,0.0001,indiv,displacement,False
721,False,2,2,8,0.15669838835239536,8,False,False,256,False,0.01,False,0.001,ratio,xyPosition,True
722,True,1,3,16,0.16672540301443903,64,True,False,4096,False,0.001,False,1e-05,ratio,xyPosition,False
723,False,3,1,32,0.10578409250061538,16,True,False,256,False,0.001,False,0.0001,ratio,displacement,True
724,False,1,2,8,0.09180227173679868,64,False,True,2048,False,0.01,False,1e-05,indiv,displacement,False
725,True,3,2,16,0.0738995282467079,16,False,False,215,False,0.001,False,1e-05,ratio,xyPosition,True
726,True,2,2,16,0.11371852158460106,8,False,False,215,False,0.01,False,0.001,ratioNorm,displacement,False
727,True,3,1,32,0.19332969175896203,8,False,False,215,False,0.001,False,0.0001,ratioNorm,displacement,True
728,True,2,3,64,0.1414125993949945,16,True,True,256,False,0.001,False,0.0001,indiv,xyPosition,False
729,False,2,1,8,0.10962127362482196,16,True,False,215,False,0.01,False,0.001,indiv,displacement,True
730,True,3,2,32,0.07098306115748984,8,False,False,1024,False,0.001,False,0.001,ratioNorm,xyPosition,False
731,False,3,2,16,0.15102733201838564,64,False,True,215,False,0.01,False,1e-05,ratioNorm,displacement,True
732,True,1,1,32,0.1579519885305415,32,True,False,128,False,0.001,False,1e-05,ratio,xyPosition,True
733,True,1,2,32,0.1328222958801104,16,True,False,215,False,0.001,False,1e-05,ratioNorm,xyPosition,True
734,False,2,3,8,0.050099931349733305,16,False,True,2048,False,0.001,False,1e-05,ratio,displacement,True
735,False,2,1,8,0.09661667289335092,16,True,True,1024,False,0.001,False,0.0001,ratioNorm,xyPosition,False
736,True,1,1,64,0.19276812659303083,64,False,True,4096,False,0.01,False,1e-05,ratioNorm,xyPosition,True
737,True,2,2,32,0.07250938970909376,32,True,True,1024,False,0.001,False,1e-05,ratio,displacement,True
738,True,2,1,8,0.16253960332710976,32,False,False,1024,False,0.01,False,0.001,indiv,displacement,False
739,True,3,1,8,0.09627010809765932,64,False,False,215,False,0.01,False,0.001,ratioNorm,xyPosition,True
740,True,3,1,16,0.059325068447619415,64,False,True,128,False,0.01,False,0.0001,ratioNorm,xyPosition,False
741,True,3,1,64,0.1255607139776199,64,True,False,215,False,0.01,False,1e-05,indiv,displacement,True
742,False,2,2,16,0.0806459363952529,8,True,True,256,False,0.01,False,0.0001,ratioNorm,displacement,True
743,True,2,3,8,0.1160296090019948,16,False,True,215,False,0.001,False,1e-05,ratioNorm,displacement,False
744,True,3,3,64,0.11229763190885296,16,False,False,1024,False,0.01,False,0.001,ratioNorm,displacement,True
745,True,2,1,64,0.11878967263189026,64,False,True,4096,False,0.001,False,0.0001,ratio,xyPosition,True
746,True,3,2,8,0.11930087339989828,64,True,False,128,False,0.001,False,0.0001,indiv,displacement,False
747,True,1,2,32,0.144025676746114,16,True,True,256,False,0.001,False,1e-05,ratioNorm,xyPosition,False
748,False,3,1,64,0.1348451177862573,8,False,True,215,False,0.01,False,1e-05,ratioNorm,xyPosition,False
749,True,1,2,8,0.1902864586677425,32,False,False,4096,False,0.001,False,0.001,ratioNorm,xyPosition,False
750,True,3,2,16,0.17809837340335216,16,False,False,4096,False,0.001,False,0.0001,ratioNorm,displacement,True
751,True,3,3,32,0.06204983675093913,8,False,False,128,False,0.01,False,0.0001,ratio,displacement,False
752,True,1,2,64,0.06451442446563824,64,True,False,1024,False,0.001,False,0.0001,indiv,displacement,False
753,True,3,3,16,0.07701856490627423,32,True,True,2048,False,0.001,False,0.001,indiv,xyPosition,False
754,False,3,2,8,0.08280758667476862,64,True,True,128,False,0.001,False,0.001,ratioNorm,displacement,True
755,False,2,3,16,0.15095185618418472,32,True,True,1024,False,0.001,False,0.0001,ratioNorm,xyPosition,True
756,False,3,3,32,0.1740178576449396,16,False,False,215,False,0.001,False,0.0001,ratio,displacement,True
757,False,1,2,32,0.09750938674868874,16,True,True,2048,False,0.01,False,1e-05,ratio,xyPosition,False
758,True,1,2,64,0.13990540159042714,64,True,False,4096,False,0.01,False,1e-05,indiv,displacement,False
759,False,3,3,32,0.09065324618826728,32,True,False,256,False,0.001,False,0.0001,ratio,displacement,True
760,False,3,1,16,0.09253841167941317,64,True,True,215,False,0.01,False,0.0001,ratioNorm,displacement,True
761,True,2,1,8,0.1210604345720552,64,False,False,1024,False,0.01,False,0.001,ratio,xyPosition,True
762,False,3,1,8,0.07982414837886614,8,True,False,128,False,0.01,False,0.0001,ratioNorm,xyPosition,False
763,False,2,3,8,0.12993782722486302,64,True,False,2048,False,0.01,False,0.001,ratio,displacement,False
764,True,2,1,64,0.16765115720071597,16,True,False,256,False,0.01,False,0.0001,indiv,displacement,False
765,False,2,3,64,0.17171818638540504,8,True,True,215,False,0.001,False,1e-05,ratio,xyPosition,True
766,True,1,3,32,0.15218249573535422,32,False,False,256,False,0.01,False,1e-05,indiv,xyPosition,True
767,True,2,1,32,0.19542431899084717,8,True,True,215,False,0.01,False,0.001,indiv,displacement,False
768,False,1,2,64,0.07981391263763725,32,True,True,215,False,0.01,False,1e-05,ratio,xyPosition,False
769,True,2,3,32,0.05693367673929131,8,True,False,2048,False,0.01,False,1e-05,ratio,xyPosition,False
770,False,1,3,64,0.1963405060120497,8,False,False,128,False,0.001,False,1e-05,ratioNorm,xyPosition,True
771,False,2,1,64,0.13221281862137868,32,False,True,215,False,0.01,False,0.001,ratioNorm,displacement,True
772,False,2,2,8,0.11785126675009376,16,True,True,2048,False,0.001,False,0.001,indiv,xyPosition,False
773,False,2,3,32,0.16252129248500996,32,False,True,2048,False,0.001,False,0.001,indiv,xyPosition,True
774,False,2,2,64,0.13230820192404075,64,True,False,4096,False,0.01,False,1e-05,ratio,xyPosition,False
775,True,2,1,64,0.09033805836274868,16,True,False,256,False,0.01,False,0.001,ratioNorm,displacement,False
776,False,3,2,32,0.16109305637372656,8,False,True,2048,False,0.01,False,0.0001,ratio,displacement,False
777,False,3,3,32,0.14873887853382203,16,True,True,215,False,0.01,False,0.001,indiv,xyPosition,False
778,True,1,2,64,0.05966286016675071,16,True,True,4096,False,0.001,False,1e-05,ratio,displacement,True
779,False,2,1,32,0.11762032761556898,16,False,False,4096,False,0.001,False,1e-05,ratio,displacement,True
780,True,3,3,32,0.1731837819257183,16,False,True,128,False,0.01,False,1e-05,ratioNorm,xyPosition,True
781,False,1,2,16,0.15106574336348605,32,True,True,1024,False,0.001,False,0.001,ratio,displacement,True
782,False,2,2,64,0.0531697820973305,16,False,False,215,False,0.01,False,0.001,indiv,xyPosition,True
783,False,2,3,32,0.06619019301266932,32,True,False,4096,False,0.001,False,0.0001,ratio,displacement,True
784,False,3,2,64,0.137474377880167,16,True,False,1024,False,0.01,False,0.001,ratioNorm,xyPosition,False
785,False,1,1,8,0.09461190511713775,64,False,False,1024,False,0.01,False,0.001,ratio,xyPosition,True
786,False,1,1,64,0.09463316244831266,8,True,False,1024,False,0.001,False,0.0001,indiv,xyPosition,True
787,False,3,3,64,0.1142547394262594,64,True,False,4096,False,0.001,False,0.001,indiv,displacement,False
788,True,2,2,16,0.07131793564737925,16,True,True,256,False,0.01,False,1e-05,ratio,xyPosition,True
789,True,1,1,16,0.16475845162031771,64,True,False,1024,False,0.01,False,1e-05,indiv,xyPosition,False
790,False,2,3,8,0.07930292625064098,32,True,False,128,False,0.01,False,0.001,ratio,displacement,False
791,False,2,2,8,0.051782713520087,32,True,False,256,False,0.01,False,0.001,ratio,xyPosition,False
792,True,2,1,8,0.12320518687485396,32,True,True,4096,False,0.001,False,1e-05,indiv,displacement,False
793,True,1,3,8,0.11148879904320796,8,True,True,256,False,0.001,False,1e-05,ratio,xyPosition,False
794,False,2,1,8,0.17026657608944423,8,False,False,4096,False,0.01,False,0.0001,ratioNorm,xyPosition,False
795,False,1,2,8,0.13587568721167495,8,True,True,1024,False,0.01,False,0.001,indiv,displacement,True
796,False,3,3,32,0.1815339699594869,16,True,True,215,False,0.001,False,0.0001,indiv,xyPosition,True
797,True,1,2,32,0.13404811442016365,32,False,True,256,False,0.01,False,1e-05,ratio,xyPosition,False
798,True,1,3,64,0.0929002908925096,64,False,False,4096,False,0.01,False,0.001,ratio,displacement,True
799,True,3,1,32,0.062467247427754446,16,False,True,1024,False,0.001,False,1e-05,indiv,xyPosition,True
800,False,1,2,64,0.17850071425320796,32,False,True,2048,False,0.01,False,1e-05,indiv,displacement,False
801,False,2,2,64,0.14650060895542183,16,True,True,2048,False,0.01,False,1e-05,ratio,displacement,False
802,True,1,3,64,0.05727673605649841,8,True,True,1024,False,0.001,False,0.001,indiv,xyPosition,False
803,True,1,2,8,0.12168497337833108,8,False,True,2048,False,0.01,False,0.0001,ratioNorm,displacement,False
804,True,1,3,32,0.08731943581226434,8,False,True,2048,False,0.001,False,0.001,ratio,displacement,True
805,True,3,2,16,0.15830032431239016,16,False,True,215,False,0.001,False,1e-05,ratioNorm,displacement,True
806,True,2,2,32,0.14720490527289118,64,False,True,256,False,0.001,False,0.0001,ratioNorm,xyPosition,False
807,False,3,2,64,0.16261339976838063,16,False,True,256,False,0.01,False,1e-05,ratio,xyPosition,False
808,True,1,3,16,0.11096864483721004,32,True,True,4096,False,0.01,False,0.0001,indiv,displacement,True
809,False,3,2,64,0.1052277879099264,64,True,True,4096,False,0.001,False,1e-05,ratioNorm,xyPosition,False
810,False,3,1,16,0.15311323941781974,8,False,True,128,False,0.001,False,1e-05,ratioNorm,xyPosition,False
811,True,3,3,8,0.12382865610870351,64,True,False,128,False,0.01,False,1e-05,indiv,displacement,True
812,True,1,3,32,0.11908456229940176,8,False,True,256,False,0.001,False,1e-05,ratioNorm,displacement,True
813,True,1,2,16,0.18067206536094887,64,True,False,2048,False,0.01,False,0.0001,indiv,displacement,True
814,False,3,1,32,0.1450630713363224,16,True,False,128,False,0.01,False,0.0001,ratioNorm,xyPosition,False
815,False,1,2,8,0.1142775317737443,64,True,True,256,False,0.001,False,1e-05,indiv,xyPosition,True
816,True,3,1,16,0.06515664497532682,8,False,True,215,False,0.01,False,1e-05,ratioNorm,displacement,False
817,True,1,1,16,0.05252689295485974,16,True,False,2048,False,0.01,False,0.0001,ratioNorm,displacement,True
818,True,3,1,16,0.11785335401623924,16,False,False,4096,False,0.001,False,0.001,indiv,xyPosition,True
819,False,1,3,64,0.19816148274759948,64,True,True,128,False,0.01,False,0.0001,ratio,displacement,False
820,True,2,3,16,0.17813730949844142,64,False,True,215,False,0.001,False,0.0001,ratio,xyPosition,False
821,False,2,1,64,0.07085117835612575,32,False,True,128,False,0.001,False,1e-05,ratioNorm,displacement,True
822,False,3,3,32,0.136026303046613,16,True,True,2048,False,0.001,False,1e-05,ratio,xyPosition,False
823,True,2,2,16,0.05477893593056148,32,True,True,215,False,0.01,False,1e-05,ratioNorm,displacement,False
824,True,2,1,8,0.11312869130266512,16,False,False,1024,False,0.01,False,0.001,ratio,displacement,False
825,False,2,2,32,0.1770531187680769,64,True,False,256,False,0.01,False,0.0001,indiv,xyPosition,False
826,True,3,1,16,0.10829393012531212,8,False,True,1024,False,0.01,False,0.001,ratioNorm,displacement,True
827,False,2,2,32,0.07059230485682028,64,False,True,215,False,0.001,False,0.001,ratioNorm,displacement,False
828,True,1,2,64,0.12825032182776508,64,True,True,2048,False,0.001,False,1e-05,ratio,xyPosition,True
829,True,1,3,64,0.1536237587686934,64,True,True,128,False,0.001,False,0.001,ratioNorm,displacement,True
830,True,1,3,32,0.09451539881664116,16,True,False,256,False,0.001,False,0.0001,ratio,displacement,True
831,True,3,3,16,0.0773937452945346,8,False,False,128,False,0.01,False,0.001,ratioNorm,xyPosition,False
832,True,3,2,32,0.19674131302434728,32,False,True,1024,False,0.01,False,1e-05,ratioNorm,displacement,False
833,True,3,1,8,0.18643962330725497,16,True,False,2048,False,0.001,False,0.001,indiv,displacement,False
834,True,2,2,64,0.05291861051190211,8,True,False,4096,False,0.001,False,1e-05,ratio,displacement,True
835,True,3,1,32,0.0827876550177043,32,True,False,2048,False,0.001,False,0.001,ratioNorm,xyPosition,False
836,True,3,3,64,0.10466910840093813,16,False,True,4096,False,0.01,False,1e-05,ratioNorm,displacement,False
837,True,1,1,64,0.14372737593345164,8,True,True,2048,False,0.001,False,1e-05,ratioNorm,displacement,True
838,True,1,3,16,0.10892988260995724,64,True,False,128,False,0.01,False,0.001,indiv,displacement,False
839,False,3,2,64,0.06450226445736898,16,False,False,1024,False,0.01,False,0.001,ratioNorm,xyPosition,True
840,False,3,2,32,0.052446234651711235,16,True,True,128,False,0.01,False,0.0001,ratio,displacement,False
841,True,1,2,8,0.1720264641931844,64,True,True,2048,False,0.01,False,1e-05,indiv,displacement,True
842,False,1,3,16,0.11939504748370856,16,False,True,256,False,0.001,False,0.001,ratioNorm,xyPosition,False
843,False,2,3,16,0.07642815718210492,64,False,True,4096,False,0.01,False,0.001,ratioNorm,displacement,False
844,False,2,1,64,0.18171818394159728,32,False,False,4096,False,0.001,False,1e-05,ratio,xyPosition,True
845,True,2,1,8,0.1947294767245542,16,True,False,2048,False,0.01,False,0.001,indiv,displacement,True
846,True,3,2,8,0.07379428777109209,16,False,False,1024,False,0.01,False,1e-05,ratioNorm,displacement,True
847,True,3,2,16,0.09771300392696931,16,False,False,2048,False,0.001,False,0.0001,ratio,xyPosition,False
848,True,3,3,8,0.06584937654892416,64,True,True,128,False,0.001,False,1e-05,ratioNorm,xyPosition,True
849,True,2,1,8,0.1984913099040528,32,False,False,1024,False,0.001,False,1e-05,ratio,displacement,True
850,True,2,1,32,0.11575232096316278,64,True,True,256,False,0.001,False,1e-05,ratioNorm,displacement,False
851,False,3,3,64,0.06049546182163453,8,True,False,256,False,0.001,False,1e-05,ratioNorm,displacement,True
852,False,3,2,16,0.05624509722324469,16,False,True,1024,False,0.01,False,1e-05,indiv,xyPosition,False
853,False,1,2,64,0.0915524212295485,8,False,False,215,False,0.01,False,0.001,ratio,xyPosition,True
854,True,2,3,8,0.12987727727007936,64,True,False,4096,False,0.001,False,0.0001,indiv,xyPosition,True
855,True,2,1,64,0.12624391850126432,8,False,False,1024,False,0.001,False,1e-05,ratioNorm,xyPosition,False
856,True,3,3,8,0.06317771835036119,64,False,True,1024,False,0.01,False,0.001,ratioNorm,xyPosition,False
857,False,2,2,32,0.15643579944551128,16,True,False,256,False,0.01,False,1e-05,ratio,xyPosition,True
858,False,3,3,64,0.14954781182367555,32,False,True,128,False,0.01,False,1e-05,ratioNorm,displacement,True
859,False,3,1,64,0.16970669683170264,64,True,False,256,False,0.01,False,0.001,ratio,displacement,True
860,True,3,3,16,0.15664449021237398,8,False,False,215,False,0.001,False,0.0001,ratioNorm,xyPosition,False
861,True,1,3,64,0.08695060547213633,8,True,False,128,False,0.001,False,0.0001,indiv,xyPosition,True
862,False,2,3,32,0.050962023153823005,16,True,False,2048,False,0.01,False,0.001,ratio,xyPosition,True
863,False,3,3,8,0.1838658638400632,8,True,False,1024,False,0.01,False,0.001,ratioNorm,displacement,False
864,True,2,3,64,0.09864286871239011,16,True,True,128,False,0.001,False,0.001,indiv,xyPosition,False
865,False,3,3,32,0.11547568107706456,32,False,True,1024,False,0.001,False,0.0001,ratio,displacement,False
866,False,1,2,32,0.11670964173757796,8,False,False,4096,False,0.001,False,0.0001,ratio,xyPosition,False
867,False,1,2,8,0.19548936416147303,8,True,True,215,False,0.01,False,0.0001,ratio,xyPosition,True
868,False,2,2,16,0.17737764589252542,8,False,True,128,False,0.01,False,0.0001,ratioNorm,displacement,False
869,False,2,2,64,0.056312405810280616,8,True,True,128,False,0.01,False,0.001,ratio,displacement,True
870,True,3,2,16,0.12633198564355136,64,False,False,215,False,0.01,False,0.001,indiv,xyPosition,True
871,True,2,2,16,0.19411559776536905,64,True,False,256,False,0.001,False,0.0001,indiv,displacement,True
872,True,2,2,32,0.1805807420891507,32,True,True,2048,False,0.001,False,1e-05,ratio,displacement,True
873,False,1,3,8,0.10065730303869752,8,False,True,128,False,0.01,False,0.0001,indiv,xyPosition,False
874,True,2,3,32,0.08028335746974166,64,False,True,128,False,0.001,False,0.001,ratioNorm,displacement,True
875,False,2,3,8,0.07142926421775792,16,False,False,4096,False,0.01,False,1e-05,indiv,xyPosition,True
876,False,3,3,64,0.10327146557089444,16,True,False,4096,False,0.01,False,0.0001,ratioNorm,xyPosition,True
877,False,3,2,8,0.12171980772453968,8,True,True,1024,False,0.001,False,0.001,indiv,xyPosition,False
878,False,1,3,16,0.1087610124464475,64,True,True,4096,False,0.001,False,0.001,ratioNorm,xyPosition,True
879,False,3,1,16,0.13186929835460365,16,False,False,4096,False,0.01,False,0.0001,ratio,displacement,False
880,False,2,3,32,0.1716808563539135,32,True,False,1024,False,0.001,False,0.0001,indiv,xyPosition,False
881,False,2,1,8,0.06185994317877162,64,True,False,4096,False,0.001,False,0.001,indiv,xyPosition,True
882,True,1,1,8,0.05146293761299422,32,True,False,215,False,0.01,False,1e-05,indiv,xyPosition,True
883,False,3,2,16,0.10793634287016256,16,False,True,128,False,0.001,False,0.001,ratioNorm,xyPosition,False
884,False,1,3,16,0.19869709722260664,16,True,True,215,False,0.01,False,1e-05,ratioNorm,xyPosition,True
885,True,2,2,8,0.1618311110012733,32,True,False,215,False,0.01,False,0.0001,indiv,displacement,True
886,True,1,1,8,0.17859754581083387,32,False,False,4096,False,0.01,False,0.0001,ratio,displacement,False
887,False,3,1,32,0.05966457391916569,8,True,False,4096,False,0.01,False,0.0001,ratio,xyPosition,False
888,True,3,3,8,0.09197865857882488,16,False,False,4096,False,0.001,False,1e-05,ratio,xyPosition,True
889,True,1,2,8,0.05745918869639112,8,False,True,2048,False,0.001,False,1e-05,ratio,xyPosition,False
890,True,3,1,64,0.19200683355708376,64,False,True,215,False,0.001,False,0.001,ratio,displacement,True
891,True,3,1,16,0.11681908346816582,8,True,False,4096,False,0.001,False,0.0001,indiv,displacement,True
892,False,1,3,16,0.1258931607942247,32,False,True,1024,False,0.01,False,1e-05,ratioNorm,xyPosition,True
893,True,2,3,8,0.08502609340790848,8,False,False,1024,False,0.001,False,1e-05,ratio,displacement,False
894,True,2,1,16,0.16193488990246072,64,True,False,1024,False,0.01,False,1e-05,ratioNorm,xyPosition,False
895,False,3,1,64,0.1537686245066156,64,False,False,128,False,0.01,False,0.001,indiv,xyPosition,True
896,True,2,3,32,0.07035037142091743,8,True,True,128,False,0.01,False,1e-05,ratio,displacement,True
897,True,3,2,64,0.1180375101121218,16,True,True,2048,False,0.01,False,0.0001,ratioNorm,xyPosition,True
898,True,1,1,32,0.11128688834383511,32,False,True,128,False,0.001,False,0.001,ratio,displacement,True
899,True,2,2,16,0.08902286288904251,32,True,True,256,False,0.001,False,0.001,ratioNorm,displacement,False
900,False,1,2,32,0.10481261511840743,32,True,False,256,False,0.01,False,0.0001,ratio,xyPosition,False
901,True,3,2,16,0.11504666618108904,64,True,False,256,False,0.001,False,0.0001,indiv,displacement,True
902,True,3,2,64,0.10278733288238807,8,True,True,2048,False,0.001,False,1e-05,ratio,displacement,True
903,True,1,2,8,0.05554735269467277,64,True,True,2048,False,0.001,False,0.0001,ratio,displacement,True
904,True,3,1,8,0.11282709190571168,64,True,False,1024,False,0.001,False,0.0001,indiv,xyPosition,False
905,True,2,3,32,0.12447674939440272,32,False,False,1024,False,0.001,False,0.001,ratioNorm,xyPosition,False
906,True,2,3,64,0.07178490973152804,64,False,False,2048,False,0.01,False,0.0001,indiv,displacement,True
907,False,3,3,16,0.14774914218811797,32,True,True,1024,False,0.001,False,0.0001,ratioNorm,xyPosition,True
908,False,2,1,8,0.15151576573067402,16,False,True,256,False,0.001,False,1e-05,ratioNorm,xyPosition,True
909,True,3,3,64,0.18740016004255927,32,False,True,4096,False,0.01,False,1e-05,indiv,displacement,True
910,True,2,1,32,0.05132473922314476,64,True,True,256,False,0.001,False,0.0001,ratio,displacement,False
911,True,1,3,64,0.18381926878003851,8,True,False,1024,False,0.01,False,0.001,ratioNorm,xyPosition,True
912,False,1,1,16,0.16087526497396193,32,False,True,128,False,0.001,False,1e-05,ratioNorm,xyPosition,False
913,False,1,1,32,0.11012346150724972,16,False,True,128,False,0.01,False,1e-05,ratioNorm,displacement,False
914,False,1,1,8,0.1227418403051484,8,True,True,1024,False,0.01,False,1e-05,ratio,xyPosition,True
915,False,1,2,64,0.10853531872493212,64,True,True,256,False,0.01,False,1e-05,ratio,xyPosition,True
916,True,3,2,64,0.09327951447834508,8,True,True,215,False,0.01,False,0.0001,ratio,displacement,False
917,True,1,2,8,0.1298627734428919,32,False,False,256,False,0.01,False,0.001,indiv,displacement,True
918,True,1,3,32,0.08999628105366878,64,True,True,256,False,0.01,False,0.0001,indiv,displacement,True
919,False,3,1,64,0.1972922056517535,8,False,False,256,False,0.01,False,0.0001,indiv,xyPosition,True
920,True,3,1,16,0.17948346403106946,8,False,True,256,False,0.01,False,1e-05,indiv,xyPosition,True
921,False,2,3,64,0.1622442722076917,64,True,False,1024,False,0.001,False,0.001,ratio,xyPosition,True
922,False,2,2,64,0.09381847203152552,32,True,False,1024,False,0.01,False,0.0001,ratioNorm,displacement,True
923,False,1,1,32,0.11954870629160703,16,True,True,4096,False,0.01,False,0.001,ratio,xyPosition,False
924,False,1,1,32,0.12483178587486891,8,True,False,256,False,0.001,False,0.001,ratioNorm,xyPosition,True
925,False,1,3,8,0.11142965766833898,8,True,False,128,False,0.001,False,0.0001,ratio,xyPosition,False
926,False,1,3,16,0.0937880337478843,16,False,True,256,False,0.001,False,0.0001,ratioNorm,xyPosition,True
927,False,2,2,32,0.1398170456491088,8,False,False,2048,False,0.01,False,1e-05,indiv,xyPosition,True
928,True,1,3,16,0.10938633045062432,32,False,True,256,False,0.01,False,0.001,indiv,xyPosition,True
929,False,2,1,8,0.15611189085726057,64,False,True,4096,False,0.001,False,0.0001,ratio,displacement,True
930,False,3,1,32,0.13764834952838123,8,True,False,256,False,0.01,False,0.001,ratio,displacement,True
931,False,3,2,8,0.0737779056407045,32,False,False,1024,False,0.01,False,1e-05,ratioNorm,xyPosition,False
932,True,1,2,64,0.1785346411543574,8,False,True,215,False,0.01,False,0.0001,ratioNorm,xyPosition,False
933,False,3,1,8,0.1330771135477925,16,True,True,1024,False,0.01,False,1e-05,ratio,displacement,False
934,True,1,1,32,0.1942517621863662,16,True,False,1024,False,0.001,False,0.0001,ratioNorm,xyPosition,True
935,True,3,1,16,0.10313385891813336,16,True,True,2048,False,0.001,False,0.001,ratio,displacement,False
936,True,1,2,32,0.17556879008743126,16,True,False,256,False,0.001,False,1e-05,indiv,xyPosition,False
937,False,2,2,32,0.17940670215235,32,False,True,1024,False,0.001,False,0.001,indiv,displacement,False
938,False,2,1,8,0.09003522429917987,32,True,True,215,False,0.01,False,0.001,indiv,displacement,False
939,False,2,1,16,0.1867929066304136,8,False,False,1024,False,0.01,False,0.001,indiv,displacement,True
940,False,2,2,32,0.10625491155310209,32,True,True,4096,False,0.01,False,0.0001,ratioNorm,xyPosition,False
941,True,1,1,32,0.0847560574291937,16,False,True,215,False,0.001,False,0.001,ratio,displacement,True
942,False,1,1,64,0.1926317403099727,64,True,False,215,False,0.01,False,0.0001,ratioNorm,xyPosition,False
943,False,3,3,64,0.06205171609619419,16,False,False,4096,False,0.01,False,0.0001,indiv,displacement,False
944,True,2,2,16,0.1041975939763598,64,True,False,2048,False,0.001,False,0.001,ratioNorm,xyPosition,True
945,False,2,3,32,0.07366282499963653,64,False,True,128,False,0.001,False,0.0001,indiv,displacement,False
946,True,2,1,32,0.08374835652374484,16,False,False,2048,False,0.001,False,0.001,ratio,xyPosition,True
947,False,1,3,64,0.1946845263624009,16,True,False,4096,False,0.01,False,0.0001,indiv,xyPosition,False
948,False,2,1,32,0.19100885885856012,64,True,False,128,False,0.01,False,0.001,ratioNorm,displacement,False
949,True,2,2,32,0.15596902533697915,8,True,True,4096,False,0.01,False,1e-05,indiv,displacement,True
950,False,3,3,8,0.1919360843789915,16,True,True,256,False,0.01,False,1e-05,ratio,xyPosition,False
951,False,1,2,8,0.09824238803354858,16,True,True,215,False,0.01,False,0.0001,indiv,displacement,True
952,False,2,3,8,0.15806608934329597,32,True,True,256,False,0.01,False,0.001,ratioNorm,displacement,False
953,False,2,1,32,0.06354632388282266,16,True,False,1024,False,0.01,False,1e-05,indiv,displacement,True
954,True,1,2,16,0.0884349379570788,64,False,False,4096,False,0.001,False,0.0001,ratioNorm,displacement,False
955,False,2,2,8,0.1302319544845545,32,False,True,2048,False,0.01,False,1e-05,ratio,displacement,False
956,False,3,2,32,0.189778824451292,16,False,False,215,False,0.001,False,1e-05,indiv,displacement,True
957,False,3,2,8,0.07197607868605196,8,True,False,1024,False,0.01,False,1e-05,ratio,xyPosition,False
958,True,3,3,64,0.098378446473442,16,False,False,1024,False,0.01,False,0.001,ratioNorm,xyPosition,False
959,True,3,1,16,0.195256191621756,64,False,True,256,False,0.01,False,0.0001,indiv,xyPosition,True
960,False,2,2,8,0.11057803633072084,16,False,True,256,False,0.01,False,0.001,ratio,xyPosition,True
961,True,2,2,32,0.08099403540584674,8,True,True,256,False,0.001,False,0.0001,indiv,displacement,False
962,True,3,1,16,0.17980311273940003,8,False,False,128,False,0.001,False,0.0001,ratio,xyPosition,True
963,True,2,1,8,0.15840505224544854,32,False,False,128,False,0.01,False,1e-05,ratio,xyPosition,False
964,False,1,1,8,0.150987422634145,8,True,False,2048,False,0.001,False,0.001,ratio,xyPosition,False
965,True,1,2,64,0.18526866785803792,16,True,False,128,False,0.001,False,0.001,ratioNorm,displacement,False
966,True,2,3,64,0.1232087398432364,8,True,True,256,False,0.01,False,0.001,indiv,xyPosition,True
967,True,3,2,8,0.12584981306873214,64,True,True,4096,False,0.01,False,1e-05,ratio,xyPosition,True
968,True,1,3,8,0.1146111813902678,32,True,True,2048,False,0.01,False,1e-05,indiv,displacement,True
969,False,3,2,8,0.06173585545595808,32,False,True,1024,False,0.01,False,1e-05,ratio,xyPosition,False
970,True,2,1,32,0.06377261659802537,16,True,True,128,False,0.01,False,0.001,ratioNorm,xyPosition,True
971,False,3,1,32,0.05780730018992001,64,True,False,256,False,0.01,False,0.0001,ratioNorm,displacement,False
972,False,1,1,32,0.05224897287092772,64,False,True,1024,False,0.01,False,0.001,ratioNorm,xyPosition,False
973,False,3,3,64,0.060428164982849586,16,True,False,128,False,0.01,False,0.0001,ratio,xyPosition,False
974,False,1,2,32,0.07246492141577532,8,True,True,4096,False,0.001,False,0.0001,indiv,xyPosition,True
975,False,3,1,16,0.08239147531977206,16,False,False,256,False,0.001,False,0.0001,ratio,displacement,False
976,False,3,3,8,0.12981339745814358,8,True,True,2048,False,0.001,False,0.0001,ratioNorm,xyPosition,True
977,False,2,2,64,0.16928802217726618,8,False,False,256,False,0.01,False,0.0001,ratioNorm,xyPosition,True
978,False,1,2,8,0.121643962682404,8,False,True,128,False,0.001,False,0.001,ratio,displacement,True
979,True,1,2,16,0.10694519256823228,8,True,False,1024,False,0.001,False,1e-05,ratioNorm,xyPosition,False
980,False,3,2,64,0.08019424517387629,64,True,False,128,False,0.01,False,1e-05,indiv,xyPosition,True
981,True,2,3,8,0.07313270583754064,16,False,True,2048,False,0.001,False,0.001,indiv,xyPosition,False
982,False,3,1,64,0.08262704900401507,8,False,False,256,False,0.01,False,0.001,ratio,displacement,False
983,True,3,1,64,0.0877549479039425,32,False,True,4096,False,0.01,False,0.0001,ratio,displacement,False
984,True,2,2,16,0.1239204639812547,16,True,False,128,False,0.01,False,0.001,ratioNorm,xyPosition,False
985,True,3,2,32,0.05919596876302566,32,True,True,2048,False,0.001,False,0.0001,ratioNorm,xyPosition,False
986,True,1,2,8,0.16444600130604412,16,True,True,128,False,0.01,False,0.0001,indiv,displacement,False
987,False,2,2,16,0.16389920688518494,8,False,True,1024,False,0.001,False,0.001,ratioNorm,displacement,True
988,False,2,3,32,0.1813893932494372,32,False,False,1024,False,0.01,False,1e-05,indiv,displacement,False
989,False,1,2,64,0.1705359429918873,64,False,False,1024,False,0.001,False,0.001,ratio,displacement,True
990,False,3,3,8,0.058316562784793066,16,False,False,215,False,0.01,False,0.0001,ratio,xyPosition,True
991,True,2,1,64,0.05596126290867177,16,False,False,128,False,0.001,False,0.0001,ratioNorm,xyPosition,True
992,False,2,3,8,0.05299379268349469,64,False,True,215,False,0.01,False,0.001,ratio,displacement,False
993,True,1,3,32,0.14810808885818905,64,True,True,215,False,0.01,False,0.0001,indiv,displacement,False
994,True,3,2,32,0.1835810855485307,32,True,False,1024,False,0.01,False,0.0001,ratio,displacement,False
995,True,1,2,16,0.0941982425207926,64,True,False,256,False,0.01,False,0.0001,indiv,xyPosition,True
996,True,1,2,16,0.19600192410845912,32,False,False,256,False,0.01,False,0.001,ratioNorm,xyPosition,False
997,True,1,1,8,0.19759304009092243,8,False,True,128,False,0.01,False,0.0001,ratio,displacement,False
998,False,2,2,16,0.1345855109483822,32,True,True,256,False,0.001,False,0.0001,ratio,xyPosition,False
999,False,3,3,64,0.1090913096523867,16,True,True,215,False,0.001,False,0.001,ratioNorm,xyPosition,True
1000,False,2,1,64,0.08680210077626269,32,True,True,215,False,0.01,False,1e-05,ratioNorm,xyPosition,False
1001,False,1,1,8,0.11836300192174734,8,False,False,256,False,0.01,False,1e-05,ratioNorm,xyPosition,True
1002,True,1,3,64,0.07400505485554891,8,True,True,1024,False,0.001,False,1e-05,indiv,xyPosition,True
1003,False,3,1,32,0.08534809475293692,32,True,False,4096,False,0.01,False,0.001,indiv,xyPosition,False
1004,True,3,3,16,0.057429218691179826,64,False,False,256,False,0.001,False,1e-05,ratioNorm,displacement,True
1005,False,2,2,64,0.18731860188374527,16,False,False,4096,False,0.01,False,0.0001,ratioNorm,displacement,False
1006,False,2,1,8,0.10213800934927827,32,True,True,215,False,0.001,False,0.001,ratioNorm,xyPosition,True
1007,False,1,3,8,0.0849922078356511,8,False,True,2048,False,0.01,False,1e-05,indiv,xyPosition,True
1008,True,3,1,32,0.12530675654619045,64,True,False,128,False,0.001,False,1e-05,indiv,xyPosition,True
1009,True,2,2,64,0.07207587821911497,32,True,True,215,False,0.01,False,0.001,indiv,xyPosition,True
1010,False,2,3,8,0.13643220595569988,64,True,True,2048,False,0.01,False,0.001,ratio,xyPosition,False
1011,False,3,2,64,0.09289419387469997,32,False,True,128,False,0.01,False,1e-05,ratioNorm,xyPosition,False
1012,True,3,1,8,0.16361499323714734,8,True,False,2048,False,0.001,False,0.0001,ratioNorm,displacement,True
1013,True,3,2,64,0.14047071319037902,64,False,True,1024,False,0.001,False,1e-05,ratioNorm,xyPosition,False
1014,False,3,1,8,0.1725558548891929,16,False,True,128,False,0.001,False,0.001,ratio,displacement,False
1015,True,2,1,32,0.1061121570625012,32,False,True,256,False,0.01,False,1e-05,indiv,xyPosition,False
1016,True,3,3,64,0.07377871077336717,64,False,True,4096,False,0.001,False,1e-05,ratioNorm,xyPosition,True
1017,True,3,3,16,0.17634913442329825,8,False,True,4096,False,0.01,False,0.0001,indiv,displacement,False
1018,False,1,3,64,0.15540508281421855,64,False,False,1024,False,0.001,False,0.0001,ratio,displacement,True
1019,False,2,2,32,0.05248654803267792,32,False,True,256,False,0.001,False,1e-05,indiv,xyPosition,False
1020,False,1,2,32,0.12162645521245534,32,False,True,128,False,0.001,False,0.0001,indiv,displacement,False
1021,False,2,3,16,0.07497895660686986,8,False,False,128,False,0.01,False,0.001,ratio,xyPosition,False
1022,False,2,3,8,0.13278360914802656,16,True,False,128,False,0.001,False,0.001,ratioNorm,xyPosition,False
1023,False,2,1,8,0.05898623271709488,8,True,True,4096,False,0.001,False,0.001,ratioNorm,displacement,False
1024,False,3,2,8,0.07331863157488601,8,False,False,2048,False,0.001,False,0.0001,ratioNorm,xyPosition,False
1025,False,2,3,8,0.15195491826643112,64,False,True,128,False,0.001,False,1e-05,ratio,xyPosition,True
1026,True,2,2,16,0.12804990450147807,8,True,True,256,False,0.001,False,1e-05,ratio,displacement,True
1027,True,1,2,8,0.1208146733426586,16,True,False,256,False,0.001,False,1e-05,indiv,xyPosition,True
1028,False,1,3,8,0.18002636031548147,32,True,True,1024,False,0.001,False,0.0001,ratioNorm,displacement,True
1029,False,1,1,64,0.05824792600091254,64,False,False,256,False,0.01,False,0.001,ratioNorm,displacement,True
1030,False,3,2,8,0.07028779112329056,32,True,False,128,False,0.01,False,1e-05,ratioNorm,displacement,False
1031,False,3,2,64,0.10039426370074632,16,False,False,4096,False,0.01,False,1e-05,ratioNorm,xyPosition,False
1032,False,3,2,16,0.17251185614139686,16,True,True,1024,False,0.01,False,0.001,indiv,displacement,True
1033,False,2,1,32,0.15562842099977886,64,True,True,4096,False,0.01,False,0.001,ratio,displacement,False
1034,False,1,1,32,0.12779926887790002,8,True,True,256,False,0.001,False,1e-05,indiv,xyPosition,True
1035,False,1,3,64,0.06322053434586479,32,False,False,215,False,0.001,False,0.001,ratioNorm,displacement,False
1036,False,2,3,32,0.055166151077372605,32,True,False,128,False,0.001,False,1e-05,ratioNorm,xyPosition,False
1037,False,2,2,64,0.17436735999171615,32,True,True,215,False,0.001,False,0.0001,ratioNorm,displacement,True
1038,False,1,3,32,0.09467231577201445,16,True,True,128,False,0.001,False,1e-05,ratioNorm,displacement,False
1039,True,1,2,32,0.19527497933955415,16,True,False,128,False,0.001,False,0.001,ratioNorm,xyPosition,False
1040,False,2,3,8,0.09113241178385044,16,True,False,215,False,0.001,False,0.0001,indiv,displacement,False
1041,False,2,3,16,0.08343390988259816,16,True,False,1024,False,0.001,False,0.0001,indiv,displacement,True
1042,False,2,1,32,0.1654777339450862,16,False,True,2048,False,0.001,False,0.0001,indiv,displacement,True
1043,True,3,2,32,0.09617339578963194,16,False,True,2048,False,0.001,False,1e-05,indiv,xyPosition,False
1044,True,3,3,8,0.1925434377920097,8,False,False,256,False,0.01,False,0.0001,indiv,displacement,False
1045,True,1,2,8,0.1857501168871018,16,False,False,4096,False,0.001,False,0.0001,indiv,displacement,True
1046,False,1,2,16,0.07898429234766893,32,True,True,215,False,0.01,False,1e-05,ratio,displacement,False
1047,False,1,1,64,0.1962059818536095,32,True,True,256,False,0.01,False,0.0001,indiv,xyPosition,True
1048,True,3,1,32,0.1560027192442565,16,True,True,1024,False,0.01,False,0.0001,ratio,displacement,False
1049,True,2,2,8,0.12814926156483955,32,False,False,1024,False,0.001,False,1e-05,ratioNorm,xyPosition,True
1050,True,2,2,16,0.05406579659999474,8,False,True,215,False,0.001,False,1e-05,indiv,displacement,False
1051,True,3,1,16,0.091497251854436,16,False,False,1024,False,0.01,False,1e-05,indiv,displacement,False
1052,True,2,3,32,0.18936560599341284,16,True,False,4096,False,0.01,False,1e-05,ratioNorm,displacement,True
1053,False,2,1,64,0.16526496406990826,64,True,True,256,False,0.001,False,1e-05,indiv,xyPosition,True
1054,True,3,3,8,0.13734260600255768,32,True,False,1024,False,0.01,False,1e-05,ratio,xyPosition,False
1055,True,2,2,64,0.1365004444790749,8,True,True,1024,False,0.001,False,1e-05,indiv,xyPosition,False
1056,True,2,1,8,0.09352709357072414,8,False,False,4096,False,0.01,False,0.001,indiv,xyPosition,False
1057,True,2,1,32,0.10147327121869304,64,True,False,1024,False,0.001,False,0.001,indiv,xyPosition,False
1058,True,3,2,16,0.0901296364949069,64,True,True,2048,False,0.001,False,0.0001,indiv,xyPosition,False
1059,True,3,2,8,0.07913162132252721,32,False,False,128,False,0.01,False,0.001,ratio,xyPosition,False
1060,False,3,3,16,0.14499861688159937,8,True,True,4096,False,0.001,False,0.001,ratio,displacement,True
1061,True,2,2,8,0.1706250245879552,32,True,False,2048,False,0.001,False,0.001,indiv,displacement,False
1062,False,2,2,32,0.10838265659905268,8,False,False,1024,False,0.001,False,0.0001,ratio,displacement,True
1063,False,1,1,16,0.17442813221320216,16,True,True,4096,False,0.001,False,1e-05,indiv,displacement,False
1064,True,3,2,64,0.1486442833683825,16,False,False,256,False,0.01,False,1e-05,indiv,xyPosition,False
1065,False,1,3,16,0.05942612720212915,32,False,False,215,False,0.001,False,1e-05,indiv,displacement,False
1066,True,3,3,64,0.09225736340823146,64,True,True,2048,False,0.001,False,1e-05,ratioNorm,xyPosition,False
1067,False,1,1,64,0.079413731734401,32,False,True,256,False,0.001,False,0.0001,ratio,displacement,True
1068,True,3,2,64,0.183216037619232,8,False,True,128,False,0.001,False,0.001,ratioNorm,xyPosition,False
1069,True,2,3,32,0.17052057380299382,8,True,True,2048,False,0.001,False,1e-05,ratio,xyPosition,True
1070,False,2,2,64,0.12052219558452204,32,False,False,2048,False,0.01,False,0.001,ratio,displacement,False
1071,True,3,1,8,0.1365655517191044,32,False,True,1024,False,0.01,False,1e-05,ratio,xyPosition,False
1072,True,3,3,64,0.0739516473330876,16,True,True,256,False,0.001,False,1e-05,ratio,displacement,False
1073,False,2,1,32,0.16190418835600545,32,True,False,4096,False,0.001,False,0.0001,ratio,xyPosition,False
1074,False,2,1,32,0.17239988778205156,32,True,True,128,False,0.001,False,0.0001,ratio,xyPosition,True
1075,False,2,2,64,0.08317657266449138,32,True,True,4096,False,0.01,False,0.0001,ratio,xyPosition,True
1076,False,2,1,32,0.06610454831548343,16,True,False,215,False,0.001,False,1e-05,ratio,displacement,True
1077,False,1,3,32,0.19881084212825512,64,True,True,4096,False,0.001,False,0.0001,indiv,xyPosition,True
1078,True,1,1,32,0.07875978022220466,32,False,True,215,False,0.001,False,0.001,ratio,displacement,True
1079,False,1,3,8,0.16929509370619047,8,True,False,4096,False,0.001,False,1e-05,indiv,displacement,True
1080,True,1,1,32,0.08906931765777046,8,True,True,256,False,0.01,False,0.001,ratioNorm,xyPosition,False
1081,True,3,1,32,0.11460606931184748,16,True,False,215,False,0.01,False,1e-05,ratioNorm,xyPosition,False
1082,False,3,3,16,0.15498730733441196,16,False,True,4096,False,0.001,False,0.001,ratio,xyPosition,True
1083,True,2,1,32,0.07878793173138746,8,False,True,215,False,0.001,False,0.001,indiv,xyPosition,True
1084,False,3,2,16,0.19736826803068275,32,False,False,256,False,0.01,False,0.0001,indiv,displacement,False
1085,True,2,3,32,0.17883585788002393,8,False,True,4096,False,0.01,False,1e-05,ratio,displacement,False
1086,True,1,3,64,0.11121900947323982,64,True,True,2048,False,0.01,False,1e-05,ratio,xyPosition,False
1087,True,2,3,32,0.14086300912537675,64,False,True,128,False,0.01,False,0.001,ratio,displacement,False
1088,True,1,2,8,0.1442552388928482,32,True,True,2048,False,0.01,False,0.001,indiv,xyPosition,True
1089,True,2,3,32,0.15827801580117629,8,False,False,256,False,0.01,False,0.0001,ratio,displacement,False
1090,True,2,2,8,0.10646016944797942,16,False,True,1024,False,0.001,False,1e-05,ratioNorm,displacement,True
1091,False,2,1,64,0.06830466856520126,8,True,False,128,False,0.01,False,1e-05,ratio,displacement,True
1092,False,3,2,16,0.13597923875215295,16,False,False,2048,False,0.001,False,0.001,indiv,xyPosition,False
1093,True,1,3,32,0.08475041889993996,64,False,True,128,False,0.01,False,0.0001,ratioNorm,xyPosition,False
1094,False,2,1,16,0.08257371272063661,8,True,False,2048,False,0.01,False,0.001,indiv,xyPosition,True
1095,True,3,1,32,0.11429551247921926,8,False,False,1024,False,0.001,False,0.0001,ratio,xyPosition,True
1096,False,1,2,32,0.05394907970772247,16,False,True,1024,False,0.01,False,1e-05,ratioNorm,displacement,True
1097,True,3,2,32,0.1582017695803638,16,False,False,215,False,0.01,False,1e-05,indiv,displacement,True
1098,False,3,2,16,0.1886621424932754,16,False,False,256,False,0.01,False,0.0001,indiv,displacement,True
1099,True,2,1,8,0.15371369994586565,64,True,True,128,False,0.001,False,0.0001,indiv,displacement,False
1100,False,3,3,32,0.05260586187670554,32,True,False,215,False,0.01,False,1e-05,indiv,displacement,False
1101,True,1,2,16,0.10709203904021151,32,False,True,1024,False,0.01,False,0.001,ratioNorm,xyPosition,False
1102,False,1,2,8,0.15184962720778178,16,True,True,128,False,0.01,False,0.0001,ratioNorm,xyPosition,True
1103,True,3,3,8,0.07143544245481691,16,True,True,256,False,0.01,False,0.001,indiv,xyPosition,True
1104,True,1,1,8,0.12813661355790285,8,False,False,4096,False,0.001,False,0.001,ratioNorm,displacement,False
1105,False,2,2,64,0.0789572098883837,16,False,False,256,False,0.01,False,1e-05,indiv,displacement,False
1106,True,1,2,64,0.09039869625856814,16,False,False,2048,False,0.001,False,0.0001,indiv,displacement,False
1107,True,2,3,32,0.0601374699029754,64,True,False,1024,False,0.01,False,0.001,ratioNorm,displacement,True
1108,False,3,1,16,0.05968809432860936,8,False,True,256,False,0.001,False,0.001,ratio,xyPosition,False
1109,True,2,3,8,0.13446415151740715,64,False,True,1024,False,0.001,False,1e-05,indiv,xyPosition,True
1110,False,2,3,32,0.19796086773348712,16,False,True,1024,False,0.01,False,0.0001,ratioNorm,xyPosition,True
1111,True,3,2,16,0.07469831461196966,32,True,True,215,False,0.01,False,0.001,ratioNorm,xyPosition,False
1112,True,3,1,8,0.10989166025896108,32,True,True,128,False,0.001,False,0.0001,ratio,displacement,True
1113,True,2,3,8,0.0998823351310945,64,True,False,215,False,0.001,False,1e-05,indiv,displacement,True
1114,True,1,2,64,0.094838702152877,64,True,False,215,False,0.01,False,0.0001,indiv,xyPosition,False
1115,True,2,3,8,0.10518250105327198,32,True,False,256,False,0.001,False,1e-05,indiv,displacement,True
1116,False,1,3,16,0.09246307916175088,8,True,False,215,False,0.01,False,0.0001,ratioNorm,displacement,False
1117,False,2,2,16,0.13660698691439965,32,True,False,215,False,0.001,False,0.0001,ratio,displacement,True
1118,True,3,1,8,0.05099604921619594,32,False,True,4096,False,0.01,False,1e-05,ratioNorm,xyPosition,True
1119,False,3,2,32,0.11902387401807887,32,True,False,256,False,0.001,False,1e-05,indiv,displacement,True
1120,False,1,1,32,0.09665377451526068,32,False,True,2048,False,0.001,False,0.001,ratio,displacement,True
1121,True,2,1,16,0.1604425948022227,8,True,False,1024,False,0.01,False,1e-05,ratio,xyPosition,True
1122,False,2,2,64,0.1541995556433563,64,False,False,4096,False,0.01,False,0.001,ratioNorm,displacement,True
1123,True,3,2,16,0.1233104727408844,32,False,True,1024,False,0.01,False,0.0001,ratio,displacement,False
1124,False,3,2,16,0.10489654856415996,8,False,True,4096,False,0.001,False,1e-05,ratio,xyPosition,True
1125,True,1,1,64,0.19073453513609023,64,False,True,128,False,0.01,False,0.0001,ratio,displacement,False
1126,False,2,3,64,0.07578204960190346,8,False,True,256,False,0.001,False,1e-05,ratioNorm,xyPosition,False
1127,False,2,1,16,0.1247440879242286,16,False,False,128,False,0.001,False,0.0001,ratio,displacement,False
1128,True,3,1,8,0.1789494018900576,16,True,True,4096,False,0.01,False,0.0001,indiv,displacement,False
1129,True,3,2,8,0.1828363850969893,32,False,False,1024,False,0.01,False,1e-05,ratioNorm,xyPosition,True
1130,False,3,3,64,0.15766926148805482,16,True,True,1024,False,0.001,False,1e-05,indiv,displacement,False
1131,True,3,2,16,0.059738058431687294,32,True,True,215,False,0.01,False,1e-05,ratio,xyPosition,True
1132,True,1,2,8,0.14447148993659734,8,True,True,215,False,0.01,False,0.0001,ratioNorm,displacement,True
1133,False,1,2,8,0.09838659463866244,16,False,True,2048,False,0.001,False,0.0001,ratio,displacement,True
1134,True,1,1,8,0.06920983309843269,64,True,False,128,False,0.01,False,0.001,ratio,displacement,False
1135,False,3,1,32,0.1330820507615169,8,True,False,2048,False,0.01,False,0.0001,indiv,xyPosition,True
1136,True,2,3,64,0.11430152392583288,8,False,True,215,False,0.01,False,1e-05,ratioNorm,displacement,True
1137,True,3,2,32,0.1874665405254496,8,False,False,2048,False,0.01,False,0.0001,ratioNorm,displacement,True
1138,True,1,1,64,0.16060315096202776,64,True,False,256,False,0.01,False,1e-05,ratioNorm,xyPosition,False
1139,True,3,2,64,0.08059096676037886,32,True,False,215,False,0.001,False,0.0001,indiv,xyPosition,True
1140,False,2,2,32,0.07922923289790344,64,False,True,2048,False,0.01,False,0.0001,indiv,displacement,False
1141,True,3,3,64,0.12782838546479564,32,False,False,256,False,0.01,False,0.001,ratioNorm,displacement,False
1142,False,2,3,32,0.14558308037074483,64,False,True,1024,False,0.01,False,1e-05,ratio,xyPosition,False
1143,True,3,2,16,0.09116331273772668,32,True,False,4096,False,0.001,False,0.001,indiv,xyPosition,False
1144,False,3,1,32,0.1534899820185166,16,True,False,1024,False,0.01,False,0.001,ratioNorm,displacement,False
1145,True,3,3,8,0.1596195146203535,32,False,False,1024,False,0.001,False,1e-05,indiv,xyPosition,False
1146,True,3,2,8,0.09209329121361778,64,True,False,215,False,0.01,False,1e-05,indiv,displacement,False
1147,True,2,1,64,0.185078201664222,16,True,False,4096,False,0.01,False,0.0001,ratio,xyPosition,False
1148,True,2,2,16,0.1251687821005325,16,True,False,4096,False,0.001,False,0.001,ratioNorm,xyPosition,False
1149,False,2,1,16,0.18458611894109328,16,False,False,4096,False,0.01,False,0.0001,ratioNorm,xyPosition,False
1150,True,2,2,8,0.09891638639175612,32,False,False,256,False,0.001,False,1e-05,ratioNorm,displacement,True
1151,False,3,2,8,0.14269392103572,32,True,True,215,False,0.01,False,0.0001,indiv,displacement,True
1152,True,1,3,8,0.1932133149843432,8,True,False,1024,False,0.01,False,0.001,ratio,displacement,True
1153,True,1,3,32,0.1459561081798711,64,False,True,128,False,0.001,False,0.001,ratioNorm,xyPosition,True
1154,False,3,3,32,0.08332451129246544,16,False,False,1024,False,0.001,False,1e-05,ratio,displacement,False
1155,False,3,2,16,0.14579983781776348,8,False,False,128,False,0.001,False,1e-05,indiv,xyPosition,True
1156,True,2,3,8,0.06888487559805291,16,False,False,215,False,0.001,False,1e-05,indiv,displacement,True
1157,True,2,1,64,0.07538970506192282,8,False,False,2048,False,0.01,False,0.0001,ratio,displacement,False
1158,True,1,2,64,0.1455043140546824,8,True,True,256,False,0.01,False,0.0001,ratio,displacement,False
1159,True,2,2,32,0.11022424183923876,8,True,True,4096,False,0.01,False,0.001,ratioNorm,displacement,False
1160,False,2,2,8,0.165040115804589,8,True,True,4096,False,0.001,False,0.0001,indiv,xyPosition,True
1161,True,3,3,16,0.17424659311332574,64,False,False,1024,False,0.01,False,1e-05,indiv,xyPosition,False
1162,False,3,2,32,0.1384592575261103,64,False,True,4096,False,0.001,False,1e-05,ratio,xyPosition,True
1163,False,3,1,8,0.11998081431863156,32,True,True,215,False,0.01,False,0.001,ratioNorm,xyPosition,True
1164,True,2,3,8,0.05887353609746075,32,True,False,215,False,0.001,False,0.0001,ratioNorm,displacement,True
1165,True,2,2,16,0.1541200061785385,32,False,False,215,False,0.001,False,0.001,ratioNorm,displacement,True
1166,False,2,1,16,0.18122368840455383,64,True,True,128,False,0.01,False,0.001,ratioNorm,displacement,True
1167,True,3,2,32,0.11165809899361603,32,True,True,256,False,0.001,False,0.0001,ratio,displacement,True
1168,False,1,1,64,0.19226040300744143,16,True,False,215,False,0.01,False,0.001,ratio,displacement,False
1169,False,1,1,64,0.1326740367898135,16,True,False,256,False,0.01,False,0.0001,indiv,xyPosition,True
1170,True,1,1,16,0.12577200949284095,16,False,True,2048,False,0.001,False,1e-05,ratio,xyPosition,True
1171,False,1,2,64,0.07902370130200091,16,False,False,1024,False,0.01,False,0.0001,indiv,xyPosition,False
1172,False,1,3,8,0.1017259449174812,8,True,False,128,False,0.01,False,0.001,indiv,xyPosition,True
1173,False,2,2,64,0.11999300036253076,8,False,False,2048,False,0.01,False,1e-05,indiv,xyPosition,True
1174,True,3,3,8,0.1924625454759728,16,False,False,2048,False,0.01,False,0.0001,ratio,xyPosition,True
1175,False,3,2,16,0.05250530113271021,8,False,True,1024,False,0.01,False,1e-05,ratioNorm,xyPosition,False
1176,False,2,2,64,0.11631593967908084,16,True,False,1024,False,0.001,False,0.0001,indiv,displacement,False
1177,True,2,2,8,0.1211188259438262,8,True,False,256,False,0.01,False,0.0001,indiv,xyPosition,False
1178,True,3,1,64,0.10911312769503048,16,True,False,128,False,0.01,False,0.0001,ratio,displacement,False
1179,True,1,1,16,0.08101655318840378,32,False,True,128,False,0.01,False,0.001,ratio,displacement,True
1180,False,3,2,8,0.09801839388694177,64,False,False,2048,False,0.001,False,1e-05,ratio,displacement,False
1181,True,1,2,32,0.054725616275148714,8,True,True,256,False,0.001,False,0.001,indiv,xyPosition,False
1182,True,2,2,8,0.13634078822224754,8,True,True,2048,False,0.001,False,0.001,ratio,xyPosition,False
1183,True,2,3,32,0.06941304834996048,64,True,True,215,False,0.01,False,0.001,indiv,displacement,False
1184,True,1,2,16,0.14720862263489332,8,False,False,1024,False,0.001,False,0.001,indiv,xyPosition,False
1185,False,2,2,8,0.08624657394020083,16,False,False,215,False,0.01,False,1e-05,ratio,displacement,False
1186,False,2,1,8,0.19148842459784204,32,False,True,1024,False,0.01,False,0.001,ratio,xyPosition,True
1187,True,1,1,64,0.18193904524407112,64,True,False,2048,False,0.01,False,0.0001,ratio,xyPosition,False
