,name,model_unique_name,acc_OTI,distance_OTI,distance_P14,distance_OT3,distance_conc,distance_SL,synthetic_EC50_OTI,synthetic_EC50_P14,synthetic_EC50_OT3,synthetic_EC50_conc,synthetic_EC50_SL
0,pious-sweep-1,run_60d5f51817e261163d8d052e5c77946c,0.48142948746681213,1.031397574984046,2.034158954817638,1.4043840808591284,1.0153877426567741,1.1474125652793163,0.6667262284620289,1.7651333696243887,0.45694251421351834,1.0153877426567741,0.6849026744738097
1,fresh-sweep-2,run_a667d71fd2a2a96417724a091d125c28,0.5982131361961365,0.8258838544990428,2.3319814915623307,1.332141503474416,0.6367821933123285,1.1502215540433613,0.5537204850031905,2.068943930321177,0.37522425773847073,0.6367821933123281,0.7748931793005218
2,dazzling-sweep-3,run_9d180089e1a3baab33b711191992f8df,0.6419910788536072,0.7357498404594768,2.4850571584104517,1.2245483259633612,0.6212216688687875,1.2665532520968508,0.506062539885132,2.2639357648339695,0.5167277321541385,0.6212216688687876,0.9606029435037188
3,swift-sweep-4,run_f8835f0e2fcf8d352145819525e06734,0.5622208118438721,0.8887811104020422,1.8110234077299951,1.2910802274162982,0.8536843175119424,1.0119480930526983,0.521455009572431,1.51314643440392,0.22560960202147878,0.8536843175119407,0.7455610064883688
4,worthy-sweep-5,run_b11ad40a83f1a82b9b4158b2387bc848,0.5751116871833801,0.8863560944479898,1.9899020141535115,1.4279848389134557,0.7340380119930888,1.1409162842221872,0.542871729419272,1.6685084376701147,0.3024510423247003,0.7340380119930884,0.7287308118373164
5,azure-sweep-6,run_7cec8bf5eaa771982962551f35d05cfb,0.561837911605835,0.8852074026802809,1.9831518780620583,1.2960328490208468,0.687620693159874,1.0010444690615605,0.5873643905552014,1.7048720740337524,0.23263423878711292,0.6876206931598746,0.6853457825605321
6,copper-sweep-7,run_687a6b092685d6bae6605a9e5ca38bce,0.5440970063209534,0.9177536694320357,2.171829069134459,1.335072646873026,0.6232950503099909,1.010009495173287,0.6508487555839189,1.9381872618399574,0.27005685407454166,0.6232950503099917,0.6609194492799494
7,deft-sweep-9,run_f5fef8fad19bcaf5c7f6c0b11b190b2a,0.5945118069648743,0.8347160178685387,2.0456995100707682,1.3489450410612762,0.7671816241487958,1.1061243867700585,0.5087938736439056,1.758383233532935,0.3505874921036,0.7671816241487945,0.7250830827662603
8,happy-sweep-10,run_fb039f7440d1f98beeee75a29c304343,0.6177409291267395,0.7947925973197193,2.3777082199237896,1.2584838913455467,0.6151641426974286,1.1314685868017091,0.5230887045309512,2.187942297223736,0.3357296272899558,0.6151641426974288,0.9095347365089413
9,crimson-sweep-12,run_41ea6c13d67f7414fef5170c0677de76,0.5521378517150879,0.9117294192724953,2.469869352204683,1.216386607706886,0.5176034149811972,1.0089492008229153,0.7412635609444791,2.307866086009798,0.5014908401768782,0.5176034149811972,0.7890093369204001
10,fluent-sweep-13,run_108e0561fefc3e6a531d31f15797f2a4,0.5818762183189392,0.8629227823867264,2.1701415351115956,1.3045230574857867,0.7741233865230207,1.1163079601202721,0.5866241225271223,1.8716113228089284,0.3339608338597597,0.7741233865230204,0.7593369203987975
11,fallen-sweep-14,run_27f191a08b1586229d0256f29eb9d284,0.7023612260818481,0.6069942565411616,2.5699782253674477,1.287087807959571,0.42511434088830174,1.2345307801867385,0.4536311423101467,2.3251224823081116,0.6539861023373343,0.4251143408883021,0.9155404336129126
12,dainty-sweep-15,run_7c4061aecc99bc279a895866df17db82,0.5508615374565125,0.9179834077855776,2.2778715296679373,1.2480480101073912,0.9602093708710234,1.2371419528406393,0.6018123803446079,2.02528579205226,0.3911433986102342,0.960209370871024,0.8520810254787149
13,blooming-sweep-16,run_d80c0f6eea35ee843896ffc69c57a4fe,0.5674537420272827,0.8714996809189535,2.312221012520415,1.2130764371446623,0.7297794491310092,1.1721791422693464,0.6137332482450545,2.046461622210126,0.37075173720783355,0.7297794491310077,0.9277575565754068
14,ancient-sweep-17,run_fe6eeb29ebea6e8c49456810d9b9d7e4,0.5395022630691528,0.9822335673261009,2.581682090364726,1.3227668982943779,0.585191584510621,1.2249802183889855,0.699400127632419,2.4553892215568878,0.35260897030953936,0.5851915845106209,1.0157065991454348
15,bright-sweep-18,run_5f69e1557fa6c506fe0723be06229c46,0.6040842533111572,0.8454881940012763,2.630566140446381,1.221516108654454,0.5219839414574652,1.2282797911061878,0.6565411614550088,2.5057974959172573,0.40451042324699926,0.5219839414574643,1.064313973730021
16,solar-sweep-19,run_a808b19b0ecf392125e5f27a4b4f98af,0.5372048616409302,0.9405488194001277,2.6530484485574317,1.2747820593809225,0.4589998983636549,1.1415413831302421,0.7552776005105296,2.562357103973872,0.34161718256475115,0.45899989836365435,1.0134198449121696
17,magic-sweep-21,run_71d1292e7fb7c2c24cdab303a5d885ca,0.752265453338623,0.5174218251435865,2.636173108328798,1.3518003790271638,0.3978148185791239,1.3155325209685078,0.3968857689853217,2.444011976047905,0.8312950094756794,0.39781481857912404,1.076238328849501
18,prime-sweep-22,run_636412f8b249400d28d16d39f76370ba,0.5521378517150879,0.9038672622846203,2.3038922155688635,1.2866329753632346,0.5679947149100519,0.9908371577781295,0.6954690491384805,2.10280348394121,0.31743524952621693,0.5679947149100516,0.7384238012343725
19,blooming-sweep-23,run_83fe0a672f06897c062294b5f11f3533,0.5623484253883362,0.9207913209955328,2.3765650517147536,1.1993809222994318,0.6935664193515602,1.1092736192435513,0.6621569878749207,2.243522046815461,0.34737839545167476,0.6935664193515607,0.8918025003956327
20,fanciful-sweep-24,run_50445bcaa8ceaba43882aae082c77d60,0.6116145253181458,0.774932992980217,3.0119488296135013,1.314251421351864,0.45452789917674563,1.3040117107137204,0.6533248245054238,2.88663581927055,0.6836260265319017,0.454527899176746,1.142119006171863
21,fallen-sweep-25,run_1562d91fad12acb6549d3ac9bcb94d84,0.5359285473823547,0.933809827696235,2.570958083832336,1.267757422615288,0.5123183250330318,1.1252175977211585,0.7213273771537974,2.4736254763200876,0.33547694251421284,0.512318325033032,0.9798939705649621
22,fiery-sweep-27,run_e370ace0b84869bf2b5214b7ee896f6b,0.7521378397941589,0.524007657945118,2.6817909635274915,1.3159949463044853,0.3481044821628214,1.2712929260959014,0.39463943841735766,2.506287425149702,0.7299178774478848,0.3481044821628205,1.0626206678271883
23,resilient-sweep-28,run_58d3d14066572ed9927250f1ee968602,0.5215060710906982,0.9730950861518827,2.0802123026673933,1.3540240050536958,0.8869295660128061,1.1139499920873557,0.5821314613911936,1.8172836145890057,0.46257738471256904,0.8869295660128069,0.7284617819275199
24,sandy-sweep-29,run_7078b8d9c8cd3bc8255a17fddb40397a,0.5469049215316772,0.9133375877472878,2.4310016330974418,1.2237397346809857,0.47485516820815127,1.0954264915334706,0.7145883854499047,2.3223462166575946,0.28569804169298896,0.47485516820815143,0.9285171704383616
25,giddy-sweep-30,run_1babcb914ce257ed9ba3b845cfe8fbb4,0.6359923481941223,0.7420038289725591,2.7623571039738715,1.321427668982944,0.5231832503303182,1.2963839215065676,0.567198468410977,2.582389765922702,0.6705622236260268,0.5231832503303191,1.0643218863744253
26,grateful-sweep-31,run_9b78fcb9bd96c3308bc33d2938f7970b,0.5179323554039001,1.003446075303127,1.8770005443658144,1.4784207201516109,0.8361418843378391,1.0843013134989714,0.5663305679642627,1.5614861186717475,0.2511307643714476,0.8361418843378396,0.6702009811679062
27,earthy-sweep-32,run_964915db92a4dd35e5be2ad20a1108f0,0.5514996647834778,0.9333503509891514,2.0719923788786074,1.389930511686671,0.9099197072873261,1.2176531096692516,0.5892533503509902,1.7797768100163316,0.35463044851547587,0.9099197072873259,0.833510049058395
28,crimson-sweep-33,run_1ca88cc51509526fcf8bb068d53f15fa,0.5628589391708374,0.8794639438417359,2.296652150244965,1.1763360707517374,0.5312430125012705,0.9874663712612756,0.6918442884492653,2.105797495917257,0.24890713834491415,0.531243012501271,0.6763253679379648
29,lucky-sweep-34,run_b2ebfefc789ec1a210442c2409717518,0.5410338044166565,0.9313848117421825,1.829804028307023,1.3323183828174354,0.758857607480435,1.0234056021522393,0.5825909380982772,1.5188622754491021,0.22525584333543855,0.7588576074804341,0.7329799018832087
30,graceful-sweep-35,run_fb2bccb49b3e4209c72a85bdd12b8306,0.5871091485023499,0.8495979578813019,2.529041916167666,1.1879343019583075,0.6115153979062914,1.1009257793954739,0.6057689853222714,2.388486663037562,0.3222615287428925,0.6115153979062931,0.918998259218231
31,resilient-sweep-36,run_9e61d46c13372cff74cdc08867b04922,0.5345245599746704,0.9740140395660498,2.2615949918345133,1.3709033480732786,0.8945624555340991,1.2006171862636494,0.6058710912571793,2.0341589548176375,0.3735818066961456,0.8945624555340991,0.8910903623991134
32,good-sweep-37,run_6a4336108a29a03ef8a0d7f4391e850f,0.5309508442878723,1.016668793873644,2.5483124659771375,1.4772078332280483,0.6100823254395772,1.2721158411141005,0.6527121888959799,2.421257485029941,0.3286544535691734,0.6100823254395773,1.028216489950942
33,unique-sweep-38,run_af49a75bc3c8b94cd90b0b3efe42b565,0.558391809463501,0.8959029993618378,1.8969787697332618,1.3478584965255844,0.6567638987702001,1.0028881152081026,0.5524186343331212,1.6176102340773013,0.20804801010739232,0.6567638987701998,0.6862715619560062
34,fresh-sweep-39,run_b8109f6bd201376c6b1358c1f2a6fa4e,0.5462667346000671,0.9617613273771537,2.6062874251497017,1.270663297536324,0.6028763085679438,1.197024845703434,0.750146777281429,2.4635547087642906,0.36514213518635563,0.6028763085679453,1.0232473492641234
35,true-sweep-41,run_541f604de42eae32b8c51cd0876d7a7a,0.5827696323394775,0.8893171665603065,2.7430321175830166,1.2966898294377767,0.5434190466510824,1.2367542332647572,0.6441608168474801,2.620658682634733,0.35844598862918536,0.5434190466510826,1.0564250672574764
36,scarlet-sweep-42,run_57932bb11035b85fcf7fd7ff32b723ab,0.6186343431472778,0.7859093809827696,2.536989657049538,1.2895388502842704,0.4287834129484704,1.0750435195442318,0.6349968091895345,2.3660587915078937,0.5144535691724572,0.4287834129484701,0.8162367463206194
37,pious-sweep-43,run_26fd8d7b5760e206526a69390d4977d9,0.5498404502868652,0.9159412890874282,2.3154872074033763,1.2765255843335441,0.5318325033031813,0.9522788415888591,0.695800893426931,2.1348666303756128,0.34697409981048516,0.5318325033031798,0.6647175185947133
38,prime-sweep-44,run_5e3f5ae71e31cfc0150dc8a7b8cd584b,0.5500957369804382,0.9605615826419912,2.2638268916712034,1.4232849020846494,0.7134464884642747,1.1653426175027695,0.5607147415443521,2.121203048448559,0.3259001895135824,0.7134464884642749,0.8826554834625744
39,gallant-sweep-45,run_28b8979f398b7b4197ce107771e7dc84,0.5955328941345215,0.8297894065092533,2.581301034295047,1.2566898294377766,0.49304807399125933,1.2002136413989557,0.6334907466496499,2.4175557974959188,0.4096399241945673,0.4930480739912603,1.0200110777021687
40,happy-sweep-47,run_9798cca34b65030f66c271e5587cf453,0.5118060111999512,1.0241991065730696,2.34896570495373,1.5016424510423247,0.6462140461429007,1.2656749485678114,0.5923420548819409,2.156151333696244,0.2855211623499682,0.6462140461428993,1.0127710080708974
41,twilight-sweep-48,run_5b2b0e19b09ff812966e6456eb8e612d,0.5517549514770508,0.9262029355456287,2.5130919978225377,1.2524447252053066,0.4017583087712166,1.0089966766893497,0.764671346522016,2.3639357648339696,0.49499684144030315,0.4017583087712186,0.8069868650102862
42,eager-sweep-49,run_7c1fc6c1d67915c0af00f3ccb6cee459,0.6278238892555237,0.7510657306955967,2.5416167664670666,1.2259380922299434,0.567882914930379,1.2201693305902832,0.5795788130185064,2.3182090364725094,0.49752368919772705,0.5678829149303803,0.90265073587593
43,breezy-sweep-50,run_c8ec8b1f54f5af0f4408690928d78b0b,0.61238032579422,0.8106955966815572,2.5758573761567787,1.298736576121289,0.4390181929057831,1.1074695363190379,0.6275686024250153,2.396434403919435,0.501743524952622,0.4390181929057817,0.853236271561956
44,restful-sweep-51,run_9e3dc9f7494cafd971191f64e1114bf6,0.5574983954429626,0.9422080408423741,2.488051170386501,1.2436007580543276,0.5364163024697631,1.1614891596771642,0.746368857689853,2.380484485574306,0.3422994314592556,0.5364163024697638,0.9791185314131983
45,mild-sweep-52,run_ead7e5d40d5729d2bf3fa36b1a501caf,0.549329936504364,0.8706573069559669,2.3775449101796418,1.0226279216677199,0.47031202357963214,0.9221237537585062,0.7620676451818768,2.2263200870985322,0.45800379027163685,0.4703120235796302,0.7411457509099546
46,azure-sweep-53,run_0ca09761afae446ce76a1723535080a6,0.5549457669258118,0.9142310146777283,2.2943113772455095,1.3111939355653826,0.5410407561744079,0.9942870707390409,0.6777026164645816,2.101170386499728,0.29600758054327186,0.5410407561744077,0.7133248931793003
47,flowing-sweep-54,run_cdb737a20ba27fc49fe6102a8c3cd4b5,0.558391809463501,0.935137204850032,2.309009254218836,1.297195198989261,0.8166378697022055,1.170802342142744,0.550402042118698,2.115323897659227,0.34045483259633735,0.816637869702206,0.8521126760563378
48,major-sweep-55,run_041bcf21262c4ee2d23f30f1ea9bad32,0.6560306549072266,0.7391959157626038,2.8965432770822,1.263436512950095,0.47228376867567845,1.2606662446589652,0.6275430759412894,2.764262384322266,0.580126342387871,0.47228376867567806,1.0608403228358916
49,elated-sweep-56,run_58bb1abfc46aa2d8201e5c76877e3012,0.5931078791618347,0.838647096362476,2.5701959716929785,1.2810233733417564,0.5711962597824982,1.1867700585535688,0.63892788768347,2.3993739793140993,0.40675931775110563,0.5711962597824993,0.9914068681753447
50,unique-sweep-57,run_e927e5c089a97d3786bcafedfc747af9,0.6047223806381226,0.8056668793873645,2.3670386499727822,1.2212886923562858,0.5698444963919097,1.0601598354169965,0.6317294192724959,2.164316820903649,0.3621099178774478,0.5698444963919106,0.7779791106187682
51,polished-sweep-58,run_b0dd7ee80b722ec58a16b08402501bff,0.5831525325775146,0.8894703254626675,2.3411268372346226,1.3576373973468099,0.7005386726293323,1.1973809147016934,0.5367453733248225,2.1075939031028845,0.3300694883133297,0.7005386726293329,0.9099303687292288
52,swift-sweep-59,run_4bf462003d5ab21a0afc216c797a35eb,0.609700083732605,0.7941289087428208,2.2528307022319005,1.205799115603285,0.6490293729037505,1.0651764519702485,0.592520740268028,2.002313554708766,0.35642451042324813,0.6490293729037501,0.7563301155246082
53,dazzling-sweep-60,run_c8f30c5b6840cd07ac4368185f1f399e,0.6154435276985168,0.8056924058710913,2.6295862819814926,1.1965508528111182,0.5099705254599045,1.1537743313815478,0.6397192086790036,2.5218018508437674,0.31771320277953397,0.5099705254599053,0.989555309384397
54,olive-sweep-61,run_1e750e94e0e489e9005307f6fcaef6f3,0.5415443778038025,0.930721123165284,2.5904463799673394,1.2059001895135821,0.4867059660534608,1.1025478714986547,0.7354435226547552,2.453919433859553,0.3240050536955153,0.4867059660534617,0.9299889222978318
55,lemon-sweep-62,run_e9aa27cdcbb06272b2d262427e06628a,0.5537970662117004,0.965003190810466,2.578851388132826,1.3945293746051801,0.5621302977944913,1.2385266656116474,0.6347415443522643,2.4578933043004914,0.36021478205938096,0.5621302977944906,0.996399746795379
56,hopeful-sweep-63,run_ec4bbc11aea5a3cb362f0622ee3958a9,0.5702616572380066,0.8771410338225909,2.2001360914534573,1.352305748578648,0.6885150929972559,1.1411378382655484,0.580676451818761,2.00928143712575,0.32226152874289443,0.6885150929972573,0.8630242126918815
57,fluent-sweep-64,run_5ab0e4aa0c9a1a735ab957eda7c172f4,0.6044671535491943,0.8294830887045309,2.758002177463257,1.3066708780795961,0.3308974489277366,1.247721158411141,0.6613656668793881,2.63094719651606,0.4345041061276057,0.33089744892773887,1.0646383921506584
58,scarlet-sweep-65,run_741ea754599277dc9759589a6ba62ebd,0.6279515027999878,0.7752137843012126,2.5269188894937398,1.271042324699937,0.5852017481451367,1.1374742839056815,0.5960178685386092,2.331600435492652,0.47786481364497924,0.5852017481451366,0.8196550087039082
59,valiant-sweep-66,run_49bc408d8693255a0a98dcf6ece991f5,0.5474154353141785,0.9813656668793875,2.4819542732716395,1.4510549589387243,0.6881796930582377,1.2332172812153823,0.5973452456924058,2.2869624387588474,0.3230448515476952,0.6881796930582377,0.9559740465263494
60,copper-sweep-67,run_e09eab456f0c4b066f95da65a14d800d,0.5911933779716492,0.8847223994894702,2.667310832879696,1.3621351863550224,0.4645594064437443,1.217502769425542,0.6763752393107849,2.5842406096897124,0.34934933670246426,0.4645594064437446,1.0201614179458771
61,upbeat-sweep-68,run_da3e1ea814b22a865f2fbd1851985689,0.5359285473823547,0.9924186343331206,2.212493195427328,1.477182564750474,0.7143713792052039,1.1765943978477609,0.6180982769623488,2.0034567229178015,0.3329248262792181,0.7143713792052042,0.8619876562747266
62,ruby-sweep-70,run_8bdd55aac3b6dbf560af7880bae258f7,0.6395660638809204,0.7399617102744097,2.468726183995646,1.263436512950095,0.6236202866144934,1.277646779553727,0.5075175494575624,2.2338867719107247,0.49716993051168684,0.6236202866144933,0.9492562114258586
63,whole-sweep-71,run_23dcb4df86a07dd3f9e8ac05da29d9f6,0.5702616572380066,0.9041480536056158,2.5375340228633663,1.3459633607075174,0.56203882508385,1.2058078809938282,0.5995660497766448,2.3671475231355483,0.31925457991156087,0.5620388250838494,0.9756448805190701
64,scarlet-sweep-72,run_3ad99a921c502d4c84a21c877c7b2633,0.605998694896698,0.8079897894065093,2.5234349482852485,1.244763108022742,0.4814412033743267,1.1037743313815478,0.6589151244416083,2.3444474686989674,0.4746809854706265,0.48144120337432655,0.8819829086880836
65,dashing-sweep-73,run_cc4a6dfc630f0485b23874d1e25348fc,0.5604339241981506,0.9270963624760691,2.220495372890583,1.4377890082122553,0.6455432462648644,1.1346969457192595,0.5290363752393104,2.05544365813827,0.30305748578648256,0.6455432462648633,0.8261354644722265
66,vague-sweep-74,run_d99889149d68e74c484c4f395481a9ae,0.5786854028701782,0.8678493937460116,2.1913718018508446,1.2950979153506001,0.799522309177762,1.1006092736192437,0.5392724952137846,1.9709036472509538,0.3073783954516743,0.7995223091777636,0.8005617977528094
67,earthy-sweep-75,run_8c3da659a5f6e2fe24eae7f693500a0e,0.6017868518829346,0.8294320357370772,2.5241426238432236,1.2607833228048013,0.5668360605752617,1.1731128343092263,0.6426292278238672,2.351687534022865,0.3842198357548954,0.5668360605752626,0.969014084507043
68,rare-sweep-76,run_28befb000a6fefd1e04f545b98de385a,0.5698787569999695,0.91446075303127,2.710751224823082,1.24433354390398,0.5233458684825695,1.2715461307168856,0.7217868538608803,2.565405552531301,0.3483133291219199,0.5233458684825691,1.11207469536319
69,cool-sweep-77,run_0d6327bb015c2a9bd863156d8321f89a,0.5849393606185913,0.8450797702616466,2.3154872074033763,1.3045230574857867,0.5614188433783921,1.1325051432188638,0.5897638800255257,2.049618943930323,0.3656222362602653,0.5614188433783931,0.7839056812786834
70,glad-sweep-78,run_2363e1f0001fa1de55f7725cdb8976b0,0.5417996048927307,0.9280153158902361,1.8907185628742522,1.3804548325963362,0.8045939628010977,1.003932584269663,0.5631908104658567,1.5754218835057159,0.26171825647504765,0.8045939628010984,0.6440971672733029
71,rosy-sweep-80,run_8a207e78af5d14aad85ff84dc54df873,0.6080408692359924,0.804058710912572,2.387506804572674,1.310334807327859,0.5399532472812278,1.0646858680170914,0.605564773452457,2.1970876428960273,0.39725837018319676,0.5399532472812285,0.7547634119322678
72,clean-sweep-81,run_62992d87ca9184e8d67bfc835cb2351b,0.5978302359580994,0.8230759412890876,2.318590092542189,1.3091219204042956,0.5954771826405123,1.0829561639499923,0.5761327377153798,2.0633913990201425,0.3467719519898936,0.5954771826405115,0.7373951574616229
73,clean-sweep-82,run_a91b10afb595170c18a1bc15696434d6,0.5452457070350647,0.9121633694958521,1.7918617310832887,1.2953000631711942,0.9213944506555545,1.0584981800917868,0.5604084237396293,1.526646706586826,0.24334807327858377,0.9213944506555553,0.83294033866118
74,polished-sweep-83,run_5d3b85e4f87dc5f379f23abc314f11db,0.5407785773277283,0.8992724952137843,2.097250952640175,1.295830701200253,0.8933834739302775,1.1569235638550404,0.5580855137204843,1.8232172019597173,0.3216045483259631,0.893383473930277,0.8076277892071528
75,vivid-sweep-84,run_2092db915c1f319dadfacaf2212a79c2,0.530312716960907,1.038264199106573,2.2349755035383785,1.4688439671509794,0.8256021953450554,1.2140291185314132,0.6016592214422468,2.001333696243877,0.3231711939355653,0.8256021953450567,0.8380519069473019
76,fine-sweep-85,run_96ad4cad219a448364c1b218a3d96c99,0.5161455273628235,1.0000000000000002,2.0349210669569953,1.4659633607075175,0.6842870210387235,1.1476103813894603,0.6358391831525206,1.7715568862275453,0.24903348073278647,0.6842870210387241,0.6596376008862166
77,noble-sweep-86,run_1a25343d0adb913f700a35af9b98eae0,0.561582624912262,0.9011869814932995,2.4146706586826356,1.207567909033481,0.5146559609716435,1.0783668301946512,0.7088194001276324,2.281845400108874,0.2712192040429571,0.5146559609716436,0.8804874188953947
78,dry-sweep-87,run_1e414b9b14e251fe9209b17ce84d1f15,0.5613273978233337,0.9339119336311424,2.880702231899838,1.3191282375236895,0.3819697123691432,1.259613862952999,0.7363369495851955,2.756151333696245,0.48390397978521804,0.38196971236914345,1.061322994144643
79,pleasant-sweep-88,run_d09a6172294ebe3176b4fd03d8a28229,0.5275048017501831,0.9734269304403319,1.8429776810016338,1.4352621604548326,0.7789714401870109,1.0627472701376801,0.5524952137843008,1.5228905824714212,0.2363992419456728,0.7789714401870098,0.6391517645197015
80,breezy-sweep-89,run_53ebefad1cdcf47f87f383af155d4234,0.5825143456459045,0.8884747925973197,2.6244692433315198,1.2735439039797856,0.44059355625571706,1.211884791897452,0.663586470963624,2.5157049537289073,0.32514213518635454,0.4405935562557175,1.0454660547554993
81,zesty-sweep-90,run_dfaf73cfd2523af85bb3a3965bd3545a,0.5401403903961182,0.9438162093171666,1.9454817637452375,1.4290713834491475,0.8195141782701495,1.0393574932742524,0.5582131461391194,1.6280076211213945,0.25416298168035456,0.8195141782701487,0.6620984332964073
82,icy-sweep-91,run_a1542d59e23dd3f538f316840f0a0c51,0.5965539216995239,0.8384684109763879,2.0931137724550912,1.3127100442198358,0.7526476267913406,1.0909558474442158,0.5590044671346519,1.7836962438758852,0.3343903979785212,0.7526476267913397,0.6936619718309862
83,wise-sweep-92,run_bcab4dd0d7298e09d2309dde9eab5f3f,0.5957881212234497,0.8257817485641353,2.054572672836147,1.261212886923563,0.7663990242910865,1.1109510998575725,0.5553031269942555,1.7632280892759937,0.3526847757422635,0.7663990242910871,0.7515113150815003
84,wandering-sweep-93,run_bb046c76838d097f7619880b0fe00dfb,0.5859604477882385,0.8807147415443523,2.57041371801851,1.2547441566645614,0.5231832503303182,1.196368096217756,0.6606253988513078,2.453592814371258,0.35015792798483875,0.5231832503303182,1.0265310966925145
85,glad-sweep-94,run_4d5f39dda7b7eb48b99436d5d3a53cce,0.5144862532615662,0.9493809827696235,2.033832335329342,1.295325331648768,0.8370464478097368,1.0722661813578098,0.5878238672622847,1.7716657593903116,0.3793430195830711,0.8370464478097372,0.7478002848551979
86,silvery-sweep-95,run_46f9907643850b2034e2f38309aae32e,0.5922144055366516,0.8641480536056159,2.6006804572672846,1.2102969046114973,0.47907307653216796,1.143163475233423,0.6878111040204206,2.4888677191072426,0.31624763108022846,0.4790730765321673,0.9717122962494075
87,magic-sweep-96,run_43aa4c0b99ba0b6ef026dfe02b04e5f0,0.5830248594284058,0.8900319081046585,2.8153238976592285,1.433821857233102,0.30461429007012913,1.2914622566861846,0.6922527121888947,2.7117855198693523,0.4791535060012646,0.304614290070129,1.1197262225035618
88,scarlet-sweep-97,run_645d0881b2ea20a755b5aebb9705a2ad,0.5541799664497375,0.8784939374601148,2.410860097985847,1.1828553379658877,0.555097062709625,1.073817059661339,0.675966815571156,2.2868535655960804,0.29997473152242626,0.5550970627096249,0.9135701851558796
89,dry-sweep-98,run_2a23bdcce97cc6bfd245a17c9fa7e8ee,0.5730695724487305,0.8581238034460754,2.17569406641263,1.1846241313960837,0.5179286512856998,0.9639974679537902,0.6575877472878112,1.9685084376701143,0.22626658243840878,0.5179286512856994,0.6522551036556427
90,easy-sweep-99,run_c7cd8315ca9254e91991dc570fb6134b,0.5507338643074036,0.9564262922782387,2.2156505171475236,1.3993303853442831,0.7414574651895519,1.1677480614021205,0.5832801531589019,2.0216385410996196,0.3288060644346174,0.7414574651895524,0.839357493274253
91,blooming-sweep-100,run_1217ca98399f2782d4d749be6e9f2839,0.6880663633346558,0.6535800893426931,2.6959989112683735,1.3906127605811756,0.49009045634718973,1.2881626839689826,0.48913848117421854,2.469651605879152,0.7365887555274794,0.49009045634719123,0.9795379015667032
92,honest-sweep-101,run_bf1b36edc019b8e3c6b6dc96605e4f0b,0.5345245599746704,0.9690874282067646,2.3119488296135007,1.332924826279217,0.8315174306331945,1.1740069631270769,0.5666879387364386,2.099537289058248,0.3625900189513581,0.831517430633193,0.8566466213008386
93,bright-sweep-102,run_6ffeaeec89a24a48279975890544021e,0.5255903005599976,0.9436630504148054,2.1006260206859015,1.3547062539481995,0.7473625368431752,1.1151843646146542,0.5439693682195285,1.8678551986935228,0.285243209096652,0.7473625368431759,0.7828532995727169
94,fallen-sweep-103,run_d784bcda001130fff8fedf0eff2f0fea,0.5962986350059509,0.8271346522016593,2.669651605879152,1.1960454832596337,0.5042992174001423,1.2018752967241653,0.6659093809827699,2.5182090364725105,0.4171193935565383,0.5042992174001426,1.0320224719101119
95,winter-sweep-104,run_937b976e3d3bff473d331f46f2531ebe,0.5221441984176636,0.9588257817485644,1.9763473053892227,1.392608970309539,0.7915946742555138,1.0960990663079602,0.5620931716656028,1.6734621665759404,0.3422994314592541,0.7915946742555133,0.7316743155562591
96,proud-sweep-105,run_7d4090d3beec48ee5e973708816e0163,0.600127637386322,0.8212125079770263,2.339493739793142,1.2220467466835123,0.5769895314564489,1.0899430289602785,0.5548691767708993,2.1954545454545458,0.3056096020214776,0.5769895314564492,0.8547792372210782
97,hearty-sweep-106,run_946b49512759b6b598e83da84cf61674,0.5530312657356262,0.9352393107849394,2.2245236799129025,1.3681996209728364,0.7765524951722736,1.1193305902832729,0.5622973835354182,1.9990473598258036,0.3134680985470637,0.7765524951722743,0.8079680329166004
98,worthy-sweep-107,run_b915462cbb7ff83f8ea9757cb5e593ac,0.5633695125579834,0.9348819400127631,2.382607512248232,1.4260644346178146,0.6424636650066065,1.2321569868650102,0.5560689215060637,2.199918345127927,0.30174352495262213,0.6424636650066066,0.9476341193226773
99,smart-sweep-108,run_894ea83b96092fcdc943ba9baa6b3bcb,0.5629866123199463,0.9254626675175496,2.5325802939575404,1.2204042956411878,0.5841142392519565,1.1913356543756926,0.6738225909380983,2.410860097985848,0.32713834491471866,0.584114239251957,1.0021126760563381
100,usual-sweep-109,run_b97d50b472be564c2a389b7e0c6f6701,0.5520102381706238,0.848015315890236,2.1891943385955366,1.1821478205938096,0.5804553308263034,1.0191090362399113,0.6150095724313976,1.959471965160589,0.3252937460518004,0.5804553308263033,0.6999920873555948
101,golden-sweep-110,run_38b97bd413aee1ebf43ead45e2cea10b,0.5758774876594543,0.8881940012763242,2.404164398475776,1.4714213518635504,0.6264559406443745,1.2234847285962969,0.5662029355456291,2.1595264017419713,0.3485154769425138,0.6264559406443765,0.9062509890805508
102,decent-sweep-111,run_902ee9156e0730ca1a00a94df08ccea2,0.6139119267463684,0.8226419910657308,2.5802123026673938,1.3010612760581177,0.571236914320561,1.2174315556258903,0.5994894703254627,2.4453184540010904,0.3718888186986747,0.5712369143205605,1.0362319987339765
103,noble-sweep-112,run_1e83c71f3777e59007b33b6bc912dc08,0.5825143456459045,0.8933758774728782,2.6097169297768112,1.3539229311433987,0.49046651082427084,1.2159439784776072,0.6687428206764515,2.4856015242242795,0.33805432722678425,0.49046651082427156,1.0144089254628899
104,smart-sweep-113,run_0c07da17c4a0aac00b4fe5d5deeb7d58,0.6326739192008972,0.7623739629865987,2.744338595536201,1.2615919140871765,0.5625571704441509,1.2374030701060295,0.5872622846202926,2.5963799673380525,0.5169551484523061,0.5625571704441495,0.9962731444848866
105,lunar-sweep-114,run_ecc4bbc476899562c0eb2fde7fdbe29f,0.6525845527648926,0.7362348436502872,2.671502449646163,1.305533796588756,0.49626994613273706,1.1853299572717202,0.5819017230376509,2.4678007621121387,0.5567024636765628,0.49626994613273623,0.8817534420003162
106,comic-sweep-115,run_d5173e0012e9bac2b875a1c3493a5587,0.6146777272224426,0.7948691767708997,2.5169569951007085,1.3045735944409353,0.5337737574956805,1.192506725747745,0.580395660497766,2.2919161676646707,0.4650284270372713,0.5337737574956807,0.8644484886849189
107,unique-sweep-116,run_573d073fb827d7246ac0c706ef9ff18d,0.5652839541435242,0.8731333758774729,2.1428143712574856,1.4058496525584336,0.6138327065758715,1.1088779870232632,0.5395532865347807,1.9027490473598274,0.3003284902084649,0.6138327065758706,0.6447697420477934
108,misunderstood-sweep-117,run_00f2b9db23b81b9b822e9baecb6bd90c,0.6805360317230225,0.6848755583918316,2.1716657593903106,1.2086291850915984,1.113924179286513,1.408719734135148,0.5742948308870447,1.9515242242787152,0.6277321541377141,1.1139241792865109,1.0790314923247348
109,royal-sweep-118,run_fb65ca6f39b54646b73cde9c84b9c8b8,0.6007657647132874,0.8368347160178686,2.424088187261841,1.4167150979153509,0.5277975404004472,1.110049058395316,0.5783024888321636,2.2087370713119228,0.39500947567909056,0.5277975404004472,0.753473650894129
110,absurd-sweep-119,run_79e38bbbd55a003838cce9446e678286,0.5670708417892456,0.8805615826419911,2.3600163309744153,1.1892229943145927,0.4817054578717349,0.9567890489001425,0.7017230376515623,2.1874523679912907,0.33350600126342367,0.48170545787173447,0.6899272036714674
111,gallant-sweep-120,run_7a21eae120241dbdc6f43f77eee7f1f1,0.596681535243988,0.8235098915124442,2.48478497550354,1.1665066329753635,0.5807297489582274,1.106963127077069,0.633797064454371,2.34248775176919,0.32905874921036044,0.5807297489582282,0.9304003798069315
112,dainty-sweep-121,run_f4aa371d9d1a7b9150cb18ef361c0b74,0.5888959765434265,0.8670835992342055,2.6528307022319,1.3532912192040434,0.4680760239861774,1.242340560215224,0.656847479259732,2.5011703864997292,0.3974099810486423,0.4680760239861764,1.041691723373951
113,apricot-sweep-122,run_9470bb670af3aa6a33eb9d5d59f8e46e,0.5462667346000671,0.9316656030631781,2.135193249863909,1.3159696778269112,0.7133956702916964,1.0418658015508784,0.6055902999361842,1.8601796407185642,0.251964624131396,0.7133956702916959,0.621451178984017
114,ancient-sweep-123,run_9faf1a1881792ffa6d850fc9e54f8134,0.5356732606887817,0.948717294192725,1.8895753946652158,1.3855843335439042,0.826161195243419,1.0178588384238012,0.5515252074026809,1.5838595536200335,0.24036639292482703,0.8261611952434191,0.6785646463047943
115,serene-sweep-124,run_bc8923807e98893ebd01ab3ef4294c0a,0.5657945275306702,0.865449904275686,2.590936309199783,1.1630701200252687,0.6553511535725175,1.2503481563538537,0.6294320357370778,2.424142623843225,0.4665698041692991,0.6553511535725166,0.9831381547713257
116,frosty-sweep-125,run_eb8f6b2daeb25a7470db44a8bb215135,0.5231652855873108,0.9745245692405872,2.3109689711486125,1.3311307643714467,0.8578717349324119,1.212153821807248,0.5924441608168476,2.058927599346762,0.367719519898927,0.8578717349324115,0.8547871498654859
117,fancy-sweep-126,run_c43db287b67f96343b88bb9c2e8f72d2,0.5466496348381042,0.9286279514996809,2.1338323353293425,1.329361970941251,0.8766642951519463,1.1086406076910904,0.5777409061901719,1.889629831246598,0.4393051168667072,0.8766642951519465,0.7687134040196231
118,effortless-sweep-127,run_b1aa1ba2edc1c59661ad150082fa00f8,0.5716655850410461,0.8868155711550735,2.240528034839413,1.3159444093493369,0.7161906697835146,1.1485203354961229,0.49804722399489426,2.0497822536744708,0.304219835754896,0.7161906697835158,0.8089096376008865
119,icy-sweep-128,run_461359d9ff73bfc75971277e17173d7b,0.5955328941345215,0.845156349712827,2.5875612411540567,1.2063802905874923,0.49535521902632385,1.1646858680170915,0.6306317804722397,2.466712030484486,0.32367656348705,0.4953552190263226,0.9904969140686821
120,deft-sweep-129,run_8638990614b652574f6a75d7d131f0af,0.5905551910400391,0.8768602425015954,2.6711213935764846,1.2809475679090339,0.5542128265067588,1.1973176135464474,0.6740268028079129,2.5293685356559616,0.3491977258370179,0.5542128265067571,1.0145513530621926
121,trim-sweep-131,run_4f18104d15d26fd3704cce0512f9de8a,0.5296745300292969,0.9817996171027441,2.430021774632554,1.3454074542008845,0.7820205305417218,1.2167194176293719,0.6076834716017869,2.269433859553621,0.32971572962729095,0.7820205305417235,0.9400933692039876
122,sandy-sweep-133,run_d4c3138878b857b36778325b46b12d93,0.5532865524291992,0.9543331206126355,2.672427871529669,1.2603284902084653,0.42741132228885054,1.2233264757081816,0.7305169112954684,2.538187261839959,0.34778269109286275,0.4274113222888506,1.037648362082609
123,prime-sweep-134,run_601bc48ef2ae58d2d8c963b10539e8e9,0.5340140461921692,0.9194894703254628,2.569270549809473,1.1713076437144665,0.585191584510621,1.1204146225668619,0.7223229100191462,2.4331790963527498,0.3410865445356912,0.5851915845106214,0.9796486785883844
124,golden-sweep-135,run_75c9a345578b19bb0772b99241bab26d,0.5812380313873291,0.8741033822590939,2.1779259662493207,1.3952621604548328,0.7830775485313549,1.2106504193701535,0.5243395022335674,1.895291235710398,0.3378774478837657,0.7830775485313572,0.8752650735875929
125,helpful-sweep-136,run_afac8a49fd08de3d5f47478f68401334,0.5574983954429626,0.8970261646458201,2.4280620577027774,1.2569172457359445,0.5443439373920114,1.0471514480139263,0.6757115507338868,2.232199237887862,0.37530006317119496,0.5443439373920113,0.7522313657224244
126,zany-sweep-137,run_815a45aed984228c1503f50ac462cabf,0.6146777272224426,0.7795532865347798,2.4341045182362553,1.2261149715729631,0.5678930785648948,1.1061639499920874,0.5923931078493933,2.201442569406641,0.39210360075805467,0.5678930785648949,0.8266735242918175
127,deft-sweep-138,run_70b4b106ec94e96d56f95e5b139b4f5b,0.5641353130340576,0.8754818123803447,2.57569406641263,1.35829437776374,0.4871430023376359,1.1247586643456244,0.6244033184428853,2.40040827436037,0.5073783954516745,0.487143002337635,0.7697657857255893
128,usual-sweep-139,run_9532558a418bb80e205a87ea166c7454,0.5633695125579834,0.8968985322271859,2.1465160587915086,1.3838155401137084,0.5292102855981299,1.0271561956005697,0.6227440970006363,1.918971148611869,0.21595704358812456,0.5292102855981291,0.6843171387877837
129,lemon-sweep-140,run_febecdc30efb00bda8237732fca3614e,0.5595405101776123,0.9171155073388642,2.6905552531301042,1.2315224257738473,0.5512653724972051,1.2238012343725275,0.7166815571155069,2.5568590092542203,0.35652558433354375,0.5512653724972046,1.059503085931318
130,solar-sweep-141,run_e84126791543745017c4f867e19d0e55,0.5818762183189392,0.8838800255264838,2.500571584104519,1.2773847125710678,0.4914117288342311,1.1537980693147651,0.6735417996171024,2.3863636363636376,0.34512950094756856,0.4914117288342303,0.9862399113783825
131,young-sweep-142,run_d3aac7d50edcb012d23b6aac82407319,0.596681535243988,0.8503892788768347,2.1372074033750685,1.4512065698041694,0.5811261307043398,1.0960832410191486,0.5441735800893444,1.8645890038105604,0.2872141503474426,0.5811261307043397,0.6482750435195442
132,splendid-sweep-143,run_e8a022f35013b53f02c03a40299483d6,0.5957881212234497,0.8471984684109765,2.5178824169842136,1.263006948831333,0.44046142900701296,1.1189191327741732,0.6381365666879388,2.411513336962438,0.32418193303853493,0.44046142900701324,0.9384317138787787
133,volcanic-sweep-144,run_7a9c505aabbc2b36a16a68bdd33c6128,0.5573707818984985,0.8930440331844288,1.8018780620577033,1.2669740998104866,0.7507266998678728,1.0001424275993036,0.5748308870453085,1.5053075666848121,0.19369551484523073,0.7507266998678711,0.7089096376008867
134,easy-sweep-145,run_2a71eb3d6f1b560df8b348ef267edd85,0.5396298766136169,0.9476196553924697,1.9130375612411548,1.3996083385975997,0.8191279601585527,1.0230653584427916,0.5347543075941297,1.6034022863364192,0.2418066961465587,0.8191279601585537,0.6860974837790796
135,clean-sweep-146,run_565a96ba3d7c2a3a4838458590e66106,0.5604339241981506,0.8496745373324825,2.33258029395754,1.0471888818698676,0.5741030592539893,0.9342300996993195,0.679157626037013,2.148911268372347,0.2566645609602009,0.5741030592539875,0.6663554359867061
136,absurd-sweep-147,run_65fda312ae3da2d5c89fc6e08a994b63,0.5950223207473755,0.8131206126356094,2.4979586281981496,1.235388502842704,0.48769183860148396,1.1818483937331856,0.6132482450542432,2.3031845400108866,0.4215413771320286,0.48769183860148263,0.9568760879886057
137,decent-sweep-148,run_ced83fb6951c410eaddc89e2680b308d,0.62233567237854,0.762322910019145,2.447223734349483,1.2126974099810488,0.5419859741843683,1.0809938281373634,0.6002297383535408,2.2529940119760483,0.38765634870499105,0.5419859741843677,0.8341034973888282
138,glorious-sweep-149,run_6a4e1727e41a019d07f94bc0cb71f0e9,0.7363114356994629,0.5386343331206127,2.6195155144256947,1.3360581174984212,0.38563878442931193,1.2037189428707076,0.4102871729419272,2.3721556886227555,0.7771446620341124,0.3856387844293115,0.9131191644247505
139,glamorous-sweep-150,run_47ef42cc740c5b1970e143b89d5cea29,0.5599234104156494,0.9123165283982132,2.552830702231901,1.1638029058749215,0.6390588474438459,1.145972463997468,0.686815571155073,2.417392487751772,0.3597852179406207,0.6390588474438469,0.965152714037032
140,rural-sweep-151,run_550d2ccb86b539447a72c1b0469b4e32,0.5319719314575195,0.9914231014677728,2.305906369080023,1.3628174352495264,0.8603516617542433,1.2406235163791741,0.5984684109763879,2.077163854109963,0.3309033480732795,0.8603516617542424,0.9036239911378381
141,toasty-sweep-152,run_583922142e5b2d4d82d41086677bd5da,0.5628589391708374,0.8843139757498405,2.097577572128471,1.3236260265319015,0.5915641833519666,1.0138233897768636,0.5784556477345246,1.8635002721829075,0.21729627289955886,0.5915641833519679,0.721023896186106
142,snowy-sweep-154,run_4bd393d446cbc2ffd3d90e5bebf81119,0.5494575500488281,0.8955201021059349,2.5212574850299405,1.1761339229311436,0.5121658705152964,1.1045418578889066,0.7190810465858325,2.399863908546543,0.3336323436512945,0.5121658705152949,0.9775439151764522
143,tough-sweep-155,run_e31e1a5f5d9c2037c4f554e2312aad4a,0.5791959166526794,0.8767326100829612,2.4567501360914545,1.2029690461149718,0.8822847850391301,1.2796170280107613,0.6265220165922151,2.204055525313012,0.47084017687934415,0.8822847850391282,0.9296882418104123
144,vocal-sweep-156,run_8d40da42f2f1efaeb0d6354ecdbaf7bc,0.5340140461921692,0.9627058072750478,2.0109145345672297,1.3807580543272269,0.8911373107023073,1.1254470644089256,0.5589278876834717,1.6901741970604256,0.2948452305748581,0.8911373107023064,0.7467637284380437
145,swift-sweep-157,run_1e3625950159ece37437ef2e4d817ba6,0.5457562208175659,0.9315124441608169,2.4168481219379427,1.2750094756790904,0.5146051427990649,1.0072479822756766,0.7259731971920867,2.221094175285793,0.38217308907138425,0.5146051427990664,0.7372527298623198
146,smart-sweep-158,run_d970ea3757ffcd0c461c0f9b9d42240c,0.5460115075111389,0.9272239948947034,1.8626837234621674,1.3472520530638028,0.7381237930684014,1.0085140053805983,0.5778174856413538,1.5419433859553622,0.2096904611497159,0.7381237930684016,0.7125494540275349
147,quiet-sweep-159,run_6b9fec056927d996f6a85d8ddf841f88,0.5568602681159973,0.8972048500319082,2.3632280892759945,1.264371446620341,0.5377883931293831,1.0672258268713404,0.6632291001914481,2.2435764833968435,0.30523057485786476,0.5377883931293822,0.8432979901883206
148,devoted-sweep-160,run_5c0ca2530a2dee16b3da21d1ac97add1,0.5544352531433105,0.9461135928525847,2.4792324442025047,1.2974478837650034,0.57599349527391,1.133225193859788,0.7233694958519467,2.3628470332063154,0.3395704358812384,0.5759934952739105,0.937893654059187
149,charmed-sweep-161,run_6f4c2a8acdaf77dd0d4278eb04ce45bf,0.5666879415512085,0.8715507338864072,2.215868263473055,1.196373973468099,0.5944100010163634,1.0024687450545973,0.6668793873643901,1.986690255851933,0.2578521794061906,0.5944100010163658,0.7182623832884952
150,absurd-sweep-162,run_e9d6129f4e3f1862786288c8ff465766,0.5479259490966797,0.8987874920229739,2.6186989657049553,1.1397725837018324,0.505234271775587,1.0756290552302579,0.7358774728781107,2.491099618943931,0.3207706885660145,0.5052342717755882,0.9455451811995569
151,valiant-sweep-163,run_eebc783521a70fb7d553ce2be434a095,0.580855131149292,0.8367070835992344,2.2095536200326626,1.1695135818066964,0.5535725175322695,0.9519702484570344,0.6479642629227816,2.0225095264017425,0.250347441566647,0.5535725175322693,0.6596613388194335
152,peach-sweep-164,run_3b7683f142125cb1941186e27530d0d4,0.5509891510009766,0.89360561582642,2.489684267827982,1.0861781427668986,0.5265677406240472,1.0585693938914387,0.7409061901723042,2.3944202504082748,0.30586228679722083,0.526567740624047,0.9244658965026111
153,rich-sweep-165,run_991080440297268b6d627a1e84532225,0.5414167046546936,0.9321506062539885,1.8316548720740347,1.3466203411244473,0.7955889826201851,1.0016853932584269,0.5655392469687305,1.5207131192161136,0.24468730259002003,0.7955889826201863,0.6891517645197026
154,fancy-sweep-166,run_1f022f2877f72ff0a0681d709a16b943,0.6261646747589111,0.7775877472878112,2.4919161676646713,1.2749589387239422,0.6738489683910966,1.1996993195125811,0.5671984684109751,2.2120032661948836,0.48261528742893167,0.6738489683910975,0.85307801867384
155,unique-sweep-167,run_5b5c17522addf2a186459e4f56f1432d,0.5657945275306702,0.8568985322271857,2.1821175830157875,1.228363866077069,0.6321780668767151,0.9449121696470961,0.6182769623484368,1.9743875884594466,0.2503727100442191,0.6321780668767161,0.6862161734451646
156,rural-sweep-168,run_d50b955632b6b29856066e94b1de7db7,0.6011486649513245,0.8257562220804084,2.4643712574850305,1.1634996841440306,0.5228275231222685,1.09260959012502,0.6326738991703895,2.352340772999457,0.30646873025900156,0.5228275231222691,0.9300363981642663
157,serene-sweep-169,run_e923eab3b40c9dad478d8ee66d7e1352,0.5492023229598999,0.9192852584556478,2.2417800762112146,1.3340113708149084,0.5853338753938409,0.9804636809621777,0.6669304403318449,2.0226183995645095,0.29024636765634976,0.5853338753938396,0.6815556258901733
158,balmy-sweep-170,run_66e6ebe216a90f14a9785d8970a41419,0.5693682432174683,0.8631014677728144,2.1147250952640184,1.190713834491472,0.5395568655351154,0.9834309226143377,0.6515890236119969,1.9137452367991301,0.22758054327226873,0.5395568655351151,0.6818800443108083
159,helpful-sweep-171,run_390e1483e68a9047343b4e1c537c8c6c,0.5506062507629395,0.9063688576898532,2.172373434948286,1.297826910928617,0.6212115052342718,0.9786754233264757,0.6434971282705811,1.960832879695157,0.2694756790903354,0.6212115052342729,0.6559344833043199
160,worldly-sweep-172,run_c0633a94877064eb60619bab0a506a89,0.5502233505249023,0.9101467772814296,1.9807566684812201,1.3082122552116235,0.7307958125825795,1.0382022471910113,0.5719719208679004,1.6742787152966807,0.24054327226784594,0.7307958125825783,0.7421743946827029
161,jolly-sweep-173,run_ed49f6c98acf9da2b319f3e273b55de6,0.5440970063209534,0.9334269304403318,2.3595808383233545,1.2719267214150352,0.5347189755056408,0.9949754708023422,0.7030759412890879,2.167637452367993,0.31998736576121317,0.534718975505642,0.6796091153663557
162,balmy-sweep-174,run_579e94a8f25a6f8b7e86f679cdb2d1b6,0.600382924079895,0.8213911933631144,2.2247958628198155,1.2680859128237525,0.6313446488464275,1.0821015983541702,0.5485130823229099,2.0360097985846495,0.28476310802274246,0.6313446488464286,0.8121379965184369
163,efficient-sweep-175,run_1ff69f3e0357f157060f6fad9327a5c6,0.5945118069648743,0.8378557753669432,2.2901741970604252,1.2409475679090338,0.5842971846732391,1.0727646779553728,0.5430759412890881,2.127408818726185,0.27263423878711424,0.5842971846732377,0.8259059977844586
164,different-sweep-176,run_6feff6bd2dc525233f90c0493757aa76,0.5748564004898071,0.864505424377792,2.1581654872074045,1.243752368919773,0.5280821221668869,0.9573904098749803,0.6481940012763245,1.974387588459446,0.2562349968414421,0.5280821221668872,0.6654138313024224
165,glorious-sweep-177,run_d9e690898a7f99e5d1fc0e329718f796,0.5733247995376587,0.8772431397574985,2.170740337506805,1.3265571699305119,0.4759528407358472,0.9881705966133882,0.6401021059349071,1.984022863364183,0.2530006317119394,0.47595284073584876,0.6126681436936225
166,generous-sweep-178,run_e85bfae5c20370f935f1085f047b06ee,0.565028727054596,0.9181876196553924,2.511785519869353,1.2455464308275428,0.5484500457363553,1.144453236271562,0.6848755583918306,2.3942025040827444,0.34932406822489054,0.548450045736353,0.9525557841430622
167,misunderstood-sweep-179,run_a62aaf9846da4d84d99a8b16cb209dd7,0.5514996647834778,0.9285768985322272,2.1643712574850307,1.340303221730891,0.597194836873666,0.9881547713245767,0.6425781748564127,1.9271366358192712,0.25044851547694297,0.5971948368736664,0.6000237379332176
168,fearless-sweep-180,run_ca3a8338f6adc6f4dc01888c1d56e66b,0.5414167046546936,0.9337587747287811,1.8933315187806212,1.28971572962729,0.854751499136091,1.0134989713562272,0.5557115507338874,1.595454545454546,0.24951358180669672,0.8547514991360922,0.7137047001107771
169,zany-sweep-181,run_905b4a817524ff6d520a02727f432d8a,0.5323548316955566,1.0110019144862794,2.1829885683179104,1.5099305116866713,0.7329098485618457,1.1779237221079284,0.5653095086151886,1.9320359281437134,0.34053063802905914,0.7329098485618465,0.85910745371103
170,vital-sweep-182,run_3dedf999f96e44e4bc8a51291b8ce439,0.5931078791618347,0.8323420548819401,2.2348666303756133,1.3114213518635505,0.6456448826100214,1.0803054280740625,0.5044288449266113,2.0532661948829616,0.2748578648136451,0.6456448826100225,0.8026349105871186
171,clean-sweep-183,run_ab19037abea59a088e37e87f44dee76b,0.5553286671638489,0.9497383535417996,2.170685900925423,1.4166645609602024,0.7580140258156317,1.1468032916600728,0.533452456924059,1.9729722373434955,0.3149589387239429,0.758014025815631,0.8129371736034178
172,vague-sweep-184,run_6c9088f034b2d21e2c7095e4678b91c3,0.5791959166526794,0.880970006381621,2.459036472509527,1.2010486418193307,0.5301656672426059,1.105285646463048,0.6524058710912567,2.3350299401197607,0.3222109917877451,0.5301656672426055,0.9085614812470334
173,vocal-sweep-185,run_317becb9dd7b6096d427c90bcd4ff045,0.5336311459541321,0.9341416719846842,1.8741698421339146,1.3331017056222365,0.8447098282345767,1.0171862636493116,0.5795277600510541,1.5782525857376162,0.24716361339229326,0.8447098282345751,0.6787308118373161
174,stellar-sweep-186,run_db6a999097db8609f2fcb0ef022b58fc,0.5877472758293152,0.8625654116145501,2.4607240065323905,1.2238155401137083,0.5573025713995324,1.1487735401171073,0.6254243777919589,2.3358464888405015,0.31837018319646304,0.5573025713995325,0.9453869283114413
175,treasured-sweep-187,run_113b0edd89836f6c5f700e402089369b,0.5587747097015381,0.9065220165922144,2.28135547087643,1.257624763108023,0.49976623640613893,0.9807643614495964,0.6907211231652843,2.086254763200871,0.2587871130764377,0.49976623640613893,0.6591628422218693
176,spring-sweep-188,run_4f028de5f75debb229694e1b110f79a0,0.5456286072731018,0.8998340778557754,1.7118943930321187,1.2895641187618447,0.9482671003150727,1.0248219655008703,0.5610976388002546,1.466929776810016,0.35008212255211674,0.9482671003150727,0.7980455768317769
177,deep-sweep-189,run_c267af9d0f35f222c1ac9b6fea96b69a,0.5480536222457886,0.8959540523292917,1.7931137724550903,1.2190397978521794,0.8617745705864417,1.0274331381547714,0.5579323548181238,1.5122210125204139,0.21489576753000664,0.8617745705864421,0.7910349738882726
178,zany-sweep-190,run_406a8fc590dc09f6f97e94abdd99b743,0.5269942283630371,0.979323548181238,2.320059880239522,1.4243967150979155,0.5726801504217909,1.141383130242127,0.6545245692405864,2.1278987479586293,0.29466835123183865,0.57268015042179,0.8660547554992882
179,devoted-sweep-191,run_049156f1141a2f06ac2de6c71e34866b,0.5455009341239929,0.9114996809189535,2.025666848121938,1.2583828174352498,0.7880374021750178,1.0090678904890014,0.6123803446075305,1.7195155144256948,0.28279216677195157,0.7880374021750185,0.6561006488368415
180,bumbling-sweep-192,run_1bbbc2d9009432026532e06fc8388b6e,0.5959157347679138,0.8530950861518826,2.6084104518236257,1.2604548325963365,0.3998373818477488,1.1486944136730497,0.6896745373324819,2.5195699510070777,0.39283638660770737,0.3998373818477481,0.9906789048900149
181,ethereal-sweep-194,run_baa94bad32084fd605c76549a52fdea1,0.546139121055603,0.917141033822591,1.9956722917800769,1.3067466835123185,0.6603313344852119,1.0172179142269346,0.5889215060625396,1.70160587915079,0.2435754895767534,0.6603313344852126,0.6918816268396893
182,twilight-sweep-195,run_6d3a84d69c4c3fd441c525d16ba8a052,0.5354179739952087,0.9533886407147416,1.7679096352749053,1.386898294377764,0.7928041467628824,1.0417471118847919,0.566611359285259,1.463500272182907,0.22545799115603327,0.7928041467628819,0.7192435511948091
183,eternal-sweep-196,run_f83fa0179440a4c0decd219182b16c4b,0.5734524726867676,0.888040842373963,2.252885138813283,1.295830701200253,0.7127756885862384,1.1238487102389618,0.5633439693682206,2.050816548720741,0.3154390397978515,0.7127756885862395,0.8573983225193863
184,vibrant-sweep-197,run_d5e01fe1232dc16ff908fd8c1b729ef3,0.5733247995376587,0.8974856413529037,2.195019052803485,1.262425773847126,0.7298607582071349,1.0964788732394366,0.5498659859604333,1.977163854109963,0.3111181301326594,0.7298607582071329,0.7724402595347373
185,graceful-sweep-198,run_2ce439296fc7b2bddef9691ef68a7ad2,0.6135290265083313,0.8003318442884493,2.5045454545454553,1.3372457359444094,0.4710946234373412,1.1207548662763096,0.5963752393107845,2.30302123026674,0.430511686670879,0.47109462343734076,0.8141715461307168
186,wandering-sweep-199,run_280aa13df5fb1fb642e731230102d699,0.558902382850647,0.8935800893426932,2.422563962983126,1.2222994314592548,0.4907714198597418,0.9513847127710081,0.7148947032546258,2.2554436581382697,0.4198736576121286,0.4907714198597434,0.7103339135939228
187,helpful-sweep-200,run_47fa8273f4092fbff271c33f60b9806b,0.5660497546195984,0.8841097638800255,1.9406913445835607,1.2241440303221733,0.7216078869803842,0.998551986073746,0.6213911933631155,1.6290963527490472,0.2121667719519906,0.7216078869803839,0.7075565754075006
188,amber-sweep-1,run_e60fd6f022d84c6cf9962606129d16c1,0.5483088493347168,1.2860497766432675,3.9675285792052266,1.9045230574857868,0.11932106921435105,1.7777259059977846,1.2860497766432666,3.9218018508437678,1.8163613392293136,0.11932106921435119,1.7283193543282165
189,laced-sweep-2,run_0b16d1a43bb6b76f0e0c28b29c27bf2b,0.6530950665473938,0.7268155711550734,2.765841045182363,1.2930511686670882,0.35487346275027953,1.291944927994936,0.5629865985960425,2.6066684812193803,0.5717624763108027,0.3548734627502803,1.062161734451654
190,stellar-sweep-3,run_11f6039c62cc56d6428c14315941a4ed,0.7619655132293701,0.4640970006381621,2.6092270005443665,1.2500189513581808,0.5538469356641935,1.3070343408767213,0.36954690491384967,2.367637452367991,0.8975489576753014,0.5538469356641924,1.048290868808356
191,chocolate-sweep-4,run_c050d64aafd79b1eff334698dbb6f9fb,0.5828972458839417,0.826981493299298,2.4265378334240615,1.0587113076437147,0.6697631873157841,1.0114021205887007,0.6731078493937452,2.2271910724006543,0.35233101705622377,0.6697631873157835,0.7915888589966762
192,zany-sweep-5,run_4f146e84fcfac2961475c91343748dbe,0.5512444376945496,0.8578430121250799,2.417229178007622,1.163878711307644,0.5922858014025816,1.046700427282798,0.6563369495851951,2.2323625476320106,0.42353758686039117,0.5922858014025824,0.7731761354644726
193,crimson-sweep-6,run_cca096b6565b7a04bae03d8879a10ca9,0.5797064304351807,0.8688194001276325,2.0228361458900386,1.2870120025268479,0.7201138327065758,1.0612043044785566,0.5948181238034455,1.7112411540555257,0.2869867340492741,0.7201138327065758,0.674402595347365
194,olive-sweep-7,run_d8be429c4131de1a2ee3f80e5d3a7f3d,0.6650925278663635,0.6917932354818124,2.5879967338051184,1.2349336702463678,0.5013517633905884,1.2311125178034499,0.4958519463943848,2.4271910724006553,0.49406190777005754,0.5013517633905885,1.0036556417154612
195,legendary-sweep-8,run_ebae88ebca00f61c789f5616705f04c0,0.5846841335296631,0.8609827696234845,2.7624115405552545,1.3086165508528114,0.45620489887183663,1.2460120272194968,0.7131844288449262,2.6575666848121964,0.44314592545799086,0.45620489887183624,1.1099461940180402
196,crisp-sweep-9,run_42f8958827aa9b85d096c49cee0f19e6,0.5590299963951111,0.8364518187619656,2.245209580838324,1.1798483891345548,0.5782294948673646,1.0172812153821809,0.6108487555839186,2.033777898747959,0.33588123815540094,0.5782294948673637,0.7489950941604672
197,frosty-sweep-10,run_875d89658f52b4b7ce59da9d103de04c,0.5520102381706238,0.962297383535418,2.478361458900382,1.3859633607075175,0.6831995121455432,1.2144010128184841,0.5906828334396936,2.323761567773545,0.32294377763739696,0.6831995121455428,0.9402278841588858
198,wild-sweep-11,run_c7ad5f68881890dab0c4d9b8b42ba23f,0.58379065990448,0.8572814294830887,2.638568317909636,1.1380795957043592,0.49462343734119313,1.1910903623991138,0.6823739629865987,2.5485302123026665,0.3244851547694261,0.4946234373411945,1.0588700743788584
199,deft-sweep-12,run_4b20bdce25688642e1d7fbc135b4794e,0.6005105376243591,0.8025526483726867,2.5068862275449115,1.1738850284270377,0.6291188128874886,1.1482750435195443,0.6177919591576259,2.3326891671203067,0.38677195198989406,0.6291188128874904,0.9731523975312556
200,lyric-sweep-13,run_45acb30a6c93c60fe9f9334f6ddd51f5,0.4911295473575592,1.0888832163369497,2.7035111594991843,1.5013897662665827,0.4619473523732087,1.2593052698211744,0.8241735800893436,2.624904735982583,0.4350600126342394,0.46194735237320944,0.9996914068681758
201,fluent-sweep-14,run_7db5900b56456b32274bbacef32ae1e8,0.5895341634750366,0.8328781110402043,2.026320087098531,1.233063802905875,0.7819392214655961,1.0905048267130875,0.5657179323548184,1.7239793140990751,0.2846873025900193,0.7819392214655975,0.8231840481088784
202,frosty-sweep-15,run_66ab9d9966a5ebe2779e6efd5a4e5394,0.5409061908721924,0.991193363114231,2.3207131192161135,1.4853442830069488,0.718436833011485,1.2497942712454504,0.6209061901723029,2.1366086009798595,0.31584333543904003,0.7184368330114844,0.9725035606899839
203,crisp-sweep-16,run_88f853839785a2b7f3e8ee12db7aab01,0.5888959765434265,0.8616464582003829,2.492133913990202,1.2396336070751741,0.6181522512450454,1.1693068523500554,0.5944352265475426,2.373353293413173,0.34396715097915304,0.6181522512450442,0.9574062351637921
204,fine-sweep-17,run_44d2242235c0a8213636800da03c224f,0.43178045749664307,1.5589278876834718,4.04047359825803,1.9017687934301963,0.0,1.752373793321728,1.5589278876834727,4.04047359825803,1.9017687934301963,7.420293332589724e-17,1.752373793321728
205,silvery-sweep-18,run_8e44eff42072ed93b79bb89f3857cd67,0.590427577495575,0.8370389278876835,2.1350299401197614,1.3195830701200255,0.7282650675881694,1.0941525557841432,0.551499680918954,1.8658954817637465,0.3240555906506642,0.7282650675881709,0.6715540433612921
206,scarlet-sweep-19,run_fe1dfe97e722605c49b68b166a379d97,0.7466496229171753,0.5227568602425016,2.436064235166033,1.2762728995578017,0.5801402581563166,1.2140528564646305,0.36888321633694987,2.180212302667394,0.749955780164246,0.5801402581563161,0.8409083715777811
207,fanciful-sweep-20,run_4a77155bc8d0ad4375e322ef58ca562c,0.4846203029155731,1.0641480536056158,1.951034295046272,1.5018445988629185,1.103049090354711,1.156804874188954,0.6426037013401404,1.6204953728905829,0.4207075173720791,1.103049090354711,0.8385266656116479
208,swept-sweep-21,run_9bc9096eb268fbb326ad9768d30c23a8,0.6361199617385864,0.7646202935545628,2.623380511703866,1.3139734680985473,0.3961886370566115,1.2012818483937333,0.5602042118698151,2.4765106151333707,0.41646241313960836,0.3961886370566113,0.9935907580313347
209,jolly-sweep-22,run_4d0ea673376750259549676f765bf1b7,0.4319081008434296,1.5586726228462031,4.04047359825803,1.901642451042325,0.00010163634515702815,1.7522946668776704,1.5586726228462036,4.04047359825803,1.9015161086544539,0.00010163634515711968,1.7522946668776704
210,glorious-sweep-23,run_056ad3d4e3a2364368636488879fe88d,0.5997447371482849,0.8403318442884493,2.325612411540556,1.2995957043588124,0.569529423721923,1.0802025636967876,0.645768985322271,2.116467065868265,0.36074542008843985,0.5695294237219237,0.782544706440893
211,prime-sweep-24,run_072a5733c13b3a3be71316485b1db3fa,0.593490719795227,0.8259604339502234,2.5192433315187808,1.2698041692988,0.5233763593861165,1.147428390568128,0.6047479259731975,2.295182362547633,0.40415666456096017,0.5233763593861163,0.8193385029276778
212,winter-sweep-25,run_ba1328680ac1e610c32f3d7a2ff7bf4c,0.5119336247444153,1.0110784939374602,2.414398475775722,1.4673025900189514,0.7594572619168615,1.283747428390568,0.5703892788768354,2.1826075122482314,0.29322804801010743,0.7594572619168612,1.0069631270770685
213,sweepy-sweep-26,run_ea65777b8490d807e552f6553d694663,0.5308232307434082,0.9698787492022973,2.026537833424062,1.4923689197725838,0.7007114544160993,1.125565754075012,0.5749840459476698,1.7501088731627659,0.24314592545799105,0.7007114544160997,0.6370390884633637
214,jumping-sweep-27,run_8d26ba4228150233ba90e77134aedf98,0.5774090886116028,0.8702233567326102,2.2848938486663046,1.3712065698041696,0.7025713995324728,1.2020098116790632,0.5703382259093813,2.0156505171475234,0.34439671509791575,0.702571399532472,0.9167115049849662
215,upbeat-sweep-28,run_28d0983c8fac69c8e1a17e49bd7343aa,0.5560944676399231,0.9174473516273134,2.7455362003266206,1.2214655716993053,0.5164549242809228,1.2078018673840798,0.6662667517549449,2.638513881328254,0.36355022109917773,0.5164549242809228,1.044453236271561
216,fast-sweep-29,run_9ce4dc2704079a502fbf63f30b31a22d,0.5996171236038208,0.8159540523292916,2.229368535655962,1.3232722678458624,0.6591015347088118,1.1162763095426491,0.5215826419910655,1.936390854654329,0.3580669614655723,0.6591015347088112,0.7351875296724172
217,glowing-sweep-30,run_52e4f3356b881561cb0a99153c29c553,0.5959157347679138,0.8156732610082962,2.1522863364180735,1.2743524952621608,0.6936274011586544,1.0937490109194492,0.5565283982131457,1.8969787697332612,0.31773847125710736,0.6936274011586545,0.7291501819908212
218,fragrant-sweep-31,run_47306595b1e6fee071ae5e2a7b9bed0e,0.6209317445755005,0.8017613273771539,2.205362003266196,1.3041692987997473,0.7792052037808721,1.1294508624782402,0.5020293554562862,1.9860914534567242,0.3155148452305746,0.7792052037808728,0.83486311125178
219,sweet-sweep-32,run_b338167c84eaa6501384ce06e541aaec,0.6311423182487488,0.7784556477345247,2.655715841045183,1.2507012002526852,0.44992377274113227,1.1649153347048584,0.5995660497766426,2.537697332607513,0.4300568540745419,0.44992377274113216,0.9965184364614649
220,spring-sweep-33,run_2d095052e0994a9ffe749128a650b206,0.5839183330535889,0.8578685386088067,2.7157049537289066,1.1731522425773853,0.47292407765016775,1.1852191802500396,0.6841352903637528,2.631654872074034,0.34813644977890196,0.47292407765016625,1.0385187529672422
221,restful-sweep-34,run_cf162d2676b28d71f49473e34366180d,0.5880025625228882,0.8786726228462028,2.6669842133914,1.2575489576753003,0.5540095538164448,1.2351163158727647,0.6715507338864081,2.5151061513336965,0.39695514845230634,0.5540095538164436,1.0695521443266334
222,worldly-sweep-35,run_9a5abadf9e96beb5eb9143e82e7f3a9e,0.6035736799240112,0.8160306317804723,2.2723189983669037,1.3441440303221732,0.6012806179489786,1.0732631745529355,0.5559157626037009,2.0138541099618954,0.32547062539482047,0.6012806179489779,0.6888669093210945
223,super-sweep-36,run_f578a732da841e8ae7c7c6c84b422aed,0.5698787569999695,0.9116528398213147,2.7327436037016883,1.2091092861655088,0.5505945726191686,1.2487814527615129,0.6906445437141033,2.5934948285247708,0.36145293746051793,0.5505945726191693,1.085211267605634
224,smart-sweep-37,run_744746f53d90a8a72ad30b95e981739c,0.5885130763053894,0.8623101467772815,2.4314371257485035,1.311825647504738,0.49660534607175527,1.0933533786991614,0.6770389278876845,2.252776265650519,0.4455716993051169,0.49660534607175555,0.8270295932900775
225,curious-sweep-38,run_625121b3fc3cf22e720966ea9321c2ed,0.43178045749664307,1.5589278876834718,4.04047359825803,1.9017687934301963,0.0,1.752373793321728,1.5589278876834727,4.04047359825803,1.9017687934301963,7.420293332589724e-17,1.752373793321728
226,vivid-sweep-39,run_f021d872e2b1b36039f6498999759da7,0.43178045749664307,1.5589278876834718,4.04047359825803,1.9017687934301963,0.0,1.752373793321728,1.5589278876834727,4.04047359825803,1.9017687934301963,7.420293332589724e-17,1.752373793321728
227,gallant-sweep-40,run_55d62acd3133c8fa4f05b5acb2b63851,0.6338226199150085,0.769929802169751,2.6622482308111057,1.294491471888819,0.3513263543042992,1.1826713087513847,0.5665347798340772,2.5198421339139916,0.35700568540745603,0.35132635430429915,0.9823548029751544
228,denim-sweep-41,run_3a32a2254122011b780a8f5d9b59ad6f,0.527121901512146,0.9900191448627952,2.432961350027219,1.3226405559065066,0.573940441101738,1.24557683177718,0.6476068921506068,2.2157593903102892,0.35425142135186327,0.5739404411017386,0.981072954581422
229,lunar-sweep-42,run_654aa784c3bedbc5ce5ccee13f599eda,0.6163369417190552,0.8082195277600511,2.3717746325530764,1.2617182564750475,0.8762984043093812,1.2680883051115683,0.5286024250159541,2.12550353837779,0.4668224889450402,0.8762984043093821,0.8742443424592493
230,misty-sweep-43,run_0fc0d36497ddaaec16b6da0a51641f6a,0.6288449168205261,0.7738098276962349,2.5330702231899846,1.2820846493998737,0.6633905884744385,1.2984886849184998,0.5323803446075314,2.3271910724006535,0.49355653821857265,0.6633905884744381,0.9696708339927196
231,fiery-sweep-44,run_1f40783386bd8cbed6803eac9e88eb02,0.6978940367698669,0.6127632418634333,2.5905008165487216,1.2941124447252055,0.5068706169326151,1.1895869599620192,0.44811742182514314,2.3681818181818195,0.6424384080859123,0.506870616932616,0.8879411299256204
232,solar-sweep-45,run_2906f92f4bfabc012f13ee6647c784ed,0.463560938835144,1.297996171027441,3.284893848666305,1.7516487681617186,0.38469356641935154,1.6362161734451655,1.0078111040204207,3.203238976592272,0.7707517372078337,0.3846935664193525,1.4373714195284055
233,zesty-sweep-46,run_6bf82a0714bc3628199afd8f3f6cece2,0.43178045749664307,1.5589278876834718,4.04047359825803,1.9017687934301963,0.0,1.752373793321728,1.5589278876834727,4.04047359825803,1.9017687934301963,7.420293332589724e-17,1.752373793321728
234,azure-sweep-47,run_4cb1701b21c3e47418644d2e15b9955a,0.574984073638916,0.875201021059349,2.6840228633641807,1.16923562855338,0.48604532980994003,1.1955926570659916,0.7358774728781106,2.600843767011433,0.35180037902716477,0.48604532980993936,1.0858601044469058
235,sweet-sweep-48,run_99827edb0edc2793a71376e1fa795d85,0.5600510239601135,0.90680280791321,2.32103973870441,1.3677700568540747,0.7485110275434496,1.23407975945561,0.5636758136566679,2.067583015786609,0.3494251421351862,0.7485110275434496,0.8883921506567491
236,summer-sweep-49,run_0d1f9a0c6c3863c7c029706822815f87,0.5961710214614868,0.8572048500319082,2.1746597713663594,1.4993935565382186,0.6918690923874378,1.1376246241493906,0.45843012125079724,1.9528851388132829,0.27564118761844614,0.6918690923874382,0.7973017882576351
237,stoic-sweep-50,run_5b0ea95e041ac389391091c6b88fa8a8,0.5894064903259277,0.833694958519464,2.226156777354383,1.2662160454832598,0.7008842362028661,1.060666244658965,0.5823101467772818,1.9634458356015252,0.30588755527479466,0.7008842362028677,0.7244263332805819
238,pious-sweep-51,run_ce6ed88217cdf5b2291d0d33c94d91a2,0.5703892707824707,0.9217613273771538,2.778960261295591,1.2290966519267217,0.39331232848866754,1.1893179300522236,0.7601276324186346,2.703293413173653,0.4426405559065067,0.3933123284886671,1.0646146542174393
239,absurd-sweep-52,run_3b04a50e69b760109ce5a4a99cfec242,0.43178045749664307,1.5589278876834718,4.04047359825803,1.9017687934301963,0.0,1.752373793321728,1.5589278876834727,4.04047359825803,1.9017687934301963,7.420293332589724e-17,1.752373793321728
240,light-sweep-53,run_7f7bdec4add490ca0bcad4bf87f2386c,0.5830248594284058,0.8710657306955967,2.239602612955907,1.3060897030953886,0.8240878138022157,1.1510049058395317,0.5594384173580093,2.0044365813826905,0.31900189513581867,0.8240878138022151,0.8657857255894921
241,mild-sweep-54,run_82f12195f19b9d127837ed07c45ad32f,0.637779176235199,0.7439438417358011,2.497740881872619,1.2562602653190147,0.42927126740522414,1.255087830352904,0.547747287811103,2.2100979858464895,0.5426784586228685,0.4292712674052234,0.9120746953631907
242,quiet-sweep-55,run_8fbf654b13b7293e92d37f28fb96377a,0.5931078791618347,0.8379068283343969,2.533342406096898,1.2555780164245105,0.3345055391808111,1.2498259218230734,0.6105679642629238,2.3053620032661963,0.45110549589387205,0.33450553918080994,1.0294904257002688
243,splendid-sweep-56,run_a9f9d1b372171f603b4096da73325a8a,0.5691129565238953,0.9178302488832164,2.3987207403375077,1.398319646241314,0.6308567943896738,1.1869757873081184,0.559234205488195,2.2409635274904742,0.3277700568540747,0.6308567943896742,0.905111568286122
244,deft-sweep-57,run_97eed736a0a68865a02d58fb727428a7,0.6025526523590088,0.8547287811104022,2.8532661948829627,1.281983575489577,0.3502591726801504,1.2670517486944137,0.7301595405232927,2.704327708219925,0.5388629185091596,0.35025917268015094,1.155847444215857
245,glad-sweep-58,run_5e197610517e3abd3a99fddc5e602e00,0.4293554425239563,1.4818379068283345,3.9528307022319007,1.7744156664560964,0.1541823356032117,1.6965896502611173,1.4818379068283358,3.941943385955362,1.7259001895135824,0.15418233560321198,1.6965896502611166
246,sleek-sweep-59,run_a4510b8ff412c3f5422689bd34d862d0,0.6034460663795471,0.8088321633694958,1.9915895481763755,1.3201642451042328,0.6701189145238338,1.0607691090362399,0.5114996809189531,1.704491017964074,0.2777132027795337,0.6701189145238311,0.6995410666244658
247,magic-sweep-60,run_66aa2d4c7bb7b481255dbb9ca1a0b184,0.7544352412223816,0.4974345883854499,2.7069951007076765,1.3171572962728997,0.3183555239353593,1.309685076752651,0.3703637523931073,2.501551442569407,0.8342008843967157,0.31835552393536,1.0633169805348948
248,prime-sweep-61,run_2486cc184b07e44e91619df430ea336f,0.5512444376945496,0.9130567964262923,2.4750952640174204,1.2155780164245107,0.632147575973168,1.1265073587592975,0.6901595405232926,2.262901469787698,0.38363866077068975,0.6321475759731684,0.8099382813736344
249,golden-sweep-62,run_ca24218f06904cae5f09622064b712db,0.5763880014419556,0.8885258455647735,2.3558247142079485,1.262223626026532,0.7210387234475049,1.1514163633486312,0.5426930440331844,2.17204681545999,0.3193556538218572,0.721038723447504,0.8862319987339773
250,trim-sweep-63,run_75c5872a96eed77ec5d0218ff8f96d31,0.6654754281044006,0.684798978940651,2.5908818726184006,1.3060644346178147,0.35316597215164147,1.199833834467479,0.49942565411614614,2.320114316820904,0.5905369551484527,0.35316597215164186,0.8561402120588696
251,misty-sweep-64,run_58d79ff33a4ee9bd6bcb63e4e96602d2,0.5414167046546936,0.9604594767070836,2.1905552531301042,1.3630448515476943,0.88987702002236,1.1450229466687767,0.5960433950223354,1.948203592814372,0.35826910928616523,0.8898770200223596,0.7733502136413992
252,lively-sweep-65,run_33f7c24c9fd83102d9d6bfb7b7445dc3,0.43178045749664307,1.5589278876834718,4.04047359825803,1.9017687934301963,0.0,1.752373793321728,1.5589278876834727,4.04047359825803,1.9017687934301963,7.420293332589724e-17,1.752373793321728
253,radiant-sweep-66,run_36d781e09dd22102be00524466fca135,0.5841735601425171,0.8920995532865348,2.6997005988023965,1.2053948199620976,0.4288342311210489,1.187782877037506,0.7085130823229099,2.612166575939032,0.32883133291219396,0.42883423112104974,1.0496755815793635
254,absurd-sweep-67,run_e9ebd2152c4ea2c3cdb511eea675443f,0.5286535024642944,0.9493044033184429,2.5096080566140455,1.3852053063802907,0.5638682792966766,1.1709764203196709,0.6743331206126364,2.344229722373436,0.456588755527479,0.5638682792966778,0.7334230099699317
255,solar-sweep-68,run_4b4f00713c470e00fb2bb2050cb4e569,0.5951499938964844,0.831218889597958,2.2865269461077853,1.199077700568541,0.8058644171155604,1.1161576198765628,0.5473133375877484,2.054735982580294,0.3197599494630456,0.8058644171155599,0.8809938281373644
256,dashing-sweep-69,run_ed575dd8df97499029160784394d382a,0.5826420187950134,0.8741544352265476,2.101932498639086,1.3730511686670879,0.7217095233255412,1.1228042411774015,0.5544607530312706,1.822781709308656,0.30280480101073864,0.7217095233255423,0.718927045418579
257,ethereal-sweep-70,run_5303e0096d5d6ebade7cb0dfb26495e0,0.43178045749664307,1.5589278876834718,4.04047359825803,1.9017687934301963,0.0,1.752373793321728,1.5589278876834727,4.04047359825803,1.9017687934301963,7.420293332589724e-17,1.752373793321728
258,elated-sweep-71,run_166ec90b35da4a2c4d286585c74ab95a,0.7705169320106506,0.46274409700063823,2.638840500816549,1.3247378395451677,0.2888708202053054,1.3283035290394052,0.328066368857689,2.398666303756125,0.8753126974099804,0.28887082020530574,1.0759376483620826
259,vague-sweep-72,run_8403a4ea33180d4737add1cf5f7c3043,0.6756860017776489,0.6887811104020422,2.758764289602614,1.389349336702464,0.46914320561032624,1.3234372527298626,0.5192852584556478,2.5963255307566704,0.6419835754895759,0.4691432056103265,1.0739990504826715
260,usual-sweep-73,run_1bec2484add6daac6591dbd2579f72a4,0.5252074003219604,0.9790172303765157,2.1322536744692444,1.3476058117498422,0.8349120845614393,1.123476815951891,0.6252712188895975,1.832416984213392,0.2812760581174983,0.8349120845614398,0.7368017091311918
261,clean-sweep-74,run_e535acbeba13563954ca9dfcee478bac,0.5578812956809998,0.8947543075941289,1.861812738160044,1.4365761212886925,0.7127451976826914,1.0525953473650895,0.5266113592852584,1.5546815459989116,0.1997346809854709,0.7127451976826917,0.7364852033549616
262,sparkling-sweep-75,run_2a79304d340c52c0040357564455830e,0.5659221410751343,0.9048627951499683,2.165187806205771,1.3368414403032218,0.8380018294542129,1.1612755182782086,0.5268155711550726,1.9389493739793142,0.30242577384712693,0.8380018294542142,0.8465896502611174
263,legendary-sweep-76,run_8862d73a32e1b87d50b4db46c04927b4,0.58379065990448,0.8473261008296109,2.578361458900382,1.246001263423879,0.4500762272588678,1.2893654059186581,0.6142182514358645,2.369324986390855,0.4585091598231207,0.45007622725886753,1.0310492166482033
264,avid-sweep-77,run_661b1b7774b1255791cdfac77a7cf520,0.5920867919921875,0.8949840459476708,2.5170658682634737,1.3201895135818071,0.629515194633601,1.2481721791422693,0.6671857051691126,2.365405552531303,0.4356159191408714,0.6295151946335995,1.0131033391359394
265,fearless-sweep-78,run_3f1e5a466b4a26863953da7dee936f96,0.6125079989433289,0.786037013401404,2.684022863364181,1.2242956411876187,0.609269234678321,1.2655325209685078,0.5937204850031913,2.515922700054438,0.5460138976626655,0.6092692346783215,1.010492166482038
266,northern-sweep-79,run_0e556845137cd6f6376511fa213cbcd4,0.6870453357696533,0.6658583280153159,2.6905552531301042,1.2621730890713838,0.5995934546193719,1.2955926570659915,0.5174984045947668,2.544120849210671,0.6605811749842065,0.599593454619372,1.048195917075487
267,driven-sweep-80,run_05ffe4019714a13faf19c345288d4ffa,0.5657945275306702,0.8754052329291641,2.0471692977681006,1.2863802905874921,0.8245350137209067,1.1252571609431872,0.5487683471601784,1.7564779531845403,0.2726847757422614,0.8245350137209055,0.8419370153505302
268,stellar-sweep-81,run_df53c7efc9fbc6982bb1cd12669edd70,0.762093186378479,0.47361837906828336,2.339221556886228,1.267580543272268,0.5887793474946641,1.181705966133882,0.3021825143586478,2.0792324442025043,0.7046493998736584,0.5887793474946629,0.8779078968191171
269,treasured-sweep-82,run_a071eaf7884ff4cf13224324331cae9b,0.5978302359580994,0.8191959157626036,2.4169025585193262,1.213809222994315,0.658888098383982,1.164994461148916,0.6158519463943845,2.2049265106151346,0.39025900189513496,0.6588880983839825,0.9735875929735724
270,distinctive-sweep-83,run_6148cc7a5e9d9635da8c7213ea9552c0,0.6418634057044983,0.7483599234205489,2.5007348938486675,1.2144156664560963,0.5245350137209066,1.1648441209052065,0.5185194639438424,2.3639902014153513,0.35622236260265294,0.5245350137209059,0.9322282006646622
271,deft-sweep-84,run_2d249feb9fa330b879c3202ec693ea26,0.5917038917541504,0.8264454371410339,2.651469787697333,1.2071636133922932,0.5357861571297896,1.1743234689033075,0.6509763880025521,2.503728905824715,0.4013518635502212,0.5357861571297898,1.0209922456084823
272,leafy-sweep-85,run_7e4066ed1a0f3bed8ed57e1d679a98d6,0.6017868518829346,0.8446458200382897,2.835628742514971,1.246683512318383,0.3510417725378595,1.2279791106187687,0.6736183790682837,2.731001633097442,0.38411876184459903,0.3510417725378604,1.0893337553410347
273,pretty-sweep-86,run_9c73836fe78dc3c6e285e63ea35b387e,0.6437779068946838,0.7368219527760052,2.438568317909636,1.2896651926721416,0.734098993800183,1.2709368570976423,0.47507338864071486,2.203293413173654,0.49514845230574844,0.7340989938001833,0.924062351637918
274,polished-sweep-87,run_b2c313b7caa95652d47bb7e762f8e02c,0.5310785174369812,0.9528015315890237,2.009227000544367,1.3655464308275427,0.8060168716332962,1.097428390568128,0.5752648372686677,1.6999183451279265,0.2476437144662038,0.8060168716332962,0.7397768634277575
275,dainty-sweep-88,run_181be64aa437d79ccfb5b10a722b9d56,0.5979579091072083,0.8328270580727506,2.446080566140447,1.2815034744156668,0.5256631771521496,1.0967083399272037,0.6635354179961709,2.2742787152966804,0.44782059380922246,0.5256631771521488,0.8498180091786677
276,pleasant-sweep-89,run_7410178237b0f242c57ed28507b506f3,0.5982131361961365,0.8182514358647096,2.06192161132281,1.205445356917246,0.8031202357963209,1.0920557050166166,0.5509891512444164,1.772536744692434,0.3534175615919138,0.80312023579632,0.7390568127868333
277,driven-sweep-90,run_65d60bfabcd55624bc0d8f7752a7e624,0.5943841934204102,0.8372941927249522,2.836336418072946,1.210018951358181,0.4036487447911373,1.24604367779712,0.7064454371410342,2.7192977681001644,0.45739734680985566,0.40364874479113844,1.1182228200664668
278,dauntless-sweep-91,run_37fa79a9793b2b0cdfa523df91fae1f8,0.43178045749664307,1.5589278876834718,4.04047359825803,1.9017687934301963,0.0,1.752373793321728,1.5589278876834727,4.04047359825803,1.9017687934301963,7.420293332589724e-17,1.752373793321728
279,skilled-sweep-92,run_d6a5a6ee1a24b429f9c793d6ec0fae6b,0.5701340436935425,0.9082833439693682,2.5926238432226465,1.2781680353758689,0.5028356540298812,1.175003956322203,0.7108615188257813,2.5004082743603715,0.3539229311433996,0.5028356540298802,0.9958616869757883
280,stellar-sweep-93,run_cadecc4ec58bbec2286b2e96f04b49d5,0.6061263680458069,0.812865347798341,2.1945291235710407,1.3106632975363237,0.6688891147474337,1.0991612596929894,0.5301850670070195,1.9249591725639639,0.3229437776373977,0.6688891147474342,0.7399113783826559
281,eternal-sweep-94,run_14b2e6801b195443f72daf8f1fa35f28,0.5636247396469116,0.9051691129546905,2.6747686445291246,1.2255843335439045,0.4987092184165058,1.2061876879253048,0.6826292278238678,2.5695971692977695,0.3596083385976009,0.49870921841650584,1.047096059503086
282,fresh-sweep-95,run_0553858b6ac9bbea9dcb5f8e935c0bf8,0.7333759069442749,0.5353669432035738,2.4943113772455097,1.2690461149715735,0.37663380424839926,1.2224165216015193,0.3995149968091888,2.2206042460533486,0.7103095388502859,0.3766338042483996,0.9007833517961703
283,northern-sweep-96,run_dcad49d11a9ad0232db2a053e543af1d,0.6192724704742432,0.7719463943841737,2.505307566684812,1.1897536323436515,0.4768472405732291,1.0697657857255896,0.628844926611359,2.308356015242244,0.4257359444093494,0.47684724057322825,0.8258189586959963
284,stilted-sweep-97,run_b48f47c23b6c995497e565b777c97bcb,0.43178045749664307,1.5589278876834718,4.04047359825803,1.9017687934301963,0.0,1.752373793321728,1.5589278876834727,4.04047359825803,1.9017687934301963,7.420293332589724e-17,1.752373793321728
285,toasty-sweep-98,run_c26f28a4e949de6548b8c02ec1ab89e8,0.571793258190155,0.9074920229738354,2.779450190528036,1.2276310802274164,0.4547413355015754,1.2159123278999842,0.7266624122527119,2.6932226456178556,0.3895767530006322,0.45474133550157414,1.0778841588859003
286,clean-sweep-99,run_641b1c4786a4417e72c3cc953b2cb876,0.6200382709503174,0.7911933631142312,2.4693794229722377,1.3250663297536325,0.48370769387132845,1.122954581421111,0.5921888959795789,2.2676374523679916,0.43498420720151526,0.4837076938713276,0.813775913910429
287,dry-sweep-100,run_db83cdf3f9c1e229c5bd6d3cbee762c8,0.5739629864692688,0.9015188257817486,2.5181545998911274,1.2850410612760583,0.5276044313446488,1.1697657857255894,0.6643267389917047,2.3995917256396297,0.308111181301326,0.5276044313446495,0.983359708814687
288,autumn-sweep-101,run_0499c71789841ee2bd9c4a382c21ad7f,0.5701340436935425,0.8522782386726229,2.4937125748502997,1.281983575489577,0.4850188027238541,1.090726380756449,0.63126994256541,2.288922155688623,0.48423246999368286,0.485018802723854,0.7699636018357339
289,crimson-sweep-102,run_4ac7e6fb78f4061c7aba389ed0dfcc2b,0.7729419469833374,0.4616209317166561,2.4891399020141542,1.2986102337334178,0.37733509502998275,1.1773619243551194,0.3451691129546897,2.26192161132281,0.764485154769426,0.3773350950299823,0.8175265073587594
290,zesty-sweep-103,run_2f7ebc46c04962564a70787e84f2bc54,0.5546904802322388,0.9285768985322274,2.4117855198693525,1.2795578016424511,0.6555645898973473,1.2029751542965659,0.5960689215060626,2.2430321175830166,0.3112697409981045,0.6555645898973466,0.9638075644880516
291,sweet-sweep-104,run_6ddfe849679412cecb5f29ef364e651b,0.5813656449317932,0.8745628589661775,2.000027218290692,1.304927353126974,0.871684114239252,1.1268634277575567,0.5337332482450551,1.7001905280348406,0.2907770056854086,0.8716841142392509,0.7972384871023892
292,fancy-sweep-105,run_e53e510bc17972406d053f6915f159fe,0.5174218416213989,1.085207402680281,2.5153238976592283,1.6739734680985472,0.5802215672324423,1.2945719259376482,0.7383535417996163,2.398938486663038,0.3203663929248266,0.5802215672324432,1.0043044785567332
293,dulcet-sweep-106,run_1a994117ff42909488b8e6230bf82b5c,0.7411614656448364,0.5274537332482451,2.5691072400653243,1.2674794693619713,0.5062303079581258,1.1846573824972306,0.41651563497128286,2.3490745781164963,0.7304232469993672,0.5062303079581244,0.8777575565754071
294,logical-sweep-107,run_53501badc3d50f4d7de3d483837e7a99,0.7717932462692261,0.46077855775366955,2.478252585737617,1.300732785849653,0.4474641731883322,1.208885899667669,0.3352903637523931,2.2276265650517173,0.8857233101705625,0.4474641731883314,0.8755420161417947
295,colorful-sweep-108,run_d2390348850a58a252d34ccc9cdb456c,0.5560944676399231,0.9135928525845565,2.8921339139902025,1.2779911560328494,0.4316597215164143,1.248251305586327,0.733886407147415,2.7619216113228107,0.4701579279848394,0.4316597215164144,1.0469694571925936
296,trim-sweep-109,run_700393efaf0c49739d8f5227fcab45e2,0.6015315651893616,0.8186088066368858,2.717283614589005,1.2069614655716996,0.3887996747636955,1.2013055863269506,0.6627440970006384,2.5910996189439315,0.4589639924194562,0.38879967476369515,1.0456163949992083
297,laced-sweep-110,run_4e472a61dff57d48a552089f19ec0a7c,0.581110417842865,0.8535035098915126,2.1424333151878066,1.284788376500316,0.629444049191991,1.1063459408134197,0.595022335673262,1.8415078933043005,0.31642451042324804,0.6294440491919908,0.7126285804715944
298,blooming-sweep-111,run_d6c57689bd21f76c3bd50a6795ad0191,0.584045946598053,0.8521250797702618,2.6619216113228092,1.3366392924826282,0.3470677914422198,1.1925937648362082,0.6390810465858328,2.45484485574306,0.4807959570435881,0.34706779144221944,0.9103180883051114
299,dandy-sweep-112,run_35d636f01883402d79e294d91e66eb99,0.5922144055366516,0.8605743458838545,2.7000816548720756,1.2885028427037273,0.5207338144120337,1.261861053964235,0.6610082961072112,2.5764017419706056,0.36120025268477607,0.5207338144120353,1.081832568444374
300,still-sweep-113,run_f86f916b4e2d8dfb3af0c460255c9b47,0.43178045749664307,1.5589278876834718,4.04047359825803,1.9017687934301963,0.0,1.752373793321728,1.5589278876834727,4.04047359825803,1.9017687934301963,7.420293332589724e-17,1.752373793321728
301,divine-sweep-114,run_0f7ac556f0b968062bd019d34a0e8fa0,0.571282684803009,0.9198978940650927,2.7969243331518796,1.3216045483259635,0.4290679947149101,1.2706994777654694,0.700216975111678,2.7075394665215042,0.4232090966519269,0.4290679947149108,1.132038297198924
302,distinctive-sweep-115,run_bc69a1fe03d25d88657972504b1fac21,0.564773440361023,0.9097128270580728,2.5778715296679375,1.2336955148452307,0.5986482366094116,1.1782718784617818,0.6616975111678371,2.4551714752313556,0.3387365761212894,0.5986482366094112,0.9749327425225512
303,grateful-sweep-116,run_282627d764ab5301cb3e652464ca0b59,0.6215698719024658,0.7739629865985962,2.585982580293959,1.110031585596968,0.48856591116983433,1.1443266339610698,0.6270835992342046,2.4777626565051722,0.34629185091598336,0.4885659111698346,1.0144010128184842
304,genial-sweep-117,run_1b70e8c9f3f136ac682d5bac5a8af19c,0.6553924679756165,0.6957243139757499,2.414071856287426,1.2331143398610236,0.7226039231629231,1.2496201930685236,0.4622590938098275,2.1796679368535674,0.5142514213518644,0.7226039231629229,0.9415334704858359
305,lunar-sweep-118,run_5fedfeaf63db00c5978cd739cee96c43,0.5471602082252502,0.955047862156988,2.6347033206314654,1.4002147820593815,0.4275536131720704,1.106306377591391,0.744148053605615,2.4867446924333154,0.6490082122552125,0.42755361317206914,0.8159598037664185
306,serene-sweep-119,run_03b8eaf34a8a238fe086df41fe60660d,0.6445437073707581,0.6984045947670708,2.4290963527490477,1.223992419456728,0.7876715113324525,1.3167035923405601,0.49577536694320296,2.171502449646162,0.6291977258370184,0.7876715113324526,0.9467083399272037
307,lively-sweep-120,run_72fdb6c55ae8d7998903b1281945cc74,0.6271857023239136,0.78892150606254,2.7488568317909645,1.2073657612128872,0.40266287224311414,1.210167748061402,0.6411231652839817,2.641725639629832,0.3811118130132664,0.4026628722431128,1.0720288020256372
308,chocolate-sweep-121,run_0d2385939927118213c4c8782cf2ffeb,0.529802143573761,0.9829993618379069,2.183043004899293,1.3564750473783955,0.9636141884337839,1.1860420952682387,0.6166943203573705,1.938731627653785,0.4033228048010102,0.9636141884337832,0.827172020889382
309,azure-sweep-122,run_1dd4a5e7de175a764bd75606d5406669,0.5610721111297607,0.9252329291640078,2.8521774632553085,1.1153885028427042,0.3880882203475964,1.2292134831460675,0.8165411614550103,2.791426238432227,0.5071004421983583,0.3880882203475959,1.1496122804241182
310,eager-sweep-123,run_fcdbd0413de8c3b936eba7dc7dddc8b8,0.7611997723579407,0.47703892788768354,2.4169025585193262,1.3082627921667722,0.4359386116475251,1.2035132141161575,0.3416464582003823,2.1556069678824175,0.8318761844598873,0.43593861164752623,0.8690932109510999
311,earthy-sweep-124,run_aa5299189f752fd87ccedb57d52af49f,0.5734524726867676,0.8892661135928527,2.5787969515514435,1.2613644977890086,0.6132432157739608,1.1906393416679855,0.6254243777919595,2.444991834512794,0.3605685407454212,0.6132432157739598,0.9896265231840481
312,rosy-sweep-125,run_88fd6c5a52155f04ce24360a449629c9,0.7708998322486877,0.46879387364390557,2.683043004899293,1.3360833859759953,0.3029779449131009,1.2716331698053491,0.3379451180599874,2.4912084921066957,0.8386481364497798,0.3029779449131016,1.0027615128976108
313,faithful-sweep-126,run_5980ca5557545d555eace5f2333ef298,0.6098276972770691,0.7977791959157626,2.613364180729451,1.20857864813645,0.47251753226953963,1.1880677322361133,0.6406892150606268,2.439167120304846,0.4495388502842712,0.4725175322695406,1.0239120113942075
314,comfy-sweep-127,run_088b864695afbab129429626806c3529,0.5777919888496399,0.8779323548181239,2.7379695155144264,1.1802021478205942,0.40878138022156724,1.1797831935432823,0.7465730695596678,2.6623026673924883,0.39627289955780176,0.40878138022156757,1.0694492799493605
315,fancy-sweep-128,run_25ac29bd0e219224394f9f8c11b15e23,0.48627951741218567,1.0767070835992343,2.4486935220468165,1.5299684144030326,0.4842158755971136,1.2521838898559898,0.7538481174218257,2.321203048448559,0.350966519267215,0.4842158755971135,0.9532441842063617
316,gallant-sweep-129,run_6b30381d2ad96b58b455b9fd9e505dbc,0.5774090886116028,0.8349712827058072,2.106886227544911,1.1907896399241948,0.7249517227360506,1.07965659123279,0.54167198468411,1.8495100707675567,0.2742008843967151,0.7249517227360509,0.7250909954106669
317,olive-sweep-130,run_298f3fce0fcd0541fbb7fa08d8e2e007,0.5480536222457886,0.8248883216336951,2.6684540010887323,1.1252937460518007,0.66326862486025,1.141185314131983,0.6447734524569235,2.53236254763201,0.48850284270372757,0.6632686248602486,0.9865405918658013
318,skilled-sweep-131,run_ef62674ab50befe50a790506a3f6c008,0.6162093281745911,0.800587109125718,2.752068590092543,1.276475047378396,0.41159670698241696,1.2562984649469853,0.5841225271218891,2.618372346216658,0.42808591282375347,0.4115967069824183,1.0502532046209854
319,snowy-sweep-132,run_06f42425619db8d6553a5c513dc4ca7d,0.5931078791618347,0.8429100191448629,2.6216385410996197,1.3247125710675935,0.488748856591117,1.2066466213008387,0.6479897894065088,2.4903375068045737,0.39647504737839695,0.4887488565911157,1.0270295932900777
320,jolly-sweep-133,run_c43c641242be5ea156bb7c4e5b20a9c7,0.5670708417892456,0.9030504148053605,2.221203048448558,1.4475679090334808,0.7185486329911578,1.2287070739040988,0.5488959795788131,1.9378062057702783,0.3133164876816165,0.7185486329911587,0.8866751068206993
321,fast-sweep-134,run_85da24bf173ff64b990981fef29b9657,0.5906828045845032,0.8527632418634333,2.763173652694612,1.3152621604548327,0.4396788291493038,1.2004589333755342,0.687606892150606,2.6292596624931956,0.3988250157927981,0.4396788291493046,1.0251463839215056
322,icy-sweep-135,run_6bca03331c1ddbc056bef4f0beeb4306,0.5626037120819092,0.8955966815571155,2.42691888949374,1.3177637397346813,0.48040451265372497,1.018555151131508,0.6796936821952769,2.265133369624388,0.45034744156664624,0.4804045126537255,0.722669726222504
323,resilient-sweep-136,run_66ef2e0ed7b0970e99c618dfbc6dbfa2,0.5831525325775146,0.9004211869814933,2.561812738160045,1.3574352495262163,0.5473015550360809,1.2067178351004906,0.6373962986598605,2.451633097441483,0.34927353126974114,0.547301555036082,0.9976024687450541
324,vocal-sweep-137,run_027a3ada69519779a76b808b6c8f5143,0.634843647480011,0.7592597319719209,2.676891671203049,1.2535312697409984,0.38168513060270354,1.17840639341668,0.5709763880025533,2.5365541643984777,0.34566013897662584,0.381685130602703,1.0086168697578732
325,clean-sweep-138,run_caf3a8f7709d8c9bfd36df7191713514,0.5483088493347168,0.9516273133375879,2.5307838867719115,1.2728616550852814,0.51771521496087,1.111133090678905,0.7563497128270588,2.3544093630919996,0.4297536323436528,0.5177152149608699,0.8129371736034192
326,jolly-sweep-139,run_9d1d8003c8ff2944c0f1e7b2a91930be,0.6113592982292175,0.817204850031908,2.601986935220469,1.3456348704990528,0.3974184368330115,1.1490425700269031,0.6542948308870448,2.4198421339139915,0.5388123815540112,0.39741843683301153,0.8754866276309535
327,rosy-sweep-140,run_e7c2f2a948f6b162cab155e8dd7e171f,0.5282706022262573,0.9757753669432037,2.078470332063147,1.3995578016424512,0.7776095131619067,1.1113942079442949,0.6047223994894707,1.7801578660860098,0.2753885028427046,0.7776095131619076,0.7244817217914228
328,polished-sweep-141,run_618cb8a55f614d8d1598bf96e72fd732,0.5656668543815613,0.8912571793235482,2.6498911268372365,1.2746304485154771,0.4287834129484704,1.2438123120746953,0.6741289087428204,2.4761295590636916,0.416411876184461,0.42878341294846956,1.0139025162209203
329,still-sweep-142,run_7bba2d262c755a217b23a458723a2e06,0.536183774471283,0.9407275047862156,2.13905824714208,1.349273531269741,0.8743673137513976,1.1350846652951416,0.5858583280153152,1.918263473053893,0.4238660770688567,0.8743673137513963,0.7880835575249243
330,grateful-sweep-143,run_07016aeab316d1dc05d54b4bb2f58ff4,0.5619655251502991,0.9178302488832164,2.6642079477408833,1.2466329753632346,0.492306128671613,1.171340401962336,0.7152520740268026,2.5360642351660316,0.3457864813644987,0.4923061286716115,1.009510998575724
331,olive-sweep-144,run_f4e2014d84f630097f0a6de86d107beb,0.6645820140838623,0.6862284620293555,2.676782798040284,1.2921415034744161,0.3786360402479927,1.3038297198923883,0.4744607530312708,2.4534839412084937,0.6356159191408719,0.37863604024799347,0.997040670992246
332,robust-sweep-145,run_e8b1fea66e64b1cd052f193f7a252ff6,0.6048500537872314,0.802680280791321,1.9847849755035394,1.3717624763108023,0.6555340989938002,1.0950941604684286,0.4816592214422464,1.704980947196517,0.2965887555274809,0.6555340989937999,0.7328058237062826
333,floral-sweep-146,run_4957d38d5f5a6af220382ab4dbfec87d,0.6103382110595703,0.7932099553286535,2.2415623298856837,1.2576500315855974,0.6195141782701493,1.0616869757873082,0.5713848117421834,2.0004082743603715,0.32142766898294395,0.6195141782701499,0.7327108719734133
334,leafy-sweep-147,run_9d6b2e1fd65c04d75a42ebe2e1017811,0.5922144055366516,0.8197574984045949,2.5998094719651608,1.2133543903979787,0.5605447708100417,1.205119480930527,0.6404084237396317,2.4492378878606433,0.40481364497789085,0.5605447708100411,1.0414859946194017
335,frosty-sweep-148,run_8f3d0cc2863d9aff75008bc3af0acd03,0.568602442741394,0.8896234843650288,2.0810288513881336,1.433038534428301,0.7469255005589999,1.1880360816584903,0.5298532227185707,1.798176374523681,0.31273531269740934,0.7469255005590009,0.8321728121538221
336,crisp-sweep-149,run_4c38848d82f963945a251db368e09a3c,0.6016592383384705,0.8202425015954052,2.0564235166031577,1.330018951358181,0.6999491818274215,1.0634831460674157,0.5225526483726864,1.7728089275993473,0.3334554643082761,0.699949181827421,0.6753995885424905
337,deep-sweep-150,run_04c9033678146a3cf072bb95db576ac8,0.5719208717346191,0.9067007019783027,2.206886227544911,1.3529121920404297,0.7733712775688586,1.1472463997467954,0.5303892788768347,1.9732444202504087,0.3062665824384081,0.7733712775688593,0.8441129925621148
338,dainty-sweep-151,run_5f87a45dc97d37670e9b3113b51b7001,0.5559667944908142,0.8978685386088067,2.1456995100707683,1.2776879343019585,0.8785242402683201,1.0817692672891281,0.553261008296108,1.9344855743059348,0.3002526847757425,0.8785242402683207,0.7847285962968821
339,dazzling-sweep-152,run_993a3bcf7ff6036cc01298544277653a,0.5511167645454407,0.9230121250797704,2.35059880239521,1.3090966519267213,0.7667649151336517,1.1617028010761197,0.5685513720485008,2.1596352749047365,0.33416298168035374,0.7667649151336521,0.8973888273460991
340,quiet-sweep-153,run_e0cd73c69f7f1dc2357dbcbe9a456f2d,0.600127637386322,0.8519974473516274,2.2852749047359837,1.3537713202779535,0.740664701697327,1.1528248140528565,0.49360561582642054,2.0847305389221558,0.324763108022742,0.7406647016973277,0.8833201455926569
341,warm-sweep-154,run_0efd35a8c26d971c4b65d9f556c524b0,0.5871091485023499,0.8605488194001277,2.591916167664672,1.3118003790271637,0.31443236101229805,1.2465817376167116,0.5800127632418637,2.4340500816548727,0.3278711307643709,0.3144323610122988,1.027876246241494
342,still-sweep-155,run_bb922f68652105d41d940cfe564f2ef3,0.606509268283844,0.8269814932992979,2.3881600435492656,1.393821857233102,0.5157739607683708,1.1333201455926571,0.5893809827696231,2.1549537289058263,0.41204042956411974,0.5157739607683708,0.7436065833201462
343,efficient-sweep-156,run_01eecce990ccedd2fbcb295a82027429,0.7383535504341125,0.5228334396936822,2.5626837234621673,1.2578269109286166,0.43254395771928034,1.1205887007437885,0.39780472239948794,2.365187806205772,0.6899431459254584,0.432543957719281,0.8459408134198447
344,solar-sweep-157,run_a63991cc92105fd1b21b1f13b5a38a0b,0.5518825650215149,0.9456030631780472,2.399265106151334,1.3476310802274163,0.7184165057424535,1.2121300838740308,0.5909891512444161,2.2192977681001635,0.3219835754895779,0.718416505742454,0.9718388985598989
345,amber-sweep-158,run_11c661f571cc20c9df581e481087f246,0.5710274577140808,0.917549457562221,2.7528307022319005,1.2520151610865449,0.47466205915235293,1.2236034182623832,0.6994001276324193,2.649074578116496,0.42472520530638075,0.4746620591523526,1.0691011235955055
346,genial-sweep-159,run_f09389514e619a168b5c99cd1092a977,0.5232928991317749,0.9741416719846842,1.955062602068591,1.3330006317119394,0.9722939323101941,1.1244184206361765,0.6004339502233562,1.6539194338595535,0.29183828174352533,0.9722939323101939,0.8000949517328693
347,avid-sweep-160,run_50741a084e89117bce97e6a3562dad3c,0.6185067296028137,0.8217230376515635,2.8295862819814923,1.3040682248894504,0.42509401361927024,1.2572242443424593,0.6587109125717924,2.700571584104521,0.43804169298799805,0.42509401361926963,1.1171071372052535
348,vocal-sweep-161,run_f9ce88ca5b6b8e5cc2684faec96cd8e5,0.5761327147483826,0.8463305679642631,2.499482852476865,1.2335944409349338,0.4952739099501982,1.1206994777654693,0.7170134014039568,2.3979041916167674,0.3278963992419473,0.4952739099501994,0.9776230416205096
349,peach-sweep-162,run_751bc90652875a4cdea3da193497efe2,0.5813656449317932,0.8828844926611359,2.508301578660861,1.3451800379027166,0.562689297692855,1.193622408608957,0.6176132737715382,2.2863091997822544,0.40951358180669756,0.5626892976928531,0.8022313657224245
350,distinctive-sweep-163,run_82c426594a83ac6906135d2765e3b20a,0.5693682432174683,0.9186726228462031,2.519134458356016,1.4841566645609603,0.4941559101534709,1.271902199715145,0.6456924058710914,2.3159771366358206,0.3973089071383449,0.4941559101534717,1.0327820857730656
351,graceful-sweep-164,run_c1629bf897f160e89f601ee689b5cd52,0.6299936175346375,0.7673771537970644,2.3545726728361465,1.230132659507265,0.6499237727411322,1.1337316031017566,0.511091257179324,2.1679640718562876,0.30914718888187015,0.6499237727411327,0.8864298148441214
352,young-sweep-165,run_c15e093fe9b21dfc9fef1431e7a86d45,0.615571141242981,0.8116400765794513,2.5717201959716944,1.407694251421352,0.38814920215469056,1.1419686659281532,0.5951754945756219,2.353102885138815,0.5019709412507903,0.38814920215469073,0.8235322044627327
353,misty-sweep-166,run_8c2fd57dfbfc8a4dcb8153b6fcec07ff,0.5606892108917236,0.9144352265475432,2.6921339139902027,1.2618951358180672,0.48809838398211197,1.2072875454977052,0.6746394384173574,2.561377245508983,0.33378395451674187,0.4880983839821105,1.028398480772274
354,comic-sweep-167,run_85fba7cddb0327511a9c0c48806fd007,0.5101467967033386,0.9727887683471601,2.226755579749592,1.3136702463676564,0.8236101229799776,1.1639341667985441,0.591576260370134,2.0160860097985855,0.3348704990524326,0.8236101229799782,0.826602310492166
355,golden-sweep-168,run_118e9c5fcc3c5eb34c80752977501126,0.764773428440094,0.48063816209317173,2.4992651061513347,1.325344283006949,0.5445472100823254,1.3054518119955691,0.3184939374601139,2.2565868263473057,0.8562602653190147,0.5445472100823244,0.9871894287070745
356,dazzling-sweep-169,run_9f484b0f5f87772d126370340d5ace25,0.4594767093658447,1.2498021697511168,3.156096897114862,1.508136449778901,0.5099095436528103,1.503663554359867,1.0175111678366306,3.0753130103429513,0.6494630448515483,0.5099095436528109,1.3447143535369515
357,deep-sweep-170,run_7e9f0bccb393d9d615db8b80d38efed8,0.5594128966331482,0.9390682833439694,2.2294774088187275,1.3873531269741,0.7734729139140157,1.150625098908055,0.5607657945118063,2.0293685356559616,0.3293114339861026,0.7734729139140174,0.8608482354802982
358,fallen-sweep-171,run_988e77391a4ac378e49a0de3783f12dc,0.5877472758293152,0.8883471601786854,2.6643168209036485,1.2423626026531904,0.4627604431344649,1.2047159360658333,0.7322271857051682,2.5694882961350025,0.42126342387871124,0.4627604431344652,1.0426016774806148
359,chocolate-sweep-172,run_6a64e61c7ef9c1cb947b6eba8b05eff4,0.43178045749664307,1.5589278876834718,4.04047359825803,1.9017687934301963,0.0,1.752373793321728,1.5589278876834727,4.04047359825803,1.9017687934301963,7.420293332589724e-17,1.752373793321728
360,legendary-sweep-173,run_fba5f9eeed3ce24d912076c36c800a98,0.6746649742126465,0.6823484365028718,2.7545726728361473,1.2500947567909035,0.6104888708202053,1.3156037347681597,0.5247479259731974,2.5400925421883507,0.6493114339861037,0.6104888708202056,1.0468270295932895
361,proud-sweep-174,run_617a2675d795441aad41a7ecd81a1094,0.5948947072029114,0.8388002552648373,2.510206859009255,1.1340871762476314,0.536456957007826,1.1200902041462257,0.6156477345245681,2.406995100707676,0.33481996209728415,0.5364569570078278,0.9523579680329167
362,atomic-sweep-175,run_6331107eefb56766fe6ce32d3f1e5cf7,0.5609444975852966,0.9097894065092534,2.690772999455635,1.186443461781428,0.4909137107429617,1.1851954423168225,0.7107849393746013,2.576238432226458,0.35594440934933774,0.490913710742961,1.0378936540591872
363,light-sweep-176,run_a08f66d6d3295c5750247d88d49e8c55,0.6186343431472778,0.7172686662412253,2.477272727272728,1.252242577384713,0.5590100619981706,1.2478794112992562,0.48931716656030694,2.246679368535657,0.5324952621604552,0.5590100619981689,0.9676610223136575
364,atomic-sweep-177,run_ca84b588a1508f4a2e95a7332d6c3699,0.5719208717346191,0.8856668793873644,2.1688350571584114,1.3226910928616553,0.8176339058847445,1.1801392625415414,0.5485641352903644,1.8637724550898211,0.3928111181301336,0.817633905884744,0.804605159044153
365,radiant-sweep-178,run_d1a4832fd93ec0d4e65e3fac3ef57c6a,0.5671984553337097,0.8587619655392469,2.646026129559065,1.122766898294378,0.5759223498323001,1.1816268396898244,0.6281557115507341,2.511023407729995,0.35561591914087204,0.5759223498322998,1.0183415097325532
366,leafy-sweep-179,run_87d060488ea018275746b7d20d354941,0.6019144654273987,0.8367836630504148,2.7321448013064793,1.3348452305748582,0.43886573838804754,1.2082212375375851,0.6634588385449907,2.6029123571039765,0.4054453569172469,0.43886573838804777,1.0382259851242281
367,polished-sweep-180,run_8926cbd4b765e684f927bbb7a9051d3b,0.5074664950370789,0.9723037651563498,2.0249591725639635,1.3363108022741632,0.8986279093403802,1.1457904731761357,0.5839438417358003,1.7658410451823638,0.3789387239418831,0.8986279093403796,0.7459645513530625
368,visionary-sweep-181,run_97d1f95adc1025d12c9c16b0be1e2053,0.5945118069648743,0.8608296107211232,2.908954817637454,1.2559570435881242,0.400274418131924,1.2373239436619718,0.7643395022335672,2.821094175285792,0.5758812381554007,0.40027441813192305,1.13407975945561
369,floral-sweep-182,run_ea7d7c56e1527a1462f8b0998d8e97aa,0.7088704705238342,0.5975494575622208,2.504926510615134,1.3186986734049277,0.5623742250228683,1.2106266814369364,0.4142693044033186,2.2022591181273823,0.6659380922299443,0.5623742250228674,0.8540512739357488
370,solar-sweep-183,run_92297382b9f3aef036b1ccf9f4c32b44,0.5670708417892456,0.9306190172303765,2.532253674469244,1.2930511686670878,0.6120439069011079,1.1871736034182623,0.6583024888321645,2.414017419706044,0.3616550852811118,0.6120439069011078,0.9824893179300522
371,woven-sweep-184,run_1ecdeebcf87625615484c8828caf43f1,0.5636247396469116,0.8947032546266752,2.2202231899836695,1.2488818698673407,0.8503404817562761,1.1785725589492009,0.5984428844926604,1.9203864997278175,0.3494504106127608,0.8503404817562762,0.8410982750435206
372,solar-sweep-185,run_5fe06a4e7bfb70dcf99b2c8ddaf89da2,0.6297383308410645,0.7536694320357371,2.51820903647251,1.1918761844598866,0.5520987905274927,1.1511315081500237,0.5910657306955965,2.2720468154599898,0.46932406822489026,0.5520987905274932,0.8461307168855828
373,royal-sweep-186,run_06cbbb83d2c18ec92644790de660744b,0.6887045502662659,0.6309891512444161,2.256477953184541,1.2491092861655086,0.7103973981095639,1.2530780186738408,0.41610721123165223,1.9912629286880796,0.6562855337965882,0.7103973981095646,0.9492008229150181
374,trim-sweep-187,run_1e4d836ee2ed14ffc8b2c5df21b136e1,0.6022973656654358,0.7972176132737716,2.216956995100708,1.2116866708780798,0.5505640817156215,1.119291027061244,0.570644543714104,1.9590364725095268,0.330423246999369,0.5505640817156229,0.8014875771482834
375,daily-sweep-188,run_3e923b471f1195897931cb5a02f817b9,0.6231014728546143,0.772431397574984,2.516412629286881,1.2768288060644348,0.5011586543347901,1.1441842063617662,0.6039566049776641,2.311622210125205,0.4468603916614026,0.5011586543347901,0.8800601360974835
376,earnest-sweep-189,run_c3b5bebc6ea4cafbccec85f18545d8a7,0.4944479763507843,1.0478111040204212,1.7411268372346225,1.3949842072015162,1.2357963207643052,1.1903465738249726,0.711269942565412,1.471992378878606,0.5733038534428292,1.2357963207643063,0.8763253679379654
377,soft-sweep-190,run_6490a94da9a16ba1d8ecf22c8f3f59b6,0.594001293182373,0.8480663688576899,2.6704681545998925,1.366203411244473,0.4946844191482875,1.2343567020098116,0.6344097000638163,2.528388677191072,0.4191661402400501,0.49468441914828787,1.0367463206203502
378,distinctive-sweep-191,run_713d9a82a64d6e461a7743de5606d9e5,0.6462029218673706,0.7367198468410977,2.5790691344583565,1.2176500315855971,0.423325541213538,1.1753600253204621,0.5736566687938734,2.4327436037016894,0.3698926089703093,0.42332554121353716,0.9990663079601199
379,good-sweep-192,run_19bf7b5379afdd93540267d791809945,0.5910657048225403,0.816464582003829,2.660288513881329,1.237056222362603,0.4961886370566114,1.1295458142111094,0.6987874920229739,2.4879422972237344,0.6788502842703733,0.4961886370566117,0.913910428865327
380,dutiful-sweep-193,run_5705e76bdd7d36e1a608da609dace8c1,0.6834716200828552,0.6558519463943843,2.583097441480675,1.2957548957675304,0.3984348002845817,1.219686659281532,0.47195915762603763,2.298611867174742,0.6086291850915992,0.3984348002845798,0.8821648995094156
381,glorious-sweep-194,run_8a8960d3e763fb9ce39dd4f9388640f7,0.6336949467658997,0.7518059987236759,2.4869080021774637,1.2448894504106132,0.6257139953247282,1.15291185314132,0.568832163369496,2.239548176374525,0.50202147820594,0.6257139953247282,0.8087592973571768
382,visionary-sweep-195,run_e84a2ea25d9fdcfca90510a6c198a4d5,0.47415444254875183,1.1307977026164644,2.397142079477409,1.5471762476310804,0.7563471897550564,1.3148836841272353,0.731767708998085,2.2257757212847045,0.3332785849652555,0.7563471897550569,0.9091074537110306
383,clean-sweep-196,run_c611c23528aecbb52f4e0d16911463d2,0.4948308765888214,1.1094830887045308,2.149891126837235,1.6616424510423249,0.9515906088017075,1.3044469061560373,0.6481174218251439,1.8925149700598811,0.5448768161718254,0.9515906088017072,0.9121379965184363
384,ethereal-sweep-197,run_f17de933d59c17239e09cb4fd1c5d971,0.43178045749664307,1.5589278876834718,4.04047359825803,1.9017687934301963,0.0,1.752373793321728,1.5589278876834727,4.04047359825803,1.9017687934301963,7.420293332589724e-17,1.752373793321728
385,golden-sweep-198,run_3f2134c471e8fa750b9fb2083b71bf32,0.6051052808761597,0.7549202297383536,2.73824169842134,1.1896525584333546,0.4483789002947454,1.1412407026428233,0.5774601148691763,2.56252041371802,0.5331522425773841,0.4483789002947444,0.8754075011868963
386,light-sweep-199,run_12a5feafcf0c8d3d1bbcb5af3b777fe2,0.5206126570701599,0.957141033822591,2.1822264561785523,1.3263802905874922,0.8211301961581461,1.170375059344833,0.5931844288449271,1.939330430048993,0.31591914087176454,0.8211301961581459,0.8357968032916603
387,glamorous-sweep-200,run_7c888d91a10b38fd98dab43f9d384a42,0.5881301760673523,0.8707594128908743,2.4869080021774645,1.2855969677826913,0.5263034861266389,1.1847523342300998,0.6112061263560947,2.3791235710397385,0.34118761844598955,0.5263034861266377,0.9784380439943038
388,efficient-sweep-201,run_7d4a8054b3aabb3f56db65ef33c8a22d,0.6005105376243591,0.8090619017230376,2.1618127381600445,1.2362728995578018,0.7489887183656875,1.0959487260642506,0.547262284620294,1.8802667392487764,0.36994314592545885,0.748988718365688,0.7527773381864223
389,stellar-sweep-202,run_8e733114c0371852b253e83da719c42f,0.6024250388145447,0.8152648372686663,2.596053347849756,1.1956917245735945,0.5256123589795711,1.1667906314290237,0.6697638800255277,2.4921883505715847,0.41363234365129553,0.5256123589795704,1.0186659281531896
390,soft-sweep-203,run_d8271420543295a4d67004fbe21ae83f,0.5957881212234497,0.8317804722399491,2.5858737071311926,1.2715476942514214,0.5353592844801301,1.1806931476499447,0.6441608168474793,2.454572672836147,0.3792924826279217,0.5353592844801305,1.005190694730178
391,confused-sweep-204,run_5f67ed62885fd6336ffb6d901507e5b8,0.5946394205093384,0.8503637523931078,2.6752041371801862,1.3440176879343022,0.3092590710438053,1.2759297357176769,0.6226675175494579,2.531056069678825,0.44663297536323454,0.3092590710438038,1.0678113625573666
392,lively-sweep-205,run_79c0d0514a78a16b56a7503147ded7e6,0.43178045749664307,1.5589278876834718,4.04047359825803,1.9017687934301963,0.0,1.752373793321728,1.5589278876834727,4.04047359825803,1.9017687934301963,7.420293332589724e-17,1.752373793321728
393,daily-sweep-206,run_b117c442c5096478712e80bc68b745b9,0.6082960963249207,0.8045437141033823,2.4215841045182374,1.2689703095388505,0.5201341599756073,1.0728121538218074,0.6296362476068927,2.225176918889496,0.3817687934301963,0.5201341599756077,0.7932584269662919
394,silver-sweep-207,run_68b0fef5e1895d4c9572a0cda58b2857,0.5984684228897095,0.7852201659221443,2.581464344039194,1.2518888186986736,0.5506250635227158,1.1586247824022788,0.5996426292278249,2.3967065868263475,0.5197346809854714,0.5506250635227178,0.8863823389776865
395,splendid-sweep-208,run_218bc61db06e107eb93786fbd5dfd137,0.5689853429794312,0.8716783663050415,2.3433043004899297,1.342981680353759,0.3740725683504421,1.1591707548662764,0.6150861518825776,2.1193522046815456,0.39078963992419524,0.37407256835044256,0.8261433771166322
396,hearty-sweep-209,run_67c8b480f4e95705905896f9f105ce84,0.6008934378623962,0.8130695596681559,2.1311649428415906,1.3184965255843337,0.7345665209879053,1.090623516379174,0.5153797064454364,1.8514697876973336,0.3441692987997472,0.7345665209879055,0.7047238487102387
397,helpful-sweep-210,run_a005fab6dfefae7e993cb99631f372c3,0.6116145253181458,0.8148564135290364,2.1852749047359836,1.2791029690461153,0.7722634414066472,1.1135860104446909,0.5009827696234852,1.9632825258573767,0.3022488945041063,0.7722634414066473,0.8015904415255577
398,fluent-sweep-211,run_b5d5c2e55e9620ced0296e37d8e0cb8a,0.6208040714263916,0.7764645820038291,2.475149700598803,1.2472141503474417,0.5183758512043907,1.1705728754549771,0.503688576898532,2.286254763200872,0.32966519267214234,0.5183758512043893,0.9197736983699949
399,avid-sweep-212,run_0a7abae62a4fe0ad44d9a53403f9c19b,0.5286535024642944,0.9797574984045948,2.272536744692434,1.4004674668351234,0.8381136294338857,1.1910507991770851,0.5444798978940658,2.0954001088731644,0.33727100442198354,0.8381136294338873,0.8525320462098445
400,northern-sweep-213,run_281c993e364eb049aabba68d4826e84a,0.6093171834945679,0.7947160178685386,2.1764017419706048,1.2537839545167404,0.5859843480028458,1.0883209368570976,0.5608423739629874,1.934921066956995,0.33211623499684206,0.5859843480028473,0.7250197816110133
401,devoted-sweep-214,run_0129f2135a27de17cb33467f118b66a3,0.49968090653419495,1.0485513720485002,2.307212847033207,1.4140619077700571,0.8036080902530746,1.2420557050166166,0.6264964901084871,2.11516058791508,0.3219330385344275,0.8036080902530762,0.8489080550720052
402,swift-sweep-215,run_a56f40fc26d4b45cb963665fec1aed78,0.5456286072731018,0.9277855775366944,2.4719379422972247,1.2891598231206574,0.5255208862689298,1.0393970564962811,0.7139246968730054,2.30645073489385,0.42518003790271697,0.5255208862689298,0.804011710713721
403,smart-sweep-216,run_bb688ee54881aebe3be6744220ebee5b,0.5479259490966797,0.9055009572431398,2.62670114316821,1.2541882501579282,0.5130399430836468,1.1436540591865803,0.6964901084875565,2.5264289602612955,0.3324447252053054,0.5130399430836463,0.9570580788099371
404,devout-sweep-217,run_4ccb17d0ab5ac5b67106afd91ed1c21b,0.7296745181083679,0.5634716017868538,2.779504627109418,1.3126342387871133,0.3253176135786157,1.2731998733976895,0.4900063816209312,2.6612683723462167,0.7431838281743526,0.3253176135786166,1.0804162050957429
405,easy-sweep-218,run_beae86e16c99b842232e9f5508c9405e,0.6199106574058533,0.8073261008296108,2.6118399564507357,1.1846241313960837,0.5249822136395974,1.1984728596296883,0.6368602425015962,2.489902014153513,0.3910170562223628,0.5249822136395965,1.0345228675423321
406,dry-sweep-219,run_78c91a2a79ad6257443c12704880f61e,0.5929802060127258,0.8231525207402681,2.684512792596626,1.1278458622867975,0.5569671714605143,1.1557841430606108,0.6809189534141679,2.5157593903102895,0.391320277953255,0.5569671714605147,1.01145750909954
407,eternal-sweep-220,run_756323b2310e65f44b4baac27f82e00a,0.6119974255561829,0.7869559668155712,2.5411812738160053,1.2639671509791537,0.5151539790629128,1.1741889539484096,0.5937204850031903,2.3546815459989117,0.4270246367656362,0.5151539790629126,0.9537426808039245
408,warm-sweep-221,run_7f82870344ace04aa640210feceb46f0,0.5253350138664246,1.0048500319081048,2.1764017419706048,1.5630448515476942,0.8196767964224007,1.1769662921348314,0.5340906190172303,1.9939303211758306,0.44961465571699216,0.8196767964224013,0.7960832410191492
409,noble-sweep-222,run_2aeafd274570392253de1ac4b0e0eb88,0.5155073404312134,0.9666368857689853,2.3177191072400665,1.2420341124447254,0.786563675170241,1.1900854565595822,0.6369878749202295,2.0771094175285807,0.3432596336070759,0.7865636751702405,0.8669805348947612
410,peach-sweep-223,run_1442e5042f10e4d067113e306fe9a4c4,0.5578812956809998,0.8387236758136567,2.22103973870441,1.2671257106759322,0.5409187925602195,1.0088779870232631,0.5708487555839175,2.024088187261841,0.3069235628553392,0.5409187925602198,0.6425383763253678
411,glamorous-sweep-224,run_3d92dc935731965af10d1215b7fc4571,0.43178045749664307,1.5589278876834718,4.04047359825803,1.9017687934301963,0.0,1.752373793321728,1.5589278876834727,4.04047359825803,1.9017687934301963,7.420293332589724e-17,1.752373793321728
412,swept-sweep-225,run_9134792dce7012e806aca1be59c37473,0.5231652855873108,0.9297000638162094,2.771611322808929,1.1162981680353763,0.4938916556560627,1.145149548979269,0.7931844288449268,2.6914806750136093,0.43238155401137224,0.4938916556560622,1.0345940813419845
413,legendary-sweep-226,run_ff4ed3d714420bf3b2d0b8f160585ace,0.5425654053688049,0.9844543714103383,2.580266739248776,1.329361970941251,0.6006606362435207,1.2418658015508783,0.6827313337587753,2.46213935764834,0.34083385975995006,0.6006606362435206,1.0339848077227407
414,icy-sweep-227,run_5423c889f6dbd7aec15adba4b5967629,0.7632418870925903,0.47800893426930446,2.5016603157321726,1.3490461149715733,0.3324524850086391,1.2300126602310493,0.34976388002552633,2.2317637452367998,0.8205559065066342,0.33245248500863994,0.8738328849501501
415,cool-sweep-228,run_c16c880bdbf059fa17ebe96efdf8bdde,0.5363114476203918,0.9331461391193364,2.7925694066412636,1.2041313960833864,0.46070738896229296,1.1816268396898244,0.7794256541161446,2.7226728361458905,0.4106001263423891,0.4607073889622923,1.0614495964551351
416,neat-sweep-229,run_bee8317b1b043d535f94507beafebf2c,0.5785577297210693,0.8881429483088705,2.6347033206314654,1.290145293746052,0.5030185994511637,1.1969852824814053,0.643037651563497,2.52506804572673,0.3353253316487699,0.5030185994511633,1.0117977528089883
417,crisp-sweep-230,run_a5c80334c8b9c2e6b7d6cddb0a7e7017,0.7372048497200012,0.5259731971920868,2.525013609145346,1.2603032217308912,0.4564081715621507,1.2384950150340241,0.38425015954052355,2.25685900925422,0.7455590650663299,0.4564081715621518,0.8763807564488054
418,glowing-sweep-231,run_0302912f6c819cba0868c8de53b5627e,0.6178685426712036,0.7965283982131461,2.495998911268373,1.3833859759949467,0.46509807907307654,1.1096771641082448,0.5846585832801524,2.301442569406642,0.43940619077700593,0.4650980790730775,0.7853695204937488
419,dulcet-sweep-232,run_2f269621374abf1b8a9f6e002df92852,0.5608168244361877,0.9049138481174219,2.4567501360914545,1.3151863550221103,0.44664091879256024,1.0163396106978952,0.7119846841097636,2.2930048992923253,0.5353253316487678,0.4466409187925603,0.7350134514954901
420,deep-sweep-233,run_d95630395421fe360ee40172b559fa98,0.49712827801704407,1.0594511805998723,2.455225911812739,1.5418193303853445,0.44637666429515194,1.2283510049058397,0.7897383535417988,2.2247414262384333,0.534440934933671,0.44637666429515244,0.8356939389143851
421,silver-sweep-234,run_48f87d44fbc8071d52a1f87ef27cb0ac,0.5038927793502808,0.9625781748564135,2.1326347305389226,1.2894377763739737,0.8656672426059558,1.1510998575724007,0.5853477983407791,1.8673108328796972,0.33792798483891257,0.8656672426059554,0.8283905681278679
422,young-sweep-235,run_7d98d6678a28f104ff519fdc18f35edc,0.5417996048927307,0.9386088066368857,1.973952095808384,1.4032469993682881,0.8463563370261207,1.0655166956796962,0.5432546266751752,1.6473326075122485,0.2617687934301966,0.846356337026121,0.6754391517645199
423,true-sweep-236,run_7b42c4c02a73c12137013ee3e0b7c9d7,0.5604339241981506,0.9387619655392471,2.694039194338597,1.3418951358180673,0.5592031710539689,1.2392229783193542,0.6641480536056159,2.5658954817637465,0.34778269109286186,0.5592031710539687,1.0378936540591863
424,ancient-sweep-237,run_7d6e40f2f17202f44581ff4699325679,0.5950223207473755,0.8560561582641992,2.4143984757757226,1.416285533796589,0.5135176339058848,1.1199873397689508,0.6011997447351622,2.244882961350029,0.3842198357548952,0.5135176339058865,0.7446431397373005
425,glamorous-sweep-238,run_16fa4a1678ed7fec9fab987874c3bdb9,0.6045947670936584,0.8224888321633695,2.444120849210671,1.3478332280480103,0.4694887691838602,1.105380598195917,0.603369495851946,2.2560968971148623,0.4239166140240045,0.4694887691838605,0.7819908213324891
426,icy-sweep-239,run_182c9a588cc897246594545a716e79ec,0.5402680039405823,0.9665858328015317,2.2486390854654337,1.3887176247631081,0.8235796320764306,1.1721712296249407,0.5424377791959165,1.9997550353837787,0.32221099178774537,0.8235796320764308,0.827164108244976
427,dry-sweep-240,run_e6cf8c40ccb0d895f4a614c67f1a9fef,0.577919602394104,0.9060880663688576,2.4487479586281995,1.3893998736576123,0.6270454314462852,1.218990346573825,0.5413146139119327,2.258111050626022,0.3389639924194584,0.6270454314462859,0.9372527298623197
428,curious-sweep-241,run_59c8e1d928d65533bf9f77843ddbf1ee,0.6109763979911804,0.8061518825781749,2.4315459989112687,1.338079595704359,0.4813802215672325,1.0894128817850925,0.6070453095086157,2.235465432770822,0.4611623499684136,0.48138022156723165,0.7734135147966458
429,rich-sweep-242,run_f61be0c3cc1347b335074cf3dba957dd,0.5041480660438538,0.9813656668793873,2.3513064779531856,1.3332533164876816,0.8203882508385,1.166584902674474,0.6272622846202931,2.186363636363636,0.31258370183196565,0.8203882508385006,0.781128343092262
430,morning-sweep-243,run_0a4194dae66ccbf0ae26ca9e913686cc,0.6222080588340759,0.7979578813018506,2.4653511159499195,1.3391156032849023,0.6062709624961887,1.1900854565595822,0.5264582003828974,2.254681545998911,0.3611497157296275,0.6062709624961878,0.9483541699636002
431,earthy-sweep-244,run_e5ed52fed53524205ece0f3c4e8337c4,0.5566049814224243,0.9233184428844927,2.282008709853022,1.2770056854074543,0.77339160483789,1.1492245608482354,0.5794256541161455,2.061867174741427,0.31096651926721414,0.7733916048378914,0.9009416046842862
432,autumn-sweep-245,run_e85b3f770de43387858598c91e93757d,0.543203592300415,0.9534396936821954,1.8806477953184548,1.3990524320909667,0.8587559711352779,1.0694097167273304,0.5421569878749198,1.5644801306477956,0.25706885660138973,0.8587559711352781,0.6968349422376957
433,major-sweep-246,run_18eed2f55ba27c80f5f3125a5d6ed156,0.5216336846351624,1.0343841735800894,2.19169842133914,1.6222994314592545,0.835806484398821,1.25098908055072,0.5439693682195283,1.9464071856287428,0.3618066961465566,0.8358064843988204,0.8881626839689833
434,genial-sweep-247,run_308f7877db4203566d4f3912eebaa9d5,0.5572431683540344,0.9176260370134014,2.3451551442569416,1.2686165508528113,0.7548328082122167,1.1736983699952526,0.5768985322271843,2.1372074033750685,0.34204674668351204,0.7548328082122155,0.9160310175660706
435,visionary-sweep-248,run_04df1d90b5847cc51fbd7ac1047ea680,0.5751116871833801,0.875405232929164,2.2728089275993475,1.2704106127605812,0.7372395568655352,1.106702009811679,0.5467772814294837,2.0921883505715857,0.3069488313329122,0.737239556865535,0.8491454344041784
436,efficient-sweep-249,run_333558b4e387025e974b050d71f74185,0.48947033286094666,1.116758136566688,2.461377245508983,1.6330890713834494,0.4990344547210082,1.1781531887956955,0.8188640714741555,2.2806477953184547,0.7970056854074541,0.49903445472100877,0.6435432821648993
437,lucky-sweep-250,run_8063a34be4d30d4e2496fb52710bf6b6,0.43178045749664307,1.5589278876834718,4.04047359825803,1.9017687934301963,0.0,1.752373793321728,1.5589278876834727,4.04047359825803,1.9017687934301963,7.420293332589724e-17,1.752373793321728
438,glorious-sweep-251,run_6395fb05ed4a191f6d0dfe14af4c2420,0.5851946473121643,0.836400765794512,2.151252041371803,1.256538218572331,0.8132025612358978,1.1393654059186582,0.5525462667517544,1.897577572128472,0.3475552747946939,0.8132025612358984,0.8193938914385187
439,autumn-sweep-252,run_93ca9aa25a56875c279d83e07768ff03,0.6006381511688232,0.8359157626037013,2.650217746325531,1.311699305116867,0.36612460615916254,1.2219813261592025,0.5865220165922144,2.5070495372890584,0.38826279216677156,0.36612460615916226,1.0174394682702959
440,trim-sweep-253,run_9627b49e8f09b4ca2f2421fa650e7e0b,0.5740906000137329,0.8661135928525847,2.261976047904192,1.29641187618446,0.47878849476572827,0.9945323627156196,0.6318825781748566,2.052395209580839,0.2971193935565383,0.4787884947657294,0.6312945086247819
441,proud-sweep-254,run_07a718bb26bbb47a11ae1a8a4c393f46,0.6388002634048462,0.746037013401404,2.6476592270005455,1.3126089703095392,0.4252261408679744,1.30640132932426,0.5000638162093172,2.4410179640718574,0.5527353126974098,0.42522614086797533,0.999200822915018
442,azure-sweep-255,run_422a9cdf8253cf929de18f642dd37fe2,0.5642629265785217,0.9261774090619018,2.671012520413719,1.2302842703727102,0.5126943795101128,1.233059028327267,0.7078749202297376,2.5626837234621673,0.33269740998104896,0.5126943795101148,1.0596613388194338
443,fanciful-sweep-256,run_c06af4eefbeda037f676ca93fdc6ac12,0.6236119866371155,0.7790938098276964,2.498666303756125,1.2198736576121292,0.33080597621709523,1.1836920398797277,0.5519081046585833,2.330675013609146,0.37049905243209236,0.330805976217097,0.9645909162842222
444,easy-sweep-257,run_a1ce0323cc83600805c3be13598b5606,0.6195277571678162,0.7456030631780474,2.6897931409907465,1.302223626026532,0.4278788494765728,1.1665611647412566,0.5437396298659851,2.500136091453458,0.5482375236891975,0.4278788494765727,0.8388985598987183
445,firm-sweep-258,run_2fe646297942e6a3766e1b603c53b459,0.565028727054596,0.8756349712827058,2.748584648884051,1.0990397978521795,0.4096961073279805,1.1800443108086724,0.7568857689853233,2.6648611867174754,0.4506759317751102,0.4096961073279815,1.091580946352271
446,earthy-sweep-259,run_826bed2c84ef1f47123e07568a500bda,0.43178045749664307,1.5589278876834718,4.04047359825803,1.9017687934301963,0.0,1.752373793321728,1.5589278876834727,4.04047359825803,1.9017687934301963,7.420293332589724e-17,1.752373793321728
447,ethereal-sweep-260,run_1718bfbd5178df71cab3343d3f0f5c8f,0.5449904203414917,0.9181876196553924,2.6087915078933053,1.2701073910296907,0.5466307551580445,1.1648995094160468,0.6902361199744739,2.497632008709853,0.33711939355653814,0.5466307551580438,0.9670200981167911
448,usual-sweep-261,run_1e9d3381e18dd479801d8f0c5740bd30,0.6518187522888184,0.7495596681557117,2.795998911268373,1.385230574857865,0.42609004980180915,1.3433771166323785,0.5584173580089336,2.6369352204681555,0.6365508528111186,0.4260900498018087,1.092862794746004
449,zesty-sweep-262,run_4ddb16ba65d5298827f3a183e5d87a7f,0.43178045749664307,1.5589278876834718,4.04047359825803,1.9017687934301963,0.0,1.752373793321728,1.5589278876834727,4.04047359825803,1.9017687934301963,7.420293332589724e-17,1.752373793321728
450,playful-sweep-263,run_b515e8661271f1bf7816f1ccf324e6a2,0.5227823853492737,0.9930567964262924,2.0184812193794244,1.4202526847757424,0.8621506250635228,1.1267605633802817,0.597804722399489,1.7010070767555796,0.2729374605180037,0.8621506250635208,0.6880202563696788
451,olive-sweep-264,run_5bee068e1d7009e71404c6264eea63a7,0.43178045749664307,1.5589278876834718,4.04047359825803,1.9017687934301963,0.0,1.752373793321728,1.5589278876834727,4.04047359825803,1.9017687934301963,7.420293332589724e-17,1.752373793321728
452,volcanic-sweep-265,run_a0422c2f532acb3a773b236b3a0fee46,0.6224632859230042,0.7240076579451181,2.540582471420795,1.0897409981048645,0.5412745197682691,1.1685788890647255,0.5409827696234851,2.3721556886227537,0.49423878711307756,0.5412745197682677,0.977694255420162
453,good-sweep-266,run_72e06f9c00088010429168d0b8d0ce13,0.5483088493347168,0.9053222718570518,2.6198965704953743,1.1427037271004423,0.49650370972659824,1.1549374901091944,0.7481301850670076,2.535737615677735,0.3392166771951998,0.4965037097265996,1.0294112992562117
454,pleasant-sweep-267,run_fd803afd144a42adbccbe09e1e46c0b8,0.723548173904419,0.5611997447351628,2.508900381056071,1.2283133291219206,0.45624555340989936,1.2365485045102074,0.41141033822590944,2.282117583015787,0.6741503474415657,0.4562455534099003,0.9273540117107141
455,lyric-sweep-268,run_497513d3ff09526a579dc19af351d888,0.6089342832565308,0.8190682833439693,2.9271366358192714,1.283095388502843,0.33059253989226545,1.234111410033233,0.7018506700701977,2.8306750136091448,0.5576626658243841,0.33059253989226356,1.1155799968349422
456,happy-sweep-269,run_6bc1cdf2c65fcc0e42500f41ea9af27c,0.5492023229598999,0.9269942565411615,2.5425421883505717,1.3024763108022743,0.6764508588271166,1.212850134514955,0.6477345245692402,2.352994011976049,0.3924320909665207,0.6764508588271162,0.9009653426175027
457,twilight-sweep-270,run_b15baac3d60635d19357e7746fbccb78,0.5885130763053894,0.857230376515635,2.137044093630921,1.4625773847125714,0.6864417115560524,1.1203750593448332,0.4864326738991704,1.8337234621665763,0.3162223626026545,0.6864417115560524,0.7317376167115055
458,sunny-sweep-271,run_b90a589e64b745dd8ded7cea9c24b391,0.5832801461219788,0.789865985960434,2.3770005443658144,1.192053063802906,0.45332859030389266,1.0429893970564963,0.5703892788768342,2.1852749047359836,0.3502084649399879,0.4533285903038938,0.752484570343409
459,solar-sweep-272,run_22921a2fa461b601423e666a199bf8fa,0.5812380313873291,0.8561582641991066,2.231927054980948,1.3857612128869237,0.7486126638886066,1.172100015825289,0.5288066368857687,1.9820631464344047,0.35824384080859234,0.7486126638886059,0.846114891596772
460,absurd-sweep-273,run_f762561458b7219fb5276e92cbaea531,0.5919591784477234,0.8269304403318444,2.344066412629288,1.251459254579912,0.6274519768269133,1.2124386770058555,0.5852967453733252,2.1102068590092546,0.40130132659507334,0.6274519768269123,0.9675739832251937
461,earnest-sweep-274,run_a5394a46e78c26566518de376462627f,0.5425654053688049,0.8299936183790683,2.3219651605879155,1.140985470625395,0.5518751905681472,1.0727330273777498,0.6112827058072761,2.1582199237887867,0.3283006948831344,0.5518751905681464,0.8924988131033386
462,fresh-sweep-275,run_c3926904f8b58487de7b64a7e45c95d1,0.6016592383384705,0.8203446075303128,2.5625204137180195,1.2558054327226786,0.4987397093200529,1.1756607058078812,0.6530440331844282,2.424795862819816,0.386418193303854,0.4987397093200527,0.9837632536793796
463,curious-sweep-276,run_96355d8147475d2234adc31f1943bd22,0.5571154952049255,0.9100957243139758,2.274550898203594,1.2743019583070123,0.7933936375647932,1.1159993669884476,0.6117932354818123,1.9726456178551997,0.3442198357548951,0.7933936375647926,0.7653109669251467
464,earthy-sweep-277,run_b5e866c30de91bf8f568c90267e3a97c,0.5756222009658813,0.8995532865347798,2.3325258573761576,1.3896778269109287,0.5987397093200528,1.1804557683177719,0.5610210593490753,2.1539738704409377,0.28835123183828204,0.5987397093200529,0.9030701060294349
465,sweepy-sweep-278,run_0d7fe19494ccbb80233214966ba5f062,0.5783025026321411,0.8083471601786855,2.457893304300491,0.8961844598862921,0.706738489683911,1.07179933533787,0.7020548819400139,2.3029667936853575,0.3488186986734055,0.7067384896839107,0.962794746004115
466,rose-sweep-279,run_83cd5a6c6bad2a559cd3433e013f0595,0.6357370615005493,0.7519846841097639,2.53519324986391,1.2425142135186358,0.32502286817766035,1.2056179775280897,0.514996809189535,2.3488023952095824,0.38535691724573706,0.32502286817766046,0.9859787941129926
467,ethereal-sweep-280,run_adceca80e7142e02e15620b736d58968,0.5831525325775146,0.8408679004467136,2.730130647795319,1.1159696778269113,0.5220550868990751,1.1611805665453396,0.7203318442884499,2.6030756668481234,0.4135060012634243,0.5220550868990753,1.0480614021205887
468,leafy-sweep-281,run_3422ae9632ddde2aba8e6a0e362e316f,0.60306316614151,0.8144479897894066,2.211404463799674,1.289033480732786,0.7440593556255718,1.1119243551194808,0.5179323548181235,1.914833968426784,0.3839166140240051,0.7440593556255722,0.7561876879253049
469,graceful-sweep-282,run_5d43fd78f14cb0381f28a40949cb1394,0.587492048740387,0.8252201659221443,2.4818998366902565,1.2696525584333547,0.5684520784632585,1.183027377749644,0.6177919591576253,2.301279259662494,0.42232469993682936,0.5684520784632576,0.968357335021364
470,pleasant-sweep-283,run_4593eae73101e4d5882cb4a048e3a509,0.5860880613327026,0.871984684109764,2.522509526401742,1.3091219204042956,0.49801809126943797,1.1666877670517486,0.6325462667517552,2.403184540010888,0.3050031585596966,0.4980180912694402,0.9641873714195278
471,graceful-sweep-284,run_97119be3d0cd47ed65702fffc92cf584,0.5543075799942017,0.8774984045947671,2.6605606967882425,1.1075805432722683,0.532249212318325,1.1318009178667512,0.7365922144224634,2.559853021230268,0.34035375868603895,0.5322492123183244,1.0268792530463684
472,icy-sweep-285,run_8811a87685adc0dbe76ece3edf5b1a18,0.6173580288887024,0.7897894065092533,2.4971420794774093,1.3286544535691727,0.4911271470677914,1.110278525083083,0.5940012763241859,2.3160860097985863,0.47533796588755656,0.4911271470677907,0.8096613388194323
473,snowy-sweep-286,run_2240c4d7c0209af597fd9642f7531d86,0.43178045749664307,1.5589278876834718,4.04047359825803,1.9017687934301963,0.0,1.752373793321728,1.5589278876834727,4.04047359825803,1.9017687934301963,7.420293332589724e-17,1.752373793321728
474,zesty-sweep-287,run_dcff52a3dcb5e50fef6fbde9553a8286,0.6806637048721313,0.6698915124441609,2.5093358737071316,1.3326468730259005,0.6077955076735441,1.3203592340560215,0.45725590299936114,2.2638268916712034,0.6975489576753007,0.6077955076735456,0.9928548821015994
475,comic-sweep-288,run_f11fcb1074829dcd705043d45c93b6bc,0.5666879415512085,0.8533758774728782,2.176837234621667,1.2960075805432725,0.6352678117694888,1.091185314131983,0.5412890874282067,1.9006260206859023,0.29787744788376463,0.6352678117694894,0.6844753916758979
476,desert-sweep-289,run_c37cda272689282cd833701e0ebf78fc,0.6039565801620483,0.8273643905552011,2.1087915078933053,1.3486165508528112,0.6186604329708304,1.1067257477448964,0.561021059349074,1.797305389221558,0.32514213518635526,0.6186604329708307,0.7096534261750276
477,charmed-sweep-290,run_48e729ace1be3ff194d53e382a21b90d,0.5417996048927307,0.9167070835992344,2.4070495372890592,1.323449147188882,0.5801504217908324,1.0742601677480614,0.6691512444160818,2.204763200870985,0.399305116866709,0.5801504217908323,0.7472463997467952
478,treasured-sweep-291,run_be501db3da008d3a8a5d117dd500bf28,0.605998694896698,0.8023739629865987,2.288595536200328,1.308692356285534,0.5943083646712064,1.1129371736034182,0.5559923420548828,2.0367719107240077,0.37153506001263376,0.5943083646712068,0.7552539958854252
479,celestial-sweep-292,run_3cd0e14f7a4277e80be4e6febd865311,0.5508615374565125,0.8680280791320996,2.3596897114861193,1.1076310802274165,0.6237117593251347,0.9562351637917393,0.6801021059349077,2.1766739248775195,0.27485786481364516,0.6237117593251359,0.7169567969615441
480,splendid-sweep-293,run_9eb4b87724e01f0ed710e00eeece2114,0.618889570236206,0.7794256541161456,2.38298856831791,1.2963866077068857,0.5142900701290782,1.0648441209052064,0.558417358008934,2.154790419161677,0.36140240050537065,0.5142900701290788,0.7330194651052374
481,super-sweep-294,run_cef3d702ad3f25f28808fc17606f6526,0.6153159141540527,0.7992342054881941,2.5975775721284706,1.1968035375868606,0.66594166073788,1.2679696154454818,0.594307594128908,2.369052803483942,0.5134933670246378,0.6659416607378802,1.0097167273302732
482,fresh-sweep-295,run_7c21a9925d2d0d12ec6b91b2706704f2,0.7005743384361267,0.609393746011487,2.521856287425151,1.361554011370815,0.38027238540502084,1.294817217914227,0.40395660497766445,2.308464888405009,0.6809981048641827,0.38027238540502156,0.9913198290868809
483,lively-sweep-296,run_a21feea6698a7616902c34b791abec17,0.612890899181366,0.8089342693044033,2.5909907457811654,1.3291598231206574,0.47512958634007524,1.085828453869283,0.643216336949585,2.4013336962438765,0.5578395451674036,0.47512958634007507,0.8130004747586635
484,trim-sweep-297,run_7c2a61232218b12aaea4fdd737585720,0.7193363308906555,0.5795532865347799,2.5565323897659233,1.3324447252053067,0.40757190771419866,1.2125890172495648,0.41434588385449805,2.322999455634187,0.6591156032849022,0.4075719077141994,0.8538455451811998
485,ancient-sweep-298,run_890a7a0ca6a30c6dadbf567b7282d05e,0.43178045749664307,1.5589278876834718,4.04047359825803,1.9017687934301963,0.0,1.752373793321728,1.5589278876834727,4.04047359825803,1.9017687934301963,7.420293332589724e-17,1.752373793321728
486,pretty-sweep-299,run_84af64996507bbb13bc7f5c0c2e93695,0.5560944676399231,0.8746904913848118,2.3722645617855207,1.3318635502210994,0.865524951722736,1.2312232948251307,0.5104786215698786,2.162574850299403,0.44847757422615364,0.8655249517227352,0.8625415413831302
487,easy-sweep-300,run_98088f23e75122e34a899c71ff866897,0.5994894504547119,0.8152903637523932,2.2206042460533486,1.262324699936829,0.6897753836772029,1.113245766735243,0.563088704530952,1.9482035928143733,0.329968414403033,0.6897753836772019,0.690615603734768
488,cosmic-sweep-301,run_1a91c9f4d93a81a1c5f6363b612bb52d,0.4630504250526428,1.2162348436502872,2.2448285247686455,1.7563992419456729,0.7845309482671005,1.41862636493116,0.7093299298021698,2.07367991290147,0.31089071383449135,0.7845309482671003,0.979474600411458
489,fancy-sweep-302,run_f4dca68026872e5f2ef17ba84144bb8d,0.5728142857551575,0.8845947670708362,2.2556614044638006,1.3331017056222365,0.6674357150116882,1.1876483620826082,0.5786853860880663,2.0280076211213944,0.3139734680985472,0.6674357150116871,0.8637680012660236
490,cosmic-sweep-303,run_90bb852733b26a2971da994059d6436d,0.558902382850647,0.8848245054243778,2.2965432770821996,1.218736576121289,0.8031710539688992,1.1583715777812944,0.5823356732610079,2.0482035928143723,0.3640808591282374,0.8031710539688983,0.8740069631270773
491,northern-sweep-304,run_ea4a7abf2561498bfd6aed9da1be754f,0.6015315651893616,0.8086024250159541,2.75827436037017,1.107226784586229,0.46518955178371785,1.1773935749327424,0.7071601786853866,2.6389493739793153,0.4449652558433359,0.46518955178371924,1.078564646304795
492,comic-sweep-305,run_69fb2d8312fd49b4e703e223a667057e,0.43088704347610474,1.510427568602425,4.001497005988025,1.8315224257738474,0.09248907409289563,1.7253916758980852,1.5104275686024249,3.9958356015242256,1.8019583070120024,0.09248907409289601,1.7253916758980854
493,eager-sweep-306,run_be6ce3da5ed86af9d6327a915188d090,0.433439701795578,1.5231908104658585,4.013799673380513,1.8685407454200889,0.05661144425246468,1.7381310333913593,1.5231908104658582,4.007267283614591,1.8580543272267847,0.05661144425246516,1.738131033391359
494,solar-sweep-307,run_a78c48b5ce5f22e34e92cc98af356724,0.5975750088691711,0.8243522654754306,2.611676646706587,1.250928616550853,0.532249212318325,1.197792372210793,0.6373452456924054,2.475149700598804,0.39329121920404375,0.5322492123183249,1.023951574616237
495,legendary-sweep-308,run_372eb43e9b683bf45b2de7e1da4d907d,0.5387364625930786,0.9582897255903,2.2421066956995106,1.376083385975995,0.8191177965240369,1.1714116157619878,0.560127632418634,1.9891943385955368,0.31397346809854737,0.8191177965240366,0.861061876879253
496,rosy-sweep-309,run_43ba7aed17ae5f6b53334adcdeb2a973,0.5723037719726562,0.8638162093171666,2.4045454545454548,1.248452305748579,0.47638987702002233,1.0052777338186423,0.6806381620931705,2.234703320631464,0.41537586860391756,0.4763898770200225,0.7667273302737775
497,lucky-sweep-310,run_587c2633af7c746a37326124b7f30796,0.622080385684967,0.7742182514358649,2.516140446379968,1.3049020846494,0.47157231425957935,1.133225193859788,0.5994639438417362,2.316358192705499,0.422653190145294,0.4715723142595788,0.8736271561956005
498,laced-sweep-311,run_55d131800cb71391b94d411404669142,0.5982131361961365,0.8194767070835993,2.3857103973870446,1.24971572962729,0.7035979266185588,1.1755736667194177,0.5697766432673893,2.1673108328796955,0.34851547694251434,0.7035979266185591,0.9143614495964555
499,bumbling-sweep-312,run_b97e2123d664ce9e02ab0d59fc71771a,0.5269942283630371,0.9590044671346521,2.7930048992923258,1.2302084649399876,0.4314259579225531,1.1447539167589809,0.7815443522654753,2.715269461077844,0.4403158559696783,0.43142595792255173,0.9485836366513689
500,floral-sweep-313,run_293766fd7bd23375f0b1844477ccb648,0.5255903005599976,0.9665858328015315,2.338786064235167,1.311370814908402,0.6484805366399023,1.110072796328533,0.6763497128270597,2.1042732716385424,0.2807454200884401,0.6484805366399015,0.7395869599620196
501,warm-sweep-314,run_548ed80b87b216b50d58c7a3afac0524,0.584045946598053,0.8546777281429483,2.291643984757758,1.2716487681617186,0.7553003353999391,1.1815239753125495,0.5754179961710273,2.025557974959173,0.3831332912192031,0.7553003353999386,0.9195996201930684
502,different-sweep-315,run_535e8744b94ceb1818743cb0880a8a1c,0.5729418992996216,0.854754307594129,2.2730811105062605,1.2144662034112448,0.8230816139851612,1.1758347839848078,0.5747798340778555,2.0167936853565607,0.3723941882501584,0.8230816139851606,0.9066466213008376
503,autumn-sweep-316,run_e5b95de1d001afc4dc4bd25706c3137c,0.5959157347679138,0.8438034460753031,2.7384594447468706,1.2968161718256477,0.3842057119625978,1.1931159993669884,0.6854881940012761,2.634158954817639,0.4055716993051184,0.38420571196259695,1.029988922297832
504,valiant-sweep-317,run_928ce8485db9440b20e2050c2a3e3f75,0.5965539216995239,0.8464326738991704,2.790500816548722,1.2957043588123818,0.46747636954975097,1.2228438043994305,0.6832673899170391,2.671937942297225,0.4049905243209092,0.46747636954975175,1.0640053805981955
505,hopeful-sweep-318,run_a49b002a766b3b9eba1d59bb95b7656a,0.5914486050605774,0.8694065092533504,2.679504627109419,1.2870372710044222,0.3938306738489684,1.219852824814053,0.6572303765156342,2.5573489384866637,0.3571320277953253,0.3938306738489682,1.0570739040987491
506,atomic-sweep-319,run_5e39cd1f1dc90526b4739eb9277f3920,0.6279515027999878,0.7545373324824507,2.576946107784431,1.247012002526848,0.5638581156621607,1.1802896027852507,0.5766687938736442,2.3488568317909646,0.49944409349336666,0.5638581156621587,0.8597483779078968
507,dandy-sweep-320,run_127334d0acc27ff2e010455caeb3e643,0.43178045749664307,1.5589278876834718,4.04047359825803,1.9017687934301963,0.0,1.752373793321728,1.5589278876834727,4.04047359825803,1.9017687934301963,7.420293332589724e-17,1.752373793321728
508,summer-sweep-321,run_8f1599a2017a79de68cc6d643507a5ca,0.625271201133728,0.7860114869176772,2.5588187261839965,1.3204674668351235,0.7485618457160281,1.2796803291660073,0.5354435226547546,2.3478225367446934,0.4987618445988624,0.7485618457160281,0.9497547080234211
509,olive-sweep-322,run_1a3c65f6f659fc2d9d9e75eef005212f,0.543203592300415,0.9472878111040205,2.5160860097985847,1.3057106759317754,0.4452383372293933,1.0723690457350847,0.7532865347798341,2.3649700598802403,0.5199115603284913,0.4452383372293928,0.8313182465579994
510,wandering-sweep-323,run_f4bb4d5b442089f27fc8cacc5572ce87,0.5911933779716492,0.8577664326738992,2.588051170386501,1.206001263423879,0.48534403902835654,1.188012343725273,0.6540140395660505,2.4779804028307026,0.3218825015792792,0.4853440390283562,1.0051353062193382
511,rose-sweep-324,run_8242208bdd20ab9947b6c427c37a45cb,0.43178045749664307,1.5589278876834718,4.04047359825803,1.9017687934301963,0.0,1.752373793321728,1.5589278876834727,4.04047359825803,1.9017687934301963,7.420293332589724e-17,1.752373793321728
512,crimson-sweep-325,run_940470cc1196f6f61e80061b74cdd58b,0.6738991737365723,0.6248627951499681,2.527136635819271,1.2997978521794065,0.4233560321170851,1.1452603260009495,0.45827696234843734,2.310152422427872,0.6468856601389779,0.42335603211708506,0.7797594556100649
513,sweepy-sweep-326,run_54f43c63c6959e077b42b5f720f5182a,0.6051052808761597,0.8232035737077218,2.761867174741427,1.2502969046114973,0.4518650269336315,1.285171704383605,0.6364518187619662,2.5934403919433873,0.5168540745420094,0.45186502693363134,1.0642506725747742
514,expert-sweep-327,run_fc39a8ad5e1a1b59b8dbb8c48cce1aa2,0.5863433480262756,0.8583790682833441,2.577925966249321,1.3172078332280481,0.4884642748246774,1.2027456876087987,0.6598851308232296,2.4221284703320634,0.4232596336070742,0.4884642748246787,1.008189586959962
515,ancient-sweep-328,run_f42745ea80c3fb495fcf3bbffcb5e611,0.498276948928833,1.0121761327377155,2.0654599891126844,1.4283133291219205,0.9330826303486129,1.2130083874030702,0.5862412252712195,1.795019052803485,0.35652558433354387,0.9330826303486124,0.786168697578731
516,absurd-sweep-329,run_84ba9d7de47571c25b79fb87f9dc9755,0.5742182731628418,0.8917677089980856,2.650435492651062,1.234150347441567,0.5200020327269032,1.1950308593131826,0.6830121250797706,2.55767555797496,0.3607706885660138,0.5200020327269046,1.0486944136730498
517,rich-sweep-330,run_df8de3707bfdc9c4ab7862a25bc256b7,0.5961710214614868,0.8442629227823867,2.669379422972238,1.312836386607707,0.5127960158552699,1.2373318563063778,0.6401021059349062,2.502476864452914,0.4119646241313964,0.5127960158552685,1.0387719575882266
518,volcanic-sweep-331,run_086a0536a8a0574e7f42e38594f0e7ba,0.5950223207473755,0.8547798340778558,2.6237071311921616,1.331939355653822,0.4217095233255412,1.2157699003006806,0.6607275047862153,2.453102885138813,0.37802905874920995,0.42170952332554146,1.010911536635543
519,fallen-sweep-332,run_c1fb85fc4c47ea46ad392269189fc417,0.6575621962547302,0.7023611997447352,2.6815187806205776,1.2069614655716996,0.530094521800996,1.2793479981009654,0.5356732610082966,2.51516058791508,0.5798736576121298,0.5300945218009954,1.0420161417945877
520,ancient-sweep-333,run_6ec67fe9afd4e2f98647b7d85326c766,0.6542437672615051,0.7065730695596681,2.687071311921612,1.2334175615919145,0.4042382355930481,1.2868966608640608,0.5272750478621566,2.5079749591725653,0.5676437144662051,0.4042382355930473,1.0365405918658013
521,wise-sweep-334,run_23f3491191a3642de29c2d341f26656f,0.5791959166526794,0.8426547543075942,2.2697604790419166,1.198066961465572,0.7670291696310602,1.153600253204621,0.6063305679642628,2.018481219379423,0.35276058117498515,0.7670291696310613,0.8986073745845866
522,ruby-sweep-335,run_b7e9bf4423828ec919502cd5673bcc65,0.6373962759971619,0.7518059987236759,2.569270549809473,1.2966645609602023,0.4238235593048074,1.175929735717677,0.568525845564774,2.3345400108873173,0.5146809854706249,0.42382355930480686,0.8560373476815951
523,quiet-sweep-336,run_401eb7176be34b38b26dbdd77a48e9da,0.6547542810440063,0.714639438417358,2.745100707675559,1.2213392293114342,0.38498831182030696,1.2908371577781295,0.5359029993618379,2.565459989112686,0.5774226152874297,0.38498831182030757,1.0325684443741094
524,different-sweep-337,run_14a463939fe595be30d84ba0f410258b,0.5859604477882385,0.8290491384811742,2.1963799673380517,1.2166392924826281,0.7343632482975911,1.0629055230257953,0.5750095724313982,1.923326075122483,0.32185723310170594,0.7343632482975911,0.7513530621933844
525,earnest-sweep-338,run_578c5004da3eea57408f902bcc2c2c85,0.558391809463501,0.9105807275047861,2.269270549809473,1.3648894504106128,0.7676898058745807,1.1804162050957432,0.52456924058711,2.0547904191616766,0.3126089703095381,0.76768980587458,0.8718230732710862
526,sparkling-sweep-339,run_b651517710ce4a13449976858fd50410,0.5392469763755798,0.9699553286534779,2.231600435492652,1.4250536955148452,0.8531761357861571,1.1659756290552303,0.5777664326738988,2.014071856287425,0.3716866708780793,0.8531761357861575,0.8366513688874824
527,comic-sweep-340,run_fe11a923bf8614a376f350c9744f9b71,0.7245692610740662,0.5671984684109764,2.5822808927599348,1.312381554011371,0.5361520479723549,1.2763491058711822,0.3911167836630497,2.374659771366359,0.6927226784586238,0.536152047972355,0.9606662446589654
528,twilight-sweep-341,run_39c9b98ece029befd465e902673d8d00,0.6232290863990784,0.7671218889597957,2.4962710941752864,1.2409222994314595,0.4660229698140055,1.058624782402279,0.6029865985960435,2.3034567229178013,0.4065319014529392,0.46602296981400637,0.819678746637126
529,gentle-sweep-342,run_63546e879e89b7c23eaead20e0efe091,0.6321633458137512,0.7648500319081047,2.6770549809471973,1.1922552116235,0.4370769387132839,1.1942237695837952,0.6013273771537969,2.5558791507893304,0.3831332912192038,0.4370769387132839,1.0368887482196545
530,easy-sweep-343,run_d9ab543090ff5b88d6b752b9118d6ad9,0.5692405700683594,0.9256158264199106,2.6224006532389774,1.3829816803537591,0.4983534912084562,1.2123278999841747,0.6125590299936177,2.5085193249863913,0.33833228048010133,0.49835349120845707,0.9791264440576045
531,proud-sweep-344,run_a9e90195541a62025be3551aa05ac45e,0.7111678123474121,0.6124058710912573,2.581246597713664,1.3443967150979155,0.49753023681268427,1.2259059977844597,0.45924696873005716,2.3302939575394666,0.6480985470625401,0.4975302368126855,0.8663554359867065
532,balmy-sweep-345,run_a16cc8181ec41c0b5f42a05b94d252d9,0.6045947670936584,0.836758136566688,2.686254763200872,1.2189134554643084,0.5174204695599146,1.2374268080392465,0.6584811742182514,2.5465704953728916,0.39132027795325486,0.5174204695599149,1.086959962019307
533,serene-sweep-346,run_7e1c7920dbf1b79715882ceb4edae5f6,0.6112316250801086,0.7849393746011487,2.5912084921066962,1.2153506001263426,0.40177863604024805,1.2559028327266972,0.568883216336949,2.371937942297225,0.49004421983575625,0.4017786360402485,1.0098037664187371
534,jolly-sweep-347,run_21806a77973c66555ac72bcc7c405120,0.5800893306732178,0.8817102744097002,2.656477953184541,1.2440555906506634,0.5861977843276757,1.2109194492799493,0.6658583280153152,2.524305933587372,0.35399873657612224,0.5861977843276754,1.0570343408767207
535,sweepy-sweep-348,run_2dcdabd00a75f1af4a23e2815746f2b6,0.6090618968009949,0.8188895979578813,2.2669297768100174,1.3606696146557171,0.5933733102957618,1.1828453869283113,0.5417740906190172,2.0023679912901478,0.390107391029691,0.5933733102957611,0.7986865010286435
536,warm-sweep-349,run_02b00fc0e83e58dee0dde336dfe4d443,0.6181238293647766,0.7796809189534143,2.782934131736528,1.217195198989261,0.3960768370769387,1.1645909162842223,0.6624633056796432,2.6742787152966807,0.4354137713202781,0.39607683707693964,1.0393021047634123
537,sweet-sweep-350,run_404edfd6bc56c19e3e2ad1cde0531bf5,0.5871091485023499,0.8548564135290365,2.6135274904735994,1.3010360075805436,0.5216078869803842,1.2428865326792213,0.6653477983407787,2.4644801306477966,0.40125078963992483,0.5216078869803841,1.0567336603893025
538,logical-sweep-351,run_b158507da235997978486541687bb903,0.685896635055542,0.6568219527760052,2.5156505171475243,1.271244472520531,0.5377375749568045,1.1406156037347683,0.5116273133375876,2.28581927054981,0.5692103600758054,0.5377375749568027,0.8120034815635392
539,bright-sweep-352,run_81032501b0cc997f34259fa4060751d7,0.5456286072731018,0.9431269942565411,2.392025040827437,1.3783828174352497,0.5117491615001525,1.1053331223294827,0.675609444798979,2.1834240609689717,0.33888818698673306,0.5117491615001525,0.7695521443266333
540,summer-sweep-353,run_42cf1062a35a2293e8f7da80efd11d2b,0.5994894504547119,0.83063178047224,2.6471692977681007,1.2981048641819333,0.4904868380933021,1.198322519385979,0.6256030631780485,2.5080293957539483,0.4244977890082138,0.4904868380933014,1.022978319354328
541,graceful-sweep-354,run_3a35a237da7b66886f57c43530cf1acb,0.43178045749664307,1.5589278876834718,4.04047359825803,1.9017687934301963,0.0,1.752373793321728,1.5589278876834727,4.04047359825803,1.9017687934301963,7.420293332589724e-17,1.752373793321728
542,breezy-sweep-355,run_c9cb34d17ac833c12038202edda63eca,0.6395660638809204,0.7674792597319721,2.5464071856287434,1.3224636765634874,0.37335095029982723,1.1708893812312076,0.5439183152520735,2.396488840500817,0.36390397978521877,0.37335095029982635,0.9259455610064883
543,still-sweep-356,run_b88e7027670d9e9c9fb60e7a68dd96d1,0.6084237098693848,0.7899170389278877,2.2821175830157876,1.2098673404927356,0.8364772842768574,1.2341667985440736,0.5430759412890879,2.0263745236799138,0.4179785217940617,0.8364772842768584,0.8881152081025486
544,grateful-sweep-357,run_d99b50f12fa8d00da9fad7e7154fa9c5,0.5756222009658813,0.8817102744097002,2.2046543277082207,1.3700694883133293,0.6686146966155097,1.1145830036398163,0.599029993618379,1.8857648339684263,0.27902716361339286,0.668614696615509,0.6957825605317288
545,smooth-sweep-358,run_40a1a4389296548ced219e123ea64ac4,0.498276948928833,1.0481174218251437,2.406614044637998,1.4400379027163615,0.7790527492631365,1.2602310492166482,0.6470453095086152,2.202912357103976,0.314579911560328,0.7790527492631354,0.8810571292926095
546,magic-sweep-359,run_d1f4f54e7be6d9f150ae46dc28ba5d94,0.5540523529052734,0.9291640076579452,2.568998366902559,1.2093872394188254,0.568502896635837,1.226491533470486,0.6980982769623487,2.4688350571584126,0.34265319014529416,0.5685028966358368,1.043978477607216
547,peach-sweep-360,run_e024515153deddc54da491c8c6cfd033,0.43178045749664307,1.5589278876834718,4.04047359825803,1.9017687934301963,0.0,1.752373793321728,1.5589278876834727,4.04047359825803,1.9017687934301963,7.420293332589724e-17,1.752373793321728
548,deep-sweep-361,run_195e2ae4ecf435b984f58525367c3697,0.5467773079872131,0.9320740268028079,2.68298856831791,1.2346557169930514,0.3952230917776197,1.246067415730337,0.6919719208679,2.4906096897114876,0.4009728363866091,0.39522309177762105,1.0053489476182942
549,bright-sweep-362,run_15002097f36ffac09b79a94be1b0e0c1,0.5508615374565125,0.8846202935545628,2.4943113772455097,1.1392166771951993,0.4872751295863401,0.991050799177085,0.7282450542437778,2.354627109417529,0.5462160454832606,0.48727512958634056,0.7567573983225192
550,honest-sweep-363,run_d18d73022baa7689ad59aaaacdd6fe30,0.5853222608566284,0.8337460114869176,2.5570767555797502,1.3608212255211625,0.49509096452891554,1.2122487735401173,0.6353031269942566,2.415432770821994,0.40933670246367754,0.49509096452891405,1.0232948251305587
551,dauntless-sweep-364,run_db19e3d9415fad76c268df4f37eaf166,0.4805360436439514,1.0887811104020422,2.2909363091997825,1.4134301958307016,0.9855778026222177,1.30983541699636,0.6433439693682187,2.0036200326619498,0.3434870499052432,0.9855778026222196,0.8371656907738565
552,charmed-sweep-365,run_f542a5748a04ea349fcc0030b64c937a,0.6076579689979553,0.8173069559668156,2.3402558519324996,1.2835249526216048,0.5972964732188232,1.1246478873239438,0.5263560944479904,2.147985846488842,0.30252684775742367,0.5972964732188223,0.889389143851876
553,rural-sweep-366,run_d7c47e28ff964e7dbdd008228d8cc1c1,0.5594128966331482,0.8903637523931078,2.1455906369080027,1.3158180669614656,0.7673848968391096,1.1739278366830195,0.5622463305679638,1.8816820903647258,0.31518635502210995,0.7673848968391099,0.8345703434087673
554,earthy-sweep-367,run_f324fdfa64fa8fdf574bfa2c3d9ca02a,0.5670708417892456,0.8540395660497767,2.2625748502994014,1.1365382185723312,0.7622420977741641,1.1213087513847126,0.6030121250797709,1.9888677191072401,0.33676563487049915,0.7622420977741632,0.8175898085140045
555,swift-sweep-368,run_1afe8f3c9ac2e8b5b066cb58d4c4f9bc,0.5246968865394592,1.0209317166560308,2.376183995645074,1.563979785217941,0.7155503608090253,1.2793084348789368,0.5707977026164651,2.2029667936853574,0.30611497157296425,0.7155503608090261,0.9402199715144803
556,breezy-sweep-369,run_25306cfceac5c0d6d00944d27eb2f24d,0.5919591784477234,0.827977026164646,2.7933859553620053,1.0855969677826915,0.3983026730358776,1.162454502294667,0.735520102105936,2.713581927054983,0.4503727100442194,0.398302673035879,1.0813182465579998
557,vivid-sweep-370,run_0b94b6e0a985e40f01f67163f6dcbade,0.6179961562156677,0.7995405232929165,2.4928415895481773,1.2991661402400507,0.6115255615408071,1.2105871182149075,0.5994128908742827,2.2607240065323895,0.4797599494630459,0.611525561540807,0.8475233423009972
558,sleek-sweep-371,run_ed7f900d6be549445d78eb76f362ec25,0.5777919888496399,0.9028206764518188,2.143794229722374,1.4427416298168039,0.7451468645187519,1.139499920873556,0.57204850031908,1.8158682634730552,0.3224384080859137,0.745146864518752,0.7189745212850133
559,autumn-sweep-372,run_fbc273ef03b9c6ea515d5d476b8a24fc,0.5922144055366516,0.8511805998723677,2.5832063146434416,1.2401137081490845,0.47574956804553314,1.1556021522392785,0.6475813656668792,2.4694338595536216,0.3388629185091606,0.47574956804553187,0.9693859787941123
560,autumn-sweep-373,run_ef97e519e9b910fdfda208d290b37f5f,0.43178045749664307,1.5589278876834718,4.04047359825803,1.9017687934301963,0.0,1.752373793321728,1.5589278876834727,4.04047359825803,1.9017687934301963,7.420293332589724e-17,1.752373793321728
561,autumn-sweep-374,run_3f54e394b8a5d7ae9982b99f589c6ec0,0.6185067296028137,0.7965539246968731,2.5146162221012527,1.33461781427669,0.6148592336619576,1.191818325684444,0.5811104020421185,2.2654055525313015,0.46341124447252124,0.6148592336619573,0.8020098116790634
562,playful-sweep-375,run_41315ca9d9c7a0b1aec54522e03f9c98,0.7059348821640015,0.5787364390555201,2.4702504082743606,1.230107391029691,0.5600467527187722,1.2934166798544073,0.4010721123165285,2.1873979314099077,0.6869361970941253,0.5600467527187722,0.9919449279949355
563,winter-sweep-376,run_e0961c0cb5e48c862ea42c66b3e99593,0.5370771884918213,0.9754945756222082,2.1346488840500824,1.3942261528742894,0.9626486431547921,1.1462573191960752,0.6326738991703902,1.8994828524768652,0.4350852811118127,0.9626486431547919,0.7669567969615445
564,comfy-sweep-377,run_08dd94c8c685c14ad96dd2d4ab5e2a04,0.6910018920898438,0.6476834716017869,2.7043821448013077,1.3824005053695516,0.41573330623030796,1.3289681911694888,0.4585322271857058,2.5259390310288525,0.7206443461781433,0.41573330623030746,1.0234768159518912
565,morning-sweep-378,run_229435fa669681d2bef310efb89df698,0.7021059393882751,0.6278238672622847,2.7713935764833972,1.27763739734681,0.5049090354710845,1.2940813419844912,0.5116783663050416,2.648475775721286,0.7043209096651941,0.5049090354710851,1.1066466213008381
566,visionary-sweep-379,run_c95d56875c1a5c963a9bee98a1a0e9dd,0.5627313256263733,0.9161965539246969,2.5312193794229736,1.2237144662034114,0.584032930175831,1.184578256053173,0.6848245054243781,2.4098258029395767,0.35455464308275636,0.5840329301758306,1.0073350213641408
567,blooming-sweep-380,run_62737e6ffefcabf529943a69422700f5,0.5636247396469116,0.8933248245054245,2.404763200870987,1.22131396083386,0.8034657993698547,1.150791264440576,0.5764901084875561,2.246679368535657,0.35415034744156704,0.8034657993698546,0.9014480139262551
568,volcanic-sweep-381,run_b8dbdcf5596bf6a79aab07902b4b720e,0.6144224405288696,0.7543841735800894,2.4737343494828536,1.1843209096651928,0.41750177863604027,1.1344674790314924,0.5595149968091897,2.2442297223734355,0.45509791535060046,0.41750177863603916,0.8198923880360814
569,serene-sweep-382,run_a0a8aa98a12ea2ff9caa0a15f0d418d3,0.5812380313873291,0.8614422463305679,2.495672291780077,1.262880606443462,0.7258867771114951,1.2463601835733502,0.584530950861519,2.2733532934131744,0.44655716993051237,0.7258867771114956,0.9129846494698528
570,pleasant-sweep-383,run_1f02b6a47c1514902a888e0c73c4dccd,0.5984684228897095,0.844211869814933,2.6135274904736,1.3701958307012005,0.48068909442016466,1.1839294192119005,0.6384684109763884,2.4923516603157334,0.39339229311434065,0.48068909442016605,0.9646225668618443
571,curious-sweep-384,run_eb08f9c38dacba8d6a34e843b2aee003,0.5766432881355286,0.9019017230376515,2.636771910724008,1.305685407454201,0.4697733509502999,1.2218784617819276,0.668589661774091,2.5446652150244975,0.3445483259633617,0.46977335095030026,1.0537822440259537
572,ethereal-sweep-385,run_528261ad8d09cef66debecd3dc6d6e52,0.5252074003219604,0.937051691129547,2.146298312465978,1.3956664560960204,0.7079987803638581,1.1455056179775283,0.5524186343331194,1.9245236799129024,0.2906001263423879,0.7079987803638579,0.7852112676056348
573,royal-sweep-386,run_1c6c26471a3eb7dbc5ea81a818b61b6e,0.6315252184867859,0.765743458838545,2.574605334784976,1.3095767530006321,0.44697631873157845,1.2389143851875297,0.5253860880663693,2.40019052803484,0.3893240682248894,0.44697631873157806,1.0245608482354813
574,summer-sweep-387,run_3b41686933b6d09b0648db468a18f494,0.6028079390525818,0.8217485641352904,2.4835329341317376,1.1668351231838283,0.5149507063725989,1.1543756923563855,0.6367836630504159,2.352231899836692,0.31422615287428884,0.5149507063725994,0.9764361449596461
575,radiant-sweep-388,run_f9f7e3be35308ba38cc1b09ae845da5b,0.5762603878974915,0.8838034460753031,2.5905008165487216,1.2616929879974734,0.5134668157333062,1.2107928469694573,0.7026675175494576,2.3849482852476878,0.42856601389766297,0.5134668157333063,0.9234847285962972
576,fallen-sweep-389,run_853eda0918789fb8d5fad85595a2c015,0.5790683031082153,0.8736694320357372,2.0201687534022867,1.3409602021478206,0.7489887183656877,1.098219655008704,0.550912571793235,1.7106423516603169,0.29770056854074567,0.7489887183656873,0.7171308751384718
577,fragrant-sweep-390,run_d8f73d27dae76f1c7ec7a872af8248c8,0.5771538019180298,0.7600765794511807,2.7305117038649978,1.1690840176879347,0.5263034861266389,1.180519069473018,0.5996171027440973,2.5994284158954826,0.5903095388502845,0.526303486126638,1.0324101914859938
578,youthful-sweep-391,run_405421e49af94079a0d672968d4a1b36,0.5756222009658813,0.8990427568602425,2.702749047359827,1.2860265319014534,0.4278483585730258,1.2116632378540908,0.7067262284620306,2.6100979858464877,0.40006317119393653,0.4278483585730261,1.0469852824814059
579,jumping-sweep-392,run_725c44bc6cd1ab6e630f9ff6e3c86a1b,0.6020421385765076,0.8188640714741545,2.235955362003267,1.302223626026532,0.6507673544059355,1.1363981642664978,0.5702361199744721,1.9853293413173667,0.359936828806065,0.6507673544059349,0.7446273144484887
580,rosy-sweep-393,run_a53b24bea05dba105baa261a31ff3c7a,0.6127632260322571,0.816081684747926,2.7085737615677745,1.3502084649399875,0.40180912694379517,1.171997151448014,0.6760944479897888,2.5368807838867724,0.6300315855969678,0.4018091269437957,0.9011631587276465
581,dainty-sweep-394,run_d22aac6dd8eebf80eda80df621f85a5a,0.5691129565238953,0.9057306955966816,2.5936581382689172,1.2684902084649403,0.4354812480943185,1.2269662921348314,0.6869176770899807,2.3166848121937953,0.45398610233733455,0.4354812480943182,0.8928311441683809
582,rose-sweep-395,run_f5cd4b5bfbf0019990264df8e2f35d28,0.6035736799240112,0.8114613911933631,2.6139629831246602,1.2420088439671513,0.5067384896839111,1.1652714037031175,0.6275175494575622,2.435955362003266,0.4084270372710043,0.5067384896839112,0.9716489950941603
583,spring-sweep-396,run_a351bf07864a928aed2394f7682869c8,0.5425654053688049,0.9843522654754309,2.3594719651605884,1.4671004421983578,0.6782091675983333,1.2525003956322203,0.5782769623484357,2.1852749047359827,0.3110675931775109,0.6782091675983345,0.9148836841272354
584,effortless-sweep-397,run_a68d44a42b59774a8a548dcfbe01de1b,0.6099553108215332,0.8261646458200382,2.6616494284158962,1.3888439671509796,0.4305010671816241,1.1816110144010128,0.6517166560306312,2.479504627109417,0.582223626026532,0.4305010671816235,0.9303054280740624
585,fluent-sweep-398,run_5602cc6e28e99e08206aeb316c055556,0.43178045749664307,1.5589278876834718,4.04047359825803,1.9017687934301963,0.0,1.752373793321728,1.5589278876834727,4.04047359825803,1.9017687934301963,7.420293332589724e-17,1.752373793321728
586,earthy-sweep-399,run_f805cfde18cad64bf977588d974dc848,0.5401403903961182,0.9158647096362477,2.4248502994011987,1.2122173089071386,0.5155808517125724,1.0177480614021206,0.7040970006381628,2.285710397387045,0.3967024636765643,0.5155808517125711,0.7544152555784145
587,dainty-sweep-400,run_039a3a2a4a149627b36a0ce3fc012257,0.6190172433853149,0.7811614550095723,2.450163309744149,1.2287176247631084,0.4406342107937799,1.1324576673524291,0.6035992342054892,2.2310016330974425,0.4206064434617801,0.44063421079378057,0.8808514005380605
588,dutiful-sweep-401,run_e5074fa904434d20ccb736d6d3303460,0.5581365823745728,0.8965411614550095,2.003728905824715,1.3278205938092231,0.7356438662465697,1.0726064250672576,0.5857817485641356,1.7412357103973874,0.25593177511054943,0.7356438662465706,0.6748852666561161
589,desert-sweep-402,run_7feaba5deaed7c3ab6613815e4173054,0.5970644354820251,0.8318570516911296,2.6922972237343505,1.218610233733418,0.50007114544161,1.1948093052698212,0.6869687300574353,2.5753674469243357,0.4227289955780172,0.5000711454416107,1.042918183256844
590,winter-sweep-403,run_6cd120f04313ad9a09d9656cfaa0d64a,0.5409061908721924,0.9697511167836632,2.327463255307568,1.3578395451674035,0.8072669986787275,1.206765310966925,0.5757243139757506,2.143467610234077,0.3392166771952003,0.8072669986787262,0.8749406551669566
591,classic-sweep-404,run_b661ca7150c5fa4c19091f2bf806de0e,0.5913209915161133,0.8064837268666243,1.993059335873708,1.1910928616550855,0.8645492428092287,1.0472859629688243,0.5640331844288455,1.6899564507348943,0.30280480101074037,0.8645492428092291,0.7832093685709759
592,ruby-sweep-405,run_c5ab31937a6e55e3e54ab6900135f181,0.6210593581199646,0.7764390555201021,2.569270549809473,1.3054579911560331,0.4683809330216485,1.127844595663871,0.6097511167836631,2.3995372890582485,0.5020467466835116,0.46838093302164796,0.847752808988764
593,ethereal-sweep-406,run_313d818d9d00d4cbc0be8fb6e0c8af58,0.507594108581543,1.0093426930440332,2.6739520958083838,1.237081490840177,0.4348714300233764,1.3027219496755817,0.7402425015954065,2.4724278715296695,0.3663550221099183,0.4348714300233753,1.0412090520652006
594,dry-sweep-407,run_30341f7857dac5b1d9f6c1c21e77ed8f,0.5900446772575378,0.860114869176771,2.6623571039738714,1.2054706253948204,0.47992682183148694,1.1789128026586486,0.6595277600510541,2.5762384322264573,0.34490208464940064,0.47992682183148705,1.0383842380123436
595,pleasant-sweep-408,run_7d12b30d8d2d9606839902b916331582,0.5539246797561646,0.8990938098276963,2.2447740881872624,1.122665824384081,0.8270352678117696,1.1320303845545183,0.6885513720485005,1.968562874251498,0.33674036639292426,0.827035267811768,0.9179142269346419
596,cool-sweep-409,run_859880c531aa59fc99fdd8a35cd7ce75,0.5910657048225403,0.8431652839821315,2.067310832879696,1.3231711939355655,0.7899888200020327,1.130155087830353,0.515405232929164,1.763990201415351,0.3417940619077691,0.7899888200020334,0.7692910270612442
597,peach-sweep-410,run_cc598f37a9ccf733c1433297f9645cbd,0.5880025625228882,0.8577153797064455,2.5122210125204147,1.3345420088439672,0.5962089643256429,1.2237616711504986,0.5965283982131466,2.3108056614044643,0.38874289324068345,0.5962089643256427,0.9952919765785723
598,worthy-sweep-411,run_b76e9f9e3cda4468ba95930d0be858f5,0.5548181533813477,0.9290874282067646,2.6976864452912364,1.265331648768162,0.43738184774875494,1.2022946668776706,0.6861774090619013,2.583260751224823,0.33924194567277494,0.4373818477487558,1.0309542649153347
599,colorful-sweep-412,run_a41b8ebfad2202173db45373c49fedb8,0.5731971859931946,0.9086662412252713,2.625830157866087,1.346443461781428,0.4788088220347596,1.209376483620826,0.6645820038289735,2.51314643440392,0.32822488945041156,0.4788088220347593,1.013000474758665
600,resilient-sweep-413,run_d591de75f7a0673526f5d1a903580566,0.5539246797561646,0.9395532865347798,2.351687534022864,1.3766898294377763,0.7735135684520785,1.1773223611330907,0.5578813018506702,2.1393848666303765,0.32928616550852907,0.7735135684520785,0.9097325526190848
601,rare-sweep-414,run_950bfc88b1b3dbdaf3d773befd262d25,0.5568602681159973,0.8890874282067646,2.5816820903647257,1.2025142135186357,0.5733407866653115,1.139333755341035,0.6997319719208679,2.363500272182909,0.39543903979785167,0.5733407866653114,0.8557920557050167
602,feasible-sweep-415,run_ac45959c16f4698c3c1c85150a7cfdfa,0.5674537420272827,0.8479642629227825,2.40868263473054,1.2402400505369553,0.5315072669986787,1.0535290394049692,0.6031142310146763,2.2364452912357105,0.35978521794061985,0.531507266998679,0.721989238803609
603,clear-sweep-416,run_1524879af57e77fb15740e159723e6b9,0.5700063705444336,0.8790810465858329,2.21799129014698,1.2755906506632977,0.8491411728834232,1.187846178192752,0.595583918315252,1.908573761567774,0.35677826910928806,0.8491411728834234,0.8668143693622417
604,brisk-sweep-417,run_00f35a4d397f496d445fa2cddf5ce3ae,0.587236762046814,0.86680280791321,2.4244148067501374,1.2299557801642453,0.5296676491513365,1.1396265231840483,0.6079642629227825,2.2921339139902015,0.3273152242577386,0.5296676491513367,0.9196550087039083
605,peach-sweep-418,run_a3d1076e194e3915e92123bed0f0e649,0.5494575500488281,0.9427440970006382,2.5160315732172025,1.2819077700568544,0.6282447403191381,1.1938756132299415,0.6728270580727508,2.399428415895482,0.36357548957675323,0.6282447403191382,0.9546605475549931
606,honest-sweep-419,run_6b2d858116723cd4d5511f4b1fcd9f31,0.6107211112976074,0.8141927249521379,2.6852749047359827,1.3439671509791538,0.39889216383778836,1.1528643772748852,0.6489342693044041,2.518807838867719,0.5621099178774476,0.3988921638377862,0.9142348472859628
607,graceful-sweep-420,run_42d1865a9a78d473cc5e7abf999dc2be,0.5913209915161133,0.8615954052329292,2.536281981491563,1.3035628553379661,0.49525358268116687,1.2004351954423167,0.5876962348436505,2.416086009798586,0.31260897030953805,0.49525358268116587,1.003410349738882
608,frosty-sweep-421,run_c44944b3d4cf0af0bcf435fa92e30be2,0.5950223207473755,0.8363241863433313,2.674333151878063,1.2811244472520533,0.4696208964325643,1.1864535527773383,0.6502361199744733,2.5114589003810566,0.3809854706253949,0.46962089643256516,1.0070580788099377
609,fluent-sweep-422,run_419bca58626470808083f538a3991499,0.5470325350761414,0.9110912571793235,2.5882689167120314,1.2021857233101707,0.5295355219026323,1.163087513847128,0.7275558391831511,2.470903647250955,0.3292861655085287,0.5295355219026319,1.0027456876088
610,radiant-sweep-423,run_86dea0eb6b50ea9ce3309a4a3a3e94ff,0.6114869117736816,0.7763369495851947,2.1314915623298867,1.2937839545167407,0.53796117491615,1.0701614179458776,0.5384301212507978,1.8772727272727288,0.32344914718888224,0.5379611749161519,0.683692039879728
611,trim-sweep-424,run_9eece292ddefe1eb432da756e6236453,0.43178045749664307,1.5589278876834718,4.04047359825803,1.9017687934301963,0.0,1.752373793321728,1.5589278876834727,4.04047359825803,1.9017687934301963,7.420293332589724e-17,1.752373793321728
612,hardy-sweep-425,run_cf0330dab7cfee136e2686aa9782c90d,0.5375877618789673,0.9606636885768987,2.591317365269462,1.2612381554011372,0.6758308771216587,1.2453711030226302,0.6990172303765156,2.3808655416439852,0.4187365761212894,0.6758308771216593,0.9590125019781611
613,drawn-sweep-426,run_c2203ab27cc4ba30182b103cdd5e5c13,0.6843650341033936,0.6602680280791322,2.621584104518237,1.3377258370183198,0.39928854558390087,1.21836524766577,0.48056158264199084,2.3559335873707137,0.6503474415666456,0.3992885455838998,0.8672812153821811
614,hearty-sweep-427,run_ed547ac5f3b0acf8c03e6dda198a5cd7,0.5989789366722107,0.806917677089981,2.538949373979315,1.190233733417562,0.5652606972253278,1.1576357018515588,0.6296107211231653,2.367909635274906,0.404535691724574,0.5652606972253275,0.9966608640607688
615,bumbling-sweep-428,run_5884356ec59239c095321571ebcb770f,0.6524569392204285,0.7326866624122528,2.778688078388678,1.3492987997473154,0.4271978859640208,1.3496914068681756,0.5360306317804725,2.588704409363092,0.6378900821225514,0.4271978859640201,1.0904731761354638
616,fine-sweep-429,run_8fd007ae68040b52a083c367f054564f,0.5682195425033569,0.9201531589023613,2.21173108328797,1.390259001895136,0.8073076532167904,1.1982354802975155,0.5484875558391827,1.9689439303211775,0.3287049905243223,0.8073076532167903,0.8935195442316821
617,zany-sweep-430,run_f161bff7d497ed1ab2d0150b6b824eb3,0.5857051610946655,0.8491129546904915,2.297087642896027,1.3014150347441567,0.6459193007419454,1.086129134356702,0.6053860880663683,2.0625748502994017,0.33795325331648685,0.6459193007419453,0.7550166165532527
618,different-sweep-431,run_43e9d0e8ee0d2b5715e617e43a15bd6f,0.6056158542633057,0.8257562220804086,2.379776810016332,1.4390271636133924,0.4474743368228478,1.145932900775439,0.5669687300574345,2.159961894393032,0.37163613392293116,0.4474743368228485,0.7699715144801388
619,fancy-sweep-432,run_2d108905c73f189e53c67df1146ee271,0.508104681968689,1.0117421825143587,2.375313010342952,1.2725584333543905,0.8568147169427788,1.268990346573825,0.6816336949585204,2.1551714752313567,0.3684523057485793,0.8568147169427792,0.9124624149390727
620,splendid-sweep-433,run_16201b00e36a1bea26c3260620c6eea7,0.43178045749664307,1.5589278876834718,4.04047359825803,1.9017687934301963,0.0,1.752373793321728,1.5589278876834727,4.04047359825803,1.9017687934301963,7.420293332589724e-17,1.752373793321728
621,honest-sweep-434,run_c69e5efe02ffacc24350ff4140042a53,0.5775367021560669,0.8391065730695597,2.6693794229722383,1.1049020846494002,0.4727004776908222,1.1605317297040671,0.6820676451818761,2.5781437125748505,0.3450536955148447,0.47270047769082146,1.0511473334388344
622,celestial-sweep-435,run_1db08a6004db053ea03e4a56aed3b7bd,0.4943203628063202,1.014754307594129,2.302259118127382,1.3621604548325963,0.6814005488362639,1.2070659914543442,0.6868410976388007,2.1556069678824175,0.297068856601391,0.6814005488362626,0.8486865010286444
623,cosmic-sweep-436,run_41467f3d6f948dc7dc48240810709187,0.5851946473121643,0.8637141033822592,2.3191888949373984,1.2779911560328492,0.7709523325541214,1.1509811679063142,0.5389661774090624,2.112221012520414,0.32011370814908524,0.7709523325541213,0.9080155087830354
624,summer-sweep-437,run_c9cf977ff671eb890e378adfb6acde26,0.6889597773551941,0.6454626675175495,2.4323081110506264,1.2077953253316491,0.6710539688992785,1.1872210792846971,0.47555839183152565,2.1771094175285803,0.5894756790903354,0.671053968899279,0.8380993828137362
625,playful-sweep-438,run_71df669fcab308cc7f3a0a7db896fde3,0.5848117470741272,0.8596298659859605,2.231110506260208,1.3654706253948201,0.7316902124199615,1.1802104763411931,0.5485641352903633,2.0037833424060976,0.32160454832596386,0.7316902124199619,0.8781848393733184
626,skilled-sweep-439,run_ae3329034adcd4f42ec87fea2aee7857,0.584301233291626,0.8615954052329292,2.378960261295592,1.2617182564750473,0.7346681573330623,1.1790552302579522,0.5670197830248892,2.1649156232988576,0.35356917245735897,0.7346681573330621,0.9511710713720527
627,stoic-sweep-440,run_3e831139e7c3df5105552440096d4b05,0.43178045749664307,1.5589278876834718,4.04047359825803,1.9017687934301963,0.0,1.752373793321728,1.5589278876834727,4.04047359825803,1.9017687934301963,7.420293332589724e-17,1.752373793321728
628,ancient-sweep-441,run_029d77f471659914be42112c78378c16,0.5671984553337097,0.9165539246968731,2.2500000000000004,1.411257106759318,0.8119625978249823,1.1747111884791896,0.5501467772814294,2.0178824169842144,0.3139987365761217,0.8119625978249818,0.8772432346890336
629,unique-sweep-442,run_985316914f6e50bcc673a2d3814de54c,0.6051052808761597,0.8207275047862159,2.65767555797496,1.3191535060012638,0.3995019819087306,1.219488843171388,0.641888959795789,2.5449918345127935,0.4340998104864181,0.3995019819087311,1.0436698844753916
630,earnest-sweep-443,run_33d403b9e337bd8c8d86d47689ac8476,0.5077217817306519,1.0476579451180599,2.3954001088731633,1.4580543272267845,0.6992072365077752,1.2611884791897454,0.6670070197830245,2.2001905280348404,0.2911054958938725,0.6992072365077755,0.8710159835417003
631,decent-sweep-444,run_0c236fedc50a192e31e7b373f09169c9,0.5373324751853943,0.9549712827058072,2.72632008709853,1.1228427037271007,0.342921028559813,1.0092736192435512,0.8949840459476707,2.629640718562875,0.8144662034112446,0.3429210285598133,0.9348314606741566
632,hopeful-sweep-445,run_f733a7d5dee51b60d78e0969707bfbe2,0.5675813555717468,0.8872750478621572,2.2673652694610786,1.2586102337334177,0.8237015956906191,1.1208339927203672,0.536490108487557,2.100898203592816,0.3060391661402406,0.8237015956906186,0.834918499762621
633,sunny-sweep-446,run_e1b26d5a256e09a6f236342dbc2076c6,0.5817485451698303,0.8553924696873005,2.3301850843767022,1.2641692987997475,0.679306840126029,1.1885820541224876,0.6055392469687301,2.089139902014154,0.3803032217308901,0.6793068401260292,0.9388906472543119
634,sandy-sweep-447,run_b371ce6a71b48df1fadb9de9a5113b21,0.5368219614028931,0.8914103382259094,2.197033206314644,0.9993809222994318,0.9755564589897348,1.1025557841430609,0.658455647734525,1.9470604246053362,0.3348704990524323,0.975556458989734,0.8627710080708983
635,rich-sweep-448,run_e748dac6a8288dcbb2eaa9bad143a115,0.679770290851593,0.6522271857051692,2.499591725639631,1.2784207201516111,0.34432361012298,1.1699952524133566,0.47226547543075964,2.254735982580296,0.5450031585596982,0.3443236101229791,0.8438043994302895
636,honest-sweep-449,run_6fbd65af488cffe3dd23ba206aeab078,0.5848117470741272,0.8892661135928527,2.62103973870441,1.3442956411876188,0.4237524138631975,1.2511156828612124,0.6717804722399491,2.48277082199238,0.3591282375236901,0.4237524138631975,1.0528881152081033
637,dandy-sweep-450,run_6b64eea35adb33e12ccf616704516716,0.5917038917541504,0.8635864709636248,2.806124115405553,1.2895388502842706,0.4311312125215977,1.2634594081341985,0.7116017868538598,2.6730811105062617,0.44723941882501567,0.431131212521598,1.1116315872764668
638,comic-sweep-451,run_d917f4d9b936439110b75f7c6459a725,0.5945118069648743,0.831576260370134,2.1435220468154603,1.3524573594440936,0.6596706982416912,1.083953157145118,0.5609955328653483,1.9048720740337513,0.31965887555274813,0.6596706982416899,0.6784301313498972
639,visionary-sweep-452,run_dcbec6cf9b3f21cae8ccdce72a5be4c1,0.5831525325775146,0.8608806636885769,2.3912084921066965,1.2766519267214151,0.6928956194735237,1.201281848393733,0.5990299936183797,2.131110506260208,0.4460012634238784,0.6928956194735225,0.8369678746637123
640,vibrant-sweep-453,run_66d6c445197dbbb6f28bb9e71a120444,0.761837899684906,0.4899298021697511,2.756477953184541,1.3409096651926724,0.46019920723650776,1.2763332805823706,0.3509125717932356,2.5284975503538374,0.8636891977258369,0.4601992072365083,0.993946827029594
641,stoic-sweep-454,run_19432abf3ce29bd76bb6346fb3d982b2,0.5559667944908142,0.9618379068283344,2.349401197604791,1.3967530006317121,0.7529322085577803,1.2137363506884,0.5686790044671347,2.1267555797495943,0.3257738471257107,0.7529322085577806,0.8901566703592338
642,hopeful-sweep-455,run_5190f8c2376047140be4827246caf86c,0.43178045749664307,1.5589278876834718,4.04047359825803,1.9017687934301963,0.000609818070942169,1.752373793321728,1.5589278876834727,4.04047359825803,1.9017687934301963,0.0006098180709429412,1.7522155404336126
643,peach-sweep-456,run_3844a68346c225ea86a5f79891cfd88f,0.622590959072113,0.775877472878111,2.5603429504627115,1.3252684775742263,0.4401361927025104,1.1128896977369838,0.5899936183790678,2.3817909635274916,0.4654074542008847,0.4401361927025094,0.8262304162050963
644,easy-sweep-457,run_45767ace83cdec1e16652fec670e5476,0.5781748294830322,0.9016464582003829,2.3133641807294514,1.3569046114971575,0.7842057119625979,1.189341667985441,0.5618889597957889,2.0695971692977695,0.34242577384712614,0.7842057119625978,0.9175265073587586
645,absurd-sweep-458,run_7309a74c9f5a2703ffcc51f7d34365b1,0.43178045749664307,1.5589278876834718,4.04047359825803,1.9017687934301963,0.0,1.752373793321728,1.5589278876834727,4.04047359825803,1.9017687934301963,7.420293332589724e-17,1.752373793321728
646,earthy-sweep-459,run_1bbc16ea518918956c2d4c0c13a8cf13,0.43178045749664307,1.5589278876834718,4.04047359825803,1.9017687934301963,0.0,1.752373793321728,1.5589278876834727,4.04047359825803,1.9017687934301963,7.420293332589724e-17,1.752373793321728
647,restful-sweep-460,run_96368d4b356244fd2d8f4be349c2cb0a,0.5812380313873291,0.8680025526483727,2.3218562874251507,1.2950979153506001,0.7485415184469967,1.1577385662288338,0.5619400127632417,2.131981491562331,0.30421983575489747,0.7485415184469979,0.9155483462573195
648,northern-sweep-461,run_be0797cc9fa79c9254603bc3d30c39d9,0.6208040714263916,0.7765666879387364,2.5146162221012527,1.2828174352495267,0.4299014127451977,1.0900379806931477,0.6066624122527128,2.323870440936311,0.48034112444725136,0.42990141274519694,0.8365643297990193
649,devout-sweep-462,run_0b4f5bc4cd73d063c1b96300b37a2591,0.43178045749664307,1.5589278876834718,4.04047359825803,1.9017687934301963,0.0,1.752373793321728,1.5589278876834727,4.04047359825803,1.9017687934301963,7.420293332589724e-17,1.752373793321728
650,smart-sweep-463,run_598b2f9c9b6d80058fcafe37b73ca7d0,0.5657945275306702,0.9168347160178686,2.7127109417528588,1.2683133291219206,0.5320764305315582,1.2346652951416364,0.7124696873005737,2.5858737071311935,0.37143398610233747,0.5320764305315576,1.069575882259852
651,fluent-sweep-464,run_9f4dd6c02913d5572a5367af5ab0db27,0.5671984553337097,0.8980472239948948,2.2535383777898756,1.3637523689197726,0.8196259782498222,1.171134673207786,0.5738098276962347,2.0118399564507357,0.34495262160454715,0.8196259782498221,0.8293559107453714
652,silvery-sweep-465,run_ae909e3414bff5320d85f8df7300592e,0.5289087295532227,0.9757498404594767,1.998992923244421,1.394175615919141,0.878117694887692,1.114100332331065,0.556707083599233,1.6819542732716388,0.2518130132659521,0.8781176948876929,0.71216964709606
653,ethereal-sweep-466,run_8c44bd0a190879574249c0560ba69bd5,0.539757490158081,0.9196936821952777,2.6559335873707135,1.2199494630448517,0.5332249212318325,1.1910270612438678,0.7327377153797054,2.5280076211213935,0.3614276689829435,0.5332249212318331,1.0297357176768467
654,divine-sweep-467,run_1d28ab8f47b8b6e99281e3f8aa4f96cb,0.5608168244361877,0.9375366943203575,2.6359009254218844,1.2629816803537588,0.4842565301351764,1.1983383446747904,0.685079770261646,2.5197332607512246,0.33335439039797843,0.48425653013517767,1.0171071372052538
655,playful-sweep-468,run_3e87d68ecf1d56ae24ae1f7bf7b25a8d,0.5412890911102295,1.0097000638162092,2.2074850299401207,1.4598989260897033,0.7716332960666735,1.1973017882576358,0.6054626675175498,1.9918072945019067,0.31066329753632316,0.7716332960666747,0.8489397056496288
656,sandy-sweep-469,run_ebf5411679de3b6561bb0c15076b06cd,0.5176770687103271,1.0050797702616465,1.995781164942842,1.594403032217309,0.644801300945218,1.1174869441367303,0.5736311423101474,1.7331790963527498,0.24440934933670233,0.6448013009452177,0.5885424909004592
657,dark-sweep-470,run_3b00ec9f8822271aa4c9b1264584be57,0.5130823254585266,1.0201403956604977,2.4006260206859014,1.2710928616550854,0.7997154182335603,1.2148520335496122,0.7047351627313345,2.226973326075123,0.36448515476942456,0.7997154182335615,0.9404257002690294
658,usual-sweep-471,run_3fb2ab98aa810dbb92ce767b523defff,0.6483727097511292,0.7203063178047224,2.6158682634730552,1.2801642451042328,0.4898160382152658,1.2681753442000316,0.5453477983407787,2.353048448557431,0.6312444725205298,0.4898160382152661,0.9606108561481255
659,sandy-sweep-472,run_01281e7f5d92e47ffacc0e2cc5b64ad4,0.43178045749664307,1.5589278876834718,4.04047359825803,1.9017687934301963,0.0,1.752373793321728,1.5589278876834727,4.04047359825803,1.9017687934301963,7.420293332589724e-17,1.752373793321728
660,flowing-sweep-473,run_943567c19b455af53f30d7a59e14d0e8,0.536439061164856,0.9434588385449906,2.808138268916713,1.1607454200884397,0.4702612054070535,1.1521047634119321,0.8094958519463942,2.7243059335873716,0.4301831964624133,0.47026120540705296,1.0361370470011084
661,colorful-sweep-474,run_739f909d1119bec1ee8bb77a87ffc778,0.5470325350761414,0.9810082961072112,2.605307566684813,1.2806190777005688,0.637483484093912,1.2717202088938122,0.7231397574984048,2.483805117038651,0.3646873025900185,0.6374834840939111,1.033818642190219
662,twilight-sweep-475,run_0353d32df49db7543c867879fd96d188,0.5550733804702759,0.9409827696234844,2.6791780076211222,1.3123310170562226,0.5524545177355422,1.2693701535053015,0.6841352903637525,2.4667664670658693,0.41012002526847896,0.5524545177355417,0.9822361133090686
663,glowing-sweep-476,run_a42d0b208cd6c79d77fe6bcb06833d6d,0.5028717517852783,1.102003828972559,2.2391126837234627,1.626595072646873,0.8380628112613071,1.2871498654850453,0.5773324824505432,2.0526129559063695,0.3274415666456092,0.8380628112613063,0.8631429023579685
664,magic-sweep-477,run_c1ba42e81c95ab84d9bab0c490a6228c,0.5853222608566284,0.8731078493937461,2.2867991290146987,1.3614024005053695,0.7621201341599757,1.1809305269821175,0.5162986598596042,2.075149700598803,0.33729627289955766,0.7621201341599771,0.8930843487893654
665,zany-sweep-478,run_837b84f1315c4d4c5f45a141d3e39a3e,0.5134652256965637,1.1061646458200383,2.231600435492652,1.7750221099178773,0.816861469661551,1.268262383288495,0.5549457562220802,2.0375884594447484,0.4142387871130757,0.8168614696615515,0.8202801076119642
666,generous-sweep-479,run_18ce4fcfa0b82fc940fce0c0533baa8b,0.5323548316955566,1.056643267389917,2.459254218835058,1.599861023373342,0.6799674763695497,1.2728675423326477,0.6066113592852584,2.296053347849755,0.3287302590018951,0.6799674763695508,0.9522471910112357
667,peachy-sweep-480,run_060ccbc1b70c8612c30f361f91bc0dd7,0.5354179739952087,0.9170899808551373,2.125557974959173,1.32367656348705,0.7265474133550157,1.0733106504193701,0.6047479259731964,1.8413990201415367,0.286885660138978,0.7265474133550152,0.659922456084823
668,neat-sweep-481,run_ccadd8a470f4babd02c9a08e29d6f4a8,0.5499680638313293,0.9543075941289089,2.1492923244420257,1.4051926721415038,0.8686655147880882,1.1335021364139897,0.564211869814933,1.9077027762656509,0.3709033480732782,0.8686655147880882,0.8041304003798071
669,classic-sweep-482,run_54156ee0c9269b0b8b3b3017071a9886,0.5795788168907166,0.8480663688576899,2.2740609689711495,1.3148831332912194,0.6959752007317818,1.1887561322994145,0.5518570516911303,2.0066684812193807,0.35195198989260895,0.6959752007317822,0.8923959487260648
670,crimson-sweep-483,run_f95ed94309e795b392364e608486a764,0.6395660638809204,0.7553031269942567,2.5719923788786074,1.2684902084649403,0.4561032625266796,1.2419528406393419,0.5459859604339499,2.385492651061514,0.5009602021478213,0.45610326252668004,1.003671467004274
671,atomic-sweep-484,run_464e7e681b2a999f21e56b7096932093,0.5791959166526794,0.8761965539246969,2.453048448557431,1.311825647504738,0.5901311108852527,1.2357255894920083,0.6082195277600513,2.2339956450734904,0.3967024636765638,0.5901311108852517,0.9589096376008857
672,wise-sweep-485,run_09950160047388f1c670fdfb7b5ebc88,0.5523930788040161,0.8628717294192726,2.0258301578660864,1.2351105495893875,0.7861774570586442,1.0771957588225984,0.5170389278876839,1.7508165487207408,0.3462413139608341,0.7861774570586426,0.7360658332014561
673,fast-sweep-486,run_f6d072254cb9074b49a95c0f225ac785,0.5720484852790833,0.8730567964262923,2.5908274360370176,1.180075805432723,0.5618050614899889,1.1824655799968349,0.7195915762603696,2.4508165487207405,0.4185596967782682,0.5618050614899884,1.0465579996834946
674,classic-sweep-487,run_91b64cd4ccd1c5fe84d57dde62008dd1,0.5269942283630371,0.9610976388002552,2.182607512248232,1.3681490840176882,0.7990751092590711,1.191216964709606,0.567887683471602,1.8961622210125213,0.3021225521162351,0.7990751092590707,0.8131033391359394
675,celestial-sweep-488,run_d3399d838df79f788d63b917f1a254e0,0.5098915100097656,1.0134779834077856,2.5060152422427877,1.414718888186987,0.6249822136395975,1.3009811679063141,0.6488576898532233,2.326374523679914,0.30181933038534436,0.6249822136395965,1.095648045576831
676,unique-sweep-489,run_106ba107a019f1b5f1582c99970d340f,0.6432673931121826,0.7434077855775367,2.498557430593359,1.2449399873657616,0.5930785648948065,1.1756053172970407,0.5689597957881303,2.284948285247687,0.49934301958307115,0.5930785648948059,0.8379411299256205
677,generous-sweep-490,run_e7aff4222d04598c03ef5adbce4e7284,0.5987236499786377,0.8207275047862157,2.0915351115949923,1.2383449147188885,0.815804451671918,1.1195758822598514,0.5253860880663688,1.7949646162221014,0.36008843967150916,0.8158044516719176,0.7261275518278208
678,frosty-sweep-491,run_15710e6b74ed29c14bfed3e7d456f6ee,0.5682195425033569,0.9085896617740907,2.1383505715841054,1.3036891977258371,0.9122878341294847,1.136698844753917,0.6039566049776649,1.860179640718564,0.3345925457991161,0.9122878341294838,0.7960753283747436
679,crimson-sweep-492,run_7ce473b6b49362a8b5c5d78b211ae4f9,0.5638800263404846,0.905654116145501,2.178089275993468,1.3132912192040431,0.8316800487854457,1.1056417154613072,0.5777919591576252,1.8822808927599348,0.32590018951358224,0.8316800487854447,0.7506330115524605
680,frosty-sweep-493,run_026476ee20f24b501f5db9d43b3c8920,0.5739629864692688,0.89531589023612,2.6088459444746883,1.1865698041692991,0.5373107023071451,1.1573587592973573,0.6876834716017873,2.505307566684813,0.34237523689197735,0.5373107023071433,0.9907817692672887
681,deft-sweep-494,run_982fdfaf487550a862ded0d8b2801353,0.6160816550254822,0.7978557753669433,2.6970876428960278,1.255148452305749,0.43862181115967075,1.2085377433138156,0.6568985322271852,2.5527218290691347,0.40195830701200386,0.4386218111596711,1.0737379332172823
682,whole-sweep-495,run_2be5c079a19c300673ae1e413977b60c,0.5553286671638489,0.935341416719847,2.622291780076212,1.2608338597599498,0.5283463766642951,1.1997547080234217,0.689112954690492,2.497087642896027,0.33327858496525653,0.5283463766642975,1.0360104446906155
683,fragrant-sweep-496,run_ce0008fa5508528068f2eed544159187,0.5700063705444336,0.8652456924058712,2.4239793140990753,1.2098420720151613,0.3943795101128163,1.1623912011394206,0.6495979578813026,2.1957811649428423,0.3996841440303222,0.3943795101128173,0.8582766260484245
684,lemon-sweep-497,run_ccb2fa0f21a1cc33aa5cb770b5978071,0.5580089092254639,0.9080280791320996,2.4110234077299952,1.376058117498421,0.4920723650777518,1.0531254945402753,0.6736439055520097,2.2206042460533495,0.47862286797220416,0.4920723650777507,0.7455293559107465
685,treasured-sweep-498,run_6a017b1d089431d4ca74afe50659c722,0.5526483654975891,0.9654371410338227,2.4178824169842144,1.4285912823752374,0.6578514076633803,1.2123437252729863,0.5750350989151236,2.267528579205226,0.3078837650031591,0.6578514076633786,0.9581895869599621
686,rare-sweep-499,run_89ef24fb6271aa30ede07a57ac97ca8c,0.6236119866371155,0.7744990427568603,2.5466249319542746,1.267226784586229,0.46070738896229285,1.1055230257952209,0.6078621569878746,2.363935764833969,0.47730890713834506,0.4607073889622927,0.8483779078968184
687,stellar-sweep-500,run_fdd9e7dc60fb0f56759dbcf3041c8fa4,0.5945118069648743,0.8398723675813657,2.7459172563962997,1.3077321541377136,0.46177457058644167,1.3118689666086407,0.6082450542437773,2.561594991834515,0.48246367656348726,0.4617745705864421,1.0430764361449596
688,ancient-sweep-501,run_eab90fe149bcd9e57ed5a23d2da7c239,0.6077855825424194,0.8187364390555203,2.4240881872618405,1.3459633607075177,0.4290781583494258,1.1398797278050323,0.5875686024250162,2.1952367991290163,0.3804548325963367,0.4290781583494255,0.778762462414939
689,helpful-sweep-502,run_d97b89a427ac8d4069e8b936c0e2b3b0,0.6187619566917419,0.7791959157626037,2.4688350571584112,1.298963992419457,0.5175017786360403,1.0755578414306062,0.6014805360561587,2.283206314643441,0.4448894504106144,0.5175017786360397,0.7754628896977372
690,usual-sweep-503,run_e3ce23b39058a956209320c851a12750,0.43178045749664307,1.5589278876834718,4.04047359825803,1.9017687934301963,0.0,1.752373793321728,1.5589278876834727,4.04047359825803,1.9017687934301963,7.420293332589724e-17,1.752373793321728
691,balmy-sweep-504,run_f0924b6c6520b951a2e439aa77052296,0.5406509041786194,0.8686917677089981,2.807049537289059,0.8524952621604551,0.5215977233458685,1.1302025636967874,0.8686917677089981,2.689902014153512,0.5135186355022106,0.5215977233458691,1.1302025636967878
692,lyric-sweep-505,run_865b4e9b13d18fd9024d7eb1fba8e1f2,0.5994894504547119,0.817204850031908,2.0900653238976603,1.2589892608970312,0.7288647220245961,1.092934008545656,0.5688321633694965,1.820930865541644,0.32976626658243885,0.7288647220245963,0.7777259059977847
693,vibrant-sweep-506,run_8ad7c194ddfdcf885d80faa5c830a6b4,0.43178045749664307,1.5589278876834718,4.04047359825803,1.9017687934301963,0.0,1.752373793321728,1.5589278876834727,4.04047359825803,1.9017687934301963,7.420293332589724e-17,1.752373793321728
694,lyric-sweep-507,run_6f233048f4c9e663563bcb0c54460848,0.5962986350059509,0.8700446713465221,2.7181001633097455,1.3382059380922302,0.3487752820408578,1.2533628738724483,0.6794639438417371,2.61271094175286,0.409665192672141,0.3487752820408572,1.0914543440417785
695,astral-sweep-508,run_6129c3909dbf1b286adf39de1f5ed907,0.5705168843269348,0.8683854499042758,2.669814915623299,1.105685407454201,0.5127756885862385,1.1671071372052542,0.6722910019144865,2.5798856831790964,0.33661402400505414,0.5127756885862401,1.044445323627157
696,soft-sweep-509,run_702af4dc3dce7c9606d057172ca9003d,0.5190810561180115,0.9810082961072112,1.9654599891126845,1.2972204674668353,0.9491005183453604,1.0929498338344676,0.5956094447989795,1.667691888949375,0.26414403032217415,0.9491005183453604,0.7511394207944305
697,feasible-sweep-510,run_d662ae10c4ddba34293e302c035ac149,0.5626037120819092,0.8898532227185705,2.3468426782798053,1.2115855969677827,0.7351763390588474,1.1404731761354645,0.5733758774728782,2.155879150789332,0.33365761212886896,0.7351763390588478,0.938210159835416
698,driven-sweep-511,run_cdb79a5856d879ca52a79859237deee6,0.5891512632369995,0.8326228462029356,2.506341861731084,1.3041945672773216,0.5494359182843784,1.279229308434879,0.5560689215060618,2.2716113228089294,0.47953253316487715,0.5494359182843781,0.9638946035765149
699,bright-sweep-512,run_78cebfa11773790a506587dde656e9fb,0.6820676326751709,0.6545245692405872,2.542651061513338,1.3182438408085915,0.388098383982112,1.2222187054913753,0.485232929164008,2.301061513336963,0.6073404927353129,0.388098383982112,0.8757081816743149
700,feasible-sweep-513,run_f31cc63ddfefde161f5399efb6f66835,0.6005105376243591,0.8051308232291002,2.1510342950462715,1.2419330385344285,0.7837991665819697,1.1023421427441051,0.5321506062539881,1.8662221012520415,0.34346178142766925,0.7837991665819691,0.7832884950150335
701,fragrant-sweep-514,run_cd5dc35f0a16e718b225f11c0c24b013,0.5922144055366516,0.8833694958519464,2.695617855198695,1.265634870499053,0.5200528508994817,1.2269742047792371,0.7066241225271223,2.572808927599348,0.37593177511055115,0.5200528508994814,1.0648915967716415
702,youthful-sweep-515,run_d5dfa3ecfcde277ee99d9f18a798a203,0.5467773079872131,0.9234971282705807,2.7756396298312476,1.2466329753632346,0.46079886167293427,1.1907738566228836,0.7330695596681558,2.6439031028851416,0.3645862286797208,0.4607988616729337,1.001772432346891
703,fancy-sweep-516,run_f1fb4342adf630ea83076e3198d5fa2c,0.5483088493347168,0.9099170389278877,2.427898747958629,1.4311433986102338,0.51771521496087,1.2069235638550404,0.6178940650925331,2.25119760479042,0.3107391029690472,0.5177152149608703,0.9166877670517483
704,dutiful-sweep-517,run_6a33a5035710b944f15f5836ecf342db,0.5577536821365356,0.9386088066368857,2.6081927054980953,1.2876437144662034,0.568675678422604,1.194484886849185,0.6807402680280797,2.5024768644529125,0.36819962097283726,0.5686756784226035,0.9720446273144484
705,distinctive-sweep-518,run_20d1140dc047f161b193279b4ab67129,0.5955328941345215,0.8326228462029356,2.6908818726184007,1.3216045483259635,0.4535725175322696,1.2228438043994303,0.6407147415443526,2.555117038649975,0.43407454200884465,0.4535725175322695,1.035978794112993
706,crimson-sweep-519,run_6bc45b566851cd2c06aa596b2895415b,0.5372048616409302,1.0118187619655392,2.397632008709854,1.4391282375236893,0.7499034454721009,1.2104605159044153,0.6042118698149332,2.224197060424606,0.35831964624131424,0.7499034454721016,0.8932900775439149
707,expert-sweep-520,run_a99672bb3b291126cf7630c08d2845ec,0.609444797039032,0.8172048500319081,2.4915895481763752,1.2754895767530006,0.7389063929261104,1.2988922297831937,0.5722016592214421,2.2632825258573774,0.5235249526216047,0.7389063929261099,0.9760088621617349
708,icy-sweep-521,run_1f6a0f52e5a9579b5112308db26d84b3,0.6019144654273987,0.8462029355456286,2.565895481763746,1.2937839545167407,0.46520987905274924,1.1891201139420795,0.6390299936183793,2.4559335873707138,0.3215034744156663,0.46520987905274935,1.0183810729545821
709,deft-sweep-522,run_9f68e9b77c0e8c6561717d54846e13da,0.6283344030380249,0.763854499042757,2.5761839956450747,1.3365129500947568,0.3849273300132127,1.11300838740307,0.5976260370134023,2.393930321175831,0.5284775742261525,0.3849273300132133,0.8395948726064248
710,worthy-sweep-523,run_7a60659b9682f44d36a2e9db10f66a8c,0.5862156748771667,0.8745118059987237,2.5851115949918353,1.2504990524320911,0.5108141071247079,1.2108086722582687,0.6694320357370781,2.443249863908547,0.3429564118761846,0.5108141071247088,1.0294033866118057
711,honest-sweep-524,run_f7da0084687d549eaf56859d511abe5a,0.5795788168907166,0.8781620931716657,2.562302667392489,1.229930511686671,0.4986787275129586,1.1706994777654693,0.6465347798340781,2.443739793140991,0.30990524320909796,0.4986787275129583,0.996573824972306
712,sparkling-sweep-525,run_a4ba7cede5c982def37717ec8f9f0387,0.5651563405990601,0.8547287811104021,2.5900653238976603,1.2633101705622238,0.5140359792661855,1.1548346257319198,0.6585322271857055,2.452667392487754,0.3687807959570439,0.5140359792661849,0.9729071055546777
713,balmy-sweep-526,run_0675eef25d255853ca06933f5775d926,0.5798341035842896,0.8563624760689216,2.282879695155145,1.3331017056222363,0.7390181929057832,1.215888589966767,0.5442756860242497,2.018862275449102,0.3741377132027796,0.7390181929057821,0.917202088938124
714,kind-sweep-527,run_c790de622065eb822a920844c223ff00,0.5980855226516724,0.8571282705807276,2.7425421883505727,1.3192293114339864,0.34358166480333374,1.2029197657857256,0.6661901723037654,2.651306477953186,0.47334175615919283,0.34358166480333296,1.043179300522235
715,sweepy-sweep-528,run_709497bb4707fcd3df3be6ba35f18f5e,0.6085513830184937,0.8065858328015316,2.124197060424606,1.2943651295009477,0.8376054477081005,1.1973650894128818,0.5154818123803453,1.8524496461622209,0.40051800379027136,0.8376054477081,0.8478635860104443
716,stellar-sweep-529,run_2a06d5d0a9043b80bc34dd8e203427e1,0.5492023229598999,0.9618634333120613,2.32387044093631,1.4356411876184463,0.7339058847443847,1.211259692989397,0.5506317804722389,2.131709308655417,0.32963992419456717,0.7339058847443847,0.9327662604842544
717,faithful-sweep-530,run_d801c522d04576a11edecc7433b3b13e,0.5591576099395752,0.9059093809827696,2.7207131192161143,1.2979532533164881,0.41866043297083044,1.2576277892071532,0.6953669432035728,2.5566412629286885,0.4047883765003166,0.4186604329708307,1.0367225826871345
718,genial-sweep-531,run_2749d868d79b2ffa66bd82645ddda90e,0.5521378517150879,0.9372303765156352,2.3137996733805126,1.3047252053063805,0.8131110885252567,1.2281927520177243,0.5425398851308237,2.073298856831792,0.3453316487681612,0.8131110885252568,0.9240940022155408
719,radiant-sweep-532,run_ec48756c93789dc7a9fbb66902dad044,0.5527759790420532,0.9278876834716018,2.3984485574305943,1.2652053063802908,0.6764610224616323,1.182141161576199,0.6029355456285895,2.224251497005988,0.34540745420088437,0.6764610224616322,0.9277021680645668
720,gentle-sweep-533,run_9a04e53c85a9562a7fb617857e1c2924,0.5790683031082153,0.8812252712188898,2.298720740337507,1.3062160454832596,0.7009655452789918,1.1448726064250674,0.5249776643267385,2.1081927054980962,0.308288060644347,0.7009655452789929,0.8936619718309863
721,glorious-sweep-534,run_7c9af5535ead683ede8fafed27aa6818,0.5244415998458862,0.9296745373324827,2.842651061513338,1.0614150347441569,0.4272182132330521,1.1857097642031966,0.8516656030631771,2.7657866086009797,0.5079595704358805,0.4272182132330525,1.134467479031492
722,gentle-sweep-535,run_e43034aacaf9b622109d088ca9cc2b58,0.4472239911556244,1.3642884492661136,3.193277082199239,1.868237523689198,0.18845411119016162,1.5949912960911536,1.1436885768985323,3.1033478497550355,1.1013392293114352,0.18845411119016292,1.3574062351637917
723,wandering-sweep-536,run_813e26e077afd240d6570f007406ea02,0.5834077596664429,0.8597319719208679,2.5062874251497016,1.3328237523689201,0.595863400752109,1.2198923880360817,0.6009955328653482,2.2945291235710408,0.4022867972204687,0.5958634007521095,0.9536002532046208
724,fearless-sweep-537,run_87fb4b1a29b02b658df2c041f25a77da,0.5991065502166748,0.8390299936183792,2.544229722373436,1.1953126974099813,0.5398617745705865,1.1681357809780029,0.6328781110402036,2.4025857376156785,0.3402526847757434,0.5398617745705864,0.992126918816269
725,still-sweep-538,run_c4a7d100df66b02a3df7a1a2c6aa6bb8,0.6594766974449158,0.6883216336949585,2.570577027762657,1.2977763739734682,0.38763085679438974,1.3046447222661812,0.4844160816847478,2.3307294501905296,0.5897536323436517,0.3876308567943905,1.030139262541541
726,lilac-sweep-539,run_8f99d3ac1275240c73e876daa1f50b02,0.6100829839706421,0.7976515634971282,2.63622754491018,1.3594819962097286,0.39278381949385105,1.1681120430447856,0.6275430759412886,2.467365269461079,0.552406822488946,0.392783819493851,0.8708814685868015
727,twilight-sweep-540,run_a25476c986052dfd060629a12ab5bfbf,0.6183790564537048,0.7867517549457563,2.514180729450191,1.260050536955149,0.5117796524036996,1.089602785250831,0.6116911295469056,2.3228905824714214,0.4158307012002515,0.5117796524036997,0.8150340243709444
728,sweet-sweep-541,run_aec8ef230a56c2896dc6604aaf6fb1c4,0.5637524127960205,0.9194639438417358,2.4633913990201424,1.3747946936197097,0.624626486431548,1.200363981642665,0.579910657306956,2.2988840500816563,0.3227668982943783,0.6246264864315474,0.940591865801552
729,desert-sweep-542,run_58d26a87bbcb46fb415be6d283a779c8,0.5509891510009766,0.938379068283344,2.17569406641263,1.4124447252053063,0.8011484907002745,1.1759139104288654,0.5183663050414807,1.9349755035383787,0.3048262792166784,0.8011484907002747,0.8516062668143687
730,different-sweep-543,run_62e51f90be85d84429b154905ad8d269,0.5974473357200623,0.8273133375877473,2.5441208492106706,1.24433354390398,0.5100721618050615,1.206053172970407,0.6414294830887041,2.302095808383235,0.4550726468730255,0.5100721618050611,0.8991691723373949
731,comic-sweep-544,run_2e003eda48fa3c4c68907b6f59672376,0.574984073638916,0.8864071474154436,2.6256668481219383,1.4692229943145927,0.2520073178168513,1.1953394524450072,0.6728015315890236,2.4712847033206335,0.6956790903348093,0.2520073178168517,0.8759376483620821
732,frosty-sweep-545,run_5fe867b8e1c71c2ef39af7c607455698,0.6121250987052917,0.7948947032546267,2.6249591725639636,1.3113455464308277,0.5449944100010164,1.3217676847602469,0.5632163369495861,2.418209036472512,0.5251674036639292,0.5449944100010166,1.049224560848236
733,pleasant-sweep-546,run_e9a002a1612b0386e9a73fcc73383883,0.5548181533813477,0.9060114869176772,2.3311649428415904,1.2591408717624766,0.6899075109259071,1.1589729387561323,0.620012763241864,2.02490473598258,0.3953885028427046,0.6899075109259066,0.7633090678904894
734,astral-sweep-547,run_4fca501f1432c965208e9c3e9fc79e8a,0.5871091485023499,0.844773452456924,2.5446107784431145,1.266569804169299,0.5533489175729241,1.167668934958063,0.6440842373962975,2.390119760479042,0.39960833859759876,0.5533489175729245,0.9638866909321099
735,effortless-sweep-548,run_a5a0295eb113e14f33c3cd44cd308790,0.5352903604507446,0.9460880663688577,2.093821448013066,1.3112444725205308,0.7950299827218213,1.1083636651368887,0.6139885130823228,1.8437397931409905,0.29984838913455575,0.7950299827218221,0.7569156512106348
736,balmy-sweep-549,run_b3254e054eba32324c11af5ad39f020e,0.5867262482643127,0.844977664326739,2.4780892759934687,1.2133038534428302,0.6100010163634516,1.1639341667985441,0.6284109763880023,2.24107240065324,0.41706885660138976,0.610001016363452,0.8383921506567493
737,pleasant-sweep-550,run_47c4afa444b8cdefee74ee1b5a8d135b,0.6010210514068604,0.8266751754945757,2.4548448557430604,1.3967277321541378,0.5682183148693973,1.172820066466213,0.5467517549457566,2.3029667936853575,0.34469993682880573,0.5682183148693973,0.8911932267763882
738,celestial-sweep-551,run_a8b59b1ea1125cbc7122d5ce36ff7054,0.6190172433853149,0.7978047223994895,2.5861458900381065,1.1700947567909037,0.5970525459904462,1.1624228517170438,0.617791959157626,2.4514697876973335,0.3981680353758691,0.5970525459904467,0.983644564013293
739,distinctive-sweep-552,run_cbbe63b3ac731f4ff503940445900e7d,0.5698787569999695,0.7958902361199746,2.6354654327708227,1.2370309538850286,0.49334281939221464,1.1082370628263967,0.6200127632418638,2.4399292324442037,0.6632596336070753,0.493342819392214,0.8982829561639497
740,breezy-sweep-553,run_eb267304a26acf2aa6859a5f5e5eb983,0.5835354328155518,0.8274664964901086,2.673353293413174,1.3379027163613395,0.44056306535217,1.1617661022313657,0.6195277600510524,2.5330157866086016,0.6006190777005685,0.44056306535216994,0.8858996676689342
741,treasured-sweep-554,run_6d35793fcb37f4a30925f114cbd0453b,0.5679642558097839,0.8774218251435865,2.3777626565051717,1.2910044219835757,0.7511738997865638,1.1689191327741733,0.5316400765794511,2.2023679912901493,0.34730259001895136,0.751173899786565,0.9139895553093846
742,easy-sweep-555,run_dfec482126e52e4ec6e735becd5c34c8,0.5849393606185913,0.8579706445437142,1.977272727272728,1.289033480732786,0.7949588372802114,1.0864693780661496,0.5498659859604341,1.6820087098530223,0.28114971572962716,0.7949588372802112,0.732267763886691
743,clear-sweep-556,run_c8538a8349240e066ca593fb03c9f3fe,0.6141672134399414,0.8027058072750479,2.6197332607512256,1.3704737839545171,0.40091472710641324,1.11961544548188,0.6141671984684118,2.4416167664670665,0.5415919140871758,0.4009147271064133,0.8529751542965666
744,sweepy-sweep-557,run_e02e66debde96c6b44402b631d692701,0.6082960963249207,0.8048500319081048,2.6290963527490483,1.364005053695515,0.41970728732594775,1.1149232473492643,0.6240204211869812,2.4768916712030484,0.5859380922299446,0.41970728732594886,0.8278841588858992
745,super-sweep-558,run_2891dcf5d598955fb0bdbf71bcf19bc9,0.593490719795227,0.8270835992342056,2.7796679368535666,1.2967403663929251,0.39656469153369245,1.2712691881626839,0.6253222718570514,2.6226728361458913,0.4726847757422612,0.3965646915336909,1.0385108403228367
746,feasible-sweep-559,run_3875ccf535b8e619f9d8202762c89807,0.6433950066566467,0.7271474154435228,2.408410451823626,1.187454200884397,0.49821120032523625,1.1339768950783353,0.49470325462667614,2.2100435492651074,0.3609728363866068,0.4982112003252355,0.9056496281057139
747,generous-sweep-560,run_99031d048fa5db37073005be8c50f505,0.6202935576438904,0.7717932354818123,2.3204409363092,1.2139861023373342,0.6954771826405122,1.1859234056021524,0.5258710912571786,2.0395481763745247,0.4594440934933681,0.6954771826405114,0.8260405127393575
748,noble-sweep-561,run_18bf724cd5fb034843cd83b405f2c2f7,0.5398851037025452,0.9555073388640717,2.3784158954817647,1.4260644346178146,0.5567638987702003,1.1082528881152083,0.6958008934269295,2.190391943385956,0.3554895767530007,0.5567638987702005,0.8091232789998423
749,peachy-sweep-562,run_05a306c120635f31f5ff1321fc5dab7f,0.5306956171989441,0.8958774728781111,2.4477681001633105,1.168806064434618,0.4986482366094115,0.9961781927520178,0.7397574984045943,2.3109145345672304,0.5523562855337972,0.4986482366094123,0.772867542332648
750,rosy-sweep-563,run_ec078220b21423d8bb724dae21ad22cc,0.6140395402908325,0.7964007657945118,2.6425966249319552,1.2946430827542643,0.44235186502693363,1.1069156512106346,0.6554945756222068,2.4713391399020157,0.5765129500947581,0.4423518650269333,0.8790156670359229
751,atomic-sweep-564,run_9c36ccdc63838bafeca8deeae7c7254d,0.6070197820663452,0.7955073388640715,2.7275176918889503,1.1262034112444728,0.44304299217400145,1.200063301155246,0.6723165283982132,2.6118943930321192,0.4195704358812394,0.4430429921740014,1.0833517961702799
752,pleasant-sweep-565,run_7cc032863e150879605e7bf251ea1d55,0.6426292061805725,0.7263050414805361,2.5075939031028867,1.2456222362602656,0.3262933224921232,1.1738249723057446,0.500395660497766,2.313799673380512,0.3810360075805447,0.3262933224921228,0.9400379806931477
753,glorious-sweep-566,run_8ab668515efa63352c7f64417d02a2c5,0.5687300562858582,0.8975111678366305,2.4421066956995108,1.2903474415666458,0.6626384795202764,1.182726697262225,0.5588257817485643,2.2867446924333166,0.33724573594440993,0.6626384795202772,0.9439072638075646
754,northern-sweep-567,run_6b9a07408385f59e49806f93e8272dbb,0.6079131960868835,0.8132482450542439,2.196869896570496,1.3339102969046117,0.6516922451468645,1.0590045893337554,0.5600765794511803,1.9364452912357113,0.32746683512318336,0.6516922451468653,0.6796565912327898
755,lively-sweep-568,run_5f4948fd430b8fa88752c47546d378de,0.5419272780418396,0.9430504148053607,2.1233260751224834,1.3764876816171827,0.738581156621608,1.0676293717360343,0.586292278238673,1.8460261295590648,0.2789008212255214,0.7385811566216088,0.6504905839531564
756,valiant-sweep-569,run_6fe93c8378090f9c741fb1f39e14c128,0.5832801461219788,0.8804339502233568,2.829477408818727,1.315464308275427,0.34046142900701293,1.2253125494540276,0.7437141033822605,2.734866630375612,0.5018445988629188,0.34046142900701365,1.0910824497547083
757,vital-sweep-570,run_92e73e6d9c8d8a2bcfa1f2145fb1d4f3,0.6654754281044006,0.7055009572431398,2.5426510615133378,1.2599241945672774,0.6788088220347598,1.3359075803133407,0.48091895341416696,2.2908274360370173,0.5939229311433991,0.67880882203476,0.9862794746004111
758,vague-sweep-571,run_52ef09e81910322de9062298fc575acf,0.5714103579521179,0.8939629865985962,2.356369080021775,1.3077826910928618,0.6624555340989938,1.1670913119164426,0.5589023611997453,2.160070767555798,0.2940871762476308,0.6624555340989947,0.9088384238012353
759,different-sweep-572,run_7686e3796d0da73fb3424f994993da7a,0.5733247995376587,0.8817358008934268,2.439874795862821,1.2677321541377136,0.6293220855778026,1.2530463680962178,0.6296362476068916,2.1630103429504643,0.39162349968414356,0.6293220855778043,0.9843329640765942
760,smooth-sweep-573,run_8086c0e7b71118f2a301b54aef44cdbb,0.5800893306732178,0.8684620293554564,2.165405552531302,1.3485154769425145,0.686218111596707,1.102381705966134,0.5595915762603694,1.8505443658138268,0.3355780164245102,0.6862181115967074,0.7571213799651849
761,silvery-sweep-574,run_06eded2af9b56196bffe88a0ae49d571,0.6912571787834167,0.6507977026164646,2.7428688078388683,1.3198357548957678,0.47713182233966867,1.3171862636493117,0.49294192724952274,2.5429776810016347,0.6647504737839557,0.47713182233966783,1.0572242443424595
762,grateful-sweep-575,run_a7eb41d4bddd902aeaf3bba35639eda6,0.5897893905639648,0.8004594767070836,2.1560968971148617,1.2768793430195835,0.7686146966155097,1.1187054913752177,0.5261518825781754,1.9122210125204138,0.4406443461781438,0.7686146966155085,0.74193701535053
763,eager-sweep-576,run_baa453bb700301aed5a7264d82ac1202,0.43178045749664307,1.5589278876834718,4.04047359825803,1.9017687934301963,0.0,1.752373793321728,1.5589278876834727,4.04047359825803,1.9017687934301963,7.420293332589724e-17,1.752373793321728
764,good-sweep-577,run_9619bb990c60de9064b8c6ff014d8ed0,0.5739629864692688,0.8935035098915125,2.2971420794774096,1.2896399241945675,0.795212928143104,1.196170280107612,0.5492022973835352,2.0804844855743068,0.3354769425142134,0.7952129281431038,0.8887007437885747
765,tough-sweep-578,run_a000fef669aa1a0420c111bb713c3926,0.4908742904663086,1.0197830248883217,2.0798856831790973,1.3421730890713839,1.0013212724870413,1.1641794587751229,0.6568985322271864,1.8029123571039734,0.4429185091598238,1.0013212724870404,0.7550482671308745
766,firm-sweep-579,run_f1b44f29ad0978fa17e904608d75ecd0,0.5668155550956726,0.9000382897255904,2.5479314099074584,1.2249778900821227,0.6192702510417726,1.1705095742997311,0.650287172941928,2.4234893848666315,0.3416424510423247,0.6192702510417736,0.9940576040512745
767,dazzling-sweep-580,run_75cf82bde4756906ebf553765e176708,0.5509891510009766,0.9932354818123804,2.6098802395209586,1.5011118130132663,0.4605244435410103,1.257730653584428,0.7172941927249519,2.472591181273817,0.39968414403032193,0.460524443541009,1.0435986706757407
768,worldly-sweep-581,run_98572988aa37e7beda33740976e902ee,0.5444799065589905,0.9587747287811105,2.5042188350571593,1.25527479469362,0.8644679337331029,1.2925304636809622,0.6452074026802813,2.259145345672293,0.4191661402400514,0.864467933733104,0.9280898876404498
769,fresh-sweep-582,run_e0a71a9492dcead67bb7fbbd1cd2693d,0.5223994851112366,0.9610976388002552,2.179722373434949,1.3239039797852181,0.8639597520073178,1.1851637917391995,0.6213401403956605,1.9366086009798587,0.3426279216677197,0.8639597520073191,0.8185709764203197
770,rose-sweep-583,run_3d9d241b9314390af6dfaa5fdbeb55eb,0.5470325350761414,0.9446841097638801,2.6177191072400663,1.4399115603284904,0.41065148897245657,1.0884238012343725,0.7329164007657938,2.475966249319544,0.5940492735312706,0.4106514889724557,0.8236508941288185
771,royal-sweep-584,run_b6e32c2137d6727df76e7fa5607c3183,0.6103382110595703,0.7907083599234206,2.5046543277082205,1.3023499684144033,0.48630958430734833,1.0983304320303846,0.61319719208679,2.3175013609145356,0.4787744788376506,0.48630958430734655,0.7989159677164109
772,lyric-sweep-585,run_23563a17d45ab84429fd347e2e96b8eb,0.5591576099395752,0.9226037013401405,2.2803756124115417,1.3499052432090968,0.7551275536131722,1.162256686184523,0.5082578174856406,2.0838595536200346,0.30750473783954535,0.7551275536131725,0.8607849343250524
773,polar-sweep-586,run_43d8c63d829e4bdb89f18bcd0eec92d5,0.5804722309112549,0.9015698787492024,2.7092814371257488,1.3058117498420723,0.4221160687061694,1.2061876879253046,0.7179834077855776,2.6133641807294503,0.38606443461781415,0.4221160687061696,1.0301313498971358
774,fresh-sweep-587,run_1ade330e7ad693e7ea15e1953dde9895,0.7275047898292542,0.5527504786215699,2.619842133913991,1.2852179406190782,0.35680455330826305,1.2661022313657224,0.39310784939374627,2.4045998911268383,0.7498041692988,0.3568045533082632,1.0170280107611966
775,quiet-sweep-588,run_04e67362bd4eb61100c80bc12d7e2c70,0.5985960364341736,0.8187109125717933,2.090391943385956,1.254718888186987,0.8244841955483281,1.1373318563063777,0.5305679642629224,1.802313554708765,0.3332785849652565,0.8244841955483281,0.7617028010761193
776,neat-sweep-589,run_079b9da8513ec2260f8da319009a59cf,0.5828972458839417,0.8578685386088067,2.8425421883505724,1.2042830069488317,0.3950299827218213,1.2253362873872446,0.7439693682195279,2.7306205770277643,0.46204674668351353,0.39502998272182055,1.11592024054439
777,splendid-sweep-590,run_2e6c52a896aea1685247a32d3e366803,0.5126994252204895,1.0558008934269305,2.0863091997822547,1.524586228679722,0.9383880475658096,1.2046130716885584,0.5942310146777281,1.8624659771366365,0.5171067593177501,0.9383880475658085,0.7503481563538527
778,rich-sweep-591,run_72f7252740d4a4697b59663f53032263,0.5854499340057373,0.8676962348436504,2.371066956995102,1.41348073278585,0.614330724667141,1.1916284222187057,0.5541799617102743,2.1593086554164413,0.35559065066329765,0.6143307246671409,0.8877195758822598
779,good-sweep-592,run_e14a98098634d7875dcbe3707647f1b6,0.5937460064888,0.8376770899808552,2.5674741426238445,1.255957043588124,0.5407866653115154,1.2113942079442952,0.6495979578813027,2.41820903647251,0.40241313960833813,0.5407866653115146,1.032441842063617
780,effortless-sweep-593,run_951a245dc0b7ecfb8b1fb3eedc6e5803,0.526866614818573,0.9396809189534142,2.834485574305935,1.162109917877448,0.40487854456753736,1.029363823389777,0.8597319719208679,2.7363908546543283,0.7846241313960839,0.4048785445675377,0.9071451178984019
781,royal-sweep-594,run_9fe0012603711832a0c1a50d199710e0,0.6067644953727722,0.8225654116145501,2.3952912357103986,1.3535944409349339,0.6174916150015245,1.1775676531096695,0.5738353541799618,2.1854926510615145,0.36003790271636305,0.6174916150015255,0.9203750593448332
782,frosty-sweep-595,run_473475771fecd9cdc3cb6e31d755449c,0.5798341035842896,0.8840076579451182,2.596706586826348,1.2790271636133927,0.4900599654436426,1.169789523658807,0.6234843650287192,2.481627653783344,0.3187239418825007,0.49005996544364366,0.9727963285329952
783,trim-sweep-596,run_2bfb4081d05d7605446fcef01522bc3a,0.581110417842865,0.8595022335673262,2.140963527490474,1.2699810486418195,0.8508181725785141,1.1686580155087831,0.5604850031908108,1.837098530212304,0.3368161718256478,0.8508181725785146,0.858529830669409
784,clear-sweep-597,run_cac09564a789e10ef826a39b22e8cd14,0.6999362111091614,0.6163114231014678,2.3391671203048454,1.321073910296905,0.6470169732696414,1.1906314290235798,0.3831014677728146,2.0399836690255864,0.6173468098547062,0.6470169732696397,0.8118847918974523
785,fluent-sweep-598,run_b451529feae3a98ba0a4702bf7cdf138,0.6759412884712219,0.6845947670708361,2.803511159499184,1.2679343019583074,0.46785242402683197,1.2746320620351321,0.5574728781110396,2.662193794229723,0.6485028427037268,0.46785242402683336,1.0745371103022632
786,atomic-sweep-599,run_c6075f5b41a4e7c8fe3495291b12ca7f,0.5395022630691528,0.9485896617740905,2.347278170930867,1.2098926089703097,0.8786258766134771,1.1917154613071688,0.6144990427568612,2.1535928143712577,0.32850284270372765,0.8786258766134764,0.9436382338977678
787,vague-sweep-600,run_329383199919ac27e50a9e435023a8e0,0.6357370615005493,0.7507083599234206,2.4742787152966805,1.2439797852179408,0.5714401870108752,1.1437806614970725,0.5042756860242501,2.297686445291237,0.3511433986102336,0.5714401870108747,0.9001345149548982
788,drawn-sweep-601,run_b8b05d6b062148afeca9204894d2cc90,0.43088704347610474,1.3384556477345244,2.89349482852477,1.8136070751737208,0.6218416505742453,1.5003639816426648,0.9805232929164011,2.7704681545998926,0.765596967782691,0.6218416505742457,1.128200664662131
789,royal-sweep-602,run_64a95d7dd52c1534027a386b8687e466,0.5544352531433105,0.9313848117421826,2.6667664670658695,1.3794693619709415,0.5555849171663787,1.2945402753600252,0.6137332482450536,2.5185900925421887,0.35238155401137133,0.5555849171663787,1.085203354961228
790,fearless-sweep-603,run_f99b28e7acb2b5b6be45e9ee8809076a,0.43178045749664307,1.5589278876834718,4.04047359825803,1.9017687934301963,0.0,1.752373793321728,1.5589278876834727,4.04047359825803,1.9017687934301963,7.420293332589724e-17,1.752373793321728
791,whole-sweep-604,run_f6a6d06502a1453b7af62169093b9f65,0.46419909596443176,1.07234205488194,2.035029940119762,1.5122552116234997,0.8889318020123997,1.2406551669567971,0.5625271218889598,1.7863636363636375,0.44034112444725143,0.8889318020123997,0.7380756448805186
792,dutiful-sweep-605,run_8f0425f88ce4aa5d7b97e1aa2374d9a7,0.561582624912262,0.9066496490108488,2.3846216657593913,1.2810233733417562,0.7203882508385,1.1513055863269506,0.5404467134652208,2.2278443113772473,0.3299936828806057,0.7203882508384994,0.8996518436461466
793,gentle-sweep-606,run_1f81871bfd59e039984d1daecb894c27,0.4902361333370209,1.038111040204212,2.2875068045726734,1.3707264687302592,0.7512856997662364,1.2277892071530305,0.6700191448627952,2.0608328796951567,0.2981048641819332,0.751285699766236,0.879838582054122
794,devout-sweep-607,run_9f976b7afa50d33fab0441f91439d624,0.57447350025177,0.7914486279514997,2.5470059880239533,1.2028174352495267,0.5742555137717248,1.0710634594081343,0.6141416719846847,2.3403647250952666,0.5224889450410612,0.5742555137717253,0.8154692198132626
795,rosy-sweep-608,run_f0cce13df4c13f39bb3a90c9cc0a800e,0.581110417842865,0.9117804722399491,2.1764561785519874,1.4747315224257738,0.7574651895517837,1.1635227092894445,0.5106573069559665,1.924632553075669,0.3160454832596345,0.7574651895517837,0.8145117898401643
796,stellar-sweep-609,run_7e91a6d6afad069a6294268b82df94f4,0.5489470362663269,0.9416464582003828,2.279994556341862,1.3302716361339233,0.7904461835552393,1.1714590916284224,0.5895341416719849,2.0922972237343505,0.3152621604548327,0.7904461835552411,0.8858759297357168
797,drawn-sweep-610,run_8a79f68b589a91ef0f9bc4062fb911f0,0.5368219614028931,0.9306445437141034,2.8710125204137196,1.221212886923563,0.42159772334586854,1.2349976262066784,0.7592597319719208,2.7708492106695712,0.5286544535691726,0.4215977233458675,1.0735796803291664
798,helpful-sweep-611,run_3b9dc4c9bcac725294193db0884af1fc,0.5910657048225403,0.8454116145500957,2.6355743059335883,1.3067214150347441,0.30013212724870414,1.263712612755183,0.63022335673261,2.450598802395211,0.43468098547062617,0.30013212724870375,1.0533470485836356
799,fancy-sweep-612,run_fc1bfac653531e205560595699f15881,0.5527759790420532,0.9470835992342056,2.605960805661405,1.257751105495894,0.6439678829149305,1.251653742680804,0.6748691767709006,2.463228089275996,0.36382817435249476,0.6439678829149297,1.0334546605475539
800,tough-sweep-613,run_e22688275c59b45dc90a589d1368d574,0.594001293182373,0.8643522654754309,2.6844039194338603,1.2448389134554645,0.4547514991360911,1.1974125652793164,0.6749968091895333,2.570958083832338,0.3352495262160459,0.45475149913609136,1.0510919449279945
801,sage-sweep-614,run_2982bcdda5beaeb37325005d35ff08a1,0.5777919888496399,0.8563369495851947,2.2601796407185635,1.2904485154769427,0.733926212013416,1.1914543440417789,0.5754945756222087,1.9980130647795333,0.3708275426405562,0.7339262120134167,0.9177401487577148
802,divine-sweep-615,run_4ac44ee2aa31da0e0d0a7ebe555d1add,0.5562220811843872,0.9235226547543077,2.3056886227544915,1.2704611497157297,0.791523528813904,1.1577860420952684,0.5723803446075304,2.0692161132280886,0.342097283638662,0.7915235288139048,0.8628659598037662
803,snowy-sweep-616,run_73533f2976f76ac5d91d7d3e8ce4bbe8,0.606509268283844,0.8051563497128271,2.4456995100707686,1.2411497157296276,0.5078564894806383,1.067937964867859,0.6368347160178682,2.2709580838323356,0.42624131396083415,0.5078564894806387,0.8261592024054446
804,dandy-sweep-617,run_4f8468e0896812576c2660fbc06b0ff8,0.6006381511688232,0.8282067645181876,2.705253130103431,1.253379658875553,0.4529525358268117,1.1840243709447698,0.694396936821953,2.5785247686445305,0.4048136449778909,0.4529525358268119,1.048797278050324
805,solar-sweep-618,run_5c453947f9cd7d3f6c37ab677bb2ac78,0.6040842533111572,0.824352265475431,2.563772455089821,1.370701200252685,0.3766033133448521,1.10098908055072,0.6322910019144866,2.402531301034296,0.6009475679090341,0.3766033133448524,0.8182861212217126
806,hopeful-sweep-619,run_89b1b33e6af9b05ef72b005f0ae6e3f6,0.7151244282722473,0.5773324824505424,2.6002994011976055,1.3114718888186991,0.3450655554426263,1.2386532679221396,0.4397957881301848,2.346842678279805,0.6877953253316504,0.3450655554426278,0.9239515746162361
807,sleek-sweep-620,run_610f94b661c25ec98434c1b8c453a70d,0.5258455872535706,1.009010848755584,2.986799129014699,1.217599494630449,0.45880678930785646,1.2760088621617345,0.870402042118698,2.8910996189439313,0.4999494630448517,0.45880678930785684,1.1264915334704853
808,worldly-sweep-621,run_cca431773473a41c126ed0118696242d,0.43178045749664307,1.5589278876834718,4.04047359825803,1.9017687934301963,0.0,1.752373793321728,1.5589278876834727,4.04047359825803,1.9017687934301963,7.420293332589724e-17,1.752373793321728
809,swift-sweep-622,run_38ad75a7e0775ccd2859b7ade31815a3,0.5276324152946472,0.9603063178047224,2.438568317909636,1.2981554011370817,0.5539180811058034,1.1314290235796802,0.7073388640714746,2.226918889493741,0.3587239418825027,0.5539180811058031,0.7957904731761359
810,earthy-sweep-623,run_5a1d6fd373216314bca6012e76fb5024,0.5488194227218628,0.9329164007657946,2.3609417528579213,1.3023499684144033,0.5330521394450656,1.0660784934325052,0.7033822590938099,2.164970059880241,0.38950094756790876,0.5330521394450658,0.7544785567336598
811,prime-sweep-624,run_590c0a2b01db4315d77ea280ea3437cb,0.43178045749664307,1.5589278876834718,4.04047359825803,1.9017687934301963,0.0,1.752373793321728,1.5589278876834727,4.04047359825803,1.9017687934301963,7.420293332589724e-17,1.752373793321728
812,crimson-sweep-625,run_ebe20ba57af795527bc1ad2315d24a8f,0.6148053407669067,0.7872367581365667,2.568072945019054,1.2779406190777007,0.4948267100315073,1.09438202247191,0.6199361837906823,2.3832063146434406,0.4816550852811122,0.49482671003150686,0.8569552144326633
813,crimson-sweep-626,run_0a372b475711fef6029eb1a70d88cd64,0.625526487827301,0.7725335035098917,2.33682634730539,1.1829564118761848,0.677497713182234,1.1138154771324578,0.5183918315252068,2.1204953728905838,0.33754895767530063,0.6774977131822344,0.8827187846178184
814,worthy-sweep-627,run_9de3a70c1cfbf88a6aa0194309270610,0.5731971859931946,0.8277472878111041,2.3209853021230273,1.2372078332280483,0.7445777009858725,1.1427757556575409,0.5573707721761327,2.066439847577574,0.4270246367656364,0.7445777009858731,0.781642664978636
815,sweet-sweep-628,run_ed7ef707373c6ce5c7247b2d6ff162fa,0.43178045749664307,1.5589278876834718,4.04047359825803,1.9017687934301963,0.0,1.752373793321728,1.5589278876834727,4.04047359825803,1.9017687934301963,7.420293332589724e-17,1.752373793321728
816,proud-sweep-629,run_c0c9b46fed9eb25bccc9e395710e5f24,0.5908104777336121,0.8454116145500957,2.3608328796951557,1.322665824384081,0.5506555544262629,1.1122329482513058,0.6006126356094447,2.136009798584649,0.363474415666456,0.550655554426262,0.7812470327583471
817,woven-sweep-630,run_d6e5c96b9a2bb12d9d7f19419e5f0bfc,0.6020421385765076,0.8096745373324825,2.235029940119761,1.2288945041061277,0.6789511129179795,1.0703829719892388,0.5944862795149971,2.0079205225911823,0.33623499684144154,0.6789511129179778,0.7332093685709761
818,curious-sweep-631,run_d822a1f1d20dd1b5c9d0d6100118ffc7,0.5655392408370972,0.9219655392469689,2.6267555797495925,1.2431459254579913,0.5055595080800895,1.2197024845703437,0.6824250159540534,2.523979314099076,0.35607075173720837,0.5055595080800896,1.045940813419845
819,fine-sweep-632,run_89b4061a6b0fadcf066eaff1449762a9,0.590427577495575,0.8224377791959158,2.3885410996189442,1.2100694883133292,0.6308364671206423,1.1544469061560374,0.6073516273133381,2.210642351660316,0.3733543903979786,0.6308364671206419,0.9190140845070426
820,wandering-sweep-633,run_2773e2c9de3bf6f62177bddf05e21bb9,0.7386087775230408,0.5365666879387364,2.693603701687535,1.3135186355022115,0.3591625165159061,1.3677955372685553,0.38641991065730763,2.422836145890039,0.7763866077068867,0.3591625165159063,1.0775913910428865
821,celestial-sweep-634,run_f51bc534fd03efcf49d5607c4314d70a,0.6132737994194031,0.7948436502871731,2.5052531301034304,1.3046746683512322,0.4438052647626792,1.1114970723215698,0.5825654116145498,2.2819542732716402,0.4029943145925454,0.4438052647626793,0.801827820857731
822,dark-sweep-635,run_090b361b7b8675fd9e521fb72a765049,0.5061901807785034,1.024479897894065,2.241507893304301,1.4506506632975364,0.8162211606870617,1.2641003323310651,0.5950733886407128,1.9937125748503008,0.3116487681617178,0.8162211606870622,0.8587355594239597
823,robust-sweep-636,run_e529dc84e252a9bf487c2eec6b8f4a04,0.5726866722106934,0.8625143586470964,2.285601524224279,1.2546430827542643,0.6468137005793272,1.13480772274094,0.6185322271857052,2.0256124115405556,0.3283512318382829,0.6468137005793267,0.7940417787624623
824,effortless-sweep-637,run_11ce9c3d6dba30fccb1543123053323f,0.5914486050605774,0.8532992980216976,2.750054436581384,1.2679343019583074,0.421445268828133,1.219781611014401,0.7207657945118057,2.6367174741426243,0.4477700568540754,0.4214452688281311,1.0808039246716248
825,snowy-sweep-638,run_404590efed13bccc07f09adb210d1c77,0.5582641959190369,0.8925845564773452,2.2622482308111054,1.2903221730890715,0.7068909442016466,1.1258426966292134,0.527555839183152,2.0727000544365826,0.2877447883765009,0.7068909442016464,0.8769425542016134
826,light-sweep-639,run_f9a5e37e940012babda736b4423104ff,0.6020421385765076,0.8119208679004468,2.5171203048448567,1.2857485786481366,0.45399939018192903,1.0703987972780504,0.6371665603063188,2.3277898747958643,0.4702842703727104,0.4539993901819293,0.8076198765627479
827,glamorous-sweep-640,run_eef974b6c07c071aa5eadb705b6dbd7e,0.6195277571678162,0.7939757498404596,2.6816276537833432,1.3800505369551488,0.3856591116983433,1.1298464946985283,0.6184045947670705,2.496434403919434,0.6169425142135183,0.38565911169834377,0.88885899667669
828,divine-sweep-641,run_e55f2003c803dcdec31ffb23e60a8726,0.517804741859436,0.9839183152520742,2.5610506260206867,1.2760960202147824,0.6469763187315785,1.2031571451178984,0.6874026802807922,2.3609417528579204,0.33499684144030367,0.6469763187315776,0.9170675739832257
829,sparkling-sweep-642,run_a522466dc759037753874cad9e17bcf6,0.6070197820663452,0.8168985322271857,2.2845672291780086,1.388136449778901,0.5559812989124912,1.1212771008070899,0.5298787492022963,2.0385138813282526,0.349172457359445,0.5559812989124925,0.7076990030068055
830,comic-sweep-643,run_2c05b6aa8f973117303143f88a2cc68c,0.5954052209854126,0.827772814294831,2.278198149156234,1.3002526847757425,0.698566927533286,1.1826080075961387,0.563318442884493,2.0332335329341324,0.38806064434617865,0.6985669275332869,0.8918816268396894
831,skilled-sweep-644,run_4931af7e3021e78222638cc2799950db,0.5467773079872131,0.9210721123165284,2.411785519869353,1.3458875552747949,0.5567740624047159,1.0258901724956482,0.6675430759412885,2.20362003266195,0.28291850915982314,0.5567740624047178,0.6887482196550088
832,whole-sweep-645,run_5372c86962ddd6fc3e563eca368a98cf,0.6075302958488464,0.804773452456924,2.6821175830157875,1.2818572331017057,0.4075007622725887,1.1188479189745213,0.647377153797064,2.49899292324442,0.5797220467466839,0.40750076227258963,0.8921031808830506
833,hearty-sweep-646,run_ec36f2e237e16f6268b4fcece74f18b3,0.6039565801620483,0.8180472239948947,2.2873434948285256,1.2964876816171826,0.7243723955686554,1.132030384554518,0.49273771537970695,2.087125748502995,0.32643082754263975,0.7243723955686547,0.8892704541857892
834,fluent-sweep-647,run_c28531546070ca80f44bec6223680b2b,0.5774090886116028,0.8705296745373325,2.16578660860098,1.3284523057485786,0.8603923162923063,1.1920003165057762,0.5695724313975743,1.9106967882416999,0.3567024636765633,0.8603923162923074,0.8477053331223294
835,revived-sweep-648,run_d790ce8247e694f1df32e20cd7bceaa8,0.5821314454078674,0.8789534141671984,2.59452912357104,1.3397978521794065,0.48417522105905075,1.257991770849818,0.6420165922144221,2.3530484485574323,0.4831459254579919,0.48417522105905214,0.8999287862003488
836,lilac-sweep-649,run_0c8a140fda64365469d95469d92267b1,0.6160816550254822,0.7857051691129547,2.504001088731629,1.2034238787113078,0.513609106616526,1.080748536160785,0.6301467772814302,2.3013881328252586,0.3806064434617808,0.5136091066165263,0.855127393574933
837,olive-sweep-650,run_05ae21c5e112de826519f3d73eb30641,0.5766432881355286,0.8849776643267391,2.276728361458901,1.3874794693619712,0.6462750279499949,1.1221158411141003,0.5724824505424373,2.0143440391943397,0.3253695514845234,0.6462750279499951,0.7245845861686977
838,dainty-sweep-651,run_414cb9ee72c3d622c87a5fe95ebc9070,0.43178045749664307,1.5589278876834718,4.04047359825803,1.9017687934301963,0.0,1.752373793321728,1.5589278876834727,4.04047359825803,1.9017687934301963,7.420293332589724e-17,1.752373793321728
839,volcanic-sweep-652,run_5734cc0b2a8aad44a94f0674774dbb73,0.7608168721199036,0.4841863433312062,2.502259118127382,1.298711307643715,0.47641020428905373,1.2531096692514638,0.35007019783024923,2.255988023952097,0.8402653190145297,0.4764102042890543,0.9438202247191005
840,valiant-sweep-653,run_c96aff842ce20b3735efbd5448409a57,0.5923420786857605,0.8285641352903638,2.3149972781709316,1.2527984838913457,0.6649151336517939,1.1614575090995412,0.5815698787492016,2.0823353293413187,0.37204042956411965,0.6649151336517929,0.8960199398639017
841,fiery-sweep-654,run_11ffad0d363b6e37986a358191ba6d83,0.43178045749664307,1.5589278876834718,4.04047359825803,1.9017687934301963,0.0,1.752373793321728,1.5589278876834727,4.04047359825803,1.9017687934301963,7.420293332589724e-17,1.752373793321728
842,wild-sweep-655,run_c071d45791735437fee728d48e8f0209,0.552520751953125,0.9049138481174219,2.267310832879695,1.297296272899558,0.6550462445370465,1.0264915334704858,0.624479897894065,2.0395481763745247,0.2763487049905244,0.6550462445370469,0.6589333755341031
843,lyric-sweep-656,run_6fb6b18cb4e12089ff3b50cbb1458683,0.6114869117736816,0.7915507338864073,2.4166303756124123,1.3167530006317123,0.5227665413151743,1.0922376958379492,0.578200382897256,2.206831790963528,0.3898799747315226,0.5227665413151742,0.8011315081500241
844,wandering-sweep-657,run_82af11255e3d25c9927979a80467ef8b,0.5730695724487305,0.8855137204850032,2.6568045726728378,1.243524952621605,0.4989531456448827,1.2638550403544866,0.6806381620931714,2.4735710397387063,0.47495893872394374,0.49895314564488213,1.0306852350055389
845,desert-sweep-658,run_621c608a2673793bce99b1756696baa0,0.5927249789237976,0.8561837906828336,2.4373162765378344,1.2454200884396718,0.6509706270962496,1.176586485203355,0.609036375239311,2.2474414806750143,0.3645104232469987,0.6509706270962511,0.9921902199715147
846,peachy-sweep-659,run_10c7c3335fa471ea67a9f6581453e7c5,0.552520751953125,0.8509508615188259,1.9857648339684277,1.233948199620973,0.5786665311515398,1.037680012660231,0.5406509253350354,1.7159771366358207,0.2903727100442205,0.5786665311515399,0.741762937173603
847,gallant-sweep-660,run_64a3018a501c6750cfb29938ca1b78a5,0.5867262482643127,0.8405105296745374,2.6564235166031587,1.2481490840176883,0.5103567435715012,1.2311599936698845,0.6475303126994261,2.4984485574305944,0.47331648768161716,0.5103567435715006,1.0288020256369679
848,devout-sweep-661,run_529147974c8d3d7ef2ff351b96442fc1,0.5273771286010742,0.9152776005105298,2.5274632553075675,1.0831206569804173,0.3935562557170444,1.0901487577148283,0.7496617740906191,2.331818181818182,0.3501073910296919,0.39355625571704295,0.851376800126603
849,whole-sweep-662,run_82be19224d96a8787c5eef6bfcd03441,0.5743458867073059,0.836962348436503,2.630130647795319,1.263967150979154,0.4227360504116272,1.2175898085140056,0.6533758774728776,2.4818454001088743,0.393367024636766,0.42273605041162715,1.0405839531571461
850,robust-sweep-663,run_4d9daf4af6fdaf8c80e32e1e24074f88,0.6086789965629578,0.816285896617741,2.4452095808383247,1.380859128237524,0.5437646102246163,1.1450704225352113,0.5472878111040194,2.1742242787152977,0.3732027795325332,0.543764610224616,0.8177401487577142
851,fresh-sweep-664,run_930a8608177ea47249352e787562a4f7,0.5942565202713013,0.8331844288449266,2.2345400108873177,1.3403537586860395,0.6584205711962599,1.1205966133881946,0.5546394384173585,1.9715024496461626,0.31144662034112564,0.6584205711962607,0.6907501186896662
852,super-sweep-665,run_c8826a4657e931d759d5e42e9b33a26a,0.5643905401229858,0.9408040842373961,2.7508709853021243,1.3435123183828177,0.387722329505031,1.2692039879727806,0.7508359923420548,2.6761839956450744,0.4665445356917249,0.3877223295050324,1.1125178034499121
853,sunny-sweep-666,run_0294b4b2ffe415d18c4896f297b6bec3,0.5384811758995056,0.9124186343331208,2.509227000544367,1.1648389134554644,0.5998272182132331,1.1384000633011555,0.7120357370772178,2.3813010342950482,0.3137460518003793,0.5998272182132338,0.9572479822756764
854,ancient-sweep-667,run_4dc7a14e702729ac6838048cccfa62e8,0.5766432881355286,0.8636630504148054,2.406995100707676,1.28857864813645,0.561937188738693,1.1652951416363349,0.5343714103382254,2.2633913990201426,0.28547062539481954,0.5619371887386927,0.9176451970248464
855,wise-sweep-668,run_527ed9d6bde21bd91135a43ba72f10b5,0.5283982157707214,0.9861135928525846,2.5292052259118134,1.3160960202147822,0.5579632076430533,1.1886374426333282,0.7549457562220814,2.3265922700054444,0.3590524320909663,0.5579632076430525,0.8634910587118215
856,eternal-sweep-669,run_639018898df01328e052726a4810403e,0.5613273978233337,0.9067517549457563,2.480647795318455,1.3478837650031588,0.4224108141071247,1.015951891122013,0.7044798978940642,2.3169025585193253,0.5319646241313959,0.4224108141071244,0.7310333913593927
857,resilient-sweep-670,run_8d633fdb9d627df1f18b6a900b28a50b,0.6635609269142151,0.7015698787492024,2.324904735982581,1.2013013265950727,0.8145543246264864,1.211133090678905,0.5063433312061261,2.0923516603157335,0.4865066329753646,0.8145543246264885,0.8285092577939542
858,misunderstood-sweep-671,run_f872a4f1840cd23450e7d7e71c602f57,0.600127637386322,0.8196043395022337,2.6118943930321183,1.2912318382817438,0.42184165057424533,1.118792530463681,0.6696617740906196,2.4319270549809477,0.5608212255211619,0.4218416505742453,0.8644484886849192
859,earnest-sweep-672,run_524d6009840d1d29863cce7549a344ee,0.5665603280067444,0.891869814932993,2.2655144256940676,1.258559696778269,0.7687773147677609,1.1799335337869918,0.6202680280791324,1.9597985846488857,0.34576121288692524,0.7687773147677601,0.8924196866592818
860,hearty-sweep-673,run_58e5c065e21d3b1d57280dde70e8cbab,0.7295469045639038,0.5728653477983409,2.578307022318999,1.4237144662034114,0.42653724972050006,1.193669884475392,0.3917804722399495,2.3932226456178567,0.670284270372711,0.4265372497204984,0.8012818483937317
861,radiant-sweep-674,run_7b33e7ba8ba35ffb002fe61a6c8b94a5,0.5592852830886841,0.9279387364390556,2.3760206859009263,1.3618572331017058,0.6605244435410103,1.2154217439468271,0.5508615188257814,2.186145890038107,0.32279216677195305,0.6605244435410103,0.9466450387719575
862,avid-sweep-675,run_83ac6ce03fe84d5e9addfb9068773ff2,0.5492023229598999,0.9128270580727504,2.134213391399021,1.301869867340493,0.7585628620794796,1.1278287703750594,0.5657689853222707,1.8574578116494298,0.2696272899557803,0.758562862079479,0.760808672258268
863,skilled-sweep-676,run_c78f2cb2029f8bfd2317476ebd5df1df,0.5812380313873291,0.8714231014677729,2.003946652150246,1.368603916614024,0.761662770606769,1.0975391675898085,0.5477472878111037,1.6884322264561789,0.2963108022741644,0.7616627706067679,0.7217043836050007
864,curious-sweep-677,run_da846ec5cc870e3e5d4b8b62969b387e,0.5591576099395752,0.9249776643267391,2.245209580838324,1.3703979785217941,0.7874987295456856,1.1528485519860738,0.5328398213146135,2.053592814371258,0.3064181933038527,0.7874987295456845,0.8321174236429821
865,frosty-sweep-678,run_1f29368139969942d5463df3293d2a27,0.6000000238418579,0.8245820038289726,2.7270277626565065,1.2126974099810488,0.46105295253582684,1.2118689666086409,0.6913848117421818,2.5955089820359296,0.43809222994314617,0.4610529525358274,1.0899192910270619
866,apricot-sweep-679,run_ae0a7ac8caaa30a3b86cb81b962b35cb,0.5703892707824707,0.8791320995532866,2.6549537289058254,1.230107391029691,0.5249110681979876,1.1814923247349265,0.6922782386726237,2.546298312465978,0.3935439039797854,0.524911068197989,1.0021126760563381
867,young-sweep-680,run_597765432b17759135a0181542039705,0.4798978865146637,1.058200382897256,1.9922972237343501,1.486380290587492,0.9641833519666635,1.2169567969615445,0.5979578813018505,1.6884322264561797,0.32539481996209574,0.964183351966664,0.7228596296882417
868,wise-sweep-681,run_8eddb94528a08cb76f6a340930bdb1a9,0.6139119267463684,0.8046458200382898,2.6357376156777366,1.274478837650032,0.36912287834129487,1.0837711663237855,0.6855902999361834,2.5019324986390865,0.6353126974099806,0.3691228783412949,0.9119718309859152
869,revived-sweep-682,run_c5c55cf74821f09820d66bc949ad2dd8,0.5742182731628418,0.8712699425654116,2.400408274360371,1.1937713202779534,0.6372700477690822,1.2077464788732395,0.6828334396936824,2.1456450734893857,0.38058117498420757,0.6372700477690824,1.0302816901408454
870,confused-sweep-683,run_98cd01e80ff0ef9508e6241012987b89,0.5673261284828186,0.8733631142310149,2.9501633097441484,1.1432090966519273,0.33053155808517126,1.2369520493749013,0.7782514358647082,2.891589548176374,0.6411497157296276,0.3305315580851719,1.1961861053964222
871,iconic-sweep-684,run_4a52715e302ae9f62ca08c6c6e3bb9d7,0.63165283203125,0.7555839183152521,2.441943385955363,1.261212886923563,0.5076532167903243,1.183256844437411,0.49638800255264914,2.2493467610234084,0.40468730259002,0.507653216790324,0.956638708656433
872,sleek-sweep-685,run_046c86331ff25492f16b3b7fae84942f,0.5886406898498535,0.8326228462029356,2.431818181818183,1.235742261528743,0.595863400752109,1.1957904731761355,0.5995149968091896,2.230838323353294,0.37166140240050677,0.5958634007521084,0.9471435353695205
873,giddy-sweep-686,run_cd6fe68f7a9eb2ace3d43e637313ab9f,0.5832801461219788,0.8684620293554564,2.5143440391943397,1.2355653821857235,0.5717755869498934,1.1556733660389302,0.6362220804084231,2.3980675013609165,0.33441566645609655,0.5717755869498922,0.9965659123278993
874,wise-sweep-687,run_6eb87b253984af8378b7d5ed373eb1a0,0.6202935576438904,0.793694958519464,2.6373162765378346,1.3433859759949465,0.35164142697428596,1.1297198923880363,0.6408934269304409,2.49327708219924,0.5794188250157938,0.3516414269742863,0.8626048425383762
875,amber-sweep-688,run_71e1ed24c2dd653abc0eab0c49dbe6a8,0.5857051610946655,0.8655520102105937,2.589303211758302,1.2304611497157298,0.5264051224717958,1.1589887640449439,0.6442884492661124,2.4532117583015793,0.3133670246367655,0.5264051224717965,0.9741335654375692
876,brisk-sweep-689,run_cd6fbe09872a623dbc1e7fe2301ee5bf,0.5369495749473572,0.9261518825781749,2.0485846488840505,1.2213392293114342,0.7843175119422705,1.064567178351005,0.6204977664326741,1.7461350027218294,0.27030953885028464,0.7843175119422715,0.7260009495173291
877,worthy-sweep-690,run_cf3b29541952658970a7d705e7fbffe0,0.5373324751853943,0.9787874920229739,2.230838323353294,1.4236386607706888,0.8591015347088119,1.1849184997626208,0.5468283343969375,2.007321720195973,0.3255464308275418,0.8591015347088127,0.8348156353853452
878,magic-sweep-691,run_c4cae2d68a8505a851f3af4816225a4d,0.5475430488586426,0.9227058072750478,2.240310288513882,1.302779532533165,0.7180404512653724,1.049177084981801,0.6236885768985327,2.001878062057703,0.3002274162981686,0.7180404512653724,0.6607137205253993
879,decent-sweep-692,run_ab9ebb12ffc4f477240ca6791200de46,0.586981475353241,0.8354562858966177,2.560615133369625,1.1633228048010111,0.6070230714503506,1.1812074695363188,0.6802552648372687,2.3869624387588475,0.4184838913455467,0.6070230714503507,1.033193543282165
880,hardy-sweep-693,run_bc63de5b435b4f1a4e82cc03c97d2376,0.5854499340057373,0.8570516911295469,2.2640990745781173,1.2920151610865447,0.763512552088627,1.1361053964234848,0.5093809827696238,2.061268372346217,0.31773847125710714,0.763512552088627,0.8467874663712613
881,efficient-sweep-694,run_5baad2179db4b69fe6120dd4d04c0fe7,0.5705168843269348,0.900676451818762,2.5680729450190536,1.3217561591914089,0.5604736253684317,1.211402120588701,0.596043395022336,2.4403647250952645,0.30960202147820604,0.5604736253684304,0.9937885741414778
882,legendary-sweep-695,run_80ebf0575b9b8a526de27e78c9f18996,0.5106573104858398,0.9958647096362476,2.8553892215568872,1.1204927353126977,0.5966053460717553,1.2865405918658017,0.8334652201659227,2.722563962983126,0.405116866708781,0.5966053460717549,1.2215144801392623
883,expert-sweep-696,run_ba3ded573fa76a01a57ba39dfbc0a665,0.7471601963043213,0.5289853222718571,2.700571584104519,1.3694377763739738,0.3951214554324627,1.2267289128026586,0.4001786853860871,2.4927327163854125,0.7570562223626034,0.3951214554324635,0.9099382813736353
884,woven-sweep-697,run_eacf53608254d1e622a96bbacfa26547,0.5115507245063782,1.031218889597958,1.908791507893305,1.6049652558433354,0.758075007622726,1.1454897926887166,0.5393235481812384,1.610261295590638,0.2174226152874293,0.7580750076227266,0.7014321886374432
885,solar-sweep-698,run_7325e608e32967d821c88c81cc502145,0.5758774876594543,0.8796681557115507,2.4597441480675024,1.4973720783322806,0.5070535623538978,1.207825605317297,0.5353669432035726,2.2987207403375076,0.30242577384712627,0.5070535623538982,0.9556338028169017
886,toasty-sweep-699,run_b83f16ba11a6a5425179a48552d0977b,0.5740906000137329,0.8469176770899809,2.6706314643440403,1.1895262160454836,0.5099095436528103,1.2081421110935275,0.7150478621569873,2.52811649428416,0.4256096020214781,0.5099095436528094,1.0849580629846498
887,solar-sweep-700,run_cc8532745f2ba5df9747df6b474c8b90,0.5965539216995239,0.8208040842373963,2.4283342406096904,1.1345672773215416,0.8226852322390488,1.2275993036872923,0.5893809827696236,2.2167936853565613,0.45431459254579987,0.8226852322390507,0.9067890489001417
888,dauntless-sweep-701,run_2cc30d789b4cca0dc0d269acac4fdb32,0.5352903604507446,0.9180599872367582,2.762139357648341,1.126228679722047,0.42079479621912796,1.1821886374426334,0.8026802807913199,2.6894120849210688,0.46429564118761857,0.4207947962191283,1.0769188162683971
889,fanciful-sweep-702,run_9831cfeb0306a331c9760d7125081580,0.5115507245063782,0.985858328015316,3.020114316820905,0.9941250789639927,0.4137615611342616,1.2191406868175345,0.9858583280153163,2.9473870440936314,0.7060644346178143,0.41376156113426166,1.2191406868175345
890,wise-sweep-703,run_feeb9120a4d40c4489f19f3ecfcf9f59,0.606509268283844,0.8065603063178046,2.6760206859009257,1.3195578016424512,0.44309381034657996,1.1653188795695522,0.5922399489470319,2.5544093630919993,0.3753000631711941,0.4430938103465798,0.9464551353062198
891,sweet-sweep-704,run_272afa903d029320d3d58941d2d14e89,0.5923420786857605,0.8648627951499682,2.333124659771367,1.2909791535060016,0.8410509198089237,1.2110618768792532,0.5795277600510532,2.096325530756671,0.38101073910296873,0.8410509198089233,0.9431713878778298
892,desert-sweep-705,run_a17c78b1f52b33e839b04492e613d282,0.7184428572654724,0.573018506700702,2.6214752313554723,1.2986102337334178,0.3317207033235085,1.2264440576040514,0.4154179961710273,2.3858737071311924,0.661617182564752,0.3317207033235072,0.901724956480455
893,fine-sweep-706,run_8f003f4b4ab08b015fd84963c8e50ab3,0.5580089092254639,0.8620548819400129,2.6445563418617324,1.1819456727732156,0.48129891249110685,1.1689982592182306,0.6965922144224638,2.525231355470877,0.3830322173089068,0.48129891249110685,1.041604684285488
894,denim-sweep-707,run_e54d3f964352d63eb42213edb137cc26,0.6022973656654358,0.795226547543076,2.5094991834512808,1.2174731522425777,0.6679032421994106,1.1888669093210953,0.5970389278876834,2.2802123026673935,0.46411876184459966,0.6679032421994114,0.8872369045735081
895,golden-sweep-708,run_0352e4dedc2eb0a409fd72de498497f7,0.5669432282447815,0.8781365666879388,2.688541099618945,1.1497283638660774,0.5650574245350137,1.1772748852666561,0.6526866624122529,2.5556069678824183,0.37241945672773347,0.5650574245350132,1.0301313498971358
896,unique-sweep-709,run_530ef61aee48fb976312d1bdbeaf0a60,0.577919602394104,0.8302488832163369,2.2181545998911276,1.193468098547063,0.7343530846630756,1.1360737458458618,0.57922144224633,1.9690528034839423,0.3479848389134549,0.7343530846630758,0.86830985915493
897,firm-sweep-710,run_1cf8c113f24b627c116da268c762fc9f,0.7204850316047668,0.5659731971920867,2.4899020141535115,1.2612381554011372,0.3928752922044923,1.2656037347681597,0.4041352903637527,2.240364725095265,0.734440934933671,0.392875292204491,0.9303449912960918
898,dandy-sweep-711,run_2cd5956917f0d844227329aafd533e7e,0.6139119267463684,0.7977536694320357,2.712166575939032,1.2477700568540748,0.48958227462140463,1.171791422693464,0.6189151244416087,2.5252313554708774,0.4111813013265969,0.48958227462140524,0.9848472859629696
899,unique-sweep-712,run_fc30fdef4358418fdd11a51793c4d894,0.6029355525970459,0.810363752393108,2.071774632553076,1.2511054958938725,0.781664803333672,1.069623358126286,0.5267645181876185,1.782498639085467,0.3168540745420086,0.7816648033336719,0.7167668934958077
900,lively-sweep-713,run_59948365e76b05af1c3848d4a352a40b,0.7410338521003723,0.5291129546904915,2.629205225911814,1.3242072015161088,0.562486025002541,1.3051432188637444,0.36809189534141695,2.4115677735438217,0.7816424510423252,0.5624860250025429,0.9989238803608163
901,stoic-sweep-714,run_6f677432fddfaecf3a2f361ed73bf762,0.5973197221755981,0.765386088066369,2.4859281437125755,0.9777511054958941,0.444598028254904,1.1127630954264918,0.6113592852584561,2.3034567229178022,0.35445356917245646,0.4445980282549043,0.9913673049533153
902,electric-sweep-715,run_7f02e4f94ed4818b3d7f2a8bae88f252,0.5752393007278442,0.882680280791321,2.3912084921066965,1.3384838913455468,0.6624758613680253,1.1782402278841588,0.6014805360561586,2.180430048992924,0.3412381554011374,0.6624758613680255,0.9165849026744743
903,robust-sweep-716,run_386c007f0018ffc447d1a4a3a330659b,0.596681535243988,0.8124313975749842,2.5198965704953733,1.2613392293114343,0.5382559203171055,1.1652318404810889,0.5801914486279524,2.3467882416984214,0.3587239418825022,0.5382559203171058,0.940243709447698
904,morning-sweep-717,run_6d25360c4479aedc15e9b3ba6f416177,0.580599844455719,0.8579961710274411,2.643630919978226,1.2225015792798486,0.47778229494867364,1.2128422218705492,0.6286151882578168,2.4878334240609696,0.3585723310170572,0.47778229494867364,1.022970406709923
905,distinctive-sweep-718,run_a8c47786e4c5d1d7c1a2868b36807c11,0.6365028619766235,0.7515252074026804,2.69512792596625,1.2819583070120029,0.43926212013416005,1.1914701693305902,0.5863688576898524,2.484893848666305,0.4792040429564125,0.4392621201341594,0.912027219496756
906,fallen-sweep-719,run_c69681f94157c504652c8e9d4247325d,0.6393107771873474,0.7613018506700702,2.6526673924877526,1.264093493367025,0.3166175424331741,1.185440734293401,0.5790938098276962,2.5025313010342964,0.4153253316487688,0.3166175424331752,0.9993828137363504
907,elated-sweep-720,run_eb930ecbe4867b4d5fd2149454e9bb2c,0.5369495749473572,0.9396298659859605,2.114888405008166,1.3003284902084653,0.7891147474336824,1.0682069947776547,0.6051308232290996,1.8335601524224283,0.29118130132659564,0.7891147474336829,0.7068365247665761
908,stoic-sweep-721,run_e2a63dd62fe762c7325945cb5c4ee5e1,0.631397545337677,0.7802680280791322,2.597305389221557,1.3085912823752368,0.516383778839313,1.2092103180883051,0.59356732610083,2.3735710397387053,0.5134428300694897,0.5163837788393124,0.8625573666719417
909,fanciful-sweep-722,run_4b43efddc699279b47459de200a73c91,0.5663050413131714,0.9180855137204851,2.8193522046815467,1.2113581806696148,0.46117491615001527,1.2388036081658491,0.7509380982769636,2.725939031028852,0.38166771951989886,0.46117491615001527,1.1301155246083237
910,jumping-sweep-723,run_52bd09ff14b3559b090508ffe93012e8,0.5830248594284058,0.8582514358647096,2.518154599891128,1.2671762476310804,0.5403902835654031,1.214590916284222,0.6197319719208676,2.32022318998367,0.4082248894504103,0.5403902835654021,0.9837790789681915
911,stilted-sweep-724,run_4d5999cf5c30354a68cf2eb4c9d68eaa,0.5517549514770508,0.9079004467134653,1.9186989657049542,1.3674162981680356,0.8082833621302978,1.0794508624782402,0.5147415443522657,1.616249319542733,0.24344914718888153,0.8082833621302974,0.7654771324576672
912,lemon-sweep-725,run_98afb0b47d2d172b076814979f7c3eb4,0.6691767573356628,0.6869432035737079,2.54613500272183,1.2859254579911563,0.48158349425754654,1.2205333122329485,0.522450542437779,2.3092270005443667,0.5753758686039162,0.48158349425754626,0.8802579522076287
913,wise-sweep-726,run_a22f1e9f7e7cb20c5c0b550741e21987,0.5945118069648743,0.8357115507338865,2.4777626565051722,1.2961086544535692,0.47544465901006194,1.0563617661022313,0.6736183790682839,2.3102068590092553,0.5095009475679095,0.4754446590100616,0.8034103497388831
914,different-sweep-727,run_c32ee8c6e63ce457882f0d2af5297c4a,0.43178045749664307,1.5589278876834718,4.04047359825803,1.9017687934301963,0.0,1.752373793321728,1.5589278876834727,4.04047359825803,1.9017687934301963,7.420293332589724e-17,1.752373793321728
915,usual-sweep-728,run_4dd4dfb3273c442e3d2801c483b0a762,0.4945756196975708,1.0465347798340778,2.3066140446379984,1.445698041692988,0.7537859538570993,1.2228675423326476,0.6332099553286537,2.0854926510615135,0.2569677826910936,0.7537859538570988,0.7677005855356861
916,dry-sweep-729,run_f34927e988a93267a8b3accf38b7a83f,0.5629866123199463,0.8780344607530314,2.4598530212302676,1.1414908401768795,0.6031507266998678,1.2263570185155879,0.6661135928525843,2.1799401197604795,0.4538850284270375,0.6031507266998677,1.024711188479189
917,ancient-sweep-730,run_d9ba1f37ba3a46606c4cba55b567f5a5,0.6396936774253845,0.7384045947670709,2.586635819270551,1.1928111181301329,0.5204085781075313,1.1655720841905364,0.5440459476707091,2.43497550353838,0.3947062539482009,0.5204085781075305,0.9957825605317286
918,vibrant-sweep-731,run_7f2a331798ce44b61f20cc3f35d283b2,0.43178045749664307,1.5589278876834718,4.04047359825803,1.9018951358180674,0.0,1.752373793321728,1.5589278876834727,4.04047359825803,1.9012634238787114,7.420293332589724e-17,1.752373793321728
919,dandy-sweep-732,run_0b909c43b11bc3a57154d0e61f721c1c,0.5531588792800903,0.9476196553924698,2.4127109417528594,1.1706506632975366,0.7164345970118915,1.174046526349106,0.6402297383535415,2.2718290691344585,0.3564497789008208,0.7164345970118932,0.9237221079284695
920,northern-sweep-733,run_a9a404e188594368d46ac7f8a5b3a4cf,0.549074649810791,0.9475175494575623,2.526428960261297,1.2222741629816807,0.5646102246163228,1.185037189428707,0.7460114869176776,2.4176646706586826,0.35152242577384935,0.5646102246163217,1.00203354961228
921,wandering-sweep-734,run_5e0a7ef8fd02128233eaba22418fe92c,0.5472878217697144,0.9142054881940013,2.5289330430049,1.260884396715098,0.4562760443134465,1.2563301155246085,0.6333120612635605,2.2902830702231918,0.38197094125078956,0.45627604431344676,0.9662050957429973
922,fancy-sweep-735,run_d7c275bc6c1e0845b5e5564101274882,0.6021697521209717,0.8186853860880664,2.1937670114316825,1.2568667087807963,0.6068299623945523,1.0657699003006806,0.6029865985960436,1.9411812738160055,0.29380922299431533,0.6068299623945514,0.7507517012185473
923,breezy-sweep-736,run_0ca8e8c5cbd77cb99495db32245cd09e,0.6432673931121826,0.7455009572431398,2.5490201415351126,1.2530006317119395,0.7806382762475862,1.3131508150023736,0.5165283982131462,2.2917528579205246,0.5958938723941879,0.780638276247587,0.9734293400854559
924,lunar-sweep-737,run_f0fb3b07e45f54286b9941a42d5ed4f1,0.5470325350761414,0.9237268666241226,2.237969515514426,1.2906759317751106,0.7108547616627706,1.1373081183731604,0.6167453733248243,1.9495645073489403,0.35134554643082716,0.7108547616627707,0.7573271087197342
925,glad-sweep-738,run_ff5ece6475dcfe1fcf432df476954d3e,0.5152520537376404,0.9664071474154435,2.0833696243875894,1.4220720151610866,0.8793068401260291,1.1421664820382973,0.5801403956604988,1.8553892215568857,0.376007580543273,0.8793068401260306,0.7517566070580785
926,devoted-sweep-739,run_2706b50af0d87f265900c325d5232322,0.568091869354248,0.8694320357370772,2.4596897114861194,1.250145293746052,0.5256428498831183,1.059154929577465,0.6389278876834706,2.2529395753946657,0.3559191408717637,0.5256428498831182,0.7451653742680809
927,peach-sweep-740,run_f76ceef588ae4a116a6e451bb3f9f5de,0.5678366422653198,0.8999361837906829,2.6209308655416446,1.2218951358180674,0.4894196564691533,1.157002690299098,0.6891384811742178,2.5217474142623852,0.3071257106759324,0.4894196564691526,0.9898401645830033
928,visionary-sweep-741,run_20aec40d34d70b18c71a842f4ba3776a,0.43178045749664307,1.5589278876834718,4.04047359825803,1.9017687934301963,0.0,1.752373793321728,1.5589278876834727,4.04047359825803,1.9017687934301963,7.420293332589724e-17,1.752373793321728
929,colorful-sweep-742,run_9918fe8c4197806d29aa15cbb24d8335,0.5654116272926331,0.8416592214422463,2.560669569951008,1.2575236891977262,0.5224311413761562,1.1580946352270929,0.63754945756222,2.3572945019052822,0.37274794693619734,0.522431141376156,0.9715461307168851
930,zesty-sweep-743,run_11bc4db4da7df8c9dd4d82a816e690ce,0.5640076398849487,0.9160178685386089,2.33034839412085,1.461768793430196,0.7118914523833723,1.2609590125019783,0.5567581365666872,2.0656777354382143,0.34475047378395557,0.7118914523833716,0.8659598037664199
931,brisk-sweep-744,run_9580e877a97850f82b77205b315e5615,0.6806637048721313,0.6446202935545629,2.5764017419706056,1.3976121288692358,0.38927736558593357,1.2290947934799812,0.4429100191448629,2.326973326075124,0.6786734049273524,0.3892773655859327,0.8325288811520813
932,glamorous-sweep-745,run_a15dbf447dbe48a2f85e7c1627f9a24b,0.755711555480957,0.4905169112954691,2.4956178551986943,1.2794819962097286,0.5155706880780568,1.3217281215382182,0.3545628589661771,2.2447740881872615,0.8630827542640552,0.5155706880780561,1.0163158727646775
933,sunny-sweep-746,run_b20e957a2064037ba3a2e2067689ed3a,0.5419272780418396,0.9355966815571155,2.449129014697878,1.3335565382185726,0.6071653623335705,1.2426254154138312,0.6679770261646467,2.18663581927055,0.3232722678458636,0.6071653623335715,1.0202959329007757
934,dashing-sweep-747,run_9c2d08250ae73b1e34b5b5b2d9681d0f,0.6164645552635193,0.8052074026802809,2.379232444202505,1.2789260897030954,0.7090253074499442,1.2088463364456403,0.5631652839821318,2.081573217201962,0.4808970309538848,0.7090253074499441,0.8067415730337074
935,lively-sweep-748,run_e1d6be6394fcf7eafefb2459cf686c03,0.5687300562858582,0.8819910657306956,2.2901741970604257,1.2358686039166142,0.7469356641935156,1.178303529039405,0.6175366943203574,2.0605606967882424,0.3595325331648771,0.7469356641935156,0.9310650419370154
936,frosty-sweep-749,run_2878ee8778778aac5e48fd97f70beacd,0.5816209316253662,0.8882961072112318,2.319243331518781,1.4218193303853444,0.7107327980485822,1.1728121538218073,0.5185194639438411,2.127299945563419,0.30262792166772023,0.7107327980485832,0.871467004272828
937,bumbling-sweep-750,run_67dacd49980fe908eba81246cdbd5f17,0.5989789366722107,0.82468410976388,2.537534022863365,1.2281617182564752,0.40702307145035066,1.170272194967558,0.6138353541799619,2.368127381600437,0.3830827542640568,0.407023071450352,0.9765390093369201
938,comic-sweep-751,run_fd0edd93affccd9f7e1e81ac8fd35258,0.549329936504364,0.9644926611359286,2.36638541099619,1.424346178142767,0.7500762272588678,1.224639974679538,0.5533631142310141,2.196434403919434,0.3303474415666458,0.750076227258869,0.9088146858680173
939,divine-sweep-752,run_b1389c37e890f501f063b831b3362873,0.5794512033462524,0.9149712827058074,2.5988296135002726,1.350587492103601,0.5147677609513162,1.2266339610697896,0.6956987874920229,2.482444202504084,0.36751737207833246,0.5147677609513169,1.0166482038297202
940,earthy-sweep-753,run_d09c9075db08bbb599c90664c2178eb9,0.612635612487793,0.7823867262284621,2.3375884594447474,1.1942008843967153,0.6081817257851407,1.198551986073746,0.5423867262284623,2.074333151878063,0.43960833859759996,0.6081817257851406,0.8691802500395639
941,classic-sweep-754,run_fe295388b69b2735cc81fcb81f74c99c,0.6049776673316956,0.8084747925973197,2.5546815459989123,1.2586607706885664,0.5207338144120338,1.171767684760247,0.610389278876835,2.3755851932498655,0.3955148452305767,0.5207338144120339,0.9616869757873087
942,vague-sweep-755,run_e82806e8b8596e4c5abf315c45aaa3ec,0.558647096157074,0.8933248245054244,2.2926238432226462,1.416614024005054,0.7138631974794187,1.1958379490425701,0.5605105296745372,2.0499455634186177,0.4070878079595695,0.7138631974794185,0.7587751226459881
943,misty-sweep-756,run_9a4dd2c73f291b9e040ab592260cf7ac,0.6117421984672546,0.8143969368219529,2.5829885683179103,1.2512065698041697,0.438510011179998,1.176459882892863,0.6064071474154445,2.451252041371803,0.32117498420720253,0.4385100111799975,0.9873951574616233
944,fallen-sweep-757,run_9f1f477ceee447547d24fea0272daff8,0.6527121663093567,0.7120102105934908,2.5381872618399575,1.290600126342388,0.4957007825998578,1.2089096376008863,0.5015698787492018,2.278415895481765,0.5349210360075803,0.495700782599856,0.865643297990189
945,mild-sweep-758,run_d5c5ce239f235d85f1206ec2734e517a,0.6068921685218811,0.8376770899808552,2.6817909635274915,1.3163487049905245,0.4031100721618051,1.2366513688874823,0.6235098915124435,2.5254491017964087,0.3444472520530648,0.40311007216180345,1.042285171704383
946,glowing-sweep-759,run_b21417f27e59277248a9f1d4e2db251c,0.5813656449317932,0.8600127632418634,2.6872890582471434,1.213733417561592,0.49049700172781785,1.273215698686501,0.66810465858328,2.511785519869354,0.46725205306380385,0.4904970017278188,1.0538455451812
947,glowing-sweep-760,run_357ac12cbf0bfd5bec39ed916722fa4b,0.5789406299591064,0.8729802169751119,2.2844039194338603,1.2933291219204044,0.6658806789307857,1.1420240544389937,0.5524696873005751,2.1001905280348403,0.3175615919140872,0.665880678930787,0.8666165532520964
948,pretty-sweep-761,run_0891b84828cd77dc44622ab3db2a5f8e,0.5873643755912781,0.8424505424377793,2.126320087098531,1.302198357548958,0.7965646915336925,1.1345940813419846,0.5421059349074667,1.8251769188894937,0.34075805432722717,0.7965646915336932,0.7661022313657224
949,rich-sweep-762,run_d4a206862f432428fa3de69a793c8b9b,0.5697511434555054,0.9043522654754308,2.356096897114862,1.4037271004421983,0.7483484093911983,1.2187292293084349,0.527887683471602,2.167964071856289,0.3497789008212261,0.7483484093911976,0.9313261592024049
950,azure-sweep-763,run_b3786931d327b557ab7ad734e7726f31,0.4869176745414734,1.0537077217613275,2.0887588459444757,1.63028427037271,0.7438662465697734,1.236698844753917,0.5632418634333118,1.8603429504627116,0.3009602021478214,0.7438662465697731,0.787941129925621
951,treasured-sweep-764,run_93286146d1aff31b4bd237086bdfa397,0.5031269788742065,1.14297383535418,2.621311921611324,1.6786228679722048,0.8746722227868685,1.3204067099224563,0.6489342693044033,2.4114044637996743,0.3131901452937464,0.874672222786868,0.9340797594556096
952,deep-sweep-765,run_5548e619b4ac5636d07a674d5a72bc0c,0.5920867919921875,0.8316273133375879,1.9272455089820366,1.2064055590650664,0.8067486533184267,1.0362003481563538,0.5603318442884486,1.6254491017964077,0.2804421983575495,0.8067486533184272,0.769259376483621
953,stellar-sweep-766,run_9dbcf1759449753ec32e0012c81abe5d,0.5733247995376587,0.9251052967453735,2.4643712574850305,1.3686544535691727,0.6542229901412746,1.2539563222028802,0.6279259731971929,2.2373707131192173,0.3428300694883139,0.6542229901412739,1.0333992720367144
954,ruby-sweep-767,run_cce7f9ae224c3231b1d855350deefce9,0.6174856424331665,0.8067645181876196,2.6362275449101813,1.3994567277321541,0.3476877731476776,1.179363823389777,0.5978557753669427,2.4543004899292344,0.5279469361970961,0.3476877731476775,0.899366988447539
955,devout-sweep-768,run_be94de11425c7650fe880c6c28c90db6,0.5859604477882385,0.8350478621569879,2.5330157866086016,1.219090334807328,0.5556865535115357,1.164171546130717,0.6221569878749204,2.3635002721829075,0.38194567277321717,0.5556865535115348,0.9588384238012344
956,brisk-sweep-769,run_fd3784a07b16e7a1bd4d14e31d3b2e38,0.6132737994194031,0.8414039566049776,2.8200054436581388,1.346569804169299,0.27357455025917266,1.2487339768950783,0.6816592214422464,2.7143984757757216,0.5033607075173718,0.2735745502591728,1.0919686659281538
957,comic-sweep-770,run_18369267e5c710c321a6bf4f2afa67cb,0.5280153155326843,0.9496873005743459,2.094801306477954,1.4183828174352495,0.6625063522715723,1.1738170596613386,0.5641352903637514,1.8808655416439855,0.2884775742261532,0.6625063522715732,0.8212929260959011
958,playful-sweep-771,run_638c83888dbd2996d943c716f44ca399,0.5652839541435242,0.8742310146777283,2.306178551986936,1.2695514845230578,0.5989938001829455,1.0080867225826873,0.6215188257817489,2.085710397387045,0.27030953885028486,0.5989938001829433,0.744073429340085
959,unique-sweep-772,run_9542520e6125e22d5b88c3adf20426c1,0.5526483654975891,0.9749074664964901,2.633777898747959,1.294693619709413,0.5677304604126436,1.2275360025320463,0.7226037013401411,2.514235166031573,0.36114971572962734,0.5677304604126426,1.01903782244026
960,iconic-sweep-773,run_e273c7e32e9be0e2b2ec1169cd288416,0.5238034725189209,0.9204594767070837,2.6196788241698434,1.1019456727732155,0.5478503912999287,1.0972068365247665,0.7399872367581363,2.5260479041916173,0.3072520530638032,0.547850391299929,0.9167194176293713
961,vocal-sweep-774,run_b70580fed9b03b461f67de0a3f336057,0.5673261284828186,0.9079514996809188,2.457566684812195,1.4002905874921037,0.6644272791950402,1.2024608324101915,0.5649266113592857,2.272700054436582,0.31192672141503525,0.6644272791950426,0.9485757240069628
962,playful-sweep-775,run_e71b10a46a60a00bfe024a995f822266,0.6510529518127441,0.7311805998723677,2.6176646706586832,1.3007580543272272,0.4902429108649253,1.2838977686342776,0.5181365666879383,2.423434948285249,0.588945041061277,0.4902429108649254,1.0129371736034174
963,silvery-sweep-776,run_a63cb42b89d1d41f0c12d56392166b37,0.5229099988937378,0.9483854499042758,2.8882689167120317,1.1410360075805437,0.3978351458481553,1.1979585377433137,0.8386726228462027,2.822509526401743,0.5679469361970951,0.39783514584815516,1.1310492166482038
964,clean-sweep-777,run_7c76a9c744c0d79c2259e39f802256c4,0.5374600887298584,0.9569112954690491,2.2248502994011985,1.2511307643714467,0.9846122573432261,1.2282481405285646,0.6196043395022325,1.9356831790963531,0.4138597599494628,0.9846122573432254,0.791090362399114
965,driven-sweep-778,run_72b0f7e20f4f4d9d2f06a0729e1db1a6,0.6107211112976074,0.8041352903637524,2.240528034839413,1.383209096651927,0.6385100111799981,1.1240860895711347,0.502361199744735,1.98053892215569,0.38780795957043596,0.6385100111799977,0.7242443424592502
966,fresh-sweep-779,run_90ad5f39ad9b651135698606fae93aa2,0.5553286671638489,0.9281940012763242,2.1407457811649433,1.3587744788376501,0.9428803740217502,1.1261275518278209,0.5914486279514999,1.9072128470332066,0.39033480732785814,0.942880374021751,0.7896660864060768
967,skilled-sweep-780,run_7826f5c88cfb1a1017ffd258228ba2f2,0.4917677044868469,1.108079132099553,2.8778715296679382,1.6677068856601391,0.3162414879560931,1.284507042253521,0.7783280153158904,2.8211486118671747,0.6476184459886305,0.3162414879560927,0.9708814685868022
968,solar-sweep-781,run_20fecfdf5be9433f76e7e742228e57df,0.5711550712585449,0.8608806636885769,2.289956450734895,1.2549715729627293,0.7393840837483485,1.1575090995410668,0.5698276962348435,2.0763473053892225,0.32526847757422644,0.7393840837483475,0.8988605792055705
969,pious-sweep-782,run_652ae475f44de2a6f62693deea976fa8,0.5559667944908142,0.8762986598596043,2.7014970059880246,1.0979027163613395,0.4808923671104787,1.1981167906314292,0.6997064454371417,2.575639629831248,0.4268730259001881,0.48089236711047834,1.0469536319037822
970,toasty-sweep-783,run_34d5c51a9e4ce284ea2fc97437ebd7b0,0.5387364625930786,0.9014167198468411,2.1761295590636913,1.3074542008843968,0.8268015042179084,1.1447539167589809,0.5483854499042761,1.8821720195971703,0.3564245104232475,0.8268015042179083,0.7957113467320779
971,proud-sweep-784,run_8a0775ba394abe2fd57154bbad8e4b5c,0.5989789366722107,0.806738991703893,2.267964071856288,1.2913834491471892,0.6222481959548736,1.1446035765152713,0.5289597957881306,1.9731355470876446,0.34027795325331683,0.622248195954873,0.7800680487418897
972,fancy-sweep-785,run_438eb6bc44b1c97292f8a90eea2608e5,0.7193363308906555,0.5707721761327377,2.4822264561785525,1.2623752368919776,0.4796117491615001,1.240291185314132,0.4460497766432674,2.22387044093631,0.700379027163615,0.4796117491615004,0.9143535369520502
973,fearless-sweep-786,run_97ae6d4fdc192330a5440edb26cdb965,0.43178045749664307,1.5589278876834718,4.04047359825803,1.9017687934301963,0.0,1.752373793321728,1.5589278876834727,4.04047359825803,1.9017687934301963,7.420293332589724e-17,1.752373793321728
974,northern-sweep-787,run_a9abe9f4f14f8a652feead4cf6bc7f69,0.5306956171989441,0.9930057434588386,2.214888405008166,1.3719140871762476,0.9301758308771216,1.1729783193543282,0.6108232291001924,1.9939847577572132,0.33150979153506094,0.9301758308771221,0.818017091311917
975,hearty-sweep-788,run_8127741497e0ceaabf89808ddfec7451,0.5846841335296631,0.8657817485641354,2.683151878062059,1.2561339229311437,0.46585018802723854,1.2265627472701377,0.7150223356732609,2.5787425149700605,0.387201516108654,0.4658501880272381,1.0820462098433303
976,sunny-sweep-789,run_8316b30a4a5c7c5750410458d7b93083,0.5104020237922668,1.0007402680280792,1.8235982580293966,1.3257485786481367,1.006189653420063,1.1246004114575092,0.5804211869814945,1.5316004354926507,0.2693493367024639,1.0061896534200632,0.7960199398639028
977,fearless-sweep-790,run_edc1c89140efcef1be78d7bc6a72df8c,0.5613273978233337,0.8962093171665604,2.4519597169297773,1.2190145293746057,0.4755869498932819,1.017605633802817,0.7387109125717927,2.2752585737615685,0.4607075173720782,0.4755869498932815,0.7898955530938432
978,hopeful-sweep-791,run_582aa34e71ebc01c0255565b4151f2ca,0.5970644354820251,0.8253988513082323,2.6569134458356025,1.2587113076437146,0.48116678524240264,1.1641952840639342,0.6642246330567965,2.5128742514970073,0.39680353758686154,0.4811667852424015,1.00046684601994
979,crisp-sweep-792,run_253f478e69e256f5b3cb9031baf0e9d3,0.6504148244857788,0.7294703254626675,2.179831246597714,1.2582564750473786,0.8520276450858828,1.1916917233739517,0.47859604339502304,1.9198421339139893,0.5030069488313337,0.8520276450858826,0.8502611172653902
980,ruby-sweep-793,run_ee23cb40080d0fdd2cda11e06583f257,0.5153797268867493,1.146981493299298,2.740636908002178,1.7995830701200253,0.5700477690822239,1.3968824181041306,0.7840970006381618,2.612928688078389,0.5317877447883769,0.5700477690822239,1.1077385662288333
981,colorful-sweep-794,run_06bbf46f8281d915c72701248e6879f2,0.5827696323394775,0.8874282067645182,2.6626292868807844,1.2987618445988633,0.4578107531253176,1.2073033707865168,0.6581493299298024,2.5595264017419717,0.33100442198357477,0.4578107531253173,1.0294271245450224
982,summer-sweep-795,run_19ef41757377400e1aad183a6a1a05ab,0.6014039516448975,0.826419910657307,2.726810016330975,1.3217814276689832,0.42677101331436124,1.1983066940971674,0.6381365666879389,2.6416712030484493,0.39960833859759953,0.42677101331436124,1.0037347681595197
983,vital-sweep-796,run_6a9fd03f77c404267bdcba644eaa9405,0.5799617171287537,0.8726994256541162,2.7603973870440948,1.170827542640556,0.5119727614594979,1.20905206520019,0.7464964901084865,2.661105062602069,0.4012507896399236,0.5119727614594984,1.0949042570026906
984,trim-sweep-797,run_814720730cb112c8d4c5745745b0b935,0.5193362832069397,1.0106955966815572,2.068181818181819,1.5452811118130134,0.6715113324524851,1.1212533628738726,0.6223867262284624,1.8419433859553629,0.239355653821857,0.6715113324524862,0.6558157936382345
985,northern-sweep-798,run_43e7c14a1f66fc8f33b0bb1f91ca9cd9,0.5608168244361877,0.9004211869814933,2.462792596624933,1.3599368288060647,0.5240471592641529,1.1911061876879254,0.6440331844288452,2.2095536200326635,0.4075931775110553,0.5240471592641514,0.8334071846811197
986,fresh-sweep-799,run_35c5af3b157154fd085e1db555a3d2de,0.43178045749664307,1.5589278876834718,4.04047359825803,1.9017687934301963,0.0,1.752373793321728,1.5589278876834727,4.04047359825803,1.9017687934301963,7.420293332589724e-17,1.752373793321728
987,fiery-sweep-800,run_9128afcb7106b7f39470cd784ef75ca6,0.603318452835083,0.820089342693044,2.4907729994556354,1.2626279216677199,0.505711962597825,1.0518278208577307,0.6690236119974478,2.3134186173108335,0.4852432090966527,0.5057119625978245,0.7957113467320777
988,decent-sweep-801,run_5258e81531c2853d9d3e8da00e75d056,0.6074026823043823,0.8598340778557755,2.7397659227000553,1.3279469361970944,0.30086390893383474,1.2325447064408928,0.7052456924058704,2.650816548720742,0.509121920404297,0.30086390893383347,1.0947539167589813
989,polished-sweep-802,run_0594095bb0265f3f97d3459e5f97c912,0.6089342832565308,0.7981620931716656,2.594801306477954,1.223562855337966,0.39509096452891557,1.2099303687292293,0.6219272495213782,2.4324714207947755,0.44761844598862954,0.39509096452891534,1.0283510049058393
990,curious-sweep-803,run_b975a0e18321f6789dfb47ade58867e5,0.6243777871131897,0.7098404594767072,2.45827436037017,1.0899936828806067,0.5867669478605549,1.1147491691723375,0.5232929164007665,2.3259934676102354,0.46545799115603265,0.586766947860554,0.8741414780819763
991,youthful-sweep-804,run_8b384bd7b185f0e1b3de90c2a5721adf,0.5789406299591064,0.8706573069559669,2.5600163309744155,1.2353632343651297,0.47642036792356945,1.2148362082608009,0.6902361199744749,2.3320359281437133,0.43240682248894674,0.47642036792356984,0.9272274094002222
992,spring-sweep-805,run_0531f267f30e5c5409360ddb9a348846,0.43178045749664307,1.5589278876834718,4.04047359825803,1.9017687934301963,0.0,1.752373793321728,1.5589278876834727,4.04047359825803,1.9017687934301963,7.420293332589724e-17,1.752373793321728
993,fine-sweep-806,run_c523057e9909ffd12676ba98c73f976e,0.43178045749664307,1.5589278876834718,4.04047359825803,1.9017687934301963,0.0,1.752373793321728,1.5589278876834727,4.04047359825803,1.9017687934301963,7.420293332589724e-17,1.752373793321728
994,youthful-sweep-807,run_0b330b6ff745f9a626272feeae784254,0.5835354328155518,0.8423484365028717,2.265677735438215,1.2368288060644346,0.7139343429210286,1.1730970090204147,0.5901978302488841,2.0393304300489934,0.3366645609602013,0.7139343429210278,0.9161259692989393
995,genial-sweep-808,run_49b4e00a1a947bee5e4e2351ed1db310,0.43178045749664307,1.5589278876834718,4.04047359825803,1.9017687934301963,0.0,1.752373793321728,1.5589278876834727,4.04047359825803,1.9017687934301963,7.420293332589724e-17,1.752373793321728
996,super-sweep-809,run_76ec4ca49d52f8f2567e560abec2ce5c,0.5590299963951111,0.8883982131461391,2.4121665759390316,1.2896399241945677,0.5224819595487346,1.0309621775597406,0.6788768347160177,2.2452640174197067,0.3898547062539489,0.522481959548736,0.7373714195284061
997,polished-sweep-810,run_2045523b9cd771652dd171b58af6ce6c,0.5587747097015381,0.8337715379706446,2.446298312465977,1.1535691724573596,0.6572720804959854,1.134412090520652,0.6375749840459475,2.2875612411540556,0.38659507264687343,0.6572720804959852,0.9500791264440578
998,peachy-sweep-811,run_b9f96adc556e6f73ffaf185b6f656cd4,0.6298660039901733,0.7760561582641992,2.5077027762656514,1.2810739102969046,0.6837483484093912,1.3167273302737776,0.5093554562858972,2.2609961894393047,0.5466961465571701,0.6837483484093897,0.9627314448488677
999,divine-sweep-812,run_ab70ba3846bf517f40c1f53270130ca3,0.5360561609268188,0.9614039566049777,2.1499455634186178,1.3691850915982315,0.749181827421486,1.0894207944294985,0.5911167836630499,1.8259390310288526,0.285066329753633,0.7491818274214858,0.6989317930052221
1000,elated-sweep-813,run_d6f18e2eda24027b85257f4c67247cbc,0.5606892108917236,0.9168602425015955,2.309716929776811,1.2760960202147824,0.7999796727309686,1.196138629529989,0.6394384173580092,2.0264289602612964,0.3921541377132041,0.7999796727309687,0.7829878145276156
1001,hardy-sweep-814,run_b10b110307900d13b6ad55f85b95f581,0.5726866722106934,0.8468666241225272,2.582879695155145,1.267226784586229,0.5504116271978859,1.1128976103813895,0.6385194639438417,2.4154327708219934,0.5162223626026529,0.5504116271978856,0.7774489634435833
1002,eager-sweep-815,run_585c577b5b431e5eeae45483a99c8398,0.5411614775657654,0.9647734524569241,2.335628742514971,1.3409602021478206,0.804959853643663,1.1803291660072797,0.5878493937460121,2.154790419161678,0.3187239418825012,0.804959853643663,0.8569710397214751
1003,deep-sweep-816,run_7f39cadc3264cd186c241d3789ffd1fa,0.5678366422653198,0.8883471601786854,2.4365541643984767,1.1836386607706886,0.6868787478402276,1.1523500553885109,0.6278749202297391,2.2261023407730005,0.29729627289955807,0.6868787478402281,0.9449754708023432
1004,peach-sweep-817,run_98cd2ed8816214117c0f49a2bb700326,0.6298660039901733,0.7549712827058074,2.5108056614044645,1.2503979785217942,0.49023274723040955,1.073872448172179,0.5796553924696872,2.3143984757757226,0.3822236260265322,0.49023274723041105,0.8185630637759136
1005,youthful-sweep-818,run_603103ad6f2eb46d84ff3ac42def9efe,0.6127632260322571,0.8039821314613912,2.505525313010344,1.3791408717624765,0.39827218213233057,1.1121617344516537,0.6103382259093805,2.325557974959174,0.47879974731522534,0.3982721821323308,0.78964234847286
1006,celestial-sweep-819,run_a56c7b105ea934057f63c7a8d4fcfda4,0.5758774876594543,0.8232035737077219,2.370958083832336,1.2497915350600128,0.6604532980994005,1.122194967558158,0.5763624760689211,2.1366630375612417,0.43015792798483976,0.6604532980994007,0.7546051590441526
1007,cerulean-sweep-820,run_a2ad027d93fcb108492da879e0ba0824,0.5692405700683594,0.9358774728781111,2.6202231899836703,1.361099178774479,0.4819900396381746,1.1804715936065835,0.6939374601148689,2.5163581927054985,0.35157296272899496,0.4819900396381749,0.9671625257160938
1008,jolly-sweep-821,run_0a2d61639560dec4f341d4b55c06602b,0.6028079390525818,0.8128908742820676,2.6214207947740893,1.191724573594441,0.3733407866653115,1.2380677322361133,0.5778940650925348,2.4331790963527498,0.40049273531269886,0.3733407866653105,1.0326238328849497
1009,fiery-sweep-822,run_72aae4e2b79cd835fdf630ae1c57aad4,0.5405232906341553,0.9618889597957881,2.155008165487208,1.4282122552116234,0.9554934444557376,1.1453394524450071,0.6246330567964264,1.9111322808927613,0.45348073278585,0.9554934444557374,0.7794904257002689
1010,lyric-sweep-823,run_9f4841c3a1f61952da4a85c52e86030e,0.43178045749664307,1.5589278876834718,4.04047359825803,1.9017687934301963,0.0,1.752373793321728,1.5589278876834727,4.04047359825803,1.9017687934301963,7.420293332589724e-17,1.752373793321728
1011,glorious-sweep-824,run_2974e6235466933e7280d3d2d8ba01f2,0.5430759191513062,0.8658583280153159,2.415759390310289,1.0780922299431461,0.6443032828539487,1.0275993036872921,0.6748691767708997,2.2219651605879167,0.3334554643082752,0.6443032828539491,0.7619718309859147
1012,sweet-sweep-825,run_02be492f7298c16b0bd35d37849e5c57,0.5821314454078674,0.8607275047862157,1.9515786608600991,1.2568919772583704,0.8994918182742149,1.0862082608007597,0.5350095724313972,1.6569678824169844,0.31543903979785193,0.8994918182742162,0.763910428865327
1013,lemon-sweep-826,run_3ee10ef9ccd26fb0b0ffd261edd218e7,0.6084237098693848,0.8104658583280153,2.615868263473055,1.3146304485154774,0.3679337331029576,1.1993828137363507,0.6065603063178044,2.397577572128471,0.502678458622869,0.3679337331029567,0.8974837790789681
1014,likely-sweep-827,run_0529f6b7c2d03ec017988c986534687a,0.5897893905639648,0.8638927887683472,2.7610506260206864,1.2845104232469995,0.4607378798658401,1.2389855989871814,0.6984301212507986,2.5906641262928694,0.41555274794693586,0.46073787986584047,1.0779949359075804
1015,sweepy-sweep-828,run_6d452592702cb3554b7a236a3ae23826,0.561837911605835,0.8920485003190811,2.5845127925966263,1.099747315224258,0.6002540908628925,1.1532204462731446,0.681097638800255,2.4834784975503554,0.33969677826911066,0.6002540908628924,1.0072638075644882
1016,true-sweep-829,run_b6a5588f6b2dc5ebf3ddf5f695102f41,0.5530312657356262,0.915966815571155,2.701714752313556,1.2723310170562225,0.41103770708405324,1.0518278208577307,0.7644926611359294,2.5829341317365277,0.6519393556538214,0.4110377070840536,0.8446747903149235
1017,fragrant-sweep-830,run_6eec3968a1963241e9b52b34e22bc569,0.6052329540252686,0.8404084237396299,2.731818181818183,1.208704990524321,0.42609004980180915,1.2188320936857098,0.6883216336949582,2.6193522046815465,0.38715097915350716,0.42609004980180776,1.0678588384238015
1018,hopeful-sweep-831,run_08066a004905f968b27d997d1fd14a9a,0.6066368818283081,0.8142437779195918,2.735574305933588,1.2321794061907771,0.3970322187214148,1.2151922772590602,0.6739502233567326,2.58217201959717,0.4616171825647492,0.3970322187214156,1.073650894128818
1019,zesty-sweep-832,run_0cdb88134b7b99ec2bacd10368a9727f,0.5783025026321411,0.902795149968092,2.4944746869896584,1.302198357548958,0.5784835857302573,1.187189428707074,0.6180727504786219,2.3683995645073503,0.3477574226152879,0.5784835857302573,0.9590362399113783
1020,rosy-sweep-833,run_fb1ce88257d0f201624f4de976430454,0.5696234703063965,0.9009061901723038,2.578688078388678,1.2631080227416298,0.5410814107124708,1.1641003323310652,0.6747925973197187,2.4680729450190526,0.33108022741629817,0.5410814107124712,0.9937410982750436
1021,dry-sweep-834,run_72023b1c627fc33995b4613dd27088d0,0.5189534425735474,0.9363624760689216,2.6966521502449656,1.0020593809222997,0.5377477385913202,1.137553410349739,0.8144990427568598,2.611948829613501,0.3330764371446633,0.5377477385913197,1.0389618610539648
1022,true-sweep-835,run_2eb0c40e702a6893a118bdb78d7df448,0.5480536222457886,0.9256924058710914,1.9755307566684819,1.3943272267845865,0.816210997052546,1.059147016933059,0.5695469049138483,1.657838867719108,0.24349968414403017,0.8162109970525471,0.6721870549137525
1023,fast-sweep-836,run_90da8185a7c5c24df523f38087915918,0.5430759191513062,0.9284747925973198,1.8975775721284711,1.3938976626658244,0.8448826100213436,1.095212850134515,0.5180599872367588,1.5827163854109967,0.2653821857233104,0.8448826100213449,0.7282877037505938
1024,toasty-sweep-837,run_e1b7a7fd0a601525004c8fea52c132ef,0.5480536222457886,0.9313337587747289,2.410533478497551,1.3245104232469995,0.5178575058440898,1.0644564013293243,0.702003828972559,2.2354654327708228,0.42123815540113835,0.5178575058440895,0.7595347365089421
1025,denim-sweep-838,run_635faa67a9fb1f806da3390dd71a6e1a,0.530312716960907,0.939731971920868,2.9107512248230822,1.15291219204043,0.39701189145238336,1.1786437727488526,0.8028079132099551,2.8421611322808937,0.5267845862286794,0.3970118914523817,1.0511235955056175
1026,unique-sweep-839,run_173b728d3444d97df89f97a686e5eb8e,0.5760051012039185,0.8698659859604341,2.191045182362548,1.3667340492735314,0.7930277467222279,1.1731207469536318,0.5441480536056151,1.9035111594991843,0.3346178142766905,0.7930277467222278,0.8217360341826235
1027,sage-sweep-840,run_b4599ffa002c09598ea99681f3df4307,0.5698787569999695,0.9161455009572431,2.4202231899836697,1.4153506001263423,0.6379306840126029,1.2265785725589493,0.5427440970006381,2.201714752313555,0.32210991787744836,0.637930684012603,0.9459962019306852
1028,eager-sweep-841,run_0859f90d1c6c97275c87db97d47b4c9a,0.5595405101776123,0.8631014677728143,2.055171475231356,1.3937965887555277,0.6957516007724363,1.1215382180724798,0.4841863433312071,1.7370440936309206,0.28509159823120717,0.6957516007724365,0.6838740307010599
1029,noble-sweep-842,run_528b4ce6d0fd62691b2a35c63bf8767f,0.618889570236206,0.7641608168474794,2.3592542188350576,1.19895135818067,0.5887895111291799,1.0496281057129293,0.6120229738353545,2.1336690255851942,0.3541503474415688,0.5887895111291795,0.765057762304162
1030,skilled-sweep-843,run_73fe01a76f29e149d143d98a7ae75dad,0.43178045749664307,1.5589278876834718,4.04047359825803,1.9017687934301963,0.0,1.752373793321728,1.5589278876834727,4.04047359825803,1.9017687934301963,7.420293332589724e-17,1.752373793321728
1031,young-sweep-844,run_f488577979901624ddc3ae88f9365622,0.5868538618087769,0.8563880025526485,2.5766739248775186,1.2820846493998737,0.4063929261103771,1.1297040670992247,0.6661646458200383,2.3871257485029935,0.4507770056854089,0.4063929261103759,0.8368729229308426
1032,valiant-sweep-845,run_b655009d0f909ee95cc720a00558d024,0.5409061908721924,0.9898404594767072,2.2433587370713126,1.503562855337966,0.7596097164345971,1.2014480139262542,0.5439438417358017,2.0271366358192715,0.3243335439039806,0.7596097164345985,0.8946273144484883
1033,devoted-sweep-846,run_b07aa951318fa37ebf257633e3741187,0.5733247995376587,0.8792342054881939,2.564425694066413,1.3501326595072651,0.6157637971338551,1.197863586010445,0.6076324186343329,2.403946652150246,0.40256475047378404,0.6157637971338552,0.9433138154771317
1034,jumping-sweep-847,run_7d793d6c4e35d6ecba36c96346ad0c62,0.5310785174369812,1.0148564135290365,2.2338867719107243,1.4713202779532535,0.8381441203374327,1.2320620351321412,0.5761582641991062,2.01516058791508,0.3493240682248893,0.838144120337433,0.840781769267289
1035,grateful-sweep-848,run_9f030f30a5a1bdadafc54e147efc8eab,0.6282067894935608,0.7821569878749203,2.515704953728906,1.3818193303853445,0.3989124911068198,1.1280898876404495,0.5908104658583286,2.3248502994011986,0.483802905874922,0.39891249110681976,0.8138313024212692
1036,twilight-sweep-849,run_c77a3e6fbfc3b9b4252d42ea211102ae,0.5705168843269348,0.8674409700063815,2.3381872618399573,1.2233859759949466,0.54425246468137,1.1429181832568445,0.6272367581365661,2.0923516603157326,0.3925584333543894,0.5442524646813706,0.78043994302896
1037,bright-sweep-850,run_7761c7ee6f098eafa20c4286d0a78411,0.6057434678077698,0.8100574345883856,2.279395753946653,1.345230574857865,0.5914015651997155,1.1056100648836842,0.5457562220804087,2.0323625476320095,0.350082122552117,0.5914015651997158,0.7235875929735711
1038,woven-sweep-851,run_7ebbfc4ca0e63c58556294424042d420,0.6082960963249207,0.8025271218889599,2.1672019597169303,1.3420467466835126,0.6413659924789105,1.0932267763886692,0.5291384811742181,1.8842406096897126,0.3420972836386618,0.6413659924789098,0.694461148915968
1039,dandy-sweep-852,run_997634d92a65a0ae7f21de8ae89c6186,0.7493299245834351,0.5085386088066369,2.4576211213935775,1.2887302590018954,0.4973981095639801,1.2211267605633802,0.3429227823867259,2.17346216657594,0.7424005053695516,0.4973981095639795,0.8392941921190064
1040,firm-sweep-853,run_8515617548c6f7efa3018700576ad349,0.6234843730926514,0.798876834716018,2.366712030484486,1.3135439039797856,0.6523325541213537,1.1514242759930369,0.5181876196553925,2.1845672291780085,0.33070120025268535,0.6523325541213546,0.8984728596296879
1041,noble-sweep-854,run_4aaf5f6b0fbe78924ac2a666bb3d4c0e,0.6285896897315979,0.7808040842373963,2.3384050081654877,1.2402400505369553,0.6249110681979876,1.1119243551194808,0.5221186981493303,2.1492923244420257,0.33019583070120073,0.6249110681979856,0.8611251780344995
1042,graceful-sweep-855,run_e96ccd3875aaf16cbba675a4ce3b90d3,0.5523930788040161,0.9411869814932994,2.5489112683723465,1.264851547694252,0.5861876206931599,1.2119085298306695,0.6956732610082964,2.4353565596080573,0.36253948199621006,0.5861876206931599,1.0260563380281689
1043,glad-sweep-856,run_69aa72b0bad4cd4071c6e1e3ad32747b,0.5664326548576355,0.9228334396936823,2.7619216113228098,1.2357169930511689,0.47698953145644885,1.2195442316822283,0.7227058072750471,2.6594719651605887,0.3481869867340483,0.4769895314564481,1.0748219655008702
1044,skilled-sweep-857,run_0e90890e7414989f4fd047466d8ec096,0.5546904802322388,0.8873005743458838,2.982280892759936,1.0459507264687307,0.3839516210997052,1.2224481721791423,0.8635098915124435,2.908138268916713,0.6766266582438419,0.3839516210997052,1.2004035448646941
1045,prime-sweep-858,run_2cd8f16ac475df26ce186cdba167a754,0.6125079989433289,0.8078876834716019,2.6546815459989124,1.2020341124447256,0.4831690212419961,1.144215856939389,0.6340523292916396,2.5584376701143166,0.3414908401768795,0.48316902124199473,1.0021680645671787
1046,chocolate-sweep-859,run_973b447f87231d7805c583b855424fc6,0.43178045749664307,1.5589278876834718,4.04047359825803,1.9017687934301963,0.0,1.752373793321728,1.5589278876834727,4.04047359825803,1.9017687934301963,7.420293332589724e-17,1.752373793321728
1047,restful-sweep-860,run_c7b68d1dc6590a601f2e3a29d378664b,0.5282706022262573,1.0149840459476707,2.341507893304301,1.509475679090335,0.7142290883219841,1.2175423326475707,0.6005360561582649,2.178742514970061,0.3345420088439674,0.7142290883219826,0.8951337236904577
1048,cool-sweep-861,run_350f5a3f1f7f1ace25eb465e4bd9c3bd,0.5702616572380066,0.8679770261646459,2.226973326075123,1.2615413771320279,0.7744384591930075,1.1633169805348949,0.5879514996809183,1.9672019597169315,0.3375236891977255,0.774438459193006,0.8917391992403855
1049,efficient-sweep-862,run_245ae6bd28c2602f9821764610921e46,0.68883216381073,0.6547543075941289,2.6767827980402834,1.31650031585597,0.4397601382254294,1.201724956480456,0.49940012763241814,2.4777626565051727,0.5970309538850281,0.43976013822542964,0.910128184839373
1050,revived-sweep-863,run_7dd861a435e2d88bdb2834ce908e15af,0.5641353130340576,0.9345756222080409,2.6782525857376167,1.3296399241945676,0.4387539384083749,1.2219180250039565,0.6965156349712825,2.554463799673381,0.3379532533164879,0.43875393840837423,1.04962810571293
1051,young-sweep-864,run_f2c2188d6472a3ca5fd31bcc371fec49,0.5752393007278442,0.8896745373324825,2.765024496461623,1.225129500947568,0.46784226039231636,1.2129925621142585,0.732737715379707,2.650381056069679,0.4111560328490213,0.4678422603923155,1.0839373318563064
1052,twilight-sweep-865,run_e9c746fe4327274582e4fa2311888d55,0.6022973656654358,0.8135035098915123,2.332852476864453,1.3278963992419461,0.5669072060168716,1.1227963285329958,0.5747287811104023,2.0863636363636373,0.34048010107390975,0.5669072060168728,0.7684839373318562
1053,rare-sweep-866,run_a36ec9c8141e89e4938aa1300e26b691,0.5479259490966797,0.9342437779195915,2.3920794774088194,1.3365887555274798,0.7489277365585933,1.196241493907264,0.5523675813656664,2.2123298856831797,0.32380290587492194,0.7489277365585938,0.9239832251938601
1054,faithful-sweep-867,run_b422d4c57b99d95106925b5359be5ede,0.43178045749664307,1.5589278876834718,4.04047359825803,1.9017687934301963,0.0,1.752373793321728,1.5589278876834727,4.04047359825803,1.9017687934301963,7.420293332589724e-17,1.752373793321728
1055,fragrant-sweep-868,run_1a64d81a0cff3489cd5edd577ec59309,0.533503532409668,0.9470835992342056,2.3074305933587382,1.2568161718256476,0.9151641426974285,1.1637126127551827,0.6278493937460108,2.095345672291781,0.34090966519267163,0.91516414269743,0.8641873714195291
1056,cosmic-sweep-869,run_3c7fa8e54fd65cd148558543c1477621,0.5760051012039185,0.9000127632418635,2.62468698965705,1.3401516108654457,0.5204797235491412,1.224275993036873,0.6504658583280148,2.4953456722917804,0.35965887555274867,0.5204797235491418,0.9957429973097001
1057,rural-sweep-870,run_3ad4a1e4bbd7df89da0cfb0754678dd6,0.5896617770195007,0.8561072112316529,2.6240881872618407,1.326152874289324,0.3482975912186198,1.2511868966608641,0.5927760051052973,2.432906913445837,0.34828806064434686,0.3482975912186202,1.0033786991612594
1058,youthful-sweep-871,run_8053ccb8fb722a8447a74b5c54f7a3e5,0.5597957968711853,0.9095086151882578,2.6068317909635286,1.2603537586860392,0.5282345766846225,1.2185472384871026,0.6395915762603698,2.4882689167120318,0.3181174984207202,0.5282345766846224,1.0388985598987186
1059,chocolate-sweep-872,run_639e0a2b319c1d19396f515648d3576a,0.43178045749664307,1.5589278876834718,4.04047359825803,1.9017687934301963,0.0,1.752373793321728,1.5589278876834727,4.04047359825803,1.9017687934301963,7.420293332589724e-17,1.752373793321728
1060,restful-sweep-873,run_c677fdb589fbe0d8f4c7d50e51bbc2f6,0.5388640761375427,0.9396043395022337,2.007539466521503,1.3808085912823753,0.8853440390283567,1.1509257793954741,0.5631908104658587,1.7278443113772464,0.384699936828805,0.8853440390283558,0.7854723848710241
1061,likely-sweep-874,run_1ce34173a70aa4eb54c5c457b459571d,0.6002552509307861,0.8116400765794513,2.160125204137181,1.2520151610865446,0.6966561642443339,1.0958854249090044,0.46284620293554546,1.9752585737615682,0.2695009475679102,0.6966561642443356,0.809147016933059
1062,ruby-sweep-875,run_d6a5378c029ed44af4425b9e0fe460c6,0.5902999639511108,0.8423994894703255,2.6587642896026136,1.2325078963992424,0.4748145136700884,1.1939705649628105,0.6931716656030638,2.519080021774634,0.416260265319015,0.4748145136700898,1.0638075644880511
1063,grateful-sweep-876,run_2e03a99128f3e9c3ceaae462fd73785f,0.546394407749176,0.9543075941289089,2.3541916167664683,1.387024636765635,0.7358268116678526,1.1899192910270613,0.5585960433950221,2.1664942841589556,0.320341124447254,0.7358268116678541,0.8940338661180564
1064,apricot-sweep-877,run_635d67e7ded8c517471478aba79799bc,0.5605615973472595,0.9368474792597321,2.6378606423516606,1.3106380290587496,0.43420063014534,1.2205807880993826,0.712878111040205,2.535193249863909,0.34022741629816966,0.43420063014534027,1.0532283589175502
1065,logical-sweep-878,run_5e0014cbfe2d8fc1526c393ec94399c7,0.6432673931121826,0.7388130185067008,2.5949646162221023,1.1924320909665196,0.47629840430938103,1.1323073271087198,0.5827440970006368,2.468780620577029,0.3818951358180674,0.47629840430938086,0.9821886374426341
1066,peach-sweep-879,run_ac877b0cb658b24fc26bd758a3cdfae2,0.520995557308197,0.9819272495213786,2.3045454545454556,1.3383828174352497,0.6864518751905682,1.112913435670201,0.6753541799617109,2.054572672836147,0.27682880606443416,0.6864518751905694,0.6947301788257628
1067,still-sweep-880,run_31778b173eedef8ce2a3fb06c7e1f643,0.61238032579422,0.8151627313337588,2.7505443658138278,1.3303474415666456,0.4022766541315174,1.2038218072479825,0.6450031908104654,2.6201143168209042,0.43258370183196493,0.4022766541315191,1.0248061402120585
1068,fallen-sweep-881,run_5592961cf55e3fe5552d64d36c21174c,0.6846203207969666,0.6575622208040843,2.6661676646706596,1.3097536323436514,0.4008842362028661,1.1558632695046684,0.5310019144862792,2.467909635274905,0.6171193935565396,0.4008842362028665,0.9239911378382658
1069,faithful-sweep-882,run_d535bdd0610f26879cc8ae6c82411048,0.4944479763507843,1.0307083599234206,2.1243059335873715,1.353063802905875,0.9285089948165465,1.1798860579205572,0.6260114869176776,1.8815187806205775,0.3140492735312694,0.9285089948165455,0.7919291027061245
1070,balmy-sweep-883,run_c6d593a5efa69bcf3b1c2c22274d1146,0.5978302359580994,0.8515634971282706,2.883369624387589,1.3174352495262163,0.33318426669376966,1.2728754549770531,0.717089980855136,2.7675285792052273,0.5744662034112432,0.33318426669376977,1.1519227725905998
1071,dandy-sweep-884,run_92fc9178e1fdb63d10607b6223ebf3b4,0.43178045749664307,1.5589278876834718,4.04047359825803,1.9017687934301963,0.0,1.752373793321728,1.5589278876834727,4.04047359825803,1.9017687934301963,7.420293332589724e-17,1.752373793321728
1072,legendary-sweep-885,run_50b4fbc1e3d1f72130de171a5ad61e13,0.580599844455719,0.8507977026164646,2.3967610234077306,1.2873910296904612,0.6763085679438968,1.2101202721949678,0.577409061901723,2.169542732716385,0.4228048010107392,0.6763085679438977,0.9403307485361602
1073,vital-sweep-886,run_1726934c28d534c3ccd402283a91e14c,0.552265465259552,0.9214550095724314,2.450925421883507,1.2139861023373342,0.7826710031507268,1.2393574932742522,0.647760051052968,2.2410179640718573,0.43303853442830104,0.782671003150727,0.9361449596455138
1074,faithful-sweep-887,run_26ab8c423279e1f21c7604962d8e4c67,0.5867262482643127,0.8578174856413529,2.5768372346216664,1.2582059380922301,0.546102246163228,1.269916125969299,0.6271601786853856,2.3416712030484503,0.4863802905874929,0.5461022461632276,0.9786042095268235
1075,atomic-sweep-888,run_56c24edc071495ffb03dfdb683e80c31,0.7594128847122192,0.49888959795788135,2.602041371801852,1.3129627289955783,0.3477995731273503,1.370248457034341,0.344148053605615,2.3453184540010885,0.8222994314592545,0.34779957312735066,1.06295299889223
1076,sweepy-sweep-889,run_85594b5b48e1a3a5d36b91c5c2c25760,0.5883854627609253,0.8521250797702616,2.2751497005988033,1.330802274162982,0.6973269641223702,1.2020098116790632,0.5748564135290366,2.0161404463799677,0.36286797220467454,0.6973269641223696,0.9365722424434244
1077,copper-sweep-890,run_d8c27497c92ddb8ada5d6ca708734e91,0.5646458268165588,0.9143075941289088,2.3220195971692985,1.3632469993682883,0.6863705661144426,1.1529355910745371,0.54851308232291,2.1484757757212853,0.3284017687934314,0.6863705661144422,0.87407817692673
1078,lunar-sweep-891,run_d59b8c6a50112fcd479d024427be5256,0.6079131960868835,0.811282705807275,2.6702504082743617,1.3106127605811753,0.4512450452281736,1.1586722582687135,0.6242756860242502,2.5488568317909643,0.38664560960202266,0.4512450452281744,0.9762858047159356
1079,classic-sweep-892,run_73533b470b36923d2c079a6eb6771038,0.5527759790420532,0.9539502233567327,2.174442025040828,1.399532533164877,0.8477995731273503,1.1248457034340875,0.5359285258455645,1.9774904735982588,0.30288060644346226,0.8477995731273512,0.7922139579047319
1080,noble-sweep-893,run_81c15b964066cb8e4b715c9568130005,0.6779834032058716,0.6625909380982771,2.242651061513338,1.2653821857233107,0.7580546803536945,1.231207469536319,0.4259093809827694,1.9402014153511173,0.6052432090966516,0.7580546803536934,0.878651685393259
1081,rosy-sweep-894,run_39b7f8b11646caf3a6f81893f42a4990,0.5326100587844849,0.9784301212507979,2.245862819814916,1.4985849652558434,0.5762882406748654,1.1405048267130875,0.6727760051052967,2.0455362003266204,0.3409349336702464,0.5762882406748647,0.6804953315398009
1082,dainty-sweep-895,run_ed815420a34d25d9b91a1ab6e96ab794,0.5471602082252502,0.9001914486279516,2.790119760479042,1.176639292482628,0.4627706067689807,1.1422614337711663,0.7619400127632419,2.718045726728362,0.42437144662034015,0.4627706067689807,1.0432109510998575
1083,snowy-sweep-896,run_982626340c23d8dfd8ba8b4575ad79a4,0.558391809463501,0.9221952776005105,2.4784158954817648,1.217624763108023,0.6418233560321172,1.1595584744421585,0.634920229738354,2.353973870440938,0.3546809854706245,0.641823356032118,0.9452998892229784
1084,spring-sweep-897,run_7a4618d116136ba4495b1820e7939a79,0.5723037719726562,0.8418889597957883,2.6040010887316276,0.8528995578016427,0.6110681979876004,1.0828295616394998,0.7641863433312069,2.4941480675013623,0.34801010739102994,0.6110681979875995,1.01519227725906
1085,feasible-sweep-898,run_bc867419ac418ea0b0465bbb057607d7,0.5924696922302246,0.8755839183152522,2.8018236254763207,1.3634238787113078,0.4210488870820205,1.2637680012660233,0.7263560944479895,2.6650789330430076,0.4852179406190779,0.421048887082022,1.1324972305744567
1086,confused-sweep-899,run_9836645ca072bfd87f14735e40e55b99,0.5245692133903503,0.9727632418634333,2.5250680457267283,1.2398357548957677,0.5039841447301555,1.296494698528248,0.6640970006381609,2.32953184540011,0.3801768793430194,0.5039841447301551,1.006828612122171
1087,atomic-sweep-900,run_c50915bd877ac48b8cd7de99311e615b,0.5258455872535706,0.9664071474154435,2.841507893304301,1.1282754264055594,0.38617745705864415,1.1760405127393576,0.8851308232291006,2.777054980947198,0.5158938723941879,0.3861774570586439,1.130305428074063
1088,faithful-sweep-901,run_f885e29a8d93062b116f88dc2dc0d093,0.43178045749664307,1.5589278876834718,4.04047359825803,1.9017687934301963,0.0,1.752373793321728,1.5589278876834727,4.04047359825803,1.9017687934301963,7.420293332589724e-17,1.752373793321728
1089,major-sweep-902,run_9b166c05d90ecee143bfe2682a675979,0.5850670337677002,0.85702616464582,2.7194610778443122,1.2533796588755528,0.4092895619473524,1.2052619085298306,0.7010082961072103,2.6032934131736543,0.40107391029690354,0.4092895619473545,1.048781452761513
1090,azure-sweep-903,run_8ad41f44e93c98586eadb13fa32c8e2e,0.6171027421951294,0.7923931078493938,2.437534022863365,1.2558054327226789,0.5119930887285293,1.0701376800126603,0.6120740268028078,2.255606967882416,0.36761844598862997,0.5119930887285274,0.7852983066940974
1091,glamorous-sweep-904,run_cd4dac7d3363543ae3b967a1197a2413,0.5578812956809998,0.9286534779834078,2.3290963527490485,1.3909412507896404,0.630744994410001,1.2625415413831305,0.6142182514358644,2.0617038649972788,0.35554011370815053,0.6307449944100003,0.9513847127710073
1092,misunderstood-sweep-905,run_5a6d55a39ab4be754d1622cc322a786a,0.5876196622848511,0.8644543714103382,2.579994556341862,1.1889955780164247,0.5322695395873566,1.1587039088463365,0.658966177409061,2.4662221012520424,0.3450031585596976,0.5322695395873576,0.9956084823548037
1093,smooth-sweep-906,run_4d63b4be639e62ab7ef9fb363b731905,0.520484983921051,1.0189151244416084,2.536064235166033,1.4027416298168038,0.46369549750990957,1.104130400379807,0.7961710274409705,2.401061513336963,0.6522173089071389,0.46369549750991085,0.8266497863586019
1094,resilient-sweep-907,run_11bb87252509c4320cea244f49be6302,0.5448628067970276,0.950248883216337,2.384295046271095,1.291939355653822,0.667852424026832,1.195078335179617,0.6475047862156982,2.251905280348395,0.32963992419456806,0.6678524240268322,0.9620509574299734
1095,fallen-sweep-908,run_8a741aa66785779baf5f44f34556ae12,0.5379706621170044,0.9564007657945117,2.6397114861186726,1.2730890713834493,0.4769082223803232,1.286303212533629,0.7217613273771538,2.468236254763203,0.42919772583701793,0.47690822238032177,1.045790473176136
1096,clear-sweep-909,run_a84f73687f7ee7565c409a8b355047a1,0.5975750088691711,0.8201148691767709,2.426428960261296,1.2250284270372713,0.4964630551885355,1.0519781611014403,0.6611359285258465,2.2419978225367454,0.4286923562855338,0.4964630551885355,0.8090916284222189
1097,atomic-sweep-910,run_0c295fa5fde9f969961aa73be50077c8,0.6047223806381226,0.8292278238672622,2.711894393032118,1.1295135818066964,0.5194836873666023,1.1969773698369996,0.6878621569878743,2.6098802395209595,0.3640050536955149,0.5194836873666014,1.0485361607849344
1098,neat-sweep-911,run_643cfb6cf7b0d428adb970f9ebf7d27e,0.5973197221755981,0.8865858328015317,2.973244420250409,1.303891345546431,0.2964325642849884,1.28798069314765,0.7909636247606904,2.897686445291236,0.6458496525584341,0.2964325642849878,1.1845307801867386
1099,volcanic-sweep-912,run_5221e42710a461236f58111ff9df88a6,0.5479259490966797,0.9651563497128272,2.3167392487751775,1.479962097283639,0.7415082833621303,1.2177559740465262,0.5245692405871091,2.1335057158410473,0.32248894504106235,0.741508283362132,0.895030859313183
1100,swept-sweep-913,run_4242bd3b486fa82947607e77cb0f6194,0.5728142857551575,0.9119336311423102,2.2026401741970614,1.4120151610865448,0.759162516515906,1.1561481247032759,0.5419527760051052,1.9558247142079503,0.2965634870499047,0.7591625165159074,0.8733502136414
1101,solar-sweep-914,run_8b62fc3d446b279e6295c867e82825a1,0.771155059337616,0.45661774090619023,2.4281709308655417,1.3237018319646243,0.3759223498323,1.2345070422535211,0.31050414805360527,2.157729994556342,0.8406948831332905,0.37592234983229966,0.9172258268713405
1102,flowing-sweep-915,run_31d9aa4c3bc516ef218647bbf2ce7039,0.43178045749664307,1.5589278876834718,4.04047359825803,1.9017687934301963,0.0,1.752373793321728,1.5589278876834727,4.04047359825803,1.9017687934301963,7.420293332589724e-17,1.752373793321728
1103,sweepy-sweep-916,run_9b1b1ebc6c74c82543dc06b5f095cd4c,0.536694347858429,0.9963497128270583,2.2849482852476872,1.5580416929879977,0.7152149608700071,1.2003323310650418,0.5171665603063182,2.071012520413719,0.3173089071383451,0.7152149608700066,0.8743472068365248
1104,light-sweep-917,run_214479be705391a9e2d4ec440c61a343,0.6017868518829346,0.8277472878111041,2.4485846488840513,1.304118761844599,0.5110885252566318,1.1042095268238645,0.6609061901723029,2.262411540555254,0.49274794693619756,0.5110885252566323,0.8317613546447221
1105,genial-sweep-918,run_a0a1dd9e9c9248dfdfb9858915e1629a,0.6015315651893616,0.8484237396298661,2.5670386499727824,1.1765382185723314,0.4867567842260393,1.1799335337869918,0.6634588385449898,2.451741970604247,0.34523057485786574,0.486756784226039,1.0069631270770698
1106,celestial-sweep-919,run_5b926ec39901fa1c9f2a4ac19f5bb567,0.6349712610244751,0.7660497766432673,2.6054708764289614,1.2167909033480735,0.4075820713487143,1.1732789998417472,0.5979323548181245,2.470685900925423,0.38363866077068853,0.40758207134871577,1.0069393891438525
1107,driven-sweep-920,run_1d48b85d870c41fc3536398b68c1f8b9,0.5844288468360901,0.8441863433312062,1.9866358192705502,1.2737207833228048,0.8795812582579531,1.065358442791581,0.5462412252712195,1.6789602612955903,0.3030069488313336,0.8795812582579544,0.7307801867384074
1108,peach-sweep-921,run_c1ca5ddb09ba3d56aa093ef00c7d9d07,0.679770290851593,0.6549329929802169,2.708845944474688,1.2463802905874923,0.5710438052647627,1.309708814685868,0.4979451180599874,2.5014425694066404,0.6563866077068863,0.5710438052647618,1.063198290868809
1109,worldly-sweep-922,run_66663bdec313f29f2c86af32cefb23af,0.5382258892059326,0.9041225271218891,2.3827163854109967,1.2087807959570438,0.5311921943286919,1.1615999366988448,0.5984684109763879,2.182716385410996,0.33474415666456153,0.5311921943286921,0.9182702959329008
1110,rosy-sweep-923,run_39d1374e71c228c8dd8f4fa8fcdc1f12,0.5652839541435242,0.9052201659221443,2.5031301034295055,1.3673910296904612,0.45574753531863,1.0409400221554044,0.6790555201021062,2.3562602068590097,0.48051800379027165,0.45574753531862977,0.7555151131508148
1111,trim-sweep-924,run_40c3fbaaeff5740a6bd4b575b7faa726,0.5678366422653198,0.8705041480536058,2.1556069678824175,1.3746936197094126,0.7643459701189145,1.1335812628580473,0.49266113592852606,1.8709036472509541,0.33931775110549656,0.7643459701189151,0.7479506250989072
1112,iconic-sweep-925,run_e0a960372ccfbc3511ba04ed862663e2,0.5788130164146423,0.8489597957881302,2.3508709853021235,1.2452937460518005,0.6730358776298404,1.1793796486785884,0.5689853222718578,2.130293957539467,0.392356285533797,0.6730358776298397,0.8867542332647569
1113,earnest-sweep-926,run_d3928ec300a0f3fcd16915341a557780,0.6308870315551758,0.7526483726866624,2.460778443113773,1.228692356285534,0.3347494664091879,1.183494223769584,0.5107083599234207,2.266113228089276,0.38101073910296973,0.3347494664091884,0.9384712771008072
1114,swept-sweep-927,run_7cfa42c2645e997672c3564ee2ebd415,0.5438417196273804,0.9364901084875559,2.298557430593359,1.3979153506001265,0.7447403191381239,1.1807089729387563,0.5235737077217615,2.094093630919979,0.31488313329122036,0.7447403191381239,0.9065200189903468
1115,warm-sweep-928,run_24c7359c58cfc4ca6c477ad7b4fe44c2,0.6311423182487488,0.7566560306317806,2.4014425694066426,1.201301326595073,0.5255310499034456,1.1435591074537113,0.5170134014039564,2.2253946652150254,0.3538976626658257,0.525531049903446,0.9125890172495654
1116,vocal-sweep-929,run_48a63f13ae42a41e9ee83af73e11e96f,0.6005105376243591,0.8114103382259094,1.9297495917256402,1.275161086544536,0.7348612663888607,1.0687054913752176,0.5322016592214419,1.633287969515514,0.30914718888187015,0.7348612663888603,0.746850767526508
1117,toasty-sweep-930,run_857a11a77bcc9730ff1ffca6b308b2b8,0.5841735601425171,0.8534269304403319,2.42811649428416,1.3109665192672144,0.6446590100619982,1.2415097325526192,0.5943331206126361,2.1684540010887323,0.3891471888818703,0.6446590100619969,0.9886690932109509
1118,confused-sweep-931,run_b93556db50cff62c07b195eef1ed399d,0.555456280708313,0.8485768985322274,2.479014697876974,1.2559823120656983,0.4929057831080394,1.02575565754075,0.6457434588385462,2.3102612955906374,0.5468224889450416,0.4929057831080383,0.7237616711504983
1119,likely-sweep-932,run_8c6a1406f28ffa2f8596aa37f2a3742c,0.6202935576438904,0.8013273771537971,2.3318181818181825,1.2854958938723946,0.6147677609513161,1.1710713720525399,0.5050670070197838,2.115051714752314,0.3641819330385344,0.6147677609513168,0.894761829403386
1120,blooming-sweep-933,run_e85248a74ce32b425f947177c2957ffc,0.6130185127258301,0.8118187619655393,2.6953456722917815,1.3673910296904612,0.4309685943693465,1.1968586801709131,0.6115379706445431,2.534866630375613,0.41423878711307643,0.4309685943693463,0.9874426333280584
1121,good-sweep-934,run_cccda174d248647c82ca040393e2a3d7,0.5243139863014221,0.9662284620293555,2.232798040283071,1.4160328490208467,0.7841548937900195,1.2196391834150972,0.5690363752393098,1.9882689167120315,0.34234996841440324,0.7841548937900181,0.8196866592815311
1122,ethereal-sweep-935,run_93842027229755ea0b940ad8c579f3ff,0.6109763979911804,0.800587109125718,2.473081110506261,1.2926468730259006,0.47000711454416105,1.0845861686975786,0.6235864709636249,2.2815732172019607,0.4550221099178773,0.4700071145441605,0.8209843329640769
1123,peachy-sweep-936,run_12b3900bdd7c8b55623efb8c372fb8a6,0.6015315651893616,0.8203446075303128,2.579667936853567,1.260075805432723,0.5428498831182031,1.2034578256053174,0.6526866624122538,2.4380239520958096,0.4172457359444095,0.5428498831182031,1.0281294508624796
1124,super-sweep-937,run_c8eed42dac119d82c11a35b7eb8ca651,0.5229099988937378,0.9491512444160818,2.890337506804573,1.0561086544535694,0.5196971236914321,1.1524291818325685,0.8299425654116137,2.822727272727274,0.46255211623499737,0.5196971236914302,1.030827662604842
1125,stilted-sweep-938,run_fcd070cdd9620b7b6c6d142bffe828da,0.577919602394104,0.8816336949585195,2.637697332607513,1.2176753000631715,0.5368533387539385,1.1835100490583954,0.7119336311423095,2.496379967338053,0.36905874921036014,0.5368533387539383,1.0270612438677007
1126,fine-sweep-939,run_e05ee36de4adbac0f58b9474e40c6b3f,0.5535417795181274,0.9298787492022974,2.6486390854654336,1.3185470625394824,0.40534607175525966,1.0570501661655325,0.7559923420548822,2.5104790419161684,0.6546936197094129,0.4053460717552592,0.8452603260009499
1127,valiant-sweep-940,run_d8eb2561fc5cc34d89a8a6419c31236a,0.5975750088691711,0.8445692405871092,2.763990201415352,1.3338092229943148,0.4212318325033032,1.2751384712771008,0.6741544352265469,2.61537833424061,0.39885028427037317,0.42123183250330243,1.0961861053964237
1128,distinctive-sweep-941,run_ba66ef8edea6850ebf25893917693cee,0.5520102381706238,0.9212507977026164,2.440038105606969,1.3382312065698045,0.6997357455025918,1.194128817850926,0.5683726866624124,2.269651605879151,0.34775742261528825,0.6997357455025917,0.9432979901883207
1129,denim-sweep-942,run_82dc6dfb114468beea5c3558f9cbe612,0.619144856929779,0.8147287811104021,2.7725367446924345,1.664320909665193,0.26799471491005183,1.3061006488368412,0.5778940650925347,2.6245781164942854,0.8598736576121293,0.267994714910052,0.8778525083082759
1130,fallen-sweep-943,run_fff51bb841fac4c614c873ca7fbb6bb8,0.5497128367424011,0.9475686024250161,2.238023952095809,1.4611370814908404,0.7857404207744692,1.1988051906947301,0.5302616464582008,2.0391126837234625,0.3447757422615292,0.7857404207744689,0.868436461465422
1131,legendary-sweep-944,run_fd2654ce57b9b3e0e130169004159cb6,0.4557753801345825,1.1209444798978943,2.193875884594448,1.4277068856601391,1.000477690822238,1.2666323785409086,0.6994511805998724,1.9184267827980406,0.31200252684775776,1.0004776908222388,0.816260484253838
1132,stilted-sweep-945,run_d6bf19bd70703ab3102e217a976952a5,0.5952776074409485,0.8493937460114869,2.09795862819815,1.4068856601389768,0.6586543347901209,1.1038376325367938,0.5635992342054873,1.8045454545454551,0.31399873657612226,0.6586543347901199,0.6860658332014562
1133,solar-sweep-946,run_d1229f7643027f4ae041375bea120e05,0.5957881212234497,0.8265475430759412,2.6727000544365818,1.2262413139608341,0.4714401870108751,1.1577702168064568,0.6838034460753029,2.5701415351115964,0.3791156032849029,0.47144018701087664,1.0149153347048578
1134,avid-sweep-947,run_5182d1dfcb75912dd725334775cac0df,0.43178045749664307,1.5589278876834718,4.04047359825803,1.9017687934301963,0.0,1.752373793321728,1.5589278876834727,4.04047359825803,1.9017687934301963,7.420293332589724e-17,1.752373793321728
1135,swift-sweep-948,run_48ea49da3385264917e716e01a26a25d,0.5345245599746704,1.0062539885130823,2.229096352749048,1.4113329121920406,0.8822339668665514,1.2345070422535211,0.5578047223994888,2.033995645073491,0.30758054327226775,0.8822339668665506,0.8792134831460672
1136,rosy-sweep-949,run_273752f90b84ed2559ff856818d194d9,0.5993618369102478,0.797115507338864,2.1632280892759943,1.2190650663297538,0.6255107226344141,1.0602231365722425,0.5675813656668793,1.9086826347305397,0.3119267214150348,0.6255107226344142,0.7220841905364771
1137,dazzling-sweep-950,run_3ce3ad85ac2bccf5442a9f3bf5b50a3b,0.6049776673316956,0.8176898532227187,2.6325802939575405,1.2354643082754266,0.42648643154792154,1.0956796961544548,0.6916911295469056,2.465568862275451,0.5411370814908395,0.4264864315479196,0.8899192910270606
1138,dry-sweep-951,run_2b1b483799df3ef6aca2441646e76b9b,0.43178045749664307,1.5589278876834718,4.04047359825803,1.9017687934301963,0.0,1.752373793321728,1.5589278876834727,4.04047359825803,1.9017687934301963,7.420293332589724e-17,1.752373793321728
1139,rare-sweep-952,run_c3a80b9a4484b647e725b293cd618865,0.5671984553337097,0.8777536694320358,2.53905824714208,1.1641819330385346,0.3957719280414676,1.202745687608799,0.6491384811742189,2.3486390854654333,0.33411244472520624,0.3957719280414686,0.992221870549138
1140,misunderstood-sweep-953,run_f0b1d420c4d59dc816c3308e9de1942c,0.596936821937561,0.8434716017868539,2.6054164398475788,1.2237397346809857,0.5669580241894503,1.2023421427441052,0.6268538608806632,2.473788786064235,0.3703474415666461,0.5669580241894491,1.0233739515746159
1141,driven-sweep-954,run_1440b6387b5f570ad5336d2d85fd0a2c,0.5880025625228882,0.8041608168474793,2.527136635819271,1.0233607075173723,0.6021851814208761,1.00785725589492,0.7188513082322899,2.360996189439306,0.4474921036007582,0.6021851814208771,0.8713957904731764
1142,clear-sweep-955,run_e9fc6e0aebe59eee8ebff5edca286108,0.7244415879249573,0.5647223994894703,2.789194338595537,1.295375868603917,0.350238845411119,1.3070897293875614,0.4372941927249516,2.5914806750136092,0.8137839545167402,0.3502388454111192,1.0811362557366668
1143,ethereal-sweep-956,run_eac3b967c10ea366bfcb83d889253cc4,0.5826420187950134,0.8622590938098277,2.368508437670114,1.2381174984207202,0.6892773655859336,1.13652476657699,0.5698276962348432,2.207049537289059,0.3193809222994307,0.6892773655859348,0.894635227092894
1144,golden-sweep-957,run_e96b2600c3df4d0c9463252d879fdab0,0.5983407497406006,0.8178430121250799,2.2047087642896033,1.298180669614656,0.6945827828031303,1.0997547080234216,0.5464454371410338,1.9216385410996206,0.33519898926089686,0.69458278280313,0.7078889064725422
1145,young-sweep-958,run_c09a74d6bf0fcce2357bfbbb27aa4e6f,0.6042118668556213,0.8219017230376517,2.4797768100163315,1.1892229943145929,0.5200020327269032,1.1117107137205255,0.6097766432673898,2.354137180185086,0.33557801642451013,0.5200020327269029,0.8949992087355597
1146,fallen-sweep-959,run_7d53b62c586d3d7b3cf962504dd4a404,0.43178045749664307,1.5589278876834718,4.04047359825803,1.9017687934301963,0.0,1.752373793321728,1.5589278876834727,4.04047359825803,1.9017687934301963,7.420293332589724e-17,1.752373793321728
1147,smart-sweep-960,run_94bf4ced3d6069f0501a9009b55dd3a4,0.5555838942527771,0.9087172941927251,2.6724278715296688,1.2935312697409984,0.5623538977538368,1.288637442633328,0.6786215698787486,2.4786336418072956,0.4335439039797852,0.5623538977538375,1.04214274410508
1148,restful-sweep-961,run_fc7ef8111a49f8ef707fe8f7a7e6b8a9,0.5263561010360718,0.9476707083599234,2.1327436037016887,1.2386986734049275,0.8380221567232442,1.080511156828612,0.6115890236119974,1.8746053347849767,0.2534807327858509,0.8380221567232454,0.7358363665136884
1149,resilient-sweep-962,run_3345ddca41242fcf9e41734e17079d6f,0.6588385701179504,0.7154307594128909,2.56273816004355,1.3943777637397352,0.5239556865535117,1.2167906314290238,0.5043777919591578,2.3313826891671203,0.5906127605811754,0.5239556865535114,0.8401012818483944
1150,whole-sweep-963,run_608b8856f8f7082ad2aceead11398ca1,0.6042118668556213,0.8330567964262923,2.6570223189983677,1.29593177511055,0.3947250736863503,1.156306377591391,0.6865347798340776,2.465187806205771,0.604131396083387,0.3947250736863519,0.93538534578256
1151,swift-sweep-964,run_42dbe24385d038bce3b13e4c02488855,0.5164007544517517,1.0783663050414805,2.2240881872618408,1.600442198357549,0.8902632381339568,1.2463443582845386,0.5799872367581366,2.038241698421339,0.3926595072646863,0.8902632381339548,0.8499525241335648
1152,gallant-sweep-965,run_2a953618babb63f38e99be045ea75e9d,0.5729418992996216,0.8707083599234205,2.187289058247143,1.2733670246367657,0.8194836873666024,1.1758347839848078,0.56929164007658,1.9139085465432781,0.38065698041692964,0.8194836873666026,0.8727172020889387
1153,drawn-sweep-966,run_8a625c8be055e7e157aff3fdc5de4d76,0.7623484134674072,0.4759412890874283,2.4818454001088734,1.2476942514213523,0.36400040654538063,1.2730574457983859,0.34682833439693667,2.253864997278171,0.8133543903979784,0.36400040654538224,0.9426728912802658
1154,glad-sweep-967,run_9fcd7372d59532fdca418f2577256525,0.6019144654273987,0.808423739629866,2.6299673380511703,1.2151484523057487,0.526333977030186,1.1860500079126444,0.6554179961710264,2.4957267283614604,0.4053948199620986,0.5263339770301849,1.0467241652160146
1155,hopeful-sweep-968,run_b94b389fb0738477054457b5dacb6e7e,0.5640076398849487,0.9377153797064456,2.823924877517692,1.2280859128237527,0.42205508689907517,1.2455372685551511,0.7736821952776005,2.739874795862822,0.46472520530637956,0.422055086899076,1.1113229941446434
1156,graceful-sweep-969,run_a7933ab8b4318e4f4b8b50700bcbce91,0.6227185726165771,0.7667645181876197,2.505416439847579,1.1803284902084652,0.4934749466409188,1.1565674948567812,0.5681684747925982,2.3243603701687543,0.3727479469361986,0.4934749466409211,0.9675660705807881
1157,desert-sweep-970,run_de0a742c9c8b980e4e2c3bbb07f8f008,0.5849393606185913,0.8425526483726866,2.678415895481765,1.1987744788376502,0.5251448317918487,1.2012660231049215,0.6868410976388001,2.547876973326075,0.3945293746051799,0.5251448317918485,1.041794587751227
1158,revived-sweep-971,run_127abd7313d635b0dfbc08d18b25f2b4,0.5660497546195984,0.8824250159540522,2.3031301034295053,1.3824510423247003,0.6866449842463664,1.2292213957904732,0.5562476068921509,2.040963527490475,0.40549589387239454,0.6866449842463669,0.9076515271403699
1159,likely-sweep-972,run_5c07bb6e4fe04a988332dd83ab6a4856,0.5897893905639648,0.8430887045309509,2.0983941208492114,1.3556917245735947,0.7205711962597826,1.1128976103813895,0.5399361837906825,1.788758845944476,0.3407327858496532,0.7205711962597837,0.740908371577781
1160,wild-sweep-973,run_3a4d64de3b572872410b97c539497d32,0.5042756795883179,1.0692533503509891,2.1938758845944486,1.4384712571067593,1.0651488972456553,1.238384238012344,0.658940650925334,1.9772182906913458,0.4435249526216044,1.0651488972456538,0.8335100490583954
1161,glowing-sweep-974,run_9cddb96586064dd029cae5eca51d88f2,0.5859604477882385,0.8669559668155712,2.679069134458357,1.1678205938092234,0.48630958430734833,1.1539404969140687,0.6852584556477342,2.57792596624932,0.36281743524952664,0.48630958430734905,1.0014321886374424
1162,bright-sweep-975,run_ebf813adddb73d1433515d782639672f,0.5865985751152039,0.862769623484365,2.8233805117038666,1.2356917245735948,0.4652911881288749,1.2364298148441208,0.6753031269942569,2.6669297768100173,0.43816803537586835,0.4652911881288745,1.0227725905997782
1163,lilac-sweep-976,run_736f4a62294fb40e938406f848e8d505,0.6114869117736816,0.7495341416719847,2.4399836690255863,1.238850284270373,0.7353491208456144,1.165263491058712,0.5230631780472237,2.1839139902014164,0.5063929248262791,0.7353491208456135,0.8071055546763728
1164,lively-sweep-977,run_0b762c1afa5b8b608fa175f11b1c09ce,0.6148053407669067,0.7850159540523294,2.198121937942298,1.384801010739103,0.5803028763085679,1.102081025478715,0.518162093171666,1.9600163309744152,0.34568540745420107,0.5803028763085685,0.7271641082449747
1165,daily-sweep-978,run_5719c475e4e17a8fe0eeb83a9af3a9d7,0.6190172433853149,0.7945118059987237,2.5159771366358203,1.4020341124447255,0.44499441000101636,1.1369678746637126,0.5896873005743453,2.3409090909090917,0.5049526216045498,0.4449944100010163,0.7943661971830995
1166,lyric-sweep-979,run_85dd30c4b72b265e9ffbed0d445671c0,0.5839183330535889,0.8645820038289727,2.132090364725096,1.2913329121920407,0.7241487956093099,1.053766418737142,0.6029865985960442,1.883859553620034,0.28024005053695544,0.7241487956093091,0.7006092736192426
1167,major-sweep-980,run_0baf2baa36dab1b1c656fb2ce7493c6a,0.5864709615707397,0.8463050414805362,2.3446652150244973,1.327163613392293,0.6575160077243623,1.1726143377116633,0.5633184428844921,2.110152422427872,0.36792166771952045,0.6575160077243619,0.8782797911061877
1168,earnest-sweep-981,run_0c51d878a11675c909b57232afab5c9d,0.5703892707824707,0.8760178685386089,2.3084104518236264,1.2994440934933673,0.6997052545990445,1.2258426966292135,0.5632163369495856,2.0500544365813846,0.39063802905874967,0.6997052545990458,0.893828137363507
1169,noble-sweep-982,run_80ef7a3227267f4fec500350f0a21a39,0.5363114476203918,0.9900957243139759,2.3771094175285796,1.4004674668351234,0.7076227258867772,1.2014796645038772,0.6111295469049144,2.1763473053892217,0.33305116866708806,0.7076227258867784,0.9338423801234373
1170,ethereal-sweep-983,run_8c1122f9f71927b1870fe7476e895dfa,0.5670708417892456,0.8959540523292918,2.6862547632008718,1.251332912192041,0.5217806687671511,1.197467953790157,0.6836758136566686,2.5473326075122493,0.38371446620341093,0.5217806687671512,0.9771799335337871
1171,misunderstood-sweep-984,run_f7ccb6180fdf8afb56e4db14a81ebd97,0.5803446173667908,0.8751244416081685,2.568835057158411,1.1664813644977892,0.5725581868076024,1.20884633644564,0.6777536694320366,2.4378606423516613,0.3402274162981677,0.5725581868076005,1.0658965026111724
1172,different-sweep-985,run_1ffaf95bc6ef7fb2c645a4340ca73766,0.5502233505249023,0.9547160178685387,2.2167936853565604,1.4585344283006947,0.7587458075007624,1.1571213799651845,0.49927249521378514,1.998176374523681,0.30596336070751645,0.7587458075007633,0.8174632062035134
1173,cosmic-sweep-986,run_0160ec46c165c221f750c3773b1a74b3,0.5742182731628418,0.9160433950223358,2.775911812738161,1.2559823120656983,0.41713588779347494,1.2804715936065836,0.760587109125718,2.6957811649428423,0.47321541377132026,0.41713588779347566,1.150672574774489
1174,mild-sweep-987,run_cc073af475c6726efd7e35ad9d126049,0.7523931264877319,0.521735800893427,2.945427327163855,1.3429058749210363,0.2909645289155402,1.3489238803608166,0.4615443522654762,2.807049537289059,0.8744283006948831,0.29096452891554087,1.1856860262699795
1175,likely-sweep-988,run_1270565df9c6f6e43f3a64a47294eefd,0.55520099401474,0.9289853222718573,2.3908274360370174,1.3484396715097917,0.4961378188840329,1.09385978794113,0.6596298659859618,2.160778443113774,0.2918635502211005,0.49613781888403413,0.7150340243709455
1176,magic-sweep-989,run_c13dd2a844512d49f1122e59d9d82abd,0.6010210514068604,0.8359668155711553,2.410043549265107,1.2935312697409982,0.529037503811363,1.1613388194334546,0.5739629865985965,2.213091997822538,0.34449778900821265,0.5290375038113637,0.9224719101123598
1177,laced-sweep-990,run_887eabff4b198caae6a877258526185c,0.5500957369804382,0.928245054243778,2.184131736526947,1.425912823752369,0.7313446488464276,1.1392229783193544,0.4960306317804725,2.0087370713119226,0.27276058117498514,0.7313446488464277,0.809455610064884
1178,noble-sweep-991,run_66b6a16df5a8f86e5af828dc60922f7c,0.5624760985374451,0.8898276962348437,2.2944746869896577,1.2797852179406193,0.7430023376359386,1.2104921664820383,0.608168474792598,2.012384322264562,0.3882375236891986,0.743002337635938,0.9647570818167429
1179,crisp-sweep-992,run_da93b6d5634c1d15dc4ab234b2bb1698,0.6070197820663452,0.8282578174856413,2.6804844855743073,1.3328237523689201,0.43827624758613687,1.2000553885108405,0.6452839821314603,2.5120577027762674,0.4023120656980429,0.43827624758613487,0.9960515904415264
1180,deep-sweep-993,run_4a9c5ea54bbf679958e1fabb743ca773,0.5606892108917236,0.8440331844288449,2.4945835601524236,1.1596841440303223,0.5074296168309788,1.123650894128818,0.6663688576898532,2.3637180185084388,0.35617182564750577,0.5074296168309771,0.9462968824181035
1181,robust-sweep-994,run_47b9fd5c20d41371a97244616285630c,0.5469049215316772,0.9582641991065731,2.433832335329342,1.365698041692988,0.617135887793475,1.1979585377433137,0.651946394384173,2.2869624387588465,0.33252053063802806,0.6171358877934731,0.9341667985440735
1182,happy-sweep-995,run_8fc46897a60887431a20055f695ba265,0.49368220567703247,1.0258328015315892,2.2324169842133923,1.2304358812381555,0.9494257546498628,1.1912723532204461,0.6422208040842383,1.9615405552531315,0.3217308907138336,0.9494257546498623,0.8347760721633168
1183,electric-sweep-996,run_18f2e265dbeeecd9697eec4741790616,0.43178045749664307,1.5589278876834718,4.04047359825803,1.9017687934301963,0.0,1.752373793321728,1.5589278876834727,4.04047359825803,1.9017687934301963,7.420293332589724e-17,1.752373793321728
1184,unique-sweep-997,run_19e3d195e80963823a90ae730b6cb530,0.5809827446937561,0.8741544352265476,2.5863091997822547,1.2128995578016428,0.5326455940644376,1.184649469852825,0.6520740268028071,2.474823081110506,0.3317877447883769,0.5326455940644376,1.0298306694097172
1185,fancy-sweep-998,run_14eb7af7520046de315fcb25c6e64b0f,0.6016592383384705,0.8258072750478622,2.763609145345674,1.2255590650663302,0.40711454416099196,1.1661813578097802,0.709508615188258,2.672373434948287,0.4904485154769433,0.40711454416099163,1.0360341826238324
1186,feasible-sweep-999,run_d7384ced115a7d7179cf9881be0aa67b,0.6783663034439087,0.6631525207402681,2.7227272727272736,1.212267845862287,0.5323610122979977,1.2658332014559268,0.5226547543075939,2.5136908002177476,0.6178521794061911,0.5323610122979996,1.014828295616395
1187,hearty-sweep-1000,run_286af60a3104ed7d22408ce752af105c,0.628462016582489,0.7667645181876197,2.709716929776811,1.2924699936828807,0.4346376664295152,1.3231286595980378,0.5456541161455016,2.5288786064235174,0.5851547694251423,0.4346376664295137,1.049920873555942
