,name,model_unique_name,acc_OTI,distance_OTI,distance_P14,distance_OT3,distance_conc,distance_SL,synthetic_EC50_OTI,synthetic_EC50_P14,synthetic_EC50_OT3,synthetic_EC50_conc,synthetic_EC50_SL,SD_OTI,SD_P14,SD_OT3,SD_conc,SD_SL,spearman_corr_OTI,spearman_corr_P14,spearman_corr_OT3,spearman_corr_conc,spearman_corr_SL,composite_score_accuracy,composite_score_distance,composite_score_syntheticEC50,composite_score_distance_withSD,composite_score_syntheticEC50_withSD,composite_score_spearman,composite_score_spearman_SD
0,pious-sweep-1,run_60d5f51817e261163d8d052e5c77946c,-0.09285256266593962,0.3190688401247492,0.4221176086424122,0.2944723369524893,0.2658782199869513,0.3568862027206622,0.19332535498932646,0.39850880296062496,-0.10338584819330746,0.26587821998695077,0.23335860584998974,0.33828972821648184,0.2832040177260924,0.1480592535836287,0.4171530582245812,0.2578982949900333,0.7554908414107927,0.6798436092405145,0.5320289532632476,,0.7154555876683549,1.2079834255823878,0.6055593756972159,0.4548324884234952,0.7637199460139332,0.6507215925188223,0.6174801565735001,0.7732061447031817
1,fresh-sweep-2,run_a667d71fd2a2a96417724a091d125c28,0.4910656809806825,0.2585444732883505,0.5043674657813818,0.48875423540177604,0.16769914986115164,0.3575734238360491,0.18686238381643286,0.48634248550981,0.2938095120322511,0.16769914986115142,0.2577382134004928,0.4222543459341643,0.22892955907147935,0.17634709319030736,0.48470703061864545,0.20943803436418226,0.7861368752223563,0.6432818494813283,0.5112588645439058,,0.7019476080925386,0.8673415614609763,0.7484066326736146,0.5981392756357412,0.9065970774183426,0.787131733581915,0.6417578768788366,0.8207672907040422
2,dazzling-sweep-3,run_9d180089e1a3baab33b711191992f8df,0.709955394268036,0.22913308544088895,0.5567933821328472,0.3938663962604803,0.1655754420361367,0.3966246441318731,0.16852158893760744,0.5410215243952219,0.206583731110726,0.16557544203613642,0.31514349926295154,0.48182899646220606,0.2664804444008233,0.2845091466334642,0.3503400218829289,0.23400970244561572,0.8009785021769478,0.6306874854633759,0.4642505393151247,,0.6580352572219388,0.7411312176695588,0.7194800757031526,0.6031423163372094,0.9496146812953943,0.8648104516913248,0.6804621772098947,0.920404931653003
3,swift-sweep-4,run_f8835f0e2fcf8d352145819525e06734,0.3111040592193604,0.27622923302829405,0.3281395412120056,0.3224247520589617,0.2236409417427027,0.31033534317606176,0.17880801490429826,0.29845710087349303,0.04033833749659955,0.2236409417427027,0.21902900918181611,0.41835147850028154,0.2982070646686617,0.12942289478445015,0.39932686675246315,0.271162215518123,0.7805132919110727,0.6798021850995515,0.559920261133546,,0.7601987841114994,0.8283784741717708,0.5365965602074878,0.35025152209207555,0.7540766321154407,0.635115601606411,0.5868315194802527,0.7906117447467879
4,worthy-sweep-5,run_b11ad40a83f1a82b9b4158b2387bc848,0.37555843591690075,0.27694933409870764,0.389599716999102,0.4940073702173968,0.19002881882173975,0.35285376141947034,0.18570919704886674,0.3588396963182671,0.22443548586550593,0.19002881882173944,0.21985495010471745,0.42555209661568805,0.2898559863170865,0.1769992231480595,0.4591037000047648,0.21941797460043921,0.7768685021472116,0.6659070183018952,0.533429920169492,,0.7199702718337246,0.8864301936810568,0.6874097431464048,0.46219597665709583,0.8769104627642903,0.7141882983995762,0.615705631894825,0.8219082855646859
5,azure-sweep-6,run_7cec8bf5eaa771982962551f35d05cfb,0.30918955802917486,0.2777642527477878,0.3925984380527362,0.41123834491628125,0.18202249769678935,0.30837971278621923,0.19851725808063567,0.3726142207951238,0.17145895679271916,0.18202249769678924,0.1991864960253586,0.4061193508407214,0.28352317530521093,0.13498111079185682,0.4546448186638609,0.26184054440270627,0.7791559197350479,0.6848189855314597,0.5559050522254869,,0.7560523782411479,0.8946896538056408,0.6327744384814129,0.45568479583924953,0.8148261828933269,0.6864305146860099,0.58764913197276,0.7803010448803591
6,copper-sweep-7,run_687a6b092685d6bae6605a9e5ca38bce,0.2204850316047669,0.2889732281285316,0.45820022313532355,0.5029357208221008,0.16589346543872474,0.31346211952704517,0.2183520704827751,0.4431140983428121,0.3025548438156954,0.16589346543872474,0.22002715400370063,0.37064780495737787,0.27068245434091825,0.19267630814417522,0.535355563870552,0.2700673986961866,0.7694279782274607,0.6914604247119723,0.5439507078975339,,0.7516982880814695,1.0346667916350307,0.7391869251651646,0.5792815933124563,0.891162306464398,0.7637670524960034,0.5969431158580801,0.7772477273676445
7,deft-sweep-9,run_f5fef8fad19bcaf5c7f6c0b11b190b2a,0.47255903482437145,0.2607278402349426,0.4151677596669297,0.4395716370291592,0.2010907874849595,0.3429703737542124,0.17396206784325852,0.3931263435739746,0.18652091113694225,0.20109078748495926,0.21937102525896354,0.46537741724732734,0.22736922481648078,0.14377166938032748,0.44440165094266754,0.2223912625046569,0.7900701940970652,0.6777792890322027,0.5210783179728485,,0.7275549178138895,0.8023599345011881,0.6584576671441605,0.46861623248827,0.8500057042248462,0.7131229705635256,0.6142171338368481,0.8162143623415353
8,happy-sweep-10,run_fb039f7440d1f98beeee75a29c304343,0.5887046456336976,0.24799153304648872,0.5387303055865464,0.3957806742017659,0.16225750715552656,0.3556201851670258,0.1758481688675448,0.523350295246129,0.16229812282046846,0.1622575071555263,0.2972430634116944,0.48013055330940474,0.3424002618832547,0.16278815353999718,0.543638341029553,0.3279288320015337,0.7953571734216703,0.6721544241000605,0.5258917656405925,,0.7058129204781388,0.7848799607279321,0.7130024436786495,0.5754639786288337,0.9394869638178085,0.8398940773640478,0.6116698668354738,0.8651030554138648
9,crimson-sweep-12,run_41ea6c13d67f7414fef5170c0677de76,0.2606892585754395,0.2883684457348747,0.5636180576342215,0.5659238740632648,0.13977210508542373,0.31426972392366587,0.24307126950487265,0.5546055674984354,0.45543491702322364,0.1397721050854235,0.254945480723926,0.3808866529212751,0.30148196143542744,0.2696968149070437,0.583866318043432,0.3604342147871072,0.7628031251519394,0.6657978817545624,0.5473826148589945,,0.7427261970894798,1.0883545003866526,0.8491710702924906,0.7576885515849653,1.0147876103092817,0.9395713536599821,0.6105865299933378,0.8255412152187399
10,fluent-sweep-13,run_108e0561fefc3e6a531d31f15797f2a4,0.40938109159469616,0.270822068407039,0.44674957141690963,0.42071575198476496,0.2044005258861214,0.34637140075913214,0.19766389987263672,0.4250020408718602,0.19291667697178042,0.20440052588612126,0.2418149334264512,0.42277658302190435,0.2359616773388177,0.1301852738669136,0.40669881759447035,0.2220217591452832,0.7752570553630721,0.6574662919816003,0.5261937612693196,,0.7128764499428688,0.8517145170156319,0.6707693465458642,0.506867434653224,0.8374351760713151,0.7129381138415657,0.6263633802777954,0.802307448556384
11,fallen-sweep-14,run_27f191a08b1586229d0256f29eb9d284,1.011806130409241,0.18996061226529445,0.5709543116819507,0.5314569782108675,0.11363599106911601,0.3868329390980182,0.14964520287117863,0.5573376146289697,0.4200479806098981,0.11363599106911587,0.30170681170061725,0.5728879351581367,0.24107491903835424,0.4315844587044664,0.4084313143006037,0.20167765470843638,0.8378200388730725,0.6145519616017691,0.401916421732873,,0.6640875871383671,0.7801119986466536,0.8028202662672649,0.7137641133015301,1.103224015222553,1.040212505823425,0.729778388751672,1.051265591809851
12,dainty-sweep-15,run_7c4061aecc99bc279a895866df17db82,0.2543076872825623,0.2849114480694372,0.4911970393752212,0.275448272450721,0.2526113983521798,0.3851818544924888,0.18951983865635805,0.47160466951481683,-0.004229218707490602,0.2526113983521795,0.28280663654692906,0.3528557206201158,0.31058715958941185,0.17243431344379534,0.321966867850974,0.2262645009345933,0.761570989099372,0.6564165585421255,0.5128919375115141,,0.6703979559655149,0.9344534806682193,0.6311266240051142,0.5082780930193505,0.8056214689648519,0.7134786300740762,0.6420064166535839,0.8141728162702119
13,blooming-sweep-16,run_d80c0f6eea35ee843896ffc69c57a4fe,0.33726871013641363,0.2718035584781009,0.4958556695420286,0.3515197981846512,0.1952442386945959,0.36800929901054513,0.20311975460185577,0.4755775667365099,0.10791680063314561,0.19524423869459556,0.30244266447266155,0.3521147134131993,0.21327997554357978,0.2221664591514223,0.4058562894451832,0.28326469065682547,0.7659148161321307,0.6389626860204625,0.514279568033923,,0.6854625396822426,0.8992506747826239,0.6658199365700233,0.5282780447372688,0.8137243039727398,0.7056264929077152,0.6488976447956378,0.7999370027465511
14,ancient-sweep-17,run_fe6eeb29ebea6e8c49456810d9b9d7e4,0.19751131534576422,0.308392893294347,0.6136983319273994,0.48677070709568915,0.15461265077423947,0.38697086166525946,0.23329737099043346,0.6058613839832376,0.26373012143546104,0.15461265077423936,0.3314638048929821,0.3528736016674185,0.3382508177179127,0.15778884525747858,0.5741171280547869,0.35402455403909716,0.7433912261822568,0.6729586836426548,0.5168927491743665,,0.6868461524534093,1.121409583022633,0.8418298762406619,0.7007490684014465,0.9861583314354897,0.8688382881720603,0.6373356268131356,0.818552023596273
15,bright-sweep-18,run_5f69e1557fa6c506fe0723be06229c46,0.5204212665557862,0.2658274883848466,0.6262755449127867,0.4422526154378848,0.13932211836372044,0.38881408117659905,0.21587143761387723,0.6194182154616452,0.2653723443721715,0.1393221183637202,0.34577745675569455,0.3903576569380626,0.35519250251141754,0.2191073651949047,0.5606594201401102,0.3549640409999646,0.7695293704601216,0.6708309485211658,0.5003506504828344,,0.6763996743411905,0.9043252709005836,0.811463300216623,0.7076029143387933,0.9924825133228314,0.9095332517472379,0.6411851901010425,0.8588756019692613
16,solar-sweep-19,run_a808b19b0ecf392125e5f27a4b4f98af,0.1860243082046509,0.2962511179505052,0.6456611064246646,0.49856305493037867,0.12343652154526591,0.36153012731129913,0.2473559990056966,0.6398813573158453,0.3271733485024611,0.12343652154526556,0.3276346598614237,0.3171357762942597,0.36797446399672085,0.1832746969745341,0.6695777647490294,0.3924043732354862,0.7549062621763718,0.665285884729354,0.5207247628641078,,0.7152357000297822,1.1523887412348104,0.8678756299020948,0.760049696832245,1.0113248885934243,0.9204593760537896,0.6338842419664922,0.8193772961975322
17,magic-sweep-21,run_71d1292e7fb7c2c24cdab303a5d885ca,1.2613272666931155,0.1621149957844617,0.6124792511360853,0.563960131575693,0.10566901304551671,0.41747247727267284,0.13042542341174151,0.5988625540831043,0.44333588900155857,0.10566901304551647,0.35364223204953726,0.6224882906956594,0.32822560527409333,0.529513350147389,0.39238114452795453,0.2763677256628827,0.8576076209985359,0.6038157411953521,0.33183548794042006,,0.638732242951682,0.8726246635274455,0.8482117276584242,0.7564349676157716,1.222731059118214,1.1609487362613964,0.7897350009326555,1.1829156688847948
18,prime-sweep-22,run_636412f8b249400d28d16d39f76370ba,0.2606892585754395,0.28545216453156275,0.5020762469727067,0.5227116464274231,0.15264877429846338,0.30857583389339466,0.23005307221768045,0.48983101580995425,0.35342912967130813,0.15264877429846316,0.24036873957110083,0.37923219054806534,0.29106362114758094,0.2088395109025316,0.5580498967573222,0.33806154970503516,0.7688040183918496,0.6742291807670551,0.5426706203835189,,0.7522959064880497,1.0353204313017295,0.7789678820855325,0.646352063341971,0.9375179937143902,0.8306142407904277,0.607230079982749,0.8005481854662411
19,blooming-sweep-23,run_83fe0a672f06897c062294b5f11f3533,0.31174212694168096,0.2879379226749832,0.5478788538463633,0.36473177849776167,0.1847634004242498,0.3484338613455662,0.21943862868154881,0.5394541348063895,0.13275294932357276,0.18476340042424957,0.2912621668831171,0.35469279342726096,0.39957785081489244,0.2127403718247507,0.5217872989931652,0.3314783922558496,0.7542159321402613,0.6956469824841647,0.5186451007288173,,0.7184505814909152,0.9523126632387633,0.7184070963266785,0.5973168513205165,0.9202372837631307,0.8291654378027772,0.6202766369427801,0.8458551937017711
20,fanciful-sweep-24,run_50445bcaa8ceaba43882aae082c77d60,0.5580726265907289,0.24344285190775528,0.7403521184249912,0.6460020280463976,0.12309964623994704,0.4151979507736021,0.21143038724011642,0.7335927508231519,0.5663443227066997,0.1230996462399468,0.37221872765235875,0.4130238062273812,0.44459265389944685,0.4085064223307686,0.41545287562938915,0.36161011513673164,0.7919206024948058,0.5839942489544238,0.40317085568908734,,0.6449673723220142,1.0773762958524975,1.0122767910218096,0.9505824659496381,1.2489327808728552,1.1994731402029335,0.7566788275536819,1.0524693048091265
21,fallen-sweep-25,run_1562d91fad12acb6549d3ac9bcb94d84,0.1796427369117737,0.29383455101313866,0.6175406133500233,0.46454133999455877,0.13751151605362466,0.3554655205540501,0.23728227193169021,0.611858826090506,0.2719956471199266,0.13751151605362427,0.31667659230806605,0.2928315961673813,0.3507748314226637,0.1618065532249997,0.640181020820663,0.3658887691658352,0.7559400799384566,0.6758532624297242,0.522965151474083,,0.7154394139829934,1.1270053703520089,0.8267368439048522,0.7103912525433462,0.9583676203888803,0.8600176849519976,0.6262576137389827,0.7919427286781121
22,fiery-sweep-27,run_e370ace0b84869bf2b5214b7ee896f6b,1.260689198970795,0.16445212096672926,0.6307817899806799,0.5501545767071451,0.09292512679953707,0.4020275414624735,0.13041004758817362,0.6202019102560613,0.4381965226423967,0.09292512679953684,0.34685054216324773,0.6491814021355795,0.3252531890179689,0.4677191414189785,0.48196749771021796,0.30373243245236986,0.8587403885482043,0.6131065089779696,0.3717820081572142,,0.648956221877624,0.8766496354320141,0.8529948563347286,0.7705020327378155,1.213914144422202,1.1574371289827745,0.7511981739179806,1.1446772565192735
23,resilient-sweep-28,run_58d3d14066572ed9927250f1ee968602,0.10753035545349124,0.301635218836409,0.4363982693406625,0.2712091608339723,0.23115875269254355,0.3475258046745386,0.19295889786096662,0.41161392146725073,-0.11141889051022669,0.2311587526925432,0.24387340781151948,0.332427831597125,0.262817243256418,0.1530287648054145,0.4564321153769179,0.25801036906795444,0.7574352889496653,0.6690437240668113,0.5347605310578128,,0.7223738078899793,1.0298057704444876,0.5958033766657261,0.4680526955075645,0.7469810125280439,0.6496709130036817,0.6203365692010311,0.766691873257599
24,sandy-sweep-29,run_7078b8d9c8cd3bc8255a17fddb40397a,0.23452460765838629,0.2867078567895793,0.5686903044980818,0.4087947963297306,0.12764377444599997,0.3439533710109086,0.2345838148955852,0.5618329750469401,0.21891029604530943,0.12764377444599964,0.3001131283947488,0.31029940409445717,0.3264245004135045,0.1623939809937319,0.579077114252256,0.32622029261450186,0.7564481903675226,0.683665243281708,0.5403805901069485,,0.7110259954136864,1.0375328545241034,0.7567848063229472,0.6469988993620521,0.8955075224674746,0.8048714527738455,0.6087981309380904,0.7744970264295958
25,giddy-sweep-30,run_1babcb914ce257ed9ba3b845cfe8fbb4,0.6799617409706117,0.2327874061754433,0.6480230754578357,0.5684910840155319,0.14129665026277916,0.4102550610805636,0.1864292981192805,0.6375411575825193,0.4356293126901293,0.14129665026277888,0.3483908103708205,0.4327137422671325,0.324963920552302,0.4179825261522418,0.4628088657496752,0.2793530107608191,0.7991054879395758,0.6078787981017928,0.39442798582551664,,0.6458229517631293,0.9195327651440965,0.8929199266478922,0.7943472218644568,1.1246591127897538,1.04811241451475,0.7488892483574798,1.014094290922491
26,grateful-sweep-31,run_9b78fcb9bd96c3308bc33d2938f7970b,0.08966177701950075,0.31343616342450337,0.35542735856758007,0.3963445700294314,0.21687966584592594,0.33339312635381363,0.1968259174882056,0.32652861302348346,0.03197388271956109,0.21687966584592572,0.1908768606591421,0.4333042342037543,0.2881714642313125,0.16977790547946667,0.49521235905585925,0.30872003580844093,0.7598469466511155,0.6915205026978504,0.5518784532395219,,0.753194671446241,1.0545773113572259,0.6177862526411655,0.38260123639930643,0.8253967187465244,0.6678350061649908,0.594681435694425,0.8082486618143563
27,earthy-sweep-32,run_964915db92a4dd35e5be2ad20a1108f0,0.25749832391738897,0.2893960632766393,0.43007973006068195,0.3301956322805628,0.23730775157454373,0.38013851252504327,0.1845483223695168,0.40225856485890776,-0.04641753023520328,0.23730775157454378,0.2767874724852451,0.38468224110207067,0.26489091525027003,0.08552480073215636,0.4408141837325627,0.20878589060096905,0.7616626350419562,0.6671714882289546,0.5300614948711695,,0.6828036419061476,0.9194054974665512,0.614611919202879,0.44499957685922265,0.7766659039561082,0.6507585869941322,0.6232348805912523,0.7835073908568476
28,crimson-sweep-33,run_1ca88cc51509526fcf8bb068d53f15fa,0.31429469585418707,0.2772671011191037,0.4971237312579934,0.43257735018425547,0.14403509404640522,0.30529279844888924,0.22758781517235002,0.48742550817709346,0.2760270076422726,0.14403509404640458,0.2221900668645416,0.38612301493310336,0.32606991851270334,0.210847832795922,0.5076396929387993,0.30823959246550986,0.7710437585568497,0.6625487328699224,0.5555933446480957,,0.7471583907440802,0.9510241491182039,0.7149351113459829,0.6046244690587446,0.9005562705627786,0.8157451388756273,0.6031513852297243,0.8146538998367239
29,lucky-sweep-34,run_b2ebfefc789ec1a210442c2409717518,0.20516902208328253,0.29093877090791675,0.3354104873602003,0.42688398090668506,0.19969656633082963,0.31462768480627457,0.1976690251471592,0.3020054967482108,0.1618776741770338,0.1996965663308294,0.21475580131815733,0.39483463423172704,0.24797656107396762,0.13117730315316747,0.4069251842798507,0.25748495177680736,0.7688586623084146,0.6805750014764249,0.5564390188991074,,0.7496279468647372,0.962541641510637,0.6159346528677823,0.39558152758404647,0.7835622149496912,0.6253630889805047,0.5934686104814878,0.7660282238405701
30,graceful-sweep-35,run_fb2bccb49b3e4209c72a85bdd12b8306,0.4355457425117494,0.26515864005965817,0.5893276007510406,0.41224247520589635,0.16376811831782018,0.3447832981351753,0.2007646909587594,0.5794334539715367,0.217817129572379,0.16376811831781996,0.29696801551748464,0.3996306275402766,0.3514770729282371,0.21920229011695333,0.5305290389784195,0.3225447703277599,0.7765342789455183,0.6840751297360725,0.5271116317199003,,0.7095577126584682,0.9142535141674186,0.7665246139356187,0.6507640821774828,0.9585668464035791,0.8687832329800427,0.6110391648595809,0.8394398586243373
31,resilient-sweep-36,run_9e61d46c13372cff74cdc08867b04922,0.17262279987335208,0.30312154844793865,0.4946638003755204,0.3323325006801376,0.23550862433567538,0.3764441010996335,0.18835640133974688,0.47634493455604227,-0.06106398239062104,0.23550862433567502,0.2941593380354565,0.39676614605524874,0.34892477105738456,0.0725094446040715,0.4229562422253757,0.26965368457188016,0.7600277012225918,0.674742204641879,0.5211553478354503,,0.6888327291185542,1.019651998330645,0.6685954229156391,0.5158599039935766,0.8552481099736593,0.7419844544315172,0.6266350920019782,0.8228614880999728
32,good-sweep-37,run_6a4336108a29a03ef8a0d7f4391e850f,0.1547542214393616,0.3196992488910187,0.6091376636098941,0.5776469715331536,0.15939037864456462,0.4039951304564121,0.22186288353069916,0.5988516694331818,0.28366433358890014,0.15939037864456457,0.3388877063158173,0.4459822671986157,0.35862520612711046,0.22640189849844092,0.6246377556311219,0.40658033844504676,0.7463802150111092,0.677732454059885,0.5228886111838383,,0.6807098535321557,1.191287179115147,0.8982941203698408,0.6987931848708173,1.0888996131232915,0.9311723556844504,0.6291380165290935,0.8801049281825379
33,unique-sweep-38,run_af49a75bc3c8b94cd90b0b3efe42b565,0.29195904731750494,0.28082147900046894,0.3716019483523362,0.4207454307125368,0.17293178234084897,0.3080799504435446,0.18884330241938588,0.3490707230128711,0.14325427250018563,0.17293178234084852,0.19960584440899387,0.4295204076853982,0.26850387995686575,0.12916770424288856,0.49687217793190436,0.2906092854530513,0.7809806492843046,0.6809492606839965,0.5624405793338344,,0.7651362679760867,0.9035688773747498,0.6276746199686118,0.4219406938456466,0.8168487243928593,0.6717889245235036,0.5841413329492475,0.7838925352682112
34,fresh-sweep-39,run_b8109f6bd201376c6b1358c1f2a6fa4e,0.23133367300033575,0.3029344759278669,0.6159460121363846,0.5035441347414242,0.1616911304256596,0.37944969692911024,0.24698185396555286,0.608402949740129,0.32536294610837735,0.16169113042565908,0.33394481662277903,0.30605655881746324,0.3474413089655033,0.17882471879023934,0.5639846403347986,0.3607311140196729,0.7385206626014386,0.6562980857823744,0.5127613801743394,,0.6910340763336601,1.106252280342219,0.8513022272993864,0.732813231417852,0.9854338347277071,0.8850873361213187,0.6510790446427112,0.8186991405846981
35,true-sweep-41,run_541f604de42eae32b8c51cd0876d7a7a,0.4138481616973878,0.27980667464501063,0.6649922446869305,0.5173150644275715,0.14392690051768967,0.39268388546208444,0.2148130684249773,0.6567634493455609,0.335651571735958,0.1439269005176895,0.3452704119420213,0.40100476578333283,0.3710676694489166,0.18872436654641414,0.592652274430439,0.39686516579118464,0.7673133640666367,0.6506814959976805,0.515313618951737,,0.6860350724674343,1.0263544898927448,0.8877619819261037,0.7682088650694237,1.0593555874081682,0.9613832661279232,0.6411609593183806,0.8632498478271555
36,scarlet-sweep-42,run_57932bb11035b85fcf7fd7ff32b723ab,0.5931717157363893,0.24859119016562323,0.5826226563988136,0.5895333020057872,0.11564084994213288,0.3362775416617836,0.20850641812502074,0.5734142425644235,0.46793460786980934,0.11564084994213276,0.26647756127389427,0.4234649775907953,0.27359645519401093,0.2607462035352084,0.5847523339611828,0.3091236008765243,0.7929485481859592,0.6541198069336653,0.5091577767037481,,0.7215665017035613,0.9233135582238192,0.8653301414783943,0.7689223739866917,1.0348731535554216,0.9557237087234235,0.6351610030726971,0.8518190476991226
37,pious-sweep-43,run_26fd8d7b5760e206526a69390d4977d9,0.24920225143432623,0.28971895557155786,0.5133473019674005,0.5348106744490884,0.1429711910140357,0.29632623709766265,0.23109094030849034,0.5034531551878959,0.36983651967452336,0.14297119101403571,0.21883448255518706,0.3893840773101987,0.2745272204252763,0.23122008321893386,0.597542604943889,0.3271055220486792,0.766184009316976,0.6632286354853143,0.5480738572329344,,0.7595344410914582,1.0551043404295062,0.7959176987348457,0.6660684300027092,0.955998360071965,0.8509377384669149,0.6101820285558117,0.8079418229510088
38,prime-sweep-44,run_5e3f5ae71e31cfc0150dc8a7b8cd584b,0.2504786849021912,0.30043590459814,0.5205420555661378,0.3823015853387084,0.18682645430134853,0.36819585323444365,0.19314340774377714,0.5089825573484993,-0.02077016298568001,0.18682645430134806,0.2925839912558686,0.4461117903022056,0.3768924130489724,0.05381710989794505,0.5663091279698375,0.36149548303438755,0.7620939572720913,0.6859244928187255,0.5241401462370966,,0.7103109862167234,0.989394125488654,0.7123063010652176,0.5447926388180635,0.9226809677865347,0.8004741851481738,0.617806854770065,0.8518481153228925
39,gallant-sweep-45,run_28b8979f398b7b4197ce107771e7dc84,0.47766447067260753,0.2598796073014661,0.6050395929140928,0.46698488858110937,0.13182233966866555,0.3793548253366148,0.20794007529028255,0.5944597131894745,0.29185566245393635,0.1318223396686652,0.33142474011960193,0.3597447271557166,0.3058260245331752,0.22529046813310774,0.5625168994954234,0.31291126485057363,0.7726100325521361,0.6350510664233611,0.49865376096870395,,0.6799697449647666,0.9257333311242981,0.8072702183580951,0.6941189762738567,0.9619702835730782,0.8691966257718726,0.6604861639773327,0.8425815057519563
40,happy-sweep-47,run_9798cca34b65030f66c271e5587cf453,0.05903005599975587,0.3191687829779382,0.5316226291871889,0.42884772339425714,0.16864994147713677,0.4012478404754103,0.2030198117486666,0.5154589240523553,0.011589543194914896,0.16864994147713647,0.3335286572002356,0.4555555838498056,0.30254789325020837,0.08175079015419977,0.5869329856776062,0.3729335898436146,0.7556320352410378,0.6610747584188128,0.5352042962055196,,0.6837959036902574,1.1627370404507458,0.7539242015958599,0.5541202611880769,0.934960432921986,0.7828145203283184,0.6249968542697714,0.8344880929197388
41,twilight-sweep-48,run_5b2b0e19b09ff812966e6456eb8e612d,0.25877475738525396,0.29352190926726507,0.5734360118642686,0.5780278485395594,0.1090984200466216,0.3146795054240242,0.2505772340430984,0.5657949876187105,0.45586525857591575,0.10909842004662142,0.26027742367022305,0.39294526352980874,0.4120543082347143,0.2627108940182401,0.6371446083062017,0.37574984303553755,0.7635780099238478,0.659381765319734,0.5423120882307929,,0.7498183836962653,1.1010721655183908,0.8655057276586735,0.7685870492088928,1.0687899286160647,0.9919363886423341,0.6175713430591857,0.8801171005434955
42,eager-sweep-49,run_7c1fc6c1d67915c0af00f3ccb6cee459,0.6391194462776185,0.2370618851272221,0.5652289858227434,0.4877847302945612,0.15280614670386777,0.38175770751964994,0.1919030913093283,0.554257258700917,0.36038879133381163,0.1528061467038674,0.2972486440936056,0.46490670403912526,0.24987883168007693,0.3065283231704073,0.40088708721343885,0.21491827277434403,0.7997758226056326,0.617538096770275,0.46434954129899614,,0.6710791622938804,0.8292481676661804,0.7833365093641539,0.6884097516710359,0.9930525533881889,0.9200246046078127,0.6879594773981607,0.9196877347393163
43,breezy-sweep-50,run_c8ec8b1f54f5af0f4408690928d78b0b,0.5619016289711,0.25515154155444447,0.5954991972570685,0.5906561472064895,0.11793504453966933,0.3471598713891992,0.20667156984595972,0.5849193175324497,0.4609551603887916,0.11793504453966912,0.2788236241426676,0.4189476435108421,0.2728561213458376,0.2588834615671125,0.5609367623846734,0.29140997566719135,0.7844414638685564,0.6460995287454736,0.5038734306679572,,0.7111102537160006,0.946268545849857,0.8766962343504371,0.7728670038850648,1.041913875978427,0.956196445991319,0.6464151907640235,0.8572285788998414
44,restful-sweep-51,run_9e3dc9f7494cafd971191f64e1114bf6,0.2874919772148133,0.29652788277472114,0.5876731339628288,0.44813889644597227,0.14352691232062006,0.3672072752958359,0.2446806057049429,0.5817954230047075,0.24674894269532285,0.14352691232061976,0.319320241053569,0.32036787970731956,0.39472792865963474,0.17549808979557083,0.5857886705652171,0.3746355698005419,0.7465062965313134,0.690939438681333,0.5203460552871167,,0.7064036150319426,1.0265748221258706,0.7963146163121493,0.6776721580223168,0.9609174073177928,0.8651501888646893,0.6243760044552558,0.8240695907952756
45,mild-sweep-52,run_ead7e5d40d5729d2bf3fa36b1a501caf,0.24664968252182012,0.2750171056037189,0.5185719339301751,0.47329161823263166,0.13082154952804675,0.2867362338528948,0.24604905400245486,0.5151432692046041,0.4084485445057262,0.1308215495280467,0.23841868986316964,0.44332271504661885,0.4363709770898523,0.38772999606253133,0.5466134650725065,0.4150695594443734,0.7786700088993479,0.6860211919629589,0.5656380307978468,,0.7644817859638536,1.0297856608993055,0.7540266672499004,0.7019565074070874,1.0515918524281656,1.0149049943026516,0.5798620328544957,0.9346278330519892
46,azure-sweep-53,run_0ca09761afae446ce76a1723535080a6,0.2747288346290589,0.2887759050594147,0.5066750115649402,0.5298444340019292,0.14438918195856518,0.30923515159922416,0.2259502899624061,0.49433181855288555,0.3427991986743508,0.14438918195856487,0.23346543604658104,0.38519317726901264,0.25941456793475465,0.2075275888856963,0.5828376269610492,0.3271150543763581,0.7676680900112832,0.6701273058431338,0.5418873347689966,,0.7510333838549603,1.0312482508618765,0.7879379511928849,0.6425953399921878,0.9378611927946076,0.8195524223622052,0.6104599289014536,0.7946060198705084
47,flowing-sweep-54,run_cdb737a20ba27fc49fe6102a8c3cd4b5,0.29195904731750494,0.29075938629962866,0.5206236904405561,0.35573912398288515,0.21251258159595293,0.3662123194350436,0.18900218592958393,0.5044599853057227,0.0674449088615733,0.21251258159595282,0.28244947290459366,0.42909626944041906,0.41371534452463815,0.10616118081494948,0.5031318402104641,0.3454127335488713,0.7665985620657232,0.6798767515581785,0.5213554433960903,,0.7007486626846859,0.9481146249560702,0.6943632853927338,0.5429093099147931,0.9212462011624474,0.8132064374111939,0.6213338369904584,0.8675309378022981
48,major-sweep-55,run_041bcf21262c4ee2d23f30f1ea9bad32,0.780153274536133,0.23427629842423436,0.7023429208958072,0.5832908762644373,0.12828719808267958,0.39749363602952026,0.20447795235032262,0.6947998584995514,0.47795612494744344,0.1282871980826791,0.34382342084639794,0.47240808205639545,0.38961653304050553,0.388745011652779,0.48641389739221436,0.3422127033370428,0.7924068849614629,0.6061797771805676,0.4235573384520702,,0.6631484485789653,0.9390667748158137,0.9425493137598425,0.8677558030593363,1.1893243173183565,1.1309700511679248,0.7283374296062312,1.0278951961464926
49,elated-sweep-56,run_58bb1abfc46aa2d8201e5c76877e3012,0.4655393958091737,0.26339298298665126,0.6016218128384446,0.4692503648010287,0.15222583595893896,0.37450919895689083,0.21039251914930693,0.5895725053742957,0.26707887121905344,0.15222583595893854,0.32230271691512663,0.3700294561012167,0.3017894393039295,0.19862018325192343,0.5609295519226424,0.3333052612841456,0.7737082778425797,0.6410461834444344,0.49941592724758477,,0.6914139904912349,0.931553996277692,0.807168243946404,0.680582011706862,0.9586288203932174,0.8547751259319196,0.6562318186663713,0.8355171099882653
50,unique-sweep-57,run_e927e5c089a97d3786bcafedfc747af9,0.5236119031906129,0.2543648119152382,0.5218373289069091,0.5055672346845398,0.15330941054198405,0.33033889886767964,0.20805283132977798,0.5102778306892708,0.36943585684960345,0.1533094105419836,0.2542678264918159,0.4201416833134948,0.24048227094876987,0.22410156540986917,0.520855946841008,0.31513082407396625,0.7862773144343491,0.6630293963497249,0.519101465937147,,0.7260367928946677,0.8688256703211181,0.7698141880791395,0.6634397466563832,0.936582165367926,0.8513075623773197,0.6248919699545081,0.8216217149217481
51,polished-sweep-58,run_b0dd7ee80b722ec58a16b08402501bff,0.41576266288757335,0.2752528682317546,0.5237475849682982,0.4091361016991072,0.18192086135163227,0.3761842007706125,0.18189086752959202,0.5038613295599879,0.12667375658496777,0.18192086135163207,0.30077324334085176,0.407893030473711,0.41505546106778174,0.0936153412295544,0.5209412979060198,0.359791264982196,0.7679725214221645,0.6691878725507066,0.5248612870116929,,0.6906076417811295,0.8848938628727664,0.719352503257947,0.5504605051445326,0.9299890408645777,0.8064851888960618,0.6237228639892083,0.8581618747343901
52,swift-sweep-59,run_4bf462003d5ab21a0afc216c797a35eb,0.548500418663025,0.24974437693318946,0.4761979917820893,0.4698093141740656,0.17375306958155337,0.3316304281100542,0.1957752362110893,0.45983836294865166,0.3097816140281456,0.17375306958155332,0.248226339702486,0.45111690615282357,0.2159604310491933,0.2415013461886367,0.46601887568841577,0.29526723717509656,0.7900253779811093,0.6632736729812756,0.5166121391501779,,0.7250262832053489,0.8070546394200732,0.7140431169556554,0.5879999247811913,0.9046136434293485,0.8088338411252705,0.6254100936317417,0.8364245669653878
53,dazzling-sweep-60,run_c8f30c5b6840cd07ac4368185f1f399e,0.5772176384925843,0.2539240383063017,0.6309341750795942,0.44986520911136924,0.13696563052237806,0.3638827833571309,0.20982617631456876,0.6244686930256607,0.29023817179036865,0.13696563052237778,0.32081745828639585,0.4248480289214151,0.3609063603043996,0.22266747544402934,0.6217192267813672,0.3504209547576321,0.7834051069319661,0.6793904107815956,0.5312838793741946,,0.7033048220169187,0.8827239460068879,0.8154348881927754,0.7198794129576042,1.0125532628406084,0.9373134067148421,0.6077817520594474,0.8542416001013119
54,olive-sweep-61,run_1e750e94e0e489e9005307f6fcaef6f3,0.2077218890190125,0.29250966754906804,0.6137581975019727,0.4436178369153908,0.13084859791022563,0.34698846473048894,0.24070851794999248,0.6037660888731666,0.2612420547572527,0.13084859791022527,0.3009095714275466,0.3109250381734971,0.34079996965930787,0.2088203556492035,0.6494520045907453,0.3425289489566283,0.7547986738549706,0.6573106888723397,0.527340382695487,,0.7220764417886187,1.0959929358211953,0.8118237591004757,0.7005151617635936,0.9568086305298791,0.8643763251484329,0.6332193680983551,0.8107969584003851
55,lemon-sweep-62,run_e9aa27cdcbb06272b2d262427e06628a,0.26898533105850225,0.30282684516289393,0.6201202753816432,0.5374174560383841,0.14602355996052577,0.3927030192286381,0.21555367059348118,0.6110098233965547,0.2974501026389335,0.14602355996052568,0.3289445256300789,0.4511087727228024,0.3982646058963417,0.20260809415871184,0.6495790882789256,0.4289370125556771,0.7581285224058278,0.679654237377222,0.5139998694623068,,0.6913404494127882,1.0989763983825227,0.8746832433203947,0.7129326425079189,1.0808490352964892,0.9546919993951928,0.6303327265711437,0.8946972712278041
56,hopeful-sweep-63,run_ec4bbc11aea5a3cb362f0622ee3958a9,0.351308286190033,0.27409968146418845,0.488296280170889,0.41381544777780516,0.18168972063119448,0.3581155472217373,0.19443753956071272,0.4719366513374515,0.09954245294685096,0.18168972063119443,0.2828193923912981,0.37413465748070873,0.27369413367409595,0.1105641222105161,0.5198673346544321,0.26015082013202423,0.7732845612011514,0.6751127756077027,0.5284074949112036,,0.7057121414744483,0.9113053393972762,0.6962809184711601,0.5200373636621767,0.843751600462509,0.7053711827546616,0.6159148395833728,0.7787558895283008
57,fluent-sweep-64,run_5ab0e4aa0c9a1a735ab957eda7c172f4,0.5223357677459718,0.26093285121584325,0.6666303845002584,0.5720921029851853,0.08870885777141005,0.39493848095432854,0.2162353321049758,0.6586954747067949,0.4196324784210915,0.08870885777140963,0.34598952266833144,0.3523099054608701,0.3727166704943012,0.2511253711330332,0.6457467675192442,0.36128880665574004,0.7767336153856398,0.6417838081959371,0.4920680676453251,,0.6726564383044098,0.9999242784390248,0.9163904171697801,0.8103880948012421,1.0797570720571883,0.9913792423550613,0.6604252921223768,0.8730781777434568
58,scarlet-sweep-65,run_741ea754599277dc9759589a6ba62ebd,0.6397575139999391,0.2446780430676818,0.5710250619064463,0.5308683501100584,0.1573158496962385,0.3555332859772611,0.1975357680095737,0.560641105880432,0.40439245171023697,0.15731584969623846,0.27086636897714855,0.46014865019445156,0.2762185020365724,0.30518149602528494,0.4444827829308329,0.20855234352113095,0.7934882920104431,0.643891685312792,0.470927281391431,,0.7022764894422134,0.858874539844639,0.8171647148728748,0.718938164410669,1.0241715471016568,0.9476503948743529,0.6703567400287624,0.9113437033091986
59,valiant-sweep-66,run_49bc408d8693255a0a98dcf6ece991f5,0.2370771765708924,0.30576619010155726,0.5766796375411579,0.48799248138896434,0.17844637371356256,0.388891413483087,0.20396286226080979,0.5593403902146997,0.18137659832315192,0.17844637371356242,0.31583390933943073,0.4247161407458348,0.3840550264199785,0.15918717875043895,0.5811377388647857,0.39180497740446807,0.7510895054842897,0.6638420966003677,0.5255978705931992,,0.6869338598436796,1.0736607009459744,0.814977931760107,0.622382512388027,1.0086682560004514,0.8605710970823056,0.6324681420307263,0.8678931801153926
60,copper-sweep-67,run_e09eab456f0c4b066f95da65a14d800d,0.45596688985824596,0.2786816768873183,0.6534980543688266,0.5472856330225311,0.12342258753020403,0.38641279347411006,0.2232364571027335,0.6490897711502355,0.3458709469987393,0.12342258753020396,0.3346942224794651,0.37717322493708894,0.41818220095138586,0.21976715725398802,0.6505622014223267,0.409399241066341,0.7657601331794297,0.6827198764050111,0.5176073883443282,,0.6919749810554504,1.0112137736933888,0.8967969381133291,0.7686213364000835,1.0815166879983547,0.9778611133381563,0.6230871719242419,0.8681423973208762
61,upbeat-sweep-68,run_da3e1ea814b22a865f2fbd1851985689,0.1796427369117737,0.3103609987109935,0.48977659256034184,0.46713822867459753,0.18648302181247114,0.37051343070826026,0.21086404440537843,0.4717516122887698,0.1402319887220833,0.18648302181247103,0.2875829030228961,0.4335022326123908,0.4611922624872646,0.14433291830284456,0.5386644912646461,0.38215253677537947,0.7511984733660965,0.6907230890398945,0.5229653744322978,,0.7032558165073497,1.0635249289089865,0.7445959876538047,0.5354234208371891,0.987865205781644,0.8415062207404427,0.62057750627855,0.8980929357604194
62,ruby-sweep-70,run_8bdd55aac3b6dbf560af7880bae258f7,0.6978303194046022,0.23126519964225584,0.5486081253911671,0.4196027996933197,0.16538692300882926,0.40107324485560786,0.16968502625421877,0.5334240387493537,0.22595404743649958,0.1653869230088287,0.3134214602731187,0.48135242323063804,0.22209463171275493,0.27123370473241176,0.3671215049218248,0.23571809070668057,0.8037615451327395,0.6325250337503645,0.471474619311411,,0.657675678397607,0.7538858671090787,0.7283687097351554,0.6036467881166129,0.9408054425277077,0.8479288579662823,0.6729683945185528,0.8985991116117238
63,whole-sweep-71,run_23dcb4df86a07dd3f9e8ac05da29d9f6,0.351308286190033,0.2823283097100888,0.5947808103621868,0.4731234387752577,0.14837267097036486,0.38058098087659753,0.20114396127342568,0.5815559607064134,0.21701085746790977,0.1483726709703646,0.31953469868702505,0.3998215549195338,0.3446551169972161,0.14184699209313703,0.5891260118969259,0.3398405374007649,0.7665735362025404,0.6628689268424064,0.5274324591819317,,0.6882656515730163,0.9992051542397772,0.8107522896405415,0.6525028282305619,0.9777956175877909,0.8511903050818843,0.6256719229150483,0.830801028971873
64,scarlet-sweep-72,run_3ad99a921c502d4c84a21c877c7b2633,0.5299934744834901,0.25574094812453396,0.5730550491169826,0.5566294858160413,0.13015107750918828,0.346143390041034,0.21630196067376847,0.5648262537756129,0.43972497712264735,0.13015107750918786,0.2866038919675651,0.40243550587893956,0.266332427372238,0.23656248337217586,0.5524073035594563,0.3220263429247468,0.7837557015616377,0.6472778664250641,0.5090374556834671,,0.7072537243803219,0.9268951439221157,0.8388276976506757,0.7477789049251271,0.9962334129847136,0.9208813156168713,0.6420426154411543,0.8372979319476165
65,dashing-sweep-73,run_cc4a6dfc630f0485b23874d1e25348fc,0.30216962099075323,0.28909623471707196,0.5043456964815369,0.40660351692924074,0.16805487706920125,0.3570049915213496,0.18295692463027544,0.48984734278483766,0.05087428585561258,0.16805487706920105,0.27555254730225837,0.45987803685149337,0.4854486759249454,0.10001979376177254,0.5744861155651385,0.39154259860734664,0.7738253480023844,0.6948060214313366,0.53086623759865,,0.7188487436422915,0.9521860319322392,0.709413584918038,0.5253682979252299,0.980010111859095,0.8562499829749877,0.6036429613485595,0.906386788112819
66,vague-sweep-74,run_d99889149d68e74c484c4f395481a9ae,0.3934270143508912,0.26903847287320326,0.4755231434868975,0.324843568372369,0.20957250441790243,0.3427543216402102,0.17120210751288376,0.45798797246183587,0.014458486879529614,0.20957250441790223,0.26384188493112254,0.4495779968926567,0.39892794053278263,0.09786567910693944,0.47300313405161515,0.3010349987571108,0.7852092267346821,0.6773084022785417,0.5314364544711893,,0.7149419957175325,0.8364068333196641,0.6356314213366893,0.4891545690059553,0.8802663642133006,0.7810977919276211,0.6081255953489136,0.8606150753346551
67,earthy-sweep-75,run_8c3da659a5f6e2fe24eae7f693500a0e,0.508934259414673,0.26000005125274517,0.5828403493972625,0.45404496327257465,0.15081850043769204,0.36871724837303194,0.21055140265950514,0.5710849274810197,0.26891400588628106,0.15081850043769185,0.3144012685687225,0.3612764470826851,0.26756226234747743,0.2196000808777363,0.5349465050264116,0.3233338531764293,0.7714331171979549,0.648703597261751,0.5084246073317249,,0.6921927999739874,0.8871331710263868,0.7832366999893116,0.6654206414890459,0.9294052717629935,0.8325377235239194,0.6459863382205902,0.8170879880027264
68,rare-sweep-76,run_28befb000a6fefd1e04f545b98de385a,0.34939378499984747,0.2884581380390187,0.647516939236442,0.48420349714342253,0.14091879256021955,0.40420400740795664,0.237348900500483,0.63919018204577,0.31252689634704295,0.14091879256021936,0.36224365735569763,0.3470916902829817,0.34462426743667435,0.18880481861039278,0.6001535832734602,0.375904945031105,0.7488193210411137,0.6484320936497739,0.5193459056559847,,0.661629191421874,1.0377955772891283,0.8584516938331406,0.7500477653675186,1.005895172145315,0.915127005957683,0.6463126833564339,0.8322294583632923
69,cool-sweep-77,run_0d6327bb015c2a9bd863156d8321f89a,0.42469680309295665,0.2651970796185771,0.4982938311246564,0.5259960923008433,0.14910297728919478,0.3534094378898006,0.1972051878028714,0.47968107975727264,0.34448099324808945,0.14910297728919442,0.2596013639186594,0.4053184400493562,0.1830081768353884,0.19576094243846373,0.49326757586955844,0.23613507726851837,0.7825199747414919,0.6440237018570056,0.512523544032315,,0.7073047884513252,0.9251715514563281,0.7715556508061274,0.6226162374068468,0.9118089161156073,0.7897774093374099,0.6415995490559868,0.804827533429304
70,glad-sweep-78,run_2363e1f0001fa1de55f7725cdb8976b0,0.20899802446365362,0.2902340456610707,0.35909548559144466,0.3982539015160883,0.21173637499221337,0.30947272920059926,0.19318184730269605,0.3348009469645431,0.10033883214206227,0.21173637499221315,0.1854396819967998,0.41075694793481327,0.25674798836210416,0.1435920356713384,0.4357421788728984,0.2755166003060026,0.7741997121554292,0.6930053150333316,0.5446044747091042,,0.7634863091223223,0.9556358423308244,0.6097471107809647,0.399347945344996,0.7918655262218978,0.644001749969842,0.593815283605471,0.7796640709667176
71,rosy-sweep-80,run_8a207e78af5d14aad85ff84dc54df873,0.5402043461799623,0.25356526908972554,0.5379248414922855,0.5479979224890559,0.14390313072729002,0.3318273464575028,0.20107220743011048,0.5266592288225531,0.4018153488487127,0.14390313072728952,0.24928427754485097,0.4213266610244104,0.2775214738782452,0.2323264055167129,0.5584245815176653,0.2450931671669824,0.7896123592364261,0.6684093439902745,0.5162686173508971,,0.7267942741683884,0.8950289947362697,0.8086780594497212,0.6922828543848217,0.9810555979602863,0.8875615093778259,0.6230661065237264,0.8346983021142931
72,clean-sweep-81,run_62992d87ca9184e8d67bfc835cb2351b,0.48915117979049694,0.25901087326989947,0.5028164031674331,0.5095243983874557,0.15778960620834145,0.3368802553082251,0.19346373740143452,0.48479142289586136,0.32349813271337774,0.15778960620834104,0.2443493602545429,0.4325438638764531,0.2004989428274627,0.18720599346593025,0.49410601939615884,0.2432411686008912,0.7867452544700503,0.6452797281910855,0.5196399445783212,,0.7197381894789341,0.8794350260000875,0.7612661034870588,0.6140862995310734,0.9175326613042376,0.7996512286699965,0.6340740024381635,0.8151011868532764
73,clean-sweep-82,run_a91b10afb595170c18a1bc15696434d6,0.22622853517532354,0.2830279096824123,0.30947780891997045,0.3217075161378083,0.24239202777622962,0.32472553010498856,0.17850306107020847,0.27822797899262564,0.016357925456928837,0.24239202777622942,0.24812827914889826,0.4045850663596191,0.22567405524796316,0.09767561642669387,0.34529696548617544,0.25825311432888465,0.7770051529386868,0.6781379087084135,0.5603441675078893,,0.7467031469643151,0.8933053900712732,0.5285612904977621,0.33097089423544473,0.709602296353579,0.5776678232415431,0.5887437122134069,0.7554982063833346
74,polished-sweep-83,run_5d3b85e4f87dc5f379f23abc314f11db,0.2038928866386414,0.27911988785899344,0.43141854200114294,0.3049884994929883,0.2365036769406805,0.3619167888437385,0.1745027843053841,0.409181202209584,-0.035223703410580086,0.23650367694067997,0.268582275594801,0.37444435010004745,0.24337560601346908,0.11814789983930869,0.38701938924851714,0.23694611676670294,0.7813293704097706,0.6681303842155747,0.5285586031184448,,0.7044559026935393,0.9554718620398674,0.5975348148884662,0.44622997126366176,0.7552794437587343,0.6422774870837977,0.6166127446136038,0.7704611995296266
75,vivid-sweep-84,run_2092db915c1f319dadfacaf2212a79c2,0.15156358480453494,0.32317162238002367,0.4942229720536618,0.4215269705438624,0.2121445596687311,0.3809724258506753,0.207068778621455,0.47404283109744483,0.05466821655578366,0.21214455966873078,0.2820412858847814,0.4553964729381894,0.46479237674879065,0.10187955602379506,0.520737412415623,0.41586887508090814,0.742590092621547,0.674873543935357,0.5244663637788191,,0.6939346901416951,1.0685437209731627,0.7255213508320603,0.5201756421595034,0.9798870218025729,0.8392735213742837,0.6309511169872642,0.9120836896970667
76,fine-sweep-85,run_96ad4cad219a448364c1b218a3d96c99,0.08072763681411745,0.31550164905707767,0.41909711828893303,0.5686493705636484,0.1793094629994525,0.3562691387493054,0.21701949910692098,0.39783939699039417,0.2773724433012633,0.17930946299945222,0.20092687154147204,0.4296197722734136,0.2715355322085358,0.22555651331822188,0.48734010614381534,0.332446814723036,0.7569653783973243,0.6894763551999863,0.5472072763735508,,0.7318592275327142,1.1593386817137943,0.7736574123979275,0.531327696523729,0.9527466748504362,0.7690835817864776,0.6004265249358149,0.8183473874381251
77,noble-sweep-86,run_1a25343d0adb913f700a35af9b98eae0,0.30791312456130987,0.2829305294664845,0.5562872459114535,0.4143447184230702,0.13829427984092274,0.3371752342092612,0.23195967434005663,0.5476666031728753,0.21932579823411558,0.13829427984092285,0.2845956437196999,0.3245910998068273,0.3333051009068629,0.18880566995498507,0.5688303650151613,0.3378709800483672,0.7583410220797192,0.6791047366438838,0.54575565636307,,0.7199346952089691,0.9798577900916706,0.7491239751556671,0.6339146665931408,0.9018236986931087,0.8086699313646967,0.6063915858420293,0.7872801335938192
78,dry-sweep-87,run_1e414b9b14e251fe9209b17ce84d1f15,0.30663698911666876,0.29480835317241677,0.7076437454080383,0.5855266737565848,0.10238468373064404,0.39925234807191423,0.2429610761026384,0.6998067974638766,0.4531694408033045,0.10238468373064388,0.3467158085570987,0.3162436535095429,0.4312980482191889,0.2601864444657281,0.5356975701063841,0.3550821566535512,0.7458853870634126,0.6169706261000311,0.4950794448628545,,0.6694907625520369,1.1508055530613177,0.9646310803596364,0.8684020844951831,1.1332423226575428,1.0525432157503283,0.6828107386224364,0.9055139675590764
79,pleasant-sweep-88,run_d09a6172294ebe3176b4fd03d8a28229,0.13752400875091556,0.304046660499253,0.3458978475604778,0.44942002819479115,0.20300548508404667,0.3277933106757647,0.1912188671605722,0.31357043729081074,0.12403234981327145,0.20300548508404645,0.1819525530423884,0.44352748239964734,0.2959286216481592,0.12766720939884424,0.4608387637051363,0.3015718655440695,0.7669995659345878,0.6916751869601296,0.550975723143522,,0.7532899922413825,1.032225032718481,0.6434811997644737,0.3876533220560925,0.8453740873485321,0.6714643633218087,0.5924324381878702,0.8071960647372247
80,breezy-sweep-89,run_53ebefad1cdcf47f87f383af155d4234,0.4125717282295228,0.2797861735469206,0.6356635554708974,0.4935671357554471,0.11656131458415982,0.38468437656209276,0.22042011875261053,0.6277286456774333,0.32028293720475837,0.11656131458415955,0.3411741914189841,0.40422225658103655,0.41103722442194934,0.1772265321542211,0.6687452909103836,0.415372116615561,0.7717443565387532,0.6829129397611533,0.5268734709107573,,0.6936383291239141,0.9963677271605038,0.8520310887284372,0.7383829908790198,1.0438934104759654,0.9533970408464792,0.6135907064736686,0.8603778421985496
81,zesty-sweep-90,run_dfaf73cfd2523af85bb3a3965bd3545a,0.20070195198059088,0.29465972021126385,0.3734523388391521,0.4204981079811043,0.21402647135002575,0.3201477764570164,0.19202609789786856,0.3453372880894719,0.10471149803378497,0.21402647135002564,0.19005889213897179,0.4190264876039181,0.2500872561126593,0.1638325405186817,0.45564111497958004,0.2749683753130949,0.7707406526664992,0.6755760459140165,0.545038925422596,,0.7530959670068044,0.9773242439271417,0.6349091737525153,0.40877421963640526,0.8173601368011181,0.6573159795378422,0.6039870277623463,0.793579399947878
82,icy-sweep-91,run_a1542d59e23dd3f538f316840f0a0c51,0.48276960849761974,0.26267544455349884,0.4259871016898419,0.4374446615388422,0.19751384385378792,0.3382961540331987,0.1880873244273144,0.40071294456992035,0.19947072935473478,0.19751384385378773,0.21573002893184987,0.4547408723444919,0.21518739549408905,0.14756270685013143,0.46170633146058737,0.24740489740224839,0.7828975274630927,0.6635345233184207,0.5258105096183323,,0.7325273970264227,0.8002187954607474,0.6646963456243175,0.4855268040236623,0.8465759626279374,0.7145669360098664,0.6206433544062376,0.8124455686270455
83,wise-sweep-92,run_bcab4dd0d7298e09d2309dde9eab5f3f,0.47894060611724865,0.25918769524092633,0.4024980271572014,0.40240397694952157,0.20343498060712967,0.34385451321704785,0.18699820359127978,0.37761571743448796,0.1764499295130216,0.20343498060712945,0.22689936515757045,0.45124574235721876,0.18664369182866838,0.16693398886866948,0.4105813016913544,0.21821494954719411,0.785592626940637,0.6611995753639431,0.520379456743408,,0.7206576957024496,0.7716453294640554,0.6253893858185744,0.4568331597258227,0.8108251526865031,0.6892184560497756,0.6251336775998696,0.8106279412924866
84,wandering-sweep-93,run_bb046c76838d097f7619880b0fe00dfb,0.42980223894119274,0.2775438659433196,0.6139650058504995,0.46961145598891996,0.13919999081994305,0.37937874254480697,0.21919261550446784,0.6058341723584315,0.27865357505008337,0.13919999081994308,0.3346057288091542,0.3891082900602365,0.3551722943676376,0.17351977779906136,0.6170505995541493,0.38457307493092685,0.7677144041699271,0.671326506691479,0.5178436980367436,,0.6969081477047709,0.960527685557014,0.821290780130765,0.7019460534664381,0.9910500889940977,0.8946451784615598,0.6280585663428542,0.8379255910425757
85,glad-sweep-94,run_4d5f39dda7b7eb48b99436d5d3a53cce,0.07243126630783082,0.2945777158189035,0.41578274238754803,0.2662824920238419,0.22151477497385327,0.33429400786238356,0.19263600556604804,0.39383928814389507,-0.06549600573788693,0.2215147749738531,0.2478620008976926,0.2929330895151576,0.2924593458922608,0.16607029977971455,0.4244682468298236,0.2545738611613612,0.7630477534763598,0.6753137659961694,0.533921236566629,,0.7265226927088246,1.0507927531863892,0.5749414623097036,0.44329193799769223,0.727653278343724,0.6288317348029586,0.61546480923589,0.7600779827157994
86,silvery-sweep-95,run_46f9907643850b2034e2f38309aae32e,0.46107202768325817,0.27255441119564966,0.6202019102560613,0.47217866594118657,0.12812490778960625,0.36058380310716426,0.22591953831527103,0.614226237448638,0.31414438701061015,0.12812490778960592,0.31575338807185077,0.3796737533525916,0.3568468813865097,0.20262831359278052,0.6247276507262054,0.3554427513672547,0.7690798865638692,0.6791996407930272,0.5309032586204908,,0.7106869061227445,0.9476531334832915,0.8257657107905809,0.7259477973333675,0.9972156729248943,0.9162697712261081,0.6134237703493014,0.8299631384821431
87,magic-sweep-96,run_43aa4c0b99ba0b6ef026dfe02b04e5f0,0.4151242971420289,0.2807317866963249,0.6976516367792324,0.6460960106843421,0.08085908940391924,0.4108091430703477,0.2281003426246019,0.6901085743829763,0.4604061039250115,0.08085908940391881,0.3646871987926593,0.3211316005975849,0.4572971571804083,0.30481712053975235,0.6500999198145913,0.40326427237369344,0.7599067102886197,0.6278977970385529,0.4942008313269054,,0.6640776294161739,1.1163500567100666,0.9914475262890489,0.8603797947847063,1.1781883844387833,1.0702397222657964,0.6722630707123428,0.9257955001431927
88,scarlet-sweep-97,run_645d0881b2ea20a755b5aebb9705a2ad,0.2708998322486878,0.27518880230022325,0.5558464175895942,0.38153983132589725,0.14983410325596952,0.33626797477850673,0.2213580439902311,0.5483033551933384,0.18602131921944948,0.1498341032559693,0.2935757581555687,0.3368576421869152,0.3358447821659493,0.2064812863816791,0.527384056887712,0.37446585483933514,0.7710547023021223,0.6865281940290012,0.5355462173880475,,0.7229630572513552,0.9930382356437094,0.7281941772266591,0.6198708608731319,0.8939608885071347,0.8081702757422178,0.6053080526965093,0.7970552986417535
89,dry-sweep-98,run_2a23bdcce97cc6bfd245a17c9fa7e8ee,0.3653478622436524,0.27061193215161583,0.46316906582492046,0.44628397596023056,0.13924916969663195,0.2976552366328717,0.21738083096075816,0.4497482924705432,0.28525709197932364,0.1392491696966318,0.20344535356410245,0.4062683903744519,0.28697237603192627,0.22318785982611292,0.5426346293811896,0.2949168109580084,0.7799502814832979,0.6681438280420576,0.563250964253672,,0.7583784691823627,0.9035918916716237,0.6978006796778231,0.5752386989536251,0.8855200500019464,0.7925399240230597,0.5910161738152404,0.8040647288047302
90,easy-sweep-99,run_c7cd8315ca9254e91991dc570fb6134b,0.2536693215370179,0.29842167171079104,0.4929821219625024,0.40335864269284966,0.19299758367785874,0.36655991619410244,0.19915535475868928,0.47672045497836685,0.06980931417406604,0.19299758367785846,0.279840902731106,0.4326405696749438,0.43024720081571016,0.08032265960050651,0.527094236893797,0.3742417999905158,0.7608468393798609,0.6941140437160002,0.5230319541481315,,0.7038850711957327,0.9811926665159523,0.7034095971454559,0.5213430615912078,0.9346268278516541,0.8065611160061007,0.615027616656463,0.8700581677300904
91,blooming-sweep-100,run_1217ca98399f2782d4d749be6e9f2839,0.940331816673279,0.20496229079270056,0.6194399847614901,0.640175104493854,0.13079941903353676,0.4063190858524134,0.1617869782150204,0.6064110588043213,0.5288848218039717,0.13079941903353656,0.3239625711636598,0.5425622783321092,0.2899000297246579,0.4704340793240324,0.36111651426385327,0.2060923320475876,0.8227310169450354,0.59106864687347,0.3648150003980142,,0.6529820326929863,0.8927991662387141,0.9140785523039163,0.8207487759934489,1.1980249061996835,1.1284292753147984,0.7759569109445517,1.0962815348875248
92,honest-sweep-101,run_bf1b36edc019b8e3c6b6dc96605e4f0b,0.17262279987335208,0.3008843661188602,0.5138969767884841,0.33290628941706035,0.2173870279237662,0.3667496593790934,0.1922080451434178,0.49734142425644234,0.00666287438478528,0.21738702792376613,0.2829437618738975,0.37779958256816437,0.3789417658484992,0.09677510668411922,0.4584426022272738,0.29737004742571066,0.7575669297929564,0.6746107752483366,0.5137594518282839,,0.6972240768758399,1.0293054607720638,0.6822375701033532,0.5332324247402329,0.8724350461938748,0.7615980741579701,0.633310201876484,0.8347314655430293
93,bright-sweep-102,run_6ffeaeec89a24a48279975890544021e,0.12795150279998782,0.293808924640526,0.44932379112356785,0.3706972027799073,0.1970146782553958,0.34994064546166986,0.1873928497295136,0.4291436501673516,0.052486830064550974,0.19701467825539548,0.2608538283876532,0.3618927911695229,0.28338802691964027,0.08816801285530336,0.49297586921511566,0.27406142481889323,0.7703628520593314,0.6772993307586817,0.5381315125041021,,0.7213764497623878,1.048702468237442,0.6524047590391456,0.4712061331720242,0.8029201294086811,0.6641415395317921,0.6084335965287154,0.7676198316729417
94,fallen-sweep-103,run_d784bcda001130fff8fedf0eff2f0fea,0.48149317502975475,0.26045107541072665,0.6314838499006777,0.4281700591101328,0.1356673081777915,0.37954058232024024,0.2178292924814783,0.6223733979155898,0.2621225236811511,0.1356673081777915,0.3344518614364516,0.34194593836917786,0.31691225602065853,0.24647532696953256,0.5480892223944974,0.31768575963068196,0.7708339520437815,0.6333894922939157,0.4961266491653864,,0.676455403139365,0.9224699343309141,0.8061862160111399,0.7095818941580697,0.9633518072201761,0.8840910327025,0.6639342554633602,0.8478910219867323
95,winter-sweep-104,run_937b976e3d3bff473d331f46f2531ebe,0.1107209920883179,0.2980065244744671,0.39944488285395524,0.3564217347216382,0.2071668376998712,0.34208065360946543,0.19108304738572549,0.3682930147759125,-0.038290505280340247,0.20716683769987093,0.24281945617052023,0.3412741783408295,0.30728110019005256,0.06523513073460396,0.4872023444148293,0.27282207724706664,0.7635614099440313,0.6742489077100257,0.5362638728689073,,0.722502813455141,1.037983536156801,0.6126994010520518,0.4166756994661072,0.7684698547553581,0.6235094226583492,0.6140587729218684,0.7695541164989561
96,proud-sweep-105,run_7d4090d3beec48ee5e973708816e0163,0.5006381869316102,0.25649180084208256,0.5351710250619064,0.3889792990873789,0.15283565402988114,0.3410569970988427,0.18600902560843394,0.5241013360907781,0.15842010239161083,0.15283565402988092,0.2790061921652009,0.44182765746503455,0.33504265989196275,0.18406048803328745,0.553491325572007,0.29227602462060426,0.7903377664660118,0.6836734392572079,0.532869137766809,,0.7173394544283155,0.8288999587014525,0.7095780190250645,0.5782546990225901,0.9191542260073159,0.8220231280476721,0.6018571156450245,0.8387940830478727
97,hearty-sweep-106,run_946b49512759b6b598e83da84cf61674,0.26515632867813116,0.2902340456610707,0.48936297586328886,0.35570449880048477,0.20396775177125925,0.350211707154514,0.1888919925273495,0.46967264415358273,0.009828605347117204,0.2039677517712592,0.26791259376542165,0.40400580927562874,0.42725504147439697,0.06439208675201387,0.49827850061901957,0.3240542126752808,0.7640047557282308,0.6707512563374366,0.5298730251229788,,0.7138201499275302,0.9518387646521237,0.6709974768011207,0.5063291212148868,0.8945118887435167,0.7786418202358918,0.6205786517672741,0.857339937398994
98,worthy-sweep-107,run_b915462cbb7ff83f8ea9757cb5e593ac,0.31684756278991705,0.29189975988088857,0.5517211352689871,0.4571266045062201,0.1674507965338728,0.3900912600940585,0.19060383421787003,0.5346757734904349,0.12416095763361618,0.16745079653387257,0.3143789458410766,0.4515172174665813,0.3566758496866469,0.11865168300184092,0.6080389608139339,0.38782737790379523,0.7669989678944282,0.660636011305875,0.5312817376196038,,0.688521155964938,0.9899788867021169,0.7736707397002982,0.5810541693995878,0.9714577164066542,0.826309644790783,0.6238222561543839,0.8569235021699257
99,smart-sweep-108,run_894ea83b96092fcdc943ba9baa6b3bcb,0.3149330615997315,0.2905851269658631,0.5967509319981493,0.4272055004575472,0.15521017412600943,0.3760717898921095,0.22411544168334527,0.5891099077525918,0.22802166547127364,0.1552101741260089,0.32610395853712804,0.3476739082488696,0.3259117487158754,0.19916142557651986,0.5645167463881974,0.3597480011892495,0.754284433140358,0.6881679816368681,0.5269146421541117,,0.6970398721981539,1.0039586269119662,0.7893389199042513,0.6702776249715349,0.9433010221246265,0.8461873211075882,0.6175962299769584,0.8050999882918314
100,usual-sweep-109,run_b97d50b472be564c2a389b7e0c6f6701,0.26005119085311895,0.26700630152502536,0.45046667936542495,0.48358519031484165,0.15861827028054915,0.31812836684532825,0.20496485342996196,0.4400827233394106,0.3448025127989518,0.15861827028054878,0.23294483814826591,0.3874213512171574,0.28407400721347664,0.2364865008673073,0.4712100528354976,0.26518149922008644,0.7910025598296483,0.6833920759364753,0.5356990696910541,,0.7454593388130701,0.9921184937638456,0.7127883490661354,0.5954596269738776,0.8915079588035881,0.8008067041437544,0.5995797373688733,0.8038750347591598
101,golden-sweep-110,run_38b97bd413aee1ebf43ead45e2cea10b,0.37938743829727184,0.27738754507038277,0.550551035402324,0.5066653476120988,0.16249192646774357,0.3856729545007003,0.1912214297978336,0.5249829927344962,0.19423243390300013,0.1624919264677432,0.30033157222957013,0.3797906112491553,0.30556176273975094,0.16996349860060236,0.5788200687917494,0.31475456876470664,0.7692112493704091,0.6284231036475695,0.5197144396891347,,0.6881156838625392,0.9720988472355486,0.7979724727167182,0.5915226253105448,0.9503981046444807,0.7851085952608512,0.6496207022279957,0.8297611384376724
102,decent-sweep-111,run_902ee9156e0730ca1a00a94df08ccea2,0.5695596337318422,0.25811907550298163,0.6135078505537568,0.4904261370662578,0.15060293302820577,0.38536601699556816,0.19930655035710354,0.6047892459658764,0.3035738134691963,0.15060293302820557,0.33799559445025107,0.43623214440799557,0.3872745259465691,0.17134842341623294,0.6011337614060843,0.3732056023024655,0.7797993948519057,0.6672570515104581,0.5112198410154343,,0.6852138768621442,0.8956498129971828,0.8267618373796268,0.7054432601389373,1.0262433728002844,0.9312843377533089,0.6309613459587506,0.8762148963372198
103,noble-sweep-112,run_1e83c71f3777e59007b33b6bc912dc08,0.4125717282295228,0.28189778665019743,0.6310865601785085,0.5347414240842877,0.12888800002622877,0.38617362139218886,0.2228084966801033,0.621682222645514,0.3431108253159543,0.12888800002622852,0.33355097992788174,0.41358043791831306,0.42385120081026423,0.21679745447966878,0.6507114713432447,0.4380253632012752,0.76795634957662,0.6660326190082635,0.5217539334817489,,0.695700698760103,1.0145396057054077,0.8738907249696122,0.7442159972718333,1.0776756258326459,0.9754779371780685,0.6277720664448737,0.8898300527259896
104,smart-sweep-113,run_0c07da17c4a0aac00b4fe5d5deeb7d58,0.6633695960044862,0.23920168724037277,0.6532259381207651,0.49978482922365386,0.15060129373231618,0.39027223363604546,0.19298196159631814,0.6448991809300934,0.3606905250661588,0.15060129373231598,0.32619803288935034,0.43364118961655534,0.34704281609772947,0.3239900392682693,0.4324924995348575,0.3015996671704344,0.7924496142655632,0.61219285534796,0.45751732819983837,,0.6700718451113584,0.8887120065859655,0.8565666634503771,0.7636980070278888,1.07105527029032,0.9983424207257386,0.6983974464909817,0.9493218297012253
105,lunar-sweep-114,run_ecc4bbc476899562c0eb2fde7fdbe29f,0.7629227638244631,0.23267977541047047,0.6137255435522058,0.593995004080825,0.13326246110770504,0.3714095287751918,0.19194921878003077,0.6026558545810772,0.49081196052729226,0.13326246110770482,0.29043064527830453,0.49340863148659714,0.28789330156700066,0.36972256808096277,0.4161967110794637,0.23562659221652948,0.8029360791760564,0.6042297244405742,0.43926355379175813,,0.6883723848268747,0.8863942258352437,0.8852282110091706,0.800584138143991,1.1165385768649032,1.050697087798745,0.7140683874903985,0.9863686278841924
106,comic-sweep-115,run_d5173e0012e9bac2b875a1c3493a5587,0.5733886361122132,0.24965980990356798,0.5632153255870908,0.5259911458462146,0.14174745663242724,0.37300082036024096,0.19343042311703781,0.5501863996299221,0.3836420745430716,0.14174745663242697,0.2857938958501252,0.4359134101613609,0.24027700992560397,0.2728946780321169,0.42780078735280086,0.20889794976221907,0.7908361179900847,0.6329738890055407,0.4780355058487084,,0.6865087887215704,0.8808379216876304,0.8100667930275084,0.6980699422584276,0.9891578524792798,0.8997370128210981,0.6714943252506224,0.8792779292119967
107,unique-sweep-116,run_573d073fb827d7246ac0c706ef9ff18d,0.3264197707176209,0.27452507924955727,0.4587879942311356,0.5530482526649024,0.1625189748499225,0.34488375040958225,0.1860064629711728,0.4392935862200332,0.3232903816189752,0.1625189748499226,0.21897399960297442,0.4673891369405732,0.2485123395748375,0.2262610009684045,0.5048173400064431,0.2518436048681613,0.789797669092839,0.6821363952120457,0.5336718994885781,,0.7311771894517349,0.9849157926982554,0.7692287127787847,0.5762759148259162,0.9607902171512487,0.8145544541764438,0.6022326697333741,0.8331201697861028
108,misunderstood-sweep-117,run_00f2b9db23b81b9b822e9baecb6bd90c,0.9026801586151125,0.2128987783908176,0.415194971291736,0.28951598941458717,0.29285037490697,0.4383737255117685,0.17498199747323953,0.384826798008109,0.06103925011747849,0.29285037490696963,0.3248164154961186,0.6266512864411279,0.15538166340835838,0.3765565239600293,0.37806330500721613,0.10465524521664145,0.8193158360516202,0.6085880710223516,0.43722600068518364,,0.6185836246471974,0.515439156292799,0.5491195335743897,0.4271254545912744,0.9274493916175073,0.8608520580323497,0.7089179356967361,1.0301430732724706
109,royal-sweep-118,run_fb65ca6f39b54646b73cde9c84b9c8b8,0.5038288235664369,0.2630957170643452,0.5499850336063565,0.5901516088343679,0.13792953650548018,0.34603097916253095,0.1950576977779373,0.5345070614166373,0.4128805678529914,0.1379295365054798,0.25118968179749,0.4342740822726043,0.2990573474667469,0.27850376187891746,0.5788501630019257,0.21875957779716826,0.7856246825483086,0.6484088383062949,0.5203521774966424,,0.7182149308240667,0.947073542510952,0.8485174217058715,0.703004742144238,1.037099530385897,0.921851012076005,0.6321670312076192,0.8690389958650434
110,absurd-sweep-119,run_79e38bbbd55a003838cce9446e678286,0.3353542089462281,0.2780845824054451,0.5219352907562109,0.492750970741721,0.13062237507745678,0.2964043666444237,0.23052716011101335,0.5138044572641433,0.35229144510671917,0.13062237507745658,0.22486799694178664,0.40502835494206063,0.3286032985648791,0.2528621141014589,0.5864401693575841,0.3406019105441098,0.769996607964025,0.661648095046045,0.554956438739185,,0.7531732903806161,0.9782504763449763,0.7697733444821856,0.6642642954041186,0.963596568465216,0.8815976401008457,0.6045224093064983,0.8375050377379133
111,gallant-sweep-120,run_7a21eae120241dbdc6f43f77eee7f1f1,0.4834076762199403,0.2589647457991968,0.577593948134643,0.40309153414290305,0.1554757400601294,0.3484952488465926,0.20891644008682214,0.568091648752347,0.22935226176637902,0.15547574006012896,0.302244151644667,0.405871811084977,0.3258145474263448,0.23359512179548578,0.5794294660906402,0.3345904700455928,0.7827235812621974,0.6691576852278609,0.5258786163203495,,0.7156004979717674,0.8734787821166156,0.7504400664851834,0.6472840646100168,0.9426632594203337,0.8628037943662193,0.6176218631538383,0.8407796935703784
112,dainty-sweep-121,run_f4aa371d9d1a7b9150cb18ef361c0b74,0.4444798827171327,0.2724467804306768,0.6362730958665541,0.544945959983182,0.12343898048910033,0.39363419586758475,0.2168170507632812,0.6234400936079892,0.3627828753740758,0.12343898048910014,0.3403083884824293,0.3384781766141349,0.36638095084423705,0.22125807447136814,0.61484285601595,0.3622101532490947,0.7664402243123505,0.6365099437385489,0.5016829032440556,,0.6802238454818103,1.0051925947456894,0.8809295090940263,0.7531922719228523,1.036240518748894,0.9300839807182156,0.659541597429223,0.8560097729838284
113,apricot-sweep-122,run_9470bb670af3aa6a33eb9d5d59f8e46e,0.23133367300033575,0.29239691150957275,0.44414269776048326,0.462869438330077,0.1871174293217578,0.32195830911716,0.20572339405929393,0.42278701461264223,0.24449830583928994,0.1871174293217574,0.20107117203089792,0.42094962224088883,0.22963027902666236,0.15343038661686292,0.5209129653271235,0.25981590492593937,0.7692013845871803,0.6669603594724101,0.5501444451595842,,0.7484261197233502,1.0011786929300464,0.7049870968849699,0.5299532018458131,0.8663003750560817,0.7309719072540606,0.6054365559329891,0.7874153645364111
114,ancient-sweep-123,run_9faf1a1881792ffa6d850fc9e54f8134,0.17836630344390872,0.295654023468632,0.3580342322240062,0.39474191872975045,0.21582231999711485,0.31291600993999175,0.1892840760283221,0.32972325777572187,0.07158014493112097,0.2158223199971145,0.19687768819454604,0.41393983167873777,0.26876848582624757,0.11841394502442282,0.4655037431652727,0.31110811922370935,0.7705943158640012,0.6750972019621646,0.5508615393084776,,0.7644724942501929,0.9793322343122918,0.6094431847513506,0.3868715617675859,0.7931113043196847,0.6381803435583814,0.5999284565338356,0.7858235797931193
115,serene-sweep-124,run_bc8923807e98893ebd01ab3ef4294c0a,0.3289726376533509,0.27097326400545324,0.5972407412446598,0.422565726015878,0.17612595038179205,0.3926504013706154,0.20847054120336317,0.5858771667256251,0.2550243612890458,0.17612595038179188,0.321314936216792,0.339400610581668,0.3814921906350383,0.2979331481658844,0.35778133627473263,0.2803375541865207,0.7697842517300286,0.6413687207996694,0.4757354750756647,,0.6662193722616447,0.9927416667107802,0.780182546338718,0.672123088348373,0.9788656865813257,0.8951215965698287,0.6756248791056375,0.8977539774466452
116,frosty-sweep-125,run_eb8f6b2daeb25a7470db44a8bb215135,0.11582642793655398,0.3038672758909649,0.5095920977441563,0.3632824672915688,0.22502614676943963,0.3794369410847411,0.20197169310881208,0.4863751394595774,0.053263423441248306,0.22502614676943936,0.2833041144773255,0.32734476649084493,0.23665633737835892,0.09791399291255624,0.4004786607049762,0.23756234814268629,0.7520558367390641,0.6527853278397285,0.5156370915846417,,0.6856804467248594,1.083245661269951,0.6956964700802608,0.5293300797973276,0.8103959196963548,0.6730069104820624,0.6454779343301483,0.7677172213031832
117,fancy-sweep-126,run_c43db287b67f96343b88bb9c2e8f72d2,0.2332481741905213,0.2880609292635237,0.4526109554001469,0.285128484158979,0.23138989341298127,0.3461689017297722,0.16822176037804001,0.43135323410160814,-0.10316325773501811,0.23138989341298094,0.2561636638611781,0.43544393293598205,0.3785250447059476,0.0886651980972449,0.41130507804148947,0.31890182042899623,0.7771514270324638,0.6773088431979439,0.5411033400721472,,0.7155131453131844,0.9349135210324002,0.6075640117676455,0.4743488494569216,0.8425486181516264,0.7521708426515379,0.6036366569757471,0.8397210008085275
118,effortless-sweep-127,run_b1aa1ba2edc1c59661ad150082fa00f8,0.35832792520523077,0.27516061329034935,0.49779857955318524,0.35252392847426617,0.18667399978361296,0.35973155325525163,0.1729882656839805,0.48330022585648585,0.07645734919496479,0.18667399978361285,0.2710178446290324,0.4442237521448454,0.4432680740202352,0.14047781715246507,0.5257212285076096,0.40664282116860945,0.7837539738743072,0.6916362082537792,0.5323877614988342,,0.7135045810017414,0.8853358670716568,0.6691710611334142,0.5189891854588132,0.9280868782531055,0.8263807349825972,0.6004263297618881,0.8798108444424328
119,icy-sweep-128,run_461359d9ff73bfc75971277e17173d7b,0.47766447067260753,0.26660909274953043,0.6183569620942067,0.4468824969702964,0.13227478533420328,0.3675811809839061,0.21001068619737928,0.610324090451441,0.2781688224964751,0.13227478533420306,0.3220476000277439,0.4089064430542984,0.3785827652170844,0.19890431950962548,0.6225309108625776,0.37299547572629477,0.7802566294628479,0.6756199552538391,0.5277801553143482,,0.7043842239462728,0.9246100279936998,0.8081767795510527,0.7028355977833994,1.0016197005929097,0.9187329291594309,0.6135968905066995,0.8524045176146183
120,deft-sweep-129,run_8638990614b652574f6a75d7d131f0af,0.4527759552001954,0.2760806000671411,0.6422052300742878,0.5143669774688991,0.1476144966214112,0.37878240682055003,0.22238822416925705,0.6306457318566495,0.345193282714614,0.1476144966214109,0.33076621965404546,0.3689939651950341,0.35728520450061874,0.18977088188657962,0.6192907707504235,0.36780334245777313,0.7616414692455935,0.655194306604603,0.5187326443983526,,0.6936155001111635,0.9881574268568336,0.8678833117295738,0.7525483132593257,1.026179172511363,0.93067245317935,0.6382194159919317,0.8409198976516703
121,trim-sweep-131,run_4f18104d15d26fd3704cce0512f9de8a,0.1483726501464844,0.30687324939842087,0.5609349914283382,0.39876833279746754,0.205499673780118,0.3823078033080688,0.20673051050296887,0.5486897602655855,0.08050354908119603,0.20549967378011771,0.3089776429910223,0.3878401348683707,0.3250319330122596,0.09118688077983157,0.48932917058897224,0.31475548303219053,0.7537710760974867,0.6801494750425584,0.5232546963141426,,0.6843909255121219,1.0949581685476866,0.7535485644914515,0.5918435421695436,0.9122588525006948,0.784002266148861,0.6246752163070511,0.8090734829340399
122,sandy-sweep-133,run_d4c3138878b857b36778325b46b12d93,0.26643276214599615,0.30058710019655427,0.6387275844240661,0.5132490787228253,0.11455481641525335,0.38714386280451596,0.24135942781435224,0.6294212087403739,0.350659115079267,0.11455481641525318,0.33835275809258675,0.31613630148251043,0.33796096995100083,0.18609456310059694,0.6261567516396679,0.37691373696872194,0.7429707016947853,0.6585180178156882,0.5193011497285805,,0.687066222775655,1.0997810856560428,0.8727829906217265,0.7598600176316948,1.0052567400716441,0.9089434587124237,0.6432304322682986,0.8139633614217081
123,prime-sweep-134,run_601bc48ef2ae58d2d8c963b10539e8e9,0.17007023096084598,0.2884120105683161,0.6007728101444937,0.38295451734968955,0.1580625489739647,0.3535234432488497,0.23619571373291678,0.5915643963101037,0.18895951326886465,0.15806254897396455,0.3159542926206642,0.3288804484399633,0.3712249219345236,0.22953420808990202,0.5769527831101313,0.3745305015498426,0.7588833397190997,0.6702706277599583,0.5205583543360081,,0.7201973048760947,1.093784966666131,0.7686114880793182,0.6644114296295223,0.9430905917897426,0.860289946783739,0.6298595036830229,0.8338940215007221
124,golden-sweep-135,run_75c9a345578b19bb0772b99241bab26d,0.4061901569366456,0.2714524771733085,0.4691937195569946,0.4116291148319443,0.2041349599520014,0.37996870034687924,0.17642988752585037,0.4405888595608045,0.07304924195582829,0.20413495995200104,0.2893176978570979,0.4219746680328062,0.2791764320545825,0.10948631995658135,0.500715172516249,0.25104775381534655,0.7733887657717619,0.6524135434239672,0.5249708334089855,,0.6860731730603838,0.8615053130236535,0.6806377318460851,0.4801897959471814,0.8551357067427029,0.7060960239695125,0.6307310880126977,0.8159724629663921
125,helpful-sweep-136,run_afac8a49fd08de3d5f47478f68401334,0.2874919772148133,0.2834917470267001,0.5464584070314841,0.5265055771275939,0.14583913917294247,0.3259787918142557,0.22477147682222715,0.5338213284715227,0.38465115128731453,0.14583913917294244,0.2468223995816082,0.36752002404384515,0.25547752007196256,0.21065904713256497,0.5470220853099677,0.2826776119707686,0.7699281897219884,0.6607074531905215,0.5454386867514048,,0.733604691912886,1.0409095041813692,0.8100570868735725,0.6953013272751627,0.9491624989790775,0.8533234446472872,0.6121098412109962,0.7870167871027021
126,zany-sweep-137,run_815a45aed984228c1503f50ac462cabf,0.5733886361122132,0.24564415731517616,0.5366077988516695,0.4899364380580221,0.15237665118078486,0.34582210221098647,0.19601099883912523,0.5222074070042723,0.34877946232038215,0.15237665118078458,0.2708416545286835,0.44434512472901816,0.22274687200580612,0.23505964733050252,0.5065652083836468,0.28773196285589786,0.79460610270748,0.6337590605591465,0.5038642653583563,,0.7100549502502258,0.8426048296346358,0.7670245727149156,0.6578510476791324,0.9437364525175749,0.8573679476132111,0.649976727241778,0.8513410260394424
127,deft-sweep-138,run_70b4b106ec94e96d56f95e5b139b4f5b,0.32067656517028814,0.2761728550085464,0.5949223108111786,0.6257462963420967,0.13094203777593452,0.35200470052865007,0.20988767960883908,0.5845383547851641,0.4710113026488262,0.13094203777593447,0.2568333456905575,0.4099249471745452,0.28178656396124024,0.28488288690951263,0.47211935735281124,0.21970534322658053,0.782310765064306,0.6379187022677444,0.4966809268934179,,0.7156669011778869,1.0986224612648339,0.9065111301745474,0.7794803227083241,1.072549681054155,0.9675690996970228,0.6571313099580867,0.8720217587458842
128,usual-sweep-139,run_9532558a418bb80e205a87ea166c7454,0.31684756278991705,0.2822053031215484,0.45636071729842975,0.5125071105285285,0.13900737355291157,0.3159686429455795,0.21001581147190185,0.44088274510871034,0.30269829099992573,0.13900737355291154,0.20779589373424956,0.40916396291400997,0.28615199987123946,0.21515372090795903,0.5390224073717628,0.2376409863357797,0.7764544368670961,0.6775394631646375,0.5608216143399923,,0.7433069676666563,0.9683108463202894,0.7420030159947895,0.5745524270047679,0.9198683139143944,0.7910118397188606,0.5889236546815619,0.8015112664472251
129,lemon-sweep-140,run_febecdc30efb00bda8237732fca3614e,0.2977025508880616,0.2886042083629104,0.6396854336172411,0.47133282219968825,0.14851610936070744,0.3870163043608246,0.23555761705486344,0.632632180467496,0.2933593846610446,0.14851610936070725,0.3439222786402588,0.3274629433062383,0.3251509654326532,0.19677468101182308,0.552194309280618,0.34301510121126794,0.7512114731474392,0.657803997671969,0.5160105267669874,,0.6742495881165008,1.0604592355644495,0.845366472217572,0.7360506743997527,0.9830157053666329,0.8907558587695096,0.6428371841322826,0.815423233634533
130,solar-sweep-141,run_e84126791543745017c4f867e19d0e55,0.40938109159469616,0.27921470543765997,0.5920705325314976,0.47774342739841213,0.13147153034828482,0.36562315887324437,0.22353884829956192,0.5847233938338456,0.281379071550466,0.13147153034828482,0.32168246398267775,0.3825072877210025,0.374341625314533,0.16837872064191384,0.6269282012576621,0.38997600695177354,0.7679674699688908,0.6855705227688134,0.5193959391235778,,0.7121553146796995,0.963128751974722,0.8103993766329983,0.6863273605957053,0.9856683117636297,0.8864762360436286,0.6194233241293248,0.8357512343055403
131,young-sweep-142,run_d3aac7d50edcb012d23b6aac82407319,0.4834076762199403,0.26761620919320483,0.45589811967672594,0.5779585981747581,0.1511291470087768,0.34140060765653607,0.18555543881319125,0.43121173365261617,0.3423342319392573,0.15112914700877675,0.22039866797095176,0.47414599450636413,0.27645614023665227,0.2538303057391267,0.5896855343742867,0.2687907794957996,0.7865096962785683,0.6803032987727424,0.5372545575176118,,0.7349312287540262,0.8993035448153132,0.7832609221401556,0.5810052551141788,0.9895301500431617,0.8385936752461749,0.6015957405907066,0.8529886756513688
132,splendid-sweep-143,run_e8a022f35013b53f02c03a40299483d6,0.47894060611724865,0.2670498663584667,0.5985523415603147,0.49106422971335284,0.11790307826982156,0.35340146548706997,0.21165077404458457,0.5915970502598712,0.31317982835802527,0.11790307826982131,0.3060310429417526,0.40083602742671465,0.3591420567433219,0.18558247932828906,0.646360480967996,0.3640719773082668,0.7805596311411691,0.6850065090612936,0.5272547388313872,,0.7182238364564395,0.9332265937299282,0.8189777862759033,0.7020432500353625,0.9974056390717206,0.9038573556479489,0.6089852681108407,0.8336404807917625
133,volcanic-sweep-144,run_7a9c505aabbc2b36a16a68bdd33c6128,0.28685390949249273,0.2789430658879665,0.325124493183488,0.4008557366507556,0.19868676006281785,0.30764704897526723,0.19323822532244397,0.29622574763939186,0.1430267355872675,0.19868676006281746,0.20781821646189544,0.4242926883144234,0.2443828690019859,0.1580870287009545,0.40733902088967094,0.30351155733772894,0.7772717315123077,0.6820704404696817,0.5688378897686738,,0.7561328139888907,0.8803230112179176,0.5866860247872095,0.3815066872061805,0.7803456108307633,0.6405358171447192,0.5801619185243013,0.7754525339232677
134,easy-sweep-145,run_2a71eb3d6f1b560df8b348ef267edd85,0.19814938306808477,0.2953029421638396,0.36565348716971885,0.38561076348527196,0.21333222954076764,0.3143486507106998,0.18505828718450712,0.33704862717352857,0.061400341305369664,0.21333222954076725,0.1988460744287573,0.4270900774873924,0.2555561247468312,0.14255296959635624,0.48715077003646856,0.294912863412042,0.7714436434082352,0.6676628753596622,0.5505343545557554,,0.7655843951891486,0.9619576630336509,0.6079489791468443,0.3893820086337319,0.798522496596204,0.6478075061097889,0.6039083862535118,0.7954505360560551
135,clean-sweep-146,run_565a96ba3d7c2a3a4838458590e66106,0.30216962099075323,0.26744194985943937,0.5004762034341073,0.4092300843370513,0.1583863099121666,0.2887213621328409,0.2219141362759243,0.49214944624343526,0.28934780995721315,0.15838630991216635,0.21671143170799964,0.45994740585663,0.4284434943230028,0.35748023284274605,0.5158431681107064,0.3846445245188835,0.782592181227964,0.6781371417738637,0.5603397987327002,,0.7643444428533785,0.9512691154444767,0.6996219612583262,0.6125186662003412,1.0061701891480384,0.9476743519263869,0.5866540307089988,0.9311662110506198
136,absurd-sweep-147,run_65fda312ae3da2d5c89fc6e08a994b63,0.47511160373687755,0.25415211302255375,0.5669269912106454,0.4280711300175598,0.1314297283030993,0.37165826774038985,0.2014284140094254,0.5544858363492884,0.23663838943437296,0.13142972830309904,0.31183176316861544,0.3479264553453949,0.2586176903758793,0.20956102544456146,0.4774181504781936,0.2812575404754183,0.7811444169060614,0.6422663158535721,0.4951865193235109,,0.6828069802611109,0.8832660608499221,0.7544828707608243,0.6356301409124777,0.8950397498220044,0.7974192294686389,0.6562833269991523,0.8139776144262307
137,decent-sweep-148,run_ced83fb6951c410eaddc89e2680b308d,0.6116783618927003,0.24051888279265957,0.544760401643582,0.48854648430737274,0.1459194646715343,0.33671044313006093,0.19766646250989822,0.535356064110588,0.3590631414933348,0.14591946467153416,0.2706845981948885,0.43480929651901024,0.2676790803475795,0.24300631059179092,0.48558541618369233,0.3492452918911848,0.7966625471808619,0.6623949492573309,0.5056069228424488,,0.7136269382408343,0.8283931778752813,0.7702537864287328,0.6742436394658978,0.9555386841412107,0.8799816854587009,0.6322561227439777,0.8482399932388027
138,glorious-sweep-149,run_6a4e1727e41a019d07f94bc0cb71f0e9,1.1815571784973147,0.1683268285057518,0.5845383547851641,0.585135903840922,0.10302318947965472,0.3780098809959444,0.13460764742211478,0.5704318484856732,0.4854747359829844,0.10302318947965476,0.3006042284029604,0.60769293522866,0.2670721569812418,0.5117885685704859,0.3855559295489804,0.21657520457133198,0.8566236346778963,0.5932384006789161,0.34808388554516506,,0.670471147584508,0.8467774933490999,0.8440397119647178,0.7610502163386111,1.1895162104210049,1.1321409855976028,0.7816689843540632,1.1461030409967408
139,glamorous-sweep-150,run_47ef42cc740c5b1970e143b89d5cea29,0.2996170520782471,0.28587499967967034,0.599477536803723,0.3897212672816759,0.1703589074420755,0.3596733547153174,0.22664732729746848,0.5904650466679369,0.20961096134345666,0.17035890744207527,0.31240338444440746,0.32483335423477255,0.3572647739375127,0.23678170460471012,0.5312585852428456,0.32928386910489776,0.7559092767715279,0.6838893218561843,0.513898521277846,,0.7011476681022603,1.0008957273579797,0.7700522701386874,0.6662992851736994,0.9392555036310904,0.8562564684593806,0.6291270854275839,0.8276601307143856
140,rural-sweep-151,run_550d2ccb86b539447a72c1b0469b4e32,0.15985965728759768,0.30780348672425767,0.5129119159705027,0.38516063611406526,0.22471713949424446,0.38860600146532753,0.1932228494988764,0.4926338131649843,0.051467860411050205,0.22471713949424443,0.29917477659334446,0.38269718619897003,0.35860335679830263,0.07434834892358122,0.4674603810343454,0.30636147099824584,0.7521295241475885,0.659325044749359,0.5225299408968508,,0.6755486730730194,1.0570066909008837,0.7114564888986069,0.5316691490929575,0.8869901444859554,0.7505020086025832,0.6367706457385516,0.8282862042154115
141,toasty-sweep-152,run_583922142e5b2d4d82d41086677bd5da,0.31429469585418707,0.2771671582659147,0.4405017823614249,0.4226992802908515,0.15658390408151895,0.3120055615481449,0.19658246694838577,0.4254156575689136,0.19896124452798447,0.15658390408151884,0.210124632571889,0.40300661376546687,0.32343278119285795,0.18055848205259176,0.5241349724267558,0.3082271884661955,0.7795746290111887,0.6724695963871619,0.561885748686687,,0.7529642181021199,0.9181003572353612,0.6704760513569434,0.5091254509847536,0.8655417930829165,0.7475514597473677,0.5897521569864485,0.8046316342278372
142,snowy-sweep-154,run_4bd393d446cbc2ffd3d90e5bebf81119,0.24728775024414068,0.2811008064619461,0.5908460094152224,0.42072564489402225,0.13884344396394863,0.347867820751686,0.2343275511694595,0.5833029470189667,0.24747607152573367,0.13884344396394843,0.3140154042765564,0.33757548420036504,0.3550601424553996,0.23480935202034706,0.5913615431105992,0.37593277032950495,0.7642967818682487,0.6774869663804157,0.5245056344876154,,0.718115827714803,1.045315649000775,0.7778989256368339,0.6755709697847423,0.9488345918002332,0.8669235717787768,0.6210197706403526,0.8251217483595805
143,tough-sweep-155,run_e31e1a5f5d9c2037c4f554e2312aad4a,0.39597958326339733,0.2746403979263139,0.5392092301831346,0.3580787970222342,0.23493978866197393,0.4001109758460114,0.2081707126437961,0.5216740591580721,0.14729057947715973,0.23493978866197365,0.30669036064758226,0.38864037313217653,0.24840951849033188,0.25159084378890917,0.35288157166078477,0.2025242752684453,0.7583894563314452,0.6146438962934231,0.48146932706233575,,0.6523096911927493,0.8853291380194364,0.7031318275861954,0.5806663279404128,0.8777476563044952,0.7830836261773927,0.6897456344573089,0.8670614865372852
144,vocal-sweep-156,run_8d40da42f2f1efaeb0d6354ecdbaf7bc,0.17007023096084598,0.30023089361723937,0.39621758415194974,0.3991046917122153,0.2327136248438571,0.34660578939941494,0.19229261217303945,0.37055157963482,0.09400242376276853,0.23271362484385724,0.21620598137487285,0.407911730039577,0.2527790533189134,0.10605157019868254,0.3873893027516213,0.23612820271811064,0.7659210762656078,0.6774266809400622,0.5363167542582598,,0.7295922857193322,1.002524987456818,0.6375041320808171,0.42792683666658066,0.8049519757491181,0.6516575345852753,0.6114316323904013,0.784464662001982
145,swift-sweep-157,run_1e3625950159ece37437ef2e4d817ba6,0.22878110408782965,0.294859605917642,0.5341750795940027,0.5430118962233819,0.1384131287929209,0.3138137024874694,0.24052144542992074,0.5233992761707803,0.3902258056537976,0.1384131287929207,0.24121540874110178,0.3740164032239117,0.3480982214124002,0.2226055401249348,0.5804778654271227,0.3083326173022279,0.761043147238482,0.6476289655634242,0.5331003897779063,,0.7480115487184315,1.0839665679860053,0.8167907457245577,0.6957539417106816,0.9888179763872728,0.891452419106759,0.6318710069445624,0.8425407037897203
146,smart-sweep-158,run_d970ea3757ffcd0c461c0f9b9d42240c,0.23005753755569464,0.28999828303303493,0.3496095131840322,0.4153785274404571,0.1934860938529683,0.3095070105323412,0.19714368450860126,0.31963318729761364,0.1421017485717114,0.19348609385296808,0.20734704746051083,0.4070444062433429,0.2787508134649856,0.15268056486713708,0.4510504657446841,0.2590397760041891,0.7697867741837023,0.6761009565744822,0.5601413751414283,,0.7579519909276968,0.9421133308908113,0.6155202165075383,0.4015269775628982,0.8034697607744934,0.6541578045550867,0.592776795712505,0.7861824527962449
147,quiet-sweep-159,run_6b9fec056927d996f6a85d8ddf841f88,0.28430134057998663,0.2811264328345586,0.5466761000299328,0.383409591175525,0.1434949460507723,0.33457304195795834,0.2193156220930084,0.5395248850308854,0.14023198872208364,0.1434949460507723,0.27500484323465907,0.3067531277083316,0.29269721864363,0.1264874586299737,0.5885419498579841,0.2840285757272471,0.7625782720549782,0.6871068310935708,0.5326279134998066,,0.7242194637400599,0.9788167571332873,0.7244927495755937,0.5990421139807984,0.8489157582109276,0.7447279198967998,0.6104980583820487,0.753973540410724
148,devoted-sweep-160,run_5c0ca2530a2dee16b3da21d1ac97add1,0.2721762657165528,0.2981654079846652,0.5777953141582085,0.5267677392229119,0.1538962784704714,0.357313523507028,0.23935288283878714,0.5716237176521811,0.34731036529567433,0.1538962784704713,0.3060685132345871,0.37519876820691184,0.35761746662203714,0.1980976705083591,0.577524441391189,0.3328547417384768,0.752365690413827,0.6969388716912949,0.5216862517622682,,0.7145599473073104,1.0682036623862992,0.8368000278847165,0.7103998641241096,1.0040624192876897,0.9014294326820818,0.6180233333209955,0.8305780491243315
149,charmed-sweep-161,run_6f4c2a8acdaf77dd0d4278eb04ce45bf,0.33343970775604254,0.27478646825020564,0.4640398378187163,0.45933272327059577,0.16048133005911305,0.3103106287275965,0.22049443523318704,0.45199053035456765,0.3079464793609184,0.16048133005911286,0.22126686262832593,0.3753052090161155,0.26457827590540467,0.21010907852589678,0.47462251051008925,0.2789087048879233,0.7715665354399736,0.6606984071446027,0.5573583090025231,,0.7420816280060126,0.9330713504048618,0.7083975754358731,0.5896984565435033,0.8699589724568232,0.7763670256550687,0.6026931933033692,0.7862827571102653
150,absurd-sweep-162,run_e9d6129f4e3f1862786288c8ff465766,0.2396297454833985,0.2824103141024491,0.6196903317097066,0.4258600647985554,0.13717218180447138,0.33840617319088245,0.23914274658336374,0.6122452311627529,0.2661291519303536,0.1371721818044712,0.3036640365710058,0.3453513501639088,0.3601126461549408,0.2751488256765529,0.6382476684774937,0.3717332012325992,0.7634584872767036,0.6481833919853515,0.5294364454953047,,0.7234312221968184,1.0693623454930312,0.8031989090606136,0.7091249550200139,0.9847761353567085,0.9096778281809837,0.6333694591188082,0.8519462547581191
151,valiant-sweep-163,run_eebc783521a70fb7d553ce2be434a095,0.40427565574646007,0.2637799412131012,0.4730686549293857,0.44548265031038986,0.14940132914110735,0.2944423583323966,0.21368550803002365,0.46346839369778753,0.28992654514876426,0.14940132914110746,0.21541511902398666,0.4028270134728378,0.3155271673007572,0.2391028956357948,0.5091112468551625,0.3338045447552336,0.7838011185849634,0.671366136150281,0.5545271563102289,,0.7556326982578623,0.8815533099822026,0.7013049275391229,0.5869598366845513,0.9004586565636216,0.8145667809765279,0.5942964136346105,0.8198691469061802
152,peach-sweep-164,run_3b7683f142125cb1941186e27530d0d4,0.25494575500488287,0.2803499537443974,0.5817137881302894,0.38437909628273925,0.1440391922861293,0.33123659141515727,0.2399422894088762,0.5773055049116984,0.24440926965597404,0.14403919228612916,0.29573388757477137,0.3724007345923705,0.4319642015150908,0.3121063329395864,0.5361283111837544,0.41537997358181905,0.7594627725412892,0.689766083350571,0.5367114508035301,,0.7229804772965712,1.0204136656010006,0.7514880687838712,0.6712598895672901,0.9936901222720368,0.9344921513412479,0.607239261452797,0.8896208530751971
153,rich-sweep-165,run_991080440297268b6d627a1e84532225,0.20708352327346807,0.29084395332925017,0.3389915371846851,0.36096258007073434,0.20900776698392506,0.3071224648755867,0.19296146049822768,0.310974448284307,0.04913808028095874,0.20900776698392476,0.20000207282471,0.4005774898173935,0.25593547270260414,0.1159348295714544,0.4305534191922695,0.28481212761413066,0.7706018781230684,0.6843898217579691,0.5505949370139614,,0.7634341082205338,0.9348399785838077,0.5742816832203027,0.3692611320692122,0.7544571743485615,0.6129926263020687,0.5951455230177871,0.7704572472316598
154,fancy-sweep-166,run_1f022f2877f72ff0a0681d709a16b943,0.6308233737945558,0.24444484307690728,0.5417072573403358,0.4980832488313999,0.17941273864049917,0.37463914912140134,0.18927638811653835,0.5243680100138779,0.35747038310291085,0.17941273864049892,0.2826966173892455,0.4710630166648331,0.21331664912047774,0.2902161351083868,0.3935294985724192,0.1990474531589388,0.7936127334313174,0.6047811802669036,0.47205133316756215,,0.6823129890821701,0.8233013158972026,0.7754269512523567,0.6622480168487472,0.9761745337116391,0.8889331804802372,0.6910306896824935,0.9105784851519796
155,unique-sweep-167,run_5b5c17522addf2a186459e4f56f1432d,0.3289726376533509,0.26884114980408635,0.45694304606928093,0.42985680013850075,0.17045726519545326,0.2908563715841244,0.20569264241215904,0.446363166344662,0.23821136200628176,0.17045726519545282,0.20284582887875321,0.3692496473686111,0.3193131496421993,0.198141727591014,0.4720849621832602,0.3177770297828964,0.7817025520270693,0.6755237179391895,0.5511207343775189,,0.7623249767880252,0.9186139216201141,0.6825315961949067,0.546163155477021,0.8622155841977016,0.7588547464631379,0.5953412706316261,0.7949827434267337
156,rural-sweep-168,run_d50b955632b6b29856066e94b1de7db7,0.5057433247566224,0.26010255674319555,0.5782579117799124,0.4085870452353277,0.14007783376883962,0.343923075880532,0.20903944667536245,0.5713026204794688,0.23266638636757128,0.14007783376883956,0.3012452095825092,0.416766511522842,0.35590468514987456,0.23929295831604044,0.5796412898954539,0.3243303948929352,0.7838440880466426,0.6925997060752637,0.5340846606617012,,0.7198100143023124,0.863490154600988,0.7543069177029652,0.6513200609365518,0.9626019509811626,0.8842179661806168,0.5985778332081166,0.8461199751491019
157,serene-sweep-169,run_e923eab3b40c9dad478d8ee66d7e1352,0.24601161479949957,0.28968051601263894,0.48531932841709996,0.5275443325996092,0.15610277073791268,0.30451309746182614,0.22265730108168896,0.4705270891724947,0.3333514703336384,0.1561027707379125,0.224065175986804,0.3753599016049914,0.2539715083673948,0.20816120209856437,0.5638154957348883,0.3155540238877584,0.7669940445273928,0.6743377599082832,0.5374773945292253,,0.7548282541974359,1.040353958232702,0.773144666120475,0.6181385104842775,0.9200436639665417,0.7942435942443345,0.6117800507361543,0.7893050736775796
158,balmy-sweep-170,run_66e6ebe216a90f14a9785d8970a41419,0.34684121608734136,0.2719368156156864,0.44623799287055427,0.428669651027626,0.1455596392237606,0.3041160718058369,0.21566130135845382,0.4338947998584997,0.2549897361066456,0.1455596392237608,0.2078397419492685,0.39883998210695254,0.27304959515571253,0.20818525258329865,0.5050871668001008,0.2902966617475478,0.7792712178175896,0.6801789909613646,0.5620668383131825,,0.75305758996008,0.8997235203080726,0.67589618114063,0.5475347110162113,0.8566248652796812,0.7594503090410528,0.5854845234600425,0.7872500488067167
159,helpful-sweep-171,run_390e1483e68a9047343b4e1c537c8c6c,0.2530312538146973,0.28599288099368825,0.4596152276252415,0.4902035466079689,0.16649672632610843,0.30374854403995133,0.2157868705842554,0.4469781490652807,0.283966067321248,0.16649672632610812,0.21606805880763166,0.3875250519034223,0.26252856689795717,0.18082601709074267,0.5111869511713526,0.3469181739188338,0.7722232642153405,0.6800252555053751,0.5448085958649457,,0.7564174389086953,1.004742744362793,0.7302996662679667,0.5718305401500221,0.8860770651011404,0.7607792908560359,0.6012198373952389,0.7831093510006788
160,worldly-sweep-172,run_c0633a94877064eb60619bab0a506a89,0.2511167526245118,0.2837864503117448,0.388527578981741,0.3819503870600748,0.19240743715759215,0.31789796440641077,0.1938840099122808,0.3633513837111214,0.10993495412163354,0.19240743715759187,0.21614140491275396,0.38930428400972855,0.22464307730429015,0.1170573274164884,0.4563770969256935,0.25591493063473597,0.7741151748513948,0.6568358293821249,0.5523038867628185,,0.7483572022354061,0.9261025299632922,0.6143081695576694,0.42626392233237104,0.7701293935542611,0.630417073938466,0.6076326291732113,0.7648151199256648
161,jolly-sweep-173,run_ed49f6c98acf9da2b319f3e273b55de6,0.2204850316047669,0.2950466784377138,0.5212658847859807,0.5193480572799445,0.1433285575179749,0.3100913876525021,0.23378939734459517,0.5101961958148519,0.3527267331140407,0.14332855751797474,0.225065712529508,0.3908091992188125,0.29292116086820147,0.2123168278900489,0.5891752757700776,0.30101699107542906,0.7625728502901394,0.6665195909784261,0.5420319572289234,,0.7556852943215151,1.0719534099924237,0.7927755481214663,0.662852765542997,0.95504248166404,0.8502863405181317,0.6142601751864721,0.8129751748385877
162,balmy-sweep-174,run_579e94a8f25a6f8b7e86f679cdb2d1b6,0.5019146203994752,0.256535365675524,0.4940216060300961,0.36769470482032,0.1663508289919314,0.33875456719021435,0.1844381289672828,0.478935481237585,0.1195360225558333,0.1663508289919312,0.26777786015927235,0.44765098682522586,0.40254570376784143,0.11679873149655735,0.552943781780585,0.33499091607667575,0.7909808394496838,0.6873957586103014,0.5415222150279375,,0.7267178123299658,0.7920516325021094,0.6671335226322633,0.5269587073895808,0.9061697028297088,0.8085554233325307,0.5929690552844024,0.8530467125730142
163,efficient-sweep-175,run_1ff69f3e0357f157060f6fad9327a5c6,0.47255903482437145,0.2618861522770313,0.5203406895425725,0.3783741003635643,0.1541651229963706,0.33569236730134966,0.18360783449463494,0.5069199161881959,0.13248584077362582,0.15416512299637034,0.27068539543516174,0.44222781322392973,0.3947503579636855,0.1544085815534911,0.5708126955823284,0.3143188179713823,0.7886283956898661,0.6834485553062648,0.5435245874528656,,0.7285395277081889,0.8319347118404035,0.694626338238081,0.5551865779371393,0.9261431011094791,0.8267208901922034,0.5943505485034966,0.8535150077561876
164,different-sweep-176,run_6feff6bd2dc525233f90c0493757aa76,0.3742820024490357,0.27288755403961323,0.4616996380853901,0.48781440902233325,0.14177696395844058,0.2955465361105996,0.21522821566130138,0.4515116057579797,0.3124230207998415,0.1417769639584405,0.20935848466946794,0.3993457078691393,0.27165293490186665,0.22741712692483693,0.5089205803898765,0.340941251150106,0.7803318014717939,0.6905610230064272,0.5620596574338546,,0.7565098852215477,0.9179610372544017,0.7249807380942692,0.5897406708686413,0.900326569451752,0.7954777934861816,0.5794810968223286,0.7879017721946424
165,glorious-sweep-177,run_d9e690898a7f99e5d1fc0e329718f796,0.3666239976882935,0.27701852530476156,0.4711638411929575,0.5134518833625998,0.12643807231917747,0.30541796517176145,0.21405452779564502,0.4593104574274133,0.3203571340241882,0.12643807231917714,0.20456388166722075,0.41008469136128295,0.28282058972367974,0.20354563739105455,0.5663914260160768,0.2786118821737899,0.780120503036633,0.6796281322619077,0.5595490870533448,,0.7556243542866175,0.941697064920913,0.7499116382203493,0.5995115766123185,0.92301420991217,0.8056065398528286,0.5873517970845062,0.7965989581338017
166,generous-sweep-178,run_e85bfae5c20370f935f1085f047b06ee,0.3251436352729798,0.2881557468421902,0.5956352553810988,0.44725348106744484,0.14619322708510243,0.36136828753586586,0.22657557345415313,0.5881901548341457,0.2510721440407587,0.1461932270851023,0.3111134496825787,0.33137407824140336,0.40565936472106773,0.17094148070108228,0.6025939874526389,0.3665456256137918,0.7559444554903392,0.6885510098594891,0.5176140561012667,,0.7104355633337365,1.0051110121734927,0.7986556005050203,0.6784846131218586,0.9702783404562595,0.8740312694541521,0.6239068689608435,0.8323755587936502
167,misunderstood-sweep-179,run_a62aaf9846da4d84d99a8b16cb209dd7,0.25749832391738897,0.2924789159019329,0.4607417888922148,0.535651571735958,0.1576568232412814,0.30596168303799565,0.2156766771820214,0.4430106941685487,0.31562337694457554,0.15765682324128116,0.19524892631666238,0.4212117181076807,0.2453117686069032,0.20250061190392574,0.5856038129507565,0.32580634506419787,0.7675933941394295,0.6710955903738154,0.5505249848706032,,0.7597169862354832,1.0249460187347854,0.7646891646819447,0.5851435894734514,0.9291680104758804,0.7880334341965513,0.6035053689444287,0.8017620616208319
168,fearless-sweep-180,run_ca3a8338f6adc6f4dc01888c1d56e66b,0.20708352327346807,0.29068763245631346,0.35364771830526004,0.36201122845200695,0.22440649292315967,0.31148496364982975,0.18971459908821373,0.3243571253639553,0.07167907402369386,0.2244064929231597,0.2088689791418027,0.39860884362961685,0.24312534720162304,0.12364375485532464,0.4309134129777494,0.2790398303739337,0.7698371994336523,0.6699945143179626,0.5486715347962655,,0.7590497101250451,0.940656886038828,0.5836249976233921,0.38254027700944704,0.7575650867333302,0.6161361751438055,0.6046287446424792,0.7738621593244587
169,zany-sweep-181,run_905b4a817524ff6d520a02727f432d8a,0.16177415847778323,0.3147661721630965,0.4749244877411629,0.44999381693171403,0.18955260336580237,0.3712413110775738,0.19557278786744992,0.4503360635663554,0.0645363935399308,0.18955260336580196,0.2865887444023767,0.4522849706050412,0.38158776287150414,0.11148697974864041,0.5578686783662968,0.38594151970189694,0.7509976041052536,0.6760977638450362,0.5197306011245445,,0.7068133660281398,1.0633298010159442,0.7260340539335515,0.4951931255518678,0.9432527283465143,0.7796258677441276,0.6305343347064467,0.8718794694828279
170,vital-sweep-182,run_3dedf999f96e44e4bc8a51291b8ce439,0.4655393958091737,0.26037675893015017,0.4994965849410867,0.39630005193777357,0.17051627984747994,0.33799240548915876,0.17291907447792673,0.4842145364499715,0.1042020132070345,0.17051627984747972,0.26467659549702777,0.46705336116137647,0.37483591351209666,0.11644095393161573,0.5624445246799551,0.3221257238135939,0.7947808340897703,0.6865359440919991,0.542602689119154,,0.729233201265463,0.8319847997203516,0.6887282672612326,0.524616796513572,0.9200793042492325,0.8046254303508275,0.5912587592621473,0.8495800258876769
171,clean-sweep-183,run_ab19037abea59a088e37e87f44dee76b,0.27664333581924444,0.2955540806154429,0.4812375846961822,0.3638265773007199,0.19686714162532912,0.3595936306880105,0.18447913116346257,0.46399629921902646,-0.009507085796255449,0.196867141625329,0.27149698603314754,0.4475126040956707,0.48676588597348375,0.08136704657919107,0.5194781778373839,0.37550012925090065,0.7655370494979451,0.6912439428718895,0.5274776670017608,,0.7102903451372026,0.9419152057851504,0.6717972952037032,0.4994151581641427,0.9461187878295573,0.83261314849405,0.6112123470231314,0.9041071219687322
172,vague-sweep-184,run_6c9088f034b2d21e2c7095e4678b91c3,0.39597958326339733,0.27541687701647516,0.5742251489836459,0.4212400761754013,0.14183024107485356,0.3473870848670243,0.2151282728081122,0.5666820865873899,0.23982390621522015,0.14183024107485317,0.2959698706956001,0.35111855583492196,0.39022217075573823,0.1978771722589364,0.5764692386855229,0.3393786562335534,0.7671057077471052,0.6925854098499865,0.527805372707449,,0.715934672955672,0.9338192476792323,0.7635654390077228,0.6518621533827273,0.9474941359972477,0.8600216422363339,0.6096812672577604,0.8285072152655903
173,vocal-sweep-185,run_317becb9dd7b6096d427c90bcd4ff045,0.16815572977066043,0.2923123444799512,0.3485428174916325,0.3877723641579898,0.22381634640289308,0.3138368224553884,0.19738200977389833,0.32297477482380493,0.09136101699107134,0.22381634640289283,0.1977570442157429,0.38460179835284974,0.2231299438002979,0.10848003064840521,0.4121168825513113,0.3022564812333432,0.7702726961179411,0.6869974181929419,0.5494948423627088,,0.7590412019401545,0.9817404911396211,0.5977424267734789,0.389383099762321,0.7528409134279943,0.6009098356214206,0.5947269519910835,0.7504489187084312
174,stellar-sweep-186,run_db6a999097db8609f2fcb0ef022b58fc,0.43873637914657604,0.27091944862296685,0.5742850145582195,0.4175895926594615,0.14858414014012705,0.3624015109297656,0.20800157858455318,0.5659582573675473,0.20768679049291464,0.1485841401401269,0.3087312957466434,0.4082840642467452,0.3373915724319792,0.18966510232097825,0.5968179514977138,0.35085355003163193,0.7756599558877112,0.6913322825579098,0.5292609082999777,,0.7109141067314059,0.9050973416915582,0.7599879561452284,0.6377360023720041,0.9455598842961732,0.850416962451841,0.6059698900422162,0.8268623276834945
175,treasured-sweep-187,run_113b0edd89836f6c5f700e402089369b,0.2938735485076905,0.28615945241567,0.4969713461590794,0.48441124823782566,0.13374605339514575,0.30357952910206026,0.22891526127368184,0.48482407684562856,0.3130264882645366,0.1337460533951454,0.21726232473669177,0.3710583402276404,0.3089627008316771,0.1925869169619768,0.5637369124378614,0.30170722479273304,0.7657744423631831,0.6634569589946777,0.5502025720527975,,0.7528705857337217,0.9900754222884319,0.7506810298184788,0.6208398865153898,0.9131012931060535,0.809737073148474,0.6086382804977901,0.8004202142811748
176,spring-sweep-188,run_4f028de5f75debb229694e1b110f79a0,0.2281430363655091,0.27992199332176726,0.2817056246428473,0.2780204288576164,0.250761452940733,0.31422428122810075,0.1765964589478322,0.2491822906745764,-0.047664036801622095,0.2507614529407329,0.23724276046039006,0.4095554417794074,0.2266277081018908,0.12823101235513837,0.3318576037251469,0.2688882505213049,0.7821309259218391,0.6835546201417628,0.5612645557520604,,0.758767877009488,0.8674195006619609,0.48477803184841334,0.3091116039603962,0.6859655316873337,0.5754032970041395,0.5831752754641919,0.7587044038444756
177,deep-sweep-189,run_c267af9d0f35f222c1ac9b6fea96b69a,0.24026811122894293,0.2789430658879665,0.31677052436800995,0.3044147107560656,0.22896947303194337,0.31519531988070093,0.18848709584007087,0.2906147106043701,0.024920238419112818,0.22896947303194293,0.23478726041933237,0.40285925787697874,0.22115861637439482,0.15782843278102346,0.36480887870667855,0.27575686063472943,0.7770589618821431,0.678270065837959,0.5652615978010286,,0.7558902269490202,0.877612912421371,0.5204047609698258,0.3472827574192984,0.7119955369860139,0.5972619551324964,0.5849874659849505,0.7604780501812229
178,zany-sweep-190,run_406a8fc590dc09f6f97e94abdd99b743,0.13497114181518557,0.30697831752613247,0.5303491251462626,0.4826156852076274,0.14965132176427584,0.3602872297255819,0.2197512704274222,0.5112465645323683,0.16321816338139677,0.14965132176427556,0.28549333626717793,0.3647870701584777,0.32274692188165505,0.14089880705338986,0.6347058381911209,0.34942015083941413,0.7544982531616256,0.6696457413268718,0.533803695109518,,0.7180794580199036,1.123593796549428,0.7800152444555227,0.5799170970563046,0.9303286717880765,0.7703190867596161,0.6218874806729145,0.8023912353619413
179,devoted-sweep-191,run_049156f1141a2f06ac2de6c71e34866b,0.22750467061996466,0.2860492590134359,0.3938882690685462,0.39950040808250686,0.21036920222026242,0.31215065927784386,0.20611035228574423,0.3711611200304768,0.15763361610565652,0.21036920222026234,0.20146660320634113,0.3813995418729858,0.22740975534669428,0.1458536325809575,0.4051149401548965,0.32381140865154534,0.7698231162823357,0.6640028676588285,0.5402552372518985,,0.7541144288740231,0.9547238231456646,0.6297402029011969,0.4528690884440857,0.7842364520059422,0.6508029661679523,0.6141992491152801,0.7718126761841902
180,bumbling-sweep-192,run_1bbbc2d9009432026532e06fc8388b6e,0.4795786738395692,0.2702582882095622,0.6322185637704427,0.5403309178146563,0.10767715051031285,0.3641634119332519,0.2270368481611797,0.6271245476067372,0.3940692009002551,0.10767715051031247,0.32276272455268845,0.3917803822545724,0.3756979713915096,0.21681682256914506,0.65754375477403,0.37977426156339594,0.7770529039313525,0.6761233473691143,0.5269870691144497,,0.7086673726669255,0.9810688914877342,0.8744697567488272,0.7746750697757628,1.0518306535011077,0.9704492938367763,0.615095705195353,0.8485240684423648
181,ethereal-sweep-194,run_baa94bad32084fd605c76549a52fdea1,0.2306956052780152,0.2865745996519939,0.3943399820403278,0.3999060173620558,0.17422026891009781,0.31267843233861664,0.19943980749468873,0.37171079485156067,0.15057502535057948,0.17422026891009762,0.2000220038315368,0.38068881720162223,0.2660086943579805,0.13358277729889637,0.4454844931011929,0.25212872899803235,0.7721706378674029,0.6741047139298646,0.5520207716476264,,0.7484217908416275,0.9525009689740512,0.6305187113192181,0.4479039965015105,0.7944072033478432,0.6588982846307306,0.5989986183353594,0.7696286794129774
182,twilight-sweep-195,run_6d3a84d69c4c3fd441c525d16ba8a052,0.17708986997604373,0.29822947391619664,0.31866989577947696,0.40819132886503606,0.20740945349153636,0.319771479048127,0.1945810472473432,0.2877139514000381,0.09827616056191722,0.20740945349153614,0.2093983466831219,0.42336384731514265,0.26828132010210637,0.1325869169619768,0.43726272088957313,0.2763980564693785,0.7676241493741088,0.6792362305742811,0.555493993410397,,0.756822977046592,0.9722920063091908,0.5975880542221691,0.36096995098330276,0.7911400552542694,0.6317360287268555,0.5953767896253082,0.7894711052997626
183,eternal-sweep-196,run_f83fa0179440a4c0decd219182b16c4b,0.36726236343383795,0.2776514967082924,0.5017986883996844,0.37048945168550435,0.18774036175981695,0.35282665525018597,0.1910702341994194,0.48416555552532053,0.08220512947345025,0.1877403617598167,0.2825531141400928,0.43002538556863873,0.404516795968457,0.1159303600123444,0.5540079028031227,0.3528796021599209,0.7755353617887877,0.6825281611985228,0.5292730690175106,,0.7151566231545474,0.8884938233984533,0.682755235142305,0.5269552190328035,0.9100275984501012,0.7997983006311932,0.6105379478717723,0.8571768222590421
184,vibrant-sweep-197,run_d5e01fe1232dc16ff908fd8c1b729ef3,0.3666239976882935,0.27804101757200367,0.47652453127976274,0.3327875745059728,0.19164844316069363,0.3409780703118086,0.18509416410616483,0.4585975128574926,0.05531620211213601,0.19164844316069363,0.25588064356423806,0.4229726112683522,0.3846552674335603,0.13401589886026236,0.4878750603508726,0.32684186267676124,0.7708595907580171,0.6733963800386259,0.5332519505483314,,0.7180635149093619,0.8596443211941348,0.6443058327451655,0.4976257736505904,0.8717544217865016,0.769712398494545,0.6140268669906833,0.8496203617977095
185,graceful-sweep-198,run_2ce439296fc7b2bddef9691ef68a7ad2,0.5676451325416566,0.25215581859603353,0.5712971781545079,0.5753814953132341,0.12517089659649389,0.35080565115795165,0.19804829546182556,0.5594437943889629,0.42223926001038775,0.12517089659649364,0.2685208880937747,0.43411789268026874,0.25752290100152186,0.24921793357383812,0.5673327152343682,0.23890048094501562,0.7902003914122355,0.6391072143649612,0.49992972462353313,,0.7077592279022376,0.9188988313906588,0.8491330212446296,0.7283450275177106,1.018780081994266,0.920528351985959,0.6514059861577054,0.8609388633940877
186,wandering-sweep-199,run_280aa13df5fb1fb642e731230102d699,0.2945119142532349,0.2826947668384488,0.5453590573893167,0.5434076125936734,0.13317475877760987,0.29567728351538314,0.23490670719050372,0.5366404528014368,0.40661340983849864,0.1331747587776096,0.23044070645055076,0.4074282532827758,0.3207104013292534,0.2645729974778916,0.6025348199679854,0.36288939817069066,0.7702207565417335,0.6619589086993913,0.5447698281647199,,0.7572375011751009,1.0442326244817075,0.8201369800826962,0.713090879009476,1.005721870194452,0.9205163854135178,0.6118045353551561,0.8444859996290048
187,helpful-sweep-200,run_47fa8273f4092fbff271c33f60b9806b,0.330248773097992,0.2760165341356096,0.3697896541402488,0.39951030099176404,0.19056814716942788,0.3074421582250881,0.20585665119687968,0.3434379166780048,0.1870106101451779,0.19056814716942785,0.2098455984763144,0.39612993720704354,0.24134865151408716,0.17303004182230305,0.4157280204360614,0.30177766083435453,0.7721619601857266,0.6639236963340083,0.5651403524349511,,0.7438839020115338,0.8630872347824637,0.6103589075486069,0.44192706611045407,0.7859042499797805,0.6636316944460581,0.5949456843717793,0.7739947425305661
188,amber-sweep-1,run_e60fd6f022d84c6cf9962606129d16c1,0.24154424667358404,0.41434256822381044,1.086685351982367,1.3448519773452379,0.029830267303587767,0.5794127049804397,0.4143425682238105,1.080807641024246,1.318462641901417,0.029830267303587593,0.5657655459860151,1.0,0.9582230335674843,0.971541465802552,0.969533520490032,0.9565906707752897,,0.49505337765308755,0.5062285769157736,,0.4920474477973554,1.8880590628834624,1.7779740321570336,1.7544710481590633,2.4542363090904233,2.437263395831769,,
189,laced-sweep-2,run_0b16d1a43bb6b76f0e0c28b29c27bf2b,0.7654753327369692,0.22826435140932233,0.6582274347601293,0.5535033264907375,0.09497998419718764,0.40802039659514616,0.18527354871445284,0.6498027157201558,0.4358766354215615,0.09497998419718731,0.34680191050659026,0.47110206835742163,0.3566601866480978,0.36493183922357364,0.42444539564404654,0.29527953281660574,0.8012718168571615,0.6033864789826525,0.4338973493845951,,0.6454870668144461,0.8914208365648896,0.8897943034384581,0.8040884892329682,1.1287394727133129,1.0624863261927442,0.7192130330179081,0.9997931194464261
190,stellar-sweep-3,run_11f6039c62cc56d6428c14315941a4ed,1.3098275661468508,0.1454245393018863,0.5776919099839452,0.4870872801919224,0.15007344045585538,0.4114812166205464,0.12070021500526601,0.5654466788211926,0.3816239210545842,0.15007344045585538,0.342513555077743,0.6652699635598047,0.2873777244699313,0.574538837276123,0.4519568137356041,0.229396920348244,0.8789443668859069,0.5848005247097765,0.2981947257148275,,0.6283691034862569,0.8166854242180058,0.7695000052091154,0.6927736323022909,1.2030773933923817,1.1555086594605377,0.8243638235660375,1.2388868673447935
191,chocolate-sweep-4,run_c050d64aafd79b1eff334698dbb6f9fb,0.41448622941970836,0.26056895672474456,0.5273830580423957,0.4008211114683549,0.18295279811415407,0.31345095816322216,0.22002290997711565,0.5182726060573078,0.2933247594786437,0.182952798114154,0.2548442312092464,0.39969849181448014,0.39842451359690445,0.35501133352488584,0.4774239302577999,0.39063404576005833,0.7784746757943757,0.6639746888833205,0.5201568005577607,,0.7299765785550366,0.8840909618631031,0.7118192428682285,0.6348669070186566,0.9753054182369314,0.9206465195460488,0.6262874539909233,0.9147513319756636
192,zany-sweep-5,run_4f146e84fcfac2961475c91343748dbe,0.25622218847274786,0.27055299149460693,0.5269422297205366,0.510162491034551,0.16142720378742925,0.32783078096859913,0.21713738042093852,0.5216522898582274,0.3999060173620556,0.161427203787429,0.25521813689731626,0.37296786639529156,0.3268735495311192,0.2772820823888729,0.4357248769596766,0.29502271520109574,0.7837369753517607,0.664986024496945,0.4986034583224008,,0.7345534372538146,1.0445761406626604,0.7817498333406346,0.6922388144367377,0.9664209755011264,0.895561989017633,0.6406266866269489,0.8562939049059393
193,crimson-sweep-6,run_cca096b6565b7a04bae03d8879a10ca9,0.39853215217590343,0.2720905738513619,0.3972842798443494,0.49029752924591286,0.1900927513614353,0.32878826653655707,0.1982404932564197,0.3688753435467636,0.2821062003808771,0.19009275136143514,0.2134834058423362,0.4306175124080592,0.23520499904015946,0.15969777266971028,0.46765224685010737,0.3048872977728488,0.7753786353706973,0.6737383784466467,0.5395244543037735,,0.7389221733953721,0.8717740751836113,0.6872115733708605,0.5049279359835689,0.8593695123382644,0.7219476661769051,0.60740359838479,0.7969914325088093
194,olive-sweep-7,run_d8be429c4131de1a2ee3f80e5d3a7f3d,0.8254626393318178,0.21695030790086692,0.6041198399956461,0.4483565404496326,0.13343458717611614,0.38808540356701243,0.16519528577249423,0.5932460747231215,0.27966759824895504,0.1334345871761159,0.3279001408723564,0.5404667775713708,0.2946381615675822,0.2838719152060785,0.4031900217598173,0.30100798695046077,0.8184627846464871,0.6386975121594234,0.4683172358457657,,0.6695972510656167,0.7723002387085888,0.7829762477486842,0.6763463263197239,1.0356404070388923,0.9575717212194916,0.6679684198948218,0.9516727684082688
195,legendary-sweep-8,run_ebae88ebca00f61c789f5616705f04c0,0.42342066764831554,0.2717266793602632,0.676214318756973,0.5495758415155936,0.12309964623994704,0.39651542221446245,0.23279509408722684,0.6714141881411739,0.4005638958276656,0.12309964623994683,0.36042435505255027,0.30989963020306743,0.4042828998050408,0.24368483223190615,0.6297778138587188,0.381858092918133,0.7621946432225186,0.6408536854030089,0.4849232824947026,,0.6705430348359265,1.0448651286001673,0.9127621808256985,0.8157462856237774,1.0733124149474598,0.9921223431833659,0.6714473083695385,0.8773290313510439
196,crisp-sweep-9,run_42f8958827aa9b85d096c49cee0f19e6,0.2951499819755555,0.2632392247509757,0.4745489673188387,0.4745183389805357,0.15782321177407882,0.31812597512450896,0.20368866007385525,0.4653405534844487,0.34243316103183047,0.1578232117740784,0.247235370043059,0.36900340933890696,0.26648663136508,0.23178005512456226,0.45923804558320747,0.2963156215922913,0.7931914989541814,0.6820183856415761,0.5246162329742117,,0.7419818154348907,0.9732306634715548,0.720873959759761,0.6126102927099308,0.883493011072135,0.7976164526185109,0.6081708552096498,0.7942118255730185
197,frosty-sweep-10,run_875d89658f52b4b7ce59da9d103de04c,0.26005119085311895,0.30030521009781586,0.5820620969278076,0.46691563821630844,0.1780086817110315,0.38265061662548927,0.2012234030285246,0.569522980217149,0.1765043405139366,0.17800868171103154,0.3100236222292911,0.4238083671317116,0.3525135618162148,0.1325764879907204,0.5648054282692728,0.3756844182663082,0.7564638365548202,0.6710240749228829,0.5257500094926196,,0.6947219608817676,1.0508714184184604,0.8043567101123932,0.629286155212446,0.9840963294241006,0.847028295646148,0.6264567628194245,0.8449283662922842
198,wild-sweep-11,run_c7ad5f68881890dab0c4d9b8b42ba23f,0.4189532995224,0.27037873216084135,0.6336063566355549,0.4536541933569114,0.1339665386923009,0.37782811021368423,0.22406675157538136,0.6295899208141719,0.31842307026438815,0.13396653869230046,0.3431864258682146,0.3673967667592352,0.35665715635327794,0.277689876448616,0.6073454677959212,0.3969615317069752,0.7750337345906883,0.6927769940943882,0.5289209109839559,,0.7001284190417518,0.9720465063232302,0.8248416824604561,0.7402584881167783,1.0097822438572537,0.9419548864537688,0.605732039798192,0.840361638179226
199,deft-sweep-12,run_4b20bdce25688642e1d7fbc135b4794e,0.5025526881217958,0.25168685597722323,0.5758687311219357,0.395236564192615,0.1687360045113423,0.3615476665973068,0.20288399197381995,0.564897004000109,0.22821952365641882,0.1687360045113425,0.3151243654963977,0.37162594831070317,0.27023010937328823,0.2530564335046664,0.5180166589638909,0.3159522932160945,0.7802254108062965,0.6466718239865445,0.5085627507096752,,0.6939339153760332,0.8574908543265186,0.7424170058871705,0.642148495525369,0.9090383526773231,0.8291697089940788,0.6439349656683487,0.830554005479552
200,lyric-sweep-13,run_45acb30a6c93c60fe9f9334f6ddd51f5,-0.044352263212203986,0.3463968038788077,0.6697760483278458,0.6642989637177553,0.12205951299797714,0.4011465909607303,0.2756833912916461,0.6648779558627448,0.4441619469245422,0.12205951299797704,0.3314901138219941,0.38741300940580414,0.44187784134791724,0.3291594036331131,0.675803839848295,0.40303542041672397,0.7201052418544527,0.6531257466546774,0.5267368859940453,,0.689600059985779,1.40732537736893,1.004929755678277,0.8457800325865377,1.2097828703444535,1.0812190541483018,0.6501082974011659,0.9361258344267112
201,fluent-sweep-14,run_7db5900b56456b32274bbacef32ae1e8,0.4476708173751832,0.259700222693178,0.40168712073797913,0.38600153340093507,0.2070865122012793,0.33662513842084235,0.18861779034039505,0.37866608615200414,0.16454381322187345,0.20708651220127905,0.2446857956497787,0.43850259900668115,0.23263983998425744,0.1793404207770648,0.4041507590128095,0.25459851181539267,0.78290131869166,0.6660461635463125,0.5438313594046884,,0.7210185913749669,0.7844853425868703,0.6146494386408624,0.45391556715336945,0.8101621710679517,0.6961380273424048,0.6055962606972825,0.8033154062873068
202,frosty-sweep-15,run_66ab9d9966a5ebe2779e6efd5a4e5394,0.20453095436096197,0.3104583789269213,0.5283409072355711,0.46776642841243554,0.18659203498913152,0.39425444880003374,0.21142269932833277,0.5110016599091132,0.11446590656147226,0.18659203498913104,0.3202785238617998,0.4605943749168433,0.3564389306423883,0.13342102182634705,0.5555008135705434,0.34782624818261443,0.75191258573022,0.6754050207318778,0.5269669806705971,,0.6788246776627707,1.0633534447107014,0.7709305746006994,0.5647341834758077,0.9753619889055949,0.8221446080427705,0.6250356014348538,0.8646771429896496
203,crisp-sweep-16,run_88f853839785a2b7f3e8ee12db7aab01,0.4444798827171327,0.2696355673550765,0.5869656317178698,0.3919224395914229,0.1645041621722638,0.36814722157778645,0.1986453899436988,0.5794225693216145,0.158538817302699,0.16450416217226344,0.31261146415567886,0.39932461227244626,0.3767535037547954,0.17336696144473174,0.5730301871091689,0.34802182434113976,0.7748668093946709,0.6933221741967932,0.5197496829119284,,0.7004192131466953,0.8981839745727048,0.7555363595857875,0.632712463427807,0.9498919109744949,0.8554440444912321,0.6126798588289898,0.8407354288320102
204,fine-sweep-17,run_44d2242235c0a8213636800da03c224f,-0.341097712516785,0.5102236413537901,1.1175868731121938,1.3702915935003586,0.0,0.5732787383194335,0.51022364135379,1.1175868731121938,1.3702915935003586,3.1808907468589196e-32,0.5732787383194335,1.0,1.0,1.0,1.0,1.0,,,,,,2.21928874747929,1.84038790323311,1.84038790323311,2.5272569387315498,2.5272569387315498,,
205,silvery-sweep-18,run_8e44eff42072ed93b79bb89f3857cd67,0.45213788747787487,0.2631290313487416,0.44446379493319543,0.49006999233299503,0.19251726998219726,0.34065917420258035,0.1861884102167221,0.423695882881167,0.2673855514060299,0.1925172699821969,0.22513905863463043,0.45814577540104473,0.23247804306741812,0.17648862922878816,0.4583753810186346,0.270401388726673,0.787270898599832,0.6691143931152244,0.5273163923021263,,0.7296026436190417,0.8589933391644461,0.7120067060991816,0.5344898112875386,0.895569862045136,0.7620834512332137,0.6149542653013365,0.8205245740900415
206,scarlet-sweep-19,run_fe1dfe97e722605c49b68b166a379d97,1.2332481145858767,0.1633553122189107,0.5310947236659503,0.49169737590581936,0.15349383132956734,0.3793946873502683,0.12313215776620007,0.5156167514762308,0.37527761976603297,0.1534938313295672,0.28003303763691595,0.6584364098548822,0.21052602089763028,0.4912005022933095,0.41138451782357705,0.17818615778278332,0.8607365196793357,0.621294533393249,0.36680108459155336,,0.6754140400259582,0.7604160689624774,0.7419655470496044,0.6495040065898907,1.1267876986191294,1.0681727853334855,0.7508348778947966,1.1326476321495884
207,fanciful-sweep-20,run_4a77155bc8d0ad4375e322ef58ca562c,-0.07689848542213441,0.3293860177385751,0.38236686712563606,0.31636039868424315,0.2841760407069956,0.35323404502972505,0.18985041886306034,0.3562110533619961,-0.0635817277966014,0.2841760407069952,0.24320532046268617,0.4505345482813519,0.43767054423083956,0.36496844704104553,0.40402365486946373,0.379847705861426,0.7586352703791428,0.696696929368996,0.5420770807603273,,0.7409393952026893,1.1857481481476637,0.5956370300886304,0.40862223653313756,0.9394265928909813,0.8334932417286279,0.5999525692287092,0.9421687413314468
208,swept-sweep-21,run_9bc9096eb268fbb326ad9768d30c23a8,0.6805998086929322,0.2395732696432552,0.6252415031701543,0.5118888036999482,0.10482559531030233,0.37979729368816906,0.18588089374537112,0.6159351274864623,0.34086018845992117,0.10482559531030212,0.32559611648318204,0.45125780868947213,0.36907216268326454,0.21070097585373895,0.6012349237804256,0.3650488483566237,0.797043672564381,0.6488138544691142,0.49608399640895756,,0.6838787785692297,0.8688921491455828,0.8428240837608985,0.728088906664753,1.046229042114604,0.9562197594721203,0.6468804513464309,0.895933641923779
209,jolly-sweep-22,run_4d0ea673376750259549676f765bf1b7,-0.34045949578285195,0.5101339490496459,1.1175868731121938,1.3701184675883558,2.8687678068500008e-05,0.5732508349098759,0.5101339490496459,1.1175868731121938,1.3701184675883562,2.8687678068499845e-05,0.5732508349098759,0.9998568155784651,1.0,0.9998307952622673,0.9996442547136252,0.9999243284146805,0.5016713328758394,,0.4943546296631734,,0.5031714284166984,2.2187962263384557,1.840234137318494,1.8402341373184943,2.527021359420183,2.527021359420183,,
210,glorious-sweep-23,run_056ad3d4e3a2364368636488879fe88d,0.49872368574142467,0.2655045960899281,0.5136575144901904,0.5318329087626446,0.15079800923907166,0.3362472465314069,0.2142569761392845,0.49925712264279304,0.3801548240298767,0.1507980092390715,0.257133905273505,0.39528735016405375,0.2735678395997012,0.22116698059998505,0.5276930027452978,0.260123781737184,0.7767475023433252,0.6698848406595383,0.5373694868173507,,0.7219448748668654,0.8932906740092149,0.7856099385700587,0.6630847732885271,0.9472007500792705,0.848344094066658,0.6106100947936935,0.8079919388426129
211,prime-sweep-24,run_072a5733c13b3a3be71316485b1db3fa,0.46745359897613536,0.25976172598744823,0.5618765136466296,0.5012539262483614,0.14011307863046668,0.3588513999937815,0.20131822060719126,0.548357778442951,0.340236935176712,0.14011307863046635,0.2708982585880717,0.41985015321430036,0.2764507496009831,0.20981089508242082,0.4105805717478533,0.22160690193964547,0.7826989504882325,0.6207423400958652,0.4997215018066182,,0.7014139574831295,0.9222615596513604,0.7965154546241191,0.6760077301227969,0.9649645844586062,0.8681625602328632,0.6643302600886863,0.85910096861417
212,winter-sweep-25,run_ba1328680ac1e610c32f3d7a2ff7bf4c,0.05966812372207643,0.31344385133628716,0.5458978475604779,0.3872925580590111,0.19739663419767947,0.4060711441274883,0.1946194868062618,0.5271871343437917,0.03720723171666699,0.1973966341976792,0.3333436974568831,0.41000083203262755,0.3722448122747862,0.19624173929700225,0.5583465606737542,0.390996805564267,0.7584432979634202,0.6424120641347703,0.5351717295092107,,0.6700005346013174,1.1542200929820168,0.739085268043938,0.5631939251753072,0.944152919931316,0.8138581572544566,0.6342586958194606,0.8645587290623196
213,sweepy-sweep-26,run_ea65777b8490d807e552f6553d694663,0.15411615371704104,0.3043593022451265,0.4212468366486163,0.5023668785398063,0.18168398309558081,0.34862599625137625,0.19974219869151746,0.3976380309668291,0.22432171740904652,0.1816839830955804,0.20202307691694432,0.4670773549173042,0.3608044754030579,0.22173269908161197,0.5247626011053558,0.3227327542011988,0.7677317874674171,0.68281908502148,0.5498864750684342,,0.738352451989119,1.0702059892575575,0.7228111530015532,0.4983303949295514,0.9591467446083902,0.8036415228819878,0.5976239960928706,0.8687122397522953
214,jumping-sweep-27,run_8d26ba4228150233ba90e77134aedf98,0.387045443058014,0.2713909738790384,0.5022884976461943,0.4396606732124749,0.1835404856905862,0.37785202742187646,0.19154432209275205,0.4757408364853466,0.1693764993940592,0.18354048569058604,0.30142219692313066,0.37431043620327803,0.28003896779854776,0.13194372612244468,0.511241627615513,0.28542999890036197,0.7721374106766565,0.645237282487696,0.5229430271129372,,0.6876093975190112,0.9062607413505585,0.7205888586013043,0.5400990366337779,0.8690152910851279,0.7263926227407421,0.6366799044496546,0.8008124460380598
215,upbeat-sweep-28,run_28d0983c8fac69c8e1a17e49bd7343aa,0.28047233819961553,0.2877944149883528,0.6581512422106724,0.4957089506096505,0.1389024586159753,0.38250711337633647,0.2214631121179427,0.6533511115948734,0.33022036455370607,0.13890245861597542,0.3396283425295002,0.37078812397312344,0.40833982022668147,0.21556321765688682,0.5837806531782664,0.40265088965285606,0.7657630218551004,0.6725817672909422,0.5134892920884662,,0.696212571054785,1.0938969226732018,0.8727634539991121,0.7648261725498178,1.0547079164893556,0.9672909679543487,0.6314763098908451,0.8657107325326492
216,fast-sweep-29,run_9ce4dc2704079a502fbf63f30b31a22d,0.4980856180191041,0.2552104822114534,0.46758279136847264,0.44840600499591926,0.17386208275821374,0.3466871079072682,0.1774395666067863,0.4455413752755178,0.23227066999727936,0.1738620827582136,0.23908837169254898,0.44120884608000877,0.21655893415904015,0.1543600549117261,0.46569294784675047,0.2008749157067403,0.7913544862569144,0.6492303189310429,0.5182831329757905,,0.715645655625887,0.8195240441497721,0.696300224278964,0.5328616903296661,0.8661547475518674,0.741169093659937,0.6313663433680591,0.8148702374695357
217,glowing-sweep-30,run_52e4f3356b881561cb0a99153c29c553,0.4795786738395692,0.25668912391119947,0.4509401616370514,0.46499641382039436,0.1845125881531365,0.3389881585902241,0.18731340797441443,0.43144575362594884,0.26029233546855296,0.18451258815313643,0.2300548421583846,0.44402840969719487,0.20597751736923064,0.16900403324500624,0.44374986439903275,0.2499654022852603,0.7908531695483774,0.6724624212176062,0.5302256773211136,,0.7222038561612747,0.8309073660557229,0.696748161517041,0.5375721821602436,0.8681061744454232,0.7464142151415774,0.609681208871488,0.7999134365566626
218,fragrant-sweep-31,run_47306595b1e6fee071ae5e2a7b9bed0e,0.6046587228775026,0.2489807110293345,0.4830117826335411,0.3370019538495782,0.20342842342357115,0.35319816921743696,0.1583863585693306,0.4647908786633651,0.03250315336482563,0.2034284234235707,0.2753763572019096,0.5209179983782756,0.38253219307437175,0.10956528216752333,0.5199583597256585,0.29788748571611373,0.7973725660115232,0.6778056366351811,0.5344945409550304,,0.7101460770533119,0.7093415428819263,0.6394232506923231,0.4921110184177681,0.9157254415790269,0.8196732551921768,0.6013006046807897,0.8895242593761286
219,sweet-sweep-32,run_b338167c84eaa6501384ce06e541aaec,0.655711591243744,0.24472929581290698,0.6376064654820544,0.479875349343358,0.12005875236468433,0.36780440826036587,0.19777153063760938,0.6309450597295163,0.3306556525610265,0.12005875236468407,0.32382066239505336,0.4350262601619865,0.35169997685895416,0.2360048526641764,0.6155942899373583,0.3370237251443033,0.7899724274182099,0.65869634239444,0.49124864206036756,,0.6968568560009518,0.8691126878235312,0.8346944255001404,0.7392823596558923,1.0321597721259836,0.9566490571429718,0.6476323896663542,0.887731222487474
220,spring-sweep-33,run_2d095052e0994a9ffe749128a650b206,0.41959166526794445,0.269958459649995,0.6639418759694145,0.4775257833947517,0.12804704123484886,0.37525302413166584,0.2239232438887506,0.6592397072029172,0.3436450424158491,0.1280470412348484,0.33676545270890273,0.385471887204521,0.3811011818405916,0.2513452308740116,0.635011116935947,0.3895863028779858,0.7741722102441911,0.6808354888217366,0.5199286006689703,,0.699651528005976,1.0028576785860466,0.8612358901074401,0.776421616058981,1.0482024471053173,0.9797099762644355,0.6191386955095818,0.8604265430504381
221,restful-sweep-34,run_cf162d2676b28d71f49473e34366180d,0.44001281261444103,0.2764598703818073,0.6382649868023622,0.4883783048499988,0.14780383529666338,0.3920444987630816,0.22106077806792515,0.6256279082424014,0.30350456310439505,0.14780383529666355,0.3482329567967524,0.38734669221676327,0.3491620395695844,0.20673009183879784,0.5952550953876604,0.3662930578476584,0.7622912411802708,0.6424199557670025,0.5018001613325817,,0.678442793600698,0.9795311184755525,0.8498974184909045,0.7296527715269427,1.0183391098631347,0.9203706251919856,0.6577020764005008,0.8644425614353264
222,worldly-sweep-35,run_9a5abadf9e96beb5eb9143e82e7f3a9e,0.5178683996200563,0.2565225524892177,0.4884704345696482,0.522766057428338,0.1586723670449069,0.3338244333415449,0.18737747390594592,0.4690739884078478,0.3318774268543021,0.15867236704490653,0.23057384557615368,0.44508016621531804,0.19893896478038506,0.20660047462461026,0.5291475632284631,0.23729608924697265,0.7919266257306363,0.654056281339163,0.5267196683565645,,0.7338444855217621,0.8627505991494617,0.7600602187875727,0.6043867559631431,0.9263089972383263,0.8035173756459237,0.6220657986750656,0.8168982066711298
223,super-sweep-36,run_f578a732da841e8ae7c7c6c84b422aed,0.34939378499984747,0.2851241469621216,0.652289858227435,0.4966834021714936,0.14758334999950823,0.3953658017406944,0.22668064158186502,0.6423957114479306,0.340805777459007,0.14758334999950826,0.35245833024402734,0.34206134863731963,0.35384922929883683,0.23231895625152976,0.5745291827958431,0.38960457678271726,0.7566555891971225,0.6675043045248584,0.51475613176569,,0.6758736041912435,1.0466445949489451,0.8680277877579118,0.7617118492606617,1.0245289556965471,0.9361582569442305,0.6365779617906153,0.8375075176846217
224,smart-sweep-37,run_744746f53d90a8a72ad30b95e981739c,0.44256538152694713,0.27342058258995494,0.5528640235108436,0.5695694111245764,0.13265182338881806,0.3421739307214147,0.2245254636451464,0.5427739530327353,0.4319194717186456,0.13265182338881776,0.2712833256399649,0.3746774739235814,0.2598460044747262,0.2533077929955623,0.543990219357097,0.26688526628882214,0.7709345454141985,0.6560101737692713,0.5276300068302455,,0.7147970034765336,0.9699491205489046,0.839539610480188,0.7290882511504103,0.988379861725614,0.8964584047601327,0.627641134313264,0.816089080297953
225,curious-sweep-38,run_625121b3fc3cf22e720966ea9321c2ed,-0.341097712516785,0.5102236413537901,1.1175868731121938,1.3702915935003586,0.0,0.5732787383194335,0.51022364135379,1.1175868731121938,1.3702915935003586,3.1808907468589196e-32,0.5732787383194335,1.0,1.0,1.0,1.0,1.0,,,,,,2.21928874747929,1.84038790323311,1.84038790323311,2.5272569387315498,2.5272569387315498,,
226,vivid-sweep-39,run_f021d872e2b1b36039f6498999759da7,-0.341097712516785,0.5102236413537901,1.1175868731121938,1.3702915935003586,0.0,0.5732787383194335,0.51022364135379,1.1175868731121938,1.3702915935003586,3.1808907468589196e-32,0.5732787383194335,1.0,1.0,1.0,1.0,1.0,,,,,,2.21928874747929,1.84038790323311,1.84038790323311,2.5272569387315498,2.5272569387315498,,
227,gallant-sweep-40,run_55d62acd3133c8fa4f05b5acb2b63851,0.6691130995750428,0.24192577064909035,0.6365397697896542,0.5058096109613436,0.09361854896085035,0.37269228837456253,0.18814113980980102,0.627527279653868,0.32730195632280534,0.09361854896085012,0.3201557488597471,0.45857324604135,0.3520844485472048,0.18349838776617813,0.6141311116703747,0.3154880247448539,0.7956826642025718,0.640457640437699,0.5161934400376813,,0.686150567001326,0.8777883468909616,0.8482654770582663,0.7323347225220518,1.0428225442400851,0.9509146570633598,0.6364629364617853,0.8792096500244041
228,denim-sweep-41,run_3a32a2254122011b780a8f5d9b59ad6f,0.13560950756073,0.30785730210674406,0.5458162126860596,0.4052580812702494,0.15184797825637933,0.39183801353235637,0.21717069470533523,0.5304362023456423,0.1352311230925237,0.15184797825637925,0.32212413509395865,0.31670867693844135,0.282029096734492,0.09440475050282544,0.5050724297670884,0.3121540446929391,0.740128692181887,0.6425454198570596,0.5156081161764788,,0.6667421727802254,1.0996910356482867,0.74627445951623,0.5889084241633247,0.8635291676004426,0.7318266095332983,0.6556999089571096,0.7865744878756455
229,lunar-sweep-42,run_654aa784c3bedbc5ce5ccee13f599eda,0.581684708595276,0.2512025175348454,0.5203679011673786,0.35067890089778136,0.23052844342298098,0.39545030920963986,0.1755073381117975,0.5009714550055786,0.11431256646798421,0.23052844342298062,0.2900041217322118,0.4783758293838227,0.24546175876451093,0.23313709840479305,0.3539893984446845,0.21613976449321534,0.7844912236269928,0.6327281357446859,0.4877755853404321,,0.6656574041098096,0.7541525887532562,0.6759150456352211,0.5429940951004832,0.8945998908579725,0.7989307874409559,0.6661129828645451,0.8872171784561743
230,misty-sweep-43,run_0fc0d36497ddaaec16b6da0a51641f6a,0.6442245841026307,0.2413107377063884,0.5769735230890636,0.46121237602948084,0.17563416161490322,0.40735868716849755,0.17728580837111066,0.5627690549402707,0.28025622634976394,0.17563416161490317,0.31949164771227934,0.4621411401443633,0.2618187324683863,0.27869595292064403,0.3774436932635507,0.24198760397652105,0.7920462905807426,0.6219986078591051,0.4704235025396839,,0.6511767220469284,0.8198728247146088,0.7770753980669873,0.653209629028824,0.9816522248437055,0.886835799748524,0.683067393735069,0.9090522430771787
231,fiery-sweep-44,run_1f40783386bd8cbed6803eac9e88eb02,0.9894701838493349,0.19182621219149049,0.5855397425780295,0.5560705364430044,0.13595254566258702,0.37179300134653887,0.14855864467240518,0.5724128547715585,0.4438354809190509,0.1359525456625868,0.2912159269472792,0.5691873039117228,0.25224690800403704,0.40588321680554235,0.42974447957144246,0.2396569542115304,0.841990828772212,0.625429575029404,0.40552892088121417,,0.6766145435418056,0.8075779273026985,0.8299810403389287,0.7394025164531647,1.114097124373992,1.0483606042548435,0.7201845356319442,1.0348959564032063
232,solar-sweep-45,run_2906f92f4bfabc012f13ee6647c784ed,-0.1821953058242801,0.41584939893343037,0.8592179379030724,0.9429475923132091,0.09927166083623765,0.5276534747318682,0.3359104922057387,0.8504013714658902,0.6657383820146912,0.0992716608362376,0.4724764754326426,0.6794874705994361,0.6764078880488315,0.5456652725898966,0.7910360471151202,0.6743837761403707,0.6707784567516596,0.5979032165735219,0.5289438994847244,,0.5687210243179742,1.7392502315011056,1.3417661306118074,1.13102871079938,1.737042829835778,1.5799390456848055,0.7014003832429779,1.3072658264638843
233,zesty-sweep-46,run_6bf82a0714bc3628199afd8f3f6cece2,-0.341097712516785,0.5102236413537901,1.1175868731121938,1.3702915935003586,0.0,0.5732787383194335,0.51022364135379,1.1175868731121938,1.3702915935003586,3.1808907468589196e-32,0.5732787383194335,1.0,1.0,1.0,1.0,1.0,,,,,,2.21928874747929,1.84038790323311,1.84038790323311,2.5272569387315498,2.5272569387315498,,
234,azure-sweep-47,run_4cb1701b21c3e47418644d2e15b9955a,0.37492036819458013,0.2757833341448352,0.65048844866527,0.4816560730096703,0.13254608880393695,0.3792663316663038,0.23892748505341807,0.6465699746931888,0.35406227586377387,0.13254608880393667,0.35047957988626605,0.38110438617789627,0.35950526379599346,0.2541993636199172,0.6197696986144773,0.41187605191510296,0.7658096775165435,0.6790976631490954,0.5188171837514703,,0.6956799558703401,1.0226692234598858,0.8550931188508585,0.7749188154113547,1.0345463480346915,0.9693302196900527,0.6239874354457332,0.8534999847217174
235,sweet-sweep-48,run_99827edb0edc2793a71376e1fa795d85,0.3002551198005677,0.2812058745896577,0.5122914909249232,0.40532238518042224,0.19509752171247408,0.38639126798673706,0.19038088477614054,0.4895643418868538,0.12307273761531459,0.19509752171247366,0.29437698463000483,0.3414501440792928,0.2845671550064952,0.09791931381625855,0.5045643149416499,0.2699729530585424,0.7616994025390743,0.64006589156024,0.5201992791813825,,0.6748540657472539,0.9572730566394028,0.7112000783929664,0.5395044252639476,0.8443698301838294,0.7058469263926066,0.6454056622517531,0.7897489015409463
236,summer-sweep-49,run_0d1f9a0c6c3863c7c029706822815f87,0.4808551073074342,0.26635282902340457,0.48160222046858425,0.41558133208023157,0.1783275247615644,0.3571851678230637,0.16025964640731058,0.4597567280742333,0.04212400761754014,0.1783275247615642,0.2670507770302322,0.4979778786175751,0.4316079959532086,0.13363130394066122,0.5770765442805027,0.3669588538372312,0.7907071654399824,0.6704995242295165,0.5424940474841929,,0.7175665111465399,0.8210724462205672,0.6896320554198605,0.48870628734842697,0.9631807343477693,0.8312391896740492,0.6014031515701741,0.9021144638429341
237,stoic-sweep-50,run_5b0ea95e041ac389391091c6b88fa8a8,0.4470324516296388,0.2618938401888151,0.4695365860295518,0.42787327183241397,0.18639777842621036,0.32830035548943776,0.19533189996489192,0.45239326240169814,0.225241757969975,0.1863977784262098,0.22817813855557592,0.42460825733754337,0.2385346584780228,0.13476274090391507,0.4619868242268012,0.23447870853496902,0.7830934360564967,0.6598121046233762,0.5348795116331797,,0.7287614453977558,0.8422073687160362,0.6871160934643477,0.5418007609294685,0.8529246612263561,0.7408778687301566,0.6157217962206171,0.7965332900585708
238,pious-sweep-51,run_ce6ed88217cdf5b2291d0d33c94d91a2,0.35194635391235357,0.2908900807999529,0.6820593757653268,0.5455840526302771,0.10611572117544076,0.37673748552012354,0.2483144253414073,0.67882663473836,0.4201518561570994,0.1061157211754409,0.34413354731262263,0.34151195631444314,0.383442030332038,0.23073119858676785,0.6733277916790725,0.41173795001392505,0.7542675096282345,0.6740247346224268,0.526504659332631,,0.7010133761958882,1.0875846995803853,0.9205889363128732,0.8360581535366401,1.0790639844762808,1.00791285785392,0.6251737103365727,0.8412712172826056
239,absurd-sweep-52,run_3b04a50e69b760109ce5a4a99cfec242,-0.341097712516785,0.5102236413537901,1.1175868731121938,1.3702915935003586,0.0,0.5732787383194335,0.51022364135379,1.1175868731121938,1.3702915935003586,3.1808907468589196e-32,0.5732787383194335,1.0,1.0,1.0,1.0,1.0,,,,,,2.21928874747929,1.84038790323311,1.84038790323311,2.5272569387315498,2.5272569387315498,,
240,light-sweep-53,run_7f7bdec4add490ca0bcad4bf87f2386c,0.4151242971420289,0.27026597612134595,0.4901793246074723,0.31763658397843336,0.21716080509099733,0.3606109092764486,0.17445921947194298,0.46901956515823573,-0.013019068582593241,0.2171608050909971,0.2852143021716026,0.4484194588925747,0.3843316614679182,0.10727324968872705,0.4584301380181553,0.3115699051592992,0.7779719592436518,0.6753756737482455,0.5288526439186626,,0.700074542373758,0.8265883845952178,0.6435934023923412,0.500584526235818,0.88006298344035,0.7815902092053855,0.6137240709137476,0.8584611944857629
241,mild-sweep-54,run_82f12195f19b9d127837ed07c45ad32f,0.688895881175995,0.23322305450985714,0.5384745163133691,0.5046917122152696,0.11450563753856446,0.3929645140382053,0.18151415985218686,0.5214291545348174,0.37349689609972037,0.11450563753856445,0.3012372371797784,0.48470897480221503,0.208229203681792,0.3310474731028317,0.39950895300388495,0.19707808989193962,0.8002887836350482,0.6040981723368906,0.4473418869835704,,0.6620896281163842,0.8009084228842633,0.7739906473934973,0.6665850919589074,0.9934566639869817,0.9122665760562549,0.7085575608035241,0.9433707849723657
242,quiet-sweep-55,run_8fbf654b13b7293e92d37f28fb96377a,0.4655393958091737,0.2610942973633025,0.5714386786034997,0.4489402220958128,0.08896540757813703,0.39450318776523197,0.20099020303774995,0.556352553810988,0.25677045977295754,0.08896540757813684,0.3359251614610866,0.34710749103232885,0.23191376254089455,0.2189113431025124,0.5244313837586733,0.2724295847766647,0.7707574408937744,0.6290297108684356,0.48425439661785863,,0.6585953344574124,0.9020740678301171,0.7721785535322696,0.6448692075616421,0.9046819873639393,0.7987778631051057,0.6753996104025652,0.8236227373364067
243,splendid-sweep-56,run_a9f9d1b372171f603b4096da73325a8a,0.3455647826194764,0.2853496590411124,0.5582845791722225,0.44039769495214304,0.16401319305331977,0.3740069375848563,0.1907422166299782,0.5454515769136575,0.15232607028912046,0.16401319305331938,0.30005971329645303,0.4237797350522278,0.4359905015354954,0.12364439336376891,0.5722138342866826,0.40147194630308825,0.7677623596275452,0.6814632425940118,0.5242451874555464,,0.7017469521724113,0.9663939439010159,0.7661959468540313,0.5975811640708225,0.9859113277855921,0.8614337844156351,0.6178532423510418,0.8756183794120009
244,deft-sweep-57,run_97eed736a0a68865a02d58fb727428a7,0.5127632617950441,0.2695048728547523,0.6912133663501048,0.5923676205080007,0.09472261474251581,0.4035749848325037,0.2366621137144658,0.6814171814199026,0.480642049810798,0.09472261474251566,0.37415681875619333,0.3423695425299081,0.3799022985365846,0.2787319222296714,0.6601732814510708,0.40242663297358644,0.7620449786657477,0.6198085860360841,0.485125992412527,,0.6665451929336141,1.0325090579282876,0.9493725254818633,0.8668074245461727,1.1137963623100848,1.044312815110365,0.6828347875725512,0.8974951206968301
245,glad-sweep-58,run_5e197610517e3abd3a99fddc5e602e00,-0.35322278738021856,0.48313656550228967,1.0831097444828433,1.249795958746568,0.0435192076299388,0.553606834581413,0.4831365655022895,1.0831097444828435,1.2497959587465677,0.0435192076299385,0.5536068345814129,0.8404231077272128,0.9392807054698885,0.8826983366855027,0.8885791972447299,0.8942828171540608,0.5478344146960402,0.5157853083846253,0.48325280517549957,,0.5374660437467856,2.1368969487034306,1.7229444558714861,1.722944455871486,2.310033158912556,2.310033158912556,0.8402054793135041,1.7531859127672873
246,sleek-sweep-59,run_a4510b8ff412c3f5422689bd34d862d0,0.5172303318977357,0.2528887328527534,0.39645160412528224,0.46587193628966433,0.17599152811884244,0.328089086817074,0.17354948324419625,0.3742142643337234,0.24189152424999324,0.17599152811884244,0.20997156243945952,0.46760717005923097,0.22559720734877228,0.14956932605433707,0.4561272835702355,0.2549811879917487,0.7978199739654199,0.6797076331399067,0.5433481183100112,,0.739173809263455,0.7792798520912503,0.6619390052260569,0.47819164387214297,0.85444999583965,0.7215183968686166,0.5932915845073076,0.8024440497616689
247,magic-sweep-60,run_66aa2d4c7bb7b481255dbb9ca1a0b184,1.2721762061119082,0.15438095652998413,0.6234400936079896,0.5501100586154872,0.08475733502945816,0.41317535220082163,0.1210769226826709,0.6135459468284851,0.44506220166695515,0.08475733502945795,0.3476804692875143,0.6245123546786365,0.27966849909187536,0.5395426151177517,0.434255659118052,0.25612246508263237,0.8687873071176361,0.5908031203891521,0.32715638497555544,,0.6319778030372368,0.8748591395655335,0.8456548389543966,0.7675797114493095,1.2142769415193744,1.1612557846948557,0.7983591844125421,1.1818264557008864
248,prime-sweep-61,run_2486cc184b07e44e91619df430ea336f,0.25622218847274786,0.2874997117033081,0.5514871152956542,0.47047213909430396,0.16952778442603333,0.3508805917436203,0.2285949316160244,0.5390459604342972,0.3169341874211657,0.1695277844260332,0.2664002289674064,0.348754478914274,0.2848826908575856,0.21529100022347789,0.3975631569686297,0.24250442313879214,0.7572892864596674,0.6437193442537398,0.507130365656068,,0.7028636010396085,1.0385988180820163,0.7798321333662633,0.6657878561354085,0.9258921131108249,0.8321126836358369,0.6548013993453006,0.8233486026433852
249,golden-sweep-62,run_ca24218f06904cae5f09622064b712db,0.38194000720977794,0.2771005296971219,0.5363574519034533,0.346494200281948,0.1893263805330335,0.3617150870546516,0.18530686299884938,0.5210754034123379,0.06391314025672161,0.18932638053303327,0.2918864060169317,0.4435426714534816,0.37507401003078816,0.14403707605699748,0.5404738509771784,0.34857133729795525,0.7772815177096103,0.6768972484225371,0.5280012258404654,,0.705682300569958,0.888670749900795,0.6960763252688726,0.5567253353434533,0.9179757863252894,0.8173740836930155,0.6138255071588062,0.8572858606780366
250,trim-sweep-63,run_75c5872a96eed77ec5d0218ff8f96d31,0.8273771405220034,0.21455680469885166,0.5793354921222347,0.5350728365444068,0.09372182460189701,0.37638032187778786,0.16561555828334037,0.5608207026041523,0.40045507382583534,0.09372182460189676,0.28429428689647923,0.5067023775825922,0.23181948269551347,0.35667507369451634,0.41501273800589383,0.1971960439849365,0.818444860138952,0.5982993740103824,0.4298465520428663,,0.6844117991689155,0.807298708319634,0.8172925885402182,0.7087401778986238,1.0515093225848386,0.9695449035335232,0.7206945371985439,0.9783175845030484
251,misty-sweep-64,run_58d79ff33a4ee9bd6bcb63e4e96602d2,0.20708352327346807,0.29714035308016185,0.47433671664535104,0.3130116489006505,0.23162677166903275,0.3562515994632978,0.1808529994387824,0.45337288089471833,-0.04845546954220594,0.2316267716690323,0.25832498224147304,0.40254821552029246,0.4052815322497037,0.11694111887963055,0.43918120764587903,0.3449237139951767,0.7641728733846789,0.6775985493925785,0.5253239296210142,,0.7065360870501913,0.9755450538902922,0.6412986843382726,0.4905127002079929,0.8667395306665427,0.761955458377585,0.6203825439129024,0.8513800046265496
252,lively-sweep-65,run_33f7c24c9fd83102d9d6bfb7b7445dc3,-0.341097712516785,0.5102236413537901,1.1175868731121938,1.3702915935003586,0.0,0.5732787383194335,0.51022364135379,1.1175868731121938,1.3702915935003586,3.1808907468589196e-32,0.5732787383194335,1.0,1.0,1.0,1.0,1.0,,,,,,2.21928874747929,1.84038790323311,1.84038790323311,2.5272569387315498,2.5272569387315498,,
253,radiant-sweep-66,run_36d781e09dd22102be00524466fca135,0.42086780071258556,0.2824974437693319,0.655266809981224,0.4968120099918384,0.11487939700139996,0.3765947795112438,0.2339252171194418,0.6505646412147272,0.34928894714713166,0.11487939700139987,0.34046066137458597,0.3889151900087078,0.3804043188387241,0.22787493747938145,0.6788508257126186,0.4207042043913501,0.7671099487955222,0.6785753390324651,0.5268373606274677,,0.7077693909351188,1.005778737986928,0.8694835083377412,0.7745696406407732,1.0506621860584884,0.9735746433346913,0.6176038146952301,0.8540046427672364
254,absurd-sweep-67,run_e9ebd2152c4ea2c3cdb511eea675443f,0.1432675123214722,0.3005537859121579,0.5807777082369591,0.6399624069448224,0.15088571156916686,0.36603931829578734,0.22610404819808136,0.5685324770742063,0.441367200059357,0.15088571156916672,0.2458983981051194,0.4406009529728278,0.2961491888279553,0.2833383349828134,0.517482017665182,0.2940598676913145,0.7663438712960995,0.6664528609105199,0.5250818348205402,,0.7127273880229429,1.2168998250190621,0.9149793478072148,0.7544250946170399,1.0951261848702958,0.965024029370659,0.6256166111070705,0.8680497093876296
255,solar-sweep-68,run_4b4f00713c470e00fb2bb2050cb4e569,0.475749969482422,0.25902112381894454,0.4981795423004705,0.3122795736156111,0.2143953129251924,0.34976206364050194,0.1764068237904992,0.4790769816865765,0.04590309895382462,0.21439531292519248,0.28755340513279243,0.4761218030048238,0.31605347579331616,0.2140767699986165,0.4534595762124374,0.2894959194205646,0.7878154826603949,0.6665191724055393,0.5312007858265139,,0.7051162015693455,0.7877432849361115,0.642489946262728,0.5125828873024705,0.8861173541689182,0.7969641464118561,0.613192004988165,0.8651098596664165
256,dashing-sweep-69,run_ed575dd8df97499029160784394d382a,0.41321009397506725,0.27451995397503476,0.43696427113662967,0.47313827813914383,0.1889395067030809,0.34769322513188344,0.18863060352670113,0.41384527470135246,0.21138179210051186,0.18893950670308088,0.21367554074814635,0.4483071606152909,0.2340571848984395,0.1485004629186221,0.4702468818655727,0.23773997276918882,0.7785602825465059,0.6667295604954389,0.5346921569756375,,0.7258913075025454,0.8712749269336225,0.7001134262538428,0.501529339132926,0.8763408430339571,0.7275617785175916,0.6136905760181033,0.8089688415767341
257,ethereal-sweep-70,run_5303e0096d5d6ebade7cb0dfb26495e0,-0.341097712516785,0.5102236413537901,1.1175868731121938,1.3702915935003586,0.0,0.5732787383194335,0.51022364135379,1.1175868731121938,1.3702915935003586,3.1808907468589196e-32,0.5732787383194335,1.0,1.0,1.0,1.0,1.0,,,,,,2.21928874747929,1.84038790323311,1.84038790323311,2.5272569387315498,2.5272569387315498,,
258,elated-sweep-71,run_166ec90b35da4a2c4d286585c74ab95a,1.3525846600532534,0.14311304049223134,0.5956298130561376,0.5573318823733088,0.0769042880701881,0.41874008930685536,0.10777939793400153,0.5805436882636261,0.45042415848440626,0.07690428807018808,0.3515518680535458,0.6636142220962501,0.2900009609188888,0.5560323085272803,0.41589329966094396,0.23627304808432212,0.879140906162625,0.58377437182678,0.3098980945212269,,0.6225294642458743,0.8886560886056728,0.8281757323599842,0.7426501835643318,1.2326927293119168,1.1769390877936725,0.8149179922279398,1.2238250100750856
259,vague-sweep-72,run_8403a4ea33180d4737add1cf5f7c3043,0.8784300088882449,0.21660947714511958,0.6606655963427579,0.6031756238715902,0.12460779845840617,0.4195118178911879,0.17209646791706285,0.6504775640153473,0.46569881037766203,0.12460779845840605,0.3531846161327946,0.5076388771497146,0.3834453025921247,0.3939756728282731,0.39662265586973183,0.33145734898922896,0.8120421620790724,0.5949711491967786,0.40888641686291216,,0.6425498797311172,0.9028173271280997,0.9204452884408155,0.8182992347204282,1.1862393896120529,1.1088543628440652,0.740804823815325,1.0529654065743728
260,usual-sweep-73,run_1bec2484add6daac6591dbd2579f72a4,0.12603700160980227,0.3072627702621321,0.441748074777545,0.44864838127272266,0.21895665373808645,0.34674769816802153,0.2130243476166192,0.41608207026041516,0.19481611554918,0.21895665373808632,0.21325459788396475,0.40045590014471594,0.23669348207982988,0.13365875980376507,0.44093711954766973,0.22791485300621614,0.7573055655614422,0.6676451319444519,0.539244167777966,,0.7264287511022939,1.077143469619292,0.7005977030917684,0.5064158180264028,0.8515224824216514,0.7005072285418764,0.617783363125207,0.7847991336936868
261,clean-sweep-74,run_e535acbeba13563954ca9dfcee478bac,0.28940647840499883,0.2802833251756048,0.35856213774524476,0.48792323102416335,0.1863994177221,0.32262480198544713,0.1814782829305292,0.3324063239816052,0.1898647144659067,0.18639941772210009,0.21446321413793987,0.44475590960490347,0.304598646617492,0.16900020219434064,0.48495422241794034,0.2777808113145461,0.7841047593873903,0.7027410421386341,0.5626392334616434,,0.7511176553307366,0.9335839752964296,0.6672290673891483,0.42364718953109715,0.8742676085503875,0.7061346643445697,0.57119005861011,0.8033724578590192
262,sparkling-sweep-75,run_2a79304d340c52c0040357564455830e,0.32961070537567144,0.281457013041261,0.4700155106261397,0.35012489797937324,0.21930828270641198,0.3640916603086755,0.17785471384311005,0.45022721706713115,0.019592906784062523,0.21930828270641176,0.28088847644992077,0.4464817525469747,0.38229258174526953,0.07535761793783051,0.48666802217453736,0.3411069922139669,0.7780437277044983,0.6794905871779683,0.5342793259508668,,0.7058765764748752,0.890462705991173,0.6501692661179287,0.4844798532658269,0.8797115542042582,0.7654365239630407,0.607360368114036,0.8485628796687744
263,legendary-sweep-76,run_8862d73a32e1b87d50b4db46c04927b4,0.4189532995224,0.26519195434405457,0.5875098642139924,0.44715455197487186,0.1202513696317158,0.4063916347172627,0.20361178095601737,0.5730115105172928,0.2642791778992406,0.12025136963171575,0.3375244254488661,0.36794593341198273,0.28083033373912053,0.22667688280177503,0.4231009123664444,0.2518782708189744,0.7728275589312699,0.6250048894237646,0.4814601537651609,,0.6481661434644498,0.9395372808124742,0.7845009920640071,0.663056130655987,0.9386554756717621,0.8398069586873284,0.6790524450073494,0.8524931193444496
264,avid-sweep-77,run_661b1b7774b1255791cdfac77a7cf520,0.4604339599609376,0.2814160108450809,0.5925603417780076,0.4927855959241213,0.16635656652754507,0.39579870320897187,0.22085064181250216,0.5832539660943159,0.29321593747681396,0.16635656652754516,0.33429321062211054,0.4050125437057031,0.38433166753389986,0.19962881375772853,0.5521139213114536,0.35763039406789243,0.7526289921500177,0.6583706746742577,0.48979249265146113,,0.6697704422401162,0.9407958937845103,0.8204635112900021,0.6891558466298827,1.012303327994623,0.9091388427819046,0.6619778787860265,0.8887138833802009
265,fearless-sweep-78,run_3f1e5a466b4a26863953da7dee936f96,0.5625399947166444,0.24617206059099533,0.6240605186535689,0.4758192565478693,0.1649271005117882,0.39824782532784514,0.1951089505231622,0.615048028517783,0.33515197981846545,0.16492710051178783,0.3300694316553819,0.41251632955538,0.3298946867406444,0.3394725920250295,0.42596306356907937,0.28333197406538696,0.7871705368380497,0.6223563916067342,0.4455349691541979,,0.6592449290553227,0.8984579856990765,0.822469561296675,0.7271027640809092,1.0347454017705457,0.960687408452844,0.7038057585590832,0.9431778268209392
266,northern-sweep-79,run_0e556845137cd6f6376511fa213cbcd4,0.9352266788482668,0.20928033457792086,0.6389398350975537,0.48787871293250573,0.1598846263552879,0.40938288022182406,0.17021036689277655,0.630417154208278,0.3518165854623697,0.15988462635528777,0.3435005385358044,0.5375318894284323,0.3410201880451608,0.40965105513520417,0.3811688662855934,0.30853123662646603,0.8143452020187709,0.6244226007304929,0.40244510705797243,,0.6510240450479325,0.8065143114292473,0.8307033224010928,0.741735982088127,1.1238849129819553,1.0598214731286026,0.729793078162883,1.0514976104179692
267,driven-sweep-80,run_05ffe4019714a13faf19c345288d4ffa,0.3289726376533509,0.2725826002055235,0.3989169773327166,0.3575495263769692,0.21710916727047405,0.34625022023762536,0.18563231793102897,0.3717815450760565,0.11758711943214706,0.21710916727047377,0.24777669618847367,0.39064359735720816,0.32071108341518695,0.1397503431982888,0.38057750481438984,0.2772200916630992,0.7771991967825458,0.6593720992234648,0.5469861025463975,,0.7143042088526297,0.8586350444947884,0.6010638007328926,0.4318652629882802,0.7976627546507568,0.6793348091931544,0.6090066961765486,0.8036649386363934
268,stellar-sweep-81,run_df53c7efc9fbc6982bb1cd12669edd70,1.3104659318923952,0.14777191503319895,0.47850009524068693,0.4599658694630623,0.15630522378028192,0.3651711236384133,0.10238248386179165,0.45469536586029574,0.3124477530729852,0.1563052237802816,0.26052377091460177,0.7021901958861617,0.15461084227354557,0.45390373421021835,0.41855694070373745,0.1881499133242576,0.8797641648361059,0.6044738973626763,0.3882931362735438,,0.699499996205343,0.7327482767513485,0.6799760886155014,0.5611182113751926,1.0887477507512924,1.0187530764685118,0.7382972579219613,1.1260937015773815
269,treasured-sweep-82,run_a071eaf7884ff4cf13224324331cae9b,0.48915117979049694,0.2562791019493981,0.543530436202346,0.3930452847921253,0.1761169342543991,0.3668684481797809,0.20217157881519002,0.526974883670304,0.18759923824598737,0.17611693425439867,0.31566648888208576,0.3795158137366677,0.24043753332330162,0.22781427917717534,0.4923237260421933,0.3234891290538509,0.7752606353210345,0.655793737353402,0.5075134608121634,,0.6935873233664718,0.8431348931725436,0.718045199880638,0.5947851288410225,0.8771149954113429,0.7794300196901878,0.6415050464046689,0.8156411776427617
270,distinctive-sweep-83,run_6148cc7a5e9d9635da8c7213ea9552c0,0.7093170285224916,0.23482470279814358,0.5874119023646901,0.3882323844384537,0.1384532915422168,0.3664857728487068,0.17402869641205132,0.5787912596261123,0.19297603442732442,0.13845329154221636,0.30541079000930355,0.4958604804838709,0.35545104239917613,0.2055492768891868,0.5772863314565998,0.3309936593775275,0.8032592625432746,0.6649503411254649,0.5206035844835523,,0.6954051143901134,0.7617569935835611,0.742239697409609,0.6344486261768999,0.9825443161958304,0.9038797619903763,0.6170786942497506,0.8917733343036227
271,deft-sweep-84,run_2d249feb9fa330b879c3202ec693ea26,0.45851945877075206,0.25970534796770045,0.624626520449536,0.4650706106398238,0.14403181545462596,0.37103402860657547,0.2134856223236455,0.6161038395602604,0.32240991269507535,0.14403181545462562,0.33042260909635207,0.33757871709463894,0.2997080662094076,0.22550436846193947,0.5596364890902051,0.3567003632261838,0.7771489876459428,0.6558671748617527,0.5011513314056516,,0.6965616474904853,0.9484988874319845,0.8209115851861378,0.7273982429617598,0.9636038429118476,0.8852935892942626,0.6457088888990252,0.8194977148137003
272,leafy-sweep-85,run_7e4066ed1a0f3bed8ed57e1d679a98d6,0.508934259414673,0.26623494770938666,0.6980217148765955,0.5155195013973731,0.09450376874125029,0.3895762428776548,0.22107615389149263,0.6926338131649842,0.37313580491182996,0.09450376874124994,0.353198169217437,0.3731757536782882,0.4187687769933655,0.21640839000095777,0.6583382907803516,0.3844795094884675,0.7691685562214281,0.6365976809575019,0.5064326262909302,,0.6783754853268149,0.9970658114371764,0.9076759984389139,0.817218816392599,1.0887312529374562,1.014547493637831,0.6549451529039925,0.8890518411730096
273,pretty-sweep-86,run_9c73836fe78dc3c6e285e63ea35b387e,0.7188895344734193,0.2291689623625465,0.5457454624615635,0.4160067271782952,0.19345166863928603,0.3983339272773368,0.15997775630857214,0.5270347492448774,0.20504043726658921,0.19345166863928567,0.3057886818987394,0.5026187943409454,0.2496720679784635,0.27542955655588547,0.32350883545145265,0.2636223472237267,0.8054038093086945,0.6231130306568002,0.4748716664861225,,0.6635023129728495,0.7415677991145201,0.7234764129985916,0.5877074870542401,0.9561596910261739,0.8580345709338113,0.6750342448730516,0.9200513389639139
274,polished-sweep-87,run_b2c313b7caa95652d47bb7e762f8e02c,0.15539258718490603,0.29719416846264823,0.3996081526027919,0.39989612445279843,0.21099049536243195,0.3376519838925575,0.19709755703789889,0.37541157582519274,0.12191526723221134,0.21099049536243158,0.21370503863824988,0.38111079394078057,0.2904737553215677,0.15064797965286414,0.42064347359260196,0.25859054612042454,0.7654996364896867,0.6845194405680923,0.5509623939635956,,0.7331700547742408,1.0163489891573616,0.6386923827220653,0.4411854832586446,0.8125535141204332,0.668550584623512,0.596785703163911,0.7800438635507105
275,dainty-sweep-88,run_181be64aa437d79ccfb5b10a722b9d56,0.48978954553604137,0.26359543133029056,0.5571580179052491,0.5569163801845025,0.14110813123547175,0.3439565599720009,0.21880565727801773,0.548341451468067,0.42890213439517244,0.14110813123547175,0.2781316195856426,0.3959304644650343,0.25124770299810867,0.23773499771201134,0.5377571221707562,0.2774398718666533,0.7776841008944041,0.6583617958896073,0.5173655629203686,,0.7121090673726179,0.9385603972458216,0.8307005855614387,0.7297337212598212,0.9830909077712858,0.8993973393523911,0.631725431938652,0.8218766887121998
276,pleasant-sweep-89,run_7410178237b0f242c57ed28507b506f3,0.4910656809806825,0.25585882943855176,0.4048382268905278,0.36839215492295885,0.21230684996180443,0.3389801861874934,0.18514541685138985,0.3781926038803779,0.16380184502757636,0.2123068499618047,0.23316089026226827,0.44627460768524746,0.22226321376703906,0.20802775383371105,0.38142872045041304,0.22314008761903636,0.786530784509766,0.6524161995518638,0.52120224947167,,0.7233516900636817,0.7474094666488406,0.604210650652828,0.4518180114220033,0.8104986233091866,0.7042563620366568,0.6289919635472099,0.8291371407859787
277,driven-sweep-90,run_65d60bfabcd55624bc0d8f7752a7e624,0.4719209671020509,0.26289839399522835,0.686222754360663,0.5367991492098038,0.10969020586277783,0.3945310911747893,0.22802602614402512,0.6810307763476559,0.4212202903568867,0.10969020586277758,0.36034861722660855,0.3767366996419619,0.37058318994363776,0.29655865232151024,0.579759901652683,0.3803206257872498,0.7697545648750281,0.6263594140742776,0.47657121151123394,,0.6664228766090744,1.0187847958136875,0.9100387688225016,0.8326015373154595,1.0933343663091566,1.0297741479240663,0.6830797497112779,0.9131305603572211
278,dauntless-sweep-91,run_37fa79a9793b2b0cdfa523df91fae1f8,-0.341097712516785,0.5102236413537901,1.1175868731121938,1.3702915935003586,0.0,0.5732787383194335,0.51022364135379,1.1175868731121938,1.3702915935003586,3.1808907468589196e-32,0.5732787383194335,1.0,1.0,1.0,1.0,1.0,,,,,,2.21928874747929,1.84038790323311,1.84038790323311,2.5272569387315498,2.5272569387315498,,
279,skilled-sweep-92,run_d6a5a6ee1a24b429f9c793d6ec0fae6b,0.35067021846771246,0.2857391799048236,0.6259326784402295,0.5038409220191427,0.13368376015133981,0.3712724034482236,0.23407641271785615,0.6211325478244307,0.34217594539114116,0.13368376015133981,0.3245764461739242,0.34990478224775634,0.41069831769166054,0.18798412242335227,0.6275995357645323,0.38387957908692893,0.7590122683705018,0.6920829586023907,0.5165146096363176,,0.7022035620579565,1.0330907790824715,0.8528154967946706,0.7467809495173602,1.0265177868166868,0.9402798953715525,0.6218087438064139,0.8444469248875256
280,stellar-sweep-93,run_cadecc4ec58bbec2286b2e96f04b49d5,0.5306318402290345,0.2533166932753836,0.4625758524041471,0.44074889323077676,0.1750456543905262,0.3404614586148588,0.1787747006199018,0.44141609295491036,0.22517745405980225,0.17504565439052608,0.23547448153471912,0.4449067771870583,0.24939577094049978,0.134001000329896,0.46524461967490477,0.2227014798641159,0.7893257975633339,0.6569071576986453,0.5296852728002981,,0.7185036972795392,0.7928067075387042,0.687317505381285,0.5267954503582657,0.8663151344879912,0.7453925177767494,0.6191060172794944,0.8132581506945205
281,eternal-sweep-94,run_14b2e6801b195443f72daf8f1fa35f28,0.31812369823455816,0.2843732942445729,0.64408283218591,0.4944030865876883,0.1339280152388946,0.3820088382056673,0.2253301317451816,0.6380091975291843,0.3348502460861178,0.13392801523889486,0.34019199140256107,0.3485761403345702,0.3531243232639252,0.207554619076504,0.5986691019873099,0.39046752940564816,0.7644708294698142,0.6823918783599174,0.5151678698544148,,0.6953812591347683,1.0602982588184195,0.8603169632313237,0.7549530394058085,1.0146064805700339,0.9269493647978901,0.6256285667421881,0.8250406879148617
282,fresh-sweep-95,run_0553858b6ac9bbea9dcb5f8e935c0bf8,1.1668795347213747,0.16730177360124848,0.5326240169800538,0.5342368857121657,0.10153716775570559,0.3825565422732669,0.13164523874810022,0.5179297395847506,0.4342146266663369,0.10153716775570547,0.29681335090450905,0.6197955901370515,0.2290380649917628,0.46633634496482895,0.5062449494342903,0.22945462647079706,0.8597842971359093,0.5940474011623693,0.3759141627516476,,0.661296649652055,0.7726229174883598,0.772714227233798,0.6885666460426022,1.1185534731845361,1.0621669461275949,0.7575889968094008,1.1081586905720395
283,northern-sweep-96,run_dcad49d11a9ad0232db2a053e543af1d,0.5963623523712159,0.2441860167135202,0.5596560450624507,0.5114980337842849,0.12996583707366016,0.3336370818773733,0.20645374567875285,0.5499578219815506,0.40330917814656314,0.12996583707366005,0.26840050481254096,0.4225736468412477,0.3119367340089029,0.2655933339718417,0.5088429186792752,0.3459986460787749,0.7938325065932912,0.6483885057107712,0.49682772179890133,,0.7163926692523611,0.8589345015328187,0.7965374681071499,0.712555294865412,0.9903962692668423,0.9242012120311599,0.6475476969335877,0.8750604846998431
284,stilted-sweep-97,run_b48f47c23b6c995497e565b777c97bcb,-0.341097712516785,0.5102236413537901,1.1175868731121938,1.3702915935003586,0.0,0.5732787383194335,0.51022364135379,1.1175868731121938,1.3702915935003586,3.1808907468589196e-32,0.5732787383194335,1.0,1.0,1.0,1.0,1.0,,,,,,2.21928874747929,1.84038790323311,1.84038790323311,2.5272569387315498,2.5272569387315498,,
285,toasty-sweep-98,run_c26f28a4e949de6548b8c02ec1ab89e8,0.3589662909507752,0.2865028458086786,0.6846934610465593,0.5240224569040142,0.1219357461583101,0.3855725022262935,0.23848414880722035,0.679599444882854,0.3875596666089582,0.12193574615830995,0.34929488084048266,0.3590368472632264,0.4006611707659964,0.21163639072460053,0.6594309357850315,0.4285093687942186,0.762466051285771,0.6762846080794296,0.5184044308636077,,0.6988213730436199,1.0743969876526283,0.908564005228089,0.8178829927926332,1.0769008055189389,1.0015784458696515,0.6270154096749682,0.8528628947850295
286,clean-sweep-99,run_641b1c4786a4417e72c3cc953b2cb876,0.600191354751587,0.2498340692373335,0.5596941413371792,0.5798184651151286,0.12930028294247056,0.35237222829453557,0.19646458563436808,0.5464692916814062,0.4217446145475229,0.12930028294247028,0.2683797765654411,0.4594317940929333,0.24656237822120639,0.25463397503431984,0.5624136805504696,0.27640818569600795,0.7906221570752294,0.651218028341549,0.4958871022755261,,0.7119876423203126,0.899607657343465,0.8437203603607718,0.7177015675467766,1.023998577883113,0.9229325983398937,0.6477790970029461,0.8696705120522827
287,dry-sweep-100,run_db83cdf3f9c1e229c5bd6d3cbee762c8,0.36981493234634405,0.2836557558114206,0.5952216386840457,0.45848687952909745,0.14028848329065705,0.3693016254931927,0.2207378857730066,0.5874826525891857,0.2325822966388841,0.14028848329065685,0.32012306200855123,0.3778645784012535,0.34757952404178355,0.1683608424054741,0.6108809068524965,0.3671898214923754,0.7650806268483641,0.6849237404911203,0.5314296346912193,,0.7062961270312169,0.9806284909952865,0.8030937714009478,0.6692948573077345,0.9679349895845013,0.8601709971962153,0.6115703953214778,0.8160618155707443
288,autumn-sweep-101,run_0499c71789841ee2bd9c4a382c21ad7f,0.35067021846771246,0.2686207629996182,0.5614737815994991,0.5900180545593945,0.13198135136995962,0.3408568897903019,0.21008500267795596,0.5466815423548941,0.44892538273192695,0.13198135136995914,0.25452533510001757,0.4022862706073716,0.31198311955937896,0.24875863316625693,0.5330031172164665,0.2527449234618096,0.7850098306925217,0.6424866551704356,0.51570040531389,,0.7227314998306039,1.0416349059600791,0.8576311715674703,0.7379230423036874,1.0279006734252707,0.9303649737316336,0.6392047105921635,0.8541845409670823
289,crimson-sweep-102,run_4ac7e6fb78f4061c7aba389ed0dfcc2b,1.3647097349166872,0.14452761626044594,0.5529293314103788,0.557955135656518,0.10106095229976823,0.3670789196118716,0.11399123065529171,0.5395085580560015,0.4652536294610836,0.10106095229976803,0.27117569820310017,0.6746682970094177,0.24602345518286292,0.5063463482637891,0.5136688909263226,0.20447731549093037,0.8801357237111502,0.6201834038691,0.35301864866422694,,0.6879218050423225,0.8660588719494837,0.7987070869857977,0.7214737865014121,1.1874445194160086,1.1369326719284927,0.7597453260158801,1.1615956423354696
290,zesty-sweep-103,run_2f7ebc46c04962564a70787e84f2bc54,0.2734524011611939,0.29050568521076403,0.5523850989142562,0.3978433457819109,0.17327849342150564,0.3788254577952958,0.202079323873785,0.5396500585049934,0.1369178641208907,0.17327849342150559,0.3155548752438558,0.41030858867595504,0.30585477998206106,0.1364779874213836,0.5469394473647357,0.33761914347206307,0.7662881968836583,0.6709721660134886,0.5311736623749563,,0.6923513319983009,0.9956304729486198,0.7401365944372926,0.5922877174964508,0.9101256527836987,0.7945635693428663,0.6186102628510607,0.8143741049016592
291,sweet-sweep-104,run_6ddfe849679412cecb5f29ef364e651b,0.4068282246589662,0.2730182485399374,0.39111268333832216,0.375801943956669,0.22812933388850823,0.34780882497147875,0.18200874884360985,0.3635854036844537,0.11140899760097013,0.2281293338885081,0.2344699587906504,0.46242664769368275,0.2262014262983029,0.11484191595100508,0.40111466352705943,0.21809827384046412,0.7781146333963271,0.6665293051891935,0.5427371152413349,,0.7277184545852781,0.8037717258096032,0.6072357006842805,0.42158450537757713,0.8043191851506656,0.6752241484058149,0.6078858165710601,0.804810115122919
292,fancy-sweep-105,run_e53e510bc17972406d053f6915f159fe,0.08710920810699464,0.34416730946151297,0.6095784919317533,0.7032077758266762,0.15009147271064133,0.41212379228064133,0.2513127109370796,0.599488421453645,0.38892488808646425,0.15009147271064133,0.3349620952112169,0.48167633894674083,0.43477387253924854,0.3591288616458619,0.6341495616247185,0.4532576239490414,0.7269255546004219,0.6816844457636825,0.5242083989041639,,0.6795972713688077,1.303632122852122,0.9922390088637254,0.757500504757981,1.23877044109142,1.0601042258757196,0.6342492352950853,0.9758514474464662
293,dulcet-sweep-106,run_1a994117ff42909488b8e6230bf82b5c,1.2058073282241824,0.1658641340976826,0.5741217448093826,0.5483886924047187,0.13652629922395734,0.37113846708234777,0.136711572613608,0.5644235217284823,0.4635718348873443,0.1365262992239571,0.2894851183144429,0.6321770949677724,0.24914423254353038,0.5020632336195979,0.4640909892119627,0.22351554403654825,0.8604432739802967,0.6042100690206162,0.36374448198103226,,0.6804732655296315,0.820184486668154,0.8110837483270769,0.7430765856004935,1.1711725173365641,1.1251448931723642,0.7621986837115299,1.1378642502582426
294,logical-sweep-107,run_53501badc3d50f4d7de3d483837e7a99,1.3589662313461306,0.1435948162973479,0.5383547851642221,0.5594489649543688,0.1204857889439328,0.3783391412287227,0.11079818462776402,0.5248360499605431,0.466762298122821,0.12048578894393246,0.2898980887758933,0.6696415985438566,0.25674015347283974,0.5575670699911672,0.4686874953690408,0.2066212651467579,0.8788840579098244,0.6054426320586981,0.30111956635863524,,0.6712948006937425,0.8553746397600142,0.789574879517579,0.7110528531718939,1.203596653704788,1.1536085013764656,0.8116516793254978,1.2181932781771803
295,colorful-sweep-108,run_d2390348850a58a252d34ccc9cdb456c,0.28047233819961553,0.28777903916478526,0.7078124574818363,0.5719387628916974,0.11575805959824138,0.3950612559563814,0.24072901904808286,0.6980162725516342,0.44054608859100247,0.1157580595982409,0.3417354485712259,0.31116775484966835,0.4204793561772,0.23990486224180305,0.536437330598362,0.3571864855509868,0.7570081640530234,0.6138331510057206,0.5032540776267582,,0.67504038285119,1.1601002023792988,0.9544261096843321,0.8598011592988003,1.1145006964572983,1.0346210113312968,0.6744823044331821,0.8866278715166415
296,trim-sweep-109,run_700393efaf0c49739d8f5227fcab45e2,0.507657825946808,0.25733747113829786,0.6503415058913167,0.48474760715257326,0.1054452491565823,0.37978453784379984,0.21600725738872362,0.6439739856866855,0.34328395122795774,0.10544524915658203,0.3382833981888294,0.35107239818086944,0.33961697855315576,0.2713716225563749,0.5660980382692159,0.35335658426393673,0.7755032451028507,0.6356753385738059,0.478204865797107,,0.6839302479429104,0.9488546428597768,0.8509682079707709,0.7610555174601079,1.0180279806527455,0.9441607803077788,0.674834360388145,0.8761480995673038
297,laced-sweep-110,run_4e472a61dff57d48a552089f19ec0a7c,0.40555208921432506,0.269094850892951,0.4362023456420584,0.4777829990354413,0.1675466953434161,0.34329564778562527,0.20008815472178734,0.41269150180957304,0.28034526253307995,0.16754669534341593,0.23472108947666728,0.4045926577515111,0.18935102502485668,0.16488948483010346,0.4541060228159086,0.22033786906307706,0.7802608809593701,0.6616261533692681,0.5302936790561364,,0.7191222096689158,0.8785882990049367,0.7006861774632306,0.5375341957034475,0.8471709927045225,0.7181090329069009,0.6191980042402025,0.7811169823060963
298,blooming-sweep-111,run_d6c57689bd21f76c3bd50a6795ad0191,0.420229732990265,0.26851313223464524,0.6132030803559281,0.5939851111715677,0.0925530066325912,0.3742907551220694,0.2124221278602234,0.6012517347410815,0.4531644943486755,0.09255300663259099,0.29905200159129175,0.3882546796994359,0.27030264806653376,0.2664336110845065,0.4508405708942651,0.23172292509417294,0.7779570762368837,0.6166298584197818,0.4944506557976614,,0.6827486581545708,1.0319737848220942,0.894950072481118,0.7822946170542884,1.0467701367586775,0.9522483682569047,0.672202249975351,0.8640879306226574
299,dandy-sweep-112,run_35d636f01883402d79e294d91e66eb99,0.46107202768325817,0.2705068640239043,0.6528449753734795,0.5296218435436398,0.138642630217469,0.4010357745627735,0.21764478259866762,0.6450080274293178,0.36934682066628743,0.1386426302174688,0.35400975981542293,0.36407992490323665,0.38658173625136155,0.2055941853164341,0.6254390918504779,0.41441041917879023,0.7717844284560633,0.6596787862711923,0.5145096124248191,,0.6771488725972502,0.998573591867118,0.8831080469076306,0.7744815561244668,1.0507846696966996,0.961296146009942,0.6352966173661512,0.8531532052295565
300,still-sweep-113,run_f86f916b4e2d8dfb3af0c460255c9b47,-0.341097712516785,0.5102236413537901,1.1175868731121938,1.3702915935003586,0.0,0.5732787383194335,0.51022364135379,1.1175868731121938,1.3702915935003586,3.1808907468589196e-32,0.5732787383194335,1.0,1.0,1.0,1.0,1.0,,,,,,2.21928874747929,1.84038790323311,1.84038790323311,2.5272569387315498,2.5272569387315498,,
301,divine-sweep-114,run_0f7ac556f0b968062bd019d34a0e8fa0,0.3564134240150452,0.29055693795598925,0.6934229502843615,0.5812331511389212,0.11420646603870707,0.4055146704168849,0.23234406992924517,0.6872513537783341,0.4174609848391163,0.11420646603870682,0.36909354578192155,0.3912682780709755,0.4276804052927658,0.24540433547233653,0.6881475038590037,0.46148745980792344,0.7601783763399467,0.6519982758303412,0.5144837590058656,,0.6818354936531619,1.1103472631352707,0.9503108429131537,0.8370017108490782,1.1398751600604946,1.0472805480523897,0.6436968474903958,0.90031678526711
302,distinctive-sweep-115,run_bc69a1fe03d25d88657972504b1fac21,0.3238672018051148,0.28556748320831926,0.6114560940433755,0.44916281255410173,0.15979118648957902,0.3712189883499279,0.2192361803379091,0.6035211842499117,0.237944253456335,0.15979118648957874,0.3170321614698557,0.35438381303103234,0.3171064294404142,0.2080845810852515,0.5576854276575608,0.34507932893623455,0.761178494640079,0.6725597385169362,0.5221942951893286,,0.698330746323786,1.0162585044756762,0.8106630462715235,0.6847771830022265,0.9626100674761889,0.8592807211713477,0.626539007414621,0.8136305643400973
303,grateful-sweep-116,run_282627d764ab5301cb3e652464ca0b59,0.6078493595123292,0.24322502774054838,0.6106288606492695,0.42815027329161826,0.13289198023664878,0.3618043779652355,0.20447795235032276,0.6061226155813766,0.3007889595132693,0.13289198023664864,0.32775105694129186,0.4153582634506286,0.3463312248924808,0.3101727165341761,0.5614603042629639,0.3394248317671524,0.791291570142284,0.6748582911509345,0.5214280035685918,,0.6984006692095872,0.8425926577014559,0.7844352593406946,0.7068732957763119,1.0020047876788518,0.9425204372935918,0.615067065689025,0.8757753214893337
304,genial-sweep-117,run_1b70e8c9f3f136ac682d5bac5a8af19c,0.7769623398780825,0.21640959143874144,0.5325859207053253,0.36781836618603614,0.19246563216167398,0.3920126091521589,0.1535378488710301,0.5158344444746795,0.1500210224321717,0.19246563216167376,0.3094982408893375,0.5200551321302131,0.2390165666810915,0.2656937926337408,0.360228810337836,0.22791945093050492,0.8169341110932788,0.6310051008673092,0.4674414072620929,,0.6642015396105172,0.6846049307958306,0.6824743399601094,0.5587175962094255,0.9294894704896223,0.8428195556352084,0.673267413414709,0.9227504868669666
305,lunar-sweep-118,run_5fedfeaf63db00c5978cd739cee96c43,0.23580104112625128,0.3035853857922265,0.6244088274510873,0.691687482996562,0.11391221242651858,0.34654360465811546,0.24767889130061513,0.6149065280687911,0.5651621200504543,0.11391221242651844,0.2688939965415715,0.3938868300511973,0.3322306339189392,0.365661441539231,0.6739843635394065,0.30307834091831315,0.7572562883306533,0.6658256726082286,0.5407439263871031,,0.7310014830458021,1.205121573401075,0.9800418584935932,0.8711274840099129,1.1660679067833424,1.0761484155208103,0.6176674929062467,0.8835980141577944
306,serene-sweep-119,run_03b8eaf34a8a238fe086df41fe60660d,0.7227185368537904,0.21872109024839642,0.527970829138208,0.3596072515024856,0.21185112570448744,0.41287798157896627,0.14785391942555884,0.5121010095512804,0.14980832488314016,0.21185112570448733,0.3148078611079885,0.5413819521421356,0.21104648043590837,0.26678436505656117,0.3670395839994504,0.17319414005083456,0.8285941574446958,0.6136552050095969,0.42378191154097117,,0.6372464478224976,0.6963875225465787,0.6752106982812891,0.5536702625906801,0.9299023709625395,0.8457893899343258,0.7146114671243722,0.9588944057579509
307,lively-sweep-120,run_72fdb6c55ae8d7998903b1281945cc74,0.635928511619568,0.24895508465672192,0.6703801463985415,0.5116563203324015,0.10854679697976129,0.3840984049613857,0.20960835214736195,0.6633268932487962,0.37888853164494385,0.10854679697976123,0.3476629300015069,0.43890201376965415,0.3809290936489294,0.23734955144781789,0.6649155817356883,0.39326081308700456,0.7894211359588146,0.6522708551242158,0.5144944600556043,,0.6890271895943902,0.9185585335039711,0.8793067525032766,0.7921456608535415,1.0803967450198984,1.0107282076111397,0.6332255881545055,0.8916565522359785
308,chocolate-sweep-121,run_0d2385939927118213c4c8782cf2ffeb,0.14901071786880496,0.3043259879607301,0.46899235353342944,0.30525560804293533,0.2510229206351288,0.37004624790824087,0.1772704325475432,0.44783259408419285,-0.07910864887591758,0.2510229206351287,0.2750614472940468,0.42575135168576006,0.3647201504535986,0.06830912322148786,0.40082062396044327,0.30022981736212345,0.7662994978062881,0.6731825251302312,0.5228388639401537,,0.6937890351023456,1.0184878851594918,0.6369843960904865,0.4880952949033044,0.8512932859991307,0.7464503699718954,0.6237854890679714,0.8414626992898758
309,azure-sweep-122,run_1dd4a5e7de175a764bd75606d5406669,0.30536055564880377,0.29220983898950087,0.7020381506979783,0.5277125120569831,0.10658619909576442,0.39093234858214804,0.26338016980034495,0.700274837410542,0.44640269087131834,0.10658619909576415,0.37011002713008656,0.42592783275740204,0.45691666342810633,0.31707222594685464,0.6720865222659725,0.48029489462795844,0.7598753210626347,0.6903663094091215,0.5327050507190799,,0.6998436377986552,1.119759803737153,0.9255942147718939,0.8712228900640602,1.1607957627945507,1.117922840214904,0.6098339556036203,0.928773172475251
310,eager-sweep-123,run_fcdbd0413de8c3b936eba7dc7dddc8b8,1.3059988617897036,0.14863808642750426,0.5109744482843073,0.5501694160710309,0.11670885121422649,0.37675502480613104,0.11325831639857221,0.4973577512313259,0.45503920065293174,0.11670885121422626,0.28639102881465545,0.6664889850538662,0.18888277572740853,0.541567112558397,0.4530692963621332,0.19816758569227985,0.8776864920514491,0.6170864172272098,0.3268403876466994,,0.6705441046418558,0.810812294304906,0.7654244273056756,0.6835589609347387,1.165784611961268,1.1137468566257067,0.7840454513624964,1.1780944263392825
311,earthy-sweep-124,run_aa5299189f752fd87ccedb57d52af49f,0.36726236343383795,0.2784331010729762,0.6103785137010531,0.44289070808498016,0.16267716690327172,0.3752394710470235,0.20850385548775957,0.6018558328117773,0.22919397521826237,0.16267716690327147,0.32234417340932614,0.37167903371350636,0.35162112482683483,0.16684991859017337,0.5538694410272104,0.3394427645913982,0.7682342804586733,0.6745998789114672,0.5145965497702473,,0.6933888756125545,0.9844140521260626,0.8038899806994959,0.6769299664804093,0.9673989435229283,0.8647865600131688,0.628662943916602,0.8275498244300041
312,rosy-sweep-125,run_88fd6c5a52155f04ce24360a449629c9,1.354499161243439,0.145847374449994,0.6248115594982174,0.551297207726362,0.08004108075499414,0.40082849209177507,0.11162079118862789,0.6132520612805791,0.43524348922909534,0.08004108075499371,0.32929212238913774,0.6572826360372539,0.3096376056540664,0.5260047462461025,0.4168527184514767,0.26602647717344935,0.8762011919674613,0.6095097162632903,0.32922286896204184,,0.6557686819945108,0.905531750659125,0.8459252642896031,0.7602461355421493,1.2329503056928637,1.1758193271721056,0.7859712247191799,1.192613797350701
313,faithful-sweep-126,run_5980ca5557545d555eace5f2333ef298,0.5491384863853456,0.2494727373834961,0.6097689733053959,0.46726683649494216,0.1269765810189208,0.3738339364455999,0.20814252363392197,0.5972298565947369,0.31715183142482667,0.12697658101892056,0.3303524519523221,0.3663674677681488,0.3058475243940419,0.25655907799380645,0.537835738219878,0.33583183697986013,0.7795091537100072,0.6407817661671968,0.48264799374071776,,0.6756155756567814,0.8907483380578405,0.8077085761532574,0.7075253323584884,0.9726168485633817,0.8911691680297469,0.66731330812156,0.8595914385997465
314,comfy-sweep-127,run_088b864695afbab129429626806c3529,0.3889599442481996,0.2764778088426362,0.6710930909684617,0.5079316399970321,0.11090738306082773,0.3737653737821159,0.2417438234035409,0.6670766551470788,0.38700566369055,0.11090738306082726,0.34484946907784003,0.37669640679689714,0.37316634137503213,0.24472091860081516,0.666544995841417,0.41180077090520495,0.768909741004173,0.6812136561003033,0.5249566163666092,,0.7056918114109627,1.0400627083925478,0.8858896468737536,0.8082108163867521,1.0610570652268667,0.9971190264729118,0.617003774051306,0.8495500493927961
315,fancy-sweep-128,run_25ac29bd0e219224394f9f8c11b15e23,-0.06860241293907195,0.3421915161330829,0.5771204658630167,0.6789652016916874,0.12889947509745617,0.3981968019503686,0.2537651547961036,0.5680100138779286,0.39195706477382336,0.12889947509745575,0.3164143002582261,0.45848031165251335,0.32650428188880815,0.3105415615788185,0.650750528461499,0.39672239397091263,0.7341220311324672,0.665554261196812,0.5368409205741566,,0.6917125459063019,1.3913924299655311,0.9545453425268163,0.7352975386062477,1.1508267092278317,0.9766820229803196,0.6301280658622735,0.9001703633867607
316,gallant-sweep-129,run_6b30381d2ad96b58b455b9fd9e505dbc,0.387045443058014,0.2613223720795545,0.4270973359819316,0.38258847970716997,0.19355494428033276,0.33426450997227997,0.18382822129910334,0.41063974529919195,0.184458239556798,0.19355494428033232,0.2264935698585777,0.41890477196894976,0.24201654877970577,0.20493375474890652,0.40825469982262214,0.22588085890058304,0.7927037419852577,0.6585869303818372,0.5466170312932701,,0.7282295053640571,0.8393446062753087,0.6301392396580233,0.48625369664997964,0.820442882261693,0.7158866664513684,0.6042273901490554,0.8007133074349528
317,olive-sweep-130,run_298f3fce0fcd0541fbb7fa08d8e2e007,0.24026811122894293,0.25760142277620746,0.6191787531633515,0.4655009521925159,0.1800364907265032,0.3603175248559586,0.21110493230793664,0.6150643554926664,0.3645240274033582,0.18003649072650302,0.3202514176925156,0.4256473751098788,0.4220541645383496,0.3157758409688301,0.4127019044995808,0.32515961761743667,0.7922627844799912,0.6321656682877772,0.46433412264026225,,0.7009036975321398,1.0850188973822987,0.8163528390820896,0.7454845540966707,1.0608731052105402,1.0073564452954962,0.6821984890526817,0.9614648022405334
318,skilled-sweep-131,run_ef62674ab50befe50a790506a3f6c008,0.5810466408729554,0.25200206036035805,0.6639799722441431,0.514901194568793,0.10981807094216894,0.39738840031347483,0.19457335933555925,0.655359329505565,0.34086513491454984,0.1098180709421686,0.3430293695344198,0.4608658725437378,0.367994086773274,0.22042758782151547,0.4787810581175127,0.3466908249166057,0.791721655312404,0.6330654631422017,0.4904370364704882,,0.6684376280009081,0.9388900685562381,0.877210169876962,0.7639003096827639,1.0797698847365476,0.9899237369524135,0.6615702812293117,0.913280109744124
319,snowy-sweep-132,run_06f42425619db8d6553a5c513dc4ca7d,0.4655393958091737,0.2651637653341807,0.6267980081090642,0.5208221007592808,0.13042320062686677,0.3819307086589063,0.21354712561791597,0.6187651364662986,0.3367694704820322,0.13042320062686658,0.3340723750664701,0.34809928496549086,0.3409530022436987,0.21071736423714196,0.6024330294356135,0.3608494323966351,0.7739743900356871,0.6561841098275916,0.5022908030908788,,0.6893941777144311,0.974566334859164,0.8569966312973473,0.7361292992501925,1.0081007368207442,0.9075848250924569,0.6457641886809051,0.8359636696090528
320,jolly-sweep-133,run_c43c641242be5ea156bb7c4e5b20a9c7,0.3353542089462281,0.2801551933125418,0.4811232958719965,0.4515222714119657,0.1860363136825471,0.3858339970358606,0.1857322607842182,0.4528123214237124,0.12227141196547359,0.18603631368254686,0.29392016595353504,0.36864612194626006,0.2583967784461277,0.12374208515574277,0.5370085584030212,0.29221779739069415,0.7661552737100685,0.6519365984508224,0.5302740983216775,,0.684629983200401,0.9365393825020109,0.7168255853077101,0.5044658257138722,0.8554647168222581,0.6873621543911361,0.6296617426992925,0.7838717192214267
321,fast-sweep-134,run_85da24bf173ff64b990981fef29b9657,0.453414022922516,0.26896928166714923,0.6689814688835072,0.5532708431231915,0.1177440665685275,0.37935243361579557,0.2251943119703348,0.6605567498435333,0.3905819503870604,0.11774406656852737,0.3327856292657338,0.3342094801617737,0.39037963959468946,0.22365971756643144,0.6019283929524862,0.335498545436039,0.768087002976652,0.6224575399696709,0.5006198617518458,,0.6834191059319801,1.0258660058202191,0.9088395381145807,0.7997511849793064,1.0677570954773856,0.9765847975356688,0.6676095189486513,0.871675615520377
322,icy-sweep-135,run_6bca03331c1ddbc056bef4f0beeb4306,0.31301856040954595,0.2835481250464478,0.5564559579852515,0.5803873073974228,0.12804376264306958,0.3169165616302607,0.22658069872867567,0.5468556967536533,0.437682091361017,0.12804376264306921,0.2382050294699866,0.3761484723974373,0.2798051926177651,0.2649716395832668,0.6091614113403474,0.25969844023676386,0.7719991096476334,0.6725410242951655,0.5501367945771088,,0.7420634847709069,1.0575614204891777,0.8525797317451727,0.7361763234487049,1.0084050713224848,0.9121097346770766,0.6013241142383113,0.8072046080460173
323,resilient-sweep-136,run_66ef2e0ed7b0970e99c618dfbc6dbfa2,0.41576266288757335,0.2830407228687186,0.6132139650058506,0.506695026339871,0.14440967315718556,0.38128016059608055,0.21315760475420434,0.6069444066505212,0.2816610194642992,0.14440967315718528,0.32644756909482114,0.3936854000046653,0.39761190121869755,0.18083878725962813,0.6005994840470875,0.3709502167509691,0.7622923813179014,0.6845467178678172,0.5180387772149578,,0.6896504662983229,0.9869673159086771,0.844324148297208,0.7022468277710987,1.0289165916355512,0.9159348733723839,0.6231390739280707,0.856789583620767
324,vocal-sweep-137,run_027a3ada69519779a76b808b6c8f5143,0.674218237400055,0.23808437739446417,0.6413344580804922,0.5053199119531077,0.10200354743630517,0.3721063167738556,0.1885896013305212,0.6320280823967999,0.3590829273118488,0.10200354743630517,0.32773511213583045,0.4426471242905395,0.3534084430591899,0.18824803924698572,0.6243784462533225,0.34218894916173054,0.7995089579000696,0.6355580610153277,0.5206776174115927,,0.6923582140086056,0.8790858077459913,0.8504953093915361,0.7509767528725689,1.039044561049017,0.9592900561892462,0.6346373226524352,0.8712266409218619
325,clean-sweep-138,run_caf3a8f7709d8c9bfd36df7191713514,0.24154424667358404,0.30216055947496684,0.581926038803777,0.5527217866594116,0.1388836067132445,0.34775620711345606,0.2503594098758914,0.572129853873575,0.4175895926594615,0.13888360671324418,0.267839247660299,0.34713616746743625,0.2623556635057645,0.23041811661292547,0.5212961637490632,0.23710685620421823,0.7446418579343215,0.6459694310096704,0.526517677146858,,0.7130090528049049,1.1042619335283492,0.857578154915371,0.7512612539618277,0.9888714846677649,0.8982315921327167,0.6439960671877265,0.8106524877863733
326,jolly-sweep-139,run_9d1d8003c8ff2944c0f1e7b2a91930be,0.5567964911460878,0.25876742273008,0.6012952733407714,0.6160611381792098,0.10640997478762923,0.3601780078081712,0.21568436509380498,0.5912052028626631,0.4890213439517228,0.10640997478762877,0.2870057010651927,0.4028304866230479,0.2784335269041989,0.29151549979248476,0.6010596551909108,0.2583121642639441,0.7806640311607167,0.6375620437820705,0.5012506565796419,,0.6966951944981806,0.9682544510494316,0.89891485179798,0.7969850764463219,1.0643433784543028,0.9797775913719831,0.6543855491194279,0.8677553591726589
327,rosy-sweep-140,run_e7c2f2a948f6b162cab155e8dd7e171f,0.14135301113128665,0.30542792198307117,0.4269558355329396,0.45550416738802446,0.20249484441442717,0.34242266968661283,0.20745317421064355,0.4030531443032466,0.19962406944822275,0.2024948444144268,0.21031357851660704,0.41379791182082243,0.31715326185153625,0.17519309559535587,0.48691757824402365,0.2469544680065392,0.7599271690522504,0.6747385609943188,0.5411340225705572,,0.7284069909251258,1.0616261034360432,0.6950262926899852,0.49531649046430326,0.8863233448381074,0.7401661636419893,0.6115455445881288,0.8224934511473126
328,polished-sweep-141,run_618cb8a55f614d8d1598bf96e72fd732,0.32833427190780645,0.2797092944290829,0.6203651800048979,0.48020181534884876,0.11457120937414964,0.39240006792487114,0.22260348569920246,0.6093934528830719,0.31154255187594293,0.11457120937414957,0.33139683671004444,0.3259068896300268,0.30852752158104385,0.21067628686056028,0.43996176938260917,0.31041357364711697,0.7602809289940934,0.6246610073202264,0.4963452081168069,,0.6704156198129355,1.0327543707583404,0.8328769593504521,0.7197023370057668,0.9692641845975057,0.8739339128436289,0.6723189286467431,0.8353453010242635
329,still-sweep-142,run_7bba2d262c755a217b23a458723a2e06,0.18091887235641482,0.29137441924233065,0.45674712237067666,0.2781144114955605,0.23012763557796656,0.3552526574011402,0.17088946576701014,0.4402895316879372,-0.08818044666485264,0.23012763557796642,0.2638410876908494,0.4413833604014332,0.3583949391056998,0.16378188551543596,0.4369084603736903,0.3377259349882837,0.7788303226673272,0.6821036150401767,0.5283827815758145,,0.7141300172925059,0.9781919307259199,0.6089865448958797,0.4804517378448434,0.8490908791778724,0.7621840864495671,0.6102433436393457,0.849992733907155
330,grateful-sweep-143,run_07016aeab316d1dc05d54b4bb2f58ff4,0.3098276257514954,0.288699025941577,0.6353533429481077,0.49245912991863106,0.13223134399312808,0.3692824917266391,0.23542179728001672,0.6276143568532481,0.332663913140257,0.13223134399312803,0.32683423062726064,0.3149869148171485,0.32575998291064695,0.17797720524853947,0.5911426473577839,0.3689668155001078,0.7532986506608589,0.6580682203208081,0.5202805111052557,,0.6992934258687955,1.0594941109847515,0.8541293769770282,0.748323781974526,0.9831323416383053,0.8927489519616976,0.6386780767693275,0.8030702922570466
331,olive-sweep-144,run_f4e2014d84f630097f0a6de86d107beb,0.8229100704193117,0.21295771904782648,0.6168331111050639,0.49343852793510246,0.10047818261100494,0.40945303736585437,0.1572818619097282,0.602628642956271,0.3380407093215944,0.10047818261100468,0.3277422872982883,0.49872299220551214,0.293106093438952,0.374513084102204,0.39735928406479326,0.2053560871862805,0.8155455257336309,0.5945407791687249,0.41525633211247526,,0.6413252958469018,0.8095217791790448,0.818117141923066,0.7086398144020376,1.0696782287387052,0.9884666113152036,0.7350821654540008,1.0075920032918833
332,robust-sweep-145,run_e8b1fea66e64b1cd052f193f7a252ff6,0.5242502689361573,0.25047985382717064,0.3972516258945822,0.453896569633715,0.1715269057634365,0.3380761157178311,0.16528241543937694,0.3762877901439496,0.20605446046546175,0.17152690576343624,0.21285518050715654,0.45999124257275953,0.24950418081607428,0.1464863944492333,0.46884206216818436,0.23689792599934187,0.8004894980435274,0.6790975945975632,0.5377379494090432,,0.7362286874279228,0.7682244182584029,0.6531241133003923,0.4597490821552604,0.8496314793023453,0.7118087958080261,0.5970502471321403,0.8073236902554128
333,floral-sweep-146,run_4957d38d5f5a6af220382ab4dbfec87d,0.5516910552978517,0.2498340692373335,0.47959944488285394,0.48288279375757454,0.1654303643499045,0.32992832012704815,0.19074477926723946,0.4634357397480207,0.3108500482279335,0.16543036434990444,0.24155901929879528,0.4584659286214525,0.21876684329322357,0.181597548127574,0.5113400801600406,0.28047359966056695,0.7946765417114876,0.6778004684171731,0.529182493572365,,0.7270398545787388,0.814967686438558,0.7249886083179147,0.5897321495194336,0.9036791970095948,0.7992569155746924,0.6063327345892547,0.811583017288831
334,leafy-sweep-147,run_9d6b2e1fd65c04d75a42ebe2e1017811,0.46107202768325817,0.2564405480968574,0.6099159160793494,0.44668958523977925,0.1509873479143239,0.3804789341216445,0.20897538074383126,0.6004136166970533,0.27810946504093165,0.15098734791432375,0.33676784442972224,0.34301606038279725,0.2949391030038863,0.23008928476412427,0.5320951023754413,0.35962172180914687,0.7792235489752647,0.6472781317499106,0.500080392430481,,0.6845569531794652,0.9284246709313755,0.7983049323139715,0.6939107258269023,0.9459814670919049,0.859710571379785,0.6504418280687158,0.8250240862095548
335,frosty-sweep-148,run_8f3d0cc2863d9aff75008bc3af0acd03,0.34301221370697027,0.27706209013820293,0.44092628370840026,0.4304800534217099,0.19502293374949595,0.3730327099711638,0.18051729395755742,0.41094995782198157,0.08117626691069198,0.1950229337494955,0.2767133291398497,0.4054491645581753,0.28946777798415596,0.09354531813683227,0.5063914752348659,0.2962389800152965,0.7741248541372652,0.6612941776687047,0.5327135930039144,,0.699785671411493,0.9007563574003098,0.6756422617410849,0.45613150248717044,0.844644192502344,0.6818997680293869,0.6197562438273148,0.8006429590274745
336,crisp-sweep-149,run_4c38848d82f963945a251db368e09a3c,0.5082961916923524,0.25708889532395574,0.4191569838635065,0.44053124922711634,0.18384867331783658,0.33022170454753824,0.1783031753638304,0.39691964407194763,0.22080478816808033,0.18384867331783625,0.21418497728263838,0.4589591770418071,0.2605591044244043,0.14745692728453,0.4687464095835985,0.22523970135532903,0.7911759510806,0.6759724808329021,0.5273686540498808,,0.7400661019228154,0.7820057504720789,0.6601931980610278,0.487946698598297,0.857982037842042,0.733737077682812,0.6099030298000636,0.8199145225283139
337,deep-sweep-150,run_04c9033678146a3cf072bb95db576ac8,0.35960435867309576,0.2823231844355663,0.4826144929113719,0.35795513565651815,0.2023637007432568,0.35986469238085445,0.18194980818660084,0.46047511496911486,0.021680310637350726,0.20236370074325657,0.279459821880578,0.4512176526186584,0.37447631538149223,0.06664985261096734,0.5250003462240085,0.3395221546587597,0.7737136751032062,0.6726332911613525,0.5346087882385955,,0.7085335227204331,0.8781544313738182,0.6638938231229567,0.4955936844576335,0.8882719696412077,0.7706394641748807,0.6123425862014609,0.8504325526138733
338,dainty-sweep-151,run_5f87a45dc97d37670e9b3113b51b7001,0.2798339724540711,0.2796887933309928,0.4577104138888133,0.3049934459476171,0.23354720680373367,0.3381215584133962,0.17848512260937946,0.4416446706032816,-0.022565726015877932,0.23354720680373348,0.259711383076343,0.4361339433168814,0.34334642998985726,0.12906426587491615,0.4092224418746723,0.28928755788706056,0.7814876386516147,0.6846481130025127,0.5350474816557403,,0.7224701060211198,0.9061782011748873,0.6170459028048219,0.4768817107583284,0.839942151814017,0.743083668426062,0.6028061952315954,0.8295375104450287
339,dazzling-sweep-152,run_993a3bcf7ff6036cc01298544277653a,0.2555838227272034,0.2866079139363902,0.5271599227189854,0.3634209680211708,0.2020866597379094,0.36371297117896695,0.19241561876157975,0.5120737979264739,0.0591150792669355,0.202086659737909,0.293884290141247,0.3771442311295914,0.34306710265707396,0.10188487692749737,0.48705095516830915,0.30700250435718485,0.7658924723536635,0.6820836154365378,0.5212363334531052,,0.6999083551996649,0.9819001115714242,0.7015101427987344,0.5502162642661346,0.8731722720035732,0.7570015017219993,0.6205576608825402,0.8095709645401018
340,quiet-sweep-153,run_e0cd73c69f7f1dc2357dbcbe9a456f2d,0.5006381869316102,0.26542002906030654,0.5116384119295764,0.41016991071649395,0.19381723162267345,0.3614918597781918,0.1691981251745794,0.49302566056219194,0.0857814161699608,0.19381723162267334,0.2898693881260626,0.4891569729923524,0.3243354201523312,0.1019063733784545,0.522837962191489,0.304550774206557,0.7849703391534025,0.6769193727490839,0.5270935910069181,,0.70855709584555,0.8242423433492998,0.7074326908232114,0.5282620172750473,0.9248318387539156,0.7961869609727865,0.6117673727940877,0.8538806921010448
341,warm-sweep-154,run_0efd35a8c26d971c4b65d9f556c524b0,0.4355457425117494,0.26838500037158236,0.6104819178753164,0.4566022803155837,0.08307377815080869,0.39368840820615353,0.19425815495242446,0.5993142670548858,0.23103900279474704,0.08307377815080844,0.3362584078952298,0.39467894563047495,0.3372771865535089,0.13709436090625626,0.5978766084875575,0.33169759262701043,0.7761364465172906,0.6577726003371855,0.5258994724661401,,0.6671067614848422,0.9485686180971452,0.8082105683957428,0.671038629494194,0.9703229139581824,0.8594271794394072,0.6261036606391643,0.8248199975458225
342,still-sweep-155,run_bb922f68652105d41d940cfe564f2ef3,0.5325463414192201,0.2614530665798787,0.5319709379847072,0.6013899537506491,0.13666072148690697,0.3548213504134089,0.1978894119516276,0.5145337288089477,0.41659535527910385,0.13666072148690653,0.24957606748479466,0.44833120245637775,0.236100936100936,0.26864817120539747,0.5870720801736903,0.2532055206213724,0.7849227967911092,0.6511383678103893,0.5089911669408843,,0.7188798126328759,0.9290725904110471,0.8444055076540888,0.6909825377567247,1.0207531632928128,0.8979828653712987,0.6395719786671648,0.8590510316110195
343,efficient-sweep-156,run_01eecce990ccedd2fbcb295a82027429,1.191767752170563,0.16319130343419017,0.5739965713352745,0.5517967996438554,0.11677934093748055,0.34951651363639624,0.13039467176460612,0.565180004898093,0.45781910815423027,0.11677934093748048,0.2760428500701969,0.6191563075608065,0.32097020193019254,0.4460883908523024,0.4490012567783837,0.3130225249403297,0.8658583707261925,0.6199628324000882,0.38209612552280714,,0.6973166410691269,0.8189790246241978,0.8127626797032463,0.7389381192984582,1.1601527613599163,1.109685000495627,0.7377177126486266,1.1088727067288466
344,solar-sweep-157,run_a63991cc92105fd1b21b1f13b5a38a0b,0.2594128251075745,0.294880107015732,0.5478135459468283,0.4180743452130685,0.19025586130245342,0.3821571248964584,0.1999497723096791,0.532237611907807,0.09913189721267339,0.19025586130245292,0.3183842809729838,0.39424522547775265,0.29141072504103666,0.10468452361949147,0.539383698272273,0.3188865428692265,0.7575848476222526,0.6695702256231186,0.5263805612589129,,0.6855098320173215,1.0116102030245235,0.7495599487444505,0.5771342305053496,0.9017474561805926,0.7644555434996784,0.6263100786754957,0.8022298128447309
345,amber-sweep-158,run_11c661f571cc20c9df581e481087f246,0.3551372885704041,0.2889834786775767,0.6687311219352906,0.5482600845843741,0.1260987380700242,0.3882982667199223,0.23160090512348058,0.6625595254292636,0.4125442089382436,0.126098738070024,0.3479451530581736,0.38668836841227777,0.3774556175377559,0.22809543572880417,0.645825202303568,0.4076489323575195,0.7623510810161191,0.6676403538355332,0.5261668320790196,,0.693281647837392,1.0787207008237247,0.9117575800298515,0.8141356326310424,1.0841263994656536,1.0034166600151797,0.625665896557267,0.8576047920757438
346,genial-sweep-159,run_f09389514e619a168b5c99cd1092a977,0.11646449565887454,0.3030395440555785,0.3732400881656643,0.3347612099028021,0.2538654597077464,0.34566105967582617,0.19579317467191806,0.34581077036109803,0.038913758563549526,0.25386545970774604,0.23355791591825742,0.37820819523704685,0.301774006098684,0.15999680745777853,0.35559333373631147,0.2501484584688809,0.760654485176611,0.6656706599446608,0.5377709448564719,,0.7244369870091515,1.015878052967396,0.5858380290924392,0.39929229488106394,0.7764754757420919,0.6474120054875262,0.6186421279760945,0.8015148474013346
347,avid-sweep-160,run_50741a084e89117bce97e6a3562dad3c,0.5925336480140687,0.25910056557404354,0.6905657296797193,0.5576187767417704,0.1137917241786308,0.3991503013169612,0.21592525299636356,0.6820430487904436,0.4063413548339232,0.11379172417863062,0.3624278198587768,0.4060383720723242,0.3952255898799799,0.24184145835328663,0.6334355643031987,0.3879586930783973,0.7758419710931254,0.6375620488943416,0.4862641908942126,,0.6689483133768748,0.9766517061797386,0.9246365936214404,0.822751318402575,1.1110853017358417,1.0278508887006623,0.6674822633468704,0.9083448075220261
348,vocal-sweep-161,run_f9ce88ca5b6b8e5cc2684faec96cd8e5,0.38066357374191295,0.2674368245849168,0.5901167378704182,0.4588677565355032,0.13393129383067387,0.35539616065029295,0.23371764350127994,0.5866880731448475,0.32460613855019443,0.13393129383067381,0.31805661522075174,0.39116856674694017,0.36687092983585545,0.19374006321233597,0.5624041205573315,0.33112927696811734,0.7698770272622704,0.6845406330712414,0.5295235978134323,,0.7106053854739344,0.9707600070011582,0.7939268464076608,0.7100675863878545,0.9774774556529751,0.9106801392924267,0.6114075889119794,0.8360392207559167
349,peach-sweep-162,run_751bc90652875a4cdea3da193497efe2,0.4068282246589662,0.277418296717518,0.5688100356472288,0.5474241337521331,0.14868659613322888,0.37220039112607795,0.20725841377878795,0.5534300253068112,0.376024534414958,0.14868659613322846,0.26747171989441365,0.4007173081817754,0.25575602613823395,0.22512296608455973,0.4150266732335475,0.18111207152068118,0.7670195677534528,0.6272036827268854,0.4976565442796866,,0.692152925046045,0.9874567301550529,0.836766962911971,0.700453634065227,0.9883545953058054,0.8759572759651932,0.6675372075676466,0.8498657419430378
350,distinctive-sweep-163,run_82c426594a83ac6906135d2765e3b20a,0.34684121608734136,0.28915005009955846,0.5884187324825163,0.618430489946331,0.12954453803002536,0.40409159652945364,0.21585349915304822,0.5686304389235083,0.3614028145326839,0.12954453803002497,0.33934293051174036,0.37406041334497725,0.3272838606160899,0.26675712202960544,0.6200540885541406,0.372354037594512,0.7606548412793469,0.6356138466241843,0.5002247775060501,,0.6771140713043684,1.0748531400306989,0.9012772198963909,0.7074922639288024,1.0632478109590786,0.9048428504023267,0.6632033223634478,0.8706514384063352
351,graceful-sweep-164,run_c1629bf897f160e89f601ee689b5cd52,0.6499680876731874,0.2400806718209844,0.5323192467822254,0.3875745059728439,0.17180640571261835,0.3556265630892104,0.17213490747598145,0.5180168167841303,0.16019093314866592,0.17180640571261807,0.2904186866742085,0.5048558967083677,0.3402064949112278,0.17983398780448864,0.535642647311184,0.3074516389533668,0.8015069090257132,0.668760744504594,0.5333084745744873,,0.7065045021005396,0.7457212064988197,0.7008683950335505,0.5688874967038459,0.9456091718821066,0.8524043539873706,0.6057391612316884,0.8774281339462098
352,young-sweep-165,run_c15e093fe9b21dfc9fef1431e7a86d45,0.5778557062149049,0.25535655253534517,0.5909004326648345,0.6321024905399052,0.1021445268828133,0.3570233280476303,0.19811236139335725,0.5744428419820947,0.4741572477926448,0.10214452688281293,0.2719259013000597,0.4168024894873909,0.27847955624675397,0.3065642924794347,0.602875601551445,0.2290609109472217,0.78790829123332,0.6269563846635601,0.5044995645340128,,0.7046417472956418,0.9627682403598263,0.9021772823525186,0.7707516993660238,1.0766525403799816,0.9691826587332779,0.6554884540690514,0.880296516709868
353,misty-sweep-166,run_8c2fd57dfbfc8a4dcb8153b6fcec07ff,0.3034460544586182,0.2869641205157051,0.6432991373914939,0.49765785373333654,0.1309977738361819,0.3820550781415054,0.2229391911804274,0.6336009143105935,0.30180298271214073,0.1309977738361816,0.3348281588453409,0.37465422332006,0.35311801599103293,0.189715757324224,0.6205361160862921,0.39441063336565474,0.7645722894554984,0.6724441375548229,0.5236518111626014,,0.6978569500804975,1.0708335625111762,0.8624647969711362,0.7363674639426623,1.022201406211402,0.9183067193478727,0.6242008065703691,0.8310696936895268
354,comic-sweep-167,run_85fba7cddb0327511a9c0c48806fd007,0.05073398351669313,0.30256545616224567,0.4886718005932134,0.34780006430391003,0.21746079623879958,0.36328246143150866,0.20080825579220082,0.47054885847233935,0.029668834862611834,0.21746079623879933,0.27235880276833724,0.3004669240548213,0.24396943696946996,0.10246400408645402,0.46061179853511974,0.25903083429314483,0.7566616221793815,0.6814664190749515,0.5233372973756308,,0.7055923634005686,1.1228851158844804,0.6717967465591695,0.5124650461895255,0.7820557521347693,0.6503235766336842,0.6228037735679451,0.7403950777321976
355,golden-sweep-168,run_118e9c5fcc3c5eb34c80752977501126,1.3238671422004702,0.14938381387053043,0.5534300253068111,0.48918457695446776,0.1449908035500592,0.4095399365556191,0.1068542858826875,0.5378540912677897,0.34290802067617976,0.14499080355005906,0.3249160705302524,0.6963710931383518,0.2525566137727897,0.5190858687439475,0.4177474067589652,0.1940602512706072,0.8742407879971297,0.6106585335415537,0.33238860325356345,,0.6376270490959982,0.8065210902625664,0.7535926400169553,0.6467540278568463,1.1773145496155495,1.111961534495593,0.7830115797185405,1.1963589827564567
356,dazzling-sweep-169,run_9f484b0f5f87772d126370340d5ace25,-0.20261645317077642,0.3998585424231785,0.807575716346023,0.7834244305394109,0.13607713215019887,0.4829705491470725,0.335833613087901,0.8015020816892978,0.5669675759899093,0.13607713215019865,0.4388576503575222,0.5539517568980719,0.5705859388443101,0.39803041428556235,0.6899108132142447,0.5604360357487272,0.6668386362814791,0.6094676320437054,0.5183839410808381,,0.5994676630023363,1.646881510441735,1.1940767269931114,1.0376136250338204,1.488851336843347,1.3665654423149536,0.703893495427512,1.1341627423693659
357,deep-sweep-170,run_7e9f0bccb393d9d615db8b80d38efed8,0.297064483165741,0.2914256719875558,0.49538218727040195,0.3415922637449608,0.20150634899298056,0.360772749051882,0.19105229573859056,0.4787286728890584,-0.014171592511067393,0.20150634899298012,0.28452947277703505,0.4076438350331622,0.46691347797895677,0.1241960646596217,0.4869354774425722,0.34473278704834814,0.7616296966092351,0.6864490602800788,0.5231784859009652,,0.7043945038913396,0.9253146097097253,0.6685938291732979,0.5156383965410302,0.920121765335708,0.8157752819393901,0.6184604673263661,0.88436401118625
358,fallen-sweep-171,run_988e77391a4ac378e49a0de3783f12dc,0.43873637914657604,0.2789584417115341,0.6442406596097855,0.5323473400440234,0.12315620194813927,0.3818685239176068,0.2381817576103921,0.6398323763911942,0.40927460242870933,0.12315620194813902,0.339707269316534,0.4143563890409914,0.3793107069387995,0.21183539252306613,0.6403510723407804,0.3863994892589016,0.7549381818527401,0.6794436600494055,0.512914316658107,,0.6903851541978565,1.0067058011355128,0.8810547827170147,0.7960035927870907,1.0661611478624744,0.9970274734393527,0.6325062250387743,0.8720700589836251
359,chocolate-sweep-172,run_6a64e61c7ef9c1cb947b6eba8b05eff4,-0.341097712516785,0.5102236413537901,1.1175868731121938,1.3702915935003586,0.0,0.5732787383194335,0.51022364135379,1.1175868731121938,1.3702915935003586,3.1808907468589196e-32,0.5732787383194335,1.0,1.0,1.0,1.0,1.0,,,,,,2.21928874747929,1.84038790323311,1.84038790323311,2.5272569387315498,2.5272569387315498,,
360,legendary-sweep-173,run_fba5f9eeed3ce24d912076c36c800a98,0.8733248710632326,0.21452861568897783,0.6443821600587769,0.4896198649617885,0.16375664324659275,0.41460719573125654,0.17306001952729586,0.629687882663474,0.3679815991887816,0.16375664324659261,0.34325738025251806,0.5213522998954172,0.3360603230059726,0.42501888920814307,0.38712837931211236,0.27553768638953785,0.8106940818743769,0.5737588324839868,0.4050308623263075,,0.6364479633347779,0.8191474645375897,0.8372445922886838,0.7495779194143396,1.1253285408295162,1.0617216559731526,0.7559805145021771,1.0662515443345533
361,proud-sweep-174,run_617a2675d795441aad41a7ecd81a1094,0.474473536014557,0.2639183236252092,0.5927072845519608,0.39490515173249574,0.14387198410538707,0.3524694916078503,0.204967416067223,0.5868295735938391,0.22896149185071654,0.14387198410538676,0.30845704509270716,0.4116667315617654,0.3532804171470419,0.27148591556789997,0.5774979130490677,0.3397503141459988,0.7801508777723325,0.6918415218120485,0.5240472278150041,,0.7147687288470095,0.885115850256263,0.7595425502043747,0.6624227916097898,0.9720524877479819,0.8982121732698697,0.6081334767746079,0.8589572043705368
362,atomic-sweep-175,run_6331107eefb56766fe6ce32d3f1e5cf7,0.3047224879264832,0.28609282384687723,0.6429834825437428,0.46387851507432043,0.13287804622158694,0.3746431353227667,0.23323074242164082,0.6374976189828294,0.306972027799075,0.13287804622158664,0.3359546593511899,0.3493058689757458,0.3499609030634434,0.24173035788398303,0.5952914378857382,0.3594598948610792,0.7575733755514361,0.668257027468779,0.5165847153097259,,0.6915056060996887,1.0545244683584993,0.8428879756102328,0.7450044424501122,1.006668231904095,0.9262572045425627,0.634440230074949,0.8399018961963085
363,light-sweep-176,run_a08f66d6d3295c5750247d88d49e8c55,0.5931717157363893,0.22501492736204678,0.5506598819015484,0.46394281898449274,0.15098324967459978,0.393807197006841,0.1651875978607101,0.5351819097118288,0.29145005317438727,0.15098324967459967,0.31944381329589483,0.4423789797301983,0.2604452018024699,0.2454535006225457,0.37978658541235744,0.2346472749367372,0.8233180292408258,0.6221394753847485,0.4536102954867668,,0.6640102357341567,0.827029925516591,0.7543878063428996,0.6313871652679874,0.9449228794858207,0.8499576685235961,0.6874131247306215,0.8923648860577379
364,atomic-sweep-177,run_ca84b588a1508f4a2e95a7332d6c3699,0.35960435867309576,0.276664881362708,0.4372908106343031,0.40841391932332505,0.21448793314295644,0.3648474440875466,0.1872237156702704,0.4115268442678713,0.16044320233472636,0.21448793314295633,0.2348813347715546,0.4323290704686264,0.2016302787301032,0.15379646479158016,0.3430914934886958,0.20532667181837758,0.7766094176764202,0.653449663135873,0.5082430640353421,,0.7071854437144101,0.8764312637011201,0.6592182029811424,0.4797385584231029,0.8281214803379513,0.6938051826653577,0.6417362170867844,0.8142738601823651
365,radiant-sweep-178,run_d1a4832fd93ec0d4e65e3fac3ef57c6a,0.33599227666854864,0.2676956509483039,0.6195270619608697,0.4062028541043205,0.15687979698959706,0.37257828301551354,0.20676126215010368,0.6128656562083323,0.2477431800756802,0.15687979698959684,0.3298286650929143,0.36144588421393004,0.37828683327060436,0.29677872489863666,0.5242864254424312,0.36282792784066337,0.7773035157421775,0.6680037712597798,0.516704481986217,,0.6925921104418624,0.994847121837411,0.7877026727903107,0.6926263172588698,0.9911090594453023,0.9173619145970346,0.6272079222480644,0.8690290240977493
366,leafy-sweep-179,run_87d060488ea018275746b7d20d354941,0.5095723271369935,0.2634288599083088,0.6655038232332853,0.5523458561076345,0.11697851538807053,0.38323021030401155,0.21771653644198302,0.6560015238509892,0.38505676056686394,0.11697851538807043,0.3380697377956467,0.35974986407016,0.4016899396813615,0.22681501346188626,0.6440375408414827,0.3566916487027713,0.7732746724742714,0.6396175625062115,0.49848242915554114,,0.6863933107157374,0.994233667608988,0.9040885176408264,0.7912061668069584,1.0768453326274006,0.9839852748211178,0.6578751775689216,0.8803519591236054
367,polished-sweep-180,run_8926cbd4b765e684f927bbb7a9051d3b,0.037332475185394294,0.3017915397093457,0.41944542708645133,0.3005119580540646,0.23689874725008117,0.3576013272456066,0.18227526311878073,0.39554273585675814,-0.0646105903593598,0.23689874725008106,0.24965818323292086,0.32761763564886737,0.2592886300682809,0.07349785567580798,0.44832628038228456,0.2517059334547281,0.7663151675188373,0.6784709788953207,0.5401570271629367,,0.7141144625801672,1.0922319655503143,0.5977625253203491,0.44028724240052075,0.7329978719867765,0.6114071470635886,0.6078199338717928,0.7412225817335116
368,visionary-sweep-181,run_97d1f95adc1025d12c9c16b0be1e2053,0.47255903482437145,0.27150885519305634,0.7211352689869114,0.5915910271313035,0.10884350953578421,0.3925985807528659,0.2460464913651938,0.7167269857683205,0.49970568594959575,0.10884350953578394,0.36528991243910064,0.3733799219571428,0.42726461965938006,0.30693100916259614,0.6409849268054542,0.4113516628491712,0.7583403712282233,0.6456315273193336,0.47570462085752574,,0.6764372909514033,1.0715456085974568,0.971459251851224,0.9077126310744059,1.1661506522427991,1.1136051752443443,0.6773935600507964,0.9354337501486989
369,floral-sweep-182,run_ea7d7c56e1527a1462f8b0998d8e97aa,1.0443523526191714,0.18584757946097483,0.5449127867424964,0.5250612123760294,0.14856364894150667,0.37622007658290063,0.1378750099302191,0.5237530272932599,0.38637251749808316,0.1485636489415064,0.27530859177869893,0.593274161629084,0.21230820933152583,0.3895239919547935,0.35833114634815333,0.18211302535136253,0.8404776841792031,0.5868816334494807,0.4032541544932611,,0.6754163361920263,0.7580147446323947,0.7792037889337825,0.6652897671240096,1.0751448700539905,0.9956849005355902,0.743114902391112,1.0492843775976088
370,solar-sweep-183,run_92297382b9f3aef036b1ccf9f4c32b44,0.3353542089462281,0.29124885001652895,0.6021388337097608,0.45497984319738843,0.1611165572163445,0.3747093062654316,0.2196128880153142,0.5944978094642036,0.24014047931145385,0.16111655721634438,0.3213117472556998,0.37173803652282517,0.41374327870701205,0.14108674137215468,0.5871372388724555,0.3774688425294716,0.7543213426916606,0.6926367925251684,0.5133974301397833,,0.6968476541142379,1.00564996909599,0.808952239265843,0.6777351369407508,0.9918073716590882,0.8880332498888682,0.625789265616319,0.8490526144030761
371,woven-sweep-184,run_1ecdeebcf87625615484c8828caf43f1,0.31812369823455816,0.28002962408674015,0.457530817165093,0.3831968936264932,0.2246081263175841,0.36310946029225233,0.201705178833641,0.4361751340172521,0.15576385625602807,0.22460812631758403,0.24614633983004436,0.3994380962318284,0.2259162500112389,0.16447722121125055,0.332338375058098,0.18935847934306613,0.7674475529331177,0.6546371715805582,0.5214339072587489,,0.6936493998771075,0.9061620157841906,0.6592350857675224,0.5051693830974197,0.8198979200758686,0.7020240784024792,0.6343355807554071,0.8000145811484453
372,solar-sweep-185,run_5fe06a4e7bfb70dcf99b2c8ddaf89da2,0.6486916542053224,0.23743346753010458,0.5512149990475932,0.4786684144139688,0.14944149189040326,0.3596486402668522,0.19453491977664025,0.5387738441862365,0.35839537011846695,0.14944149189040304,0.27818184572284566,0.4687214690629333,0.2520192055448572,0.2990437271866253,0.45383872006957837,0.25257271480592075,0.7979216397805953,0.6041937837677115,0.4742588746213651,,0.691323432225346,0.8101721915479535,0.7676822764894279,0.6756984027760254,0.9808041210810824,0.910609124601613,0.688405371413877,0.9200774976517588
373,royal-sweep-186,run_06cbbb83d2c18ec92644790de660744b,0.9435227513313296,0.1967849152920253,0.45632806334866255,0.4486285954542082,0.18869934985525022,0.3889153306912791,0.13686533084928337,0.435756074995238,0.2848663220636609,0.18869934985524972,0.2835345169162427,0.6009616447214859,0.18009626402796997,0.37283955346976133,0.33611336393891794,0.1589328635051679,0.8381638836305438,0.6157688290796293,0.40797171207243743,,0.6711471805132134,0.6424115485231717,0.6694977378193642,0.5382975916069258,0.9903666575162772,0.9068424298104569,0.7241008320495346,1.0280665884803109
374,trim-sweep-187,run_1e4d836ee2ed14ffc8b2c5df21b136e1,0.5114868283271791,0.2498801967080361,0.4570083539688157,0.4400267108549946,0.14788252149936562,0.3469398330738316,0.18959159249967325,0.4418242673270021,0.2663467959340143,0.14788252149936526,0.24895581455234575,0.4289325624191573,0.2776663221054305,0.2131494429013824,0.4264523649543393,0.2530752519710075,0.794244622582194,0.6551678443740561,0.5269132554272649,,0.7055575893354723,0.8007029791133478,0.6818506101559184,0.5496310315565524,0.8783135369070596,0.7801337612192607,0.6205284512255722,0.8316068622399637
375,daily-sweep-188,run_3e923b471f1195897931cb5a02f817b9,0.6155073642730714,0.2439271903501331,0.5665786824131268,0.5520886404669453,0.1350935546164212,0.3584440102142424,0.19922967123926558,0.5553130697433943,0.4251131501496308,0.13509355461642086,0.28776866000652146,0.43696569599288165,0.25894947530674345,0.2693920335429769,0.5063558058540208,0.2795708169034292,0.7940086608922128,0.6394903060147943,0.49119269305650204,,0.6943632850913363,0.8795725423328512,0.8278367861418969,0.7271769095344546,1.0079085585817527,0.9270125003109084,0.6567225798187702,0.872840457825153
376,earnest-sweep-189,run_c3b5bebc6ea4cafbccec85f18545d8a7,-0.027760118246078498,0.3237456531265456,0.2927208903643635,0.23829050528034032,0.320600375726618,0.3628487627229582,0.20790932364314746,0.2531443032463467,-0.17202779907501292,0.3206003757266176,0.2559404365847184,0.42566942622094306,0.27894241019054716,0.22975555768391706,0.3243230576729053,0.2945300440872489,0.7630558975486338,0.6798646258761878,0.5473056240083432,,0.734346026944541,1.0948784157246223,0.4972716887987885,0.3700025523944698,0.7477098885193543,0.6698453804328641,0.6029604991260641,0.8217982163616433
377,soft-sweep-190,run_6490a94da9a16ba1d8ecf22c8f3f59b6,0.47000646591186535,0.26630157627817935,0.6397398568668534,0.5425172507605175,0.13116989990459302,0.39111651108522744,0.20951865984321785,0.6308253285803698,0.3342220463482803,0.13116989990459269,0.3381064108482077,0.3677532738148995,0.3731307060919886,0.21366173950983827,0.5732379634323032,0.33754684711457444,0.7693114270174086,0.6290903731940622,0.49427271241708615,,0.6769325890497151,0.992212274673118,0.8800616917949645,0.7440047313466908,1.0462451502997123,0.9346996166827682,0.6682449089727774,0.875597848060791
378,distinctive-sweep-191,run_713d9a82a64d6e461a7743de5606d9e5,0.7310146093368531,0.23154196446647177,0.6073090424229234,0.4677268567754062,0.11325403512683235,0.3704966886625258,0.18845890683019695,0.5979047048899291,0.31886825118096507,0.11325403512683226,0.32423124113568486,0.4710902941401103,0.3192781111843476,0.21589992444316733,0.5897104425605392,0.3188039139824304,0.8019330736601217,0.6537203530750474,0.5126259139407509,,0.6884610743803218,0.8123704979551234,0.8007523754985947,0.7033375841687639,1.0058239019608095,0.930140372305911,0.6298202925805781,0.8758715407154811
379,good-sweep-192,run_19bf7b5379afdd93540267d791809945,0.4553285241127015,0.25894424470110683,0.6051538817382787,0.6397694952143048,0.13550993577238704,0.35485403726460485,0.22734692726979186,0.5976108193420231,0.557272524917765,0.1355099357723867,0.29585985153791616,0.4818949752974504,0.4172548040249162,0.3192114420713213,0.490582084533054,0.3642574002983678,0.7930978997023506,0.6333002449788112,0.46614165478602976,,0.7033730609278391,1.0354628164424453,0.9179152190989643,0.8481615316446987,1.1622343278795175,1.1079703367915295,0.679913172541007,0.9851407034748038
380,dutiful-sweep-193,run_5705e76bdd7d36e1a608da609dace8c1,0.9173581004142763,0.20466502487039456,0.5680970910773085,0.5211436203101427,0.10620096456170147,0.38128414679744593,0.15641569051542303,0.5501700726550385,0.38800484752553593,0.1062009645617011,0.2913363102285131,0.5493031299871767,0.23180732646834054,0.37189754067830894,0.4334334592382403,0.2010409644674999,0.8232703226032556,0.5859801461343845,0.42323952460643516,,0.6703737025478846,0.7753416417603267,0.797629456756495,0.6911589822811979,1.0630094525761964,0.9856353711026531,0.7316409394258045,1.0144332458198309
381,glorious-sweep-194,run_8a8960d3e763fb9ce39dd4f9388640f7,0.6684747338294984,0.236803058763835,0.5427957223325804,0.5086884475552147,0.16866551478808825,0.36015648232079833,0.18850759693816085,0.5282973686358814,0.38109959686394745,0.1686655147880878,0.26795564474016736,0.48166705416111794,0.2821885454424453,0.3289044259276996,0.41775581851731386,0.20938285817219734,0.8008286312884854,0.6252189866951496,0.4612523350514472,,0.7003728014768289,0.814432400490123,0.7806835604126621,0.6781372475692953,1.0145336214914675,0.9379135216952902,0.6858418830428386,0.943499197759992
382,visionary-sweep-195,run_e84a2ea25d9fdcfca90510a6c198a4d5,-0.12922778725624115,0.3563629001878413,0.559095485591445,0.5839438082754185,0.19682779852397803,0.4152154900596096,0.24847074621434392,0.5436175134017254,0.24110009150941036,0.19682779852397794,0.30529200120861627,0.36022792955164135,0.3299410783571019,0.2265472655875873,0.5805707166068214,0.37007193873134686,0.711153869664552,0.6499199950955723,0.5204446264765243,,0.6764479322719171,1.3887885111648781,0.8835002262943805,0.6445052107836166,1.0346601325188596,0.839842786888687,0.6602737713395005,0.8520037517996087
383,clean-sweep-196,run_c611c23528aecbb52f4e0d16911463d2,-0.02584561705589295,0.34309612708630705,0.46456230101499346,0.43963099448470305,0.24463622384913236,0.4090336889822192,0.18778493323048592,0.4387003727992597,-0.13975712907773355,0.24463622384913236,0.3030995904576715,0.4273923381838675,0.27390593786943934,0.18704657919100973,0.4611380349294614,0.27723895040367136,0.7335408930532166,0.6625231788320934,0.533793697412362,,0.6607510633741573,1.208905609577828,0.7258157447021784,0.49724566702047573,0.9052533300590764,0.7347981693608844,0.634223444121162,0.8336153030015572
384,ethereal-sweep-197,run_f17de933d59c17239e09cb4fd1c5d971,-0.341097712516785,0.5102236413537901,1.1175868731121938,1.3702915935003586,0.0,0.5732787383194335,0.51022364135379,1.1175868731121938,1.3702915935003586,3.1808907468589196e-32,0.5732787383194335,1.0,1.0,1.0,1.0,1.0,,,,,,2.21928874747929,1.84038790323311,1.84038790323311,2.5272569387315498,2.5272569387315498,,
385,golden-sweep-198,run_3f2134c471e8fa750b9fb2083b71bf32,0.5255264043807985,0.2371669532549337,0.6360880568178725,0.5370118467588355,0.1222513106170638,0.35970604156651337,0.19062433531596035,0.6292307273667311,0.44000197858185147,0.12225131061706364,0.28885848745980913,0.4539275146974777,0.3081272598056289,0.3243567559514308,0.4192863163161295,0.23594482642388867,0.8059575055127745,0.6024560310271656,0.4453157029999387,,0.695664267984373,0.9581831414325164,0.8655852952204652,0.7911198939687089,1.0749129291565853,1.0159087501341604,0.7094845778957786,0.9537128856411878
386,light-sweep-199,run_12a5feafcf0c8d3d1bbcb5af3b777fe2,0.10306328535079959,0.29872150027035815,0.4709134942447414,0.3632379491999108,0.21672147379257667,0.3665128790179914,0.20097738985144376,0.4492639255489945,0.03343803328963958,0.21672147379257656,0.2762349849760071,0.31469617555671786,0.2608012991876801,0.10075854803179769,0.49002220764583804,0.2783473510520618,0.7582467670047878,0.6715881467721512,0.5284041586240351,,0.7037299413425673,1.0761955198226993,0.6655342677312136,0.4933032415274308,0.7874891409371975,0.6484993243411694,0.6234593880978069,0.7522665047553123
387,glamorous-sweep-200,run_7c888d91a10b38fd98dab43f9d384a42,0.4406508803367616,0.2743866968374494,0.5936107104955237,0.46020329928523723,0.13942867259654637,0.3750871981548672,0.2054261281369883,0.5855778388527576,0.2465362451462919,0.13942867259654598,0.32068511640106656,0.42389336856228965,0.39917059968065177,0.14815609403101027,0.6382641360234462,0.40544060836427676,0.77630579258777,0.6951491319858513,0.5211553922847213,,0.7059912512329021,0.9364999679423689,0.7996554331018982,0.6677435283457662,1.000210875489967,0.8982507463991749,0.6101354837220704,0.856293344745705
388,efficient-sweep-201,run_7d4a8054b3aabb3f56db65ef33c8a22d,0.5025526881217958,0.25342944931487893,0.4436474461890119,0.4043924517102366,0.19908428931605293,0.3403490477363558,0.18400760590739124,0.42464284742441966,0.19938169317141896,0.1990842893160528,0.24196322011724228,0.4530889614166525,0.18972533855288135,0.1869248369143016,0.42856301061430296,0.24009255294462428,0.7903021613373047,0.6661610059417674,0.5143261560456355,,0.7180688896170215,0.7796217926694325,0.6516001820827638,0.5039180553149397,0.8371433586861664,0.728120602767464,0.6255403585661176,0.8170232223732025
389,stellar-sweep-202,run_8e733114c0371852b253e83da719c42f,0.5121251940727235,0.2555795019770747,0.6193746768619554,0.4400959612197956,0.14153844640649949,0.3683999467443497,0.21701693646965975,0.6140847369996465,0.28094378354314553,0.14153844640649935,0.32895090355226336,0.3439283560402073,0.32545869133240374,0.25207249199203985,0.5640416739894034,0.3532148087464262,0.775127830980749,0.6698898627695297,0.49704623647610907,,0.6960886867988295,0.9029569600365264,0.8016422688772574,0.709313629110663,0.9645625652709494,0.8893123408080743,0.6422637179107883,0.8368113875993718
390,soft-sweep-203,run_d8271420543295a4d67004fbe21ae83f,0.47894060611724865,0.26162732591364424,0.6163215325587091,0.46961640244354863,0.142801523889459,0.3733444309179346,0.21204029490829582,0.6082886609159435,0.2938095120322501,0.14280152388945885,0.32694983046685594,0.35571356209190075,0.3460688280514068,0.20568357649863253,0.5910205408574488,0.33710336752920655,0.7742158709565743,0.6616616892175575,0.5097975588847434,,0.6930353832742988,0.9337530127892478,0.817826787653878,0.7080255722954769,0.9784897343613334,0.888764151319454,0.6369848653982068,0.8332773994250793
391,confused-sweep-204,run_5f67ed62885fd6336ffb6d901507e5b8,0.473197102546692,0.26625801144473804,0.6385207760755396,0.528058763880988,0.0822016727375258,0.40489920092607434,0.20560038747075404,0.6295082859397535,0.32423515445304574,0.08220167273752545,0.349219940254814,0.3432880204425482,0.353963131920771,0.2319433004501484,0.6121458172498917,0.3411249451107339,0.7691337630908854,0.626872249440223,0.4847736744885329,,0.6615828368540457,0.9818737863680989,0.8703149822047951,0.7373470260183607,1.0268312551789436,0.9168505304248634,0.6767434551456133,0.8688590003243651
392,lively-sweep-205,run_79c0d0514a78a16b56a7503147ded7e6,-0.341097712516785,0.5102236413537901,1.1175868731121938,1.3702915935003586,0.0,0.5732787383194335,0.51022364135379,1.1175868731121938,1.3702915935003586,3.1808907468589196e-32,0.5732787383194335,1.0,1.0,1.0,1.0,1.0,,,,,,2.21928874747929,1.84038790323311,1.84038790323311,2.5272569387315498,2.5272569387315498,,
393,daily-sweep-206,run_b117c442c5096478712e80bc68b745b9,0.5414804816246034,0.2542956207091842,0.5421807396119622,0.5359533054683054,0.1400647194017226,0.33524033206651854,0.2075684928874003,0.5308171650929275,0.38553656666584196,0.14006471940172202,0.2597432726872656,0.4345750184670245,0.23665060940671187,0.22344794559908054,0.5199165321425872,0.29952476583036797,0.7856642525002115,0.6503420266878103,0.5111744723349259,,0.7212961931582126,0.8896325358145254,0.8036617215971198,0.6881060864672861,0.9698763347773153,0.8765146480430072,0.638083777770693,0.8378179094855586
394,silver-sweep-207,run_68b0fef5e1895d4c9572a0cda58b2857,0.4923421144485475,0.2472611814270301,0.5845655664099704,0.5797046966586697,0.1494873921753129,0.36381740965473913,0.19836606248222152,0.5756510381234862,0.4580614844310346,0.14948739217531265,0.29021459316430226,0.4611277362414081,0.32783561590155835,0.29634858304334405,0.39851796088231506,0.28249453998724944,0.8015722308979879,0.6348880356226441,0.45229380210185965,,0.6941268602417553,0.9672078192006626,0.8596002144026144,0.7619340758599205,1.0709108232983258,0.9942238172629886,0.6875044765660293,0.9384028282964665
395,splendid-sweep-208,run_218bc61db06e107eb93786fbd5dfd137,0.3449267148971558,0.2740868682778821,0.5099186372418296,0.5646081171320455,0.09975115488395428,0.36156839484440656,0.20664850611060834,0.49630194018884866,0.40219127940049043,0.09975115488395406,0.27331389661547606,0.3499276164504896,0.2536225455875705,0.24537900797071374,0.5159672307398494,0.21464356014101682,0.7772581998204692,0.65053171630365,0.5152280447096618,,0.6965934417174307,1.0039523651017466,0.8086550277468973,0.6713993194357327,0.9491614951303424,0.8353212771601696,0.6377662890847308,0.8085359790576052
396,hearty-sweep-209,run_67c8b480f4e95705905896f9f105ce84,0.5044671893119813,0.25381384490406766,0.44169365152793294,0.438493309920115,0.1927893930998758,0.33875297270966825,0.17553552712167145,0.4210237013252059,0.22697301709000095,0.19278939309987547,0.23475616804868277,0.438952403929493,0.32481765423341274,0.13800529962008748,0.437897952556279,0.2543293440302632,0.7925284534973794,0.6729011861294824,0.5228763089399457,,0.7247282262171965,0.7955642218659313,0.6721540987822384,0.5095001755116451,0.8769391750002796,0.7594877306361209,0.6145608946349082,0.833616385008636
397,helpful-sweep-210,run_a005fab6dfefae7e993cb99631f372c3,0.5580726265907289,0.25392660094356306,0.47759122697216255,0.31774045952563496,0.20282516253618746,0.34783752562130926,0.1666534263741502,0.4579008952624561,0.008572205871441923,0.20282516253618751,0.2652370554089962,0.5044843484509483,0.40106574916133414,0.13873192222967146,0.4875644765475881,0.28937547516387624,0.7931980160839793,0.6728547244990772,0.5385895353787586,,0.7127266116907389,0.7241216631676991,0.6273205706551387,0.48736031549348113,0.9100196907731989,0.8198321879176037,0.6022380830669599,0.8929140204543918
398,fluent-sweep-211,run_b5d5c2e55e9620ced0296e37d8e0cb8a,0.6040203571319581,0.242656122268549,0.5671773381588615,0.4050750624489898,0.13705579179630767,0.36755088585352946,0.17069726797241552,0.5537565648044847,0.18868745826428876,0.1370557917963077,0.30165419384259456,0.4743630025714311,0.2965127588285273,0.15979844416775735,0.5469503248501623,0.30457897188767796,0.8031496964839857,0.647133516356637,0.5264899770097965,,0.6913140991135859,0.801608268860125,0.7380094395151281,0.6094151682256914,0.9397518555068446,0.8425333609885555,0.6224761354022833,0.8520282602475611
399,avid-sweep-212,run_0a7abae62a4fe0ad44d9a53403f9c19b,0.1432675123214722,0.30475651102062157,0.5096410786688074,0.3506145969876092,0.21944516391319607,0.37405636648178664,0.18496346960584054,0.49661215271163844,-0.034006875571934096,0.21944516391319574,0.2843955364111593,0.41696147581775217,0.4072373297516543,0.04907788738839399,0.45282626534097403,0.3367250149322869,0.7620602647635247,0.6893192306313017,0.5291989222911194,,0.6963885305857211,1.0567190639575534,0.6895949214553072,0.531028796672726,0.9042394095519365,0.7899995803705004,0.6122021829688078,0.8466990415263602
400,northern-sweep-213,run_281c993e364eb049aabba68d4826e84a,0.5465859174728395,0.24940610881470335,0.4595934583253966,0.4476491974377364,0.15583966374762714,0.33856562124549655,0.1874107881903423,0.4445073335328855,0.26345806643088554,0.15583966374762684,0.2412991189697743,0.44979437850654397,0.21780231986322787,0.1777922506358479,0.4755451269258841,0.24015208299022373,0.793352268985507,0.661344446884751,0.5265825973832435,,0.7195752676072634,0.7856209525821561,0.6883453769847222,0.5496541875235212,0.8690122414996762,0.7638603561660955,0.6176689287066571,0.8141730917622381
401,devoted-sweep-214,run_0129f2135a27de17cb33467f118b66a3,-0.0015954673290255465,0.32710014530153264,0.5275953087158832,0.4198847476071526,0.20801271437892002,0.3884593092550826,0.21436460690425735,0.5091784810471034,0.08247223802339694,0.20801271437891958,0.2827404656042645,0.33542596292781157,0.3097317705827957,0.08894018240057895,0.5315323544867404,0.2814874703560242,0.7352096622583217,0.6659788925437428,0.5250513089439212,,0.6852122511757712,1.2074160389965753,0.7494361321076094,0.5585844433022101,0.8820483084663026,0.7268915205579795,0.6381694777436,0.7896929686171649
402,swift-sweep-215,run_a56f40fc26d4b45cb963665fec1aed78,0.2281430363655091,0.29383711365039983,0.5611363574519037,0.563945292211807,0.14128599483949655,0.3245820268558358,0.23714645215684368,0.5517320199189094,0.41801498775752455,0.1412859948394966,0.26113924040541286,0.37120000084222227,0.3509043916911634,0.24033330140791107,0.5764887158193975,0.3338556980161303,0.7632668641746658,0.6759390556804575,0.539166556017611,,0.7379908126778645,1.1084545442070717,0.8480852278047584,0.731698839389746,1.0187894689874282,0.9241572485585656,0.6110855392853274,0.8319308654105078
403,smart-sweep-216,run_bb688ee54881aebe3be6744220ebee5b,0.2396297454833985,0.284919135981221,0.6321097172712182,0.4780303217668736,0.13758774331249243,0.3608134083058086,0.2296584260794467,0.625938120765191,0.2984839116563205,0.13758774331249193,0.31108953247438687,0.29633084737257936,0.34278181145335784,0.1814962381210825,0.6232684513868821,0.36918102006894493,0.764797777943369,0.6721775052292311,0.5241540249737316,,0.7157759265531062,1.0982889452010711,0.8421725460055829,0.730502682550862,0.9733996214635727,0.8785706545485722,0.6238726354688171,0.7921295923690191
404,devout-sweep-217,run_4ccb17d0ab5ac5b67106afd91ed1c21b,1.1483725905418398,0.1779649072453443,0.6702059919997826,0.5838399327282169,0.08783265411840309,0.40339640301133595,0.15859136955023126,0.6645242047402656,0.48664704572997297,0.08783265411840281,0.35183568559075923,0.5751341076597994,0.37222145352755104,0.4985390926795006,0.4400771653316795,0.362656485358636,0.8501843769868025,0.6260804264131296,0.3587445021933373,,0.6578474066046754,0.9011434760262086,0.9064858779767865,0.8387901932540764,1.240800518278761,1.1922408596792458,0.7572774801071865,1.1363707410290826
405,easy-sweep-218,run_beae86e16c99b842232e9f5508c9405e,0.5995532870292665,0.25404704489484214,0.6213720101227244,0.45728489105433673,0.14100731453825954,0.3786636180198625,0.20893437854765104,0.6151024517673952,0.31452031756238663,0.14100731453825927,0.33572744587336467,0.42636308628093583,0.3526843582907902,0.24732071214975146,0.5916882368434213,0.34520819526912544,0.779872229659374,0.6695898358912147,0.5045810506025892,,0.6853512219407384,0.869235420631026,0.8122515297433016,0.7217531647792743,1.0134553863661613,0.9424791262691975,0.6348756155685649,0.8777279304134143
406,dry-sweep-219,run_78c91a2a79ad6257443c12704880f61e,0.46490103006362926,0.2578397480415045,0.6306239625568043,0.41922192268691394,0.15047752689264912,0.36381740965473913,0.2204303693016558,0.619456311736374,0.28938738159424254,0.15047752689264893,0.32565989570502746,0.3591342179308046,0.3036854154431076,0.3038433951622344,0.5574181496778597,0.36634856280475797,0.7723224163351327,0.6418981188133299,0.5051438134298912,,0.6889359442779179,0.9272348732867652,0.7999468346598199,0.7183736677290363,0.976441480636501,0.9108148842173173,0.6518870184315798,0.8593484227162764
407,eternal-sweep-220,run_756323b2310e65f44b4baac27f82e00a,0.5599871277809144,0.24593117268843712,0.5880323274102696,0.4655009521925159,0.13795658488765908,0.3693359068249348,0.19463742526709066,0.5740237829600808,0.2710014097395691,0.13795658488765877,0.31037042174807683,0.3987616079944269,0.28372681266729544,0.22666198427140868,0.541538264380033,0.29189401225162803,0.7875019236120466,0.633687536605156,0.49222774105676437,,0.688582512000457,0.8695311853465445,0.7892751714526356,0.663949391745514,0.9559511889328258,0.8554040999140313,0.6611905324936949,0.8532644956927434
408,warm-sweep-221,run_7f82870344ace04aa640210feceb46f0,0.12667506933212283,0.3119011437050097,0.4860758115867099,0.3919422254099374,0.21270929710270847,0.36913739399694023,0.17965368520051353,0.47040191569838646,-0.08582098780698917,0.21270929710270803,0.2676518961961277,0.45265567815131497,0.4115945995023928,0.07754834041013521,0.502955485087114,0.3418942394883289,0.7593651152758958,0.6977052192799048,0.53134688393928,,0.7039471012418574,1.0735850395730304,0.6979761644307534,0.5108019683272613,0.9313923708706198,0.800774420951077,0.6073903402180645,0.8655888445403765
409,noble-sweep-222,run_2aeafd274570392253de1ac4b0e0eb88,0.07753670215606691,0.3009689331484817,0.5065770497156384,0.3565948606336407,0.2086618755512133,0.37109780782842106,0.21309610145993435,0.4860050613622138,0.09071797788934774,0.20866187555121318,0.283976985267797,0.28193058812496835,0.25223044863690053,0.17796975598335626,0.44646549488795956,0.26114120140126523,0.7485522849733001,0.6570241285307262,0.5208861351714251,,0.690999889093712,1.1111789854915504,0.6887397916843931,0.538368479425982,0.8056927394697679,0.6816295984068488,0.6406313271088374,0.7649750238132408
410,peach-sweep-223,run_1442e5042f10e4d067113e306fe9a4c4,0.28940647840499883,0.2634544862809214,0.4763231652561978,0.5036232780154821,0.1462891258946458,0.3138734955079497,0.19264881875235443,0.4670167895725054,0.34459476170454867,0.14628912589464535,0.21448314514476677,0.3531251370332876,0.28639360994128654,0.18905745511817718,0.4857547003961205,0.2685331427271933,0.7965798238072912,0.6840125395167445,0.5344432411343218,,0.7549818157146584,0.9927050502800558,0.7415715948310635,0.6115257957792967,0.8901628018604397,0.785127494397721,0.5983067265127853,0.7748756819943354
411,glamorous-sweep-224,run_3d92dc935731965af10d1215b7fc4571,-0.341097712516785,0.5102236413537901,1.1175868731121938,1.3702915935003586,0.0,0.5732787383194335,0.51022364135379,1.1175868731121938,1.3702915935003586,3.1808907468589196e-32,0.5732787383194335,1.0,1.0,1.0,1.0,1.0,,,,,,2.21928874747929,1.84038790323311,1.84038790323311,2.5272569387315498,2.5272569387315498,,
412,swept-sweep-225,run_9134792dce7012e806aca1be59c37473,0.11582642793655398,0.2926301115003472,0.6684916596369969,0.48689931491603394,0.13582468058319594,0.36211450443146,0.2573887238835231,0.6665324226509565,0.4019043850320278,0.13582468058319563,0.33347125590057436,0.4040317919595857,0.45479228454586984,0.3045487341570092,0.5572413418448333,0.3849756798009296,0.7562475171609566,0.6854977109222434,0.5095753505372305,,0.7108528645177334,1.2106671497176107,0.8772596103928616,0.8197814100937604,1.1101405615956015,1.0653023997008908,0.6315404179670746,0.9282623239145222
413,legendary-sweep-226,run_ff4ed3d714420bf3b2d0b8f160585ace,0.2128270268440247,0.3094461372087242,0.6160711856104929,0.48575668389681687,0.15818549616568697,0.39456616974680453,0.22941497553962714,0.6091158943100493,0.24501273712066934,0.1581854961656869,0.33979097954520626,0.39659499400974535,0.3845481492750727,0.1549808979557088,0.6030361071873785,0.40815683612847947,0.7477032926343683,0.6804144039243163,0.5193020022380195,,0.6886830227814567,1.111370573371982,0.8433624212183936,0.6954744028750024,1.0200216275349179,0.9015922538320593,0.6299675760060721,0.8520816239859874
414,icy-sweep-227,run_5423c889f6dbd7aec15adba4b5967629,1.3162094354629519,0.14926080728199004,0.5434923399276173,0.5771226473425171,0.08834657337980191,0.38408804083783565,0.11572613608116364,0.5281123295871997,0.46745480177083026,0.08834657337980151,0.2888305840502516,0.6524371751008496,0.23616552566226331,0.5163094211920952,0.4075509892311821,0.18849878129557682,0.8749171654180454,0.6027485545394744,0.334395684979393,,0.6657363353342742,0.8534886529482573,0.8066803965797751,0.7147091456899801,1.1826906204087058,1.1219772744175915,0.7851646519053089,1.1681213001988326
415,cool-sweep-228,run_c16c880bdbf059fa17ebe96efdf8bdde,0.18155723810195926,0.29380379936600354,0.6880404908977117,0.5182746766255286,0.1249659846102902,0.3739886010585757,0.2534422625011851,0.6847097880214427,0.3983478841540326,0.12496598461029021,0.34215958039649946,0.3348035303189401,0.4161621579640656,0.22086219923591824,0.6369539337266747,0.4168341076107976,0.7531015142626374,0.6748907202045475,0.5188873130970412,,0.7036356059384876,1.1882158524650954,0.9101258319968504,0.8317099921511603,1.078143537176112,1.012820797441849,0.6309709371813451,0.8556803025979766
416,neat-sweep-229,run_bee8317b1b043d535f94507beafebf2c,0.3927886486053468,0.27930439774180404,0.6369697134615909,0.5003685108698339,0.13322803589402282,0.3780808353802477,0.21431079152177093,0.6298184984625431,0.3085499468256124,0.13322803589402257,0.3294188835925561,0.39032286026140683,0.3900744971291125,0.1733258840681501,0.6232562652758978,0.37252901123092785,0.7693831774469022,0.6709580590457609,0.5231261829433633,,0.6968902946838365,1.0123263741501343,0.85680219953928,0.7333508887663454,1.0337610554555292,0.9339996984451173,0.6235874879642683,0.8505370455111101
417,crisp-sweep-230,run_a5c80334c8b9c2e6b7d6cddb0a7e7017,1.1860242486000063,0.1640369737304054,0.5480312389452776,0.5152375534835406,0.12285047326472337,0.3875584277465126,0.12639695763704345,0.5346104655909003,0.40511958054064745,0.122850473264723,0.28997621832265436,0.637826012528146,0.20452253843106027,0.49644137960391194,0.4478401616685952,0.21019621103295857,0.8621526860807062,0.5940275127753794,0.3611997959508068,,0.6640262505033909,0.7748632114423792,0.7698805778367382,0.6825733772691768,1.1348222937963037,1.07750264488006,0.7693381850859867,1.13445439635019
418,glowing-sweep-231,run_0302912f6c819cba0868c8de53b5627e,0.5893427133560182,0.2507771197494766,0.5718686222754361,0.5921895481413697,0.12290620932497075,0.34641365449360495,0.1947322428457574,0.5596233911126836,0.43438280612371016,0.12290620932497041,0.25980944362993064,0.43994150266400184,0.27035311972963094,0.27537315497664117,0.5895937390284899,0.2314704082918281,0.7931094825954328,0.650535021917357,0.507384449317322,,0.7167936517985628,0.9199791242984172,0.8605877909085908,0.7347022584286149,1.040711802304808,0.9392854295344417,0.6384352260587051,0.8660653829060616
419,dulcet-sweep-232,run_2f269621374abf1b8a9f6e002df92852,0.3040841221809388,0.2865412853675975,0.5571580179052491,0.6175450745678035,0.12011366877698693,0.3158697851517188,0.23524753794625114,0.5481455277694631,0.48774515865753243,0.12011366877698668,0.2405305793465344,0.3819677991389316,0.31692919257834956,0.29296129574646956,0.6006119183486326,0.30269879615836653,0.7701694941005572,0.682733046629157,0.5530395674374684,,0.7429269463728088,1.0844749351827982,0.879711818869779,0.7705194764036127,1.0516951638911483,0.9622214386564829,0.5943517556293544,0.8279032811340645
420,deep-sweep-233,run_d95630395421fe360ee40172b559fa98,-0.014358609914779944,0.33696886139463844,0.5558681868894393,0.70089283506047,0.11712851096197163,0.38567614346179263,0.2659786839832609,0.5399004054532095,0.5123587168896696,0.11712851096197137,0.28182284204995994,0.39946835537100833,0.3313536254168188,0.3854741457289106,0.5522912990656672,0.3329331516865062,0.7347933790691391,0.6449266423990205,0.5306309425233472,,0.6918384624969567,1.3524657470498467,0.9559227065952847,0.7904103762697172,1.1540141810348674,1.0211312706797089,0.6455377240565572,0.9136079368225962
421,silver-sweep-234,run_48f87d44fbc8071d52a1f87ef27cb0ac,0.019463896751403812,0.2998234342926993,0.44094805300824524,0.2898424554200774,0.23001288486569255,0.36107330863482967,0.19935780310232842,0.4222373397915588,-0.04385032028293717,0.23001288486569244,0.2749570088182748,0.30316435794782426,0.24331974978068427,0.10397045834264491,0.40104721365180707,0.24907186078471813,0.7646188980875595,0.6581683941004952,0.5306237683846563,,0.7065007231933175,1.1135056731735333,0.6069084990068687,0.46898907808280055,0.7281901612477344,0.6179593353386501,0.6265517989238957,0.7446409480454327
422,young-sweep-235,run_7d98d6678a28f104ff519fdc18f35edc,0.20899802446365362,0.2923892235977889,0.3856159351274865,0.43918086711349646,0.22039513588123633,0.3282764382812456,0.1868956981008295,0.35230890636479906,0.1492691613286177,0.22039513588123588,0.19376287044765822,0.42760736562927626,0.25952764996417493,0.14558141514754866,0.4467335337452741,0.2673574177237848,0.7727421399357597,0.6692900504905723,0.5442865350070867,,0.7442505123914461,0.9834956068865846,0.6535066499576927,0.42583195041742233,0.8357437108418023,0.6728517360228818,0.6071984583654287,0.8000541084914525
423,true-sweep-236,run_7b42c4c02a73c12137013ee3e0b7c9d7,0.30216962099075323,0.2949851751434436,0.6505102179651149,0.5363440753839683,0.14799399361986043,0.39274367848256475,0.22233440878677055,0.642379384473047,0.3413053693764997,0.14799399361986013,0.3398914318196133,0.3776142684204185,0.36676729355081966,0.21001734614606934,0.5855494659770519,0.3933384424192969,0.7538495468830109,0.6519888838255478,0.5185186095738907,,0.6868826415850917,1.0944385541201909,0.8932215651398667,0.7606400055819851,1.0578576621863796,0.9485732903193518,0.6430599597839588,0.8571722002566727
424,ancient-sweep-237,run_7d6e40f2f17202f44581ff4699325679,0.47511160373687755,0.2704504860041566,0.556156630112384,0.589355229639156,0.1346837306440138,0.3499103503312932,0.20328888866109873,0.5452828648398595,0.40636114065243784,0.1346837306440136,0.24971638177285502,0.4409605504102001,0.31644928244222786,0.27618853025997936,0.5778530680599111,0.23332499830375109,0.7798385855343635,0.6635837498599456,0.5267030630851479,,0.7204327614105337,0.9654830979632207,0.8542793742686697,0.7097810589001228,1.0491233049190667,0.9352302450182065,0.6210128277827979,0.8697835316296935
425,glamorous-sweep-238,run_16fa4a1678ed7fec9fab987874c3bdb9,0.5229738354682923,0.2595003369867998,0.5582138289477268,0.587015556599807,0.1245594392296621,0.3456299673051765,0.2009645766651376,0.5451849029905574,0.4198204436969803,0.12455943922966188,0.2584230427950605,0.4195032792607156,0.2540387956055495,0.2559226979110132,0.5936555688534648,0.2558132841696328,0.7863418432707348,0.6567495862930679,0.5162640484274283,,0.7156841513592117,0.9400765416531225,0.8506058825419243,0.7168420638250458,1.0146652185347587,0.9054709728965445,0.6304531110960978,0.8387408798788888
426,icy-sweep-239,run_182c9a588cc897246594545a716e79ec,0.20134001970291143,0.3008023617265,0.4920569267190944,0.35906808794796324,0.21507480107144383,0.36749428179414145,0.18243927190350134,0.4687420065852133,-0.006390819380209234,0.2150748010714432,0.2764845211814782,0.4377512400346643,0.40368346792600757,0.05747853015356119,0.4824337392069807,0.3625699449755384,0.7648710523677202,0.6688648404968713,0.525343929781936,,0.702581199338614,1.0044439631174018,0.6793614441040106,0.5030347892964881,0.9052194449924034,0.781622844535541,0.6246875225812354,0.8649420632192365
427,dry-sweep-240,run_e6cf8c40ccb0d895f4a614c67f1a9fef,0.38959801197052013,0.28164152292407163,0.5669868567852187,0.45278361734226974,0.16333944244268206,0.38435591356958754,0.18435868721218363,0.550039456855969,0.1549377983330451,0.1633394424426819,0.3098059756347426,0.41696310044032625,0.34684865480993726,0.11952835509582949,0.5598115898323375,0.36373743008949894,0.7675515336499967,0.6555543068824551,0.5220990832294966,,0.6853465902251203,0.9481970717583315,0.7783373608761971,0.6004475422560247,0.9561685476315934,0.8179159462594477,0.633296463961218,0.842326335460295
428,curious-sweep-241,run_59c8e1d928d65533bf9f77843ddbf1ee,0.5548819899559022,0.2549439679362826,0.5479060654711693,0.5924269779635446,0.1288740660111669,0.34103467437119667,0.20152835686261436,0.5354649106098125,0.4401602651299679,0.1288740660111665,0.25556413917582865,0.4393847834729983,0.24459175714516346,0.2605293235003033,0.5445582202064833,0.268251525982336,0.7895663519668512,0.648901326080101,0.5024599521819492,,0.723221025128171,0.9215751861159961,0.8462666291342296,0.7218569166485859,1.0182960530222582,0.9175167857472153,0.6442815364696082,0.8578218592750694
429,rich-sweep-242,run_f61be0c3cc1347b335074cf3dba957dd,0.020740330219268802,0.30770098123380735,0.5319981496095131,0.375856354957584,0.21723375375808585,0.36527077867254715,0.21332417617618626,0.5221040028300087,0.08038483417010822,0.21723375375808573,0.2622784967556308,0.317669866089416,0.28356291557281854,0.08883142312890424,0.3834620763597821,0.22815167359799457,0.7562321159677297,0.6824345774923586,0.5287657405044143,,0.7056044231438826,1.1761120404149488,0.7203956722539324,0.5697030063786939,0.8415361057297105,0.7167807252719993,0.6183302565622842,0.7560062161284864
430,morning-sweep-243,run_0a4194dae66ccbf0ae26ca9e913686cc,0.6110402941703797,0.24916778354940633,0.5648425807504965,0.44480003957163705,0.15993298558403196,0.37435772330500744,0.17688603695835436,0.5475033334240388,0.19495956273341097,0.15993298558403182,0.3104557264572956,0.48559486624953774,0.3327435133391812,0.14732496887271332,0.53107703952289,0.29853389401235414,0.7902042142793368,0.6448913966162766,0.5163116277174995,,0.6840425131502936,0.8174251458028898,0.76090656495442,0.6075012767743532,0.9732440941723146,0.858651889611281,0.6356656616371407,0.8788037890423197
431,earthy-sweep-244,run_e5ed52fed53524205ece0f3c4e8337c4,0.28302490711212164,0.2871793820456508,0.49854417807287255,0.36424207948952575,0.20441282060529367,0.3603813040778043,0.19561635270089142,0.48110696889711274,0.0766156357430816,0.20441282060529356,0.2947859688900899,0.3947158868934156,0.33002905160358864,0.13899818025093383,0.47807287144692784,0.31020853040833357,0.7633243131430626,0.6820813428086868,0.5305279445570442,,0.7023574738374716,0.9461880752698123,0.6809483001178077,0.5249758362112332,0.8647143388511739,0.7480908561045072,0.6144035027417768,0.8133461529772275
432,autumn-sweep-245,run_e85b3f770de43387858598c91e93757d,0.21601796150207525,0.29715316626646815,0.3541429698767315,0.4245047362303071,0.22296719113206498,0.32845661458295966,0.1870930211699463,0.3216196359084604,0.11376845645883377,0.22296719113206478,0.20046925562472936,0.43948396964151426,0.2815147099178165,0.12084687503325557,0.4451416858972732,0.29279136483525275,0.7687157701429659,0.6809472898998019,0.5457864813029809,,0.7443792411323437,0.9592962789891535,0.6276316741666735,0.38908386044323934,0.8251800876745273,0.6621079286148847,0.6013293169054456,0.8053555773987344
433,major-sweep-246,run_18eed2f55ba27c80f5f3125a5d6ed156,0.1081684231758118,0.3211497015808909,0.48568396418950177,0.45399549872628797,0.21529282742476455,0.3944250582184709,0.17783165010775875,0.45952815042586165,-0.027749610466697945,0.21529282742476463,0.29760341601512197,0.4797408403015047,0.3845604143529158,0.10090157392331507,0.5204890960551788,0.4033179396050966,0.7534094513274607,0.6691481721510415,0.5251518657958247,,0.6850715041273555,1.1123688180434033,0.7383345832074071,0.49351824454108595,0.9661040681628132,0.7948455016263207,0.6290871014754692,0.8854206316793672
434,genial-sweep-247,run_308f7877db4203566d4f3912eebaa9d5,0.2862158417701722,0.2862030172491114,0.5243135867642656,0.3846610441965722,0.1990556016379845,0.3682277428453664,0.19547028237699965,0.506484530191298,0.12133158558603113,0.19905560163798433,0.30025025372171704,0.39789379296298294,0.3487116812109359,0.14944119869318598,0.4915522920610469,0.3147043331654671,0.7675278275180195,0.6735642569691098,0.5198704765016042,,0.6931036557267941,0.9655861850336667,0.7104794319827292,0.5562882025321625,0.898350155690299,0.7821179854949937,0.6254022422740565,0.8326943878757083
435,visionary-sweep-248,run_04df1d90b5847cc51fbd7ac1047ea680,0.37555843591690075,0.27383060455175634,0.5093254238210563,0.3828506418024879,0.19532702313702222,0.3473432366520054,0.18614228274601946,0.49433726087784696,0.10851532164321234,0.195327023137022,0.2790787410300504,0.44748038523700134,0.33920436239516816,0.15077993806468082,0.5122637704062503,0.3118090807401463,0.7810986196110088,0.6755134642924403,0.5328274748757834,,0.7200428202382061,0.8921402738547469,0.6935201520275066,0.5392530500140369,0.9049878925327192,0.7929859622414499,0.6094747693076688,0.842313705685235
436,efficient-sweep-249,run_333558b4e387025e974b050d71f74185,-0.052648335695267015,0.3571803814741827,0.5736754741625621,0.866697994212648,0.1303412358323853,0.3687794331143314,0.2759499055668168,0.558393425671447,0.6759577572774712,0.13034123583238508,0.22260702352735753,0.5689745470075045,0.32898776957913173,0.5145873639178878,0.6475506639905254,0.36962929880829964,0.7271854233938833,0.6597448538898328,0.5470625350831635,,0.72826194383194,1.4793030390930328,1.0990208313484828,0.9191683511952626,1.3800767842830044,1.2416261919829275,0.6287715839543931,1.0450449021776642
437,lucky-sweep-250,run_8063a34be4d30d4e2496fb52710bf6b6,-0.341097712516785,0.5102236413537901,1.1175868731121938,1.3702915935003586,0.0,0.5732787383194335,0.51022364135379,1.1175868731121938,1.3702915935003586,3.1808907468589196e-32,0.5732787383194335,1.0,1.0,1.0,1.0,1.0,,,,,,2.21928874747929,1.84038790323311,1.84038790323311,2.5272569387315498,2.5272569387315498,,
438,glorious-sweep-251,run_6395fb05ed4a191f6d0dfe14af4c2420,0.42597323656082164,0.25995392378204263,0.458167569185556,0.3441940988796281,0.21531741686310904,0.3558410207226664,0.17863119293327143,0.43563634384609157,0.04804986026265716,0.21531741686310865,0.26929421115865326,0.42332992002643693,0.2678426461720603,0.20049399269972015,0.4380845811036549,0.2478256909990999,0.781703647956846,0.663979303855428,0.5240576843417856,,0.7031714170361556,0.8111065431257591,0.62925602233641,0.473283124820244,0.8289203140551912,0.717734394916623,0.6221609867123901,0.823547229242896
439,autumn-sweep-252,run_93ca9aa25a56875c279d83e07768ff03,0.5031907558441163,0.2613531237266896,0.6313858880513757,0.4827591323918582,0.09737253654810188,0.38577101505428807,0.19529858568049552,0.6222754360662879,0.27716963866148936,0.09737253654810171,0.3319716469469282,0.4119268699098632,0.3354793411470456,0.1759124817759048,0.603373385997814,0.3303428818709699,0.7796993857876846,0.6514638996317379,0.5060844733141178,,0.6789165139800067,0.937296081618239,0.8366659876078759,0.7086545452447414,1.0065710658242732,0.9029765225246902,0.6433990374438178,0.8527236698476138
440,trim-sweep-253,run_9627b49e8f09b4ca2f2421fa650e7e0b,0.3704530000686646,0.2733923935800811,0.49444610737707145,0.5174585116118022,0.12782655593769365,0.3074947760831107,0.21084354330728824,0.48043756292688233,0.34211658793559707,0.12782655593769343,0.21050092998077855,0.4040859118395188,0.2530620138376903,0.202282242015984,0.563922453330458,0.27062938871989267,0.7824620648007132,0.6651460668931987,0.5518313191767498,,0.7522026038244649,0.9531892201773922,0.7661485921198877,0.6263537429968703,0.9247851521499802,0.8127502222675582,0.6002541763609109,0.792810815181334
441,proud-sweep-254,run_07a718bb26bbb47a11ae1a8a4c393f46,0.6940013170242311,0.23200323917349822,0.6123159813872487,0.4899908490589369,0.11223685202731724,0.41030688169831314,0.1672863977776807,0.5995809409779856,0.3127940048969904,0.11223685202731701,0.3284813290314248,0.4741072409476709,0.30027771243367574,0.30704721769945403,0.3610136380679128,0.22687263801769442,0.8018815504709029,0.598939115147164,0.44879158079709924,,0.6429862801091863,0.8418177280187397,0.8178309093026033,0.6966506536026343,1.0383013871757627,0.9458036305520124,0.7098813103631577,0.955590837756047
442,azure-sweep-255,run_422a9cdf8253cf929de18f642dd37fe2,0.3213146328926087,0.29248147853919426,0.6449318348798607,0.4965251156233769,0.13693940178814398,0.3907665226053493,0.23440699292455844,0.638172467278021,0.33298543269111913,0.1369394017881437,0.34510378872494984,0.37703363700630216,0.36580990472620983,0.20215794570549864,0.6282247651904149,0.4057833559158106,0.7577239541142882,0.6790565016576663,0.5248198001975888,,0.6907568603765527,1.0597585053265703,0.8648813082584135,0.7570271030208513,1.0319199398289827,0.943360545894309,0.6224938825582871,0.8392483057262353
443,fanciful-sweep-256,run_c06af4eefbeda037f676ca93fdc6ac12,0.6180599331855775,0.24353254421189935,0.5750360554028682,0.4201172309746989,0.08810313794019195,0.3725424072032254,0.18352070482775235,0.5647500612261557,0.23869116810526014,0.08810313794019173,0.3150406552677252,0.4527116028974709,0.2932599654877997,0.20429333077929956,0.5336780421623372,0.2708301079116822,0.7924917930115841,0.657141790365461,0.5137421710668666,,0.6785154806891514,0.8081108633184834,0.7526440412741335,0.6399968394350671,0.9482394321173649,0.8615572657947227,0.6301254510651931,0.8542499937588037
444,easy-sweep-257,run_a1ce0323cc83600805c3be13598b5606,0.5976387858390809,0.23452999951309889,0.6271082206318541,0.5926940865134914,0.11483103777265592,0.3679821928412607,0.18152953567575478,0.6175079594002558,0.47651670665050827,0.11483103777265559,0.28074656768131434,0.4413409593349007,0.3192050899085643,0.3278938798965616,0.3991459021677173,0.2302093546690925,0.8083597361790942,0.5945534510445853,0.44188080415375364,,0.6960914277164358,0.9520743391317514,0.8941785734649017,0.800835328867533,1.097152427663327,1.022509340909009,0.7159678285714118,0.9574957231408756
445,firm-sweep-258,run_2fe646297942e6a3766e1b603c53b459,0.3251436352729798,0.2754578792126553,0.658646493782144,0.49676254544555204,0.11345730781714643,0.3734935148489987,0.24404507166415096,0.6567852186454053,0.40966537234437295,0.11345730781714615,0.35028903946100215,0.4253324298054076,0.4697253701633855,0.3380625525439241,0.5916317036018538,0.42080434568201125,0.7705956539955896,0.6835867080351661,0.5193214917540986,,0.6986888385958259,1.0658420818027523,0.8697501213276085,0.8116344853027792,1.1279632805198956,1.0837833853609873,0.6195123514404209,0.9484890311643327
446,earthy-sweep-259,run_826bed2c84ef1f47123e07568a500bda,-0.341097712516785,0.5102236413537901,1.1175868731121938,1.3702915935003586,0.0,0.5732787383194335,0.51022364135379,1.1175868731121938,1.3702915935003586,3.1808907468589196e-32,0.5732787383194335,1.0,1.0,1.0,1.0,1.0,,,,,,2.21928874747929,1.84038790323311,1.84038790323311,2.5272569387315498,2.5272569387315498,,
447,ethereal-sweep-260,run_1718bfbd5178df71cab3343d3f0f5c8f,0.22495210170745855,0.2888169072555949,0.6248278864731014,0.4769618875670862,0.14658993669039277,0.3675939368282753,0.22866668545933994,0.6170889003782418,0.2960997205253135,0.14658993669039255,0.3149282443892222,0.2886231048231795,0.32917364979101144,0.15983271078760017,0.6070858848757129,0.3674820319498589,0.7597187897880755,0.6745611554773697,0.5229335978245679,,0.710392354959684,1.1039029733421712,0.8374471540477569,0.7216385580774888,0.9583959618106221,0.8590502268763901,0.6254900907206626,0.780027523477193
448,usual-sweep-261,run_1e9d3381e18dd479801d8f0c5740bd30,0.759093761444092,0.2352782895933863,0.6734550600016327,0.6101896965350083,0.11256717014907759,0.4249282683064305,0.18472258170328248,0.6621894473319004,0.4651596468231398,0.11256717014907754,0.3580414038763418,0.47328548587860625,0.3944793117068148,0.3759378092775278,0.3922326957351596,0.3146760375868752,0.795411592077734,0.6007165515677877,0.41075631946445773,,0.6361340217608328,0.9401643470023974,0.9387380130543759,0.8300546930061187,1.1841331732983817,1.0999695942769963,0.7406023250700465,1.0341344781272774
449,zesty-sweep-262,run_4ddb16ba65d5298827f3a183e5d87a7f,-0.341097712516785,0.5102236413537901,1.1175868731121938,1.3702915935003586,0.0,0.5732787383194335,0.51022364135379,1.1175868731121938,1.3702915935003586,3.1808907468589196e-32,0.5732787383194335,1.0,1.0,1.0,1.0,1.0,,,,,,2.21928874747929,1.84038790323311,1.84038790323311,2.5272569387315498,2.5272569387315498,,
450,playful-sweep-263,run_b515e8661271f1bf7816f1ccf324e6a2,0.11391192674636844,0.3101713635536604,0.3962121418269885,0.43928968911532645,0.2249064781694967,0.3481827306595489,0.20467783805670084,0.36417861710522725,0.13581975119333206,0.22490647816949644,0.20694683284342918,0.39571949826957437,0.25278045995265214,0.13597399142270317,0.44423627292119255,0.27364834729916415,0.7544807859819846,0.666884685739213,0.5414174859261979,,0.7304845290490929,1.0654161467973455,0.6679564110500825,0.4392790540902894,0.8277358127149786,0.657226670145452,0.6176920100352082,0.787733602082173
451,olive-sweep-264,run_5bee068e1d7009e71404c6264eea63a7,-0.341097712516785,0.5102236413537901,1.1175868731121938,1.3702915935003586,0.0,0.5732787383194335,0.51022364135379,1.1175868731121938,1.3702915935003586,3.1808907468589196e-32,0.5732787383194335,1.0,1.0,1.0,1.0,1.0,,,,,,2.21928874747929,1.84038790323311,1.84038790323311,2.5272569387315498,2.5272569387315498,,
452,volcanic-sweep-265,run_a0422c2f532acb3a773b236b3a0fee46,0.6123164296150209,0.2257888438149469,0.5707692726332689,0.4304899463309671,0.14848742168263893,0.36632552755381975,0.1768014699287329,0.5628343628398049,0.296381668439146,0.1484874216826385,0.3148222114329038,0.452992889853362,0.43035069118018815,0.386802456129149,0.46056139864620116,0.3960509369229189,0.8168067068713433,0.6493775680851908,0.46222250107058116,,0.6838257020868037,0.8132636148388755,0.7497197866307387,0.6602146417257206,1.0498095894923747,0.9878784281851333,0.6676080517518929,0.9928347931496287
453,good-sweep-266,run_72e06f9c00088010429168d0b8d0ce13,0.24154424667358404,0.28494476235383354,0.6284851288470434,0.425741349887468,0.1342927585743372,0.3643260489489583,0.24356842113355698,0.6242727693270566,0.2765117601958797,0.134292758574337,0.33083239059671055,0.3297890214375481,0.39075325890481727,0.269333929274548,0.6209877835786495,0.4074820613407472,0.7614161228305261,0.6931052286960381,0.5231645433208403,,0.7126243537610343,1.0730817228616978,0.8108284478104915,0.7249143534400391,0.9957070077300395,0.9270871012409394,0.6152062417152093,0.8440784284113002
454,pleasant-sweep-267,run_fd803afd144a42adbccbe09e1e46c0b8,1.117740869522095,0.17538689416051848,0.5596288334376446,0.4458684737714243,0.12240212583890969,0.3880096657410707,0.13567114188553706,0.5450325178916433,0.2931170083842401,0.12240212583890961,0.304949985131469,0.6166297158959956,0.27708908295716506,0.4157445540550606,0.45536235844742884,0.21700667432288764,0.8499283185271802,0.6142148964951848,0.39756169929653556,,0.6621316974218103,0.7251524249934335,0.7367114019487625,0.6335492758293997,1.082865545858659,1.0154992789512047,0.7309470307900418,1.0789521131483262
455,lyric-sweep-268,run_497513d3ff09526a579dc19af351d888,0.5446714162826539,0.25827539637591834,0.7261585349261201,0.6009744515618433,0.0898407915831992,0.39148005264974756,0.22723160859303546,0.7216522898582276,0.4906091558875176,0.08984079158319892,0.35989498751123133,0.3544832384215537,0.4433671335221363,0.3043556917706904,0.6546066772477636,0.38200614189509396,0.7742899892757147,0.6278860898737848,0.4724652842441339,,0.6705331557385544,1.0468049619800968,0.9773344819708579,0.9017281049418746,1.170490434891259,1.1081420232825518,0.6838908153924868,0.9394529343723845
456,happy-sweep-269,run_6bc1cdf2c65fcc0e42500f41ea9af27c,0.24601161479949957,0.2896574522772875,0.5890282728781736,0.46824623451141395,0.1786250569655322,0.3795158678717751,0.21539222444602182,0.5738441862363604,0.24076373259466347,0.17862505696553183,0.29601132718979994,0.3298712307384772,0.2895604220364927,0.15744447636986666,0.47703585251888897,0.2533621819290636,0.7563967660237609,0.6392719877594152,0.5039549339807478,,0.6808888603731158,1.0652264207206,0.8062941659492094,0.6585272472434157,0.9314286403487828,0.8069121175073786,0.6599454083034217,0.808069905366498
457,twilight-sweep-270,run_b15baac3d60635d19357e7746fbccb78,0.44256538152694713,0.2667320993380708,0.4477672861846581,0.4825068632057973,0.17696608952522716,0.3454992199003928,0.16940313615548033,0.4224931290647366,0.21859866940370493,0.17696608952522708,0.21184029363953732,0.45755517285600195,0.33871799299961464,0.18623993018974336,0.4999694678664344,0.32748475228083923,0.7881742032762846,0.6598462542561756,0.5301280592017669,,0.7266774918014864,0.8625785584455885,0.7102495536325003,0.5049586566356642,0.9290997551507691,0.7834252813749043,0.6175389701473822,0.8603059375807787
458,sunny-sweep-271,run_b90a589e64b745dd8ded7cea9c24b391,0.4164007306098939,0.24788902755603848,0.5248414922855046,0.48751762174461444,0.12453894803104174,0.3260768523678435,0.18967615952929476,0.5143595744101881,0.34342739841218817,0.12453894803104135,0.24795368352909586,0.43869137528589075,0.29071839433843866,0.24500931158147896,0.5108322157450536,0.28431857196891946,0.8049726523392056,0.6481587487509041,0.5187899063402975,,0.7352003554292467,0.9239697672373626,0.7580112093621563,0.646904316929,0.9547658685967231,0.8691847131536268,0.6272089657013151,0.8546273790223958
459,solar-sweep-272,run_22921a2fa461b601423e666a199bf8fa,0.4061901569366456,0.26634257847435955,0.4882690685460829,0.39183340340810724,0.19523686186309255,0.3678530399170232,0.17934616872916248,0.466227652453128,0.08068162144782777,0.19523686186309233,0.2808470199557212,0.39899939335325935,0.2801685273930496,0.09390458555481056,0.4964938328509154,0.28602783460414694,0.7785543390213752,0.653169399569489,0.5192404902061881,,0.6998887495286057,0.8628732404265215,0.6803517240616138,0.5060067155574465,0.8422537974148232,0.708911691972501,0.6328185778076013,0.8043459101931922
460,absurd-sweep-273,run_f762561458b7219fb5276e92cbaea531,0.45979589223861705,0.25800631946348623,0.5128520503959293,0.40146909702470757,0.16764587274473874,0.38137264046775676,0.19352011542118214,0.4956107649187732,0.1696930724902928,0.16764587274473847,0.3155189994315676,0.38959137239466024,0.22652819499936375,0.2051146654747841,0.45325910126282326,0.27287993414364936,0.7775160555376506,0.6441293011129455,0.5038976469224846,,0.6747947970842938,0.8461767779272926,0.7005440188483786,0.558458417634827,0.8578638638566696,0.7463539983104881,0.6498158235984517,0.8169633352640687
461,earnest-sweep-274,run_a5394a46e78c26566518de376462627f,0.2128270268440247,0.25856241174917927,0.5108601594601215,0.3444513145203175,0.1498734463573206,0.33738570564135195,0.202102387609136,0.5049824485020001,0.18619939158608084,0.1498734463573205,0.2906897483670528,0.443565866003193,0.3574795956217147,0.22090391512094412,0.48162277925878555,0.3397833965908846,0.7908285439356545,0.6832781627448413,0.5280020965038098,,0.7230040163446876,0.9996329827819875,0.6681910889617936,0.5749111773129962,0.9054392358699374,0.8389658755183097,0.6056793220270612,0.8603419782946483
462,fresh-sweep-275,run_c3926904f8b58487de7b64a7e45c95d1,0.5082961916923524,0.25722471509880246,0.605747095159052,0.4758983998219274,0.13383457537318574,0.37041776187549186,0.21275783334144843,0.5960488720781519,0.3007988524225258,0.13383457537318566,0.31930190452728824,0.36692416978113346,0.31756286658664695,0.22614394108695413,0.5915109124472409,0.3282746349984544,0.775784948659262,0.6544973183935868,0.506329403422639,,0.6946423095302384,0.9138826321530268,0.8121412342101346,0.7007282662862211,0.9727250315474579,0.8818393877952694,0.6429270177632915,0.8366455359736537
463,curious-sweep-276,run_96355d8147475d2234adc31f1943bd22,0.28557747602462774,0.2851984634426981,0.477749054396038,0.4366977468899167,0.20960610998363985,0.3450017419699966,0.20599759624624892,0.45472801981006294,0.22780402146761283,0.20960610998363963,0.22869235853170675,0.40663137849129666,0.1868857595433291,0.15416914088688824,0.3915119807801723,0.22982617579666895,0.7663597777101943,0.6372901070892897,0.521908793054526,,0.7165663565824473,0.9640272941563324,0.7073098646739732,0.5487324064208621,0.8510762208878443,0.7246728523630857,0.6439855759607578,0.7992251942607473
464,earthy-sweep-277,run_b5e866c30de91bf8f568c90267e3a97c,0.37811100482940685,0.28166971193394547,0.5342621567933824,0.4434546039126457,0.15657406830618115,0.37226576482846974,0.1913059968274549,0.5178045661106426,0.13870353424183268,0.15657406830618073,0.29844769346430394,0.45456069659561854,0.3329443441737681,0.1145788504719641,0.6094621638334745,0.3652775990008689,0.7750953644771328,0.6716119092186129,0.5378210206095412,,0.7030536319744523,0.9321126328009552,0.749283567505514,0.5691732807488,0.9444742138968439,0.8090512342865708,0.6099428188257686,0.8382338089217087
465,sweepy-sweep-278,run_0d7fe19494ccbb80233214966ba5f062,0.3915125131607057,0.2525914669304475,0.542295028436148,0.2773328716642345,0.1948090056358993,0.3349294083600209,0.224223072448318,0.5374948978203491,0.17547053149654993,0.19480900563589937,0.305898701056423,0.4794781482112335,0.4740260780054772,0.514559908054784,0.4690579075345666,0.4954195927087344,0.7785200716796679,0.6836602832739566,0.5248155408460966,,0.7121561353564234,0.8609613471068801,0.6593935613411528,0.6082488461351595,1.0743238733998444,1.0437138377177093,0.612310742391868,1.0460862112976905
466,rose-sweep-279,run_83cd5a6c6bad2a559cd3433e013f0595,0.6786853075027467,0.23474526104304463,0.5834063511932299,0.431578166349269,0.08589664567275064,0.37969365245266984,0.17196577341673866,0.570867234482571,0.24191625652313675,0.08589664567275034,0.32194794499361024,0.47391678485614763,0.28394318016581455,0.20466153731549763,0.5413475340841828,0.27826268411666183,0.8027609361845827,0.6442398868537698,0.5085760249621593,,0.675685084560431,0.7936408607780978,0.7627109687582596,0.6434167403811965,0.9637609741276982,0.8724060380294093,0.6379388917777259,0.8683738958708974
467,ethereal-sweep-280,run_adceca80e7142e02e15620b736d58968,0.41576266288757335,0.2642181521847764,0.6488067702522519,0.4394331362995572,0.14278267198672828,0.36554742104730265,0.23239019739994796,0.6447903344308689,0.3222219474191871,0.14278267198672828,0.33561264327404244,0.390894750013657,0.32483086021240565,0.3287605486915897,0.5531965745927526,0.41385327043308767,0.7665980727277799,0.6275100846654723,0.4957748990722263,,0.6893169110847561,0.9774379634940741,0.8269600584956696,0.7573551099858453,1.0248220479955177,0.9695277480981335,0.6689306010984502,0.9021449111958122
468,leafy-sweep-281,run_3422ae9632ddde2aba8e6a0e362e316f,0.5153158307075502,0.25474151959264313,0.45513075185719326,0.39876338634283903,0.19660321498709873,0.3436344749016803,0.1765093292809496,0.43514653459958114,0.17993223357158733,0.19660321498709848,0.22154191052253508,0.46195195749349266,0.24424628904475224,0.15433238621247428,0.38468368303570716,0.22633236596111095,0.7933470336197959,0.6518759736230186,0.5113659334005682,,0.7230110399228054,0.7752902576044758,0.6565435868075107,0.5028753907035971,0.853184521399861,0.7414566775972377,0.6345542035919051,0.8363811233369602
469,graceful-sweep-282,run_5d43fd78f14cb0381f28a40949cb1394,0.4374602437019349,0.25848809526860284,0.5687882663473839,0.43510993495412154,0.15169798268247822,0.37286289779299986,0.2040576798394762,0.557718577376255,0.24742660697944718,0.15169798268247794,0.31626521632716154,0.3491635764596929,0.31168008401141906,0.2006625589290084,0.5258347058698712,0.2938520672588696,0.7779941853752304,0.6512223888943377,0.49610166685032264,,0.6878677096683402,0.9106545584611812,0.7613519835305038,0.6433579673039153,0.9159595969677153,0.8205087534846003,0.6518020664947324,0.8271463439671546
470,pleasant-sweep-283,run_4593eae73101e4d5882cb4a048e3a509,0.4304403066635133,0.27434056936674667,0.6001142888241858,0.4976726930972225,0.13186578100974072,0.3692051594201512,0.21109980703341405,0.5918854934828162,0.3027081839091828,0.13186578100974033,0.31618070885821664,0.39917759360781596,0.3736340059792516,0.17979142057487038,0.6132810121916292,0.38549179614273915,0.7737055420225962,0.675815822571167,0.533255617650429,,0.7029660389919685,0.9655120472470311,0.8264853399220529,0.6975125880803422,1.0071484963405504,0.9043195713383058,0.6116820097578305,0.8398958016541924
471,graceful-sweep-284,run_97119be3d0cd47ed65702fffc92cf584,0.27153789997100836,0.2758909649098079,0.6362948651663991,0.42838275665916437,0.14510637391027809,0.3566964595356713,0.23857384111136457,0.6305151160575798,0.30223827071946174,0.1451063739102781,0.3287994279003799,0.36447738313713485,0.4058620544420233,0.3084449126839703,0.5990628951674926,0.4056549039550242,0.7679262987731417,0.6804541289399761,0.5236431436773958,,0.7124748869089534,1.057846856978211,0.815167937396274,0.7387927730610422,1.0282046490723096,0.968772829791505,0.6187759053794811,0.8806756811069625
472,icy-sweep-285,run_8811a87685adc0dbe76ece3edf5b1a18,0.5867901444435121,0.2490909044315686,0.5722931236224115,0.5885984220809733,0.1308756462924045,0.3478239725366671,0.1971513724203852,0.5623989768429073,0.4483812727227759,0.13087564629240456,0.26718949683774645,0.4414510444098325,0.2636425011843153,0.26101756962402495,0.5696658813830918,0.2453522442256888,0.7937283872966167,0.6421694727263944,0.4978826244820206,,0.714611492770424,0.9190810119628856,0.8579124666842447,0.7457928925175452,1.0336974243877806,0.942721381545668,0.6501634588726322,0.8690391751508738
473,snowy-sweep-286,run_2240c4d7c0209af597fd9642f7531d86,-0.341097712516785,0.5102236413537901,1.1175868731121938,1.3702915935003586,0.0,0.5732787383194335,0.51022364135379,1.1175868731121938,1.3702915935003586,3.1808907468589196e-32,0.5732787383194335,1.0,1.0,1.0,1.0,1.0,,,,,,2.21928874747929,1.84038790323311,1.84038790323311,2.5272569387315498,2.5272569387315498,,
474,zesty-sweep-287,run_dcff52a3dcb5e50fef6fbde9553a8286,0.903318524360657,0.2085756093310748,0.5621540722196522,0.45463853782801184,0.1598969210744601,0.41427235481656693,0.15271524231016598,0.5455985196876106,0.27103108846734075,0.15989692107445974,0.3275820420034009,0.5461476624203225,0.2804939922450603,0.3704208834828506,0.3364848882288891,0.23678688961486186,0.8187408785608812,0.610685907526296,0.40258452704634545,,0.6378194888124936,0.7294249164398837,0.7524740432728292,0.6280585488909105,1.039414722607069,0.953217352238159,0.7357483122834491,1.0273710910868155
475,comic-sweep-288,run_f11fcb1074829dcd705043d45c93b6bc,0.33343970775604254,0.2679314135763397,0.45248578192603883,0.49157371454010323,0.16969991049444444,0.3389052456018247,0.18522485860648893,0.431032136928896,0.2891301659535527,0.1696999104944445,0.23017283371879899,0.41835107770446056,0.19569632959988348,0.17557173110281044,0.4524069437969332,0.2079290635386751,0.7922110613450376,0.6589879458529898,0.5354052781407537,,0.7270921057904874,0.9437641245927522,0.719843970630434,0.5510836634991217,0.8731067818146739,0.7401576281937522,0.612628533191517,0.7870538927406286
476,desert-sweep-289,run_c37cda272689282cd833701e0ebf78fc,0.5197829008102418,0.259769413899232,0.4291382078423904,0.5014517844335071,0.16241078132120695,0.34371340168871434,0.18868698154644897,0.40259054668154226,0.2854302178913269,0.1624107813212066,0.2369326339941661,0.4526401249988116,0.20907727205958584,0.18134193191371617,0.48497477556774965,0.23076842270363293,0.7869955980235898,0.6707648841673068,0.5268569440124151,,0.7203892671612255,0.8162242068794292,0.709290943082793,0.5283486865394325,0.8857623420874781,0.748754712365111,0.6145168738024741,0.811857298365287
477,charmed-sweep-290,run_48e729ace1be3ff194d53e382a21b90d,0.20899802446365362,0.28967282810085515,0.5361343165800432,0.5626146959167017,0.15482330029605684,0.33550102963581263,0.22472534935152466,0.5241829709651963,0.406252318650607,0.15482330029605634,0.24878201617281623,0.3792475100765591,0.3097918157128901,0.24362800498036585,0.5075028965455912,0.2583793996444908,0.7724179393228767,0.6712515738006666,0.5271620903871483,,0.7302859477343119,1.108900097744876,0.8293887199716067,0.7002215478690005,0.9934988156051383,0.8885181280608354,0.6192292070288963,0.8261955329280762
478,treasured-sweep-291,run_be501db3da008d3a8a5d117dd500bf28,0.5299934744834901,0.25134858785873715,0.49198073416963733,0.5007098162392106,0.15734207843047257,0.34693345515164703,0.18598596187308278,0.4736618683501592,0.31704300942299557,0.15734207843047246,0.25092978146846856,0.4404133563493781,0.21079414571035135,0.1920607860038949,0.4735996078174087,0.22992749515437239,0.7920177031996182,0.6602035156171924,0.5116600354186569,,0.7147495619861255,0.8447848820264844,0.7456081246143853,0.5995520105602257,0.9117109834416255,0.7967107726169667,0.6302334548312912,0.8200485652848252
479,celestial-sweep-292,run_3cd0e14f7a4277e80be4e6febd865311,0.2543076872825623,0.27355383972754044,0.5114969114805845,0.43277520836940125,0.17030563032566257,0.29589493010993145,0.22387455378078686,0.5037579253857245,0.3079712116340615,0.17030563032566223,0.23189248098781234,0.37104886768021617,0.38175351885234976,0.2868963168704573,0.48892847943120127,0.3844780217450648,0.7767697646757875,0.6854519970981583,0.5483195391280895,,0.7521125260708184,1.0024871553687043,0.7237093164130447,0.6314571485182724,0.9431212449413873,0.8743343973626928,0.5939591087153238,0.8476496509895215
480,splendid-sweep-293,run_9eb4b87724e01f0ed710e00eeece2114,0.5944478511810304,0.24496762107820394,0.5231870254972925,0.48784903420473374,0.13720414807431913,0.33076063897213404,0.18689313546356803,0.5086886718005934,0.3179976751663242,0.1372041480743191,0.2426496439923561,0.4382223070686962,0.2343456260316128,0.17891794102310335,0.5138484885318073,0.2458539464624824,0.7974212844876313,0.636367137415295,0.5157326022279343,,0.7266493304929265,0.8223100931126164,0.7561286128694711,0.6283436403058779,0.9223333300237049,0.8208434825139006,0.6385780353841778,0.8287039276773233
481,super-sweep-294,run_cef3d702ad3f25f28808fc17606f6526,0.5765795707702638,0.25055929558226964,0.5858826090505865,0.41127297009868174,0.17871275929562735,0.39897730017770494,0.19612888015314295,0.570894446107377,0.24473573566146464,0.1787127592956271,0.3301674922089693,0.42996310239286,0.28047657849681507,0.2963311304792005,0.39725351449844065,0.2611287365745832,0.7794814629752707,0.5986950643703506,0.4617234576744785,,0.6544919162011114,0.8316782715754979,0.7584087605799373,0.6513697771129184,0.9625649939199175,0.8806986464914018,0.7066935067977935,0.9223682734926527
482,fresh-sweep-295,run_7c21a9925d2d0d12ec6b91b2706704f2,1.0028716921806338,0.1890098738413676,0.57130806280443,0.515232607028912,0.10041097147953011,0.4068388865104554,0.1349946056485648,0.5575934039021471,0.33395988425296197,0.10041097147953007,0.32603220691255136,0.5541624622771467,0.24501537160183204,0.3633494024625142,0.38797917211303695,0.2165240772737933,0.8389080187519982,0.6261085469412941,0.40369170479035926,,0.64407149269045,0.7693281410342016,0.7922009053142325,0.6638246394339744,1.0614770979954347,0.9694403061085124,0.7220311821719233,1.0101882909718887
483,lively-sweep-296,run_a21feea6698a7616902c34b791abec17,0.56445449590683,0.2562944777729657,0.5975074151677597,0.6223530284668463,0.12760279204875924,0.33951912061208916,0.2122888707226379,0.5867316117445376,0.4990675933025007,0.12760279204875916,0.2662033106199581,0.42218975374759066,0.26712298485225977,0.29362938841532843,0.5903913821755636,0.2898227109538644,0.7842700191303364,0.6367712719763006,0.5101236482088575,,0.7196400797721885,0.9664565636168478,0.9000140346456993,0.798992497798187,1.070440263399234,0.9870187974323374,0.6468797210857202,0.8684874601851951
484,trim-sweep-297,run_7c2a61232218b12aaea4fdd737585720,1.0966816544532778,0.18165254226429497,0.5754333451250374,0.5504958820765217,0.10836811372779166,0.3786572400976779,0.13843110221591218,0.5622084954692644,0.4210521108995132,0.1083681137277914,0.2833280316855175,0.6028978936384789,0.24596645315354948,0.3914620779193137,0.4285031802732244,0.18011594495374972,0.8483158273345592,0.6016112231411935,0.4043332118134166,,0.6788437668106921,0.8021948598519072,0.8168028507394423,0.7159095211906754,1.1155244603573864,1.0439130074920135,0.7324893366546541,1.0553523359486794
485,ancient-sweep-298,run_890a7a0ca6a30c6dadbf567b7282d05e,-0.341097712516785,0.5102236413537901,1.1175868731121938,1.3702915935003586,0.0,0.5732787383194335,0.51022364135379,1.1175868731121938,1.3702915935003586,3.1808907468589196e-32,0.5732787383194335,1.0,1.0,1.0,1.0,1.0,,,,,,2.21928874747929,1.84038790323311,1.84038790323311,2.5272569387315498,2.5272569387315498,,
486,pretty-sweep-299,run_84af64996507bbb13bc7f5c0c2e93695,0.28047233819961553,0.2726133518526586,0.5297831233502953,0.4057279944599708,0.22913504191679596,0.38644548032530585,0.17463860408023094,0.5139133037633677,0.12261271733485044,0.22913504191679596,0.28777264620788695,0.3927315804009968,0.2597172533407753,0.1156634634826379,0.3684976862421263,0.2542650895276623,0.7851879866411258,0.6383398244372287,0.48755954356635733,,0.6808332748987568,0.9813283952740963,0.7208352120170364,0.556452517536139,0.8687189336002678,0.7380437568222142,0.662976247735398,0.8213444391808155
487,easy-sweep-300,run_98088f23e75122e34a899c71ff866897,0.4974472522735597,0.2554923723101919,0.46396908759422034,0.462142309499666,0.18333885229616181,0.345727230618491,0.18796175520151281,0.4441807940352121,0.26200380877006435,0.1833388522961616,0.2222857356973102,0.4509343923914016,0.21157816069219373,0.20177462780278602,0.47212220207627115,0.2366076023430225,0.7887644442018936,0.6626804278087927,0.5261219941706831,,0.7261152456863776,0.8254708309323192,0.7029361142958783,0.5488826787376383,0.8848385872743318,0.7681746805033687,0.6188419169912169,0.8196251966439363
488,cosmic-sweep-301,run_1a91c9f4d93a81a1c5f6363b612bb52d,-0.18474787473678592,0.38051063110067834,0.5229366785490762,0.5076002275369128,0.19692697592530053,0.44848911009649006,0.2450803771176994,0.5060872404691286,0.022897138475997107,0.19692697592530028,0.3310747516397239,0.45496413939721164,0.38651269830351076,0.22528833977162677,0.5885749141434685,0.40146868171036143,0.7046417991663759,0.683862994072115,0.5342186049008432,,0.6494055027548182,1.3909522951779463,0.8221369114375672,0.5627725696622041,1.0406960993837078,0.8507950606865101,0.6357132854811514,0.9007056408514393
489,fancy-sweep-302,run_f4dca68026872e5f2ef17ba84144bb8d,0.3640714287757874,0.2756193253601146,0.49561620724373445,0.42060692998293464,0.17575792845457022,0.3720289844673677,0.19411208462853283,0.47592587553402815,0.14051393663591635,0.17575792845457044,0.28496556320640476,0.3733477978212892,0.24371673997001056,0.11980333939916347,0.49538513182099625,0.24271051783353173,0.7675007187558068,0.6640749456546149,0.53189104314734,,0.6946979129340423,0.9093683313881137,0.706053558127355,0.5328499852590673,0.8435940342102387,0.7050307613156999,0.6213111566692665,0.774058667681274
490,cosmic-sweep-303,run_90bb852733b26a2971da994059d6436d,0.2945119142532349,0.2750222308782414,0.49627472856404253,0.30766947790171395,0.21288142317111955,0.3615779617276835,0.19466817691422592,0.4775640153473566,0.039927781762421455,0.21288142317111916,0.2856934435757182,0.335718941098541,0.2493270831345881,0.19565792974278748,0.4251379494640733,0.2669420384239296,0.7653304636348399,0.651542627997437,0.5172514430950621,,0.6907452078819634,0.9157852111572137,0.645435001623612,0.5172594277674077,0.7935613199928743,0.6933329235527671,0.6399519517858914,0.7891081851448082
491,northern-sweep-304,run_ea4a7abf2561498bfd6aed9da1be754f,0.507657825946808,0.25374721633527497,0.6539987482652587,0.46708876412831085,0.12778803248428738,0.37073187454308165,0.22680877344492759,0.64968842689597,0.37003437785966964,0.12778803248428694,0.34449948059796187,0.42509965563505486,0.4266641312885476,0.35731294363034616,0.5433649618581212,0.42759002497530574,0.7763597736768213,0.6552535289280883,0.48158361598691957,,0.6856435294324568,0.9424898368995083,0.8427775068814657,0.7813211327950533,1.095763872346764,1.04923174293727,0.6615290071944062,0.9633510083010516
492,comic-sweep-305,run_69fb2d8312fd49b4e703e223a667057e,-0.34556478261947665,0.4931821035664223,1.1019674004734825,1.3019068582593425,0.02610578704234957,0.5637636756603341,0.4931821035664224,1.1019674004734823,1.301906858259343,0.026105787042349282,0.5637636756603341,0.8965737319945334,0.9731401181364748,0.9334039949344998,0.9390607730788507,0.9472683333224512,0.5311686488207118,0.5036634819464479,0.4783150357620993,,0.5266892227818131,2.1725188614865454,1.7755343439559814,1.7755343439559816,2.403042107570352,2.4030421075703523,0.8592484954389042,1.833138603898511
493,eager-sweep-306,run_be6ce3da5ed86af9d6327a915188d090,-0.33280149102211004,0.49766671877362434,1.1059675093199817,1.3403408107239136,0.01597903668416341,0.5682561245990878,0.49766671877362423,1.1059675093199814,1.3403408107239132,0.015979036684163023,0.5682561245990877,0.9316091525071147,0.9766161655498586,0.970861667145548,0.972801328612995,0.9613529862741136,0.5333976606659396,0.501758141135581,0.5026937721167104,,0.5030390459236103,2.189985715714658,1.8075811969420315,1.807581196942031,2.4559309656664525,2.455930965666452,0.8445567934059827,1.8648118676877734
494,solar-sweep-307,run_a78c48b5ce5f22e34e92cc98af356724,0.4878750443458558,0.25894424470110683,0.623505401507524,0.4565280834961541,0.14193023812412098,0.37868354902668927,0.20954172357856887,0.6139051402759258,0.2763287413746198,0.1419302381241207,0.3323319995503565,0.3577539912100261,0.34291101483993874,0.2086315699858464,0.5816532427008493,0.3345471055521802,0.7750841662528802,0.6505571762194116,0.5045897592942673,,0.6833722043842252,0.9270646401052568,0.8150024531211896,0.7050849796210121,0.976387224882411,0.8867061761413316,0.6466287388896549,0.8409707130917489
495,legendary-sweep-308,run_372eb43e9b683bf45b2de7e1da4d907d,0.19368231296539312,0.2978450783270079,0.4842526327247003,0.39129918630821336,0.21523463242068272,0.3676617022514862,0.18741591346486489,0.46142752183732877,0.04894516855044092,0.21523463242068255,0.2851903849634105,0.3988341778346028,0.3358352039809662,0.06681607764262669,0.4684378108414832,0.3086928888961961,0.7624705059677783,0.6715300419665521,0.5294708331125545,,0.7010567433990841,1.01870696371975,0.6901647311982081,0.5004355223735014,0.8675515719906115,0.7257782622307762,0.6210559320685148,0.8136515498854396
496,rosy-sweep-309,run_43ba7aed17ae5f6b53334adcdeb2a973,0.3615188598632813,0.272031633194353,0.5391602492584833,0.5462913956421734,0.12861423761266064,0.31196888849558363,0.22332102413235508,0.5289722169310729,0.40745925357999674,0.12861423761266036,0.2478085857993969,0.39605995398064947,0.34469448285895804,0.24195681554555226,0.562368246166557,0.3652881582690594,0.7790729466173479,0.678540390799423,0.5464026357990966,,0.7360136927019529,0.9983918217029965,0.8143274972586462,0.704064577600994,0.9986741946405913,0.9110037341756448,0.598243773117394,0.8319353859064049
497,lucky-sweep-310,run_587c2633af7c746a37326124b7f30796,0.6104019284248353,0.24387850024216914,0.570355655936216,0.5491702322360448,0.12587989206875866,0.35591277234724283,0.19807392183443837,0.5588941195678792,0.41557143917097444,0.12587989206875858,0.2871029643785076,0.41240066682353554,0.24109456001285223,0.23557343379199516,0.5529289901407366,0.2475862485606616,0.7943704221412622,0.641946316724766,0.4975548304320497,,0.701477934530359,0.882428566858366,0.8284746472361071,0.7240825480931473,0.9849192762281745,0.8988833495097704,0.6503361529389942,0.8406145676779162
498,laced-sweep-311,run_55d131800cb71391b94d411404669142,0.4910656809806825,0.2558767678993805,0.533331519225013,0.38843518907822816,0.18674203056303257,0.36875790762695854,0.18899193538053885,0.5151106152548368,0.13409343852793476,0.18674203056303254,0.29816865936872916,0.41981939902913784,0.2391865607610979,0.20674115931849854,0.48196341316589625,0.2826709932487701,0.7811723135578874,0.6436933525697355,0.5217867834059998,,0.6917214825610454,0.8332697921974346,0.7076703511266618,0.5648344428621038,0.8814747707506996,0.7715169430735846,0.6352384307343051,0.8244563720949994
499,bumbling-sweep-312,run_b97e2123d664ce9e02ab0d59fc71771a,0.13497114181518557,0.3025321418778494,0.6851179623935345,0.5513516187272771,0.11719162385372237,0.3610047459713456,0.25552824923184936,0.6813954121200575,0.4190735290480546,0.11719162385372217,0.30856865873093703,0.3240372858574832,0.39791587834180486,0.2502740265406677,0.6710848985292835,0.35725227341263227,0.7487083490345662,0.6587441266877195,0.5353873272179783,,0.7151083874237563,1.2335518454284689,0.9300004982453808,0.839772002726066,1.0912722959738095,1.015475905073991,0.6288624655874403,0.8493775943878009
500,floral-sweep-313,run_293766fd7bd23375f0b1844477ccb648,0.12795150279998782,0.3043926165295228,0.5128629350458517,0.5019612692602575,0.1720096784029324,0.34496825787852764,0.2273136129853955,0.4962094206645078,0.30494892785595895,0.17200967840293221,0.2457644617392435,0.3605330523379429,0.22980622417164,0.1838731922229672,0.48747630810125875,0.21870017762470137,0.7555471639824114,0.6537732275412199,0.5412609934841,,0.7181510360097876,1.1293635762897678,0.7795180376225449,0.6252112574203854,0.9078836402828876,0.7794186613878216,0.6245571575952524,0.778894072655496
501,warm-sweep-314,run_548ed80b87b216b50d58c7a3afac0524,0.420229732990265,0.26631695210174694,0.49660671038667736,0.3748077065763114,0.19994082141838443,0.3704249370379495,0.19195946932907584,0.472704019156984,0.11150792669354224,0.19994082141838457,0.29997919202887285,0.39944294018202964,0.22419225995303224,0.17406144579595387,0.46316952708203846,0.27819849606875735,0.7716493080316724,0.6469812486226947,0.5109971732579296,,0.6885353872978675,0.850430834470747,0.6767745272148146,0.5222370585354501,0.8355465154517288,0.7161325045719189,0.6448953728382155,0.8099408995135579
502,different-sweep-315,run_535e8744b94ceb1818743cb0880a8a1c,0.36470949649810797,0.26640151913136845,0.4861574464611283,0.3321099102218484,0.21913451734211126,0.3678107861825506,0.19190565394658943,0.46676100029932804,0.08137907155046625,0.21913451734211117,0.29588695770720064,0.3740901669807051,0.24505965090868878,0.2147884940778341,0.4057980716869567,0.27483189397444,0.7739385624649707,0.6589485157124498,0.5151467378587746,,0.6870011890375526,0.8661640024018873,0.6462320207268206,0.511190927837646,0.8147070684215486,0.7123538077576882,0.6344309058393458,0.8053783936805711
503,autumn-sweep-316,run_e5b95de1d001afc4dc4bd25706c3137c,0.4795786738395692,0.26592230596351313,0.6701570110751315,0.5530630920287881,0.10318138153300396,0.377496458260087,0.2241308175069126,0.6636915290211981,0.4030321766873591,0.10318138153300385,0.33411542604121586,0.32995094373207867,0.4040410733816491,0.22417031148570277,0.6457084888452528,0.3641710081742979,0.7714191986569945,0.6450296603209247,0.5009625338293258,,0.6923371389431827,1.0128314568476728,0.9086824946407573,0.8081806756512825,1.0714816932020965,0.9876867657799435,0.6536753914876523,0.8658294637151227
504,valiant-sweep-317,run_928ce8485db9440b20e2050c2a3e3f75,0.48276960849761974,0.26714724657439465,0.6785164222155707,0.5370266861227215,0.1254274464032209,0.3877832495035186,0.22452546364514628,0.6727366731067514,0.39748720104864865,0.12542744640322062,0.34612425627448024,0.34816495309719747,0.38787943843999884,0.2292196362630229,0.6084101477309316,0.352435826482065,0.7653886870876201,0.6309388808563761,0.49917375693369304,,0.6784479511709445,1.0081217558994926,0.905621249848109,0.8130082349923012,1.06974799983674,0.9925690530857548,0.6648875871558487,0.8753778832779485
505,hopeful-sweep-318,run_a49b002a766b3b9eba1d59bb95b7656a,0.4572430253028871,0.2727952990982079,0.6443495061090099,0.4941211386738553,0.10475674488293789,0.3870473967314743,0.21670429472378588,0.6378840240550763,0.31035045631043984,0.10475674488293757,0.3444412820580277,0.3594631681948339,0.35511106637112677,0.1710457704136469,0.6034898871852693,0.3702092973777016,0.7649305508596662,0.6552509505089175,0.5162347082285575,,0.6821532139944766,0.976691926499669,0.8565974906088349,0.7417372750701752,1.009125143498891,0.9136457078938384,0.6388571127935054,0.8322936410253042
506,atomic-sweep-319,run_5e39cd1f1dc90526b4739eb9277f3920,0.6397575139999391,0.23772304554062676,0.5761136357451904,0.5189869660920535,0.1519725647439912,0.36986926056761915,0.1909036627774373,0.5638684045824379,0.394286844903915,0.15197256474399107,0.2840256169244544,0.46981766636376765,0.26555155086188775,0.32145047834924284,0.42671198001209376,0.20689838417575665,0.8003777461796177,0.6161763588745801,0.46190597333055977,,0.6875331282376906,0.855002363145553,0.8110281367783038,0.7140405466165555,1.025837859736954,0.9510155508907709,0.6904453731066902,0.933429959379944
507,dandy-sweep-320,run_127334d0acc27ff2e010455caeb3e643,-0.341097712516785,0.5102236413537901,1.1175868731121938,1.3702915935003586,0.0,0.5732787383194335,0.51022364135379,1.1175868731121938,1.3702915935003586,3.1808907468589196e-32,0.5732787383194335,1.0,1.0,1.0,1.0,1.0,,,,,,2.21928874747929,1.84038790323311,1.84038790323311,2.5272569387315498,2.5272569387315498,,
508,summer-sweep-321,run_8f1599a2017a79de68cc6d643507a5ca,0.6263560056686402,0.24605417927697754,0.5846907398840785,0.41985506887938046,0.19795563409604308,0.40198528772800074,0.1798612588186753,0.5703883098859837,0.18985482155664962,0.1979556340960432,0.3142043502212739,0.47696629280511055,0.26776460866647334,0.2289563579478339,0.3802151550842252,0.2653604190989098,0.7902844785887633,0.6199154537074085,0.4739880910611634,,0.6588348998033535,0.8110187264606123,0.7607129546087457,0.6274852585891836,0.9645205769089968,0.8633385742094647,0.6820068845669456,0.9037417410787264
509,olive-sweep-322,run_1a3c65f6f659fc2d9d9e75eef005212f,0.21601796150207525,0.3004282166863562,0.5825791177991239,0.6044765414389236,0.11936123196364701,0.3359538621109168,0.24890383191149662,0.5739584750605461,0.47606657927930224,0.11936123196364677,0.2711477947935424,0.3912668862674222,0.30925780544566345,0.27817641988315295,0.5880437301402712,0.2987010142552338,0.7569743785028451,0.6758018184104981,0.5342485542851313,,0.7294858286210707,1.148659285572937,0.8916543226087744,0.7861430127786866,1.0588482979749234,0.9716651293723729,0.6173251354314907,0.8409533934368707
510,wandering-sweep-323,run_f4bb4d5b442089f27fc8cacc5572ce87,0.45596688985824596,0.26989951899298603,0.6165664371819642,0.44514134494101365,0.12988715087095792,0.3755583671562518,0.21606876068299416,0.6113744591689568,0.2707392476442507,0.12988715087095787,0.32761393161432395,0.3843792910618931,0.3578215629767314,0.20754270025221078,0.5854533762806842,0.3261490626110202,0.7697141777923255,0.6755652786908557,0.528743003577748,,0.6871542816496414,0.9350278142203393,0.8069391171506068,0.7026835552951232,0.9848900555616015,0.9014554130063938,0.616743548792956,0.8361999089536323
511,rose-sweep-324,run_8242208bdd20ab9947b6c427c37a45cb,-0.341097712516785,0.5102236413537901,1.1175868731121938,1.3702915935003586,0.0,0.5732787383194335,0.51022364135379,1.1175868731121938,1.3702915935003586,3.1808907468589196e-32,0.5732787383194335,1.0,1.0,1.0,1.0,1.0,,,,,,2.21928874747929,1.84038790323311,1.84038790323311,2.5272569387315498,2.5272569387315498,,
512,crimson-sweep-325,run_940470cc1196f6f61e80061b74cdd58b,0.8694958686828616,0.19507819887602731,0.562981305613758,0.581792100511958,0.11397286637443488,0.35882269934395095,0.15134935664991547,0.5521075403412334,0.47122894665248677,0.11397286637443448,0.261843203566534,0.5092993170155795,0.25729286246541894,0.38303014824037723,0.43291052089708276,0.22625613305574918,0.8432978297596508,0.625443705996813,0.40288962149452334,,0.7013909428095744,0.8200373936470999,0.8327577693215492,0.7414756125613319,1.0797143178705342,1.0109814982839362,0.7220725667510094,0.9968381501044294
513,sweepy-sweep-326,run_54f43c63c6959e077b42b5f720f5182a,0.5255264043807985,0.2587571721810349,0.6545484230863429,0.5012687656122475,0.1212734706188998,0.40677191832751747,0.20940077852919983,0.6442624289096301,0.36188756708629116,0.12127347061889966,0.3479068855250664,0.3865596756288306,0.3340599021212077,0.3083210420457811,0.44433395642345497,0.3004914244259264,0.774105129828032,0.6137294783897425,0.45723695759372845,,0.6500719024604921,0.9512251082068103,0.8640944900289379,0.7680399563595673,1.050116923820421,0.972610734343653,0.7034380771874542,0.9224485863357788
514,expert-sweep-327,run_fc39a8ad5e1a1b59b8dbb8c48cce1aa2,0.4317167401313783,0.26941518055060815,0.6063729625295925,0.5059728439640887,0.12984370952988272,0.3799742810287908,0.21678373647888502,0.5956951209556722,0.30903469937921957,0.12984370952988258,0.3280261048355015,0.33528933918750026,0.3056308067535835,0.21566750736945162,0.5596053044091414,0.3246861204197979,0.7660565205474048,0.6506887078354215,0.4932541307107455,,0.6850106337659198,0.9729555755341198,0.8344346757099321,0.7052306792479637,0.9739727063792543,0.8658475129589122,0.6584370178337459,0.8281792747940423
515,ancient-sweep-328,run_f42745ea80c3fb495fcf3bbffcb5e611,-0.008615255355834963,0.3138641238471335,0.4355928052464013,0.36747211436203103,0.24304282824441248,0.3787736371775461,0.1885819134187373,0.4089471822362514,-0.04530952439838712,0.24304282824441223,0.26286606283688385,0.32338265368013386,0.3314158910331863,0.030729921569879304,0.4619861926500291,0.2875015524004232,0.7547014504210429,0.6706564161133519,0.5227311098079529,,0.6987680244277674,1.1584824470628146,0.6506055141592789,0.4526078754604807,0.7991524864909555,0.6482368784164221,0.6296222424740012,0.782164515832959
516,absurd-sweep-329,run_84ba9d7de47571c25b79fb87f9dc9755,0.37109136581420904,0.28143651194317093,0.6402078968135188,0.4965498478965199,0.1388401653721694,0.37872819448198114,0.22622192951209943,0.6351138806498136,0.33895580342789344,0.13884016537216895,0.3404128269582015,0.3676900004142216,0.37624401690327564,0.19374687396907495,0.613263035225874,0.3956243358605209,0.7658169366199394,0.686296790389451,0.5147820030955191,,0.6999896805083151,1.0256480745079586,0.8576913272519343,0.7546105217022167,1.024659826808925,0.940069352386622,0.6234484063770043,0.8384397791415539
517,rich-sweep-330,run_df8de3707bfdc9c4ab7862a25bc256b7,0.4808551073074342,0.265097136765388,0.6347220332526055,0.5016694284371678,0.1364730221075444,0.3920684159712739,0.21108186857258548,0.6222808783912488,0.3072144040758783,0.1364730221075443,0.3391013667090001,0.36438268772811916,0.34513736927624256,0.21602528493439319,0.5720103509424982,0.33052590768733997,0.7687716757852656,0.6329806551383554,0.49724358569741395,,0.6739103868686751,0.9612781566922094,0.8513640624585953,0.7253755833519456,1.0116235650497087,0.908147128741293,0.6640284252531804,0.8599390792736994
518,volcanic-sweep-331,run_086a0536a8a0574e7f42e38594f0e7ba,0.47511160373687755,0.2690307849614195,0.6225529946393099,0.5478247965770531,0.11185817467681283,0.3836535448890122,0.21746027271585744,0.6075648316961008,0.3578611530185742,0.11185817467681258,0.3285913481891086,0.3640477027876859,0.34593961859884415,0.2115440198363289,0.6264913704143075,0.3485468064678372,0.7707845316345574,0.6353392260397357,0.5076001110834676,,0.683517442945009,0.9814234903499788,0.8718152339435344,0.7378947077756757,1.0281136241125481,0.9173027971794089,0.6541978764932684,0.8514286133071403
519,fallen-sweep-332,run_c1fb85fc4c47ea46ad392269189fc417,0.7878109812736513,0.22011003964399842,0.6283055321233235,0.4502906042094328,0.1425048113334361,0.40361404960588426,0.17619668753507595,0.6192930419875373,0.31480721193084876,0.14250481133343593,0.3403721677042748,0.482675736442635,0.3114666379570497,0.3695627281337462,0.40049530110543907,0.2686430777587179,0.806944441384573,0.6101412334618221,0.4331333916111416,,0.6474067286691443,0.8015944420990702,0.8037275032547732,0.7167096519764368,1.0547709906062626,0.9900690220245002,0.7145614447094605,0.9885150486470281
520,ancient-sweep-333,run_6ec67fe9afd4e2f98647b7d85326c766,0.7712188363075259,0.22076094950835803,0.6246210781245748,0.46245888259589923,0.10795665045949465,0.4050889441110651,0.1735264195088448,0.6153147024408828,0.3227215393366801,0.1079566504594946,0.3385321371540279,0.47483572107330724,0.30786511099580355,0.3570013515095403,0.39789252926215335,0.2294844411349272,0.8071353101375711,0.6029871495111048,0.4394478790750532,,0.6395859428444313,0.8101608051429275,0.8079326123861975,0.7161513759389897,1.0490257192807477,0.9800880811511854,0.713466658171568,0.9781280723288793
521,wise-sweep-334,run_23f3491191a3642de29c2d341f26656f,0.39597958326339733,0.2625601258767422,0.48861737734360133,0.3593698216803105,0.20406201128491297,0.3607177394730401,0.19964225583832812,0.46784946529157234,0.1370662577597508,0.2040620112849128,0.2924388935261698,0.3755920378106084,0.2376880277378736,0.2311104726026668,0.4309180524525802,0.2979274710600357,0.7744750788643171,0.6570883365149062,0.5213958983407901,,0.6952689344330472,0.8559989918284581,0.6609322430303186,0.5268086099392161,0.8293421837940971,0.7269830393134098,0.6304853567945805,0.8052880311265423
522,ruby-sweep-335,run_b7e9bf4423828ec919502cd5673bcc65,0.6869813799858094,0.2366774895380333,0.579607608370296,0.5464397892810328,0.11357861571297896,0.368030824497918,0.18838202771235923,0.5643255598791803,0.40897286869636157,0.11357861571297871,0.2824024357284822,0.48063784772897805,0.2605990617193544,0.2951298832593728,0.42119188758162984,0.21811536981533428,0.8000128319922313,0.6106139732065285,0.45797795356397486,,0.6891765191584938,0.8558750372956453,0.8309979885921865,0.7219487053992838,1.037585618961396,0.9524894712588402,0.6967095837237135,0.9335044208163737
523,quiet-sweep-336,run_401eb7176be34b38b26dbdd77a48e9da,0.773771405220032,0.22357216258395843,0.6473427848376828,0.4673608191328863,0.1022215737896259,0.4060655634455768,0.17633763258444501,0.6365669814144601,0.3325798234115698,0.1022215737896258,0.3373705580761637,0.47239710739979096,0.33837582074921846,0.351436963253839,0.39221470277006,0.2590842202684091,0.8018457333140958,0.5982984133995853,0.4344189254821302,,0.644079908188231,0.8298543206118095,0.8291340833812326,0.7395416292765914,1.0717408691063872,1.0040353498366241,0.7214646421938549,0.9907958378113949
524,different-sweep-337,run_14a463939fe595be30d84ba0f410258b,0.42980223894119274,0.26033319409670885,0.45854308960788037,0.4176390572057478,0.1957827473943392,0.3290784619959548,0.19317159675365103,0.4393425671446844,0.23328963965078003,0.19578274739433904,0.22676064535005633,0.4081317455946567,0.2558302134304849,0.19051027466504902,0.43521247693498744,0.2497113054500281,0.7847129009941066,0.6724289669640633,0.5299398325431991,,0.728020542993763,0.8425020082156025,0.6726496257929838,0.5336302212825165,0.84898309977197,0.7436907944065254,0.612052185448365,0.8018245832668771
525,earnest-sweep-338,run_578c5004da3eea57408f902bcc2c2c85,0.29195904731750494,0.2826563272795299,0.5032898854390598,0.38422080973462247,0.2021087902324194,0.37034441577036925,0.17075108335490202,0.48546082886609143,0.03308188855637734,0.20210879023241918,0.28850451277856587,0.42725840007835103,0.3634649707961404,0.07702284796049759,0.49767000563374203,0.34040194118891137,0.7785869285784026,0.6710425397283675,0.5289848423571394,,0.6978341074670961,0.9498675329191572,0.693412531448303,0.5156767981795204,0.8952150486396221,0.7658404564411436,0.6157045050948036,0.8364694149431492
526,sparkling-sweep-339,run_b651517710ce4a13449976858fd50410,0.19623488187789923,0.30063835294177943,0.4915725597975457,0.3551406029728193,0.2230770239566702,0.36516554295650183,0.18462776412461585,0.4733516558273692,-0.0533475131699352,0.22307702395667,0.2779299177965554,0.4032864796649533,0.3801124797448449,0.03561451116857691,0.46530511383112244,0.3119580365344532,0.7597918802519961,0.6715069208756519,0.5290722692548541,,0.700708887215596,1.00687973191223,0.6768691518198736,0.5108768525991203,0.8755259699343348,0.7545787128362991,0.6223990451553081,0.8341309530009913
527,comic-sweep-340,run_fe11a923bf8614a376f350c9744f9b71,1.122846305370331,0.1765093292809496,0.5948134643119541,0.48148294709766765,0.1420990856007528,0.401820258991475,0.1298744564005709,0.5794334539715367,0.31124576459822406,0.14209908560075243,0.3169811380923796,0.6176039589823702,0.2950970557733715,0.4278238568038395,0.3930434837256917,0.24843481205261483,0.8482528426878579,0.6099106326533511,0.39569535575068354,,0.6604345030630023,0.7750613526784731,0.7853562433672088,0.670435998427189,1.1262036245382876,1.0493019598353868,0.7351061265766445,1.0917560131539643
528,twilight-sweep-341,run_39c9b98ece029befd465e902673d8d00,0.616145431995392,0.2422384123949639,0.5652017741979375,0.5260455568471298,0.1256274405017557,0.3310037972554206,0.19874020752236524,0.5541320852268093,0.39808077560408534,0.12562744050175545,0.26688654553397945,0.44353847926360457,0.2618203682614308,0.23764177547914733,0.5537311571528057,0.32774832808721294,0.7973202257129406,0.6375403135682848,0.5044627748740389,,0.7229767544931254,0.8622768133338085,0.8092319950883898,0.7106534611675334,0.9882339415096203,0.9092734699452626,0.6465394471173187,0.8600948540455708
529,gentle-sweep-342,run_63546e879e89b7c23eaead20e0efe091,0.6608167290687562,0.2400857970955069,0.6421562491496366,0.47170875275146534,0.1176719375493838,0.37734657708874964,0.19700273945923233,0.6359846526436095,0.33566146464521524,0.11767193754938371,0.33618984523174594,0.4319337597234039,0.33953601960341934,0.2429914120614244,0.5773697307033508,0.3200244008360192,0.7917422303524989,0.6488189127329003,0.5074373195364169,,0.6782004115883277,0.8659786873958797,0.8321748528471996,0.7456240182561354,1.0263582675868073,0.9575236207702448,0.6397792188389084,0.8776182294088117
530,easy-sweep-343,run_d9ab543090ff5b88d6b752b9118d6ad9,0.34620285034179693,0.29111046760442105,0.634482570954312,0.5299186308213588,0.1305248369720238,0.3837547944036922,0.2079887653982463,0.626449699311546,0.2987411272970103,0.13052483697202363,0.3223497540912375,0.44321643691162826,0.39324411035983253,0.20111653843288746,0.6469161361964368,0.4144758112785274,0.7669465352435589,0.6693382087435837,0.521109146125742,,0.7006321779104172,1.0539604361822923,0.8764286579552507,0.7245307539629369,1.076873620624911,0.9573267027251796,0.6268872207632721,0.8857297499061788
531,proud-sweep-344,run_a9e90195541a62025be3551aa05ac45e,1.0558390617370608,0.19276670006637228,0.5847288361588069,0.5655528899661166,0.1318920097439748,0.3825621229551784,0.15254354561366174,0.5668018177365369,0.43312146019340614,0.1318920097439746,0.28647234732250837,0.6026111295237316,0.2649023590616013,0.39497515137971034,0.3979471206900917,0.1970183680359221,0.8353863788440685,0.6061261998988065,0.40730999129303747,,0.6747545246082118,0.8153992175617626,0.8360124902411076,0.7294710639757399,1.1350047080558003,1.058983869871299,0.730421563959665,1.0596388368529048
532,balmy-sweep-345,run_a16cc8181ec41c0b5f42a05b94d252d9,0.5229738354682923,0.2634467983691376,0.6401534735639066,0.46278534860139003,0.13914835299941972,0.3920803745753699,0.21575099366259792,0.6318267163732347,0.293161526475898,0.13914835299941947,0.3525882804085377,0.4202597006450894,0.3271027789326732,0.2264778810033096,0.573937222739641,0.3578804096489991,0.7719405245127018,0.6507516215878583,0.5043107710008841,,0.671828367846814,0.9227787981113769,0.8326889960645538,0.7291756793771039,1.0140402549812908,0.9309155955029369,0.6478374533235866,0.8686771785216397
533,serene-sweep-346,run_7e1c7920dbf1b79715882ceb4edae5f6,0.5561581254005433,0.24542377051070793,0.5853492612043866,0.4351841317735512,0.10758043205282469,0.3950357442676432,0.18850247166363845,0.5718305260007075,0.27607647218855885,0.10758043205282489,0.32946910972975946,0.4099486174800477,0.28709327340467,0.28003980035969306,0.42482581755558746,0.24734003226041223,0.7891509390267674,0.6217176517908329,0.4701070413358863,,0.6534611198483783,0.8538235155979136,0.7695789844270134,0.6623756870429551,0.9597679509471136,0.8761531014492471,0.6843547392410925,0.8928852756738972
534,jolly-sweep-347,run_21806a77973c66555ac72bcc7c405120,0.400446653366089,0.2778744461500219,0.632120601921141,0.4917072688150767,0.1571183145415381,0.3823388956787185,0.2202612352424125,0.6240877302783749,0.313001755991393,0.15711831454153768,0.3417561768183258,0.3864381589959664,0.3220461891205109,0.2061882110057572,0.5610504315571303,0.3719784834043418,0.7649750632592547,0.6625077953516817,0.5169323609938355,,0.6831446928467793,1.0004082711766482,0.8476831373820698,0.7321001339217351,1.007039462193463,0.9118839745829581,0.6344226138335264,0.8354961579542746
535,sweepy-sweep-348,run_2dcdabd00a75f1af4a23e2815746f2b6,0.5453094840049745,0.2563559810672359,0.4853084437671774,0.5197882917418939,0.1556872092298916,0.36985172128161153,0.18227526311878056,0.465128302810961,0.3027378626369553,0.1556872092298914,0.26568271272164273,0.46431277152849343,0.2004046690480632,0.1999061392586916,0.5132564347759626,0.24686787673722224,0.7870297468257981,0.6467239444638073,0.5049288799909812,,0.6976878148801537,0.8440661225043322,0.755924958479756,0.5841393867004842,0.9311999723725677,0.7980787359583439,0.6444033783425401,0.8431883299200299
536,warm-sweep-349,run_02b00fc0e83e58dee0dde336dfe4d443,0.5906191468238832,0.24467548043042056,0.6772973414242566,0.5144016026512996,0.10722962273244398,0.3673571564671732,0.2135855651768346,0.6708318593703229,0.3909282022110653,0.10722962273244345,0.334050052338824,0.37566196456962003,0.37624774680797596,0.27887260692355986,0.6086485041105071,0.3741809904255737,0.7867157964091791,0.646373592065608,0.48614159835465415,,0.6947331269505448,0.9438926742261521,0.884989710807108,0.8052695427508283,1.06942087025136,1.004446736256759,0.6592361070447077,0.8916537749183754
537,sweet-sweep-350,run_404edfd6bc56c19e3e2ad1cde0531bf5,0.4355457425117494,0.26894365529453673,0.6187760211162211,0.5027675413647269,0.1389147533351475,0.3934372775201363,0.21880309464075662,0.6090777980353206,0.32300843370514176,0.13891475333514755,0.3440004081870198,0.33467790039987594,0.3209621560795673,0.2020095989102788,0.5712190861820267,0.3512482624292117,0.7685709783522519,0.6447925292719471,0.5009847076715879,,0.6735371468889961,0.9768662005387262,0.8414212112144196,0.7233152884659467,0.9817451478794008,0.8826204661301374,0.6547885164688406,0.8273946349854286
538,logical-sweep-351,run_b158507da235997978486541687bb903,0.9294831752777102,0.20717640938642776,0.5572342104547066,0.534024188163134,0.14404329052585335,0.35563852169330645,0.16898286364463397,0.5438134371003291,0.41482947097667794,0.14404329052585338,0.26774278158725767,0.5601759612857674,0.2692340239669091,0.3629952431120902,0.4101520715717622,0.22857384504405998,0.8249111864729408,0.6287474866898779,0.4348334869938151,,0.7042628443000178,0.7750254327525573,0.7991331950623921,0.7045365516190094,1.0754829042046556,1.0071848719838172,0.6984967492300632,1.0029692530037093
539,bright-sweep-352,run_81032501b0cc997f34259fa4060751d7,0.2281430363655091,0.2975913772381433,0.5407276388473157,0.5637870056636906,0.13465996085361417,0.34451701988396966,0.22664732729746825,0.525053742958992,0.37635594687507706,0.13465996085361404,0.2544113297409687,0.4011672046148325,0.25630674919582946,0.24905894497121386,0.5906225249314597,0.2587880677155648,0.7633723679283035,0.6619957760838436,0.5381329238826651,,0.7221429298637345,1.0981827441185184,0.8359442535092386,0.684612476306537,0.9937109382446714,0.8702602349450167,0.6193227653220874,0.8198898227555848
540,summer-sweep-353,run_42cf1062a35a2293e8f7da80efd11d2b,0.4974472522735597,0.26036907101836637,0.6329369506653243,0.49125714144386995,0.13058303197610566,0.3790319430260211,0.20635380282556381,0.6237285368309348,0.31325402517745427,0.13058303197610552,0.3326947438746041,0.35567294089262536,0.3529785213296292,0.2188898466515552,0.5904357275495737,0.3498511158620918,0.7749345586604925,0.6380969462225285,0.4935863097666424,,0.6891066802449973,0.9457811727796852,0.8424576046781753,0.7278373883551926,1.004362811961141,0.9103609757992207,0.6618784623135683,0.8585411703843768
541,graceful-sweep-354,run_3a35a237da7b66886f57c43530cf1acb,-0.341097712516785,0.5102236413537901,1.1175868731121938,1.3702915935003586,0.0,0.5732787383194335,0.51022364135379,1.1175868731121938,1.3702915935003586,3.1808907468589196e-32,0.5732787383194335,1.0,1.0,1.0,1.0,1.0,,,,,,2.21928874747929,1.84038790323311,1.84038790323311,2.5272569387315498,2.5272569387315498,,
542,breezy-sweep-355,run_c9cb34d17ac833c12038202edda63eca,0.6978303194046022,0.24121335749046058,0.6060300960570357,0.47704103084114446,0.09796596166014775,0.3695017328017335,0.18240083234458226,0.593980788592887,0.27887616550837147,0.0979659616601476,0.30528402880588584,0.4699316614024423,0.3819881328235913,0.1679479402781768,0.6457399748572294,0.3660581092755937,0.7983460758080043,0.6529200584474453,0.5155916914461534,,0.698994510861937,0.8283399895598463,0.8080993170797154,0.6810691275825655,1.0237097815860206,0.9267212996345084,0.6291106423882484,0.8892341710800086
543,still-sweep-356,run_b88e7027670d9e9c9fb60e7a68dd96d1,0.5421185493469239,0.24564415731517616,0.4872023728536833,0.3037271535626841,0.22205410332154132,0.3856649820979697,0.16598201541170055,0.4680998122397887,0.05352063908193765,0.22205410332154107,0.29296188314530414,0.46053435639623536,0.24994426677184264,0.21693515946748398,0.3643692252947761,0.2123422296675824,0.7958202161436687,0.6554667474696059,0.5027023502417375,,0.6736199708224733,0.734351250273134,0.6244656819622938,0.49953170316486867,0.8435533659912834,0.7557491751853825,0.6385119409140929,0.8540037423902038
544,grateful-sweep-357,run_d99b50f12fa8d00da9fad7e7154fa9c5,0.37811100482940685,0.27755667912962584,0.4619663120084902,0.5226226102441073,0.1756398991505169,0.34643517998097784,0.20195375464798318,0.434243108656018,0.2951697870551286,0.17563989915051653,0.2288055666504827,0.41617881469211254,0.2145815346855323,0.19846885675063053,0.509821358820347,0.22636546495173038,0.7741881240498885,0.6422106869507465,0.5410450940569281,,0.7198881533362532,0.9345015722209246,0.7507229690761805,0.5625634183110647,0.9067661794668945,0.7583650358160392,0.6242145476849921,0.8051606854957659
545,smooth-sweep-358,run_40a1a4389296548ced219e123ea64ac4,-0.008615255355834963,0.3265414903785784,0.5551443576695966,0.44859397027180786,0.20125799566570166,0.39491057754477105,0.21980252317264737,0.5354540259598901,0.13317339796700733,0.2012579956657016,0.2934537803937891,0.32179130472899375,0.30542613109764444,0.12852451340335644,0.5383785395791859,0.2931815019355029,0.7337128620121292,0.6527288603638559,0.5277946590406275,,0.6775153478184206,1.2356077619346395,0.7848892615874394,0.5939354485428494,0.9107164590899348,0.7524045673291923,0.6438042934871706,0.792361839196303
546,magic-sweep-359,run_d1f4f54e7be6d9f150ae46dc28ba5d94,0.27026176452636724,0.2920637686656091,0.6149609513184037,0.4473573566146465,0.15184306036871048,0.38835805974040255,0.23145227216232753,0.6098669351546984,0.2899908490589369,0.15184306036871012,0.3407867326462715,0.3294271614719479,0.3931218002873685,0.1890016920473773,0.5983812483445151,0.40756298805392505,0.7555363994425082,0.6898417387642731,0.52120457730785,,0.6910030917255497,1.053956103675979,0.8146206608789385,0.7138645007436721,0.9810175662567192,0.8991057610734292,0.6206493823417992,0.8270394790907355
547,peach-sweep-360,run_e024515153deddc54da491c8c6cfd033,-0.341097712516785,0.5102236413537901,1.1175868731121938,1.3702915935003586,0.0,0.5732787383194335,0.51022364135379,1.1175868731121938,1.3702915935003586,3.1808907468589196e-32,0.5732787383194335,1.0,1.0,1.0,1.0,1.0,,,,,,2.21928874747929,1.84038790323311,1.84038790323311,2.5272569387315498,2.5272569387315498,,
548,deep-sweep-361,run_195e2ae4ecf435b984f58525367c3697,0.23388653993606573,0.29140517088946577,0.6237503061307791,0.452279078970148,0.10530263041418453,0.39278912117812975,0.22793377120261996,0.6118969223652344,0.2749387876239708,0.10530263041418424,0.3286001178321124,0.29761698043196533,0.29436501513307395,0.20324383573306082,0.4408556368529801,0.2631829209959862,0.7448230179260191,0.6138714463335244,0.5014668710490339,,0.6610452340264236,1.0865314737104763,0.8237340488855882,0.7084934612223552,0.94608269682553,0.8476424190270659,0.6802542412940839,0.8241847600737428
549,bright-sweep-362,run_15002097f36ffac09b79a94be1b0e0c1,0.2543076872825623,0.27971954497812784,0.563041171188332,0.5576880271065713,0.13452963683038865,0.309448014752134,0.23769741916801407,0.5590247353669486,0.4720995226671286,0.1345296368303883,0.24589042570238867,0.4429778496879007,0.4086998584779528,0.30597920590833133,0.5594312997760705,0.35137899915868837,0.7757516578801791,0.6794957145491786,0.5445042459999991,,0.7507867073314928,1.088158224375954,0.8404012850263374,0.7693417167512445,1.0785001362801152,1.024097115129254,0.6004054445521453,0.9040878950246857
550,honest-sweep-363,run_d18d73022baa7689ad59aaaacdd6fe30,0.4266113042831422,0.2623166753369227,0.6105472257748511,0.5165879355971607,0.1326485447970388,0.3852408502726959,0.21005425103082065,0.5996734605023268,0.3183884450819879,0.13264854479703866,0.3350290633941547,0.3433884578739049,0.3482448311332491,0.19747320924985892,0.6077277193574941,0.3558967278022049,0.7784146182594665,0.6647654104553522,0.49944945692847426,,0.6861436548138907,0.9840760166175084,0.8416894013029508,0.7107054590818062,0.9932909000132851,0.8850356000479095,0.641898089728787,0.8307941510271653
551,dauntless-sweep-364,run_db19e3d9415fad76c268df4f37eaf166,-0.09731978178024295,0.3387114547322941,0.5012544559035621,0.4084386515964682,0.2556301617329325,0.4075332827883,0.2191490506710266,0.47255163405806966,0.053787747631884944,0.25563016173293224,0.28036070338914804,0.3118335672659565,0.2375820681818761,0.06967319009460571,0.4194263764490791,0.24152770452185135,0.726554778271913,0.6304966412810576,0.5199279082052611,,0.6657332655803502,1.2736517833251588,0.729933977321226,0.5236644680100755,0.8314706113034498,0.6578481901393541,0.6646609923191508,0.7747993294550705
552,charmed-sweep-365,run_f542a5748a04ea349fcc0030b64c937a,0.5382898449897767,0.25506184925030045,0.5289177936814609,0.42167536418272206,0.1581723817985699,0.3536852830242832,0.17738318858703864,0.5118724319029091,0.1693913387579451,0.15817238179856982,0.2915483761411498,0.4666679285893321,0.3227663215648842,0.14343772946397215,0.5485270966753785,0.31772319813488853,0.7904436478104384,0.6712045775930051,0.5342081496587467,,0.7107718632533586,0.8189874312045698,0.7229250944423486,0.5676016277123526,0.9301355429821196,0.81529322573285,0.6074391676399524,0.8435127613304271
553,rural-sweep-366,run_d7c47e28ff964e7dbdd008228d8cc1c1,0.297064483165741,0.2766008154311766,0.45162589458216545,0.3644894022209582,0.20249812300620645,0.36719372221119373,0.18905087603754753,0.4285068981468886,0.05291222516261472,0.2024981230062063,0.2758539041254792,0.362224859908632,0.21576639681001616,0.11781012887228763,0.4566142632009765,0.24205430015339932,0.7694650705979065,0.6686787879532067,0.5313582385036894,,0.7009978994801,0.9115573562950274,0.6429047239566097,0.4713365030015088,0.7777966943095316,0.6432723471864789,0.6185023846719989,0.7577508914135699
554,earthy-sweep-367,run_f324fdfa64fa8fdf574bfa2c3d9ca02a,0.3353542089462281,0.2672241256922323,0.4627935454025959,0.35393366804342974,0.20666275421381014,0.3486148348875533,0.2006160579976063,0.4448665269803259,0.16698241535379446,0.20666275421380992,0.2554381752126838,0.37674601206307345,0.20087382352476904,0.27764049846225874,0.39097471887805674,0.2532477105823317,0.774477831454188,0.6358534138075089,0.526180052650991,,0.7025153754239291,0.8838557204693963,0.6409802184100218,0.515786929449965,0.8186743781029306,0.7248505042839415,0.6387239836166078,0.8169090672873753
555,swift-sweep-368,run_1afe8f3c9ac2e8b5b066cb58d4c4f9bc,0.12348443269729617,0.31870238299638926,0.5512803069471276,0.5015012489797939,0.18474864676124314,0.4046783653704338,0.1979867921675551,0.5351166018122946,0.10859941137189924,0.18474864676124286,0.31421391710455104,0.4618798857346243,0.36471338418809696,0.15886366780533998,0.56372421413018,0.40025655798722476,0.751637659997174,0.6815341332625073,0.5290338209339555,,0.6771129337792159,1.1505185871075674,0.8105459200338927,0.5808118280116715,1.0141850101851826,0.8419791719270666,0.6204139763356491,0.8697701124051922
556,breezy-sweep-369,run_25306cfceac5c0d6d00944d27eb2f24d,0.45979589223861705,0.2610635457161674,0.6817001823178862,0.4932307768406993,0.10995741109278745,0.3675317520869757,0.2365698587730606,0.6778796701951075,0.40886404669453125,0.10995741109278717,0.34620716926287953,0.43110926772920033,0.4127181187137137,0.34302844555119244,0.641292979205159,0.42032610031275947,0.7834229905261556,0.6773550474990505,0.5301599470479529,,0.7054710955830409,0.9999061035104201,0.8809914373573766,0.8262299643701876,1.1180366154070618,1.0754142991038491,0.609717181785913,0.9195732719358571
557,vivid-sweep-370,run_0b94b6e0a985e40f01f67163f6dcbade,0.5899807810783387,0.25264784495019516,0.5543878744999863,0.5022827888111193,0.16318207003727764,0.3785001837638829,0.19987801846636374,0.5398895208032873,0.3438626864195091,0.1631820700372774,0.28149198733663555,0.4568694088355592,0.2507333094414537,0.27972693122199876,0.4007319537010427,0.18351113942406028,0.7879822244016854,0.6350024320188206,0.47362607439825793,,0.6824620288427534,0.8530824551083074,0.789597903294117,0.6705769635551798,0.9865641662510147,0.8941574074484754,0.6747179198414855,0.8972671155231954
558,sleek-sweep-371,run_ed7f900d6be549445d78eb76f362ec25,0.3889599442481996,0.2823693119062689,0.441165746006694,0.5191056810031409,0.1929107009957084,0.3553036807786168,0.19486549998334265,0.41216903861329574,0.28165112655504193,0.19291070099570798,0.2430267386415186,0.44295527129437423,0.3154625534755035,0.214541178473752,0.5162183005561837,0.24482407519265958,0.7702207379776653,0.6605360118674816,0.5274934428922208,,0.7159460207866105,0.9151327079896887,0.737448541801933,0.5358947999046929,0.9410548677306022,0.7930555773957805,0.6255371731593657,0.8561837812513586
559,autumn-sweep-372,run_fbc273ef03b9c6ea515d5d476b8a24fc,0.46107202768325817,0.2680159806059612,0.6167732455304906,0.4759132391858136,0.12729870266123297,0.3643172793059545,0.2141390948252662,0.6094261068328385,0.30203051962505834,0.12729870266123258,0.3154831236192796,0.3971062956563924,0.3651591920495309,0.1817825027402653,0.6255518083296266,0.35431542641009894,0.777769949673768,0.6788329264859124,0.5223969164769425,,0.7066964420110904,0.9472834881807995,0.8238538787277289,0.7130765501732598,1.0014063797407355,0.9124459930854649,0.616959633824074,0.8394752608975791
560,autumn-sweep-373,run_ef97e519e9b910fdfda208d290b37f5f,-0.341097712516785,0.5102236413537901,1.1175868731121938,1.3702915935003586,0.0,0.5732787383194335,0.51022364135379,1.1175868731121938,1.3702915935003586,3.1808907468589196e-32,0.5732787383194335,1.0,1.0,1.0,1.0,1.0,,,,,,2.21928874747929,1.84038790323311,1.84038790323311,2.5272569387315498,2.5272569387315498,,
561,autumn-sweep-374,run_3f54e394b8a5d7ae9982b99f589c6ec0,0.5925336480140687,0.2506182362392786,0.5566301123840105,0.5237504018994386,0.16313944834414726,0.3703922501867534,0.1939275747457223,0.5418378731394051,0.35929067840625195,0.16313944834414706,0.26663940104932776,0.4613774382562659,0.21469052992833348,0.2570043312156136,0.3659545033698852,0.1889251995192617,0.7902746698727501,0.6095569716385982,0.4798098374501078,,0.6872692292159654,0.8661295477601386,0.8043388998663104,0.6784437903058856,0.9858871417533319,0.8861706195993098,0.6833946719917339,0.8899666668719102
562,playful-sweep-375,run_41315ca9d9c7a0b1aec54522e03f9c98,1.0296744108200075,0.1793256676310725,0.5263544586247245,0.393802092350308,0.15072915881170723,0.40524121700322163,0.12655584114724128,0.5057824702712999,0.22036455370613092,0.150729158811707,0.3247789452032842,0.5934688735636845,0.22269813824644413,0.39997488533452524,0.43255814526819797,0.22087237772846482,0.8502352094707222,0.5890359314651525,0.40125332868992475,,0.6356121344283184,0.6580347063120014,0.6813859399231372,0.5660325297121416,1.012949392956373,0.9392403836388605,0.741497494610662,1.0543235784519078
563,winter-sweep-376,run_e0961c0cb5e48c862ea42c66b3e99593,0.18538594245910647,0.3002513947153294,0.458679147731911,0.3043800855736651,0.24963771560839193,0.35773845257257475,0.18121689392988102,0.4379112356798825,-0.09170726881507678,0.24963771560839187,0.25768798726328934,0.4714715838186126,0.42456616571229233,0.1169515478508869,0.43324454292716147,0.36988025361891747,0.7719832431586127,0.6809974759376092,0.537866375757149,,0.7111977045287713,0.9831733620278481,0.6270444139663509,0.4827173460046739,0.8996689641458081,0.8057515647484547,0.6060707371375664,0.8851786748308277
564,comfy-sweep-377,run_08dd94c8c685c14ad96dd2d4ab5e2a04,0.955009460449219,0.2027097326400545,0.6389507197474761,0.5852249400242375,0.11025986118442407,0.41873769758603624,0.152753681869085,0.6267054885847236,0.44054114213637363,0.11025986118442421,0.33727090304202967,0.5429393414056154,0.35368065465853027,0.43517223765284285,0.4248597672195665,0.2520891718462175,0.8279251706825285,0.5959455725932914,0.3796334914644889,,0.6378274079568671,0.8676234213881392,0.8898525093515175,0.7811337623362592,1.1836745746820048,1.1042725954269768,0.7600817930355526,1.0894826030981737
565,morning-sweep-378,run_229435fa669681d2bef310efb89df698,1.010529696941376,0.19736150867580846,0.6658847859805711,0.5537605421314274,0.13594434918313886,0.4102247659501868,0.16691737801205958,0.6604968842689598,0.4601538347389513,0.13594434918313872,0.3605008901187648,0.5359234414729578,0.35999488051370926,0.4686411476125105,0.42243776662293797,0.34373060453744647,0.824976343508965,0.6188885300201064,0.3767388942708447,,0.6477120462234026,0.8661201768460083,0.8882594504585215,0.8221064996923371,1.1939177633659466,1.145553958217707,0.751221431268076,1.095795789893503
566,visionary-sweep-379,run_c95d56875c1a5c963a9bee98a1a0e9dd,0.3136566281318665,0.28702818644723654,0.5971863179950475,0.43839932728217046,0.15549049372313606,0.3754116749460069,0.226416689943955,0.590818797790416,0.2660054905646378,0.15549049372313561,0.329217979043742,0.34246296597531495,0.3800015046330418,0.17382392065468388,0.5863899265190572,0.3908650137833473,0.756056831744456,0.6887405401890064,0.5162205627261288,,0.6972402719842896,1.0098973673939649,0.7944876640811556,0.6863601753585526,0.9607847991912041,0.8734913120907238,0.6248465928445218,0.8260327151930236
567,blooming-sweep-380,run_62737e6ffefcabf529943a69422700f5,0.31812369823455816,0.2785279186516427,0.5538109880540969,0.35715875646130635,0.21287896422728517,0.36137705717886953,0.19476043185563097,0.5424474135350622,0.12220710805530118,0.21287896422728508,0.29592522524030807,0.3965815599423664,0.3827838396480135,0.18250401728229523,0.4896346407425434,0.3284608969207557,0.7708923528377061,0.6873218654814464,0.5176780948393064,,0.7046735807261959,0.9482743689016159,0.7154346855407961,0.5891650019533669,0.9213874902455704,0.8271780445786046,0.6187829587117651,0.8485284131355055
568,volcanic-sweep-381,run_b8dbdcf5596bf6a79aab07902b4b720e,0.5721122026443483,0.23781273784477078,0.5458216550110209,0.4654663270101154,0.1123278329491917,0.35587928825577375,0.18665737283553224,0.5324988435059459,0.3355872678257862,0.11232783294919141,0.2720877410754931,0.4436928847274116,0.24671821800709282,0.269566984856708,0.42119703465206326,0.23170920959131322,0.8041712999980735,0.6354401356665292,0.4798761419685763,,0.6993872832412482,0.8352653158039839,0.7557347940517779,0.6565171798938766,0.9494918079265072,0.8725906382003378,0.6646665345274845,0.8787384232522439
569,serene-sweep-382,run_a0a8aa98a12ea2ff9caa0a15f0d418d3,0.4061901569366456,0.2690717871575996,0.562926882364146,0.40200331412460133,0.19275414823824874,0.39021722405720355,0.19591361862319734,0.5462733679828023,0.1855959241213865,0.19275414823824863,0.30118780828284814,0.38777579507903265,0.251126786753422,0.21614809139184188,0.38745501723924747,0.2298392084623905,0.7711846430651546,0.6318551533166002,0.48939212196375975,,0.6698374698928613,0.9116487641489487,0.7422216421659803,0.6092967959703885,0.9005818640113596,0.7946051304052799,0.6697816814615316,0.84188017467336
570,pleasant-sweep-383,run_1f02b6a47c1514902a888e0c73c4dccd,0.4923421144485475,0.2662913257291343,0.6324090451440857,0.523547597259664,0.1276282011350485,0.37376059034047737,0.21153801800508928,0.6227108220631855,0.29811292755917246,0.12762820113504814,0.31523996533599297,0.3758054591186455,0.3831567398023199,0.1904679202715788,0.6082238134318071,0.3205214421659987,0.7708579390718071,0.6525784011947423,0.503171700757774,,0.6942758705310947,0.9652770668253717,0.8631073844748413,0.7220723083971786,1.0340557123032108,0.9196223559515772,0.6481097209043728,0.8627647821640861
571,curious-sweep-384,run_eb08f9c38dacba8d6a34e843b2aee003,0.38321644067764293,0.2846731228041402,0.6400228577648371,0.5228303613385106,0.12450288352146988,0.38741014105572147,0.22286231206258983,0.6343410705053198,0.33746197413004253,0.12450288352146963,0.3433402932409171,0.4132355135443122,0.38579643561841426,0.19541721205929616,0.6506786676102999,0.4083872359945162,0.7683474378680231,0.6812154679025378,0.5195702992301223,,0.6963040865382248,1.0312142378037563,0.8740821655004108,0.7522877028447719,1.0591553229838484,0.9611072541660459,0.6213687993685727,0.8624903193589329
572,ethereal-sweep-385,run_528261ad8d09cef66debecd3dc6d6e52,0.12603700160980227,0.29258398402964464,0.4649541484122016,0.401157470383103,0.18730348940523067,0.36001377631191867,0.19059614630608607,0.44545974040109904,0.07887121905374367,0.18730348940523045,0.26316343345873927,0.36533236956358756,0.27784064358932703,0.09816897061796974,0.4911346829559851,0.2899528289334801,0.7725102045135316,0.66878987577546,0.5370999098625173,,0.7174561784606349,1.0681390352969367,0.6802316251693574,0.4908991143809175,0.8264474418581101,0.6791776282926567,0.6129667583879244,0.7720288577261015
573,royal-sweep-386,run_1c6c26471a3eb7dbc5ea81a818b61b6e,0.6576260924339296,0.2398961619381738,0.602117064409916,0.46720253258476985,0.11828093597238117,0.391450554759644,0.1762402523685175,0.5909494135894855,0.2600054411000912,0.11828093597238074,0.3351685804419421,0.4708561470428232,0.33822955375633157,0.19181027785759133,0.5821081835640842,0.3168215474874107,0.8001119655509827,0.6414875960298851,0.5070084910857121,,0.6673638628341638,0.8354897116597535,0.7989826870589277,0.6692418586567405,1.0056188438737268,0.9059694201861092,0.6415037006735882,0.8856765340190148
574,summer-sweep-387,run_3b41686933b6d09b0648db468a18f494,0.514039695262909,0.2599949259782227,0.5826280987237749,0.42768530655652554,0.13821149539849648,0.3650698741237332,0.21096142462130618,0.5730278374921768,0.263987337076151,0.13821149539849598,0.3182447639251967,0.43664961699086674,0.342093712783939,0.23845736359863356,0.6062981923964158,0.3641372292916709,0.7858887327384976,0.6801822974488454,0.5315247838789366,,0.708171079063731,0.870934923313445,0.7680934737395257,0.6652480284493664,0.976995647380393,0.8983918131610231,0.606296978182394,0.8556570202786185
575,radiant-sweep-388,run_f9f7e3be35308ba38cc1b09ae845da5b,0.3813019394874574,0.2800988152927941,0.58669895779477,0.5349491751786907,0.1383787035792387,0.3807005669175582,0.2323107556448491,0.5761190780701516,0.40378898424554155,0.1383787035792383,0.3038689273211849,0.37042315034760565,0.26796495017854266,0.26135661760793455,0.42168510723571667,0.2277306094359909,0.7603664819702454,0.6303835835058401,0.4894033998931527,,0.6789710680822011,1.0065652374207112,0.8419273326304697,0.740896094673692,0.9930596355885942,0.9089845045476971,0.6743511002037239,0.8556139390817956
576,fallen-sweep-389,run_853eda0918789fb8d5fad85595a2c015,0.39534151554107677,0.2736076551100268,0.4030259326784401,0.44812405708208647,0.19616306404073322,0.3397750347397449,0.1874415398374775,0.3778497374078206,0.19479632973066524,0.19616306404073308,0.21062211050228552,0.442619559353008,0.2181420478600288,0.1281443880428652,0.45614510348514087,0.23255508028965335,0.7800490168070713,0.662970716731573,0.5370429411358696,,0.7314693895471007,0.8537311964401896,0.661895929797006,0.46459699201818094,0.8354790442824652,0.6897603761783074,0.6134300376897853,0.7976311319735395
577,fragrant-sweep-390,run_d8f73d27dae76f1c7ec7a872af8248c8,0.38576900959014904,0.23711057523518603,0.637486734332907,0.5012687656122475,0.1443498388572141,0.372618145029167,0.19568810654420662,0.6351356499496587,0.40031162664160486,0.14434983885721397,0.3342453762057263,0.4401978998670721,0.4077278691725749,0.302787940703849,0.43915388918765413,0.33187661469020946,0.8126152039530876,0.6290482191484977,0.42320152974404823,,0.6777267913120614,1.0173197242797993,0.8449148695088882,0.7758482630671282,1.0796193218446437,1.0264683486047421,0.7109252849604168,0.9783207573077026
578,youthful-sweep-391,run_405421e49af94079a0d672968d4a1b36,0.37811100482940685,0.2835481250464478,0.6641976652425918,0.5456829817228501,0.1143031844961952,0.3850917663416318,0.232854034744236,0.6578301450379601,0.4015383473895079,0.11430318449619485,0.3420694922456424,0.36411864869211313,0.41275994096101404,0.2251906479796529,0.6621097637214092,0.423719382138958,0.7639083404046938,0.6653805428338033,0.5216659891499941,,0.6961663386220655,1.0609780286933093,0.9051673846714796,0.8051053009648058,1.0830475434615106,1.000928835016075,0.6296926859830275,0.8661275113431773
579,jumping-sweep-392,run_725c44bc6cd1ab6e630f9ff6e3c86a1b,0.510210692882538,0.2576091106879912,0.47577893276007505,0.5106472435881579,0.17300637030382715,0.35456304456493404,0.190770405639852,0.4575580287898991,0.3150149630252511,0.17300637030382687,0.24808363369360623,0.45469932373898797,0.21929267459522825,0.21051751109408423,0.47519570513468556,0.2618880048212117,0.786665877058089,0.6596039436211514,0.5142815862362191,,0.7120335938849258,0.8526545406019387,0.7439681808733202,0.5873560456042758,0.9233888827406505,0.8025867547654656,0.6303199986347173,0.8345427941669257
580,rosy-sweep-393,run_a53b24bea05dba105baa261a31ff3c7a,0.5638161301612855,0.2590672512896472,0.6378404854553865,0.6572205871441644,0.10798287919372872,0.3689532314938608,0.2217040000205009,0.6281422623744862,0.5433185764103577,0.10798287919372844,0.2960392305993575,0.40195504177441926,0.3125935308651501,0.3238538241334908,0.6052704267206499,0.24987011973788867,0.7796163439129811,0.6322087240403341,0.4985508773651875,,0.6927922323967202,1.0144139950530848,0.9517852834241852,0.8595990000451407,1.1269689863946388,1.0502734460277992,0.6597655652832631,0.8941221793949898
581,dainty-sweep-394,run_d22aac6dd8eebf80eda80df621f85a5a,0.3455647826194764,0.2860876985723548,0.5752809600261233,0.4976776395518512,0.1165260697225328,0.38490919831909864,0.22838223272334016,0.5576478271517593,0.3445799223406624,0.11652606972253292,0.2957649799454208,0.3807228691232793,0.22476925107004933,0.24301759090763975,0.41274499395898,0.17899652037504188,0.7527926908653002,0.5830844683334925,0.4820783523550586,,0.6719786403656873,1.0034523753653553,0.8126975988354505,0.6941648696319004,0.9565594889725951,0.8581337512425896,0.7093467750921524,0.8704605195666499
582,rose-sweep-395,run_f5cd4b5bfbf0019990264df8e2f35d28,0.5178683996200563,0.2546441393767153,0.6117336526163976,0.45121064477036077,0.13529108977112153,0.36746159494294556,0.20602578525612267,0.5994884214536451,0.2730047238641709,0.13529108977112114,0.3160730814213518,0.3706559162317431,0.3087753051353887,0.2174242569357979,0.5834477865650843,0.3000664972157388,0.777521485803257,0.6253417943574104,0.49931692176231574,,0.6918784213151548,0.9001444260686225,0.8016562514047976,0.6901916914158974,0.9605488276082176,0.8696929778391145,0.6637386572801666,0.8488523487457684
583,spring-sweep-396,run_a351bf07864a928aed2394f7682869c8,0.2128270268440247,0.3081725064898788,0.545631173637378,0.48308559839734877,0.1758013697956454,0.3946817695863997,0.1991732932195182,0.5291735829546382,0.1335839537011849,0.17580136979564498,0.30448997749390727,0.4668969963694966,0.34756386706921605,0.13728144388042854,0.5794448991721176,0.37866147520454846,0.7578853073660456,0.6837202739303058,0.5290843655504625,,0.6846161951593316,1.0727191443668025,0.791236606066783,0.5809813717455989,0.9918139989559243,0.8337739478181473,0.6167770458447408,0.8591004400102622
584,effortless-sweep-397,run_a68d44a42b59774a8a548dcfbe01de1b,0.5497765541076661,0.2615914489919866,0.6246972706740319,0.6513095738629338,0.11417859800858336,0.371399961891915,0.2156484881721475,0.6138235054015077,0.519545915465091,0.11417859800858315,0.30436959421267346,0.40221629075602267,0.32190809502686424,0.32231310325745716,0.5960306256188815,0.27942639262885227,0.7802234480673131,0.6200563374348773,0.48951373711028073,,0.6899536466054911,1.0085395342891958,0.939617436608553,0.8325932527415695,1.1190037667066355,1.0307764196156204,0.6732422625637315,0.9069419203161484
585,fluent-sweep-398,run_5602cc6e28e99e08206aeb316c055556,-0.341097712516785,0.5102236413537901,1.1175868731121938,1.3702915935003586,0.0,0.5732787383194335,0.51022364135379,1.1175868731121938,1.3702915935003586,3.1808907468589196e-32,0.5732787383194335,1.0,1.0,1.0,1.0,1.0,,,,,,2.21928874747929,1.84038790323311,1.84038790323311,2.5272569387315498,2.5272569387315498,,
586,earthy-sweep-399,run_f805cfde18cad64bf977588d974dc848,0.20070195198059088,0.2895267577769634,0.549892514082016,0.5198229169242944,0.14072945388496735,0.3185485124692365,0.23352800834394688,0.5446025742197067,0.3923329953256003,0.14072945388496702,0.24827497135914325,0.34309863582810074,0.31840061875169345,0.2374532026519384,0.5375334404656124,0.2790329952480984,0.7664515009976401,0.6908868612111573,0.5415017694808683,,0.74519514703498,1.1006702556037207,0.8101995960699823,0.710670439619504,0.9653512505042866,0.8834772918005344,0.6002636598589994,0.7973682416083224
587,dainty-sweep-400,run_039a3a2a4a149627b36a0ce3fc012257,0.5950862169265748,0.2455262760011583,0.5407167541973932,0.5088813592857319,0.11805635243550193,0.3541723968311294,0.19870689323796883,0.5282755993360367,0.3784928152746519,0.11805635243550174,0.28724248142629466,0.4101704472879632,0.27300215311343706,0.24781044812650985,0.507249387597331,0.3017305794552596,0.7907373740635018,0.638672045991329,0.4929721918613961,,0.6909994284972548,0.8457482000105534,0.7820600989088085,0.6795707097047857,0.9569733475593232,0.8752121680611554,0.6568302179313678,0.8576747197052097
588,dutiful-sweep-401,run_e5074fa904434d20ccb736d6d3303460,0.2906829118728638,0.281833720718666,0.4065362322784292,0.47904929142037456,0.19532866243291183,0.3337885575292567,0.19838912621757268,0.38723774796593113,0.2394380827541859,0.19532866243291164,0.2090555333657012,0.4074007325605491,0.24334814902164945,0.15286019857612612,0.47282699947513745,0.2482385683177053,0.7736102444233652,0.6945116603192388,0.5487292274718822,,0.7382780187588955,0.9475709278331957,0.6886146802818184,0.49663056120631394,0.8501471029954161,0.7037057859332734,0.5901023277780564,0.772515809599356
589,desert-sweep-402,run_7feaba5deaed7c3ab6613815e4173054,0.48532217741012584,0.26162988855090547,0.6433807722659122,0.49874607375163843,0.13498372179181603,0.37807445745806323,0.22329796039700367,0.6380908324036026,0.3650434051393666,0.1349837217918158,0.33783614639563675,0.342785513815973,0.32500797002585496,0.2591724930562207,0.5666737470043334,0.3590489147932295,0.7712458313164268,0.6520178591344029,0.49198393220714,,0.6910177069447779,0.9631094046213079,0.8550652973822032,0.768295891665918,1.0106627197075688,0.9383928001482709,0.6568868739647921,0.8495898042035468
590,winter-sweep-403,run_6cd120f04313ad9a09d9656cfaa0d64a,0.20453095436096197,0.3019760495921563,0.5284279844349503,0.3643805802191279,0.2106683737201198,0.376990210686687,0.19671316144871007,0.5129500122452313,0.017658843024262114,0.21066837372011937,0.2888935660318242,0.40052814363946104,0.3895261162144214,0.07008992327256854,0.49293393092347443,0.30575037235269664,0.7573790214561418,0.6788535801012896,0.5202056122905141,,0.686611960580176,1.022144972371676,0.7093651221353477,0.5496595470711709,0.9056847480811494,0.7868872880477883,0.6262608216397211,0.8421808612914312
591,classic-sweep-404,run_b661ca7150c5fa4c19091f2bf806de0e,0.4566049575805665,0.2514613438982325,0.3912977223870037,0.2635668884327158,0.23142431862666354,0.3270805778716395,0.18499165861571443,0.36582764156847797,-0.027101624910345682,0.2314243186266632,0.2560608198659521,0.4361482744667808,0.21644620294555708,0.2199295512349817,0.37517367823409753,0.30781569130787495,0.7881580553746514,0.6646064735462763,0.5405625875074694,,0.7231297525240659,0.7196246134960771,0.5346159553347295,0.41083606848197846,0.7558157866138981,0.6739655471625007,0.6069996401049556,0.8086357935955257
592,ruby-sweep-405,run_c5ab31937a6e55e3e54ab6900135f181,0.6052967905998231,0.24513931777470827,0.5939372499931971,0.5828209630747161,0.12585694192630384,0.3536430292898104,0.20113371072438063,0.5856104928025252,0.4619642371330345,0.12585694192630356,0.27890653713106706,0.42922946519851807,0.26957902768272723,0.26926092647575256,0.5535487207965768,0.25078071246604106,0.7922037261191356,0.6424957664452533,0.4925625661654082,,0.7039485582094478,0.9209953069585214,0.8674877619009218,0.7725317956304982,1.0401669334945336,0.9624019990355552,0.6545848437788442,0.8705708185969278
593,ethereal-sweep-406,run_313d818d9d00d4cbc0be8fb6e0c8af58,0.03797054290771485,0.31551958751790643,0.621992435168304,0.43435807385056774,0.11566789832431176,0.4093493961303551,0.24416039034090753,0.6077879670195107,0.2341058046645066,0.11566789832431168,0.33949201444280513,0.25138650620979863,0.29802015829489076,0.1921814640998627,0.5104436321726128,0.27595039821860307,0.725530618673687,0.6161616294995607,0.5132089410743794,,0.6429248306361183,1.2251702747124782,0.8216411235041987,0.6955760467718467,0.9295370036912407,0.8202261531070549,0.6779608181923263,0.8053420244852842
594,dry-sweep-407,run_30341f7857dac5b1d9f6c1c21e77ed8f,0.4502233862876893,0.2708143804952552,0.6443767177338162,0.4835011005861547,0.12857981239897842,0.3733380529957499,0.21762940677510023,0.6395765871180168,0.33046768728513826,0.12857981239897803,0.33651511926315847,0.3803471889098267,0.36707350464015914,0.2196479690110568,0.6152113020521609,0.3884938092296257,0.7739948732351898,0.6858891270468869,0.5206391010614805,,0.699709678131283,0.9753199442287667,0.8499029928812217,0.752083547102581,1.0246888647387344,0.9451358812538537,0.6160607350436239,0.8409417348863052
595,pleasant-sweep-408,run_7d12b30d8d2d9606839902b916331582,0.2696233987808228,0.28010394056731663,0.4741516775966695,0.3151683031187395,0.2210442970535296,0.35434061452874727,0.2235977889565711,0.44917140602465383,0.08772042638438944,0.22104429705352965,0.2963509515461278,0.38556948358653936,0.2573071256102091,0.3067669124924177,0.443513678181656,0.3422591560649284,0.7545472548365921,0.6499453756937414,0.5255761090978909,,0.7016832869525287,0.9260674123771762,0.6345148463037098,0.5093582201373517,0.8435554589610156,0.7539380071229995,0.6386417762448249,0.8466640659247646
596,cool-sweep-409,run_859880c531aa59fc99fdd8a35cd7ce75,0.4553285241127015,0.262854829161787,0.4173229203515742,0.41906858259342633,0.20717831277109863,0.34964327483981456,0.1758122919458871,0.3940080002176927,0.1779140800831006,0.2071783127710984,0.22473326333563723,0.45704494357265685,0.2198392994082392,0.13995892262341827,0.4231332289254981,0.20381409524334523,0.7862837471643274,0.6728538912420666,0.5245826996242305,,0.7204375930263369,0.8040173589002153,0.6472013272400652,0.4666965675110833,0.8340728121769996,0.7032876965781313,0.6154029758606658,0.809647281678701
597,peach-sweep-410,run_cc598f37a9ccf733c1433297f9645cbd,0.44001281261444103,0.2683363102636185,0.5814090179324607,0.4616575569460589,0.15731421040034888,0.3857128165143539,0.19854544709050953,0.5639718087567009,0.207399896124453,0.15731421040034865,0.32416427295274697,0.38213118768002036,0.29422505541307903,0.1744939288488756,0.5595707629522774,0.3095112023546281,0.770079512947567,0.6327810272741234,0.5064895746109473,,0.6759330835184059,0.9299192416842341,0.7894102364578793,0.632850071142533,0.9413868920163345,0.8145796287538732,0.6567082641964845,0.8332505645360515
598,worthy-sweep-411,run_b76e9f9e3cda4468ba95930d0be858f5,0.27409076690673834,0.2913103533107992,0.6458679147731912,0.5341231172557068,0.1176162014891364,0.3802557068451847,0.22645512950287383,0.6383248523769354,0.3589642124007616,0.11761620148913603,0.3349230304378363,0.37328895005725266,0.3882717510834956,0.20762762187529918,0.6430562511856716,0.3953128098946405,0.763887722630378,0.6720595341632627,0.5220811128754836,,0.6991871295727172,1.108772782138194,0.8872962243053254,0.7665480080364823,1.058538337499577,0.9595856766931138,0.6258597441345959,0.8514160214713511
599,colorful-sweep-412,run_a41b8ebfad2202173db45373c49fedb8,0.36598592996597296,0.2853112194821935,0.6364037116656236,0.5148913016595354,0.12617988321656085,0.3834095893654525,0.22105565279340272,0.6288606492693678,0.3130907921747088,0.12617988321656076,0.3320497764936896,0.3699930176091975,0.43000818091981613,0.197610914237674,0.6629892219175614,0.41912224267403236,0.7619814969806458,0.6738884351283797,0.5248959930425265,,0.6941933398779861,1.0354209664419323,0.8669055477437259,0.7364490219804728,1.0546929272884256,0.9503731394243913,0.6234784502688432,0.8657813350454125
600,resilient-sweep-413,run_d591de75f7a0673526f5d1a903580566,0.2696233987808228,0.2921637115187981,0.5292116792293668,0.4129794969455642,0.20251041772537862,0.36940845568978437,0.19003749138313217,0.5098152330675664,0.08128508891252212,0.20251041772537828,0.2983886976840967,0.41093697336494434,0.35444353205340856,0.07979120773872239,0.5347653600636325,0.3222250534230456,0.7627609458962199,0.6698388370275759,0.5245904575801269,,0.6979177990370653,0.99200153525015,0.7321042962984284,0.5501209736761976,0.9147910969089378,0.776852068288222,0.6255421611300337,0.8319669739097061
601,rare-sweep-414,run_950bfc88b1b3dbdaf3d773befd262d25,0.28430134057998663,0.28093936031448685,0.5807831505619201,0.49726213736304514,0.15524623863558126,0.3572664863309169,0.23066041724859868,0.5690277286456776,0.3662750723418993,0.15524623863558104,0.2812384649297988,0.3694710542102788,0.27625915354941943,0.24195681554555226,0.437556973535907,0.25343741886265625,0.7630580020816643,0.6182820058497381,0.5022037248426362,,0.6969191754588375,1.0472837592205364,0.8145585463337838,0.7149504966583491,0.966890224282699,0.8846045970262991,0.6705604141284943,0.8491303488889198
602,feasible-sweep-415,run_ac45959c16f4698c3c1c85150a7cfdfa,0.33726871013641363,0.2671369960253496,0.5396609431549163,0.5230282195236563,0.1448121202980896,0.3284661814662365,0.20228177221742433,0.5308443767177337,0.37115722306037174,0.14481212029808932,0.23978117348984782,0.38047448075420504,0.2965494324054255,0.21504730283391318,0.5173128449083139,0.2580764913986436,0.7883661301012315,0.6658358485498098,0.5301769911808591,,0.7318041879226028,1.0020006060622881,0.7975930206755746,0.6785803945695363,0.9566098292677586,0.8598948137507577,0.6141565228983773,0.8100222055227423
603,clear-sweep-416,run_1524879af57e77fb15740e159723e6b9,0.350031852722168,0.27272610789215396,0.4681868894391685,0.33578512601093163,0.22347045497018125,0.3705237948318102,0.18734415962154946,0.4393861057443739,0.03667301461677362,0.2234704549701812,0.2842926924159331,0.3871226043929883,0.2172999743570736,0.1632308527280272,0.42972543032058025,0.23259028233709764,0.7670348315271304,0.6409379435960008,0.5202541662316179,,0.681383786225634,0.8685673300145931,0.6374403063965317,0.4790646032286176,0.7937617055444399,0.6732238818079069,0.6429264305414589,0.7981741013454993
604,brisk-sweep-417,run_00f35a4d397f496d445fa2cddf5ce3ae,0.43618381023406994,0.2726287276762261,0.5661432964162291,0.41108995127742193,0.14070240550278845,0.3592890849036974,0.20417556115349444,0.5562491496367247,0.19926792471496058,0.14070240550278856,0.30150032646989144,0.41175402119159177,0.39451553909706466,0.17514925134884907,0.6190719896262742,0.37685352748884543,0.7768930389407288,0.6921030408757484,0.5254827286945077,,0.7162041055751698,0.8985554384457748,0.750892537766001,0.6251467684185298,0.9590102961268042,0.8641004726700978,0.6080656989818406,0.851824535384389
605,peach-sweep-418,run_a3d1076e194e3915e92123bed0f0e649,0.24728775024414068,0.29579240588073996,0.5948570029116438,0.4509534291296712,0.16663524682878214,0.37752834787100975,0.22484835594006494,0.5880976353098043,0.24751564316276328,0.16663524682878192,0.31484612864109623,0.3588065381090291,0.37588945320041933,0.14680394598218557,0.5562158582945965,0.3749645081547115,0.7563299791000957,0.6885777730657212,0.5122840233528283,,0.698345930598009,1.0600894207987173,0.8029364834988812,0.6765202180542796,0.9676225544635605,0.8656015346620215,0.6278739972247376,0.8281377710043218
606,honest-sweep-419,run_6b2d858116723cd4d5511f4b1fcd9f31,0.5536055564880372,0.25754248211919845,0.6324525837437752,0.6235649098508643,0.10686733834083588,0.3626143740826754,0.21399814977589685,0.6239299028544997,0.5027675413647272,0.10686733834083585,0.2989132817837774,0.3999873807600521,0.3182649810436052,0.2979020740882632,0.6056205154166868,0.283415544979342,0.7836790808306994,0.6253182625265957,0.4963245935396011,,0.6973057737238357,0.9940309183721845,0.9247473155287401,0.8293726137469607,1.0978095218432355,1.0187674322952847,0.6639804662332983,0.8893245797859466
607,graceful-sweep-420,run_42d1865a9a78d473cc5e7abf999dc2be,0.4566049575805665,0.2713397211338132,0.6076791205202863,0.4874285855612988,0.1303707431583986,0.3802628820076423,0.19850444489432953,0.5978829355900839,0.2684391462419308,0.13037074315839836,0.3282860051645224,0.457929618327348,0.3879428875967809,0.16727026998265374,0.6491207545478778,0.38786119886581377,0.7829587243090589,0.6775007507017508,0.5304467680582945,,0.6995816828195291,0.949809829210361,0.824915622232706,0.6847828813191222,1.03376222914266,0.9258002792968621,0.6095842179538333,0.87164871443536
608,frosty-sweep-421,run_c44944b3d4cf0af0bcf435fa92e30be2,0.47511160373687755,0.2620552863362744,0.6368173283626771,0.4867311354586598,0.1253725299909183,0.37440236876029936,0.21316016739146582,0.624670059049226,0.3204065985704745,0.12537252999091789,0.326960194590406,0.3372433344675618,0.35086256270388355,0.2012172099309347,0.5899764790801241,0.33650135159039934,0.7692783390393022,0.6265269678487889,0.5088550796302655,,0.6880427840408128,0.9580977697811047,0.8432772266726054,0.7336963459377608,0.9942044312650025,0.9031258484645142,0.6587396476497187,0.8433646266639369
609,fluent-sweep-422,run_419bca58626470808083f538a3991499,0.23516267538070684,0.28667710514244416,0.6143296416229017,0.44152054015284525,0.14278267198672828,0.36651766245962974,0.2381048784925542,0.6066886173773438,0.27091732001088253,0.14278267198672806,0.3235527896633015,0.3116498062592527,0.33483972820574026,0.2080518043184453,0.610883871492215,0.3894319329891995,0.7595908529101834,0.6821865405951324,0.5261003584624457,,0.7091169207805594,1.0757868883213726,0.8090272298051748,0.7058053597834647,0.9523937511201549,0.8664236864869003,0.6191791527762905,0.7974406697925868
610,radiant-sweep-423,run_86dea0eb6b50ea9ce3309a4a3a3e94ff,0.5574345588684083,0.24315839917175563,0.44159568967863067,0.49695545717606904,0.14324167483582456,0.3323909953305637,0.1799176368384228,0.4250401371465892,0.310256473672496,0.1432416748358242,0.22644254648110101,0.43377217150024744,0.20545039435013934,0.17578350307016133,0.4903400705545362,0.24625887490390963,0.802850334564237,0.6717671120793955,0.5278200092531689,,0.7314818885498382,0.7986461351836754,0.7078823960571361,0.5561371716463539,0.8731354350304867,0.7553519411142672,0.6079134502178833,0.7942460350635036
611,trim-sweep-424,run_9eece292ddefe1eb432da756e6236453,-0.341097712516785,0.5102236413537901,1.1175868731121938,1.3702915935003586,0.0,0.5732787383194335,0.51022364135379,1.1175868731121938,1.3702915935003586,3.1808907468589196e-32,0.5732787383194335,1.0,1.0,1.0,1.0,1.0,,,,,,2.21928874747929,1.84038790323311,1.84038790323311,2.5272569387315498,2.5272569387315498,,
612,hardy-sweep-425,run_cf0330dab7cfee136e2686aa9782c90d,0.18793880939483648,0.30056916173572545,0.5951019075348989,0.44649667350926214,0.180736470071375,0.3911356448517811,0.23128570074034574,0.5799178208930859,0.2536393539930254,0.18073647007137478,0.3149067189018493,0.29449915377413416,0.27291325716374576,0.19934318764698986,0.39168419747140043,0.2539332552997416,0.7370615631594409,0.6154790395874804,0.4958055163083506,,0.668547717060199,1.1013396102445365,0.8024010099651101,0.6738921844407585,0.9191281111812964,0.8093699896963108,0.6864437835320618,0.8198500911267139
613,drawn-sweep-426,run_c2203ab27cc4ba30182b103cdd5e5c13,0.921825170516968,0.20704058961158103,0.5913575879615774,0.5709593648752258,0.10643538387391847,0.3815448443667401,0.15952929478785197,0.5725489128955891,0.436826354710261,0.10643538387391832,0.2874641142222085,0.5480983189685401,0.2568747535610714,0.38654918111292025,0.4279478756848574,0.19144107079747216,0.8234152521645921,0.595088503418688,0.40573861387869103,,0.6788112820357604,0.8257176861029181,0.847681661312292,0.7376171891454841,1.1110269459457034,1.0295124056635525,0.7404607270251623,1.0315516293229834
614,hearty-sweep-427,run_ed547ac5f3b0acf8c03e6dda198a5cd7,0.4948946833610536,0.252845168019312,0.5872323056409698,0.4168871961021936,0.15267664232858708,0.3641155775168675,0.20588740284401474,0.5757707692726332,0.2392699032968122,0.15267664232858694,0.321078953095963,0.36410919217799903,0.2774713516830895,0.2531675339739701,0.5004752405051027,0.35688976441669623,0.7783689781016406,0.6553147918314444,0.5006260586409979,,0.685430932001004,0.8796408903406483,0.7632610261588577,0.6566214191010824,0.9253253747438733,0.8395304301299247,0.6459895787908159,0.8312413554426613
615,bumbling-sweep-428,run_5884356ec59239c095321571ebcb770f,0.7622846961021426,0.22898701511699718,0.6599145554981087,0.559656716048772,0.11276470530377794,0.42644940274744936,0.17750875781284006,0.6474734006367521,0.4217545074567804,0.11276470530377787,0.3578835503022737,0.4592905012179333,0.37157282889654636,0.3797914205748705,0.37495730693647583,0.29461678705525535,0.7999367796245554,0.5837460140838224,0.4126968529882888,,0.6300145613711374,0.897335737661224,0.8950630779274464,0.7928480486149215,1.1377141856786506,1.0591806659007563,0.7471396518911031,1.0254137283328322
616,fine-sweep-429,run_8fd007ae68040b52a083c367f054564f,0.3410977125167847,0.2868488018389484,0.4792021551606849,0.3792842480152351,0.2112003252363045,0.37691606734129135,0.1873979750040361,0.4586301668072603,0.02522197215146043,0.21120032523630425,0.29625289099254004,0.43421672653692456,0.37082724426728,0.051987144696655184,0.48070937674078146,0.34534458189655376,0.767540520319794,0.6716000932506963,0.5237570871999463,,0.6908003909339928,0.8986898634978261,0.6751099772774565,0.49608041567923017,0.8857387624624915,0.7581922267667323,0.6234510569711331,0.8470247306586988
617,zany-sweep-430,run_f161bff7d497ed1ab2d0150b6b824eb3,0.42852580547332775,0.26707293009381816,0.4997523742142644,0.47077881928128024,0.1710056096705343,0.3379445710727744,0.20290961834643237,0.48505809681896095,0.29122251626146983,0.1710056096705341,0.2501492832411327,0.40015743108600904,0.3162237950773372,0.16750438974555437,0.49763041207734604,0.23006522958070943,0.7786296253552015,0.6639907932760393,0.5241874359903128,,0.7177793282081367,0.8932904831165388,0.7366906285582625,0.6010525971034394,0.9115340152819676,0.8058817551572239,0.6231409357786699,0.822487571124096
618,different-sweep-431,run_43e9d0e8ee0d2b5715e617e43a15bd6f,0.5280792713165284,0.2598206666444571,0.5337886745217556,0.5977097915069375,0.11685065030867942,0.35880675453848954,0.19132137265102256,0.5172331219897139,0.3991343704399868,0.11685065030867924,0.2577948174598807,0.43202261767828204,0.2517278611654792,0.2765933446136492,0.5858778784451123,0.25078694484462466,0.7878656716256311,0.6533477873192426,0.5145395808349674,,0.7140883065963899,0.9299981279938676,0.8424334529958609,0.6807659038045474,1.0179432495397944,0.8887950001771663,0.6331196951660869,0.8528510332785589
619,fancy-sweep-432,run_2d108905c73f189e53c67df1146ee271,0.04052340984344483,0.31613718309786965,0.5290810634302975,0.3424826255781169,0.22532203967751774,0.3960474421741699,0.22858724370424102,0.5124275490489538,0.07319268914005919,0.22532203967751757,0.30091913831082323,0.26913761607584696,0.29105311284541574,0.13566090944886078,0.3982816728515126,0.23890540130989027,0.733201701230983,0.6570324621476876,0.5138703692873028,,0.6620966884089552,1.147961866771656,0.7050984605290747,0.565854478423714,0.8201918630887284,0.7040895852011033,0.6520200013062347,0.7750360864758948
620,splendid-sweep-433,run_16201b00e36a1bea26c3260620c6eea7,-0.341097712516785,0.5102236413537901,1.1175868731121938,1.3702915935003586,0.0,0.5732787383194335,0.51022364135379,1.1175868731121938,1.3702915935003586,3.1808907468589196e-32,0.5732787383194335,1.0,1.0,1.0,1.0,1.0,,,,,,2.21928874747929,1.84038790323311,1.84038790323311,2.5272569387315498,2.5272569387315498,,
621,honest-sweep-434,run_c69e5efe02ffacc24350ff4140042a53,0.3876835107803346,0.2635211148497141,0.63532068899834,0.4501125318428017,0.1302846801241931,0.3675237796842451,0.221683498922411,0.6327736809164876,0.3218509633220397,0.1302846801241928,0.33865092595471513,0.41386958470402685,0.4208759780266422,0.32809884110717363,0.5766943668052606,0.38810445295037094,0.7830241303026708,0.6859695513263147,0.5220031214790258,,0.7056079634221281,0.9905378095567878,0.8219957707694723,0.743729888834924,1.063837637387273,1.0045932605314674,0.6116981826038912,0.9111795312449353
622,celestial-sweep-435,run_1db08a6004db053ea03e4a56aed3b7bd,-0.028398185968399055,0.3197581895480277,0.5251136085335655,0.4323893849083668,0.18016845404561832,0.3789203293877912,0.2323005050958039,0.5152194617540613,0.16549847896520192,0.1801684540456181,0.2833184648022406,0.2968078989964616,0.3359293689096954,0.1213187327735743,0.5212025355631726,0.281470249630922,0.7430111267642467,0.6920781991207663,0.5342563150755079,,0.6930636117505313,1.2330075875482973,0.7516316796354521,0.5889009806221294,0.8835224312693803,0.7499773794603751,0.6146350921243735,0.7703492722105234
623,cosmic-sweep-436,run_41467f3d6f948dc7dc48240810709187,0.42597323656082164,0.2689718443044105,0.5150344227053798,0.3585586031212128,0.20400135733699665,0.3612471070143591,0.18215994444202413,0.4986747938719421,0.06985877872035252,0.2040013573369962,0.2971011546430875,0.4520356184427657,0.3405898019310068,0.14688290819312746,0.49252881170246443,0.299104514696314,0.7791073999144893,0.6752049771133997,0.5297167436952747,,0.69943183266443,0.8504889497154903,0.6827668573328785,0.5354801997895389,0.8989342488256982,0.7928753033146204,0.6127411270879576,0.8469733709300591
624,summer-sweep-437,run_c9cf977ff671eb890e378adfb6acde26,0.9447988867759707,0.20286861615025253,0.5312362241149419,0.45466821655578366,0.18015206108672205,0.370746224867997,0.15830947945149287,0.5151704808294105,0.3320950708579626,0.1801520610867219,0.2776126161678734,0.5710360708804081,0.2280644520253039,0.3708627313262885,0.41525426361029466,0.19814483687760878,0.8267251126212616,0.6263983310350326,0.4300839206156945,,0.6848935542462173,0.7014144822136835,0.7280733399710748,0.6330479063154414,1.0226072278189549,0.9572796904255806,0.7031406197840525,1.0050082015591877
625,playful-sweep-438,run_71df669fcab308cc7f3a0a7db896fde3,0.4240587353706361,0.26751370370275457,0.49164331002204137,0.41050132317661303,0.19145500624571737,0.37073028006253556,0.18466876632079593,0.4704835505728048,0.10824326663863665,0.19145500624571715,0.2893639377929359,0.40196863136711974,0.2713984999986721,0.11184177760750884,0.5005937468349391,0.2719092211670842,0.7745950261608993,0.6695258534941596,0.5309501414858593,,0.6979808989052672,0.861355223425301,0.6941095463166779,0.5168887011597765,0.8541267891308857,0.7175781762356856,0.616464381381686,0.7923211742313825
626,skilled-sweep-439,run_ae3329034adcd4f42ec87fea2aee7857,0.42150616645813,0.26871558057828476,0.5333260769000517,0.39005762619642365,0.1943786904648716,0.37042095083658405,0.1899298606181594,0.5154970203270838,0.12732174214131942,0.1943786904648714,0.3100347835931142,0.42619771364175074,0.2881225316425528,0.17361363854036962,0.5079189923437504,0.30154672842534214,0.7753203473473289,0.6646477255128194,0.5174768659604742,,0.689194493481461,0.8782008719544508,0.713294973556602,0.5639338223075788,0.8964320939936885,0.7828295700746309,0.62910306723396,0.831006287006285
627,stoic-sweep-440,run_3e831139e7c3df5105552440096d4b05,-0.341097712516785,0.5102236413537901,1.1175868731121938,1.3702915935003586,0.0,0.5732787383194335,0.51022364135379,1.1175868731121938,1.3702915935003586,3.1808907468589196e-32,0.5732787383194335,1.0,1.0,1.0,1.0,1.0,,,,,,2.21928874747929,1.84038790323311,1.84038790323311,2.5272569387315498,2.5272569387315498,,
628,ancient-sweep-441,run_029d77f471659914be42112c78378c16,0.33599227666854864,0.2844527359996719,0.4996054314403115,0.39409887962802675,0.2109970525459905,0.36991310878263806,0.1842177421628145,0.4784456719910747,0.07925209606014891,0.2109970525459905,0.29193344319304293,0.4071761048477434,0.47272278095978953,0.1419574540539965,0.4984646813249891,0.3856983644689622,0.7662486021962117,0.6681587359197994,0.527773441695837,,0.6987901715878775,0.9196878659048097,0.6970171253752843,0.5187748377711503,0.9461733455478731,0.8237344590724085,0.6227007811857678,0.8928423095083452
629,unique-sweep-442,run_985316914f6e50bcc673a2d3814de54c,0.5255264043807985,0.25811907550298163,0.6420365180004898,0.5163158805925852,0.10654193810674442,0.38737506248370646,0.21079229056206322,0.6356689977958581,0.3507976158088689,0.10654193810674412,0.34072215618415286,0.3528830901152185,0.3662241694832031,0.24273366748608574,0.6181339174874002,0.3522017879282487,0.778313159592247,0.6534618502395916,0.48984574597175,,0.6847306387299958,0.9507461132910844,0.8633761846013612,0.7560207879260852,1.031011487361308,0.942938854173775,0.6553557105514989,0.8643247990695587
630,earnest-sweep-443,run_33d403b9e337bd8c8d86d47689ac8476,0.038608908653259284,0.3284993452461797,0.5573430569539306,0.5202977765686444,0.18071761816864423,0.3957309377857608,0.22664988993472948,0.5366731067512042,0.2231840328444588,0.18071761816864382,0.29084441298002817,0.36016234757589655,0.3350373963049087,0.1878506741584991,0.5916447329133838,0.3170178044459198,0.7340987564983509,0.6473864828367206,0.5352497111388183,,0.6844675646649097,1.2270345919972692,0.8302125506544671,0.6238584043147378,0.9831112493406594,0.8163664360751776,0.6411182377522366,0.829630908352919
631,decent-sweep-444,run_0c236fedc50a192e31e7b373f09169c9,0.18666237592697146,0.3028755352708579,0.6337369724346241,0.6532436376227339,0.09607913209118422,0.3140026484321871,0.28663866558352524,0.6333451250374161,0.6323052951796797,0.09607913209118422,0.2935964864026685,0.45502499627308035,0.6032245039614298,0.38592599687130863,0.6340052130360064,0.545798783055627,0.7607419032335148,0.6935292939030412,0.5534597483305609,,0.7471015918525885,1.2206014464426724,0.9592097738194675,0.9397328122016525,1.2806052532551697,1.2660822180262896,0.5920869251426646,1.0346174903793375
632,hopeful-sweep-445,run_f733a7d5dee51b60d78e0969707bfbe2,0.3379067778587342,0.2759960330375195,0.510315926963999,0.33276778868745815,0.21753620384972253,0.3504437040739775,0.18286466968887036,0.49748292470543437,0.04895506145969913,0.2175362038497223,0.2750901479438775,0.42790096736356453,0.3705296947257004,0.1415466802881801,0.4592522126281242,0.2983868835470432,0.7780911727397474,0.687669574289697,0.53403408165848,,0.7086431704991978,0.8997356174490759,0.6688277481934447,0.5322831444226047,0.8875570471796803,0.7897799067342843,0.6032562138065847,0.8392526525076077
633,sunny-sweep-446,run_e1b26d5a256e09a6f236342dbc2076c6,0.4087427258491517,0.2672010619568811,0.5157636942501836,0.40644523038112446,0.18010370185797797,0.3740659333650635,0.20027010196733666,0.4944080111023428,0.15103999208567281,0.18010370185797778,0.30660505593836396,0.38445804329023314,0.23619697272199494,0.20132511785801696,0.49191889141630146,0.2770207210359768,0.7708858327548442,0.6420872801015955,0.5099286567112411,,0.6876909885796456,0.8836260961755564,0.7089473331052507,0.5544010050436613,0.8641383692275105,0.742623238558797,0.6486638098509608,0.8154100430240588
634,sandy-sweep-447,run_b371ce6a71b48df1fadb9de9a5113b21,0.18410980701446536,0.2788354351229938,0.4556749843533156,0.2367966759824894,0.26544134763236493,0.3448430911556556,0.21471825084631072,0.43804185147895164,-0.013360373951969312,0.2654413476323647,0.27871679394607646,0.47803815747186995,0.281706872464664,0.47412870201875085,0.38136297357273047,0.37410962306153417,0.7626746805669926,0.6565899811187458,0.5286000275791335,,0.703743998588853,0.9640483204340555,0.5843471202992103,0.4880195595319347,0.9349539160155906,0.8779751468900767,0.6296599735654126,0.963923726433427
635,rich-sweep-448,run_e748dac6a8288dcbb2eaa9bad143a115,0.8988514542579653,0.2043549457617824,0.5518517510680563,0.5232112383449161,0.09177516073296199,0.36552908452102195,0.15707428829156653,0.537451359220659,0.3912546682165555,0.0917751607329616,0.2784943639098899,0.5283845483464807,0.2330308541706879,0.32437846523853614,0.4175728939455314,0.21321014097222638,0.82667412535999,0.6118467205732413,0.446755879845835,,0.6881783040348425,0.7671514735650509,0.7874333615897929,0.6830860201846345,1.0289637008087043,0.951483846215492,0.6976989921410437,0.9620285246664837
636,honest-sweep-449,run_6fbd65af488cffe3dd23ba206aeab078,0.4240587353706361,0.28002449881221764,0.6274510871044113,0.5401577919026537,0.11166555740978137,0.3969467292021937,0.22282643514093214,0.6182426732700209,0.35797986792966185,0.11166555740978111,0.3450129033338196,0.36557147043666377,0.39137932785715385,0.21976268769487803,0.6398465076571851,0.39519996355504583,0.7632258681682084,0.6628273711230466,0.514951289293422,,0.6753302817148119,1.008550270023527,0.8740017315753394,0.7483483206987345,1.0483295970116986,0.9461189810307341,0.6364115201083399,0.8603113041804267
637,dandy-sweep-450,run_6b64eea35adb33e12ccf616704516716,0.45851945877075206,0.27167286397777685,0.6840458243761733,0.5424282145772017,0.11509496441088626,0.4004617615661626,0.23168034687857963,0.6736618683501593,0.40301239086884455,0.11509496441088597,0.3602521511535668,0.3335675276812499,0.3943366597019762,0.26364205216613984,0.6034545207356378,0.38212627941853333,0.7583177915669526,0.6353524383411023,0.48299277148502673,,0.665596773244076,1.0273014330496226,0.9143047647462945,0.8184834043477172,1.0826952623967856,1.0030906796353438,0.6772552018505198,0.8915999309175924
638,comic-sweep-451,run_d917f4d9b936439110b75f7c6459a725,0.47255903482437145,0.2614171896582211,0.4546790388854118,0.5131303638117379,0.17409158418276185,0.33740882560927093,0.18945833536208762,0.437829600805464,0.3041228699329756,0.17409158418276183,0.2283463562531938,0.4448017804982977,0.2521307970277929,0.19362981408762456,0.5047650773364029,0.23448472181850719,0.7882828222977631,0.6864945176346817,0.5287876469299352,,0.7329807273955459,0.8650027574596089,0.7337402440347202,0.5657560783552527,0.9150332307430504,0.7867598158547809,0.6042771983892317,0.8148999939508361
639,visionary-sweep-452,run_dcbec6cf9b3f21cae8ccdce72a5be4c1,0.41576266288757335,0.26891546628466284,0.5161609839723528,0.4404669453169442,0.18356835372070993,0.37362346501350924,0.20018553493771488,0.4994095077417074,0.26058912274627133,0.18356835372070968,0.27688792475965196,0.39287289505500683,0.24375504327397146,0.2154512658429908,0.38176593565804745,0.19368181868360082,0.7730877795193906,0.6414658838319086,0.4884012159162284,,0.681395318453818,0.8954141820232504,0.7298964442297584,0.5978217089691414,0.890468247633227,0.7858598325773688,0.6646571929467616,0.8378269898252346
640,vibrant-sweep-453,run_66d6c445197dbbb6f28bb9e71a120444,1.3091894984245303,0.15299456977164336,0.6390541239217394,0.5536368807657112,0.12210623293083157,0.4014599063880472,0.1163693580337396,0.6243598465264358,0.4364949422501419,0.12210623293083134,0.32613505090777756,0.6776016620986952,0.31901232918852895,0.5572092924262257,0.39403308751461347,0.2074980748105495,0.8705565484666131,0.5678240409104409,0.3170373488395985,,0.6472601681369383,0.9002789095504686,0.8592504334738379,0.7706457552297643,1.2687420469284993,1.2104916167710513,0.8185167375441389,1.2415171057457246
641,stoic-sweep-454,run_19432abf3ce29bd76bb6346fb3d982b2,0.2798339724540711,0.2990110782808804,0.5301532014476585,0.43034649914673645,0.19466638689350152,0.3814619313783407,0.19467073955148723,0.5094832512449319,0.11716667078871232,0.19466638689350127,0.2959483452082272,0.45065775557541626,0.37357874185367307,0.10206961870404063,0.5411857290739167,0.38226988166281917,0.758578446599745,0.6656770428057253,0.5258013159221528,,0.6954902878624105,0.9924210968960391,0.7454315201732138,0.5578511529793049,0.9532784731417056,0.8150273645516285,0.6284270825915119,0.864865477529374
642,hopeful-sweep-455,run_5190f8c2376047140be4827246caf86c,-0.341097712516785,0.5102236413537901,1.1175868731121938,1.3702915935003586,0.0001524545177355323,0.5732723603972489,0.51022364135379,1.1175868731121938,1.3702915935003586,0.00015245451773525796,0.573229309422503,1.0,1.0,1.0,0.9999408773796855,0.9999572868614384,,,,,0.5004090705983727,2.21928874747929,1.84038790323311,1.84038790323311,2.5272569387315498,2.5272569387315498,,
643,peach-sweep-456,run_3844a68346c225ea86a5f79891cfd88f,0.6129547953605653,0.24517006942184338,0.5916024925848323,0.584799544926174,0.11814897265326599,0.34871448992168713,0.19595205818211628,0.58180630765463,0.4422822941656566,0.11814897265326554,0.27183979935056807,0.4449450922262333,0.2815705466046605,0.2580225393480829,0.5891632998388382,0.2526764799305841,0.7964777737540477,0.6312760657018563,0.5053345674258286,,0.7121416684558668,0.9174900584817411,0.8672325985102027,0.7566435200706856,1.0468648998518624,0.9572581444354754,0.6496710910023644,0.8751607081601036
644,easy-sweep-457,run_45767ace83cdec1e16652fec670e5476,0.39087414741516124,0.280821479000469,0.5120193746768622,0.40806766749931994,0.2052250917186051,0.3748583901964958,0.19064227377678922,0.49076165337832295,0.12191032077758258,0.20522509171860479,0.3034798740679266,0.42595178359043845,0.38989305991177287,0.09391054496695721,0.4995249852665786,0.35374171800507553,0.7661047236394642,0.6501283309772372,0.5220415377336061,,0.6924853443573598,0.8942691796042326,0.7124210583431904,0.5404198398370498,0.9218538251469499,0.7964447964904626,0.6368370880693123,0.8647729108314117
645,absurd-sweep-458,run_7309a74c9f5a2703ffcc51f7d34365b1,-0.341097712516785,0.5102236413537901,1.1175868731121938,1.3702915935003586,0.0,0.5732787383194335,0.51022364135379,1.1175868731121938,1.3702915935003586,3.1808907468589196e-32,0.5732787383194335,1.0,1.0,1.0,1.0,1.0,,,,,,2.21928874747929,1.84038790323311,1.84038790323311,2.5272569387315498,2.5272569387315498,,
646,earthy-sweep-459,run_1bbc16ea518918956c2d4c0c13a8cf13,-0.341097712516785,0.5102236413537901,1.1175868731121938,1.3702915935003586,0.0,0.5732787383194335,0.51022364135379,1.1175868731121938,1.3702915935003586,3.1808907468589196e-32,0.5732787383194335,1.0,1.0,1.0,1.0,1.0,,,,,,2.21928874747929,1.84038790323311,1.84038790323311,2.5272569387315498,2.5272569387315498,,
647,restful-sweep-460,run_96368d4b356244fd2d8f4be349c2cb0a,0.4061901569366456,0.2707195629165887,0.5216577321831889,0.36651250216407394,0.19817693904114306,0.3636874594902286,0.18884330241938577,0.5059838362948652,0.07086785546459534,0.198176939041143,0.2994123541947197,0.4381613614594242,0.339754615002189,0.13021209122157304,0.491337388987849,0.30332200158529776,0.7762734275408744,0.6753401900151375,0.5343842823665617,,0.6991694605262516,0.8712452774666866,0.6926379180602422,0.5447051389499454,0.8967279695238595,0.788084674505244,0.6101275013888632,0.8346432374030082
648,northern-sweep-461,run_be0797cc9fa79c9254603bc3d30c39d9,0.6040203571319581,0.24505475074508673,0.5721897194481483,0.5736700220117228,0.1155088866230177,0.3421252990647575,0.1996653195736797,0.561217992326322,0.44592288477233966,0.11550888662301727,0.27357379694449685,0.4431512891202785,0.26985427496887104,0.2580582958209621,0.5673239026624749,0.29434785285431997,0.7937755293456961,0.6433798595801159,0.49906313605571184,,0.7151759245886748,0.9018304978004366,0.8464928824625862,0.7440961590513235,1.0258404743768774,0.9431211866588999,0.6485708893467883,0.8697371311597791
649,devout-sweep-462,run_0b4f5bc4cd73d063c1b96300b37a2591,-0.341097712516785,0.5102236413537901,1.1175868731121938,1.3702915935003586,0.0,0.5732787383194335,0.51022364135379,1.1175868731121938,1.3702915935003586,3.1808907468589196e-32,0.5732787383194335,1.0,1.0,1.0,1.0,1.0,,,,,,2.21928874747929,1.84038790323311,1.84038790323311,2.5272569387315498,2.5272569387315498,,
650,smart-sweep-463,run_598b2f9c9b6d80058fcafe37b73ca7d0,0.3289726376533509,0.2894319401982968,0.6500421780184497,0.5176761556154628,0.1428605385414857,0.39185714729891,0.23537054453479148,0.6423031919235898,0.3565503425419829,0.1428605385414857,0.34843306410529323,0.3368020803060971,0.34405684911265677,0.1949640839000096,0.5440585756617425,0.3684731615482419,0.750954437320309,0.65789161075612,0.5108723650071817,,0.6787337197912681,1.0680922976567502,0.8799512959833203,0.7714148237859066,1.0218297480664473,0.9300013876803924,0.6467671030557706,0.8295356751375844
651,fluent-sweep-464,run_9f4dd6c02913d5572a5367af5ab0db27,0.33599227666854864,0.2779538879051209,0.49082151895289683,0.3179284248015235,0.2138223790117669,0.3660106176459568,0.17070751852146054,0.47162099648970046,-0.04026414067716934,0.21382237901176662,0.275747073928888,0.4260232364679766,0.38087161510305956,0.09309218997754572,0.45479092563238216,0.30098803279707415,0.7768585039108684,0.658034562171222,0.5383105467765278,,0.6965569860985135,0.8848109986928419,0.6474894675325455,0.503178519249544,0.8686010313154466,0.7670813276770866,0.6163518793385094,0.8456445944962875
652,silvery-sweep-465,run_ae909e3414bff5320d85f8df7300592e,0.1445436477661133,0.30419529346040597,0.3974584342431085,0.4252071327875746,0.22895963725660562,0.34259965702723455,0.19210553965296748,0.37042096383575046,0.11999109638166809,0.22895963725660545,0.20460693264196653,0.41851895637730596,0.27028548908951655,0.11479126094775934,0.4454753208607232,0.29350402030759987,0.7636863156146018,0.6816551186609467,0.5488649336265495,,0.7383862176815686,1.0346883024861744,0.6567412651020765,0.4341820954682943,0.8322850985914388,0.6707484536506395,0.6005917656897696,0.7887330759286314
653,ethereal-sweep-466,run_8c44bd0a190879574249c0560ba69bd5,0.19878745079040533,0.2887323402259733,0.6332798171378814,0.48043924517102354,0.1434113419604012,0.37590835563613,0.23932981910343576,0.6237775177555853,0.3275047609625801,0.14341134196040084,0.33288608154014077,0.3159282633121097,0.3557266330872797,0.20203194670582855,0.5893886915907588,0.39507153265199735,0.7578354237063181,0.6751152932965578,0.5147741221582005,,0.6987125971927035,1.1286304727879841,0.8457136391161364,0.7440675523247601,0.991161223981156,0.9059831869076402,0.6321692077194405,0.8165824635181615
654,divine-sweep-467,run_1d28ab8f47b8b6e99281e3f8aa4f96cb,0.3040841221809388,0.29444189604405685,0.6331655283136957,0.4919694309103948,0.12794786383352624,0.37892272110861047,0.22783382834943103,0.6256224659174402,0.31599930749635163,0.12794786383352594,0.33142314563905606,0.3700247468943312,0.36365142356928537,0.1825487128733944,0.632018103297626,0.36945747475154844,0.7543591143824253,0.6745265248924167,0.5240375580294945,,0.6935498940040624,1.0617115503731387,0.854182964792133,0.7369988368641774,1.0159297422021825,0.9195933825822503,0.6267476955299636,0.8338449361854005
655,playful-sweep-468,run_3e87d68ecf1d56ae24ae1f7bf7b25a8d,0.20644545555114752,0.31499937215387097,0.48946093771259097,0.4536541933569114,0.1983621794766712,0.37588842462930316,0.20775300277021058,0.47035837709869655,0.12205871441644223,0.19836217947667106,0.28393154257223197,0.4504453164202344,0.40722611509962886,0.12956208962530188,0.5151693931946939,0.3779469887820193,0.7463908099748509,0.6765549741549485,0.5285717147686504,,0.6985031051004392,1.0368717142020147,0.7379693361882537,0.5284852342610467,0.9644268599153945,0.8153631521010067,0.6254429903079008,0.8813054868190854
656,sandy-sweep-469,run_ebf5411679de3b6561bb0c15076b06cd,0.08838534355163576,0.31579635234212233,0.41473237367003185,0.5823411569757375,0.16640902399601326,0.3466552182963454,0.2003392931733905,0.392788919426379,0.2718670392995818,0.1664090239960132,0.18732356076206597,0.4772305257769607,0.31929130570537523,0.27050027136608884,0.5842282895397867,0.3366861503986014,0.7649650905028935,0.6993748166674465,0.5468866572370602,,0.745977735549034,1.158518643237686,0.7815698951663949,0.5180064233876608,1.006835542912513,0.8192661131234478,0.5923922779086928,0.8682136375152001
657,dark-sweep-470,run_3b00ec9f8822271aa4c9b1264584be57,0.06541162729263307,0.3191841588015058,0.544847478842962,0.38257858679791246,0.21236996285355517,0.3812642157906192,0.23467863247425166,0.5322104002830012,0.1042168525709204,0.212369962853555,0.3082067116469627,0.3266651249570571,0.2771253164133964,0.16701763347486934,0.444509300482379,0.2649840590602812,0.730570715963544,0.675142237522347,0.5130495010216791,,0.6785780992603402,1.1474670264010307,0.7383113689410753,0.590917187996056,0.8697741731389965,0.7487232852136674,0.6443954479926284,0.7916116018260475
658,usual-sweep-471,run_3fb2ab98aa810dbb92ce767b523defff,0.7418635487556459,0.22557870755952364,0.5794769925712265,0.5085153216432121,0.13143382654282335,0.3980469207790313,0.17958961926898195,0.5647827151759233,0.3770138253406874,0.13143382654282318,0.31622136811214324,0.481264477136103,0.24370911604210707,0.37750513467207264,0.4273437267625136,0.1993844385954393,0.8055225269349964,0.5944827736947867,0.41463962433497364,,0.6505794765625322,0.8130288092843462,0.8032852361207181,0.702403994300064,1.0386466807670496,0.9627518517809123,0.7381818730900424,0.9891573356436351
659,sandy-sweep-472,run_01281e7f5d92e47ffacc0e2cc5b64ad4,-0.341097712516785,0.5102236413537901,1.1175868731121938,1.3702915935003586,0.0,0.5732787383194335,0.51022364135379,1.1175868731121938,1.3702915935003586,3.1808907468589196e-32,0.5732787383194335,1.0,1.0,1.0,1.0,1.0,,,,,,2.21928874747929,1.84038790323311,1.84038790323311,2.5272569387315498,2.5272569387315498,,
660,flowing-sweep-473,run_943567c19b455af53f30d7a59e14d0e8,0.1821953058242798,0.2977630739346476,0.6880785871724401,0.5089951277421908,0.12802491074033884,0.3633406599714429,0.26261394125922866,0.6835723421045472,0.4057626196423713,0.12802491074033828,0.33270271627733455,0.33227914196767333,0.4076986796690038,0.26057252923836577,0.6570008288758302,0.4035673414659473,0.745147315303508,0.6594955575197147,0.5261902610224899,,0.7102595895901284,1.1837789911999426,0.9061959117042632,0.8371860799924001,1.0796836179982643,1.0224510829948505,0.636701527401777,0.8659760502346799
661,colorful-sweep-474,run_739f909d1119bec1ee8bb77a87ffc778,0.23516267538070684,0.3082903878038968,0.6232985931589976,0.5161130759528105,0.1683843755430168,0.4024333367614665,0.24039075092959655,0.6162453400092519,0.3438874186926517,0.1683843755430164,0.340439933127486,0.37056015342229226,0.3911705660885934,0.1888182272877225,0.570410786007035,0.4095353692635196,0.7385350240344248,0.6705322922858415,0.512624622927363,,0.6710845731793222,1.1134855080036987,0.8659773707295902,0.7455230304629824,1.0372552090253564,0.9390346910445909,0.6437760963718644,0.8604819720913957
662,twilight-sweep-475,run_0353d32df49db7543c867879fd96d188,0.27536690235137945,0.2947289114173178,0.6240060954039567,0.5058343432344865,0.14634076371516908,0.39928902112447545,0.2266908921309097,0.6086260850635393,0.31312541735710947,0.1463407637151693,0.32260088477725496,0.3220102236677132,0.31131323635877667,0.21044450829528882,0.4357028208480953,0.267044657799628,0.7429292543886077,0.6093496194909518,0.4978505491025331,,0.6587782893674046,1.0818249008525325,0.8556384289651753,0.7210145622592808,0.9884384287715373,0.874502947588111,0.6861830361337191,0.8460145184499147
663,glowing-sweep-476,run_a42d0b208cd6c79d77fe6bcb06833d6d,0.014358758926391605,0.34312687873344216,0.5078396691066424,0.47721910320777594,0.21486579084551605,0.4043530913390208,0.20202294585403724,0.4910881928759967,0.0013998466599070415,0.21486579084551582,0.2904976134612426,0.4560508823847269,0.3784625492562763,0.11790931051729829,0.5104300190092109,0.35340406835802857,0.7316677555660376,0.6761001913252538,0.5198556172807534,,0.6753788679396335,1.2071155114941987,0.7767723327295664,0.5310205677790896,0.9841210143647194,0.8044263530147049,0.6383195968473405,0.8789600797189048
664,magic-sweep-477,run_c1ba42e81c95ab84d9bab0c490a6228c,0.4266113042831422,0.2717215540857406,0.5135377833410434,0.375801943956669,0.19979164549242812,0.37202659274654853,0.17559190514141898,0.49433726087784735,0.04442905547448871,0.19979164549242806,0.296027271995261,0.4555977657599721,0.39530305482430145,0.07295959305728483,0.5301792239471516,0.3716355763694546,0.779418348824879,0.6669650889883949,0.5241599509320439,,0.6992740655893721,0.8565761801359661,0.6919398521224326,0.5264748670295298,0.9208353221359407,0.8039482055155971,0.6212827609749407,0.8689932109186084
665,zany-sweep-478,run_837b84f1315c4d4c5f45a141d3e39a3e,0.06732612848281862,0.34267841721272185,0.5127214345968598,0.5055870205030544,0.20576605936218278,0.3989725167360664,0.184876339938958,0.49332498843505973,-0.04315287018029802,0.20576605936218256,0.2804101322860785,0.5340474839456348,0.5113380832935034,0.1479219742681097,0.5713765370256584,0.46626467423263884,0.7389571084895048,0.679654352516236,0.52604173062328,,0.6860361364835804,1.1782962511215358,0.797452194441544,0.5285933933454661,1.0974899832918505,0.9208502790870983,0.6288093241838321,0.9818123176996915
666,generous-sweep-479,run_18ce4fcfa0b82fc940fce0c0533baa8b,0.16177415847778323,0.3309543517424652,0.5811804402840893,0.5593698216803104,0.17342848899540672,0.4037742949007714,0.21028488838433396,0.5661922773408804,0.17200801325649837,0.17342848899540644,0.3189638746515064,0.5172179076117098,0.404427779036132,0.20687098936883438,0.6287536074761171,0.46695974991949346,0.7426875322931988,0.6680594467861344,0.5204134015371792,,0.6874385997915209,1.1633090143943263,0.8718922436360732,0.6279969632312818,1.110886080192528,0.9318003994850431,0.637493170418656,0.938226700208006
667,peachy-sweep-480,run_060ccbc1b70c8612c30f361f91bc0dd7,0.17708986997604373,0.28846070067627994,0.4344499170045442,0.45060223085103757,0.19339019504342503,0.3338292167831833,0.2057541457064294,0.4123105390622876,0.22090371726065358,0.19339019504342464,0.22308775941201944,0.3790267533040006,0.24212216425974575,0.13972629271355438,0.4402179763151559,0.21860037484922157,0.7744720687347725,0.665472906097235,0.538445137118239,,0.7354810330649734,1.0339101425797272,0.6892014775577875,0.5110119386049523,0.8347493849589267,0.6949396091879211,0.6130286418966113,0.7730536687753785
668,neat-sweep-481,run_ccadd8a470f4babd02c9a08e29d6f4a8,0.24984031915664678,0.2957744674199112,0.4622710822063186,0.34715207874755777,0.226068738955244,0.3536804995826447,0.17501274912037476,0.43983781871615574,-0.05435164345955014,0.22606873895524363,0.2661004666247319,0.44714747129653337,0.3655117644254198,0.0416656556949632,0.4687278054414407,0.28614218354921056,0.7684545915159898,0.6697195353055196,0.531693751339044,,0.7080523480506513,0.9470737384100317,0.6493778982999681,0.4764880589001273,0.8700387305661988,0.7498777288059502,0.6180689314985233,0.8469267630488986
669,classic-sweep-482,run_54156ee0c9269b0b8b3b3017071a9886,0.3978940844535829,0.2645999851367039,0.4941685488040492,0.40221106521900424,0.18389129501096696,0.3740300575527753,0.18535299046955192,0.46909031538273155,0.11970914846783566,0.18389129501096663,0.2940843974497879,0.3717540930444529,0.21725113781302294,0.14433504666432548,0.49263094060593565,0.2520400475985805,0.7774229149826881,0.6468005022409752,0.5209823500289954,,0.6940387705236926,0.8766457831688322,0.689919885020029,0.5183934174820999,0.8259668371175685,0.6891759597959874,0.6354119553295916,0.7810122414198927
670,crimson-sweep-483,run_f95ed94309e795b392364e608486a764,0.6978303194046022,0.23662111151828571,0.5925875534028137,0.447876734350654,0.12124232399699683,0.39172480541358035,0.18159103897002457,0.5809300933358729,0.2716395023866645,0.12124232399699658,0.32921479008264987,0.485295494355225,0.2737362999973539,0.25779203779969984,0.43565585552922165,0.30251229212047387,0.7994955224725564,0.6359059474049835,0.4681538761439838,,0.6640849161219972,0.8019102777067167,0.7795788145124827,0.6665156397522219,0.9922918630964044,0.9061694717683658,0.6750013511870067,0.9124290863595538
671,atomic-sweep-484,run_464e7e681b2a999f21e56b7096932093,0.39597958326339733,0.273738349610351,0.5523905412392177,0.4307916800633143,0.15673308000747518,0.3882990639601953,0.2021023876091363,0.5355411031592697,0.16970296539954963,0.15673308000747524,0.313820877649927,0.37394688440961305,0.25873860662056597,0.17275037512371094,0.47933517883597876,0.262486340593518,0.7638269692182522,0.6411654397053822,0.5046767076102158,,0.6720210086944816,0.924963483331633,0.7520967130028741,0.5970332861036828,0.8956975475743577,0.770112573418168,0.6556562408109327,0.8164004759524061
672,wise-sweep-485,run_09950160047388f1c670fdfb7b5ebc88,0.2619653940200806,0.26872326849006845,0.4110751312960898,0.255988919941632,0.20955037392339243,0.33581753402422176,0.17651445455547213,0.3865846689705842,-0.053723443721712456,0.20955037392339218,0.2449369263357961,0.3714809037002718,0.23309079651609377,0.1442837531526353,0.4137009324109493,0.2448905248774563,0.7885199854999845,0.676476868496013,0.5426378852575149,,0.7251857721935021,0.8827276875270853,0.5538278484610233,0.42835880679102656,0.721021822408486,0.6297923864367687,0.5988080804003826,0.7561205590453676
673,fast-sweep-486,run_f6d072254cb9074b49a95c0f225ac785,0.3602424263954163,0.2738152287281887,0.6057253258592074,0.45490069992332993,0.15300450150651293,0.37344568043261445,0.23308467209774938,0.5988679964080652,0.30992506121237645,0.1530045015065127,0.3372541609962953,0.3567939467901118,0.29972197314627663,0.2698502697698176,0.5123225841785449,0.3573784118449967,0.7555282933770722,0.6499976592872199,0.4941790568792396,,0.6817330573294433,0.9915278968150129,0.8054890419251206,0.7134597991871869,0.9688998639741129,0.893856383768571,0.6619085135750464,0.853274416639063
674,classic-sweep-487,run_91b64cd4ccd1c5fe84d57dde62008dd1,0.13497114181518557,0.29975936836116784,0.46754469509374397,0.3868325377785472,0.20993560845745537,0.3721836490803434,0.19435809780561383,0.4372744836594191,0.04776791234882465,0.20993560845745549,0.2697510298351227,0.3479513676157479,0.2829105610371136,0.0742208600708744,0.5081178493404304,0.3005355234638291,0.7603724282211666,0.6638763484770539,0.5326076568232021,,0.7023040468262584,1.0566514939595821,0.6768257775194289,0.4809010477139691,0.8152977425189177,0.6617273558906698,0.6235832620669324,0.7716692041099609
675,celestial-sweep-488,run_d3399d838df79f788d63b917f1a254e0,0.04945755004882814,0.31749538084633655,0.5796457046450243,0.48497019761086235,0.16537544793760187,0.41373421763224427,0.2198896528395301,0.5657351220441371,0.18780204288576158,0.1653754479376019,0.35903077905522224,0.41736222672927,0.28685483887600266,0.15112941501984692,0.6116833887911634,0.41662425612050047,0.7512158494303298,0.6593703502619055,0.5319520962065487,,0.6669432007833309,1.214378929594598,0.8197490788911603,0.6353560380229728,0.9753489525878105,0.8264347052390058,0.6300721800721034,0.8223794617280068
676,unique-sweep-489,run_106ba107a019f1b5f1582c99970d340f,0.7163369655609132,0.2347401357685221,0.5565811314593594,0.4878094625677046,0.15946496660754275,0.3670550024036794,0.18870492000727784,0.544237938447305,0.34926421487398845,0.1594649666075425,0.27679145868661037,0.49275222825255643,0.2873627859791872,0.318831103874682,0.4194218459812378,0.20481180020387,0.8005099175051962,0.6342930683363337,0.46409885274015855,,0.6898776067569342,0.7925940605217554,0.7764300090850416,0.6736393488149792,1.014829523131509,0.9385229748298105,0.6787693956824006,0.9422119159332358
677,generous-sweep-490,run_e7aff4222d04598c03ef5adbce4e7284,0.4936182498931886,0.25683775687235244,0.41976652425916344,0.41188138401800506,0.21625509411197708,0.3488866938206704,0.17809816438292952,0.3969414133717922,0.19905028071130013,0.21625509411197708,0.23269211298170253,0.4785649127035014,0.18659030478740335,0.20096883014611203,0.40250152009451395,0.2462884044512328,0.7894061160506107,0.6552415071504258,0.5174869196652641,,0.721788453481353,0.7760622953284377,0.6417287922046414,0.4784375153114692,0.8461942040372827,0.7301583693003012,0.6293068210681607,0.8368129200990965
678,frosty-sweep-491,run_15710e6b74ed29c14bfed3e7d456f6ee,0.3410977125167847,0.2818285954441434,0.44946529157255966,0.301525981252937,0.23857082905750324,0.3545558694024764,0.18196262137290717,0.42468094369914827,-0.034729057947715664,0.23857082905750307,0.2647658864076114,0.4374421862884432,0.3754429268571619,0.09944215645585253,0.43022447978842787,0.324968109117782,0.7701437174421655,0.663499259125241,0.5223181447802363,,0.7061845624305323,0.8526952504556164,0.6102166196597494,0.4633253791710907,0.8453201305194659,0.7462387065386721,0.6278906067514979,0.8581657265349389
679,crimson-sweep-492,run_7ce473b6b49362a8b5c5d78b211ae4f9,0.31940013170242315,0.2833277382419796,0.45166399085689424,0.4290159028516309,0.21818700431790541,0.3414141607411783,0.19628520102607983,0.4290348036681268,0.19284742660697962,0.21818700431790497,0.21912069181321944,0.4224342190884703,0.2162457215789113,0.11566197362960118,0.3860665278794119,0.2278651257703137,0.7702001426260214,0.6551334248515552,0.5276937807534885,,0.7247256686871784,0.9226435857160964,0.6843461206098069,0.5096948821102004,0.8407854580662397,0.7059599468463458,0.6283423380949692,0.7958672424120852
680,frosty-sweep-493,run_026476ee20f24b501f5db9d43b3c8920,0.36981493234634405,0.2811725603052614,0.6242945386269014,0.44873247100140967,0.14311626870026786,0.3657969572527737,0.22669601740543216,0.6191025606138943,0.29329508075087124,0.14311626870026756,0.32237287405915693,0.34061584754254187,0.35438733781064774,0.2180595728378508,0.6070635889439884,0.37326416081590325,0.7604643768453961,0.6797615561724716,0.5209049830119886,,0.7074258946602332,0.994101464129316,0.818634540047647,0.7215961954298434,0.9794498600045286,0.8999225452019153,0.6240689152392421,0.8237848803369436
681,deft-sweep-494,run_982fdfaf487550a862ded0d8b2801353,0.580408275127411,0.2509616296322872,0.6447250265313341,0.5213167462221452,0.11757767803573012,0.38197296239337913,0.21378288824595168,0.6339492231081116,0.3786115301857399,0.11757767803573017,0.3461689017297724,0.35793828107224385,0.3382648328314543,0.23156083389202822,0.6237545107024564,0.40003414642087815,0.7815876024927187,0.6479683130521944,0.4997576735421856,,0.690160624496158,0.9292463211167578,0.866269732401616,0.7687271502787882,1.0230281419664775,0.9418623899253875,0.6495172585698729,0.8473700485386174
682,whole-sweep-495,run_2be5c079a19c300673ae1e413977b60c,0.27664333581924444,0.293363025757067,0.6275109526789845,0.4600450127371206,0.14094911953417769,0.37988339563766066,0.22832329206633126,0.6194780810362189,0.26621324165904126,0.14094911953417744,0.33696157381607844,0.327946271561061,0.36839912887920717,0.15806915046451478,0.6003655018149958,0.37829630698126193,0.7520196331968115,0.6671700175691198,0.5243671960755075,,0.6938465024908218,1.062382357294724,0.8315487203752561,0.7118666368210682,0.9796559630176601,0.8803446144194169,0.6312658898545515,0.8165470930768121
683,fragrant-sweep-496,run_ce0008fa5508528068f2eed544159187,0.350031852722168,0.27135765959464203,0.5302021823723095,0.4559246160314594,0.10544770810041673,0.3631788201960095,0.2145286156889779,0.5168793708672347,0.3014517844335075,0.10544770810041662,0.281912930200817,0.36478649465053703,0.2786421744301053,0.22124296310485372,0.4254638149311183,0.24840910470958946,0.7704438357839178,0.6418716315995845,0.5016798658946635,,0.6899765471158997,0.9546937740299614,0.7500777220505053,0.6356571318845431,0.9067941805561249,0.8146895642449721,0.6551907484370526,0.8300204898744876
684,lemon-sweep-497,run_ccb2fa0f21a1cc33aa5cb770b5978071,0.2900445461273194,0.2874945864287856,0.5471659092764427,0.6177083075705486,0.13068630761715228,0.3287962389392878,0.2252225009802085,0.533549212223462,0.4594069200900256,0.13068630761715233,0.24616706807714434,0.4149274105426152,0.2642115674333407,0.295205014419649,0.614854506207103,0.28626668675481787,0.7736501840553336,0.672180306597733,0.53706889040555,,0.7403715708241569,1.0885728418436462,0.8738462237383912,0.7392257131882386,1.0453352245406897,0.9357206655633655,0.6107415188038958,0.8379282258729427
685,treasured-sweep-498,run_6a017b1d089431d4ca74afe50659c722,0.2632418274879456,0.3015404012577424,0.5660725461917331,0.4653921301906859,0.17079823874049616,0.38270642344460415,0.1973384449404573,0.5528476965359602,0.1402666139044838,0.1707982387404958,0.3153603486172266,0.4527438232701099,0.38915473019652796,0.12804818610392785,0.5817638559376048,0.38503019547598116,0.7597695650224822,0.6856556957108334,0.5303831609268781,,0.6938038305312647,1.0391537745486557,0.7924358497607844,0.6035377042015392,1.0003845698001201,0.8585292492984381,0.6140545407938599,0.8659547855273007
686,rare-sweep-499,run_89ef24fb6271aa30ede07a57ac97ca8c,0.6180599331855775,0.2447907991071772,0.5855125309532232,0.569099497934855,0.12411519004357251,0.3467564678110253,0.20037004482052542,0.5739530327355846,0.4428808151757228,0.12411519004357233,0.27750179976991657,0.44459786161827974,0.27436540463649384,0.24461279783758463,0.5772530221577584,0.28177693598076986,0.7940546484704976,0.63923670597076,0.5072737650329393,,0.7068091843919231,0.9014307389318154,0.8524210800892266,0.7521393854189974,1.029271952626374,0.9478885534604226,0.6444709339917924,0.8649403675647694
687,stellar-sweep-500,run_fdd9e7dc60fb0f56759dbcf3041c8fa4,0.47255903482437145,0.26324947530002074,0.6494217529728702,0.4944574975886034,0.12297997764000407,0.41371109766432507,0.20208444914830737,0.6365887507143052,0.3139712610986079,0.12297997764000419,0.34207427568728077,0.3832355780760581,0.34339198820783956,0.26238078515255037,0.42137643992812573,0.272581621967888,0.772795802494011,0.605961695393882,0.4732577534045623,,0.6429942210624291,0.9718182967516809,0.8576346054128621,0.738011730881986,1.03400597613726,0.9371726400217396,0.6959492274653469,0.9044205711368497
688,ancient-sweep-501,run_eab90fe149bcd9e57ed5a23d2da7c239,0.5389279127120973,0.2579063766102972,0.5416746033905686,0.5493384116934188,0.11347042218426344,0.35620775124827897,0.19660296804647612,0.5258047838036412,0.3751589048549453,0.11347042218426333,0.2593861090449301,0.4423430288398613,0.23313413357380494,0.22737328267833012,0.5516079074086132,0.21408377658706623,0.7850896960005906,0.6302182838947894,0.5074852929255932,,0.7077190541424847,0.8987611118624355,0.8134493011961043,0.6751796809793964,0.9815382084732011,0.8703936412243546,0.6523003089186927,0.8527679532509256
689,helpful-sweep-502,run_d97b89a427ac8d4069e8b936c0e2b3b0,0.5938097834587098,0.24588248258047316,0.5593730441644671,0.5658298914253206,0.13851804372985715,0.33558394262421204,0.19887858993447322,0.5488911262891506,0.4286993297553983,0.13851804372985718,0.2553656263478343,0.4337504605154323,0.2434277006636493,0.24465302386957402,0.5534740304903111,0.2619540132647413,0.7940888704507334,0.6613267551044213,0.5216607371436192,,0.7238735941189356,0.8933376520566415,0.8327784001810744,0.7243046854646353,1.0003856623045018,0.912068466137434,0.6212144641509414,0.8325617214396831
690,usual-sweep-503,run_e3ce23b39058a956209320c851a12750,-0.341097712516785,0.5102236413537901,1.1175868731121938,1.3702915935003586,0.0,0.5732787383194335,0.51022364135379,1.1175868731121938,1.3702915935003586,3.1808907468589196e-32,0.5732787383194335,1.0,1.0,1.0,1.0,1.0,,,,,,2.21928874747929,1.84038790323311,1.84038790323311,2.5272569387315498,2.5272569387315498,,
691,balmy-sweep-504,run_f0924b6c6520b951a2e439aa77052296,0.20325452089309698,0.2676956509483039,0.6450025851043564,0.4191378329582271,0.1472251638476242,0.3538742289690009,0.2676956509483038,0.6450025851043562,0.4191378329582273,0.14722516384762407,0.3538742289690008,0.7567097720328557,0.6788870490092628,0.5920895188838872,0.5354277938482351,0.6160557515267229,0.7748612654935576,0.688330163114331,0.5142178795215353,,0.7059378193067307,1.1074783141378026,0.8144727247396669,0.8144727247396669,1.4308854329119196,1.4308854329119196,0.6195238539201339,1.329615398658849
692,lyric-sweep-505,run_865b4e9b13d18fd9024d7eb1fba8e1f2,0.4974472522735597,0.25541549319235407,0.4055239598356418,0.4199589444265821,0.1933360982790672,0.3391818879765802,0.18931482767545724,0.3782905657296797,0.2110602725496502,0.19333609827906706,0.23362089789982984,0.44476513017604935,0.1684185558593533,0.18598857069884747,0.4130349602461658,0.25654107313229857,0.7847463934796379,0.6414291941411873,0.5284243458863792,,0.7197211700481712,0.7703080301100745,0.6372223090628276,0.4727476015239018,0.8165934426483171,0.695889987106777,0.6303100312441097,0.8112110174891728
693,vibrant-sweep-506,run_8ad7c194ddfdcf885d80faa5c830a6b4,-0.341097712516785,0.5102236413537901,1.1175868731121938,1.3702915935003586,0.0,0.5732787383194335,0.51022364135379,1.1175868731121938,1.3702915935003586,3.1808907468589196e-32,0.5732787383194335,1.0,1.0,1.0,1.0,1.0,,,,,,2.21928874747929,1.84038790323311,1.84038790323311,2.5272569387315498,2.5272569387315498,,
694,lyric-sweep-507,run_6f233048f4c9e663563bcb0c54460848,0.48149317502975475,0.275058107799899,0.665275245584914,0.5740756312912719,0.0929259464474819,0.39866557923093415,0.22468690979260583,0.6578301450379604,0.4119506343828059,0.09292594644748163,0.3562029678066407,0.38789119277014716,0.407545278070731,0.24805499686066682,0.6961168918901951,0.4301213488120377,0.7703735273413931,0.6670625714766755,0.5138865992991191,,0.6737909677799603,1.0202956975167858,0.9207664989002374,0.8080396229896223,1.1072014080875003,1.015387632825589,0.6323621482966331,0.882023752045417
695,astral-sweep-508,run_6129c3909dbf1b286adf39de1f5ed907,0.35258442163467413,0.2727132947058476,0.6357996135949278,0.4322261519056215,0.1402319275824648,0.36825006557301243,0.22063538028255647,0.6324689107186592,0.29656963371503514,0.1402319275824645,0.33600488548839325,0.3906293081922773,0.4488448935373719,0.322585107854718,0.5702629093044492,0.40371117750075963,0.7756373729749506,0.6940942623447309,0.5249260510726571,,0.7056961080805297,1.0050908049269531,0.8157408510966699,0.7325642918542684,1.0599751331191272,0.9973788590014016,0.607957371602167,0.9097946539568186
696,soft-sweep-509,run_702af4dc3dce7c9606d057172ca9003d,0.0954052805900574,0.30640172414234945,0.38422269993741326,0.361689708901145,0.24886888583615568,0.336192236952565,0.20381422929965673,0.3617894364472504,0.07990008161650203,0.24886888583615532,0.2184844940753089,0.36676700118943123,0.25084219044160094,0.10718832806563865,0.3966477078562316,0.2652719662430636,0.7573379757917448,0.690740046379458,0.5444977569942558,,0.7364894739408276,1.0472526605631247,0.6101873033992062,0.422866242956512,0.7624025974313903,0.6226917654608028,0.6016717296744892,0.7556044240407989
697,feasible-sweep-510,run_d662ae10c4ddba34293e302c035ac149,0.31301856040954595,0.2777335011006527,0.5248795885602332,0.3516038879133383,0.19616060509689884,0.3580095142654188,0.193135719831993,0.5094016163705134,0.08213587910864883,0.19616060509689828,0.3041957958331437,0.40575350911966684,0.2893334319931544,0.21814300460790256,0.49699712616132175,0.3179713890617364,0.774530038225665,0.6664866479468236,0.5233004722222323,,0.703029775287283,0.9333099028858034,0.6901157686334672,0.5509425702129618,0.8787467721748886,0.7742569542239117,0.6239473531026578,0.8277961191833634
698,driven-sweep-511,run_cdb79a5856d879ca52a79859237deee6,0.44575631618499767,0.2594311457807459,0.5637160194835235,0.4171394652882546,0.14591454678386542,0.4015141187266159,0.18627297724634373,0.5456910392119514,0.18884079835777665,0.14591454678386548,0.3172920617988772,0.38094900570274054,0.2469000121063513,0.21871681086315706,0.38099745457237094,0.24797897836280067,0.7801036276635391,0.619228808656894,0.47946918578844966,,0.6563548024031054,0.8938496211176371,0.7477202709064599,0.6067430918047925,0.9016675705616803,0.788705257831474,0.6813908153676004,0.8474740394522396
699,bright-sweep-512,run_78cebfa11773790a506587dde656e9fb,0.9103381633758547,0.2052364929796552,0.564608560777164,0.5448124057082087,0.10322892111380323,0.38165964696606225,0.1608157386930036,0.5504040926283709,0.4149531323423929,0.10322892111380277,0.2894588093854312,0.5355824412053938,0.24659438031825665,0.370782492098458,0.41457142463178,0.19081328618447224,0.8258455533862878,0.6200173917048815,0.4232100677017759,,0.6715961122381751,0.7897104717953544,0.8110027141551466,0.7078082148677,1.069047425770172,0.9930405153935147,0.7123223847968557,0.9962631058417736
700,feasible-sweep-513,run_f31cc63ddfefde161f5399efb6f66835,0.5025526881217958,0.2514203417020524,0.431081117853547,0.3984171345188336,0.20765698717087042,0.34170595068112214,0.17863119293327157,0.4077661977196661,0.17693468206662885,0.20765698717087,0.23157836832022277,0.4614662687159745,0.16402857766170453,0.18661622449956905,0.4174920461501174,0.2572666419536818,0.79213225326289,0.6425451736164033,0.523110890126937,,0.7188884222125571,0.769428990448705,0.6385760185519331,0.47904932607147727,0.826112243081095,0.7100495500374435,0.6311942459766351,0.8204195773217825
701,fragrant-sweep-514,run_cd5dc35f0a16e718b225f11c0c24b013,0.46107202768325817,0.27896612962331796,0.6490680018503908,0.5227215393366804,0.1389631125638916,0.388464092696721,0.23196223697731788,0.6420147487006451,0.3661316251576685,0.13896311256389124,0.3460014812724275,0.3743718496144606,0.3882749016869507,0.20440677244623226,0.5970001117241055,0.3636802216869155,0.7603897207910655,0.6693537687529639,0.5091904657329868,,0.679140789402169,0.992456768860993,0.8788339889817539,0.7746236401461483,1.0512102500809393,0.9657823738083641,0.6384622268136577,0.8604230498734352
702,youthful-sweep-515,run_d5dfa3ecfcde277ee99d9f18a798a203,0.23388653993606573,0.2913206038598442,0.6725298647582246,0.5201295971112705,0.12397093200528514,0.37573774621769285,0.24085715091114562,0.663713298321043,0.3742438107486464,0.12397093200528467,0.3253107044654223,0.3063314889463237,0.3797362945244906,0.19465547148527707,0.5988129273325731,0.35918075971402247,0.7553784221704488,0.6389667178143137,0.5169027196958151,,0.6935070207897265,1.1444479238803231,0.8987207080156285,0.7991157234073804,1.0409746865772147,0.9563029470180037,0.6508208120695655,0.8363594421666479
703,fancy-sweep-516,run_f1fb4342adf630ea83076e3198d5fa2c,0.24154424667358404,0.2855111051885717,0.564488829628017,0.5935399302549897,0.13761888993439542,0.3815870981012128,0.20617185558001433,0.5471495823015593,0.31021195558083703,0.1376188899343952,0.3020001961211073,0.4172873290459915,0.3406070879566392,0.2243505837031361,0.5989857057913356,0.36384988045809985,0.7739645010500499,0.6521825985886495,0.5283725655980932,,0.7008966279386902,1.1163298873253586,0.8674409944012943,0.6618995065954985,1.0454324303963807,0.8823752289065812,0.6280934869831261,0.8573077138036258
704,dutiful-sweep-517,run_6a33a5035710b944f15f5836ecf342db,0.2887684106826783,0.2952235004087406,0.6289749380935539,0.4771547992976033,0.15145290794697866,0.3773912225440416,0.22677033388600884,0.6226074178889224,0.2732471001409736,0.1514529079469784,0.3187701452651503,0.3667452106805807,0.38637005303865185,0.14898423948323383,0.570326822171142,0.3731174567938993,0.7534142064819533,0.6771761262549901,0.5121596250423749,,0.6981424658423504,1.0626083704193985,0.8428778621105881,0.7167487418032447,1.008178189355804,0.9053777829907061,0.6348291411580403,0.8420143760768499
705,distinctive-sweep-518,run_20d1140dc047f161b193279b4ab67129,0.47766447067260753,0.26192715447321147,0.6484366921548885,0.5177849776172927,0.12068168480274355,0.38653317675534377,0.2111408092295939,0.6393262401698007,0.341973140751366,0.12068168480274313,0.33702455579765067,0.35052943429210454,0.3756576578886386,0.22823271504432308,0.5988861384836071,0.3382097360506548,0.7757878644504598,0.6331549515376494,0.489678727105239,,0.6769788207086628,0.980513045286314,0.8701593308293301,0.7551583355079483,1.0359811742890752,0.9414583602789656,0.6672886728230586,0.8725559611451762
706,crimson-sweep-519,run_6bc45b566851cd2c06aa596b2895415b,0.1860243082046509,0.3161935611176173,0.5521728482407686,0.4711745356515718,0.19337380208452867,0.38057061675304754,0.20793238737849876,0.5385561511877877,0.16419756139786873,0.1933738020845287,0.2969082224970041,0.4568385614046247,0.39773117560435817,0.14227564409539317,0.5327314155459412,0.37160089347919234,0.7491492569972089,0.6768652044086169,0.5143342564257422,,0.6953187906074192,1.0906221729886636,0.7917566958814037,0.6001995042251635,1.0069819182138617,0.8645075841244905,0.6349908706969527,0.8890148052789137
707,expert-sweep-520,run_a99672bb3b291126cf7630c08d2845ec,0.54722398519516,0.25483377453404843,0.5577349043511388,0.41000173125912,0.19570488083958182,0.40754763311321535,0.1900246781968257,0.541375275517701,0.20334874978359233,0.19570488083958176,0.32143133329666035,0.4292095500699589,0.259063263012026,0.27629196862795175,0.3513989998215794,0.23525689186797613,0.7775140643935686,0.6205961093635429,0.463632749891372,,0.6490594530866811,0.8271491780504906,0.737638052035224,0.6087259492614258,0.9336925403216648,0.8355950845632277,0.6936404910051326,0.8993380870417116
708,icy-sweep-521,run_1f6a0f52e5a9579b5112308db26d84b3,0.5095723271369935,0.26676028834794463,0.6143024299980953,0.5105334751316993,0.1239086387614792,0.37692483698429513,0.211960853153197,0.607836947944162,0.3262879331239337,0.1239086387614792,0.33223792519813394,0.39344796511138824,0.3771100533926354,0.18635017931445477,0.6352472942471811,0.39461017295486966,0.776208681791762,0.6774036025908546,0.5278028005067998,,0.6971788100132048,0.9372999557459918,0.8421240740954344,0.7217042149369738,1.0202512627395817,0.9233616067437564,0.6141019336689644,0.8419387554249887
709,deft-sweep-522,run_9f68e9b77c0e8c6561717d54846e13da,0.6416720151901246,0.2412107948531993,0.5946610792130401,0.6124007617540128,0.1029387657413388,0.3480049460786541,0.1972051878028714,0.5842771231870258,0.48156209037172615,0.10293876574133878,0.2749330916100825,0.4270067779435469,0.2711982417253507,0.2832795922059403,0.5987787915520243,0.26882841513536,0.7993462441913732,0.6422794417955306,0.49837163400256235,,0.7101472247565587,0.9257728862013723,0.8870395367070314,0.7824140142272883,1.0597026666789322,0.9738081390829892,0.64796369115521,0.8694754436673295
710,worthy-sweep-523,run_7a60659b9682f44d36a2e9db10f66a8c,0.43107837438583385,0.2744763891415934,0.6131813110560832,0.46564934583137535,0.13642138428702105,0.38295994585144066,0.22027661106598026,0.6028953168793708,0.28222986174659365,0.13642138428702086,0.33528816648290266,0.3682566783732953,0.3495469884483895,0.1680030648405324,0.6071489894629766,0.350897162302992,0.76406137854532,0.661943815116492,0.5209722737737006,,0.684726025031901,0.9573361215336598,0.8174092742915585,0.7011834591312686,0.9768208790733005,0.8818612994428175,0.6319941295023759,0.8279116425205947
711,honest-sweep-524,run_f7da0084687d549eaf56859d511abe5a,0.3978940844535829,0.27611647698879865,0.6124901357860077,0.44737714243316096,0.13332475435151095,0.3703452130106424,0.21439792118865356,0.603183760102316,0.25200207751094417,0.13332475435151095,0.3243093706824459,0.3910083138146388,0.386749509171097,0.1913899264651108,0.6361416108861268,0.3678907144261374,0.7734209739298116,0.6924033923129373,0.5326632081448011,,0.7026606674375889,0.9684121062558089,0.807174567780433,0.6879695953536147,0.995300744066888,0.901329547057894,0.6036202491111555,0.8387193770299964
712,sparkling-sweep-525,run_a4ba7cede5c982def37717ec8f9f0387,0.32578170299530035,0.267875035556592,0.6189229638901741,0.4604605149259267,0.13832788540666016,0.3653839867913232,0.21607388595751634,0.609714550055784,0.2891351124081809,0.13832788540665975,0.3172386467005811,0.35807163042073703,0.3513794005141337,0.19270993625557362,0.5774045977994803,0.2987344539691419,0.7714382947445289,0.6467387769465626,0.5139330354558449,,0.693408281641655,1.0245290786758396,0.8166067325897409,0.7085470132389243,0.9775819407396787,0.8893024036396531,0.64288026789105,0.8379229881039978
713,balmy-sweep-526,run_0675eef25d255853ca06933f5775d926,0.39917051792144786,0.26613756749345874,0.4983428120493076,0.3958202458387952,0.19371149703779236,0.3818868604438874,0.18329263011150015,0.47414623527170824,0.12045606311676064,0.19371149703779197,0.3020560029402222,0.3812119403605214,0.29564287212583173,0.13294022496780852,0.48404771726985035,0.2752946990953225,0.7756530191678134,0.6448029127952939,0.5139317745428876,,0.6830557998168945,0.8752229955113594,0.6898176789329417,0.522417939792571,0.8522023145328621,0.7234091916362761,0.6424631182925999,0.8143458805034797
714,kind-sweep-527,run_c790de622065eb822a920844c223ff00,0.4904276132583619,0.27121671454527274,0.6751911616642631,0.5904582890213439,0.0916366402302883,0.3818079336568534,0.22098389895008752,0.6687256796103292,0.44900947246061373,0.09163664023028815,0.33999108685374735,0.40388709461691025,0.4004730815258089,0.26411901797401266,0.6946483823265983,0.40600820414893074,0.7766705074462641,0.6632744854730045,0.5190383094004338,,0.694343365709255,1.0315949365875734,0.9370606181631378,0.8352469242833749,1.1275393261402038,1.0444614662136946,0.628159440112279,0.8876072397646354
715,sweepy-sweep-528,run_709497bb4707fcd3df3be6ba35f18f5e,0.5427569150924684,0.2529271724116723,0.4151840866418135,0.3961219795711425,0.22188525584490956,0.3708195709731194,0.1756175315140316,0.3895180821246839,0.1544728315979524,0.22188525584490937,0.25018914525478597,0.4885867119245468,0.2045554821032581,0.18206557481722693,0.3661624734321001,0.1838492310005521,0.7950958270458395,0.6377230421129109,0.5065405517797933,,0.703560619991658,0.7337313453817506,0.6271065324521196,0.4543431625754516,0.8408153167642611,0.7212042035653473,0.6455482486598063,0.8546580223744505
716,stellar-sweep-529,run_2a06d5d0a9043b80bc34dd8e203427e1,0.24601161479949957,0.3008074870010225,0.5284932923344853,0.4346004501273713,0.19133697694166404,0.3819777458350175,0.19028606719747437,0.5105662739122153,0.06132119803131091,0.1913369769416639,0.3075713111493257,0.4645726568737678,0.35885653098831644,0.0830403643754855,0.5468717038544056,0.36368917472589485,0.763833162342767,0.6719353516873567,0.5223775991821629,,0.6947857816222154,1.0181754251162791,0.7474408709251373,0.5483128639327006,0.9540279456036188,0.8075570953297444,0.6257190635137393,0.8619894499979941
717,faithful-sweep-530,run_d801c522d04576a11edecc7433b3b13e,0.29578804969787603,0.2844809250095458,0.6457372989741217,0.5163702915935003,0.11217783737529058,0.3974673271005089,0.22903570522496092,0.6346676100029934,0.35828654811663796,0.11217783737529029,0.33887495047144817,0.2979486056739189,0.33192081390753253,0.21662612138045523,0.5066292304424728,0.32229179240016076,0.7581293037960054,0.6300891674949467,0.49973023632067076,,0.6657732881590678,1.086061420120921,0.8743822585237178,0.763956530187512,1.005194512924463,0.9107695947980224,0.6675367361715447,0.831550941873659
718,genial-sweep-531,run_2749d868d79b2ffa66bd82645ddda90e,0.2606892585754395,0.2913231664971055,0.5118397779531416,0.35768308065194254,0.21247897603021554,0.3853556528720182,0.18652155306068577,0.4892105907643747,0.05875893453367317,0.21247897603021534,0.3049507823717421,0.4099642996818635,0.37100727552487883,0.10734859368515148,0.4898622306853029,0.3390367388790437,0.7665042739805386,0.6666063879464704,0.5196064394237686,,0.6849851638818083,0.9677280180223774,0.689047408976832,0.526849033651701,0.8899590877618474,0.7712397489315143,0.6296423807770282,0.8448019730935635
719,radiant-sweep-532,run_ec48756c93789dc7a9fbb66902dad044,0.26387989521026617,0.28973945666964784,0.547895180821247,0.39563228056290656,0.1785701405532296,0.37135850539771526,0.20361946886780125,0.5349642167133797,0.1469492741077834,0.1785701405532295,0.3042994370686431,0.37811543736970865,0.33147548323665293,0.15113175621747588,0.5116652474810897,0.3396054303514968,0.7627512866096915,0.6741990771624228,0.5197501703294396,,0.6965969781164795,0.9992931698286556,0.7352978874862733,0.5909667422339178,0.903521483443207,0.7905250015832561,0.6269554148627923,0.8177781972683138
720,gentle-sweep-533,run_9a04e53c85a9562a7fb617857e1c2924,0.39534151554107677,0.2744558880435033,0.5177936814607199,0.363974970939579,0.18324377313456325,0.3593688089310044,0.17975619069096388,0.5015320144765844,0.05917938317710703,0.1832437731345629,0.29292680457328923,0.4455703142913047,0.38790690217179796,0.10305590141429614,0.5367580815335115,0.32353431222067147,0.7814986298490761,0.6790143964496029,0.5302261090575254,,0.7078115532650424,0.8753284862606008,0.6898652843221356,0.5360492972011901,0.9140783878089159,0.8043469634283305,0.6094769192148918,0.8550364340787834
721,glorious-sweep-534,run_7c9af5535ead683ede8fafed27aa6818,0.12220799922943118,0.2930452587366711,0.686952025905467,0.49645586525857577,0.11891124524194373,0.3752625910149427,0.27288755403961307,0.6851887126180306,0.4413721465139868,0.11891124524194373,0.3619741901433996,0.44145106739263323,0.5431100447519817,0.3638138109376496,0.6304871065307186,0.4758427143853445,0.7608356921216182,0.684505988458137,0.5240016586206082,,0.7083948014816317,1.2202009296267828,0.8967982134869076,0.8595118153738441,1.1943429534078054,1.1666055954815284,0.6191207139788286,1.0027554602789381
722,gentle-sweep-535,run_e43034aacaf9b622109d088ca9cc2b58,-0.2638800442218781,0.44066597817145575,0.8356200168712075,1.0827789182103726,0.047592857915668065,0.5140900259661157,0.3805618838459035,0.8256279082424012,0.8819775925605324,0.047592857915667613,0.4493700605982331,0.6641085082358456,0.6845611961905473,0.7103295767753194,0.8452802758682062,0.7005959853649918,0.6433052488805513,0.5994495518764671,0.5158261383385003,,0.5941006205902462,1.8622738156616385,1.4369612042899653,1.2666385688443007,1.8652318226744218,1.7374134550436795,0.7225622016714807,1.3915201705211517
723,wandering-sweep-536,run_813e26e077afd240d6570f007406ea02,0.41703879833221447,0.26865407728401447,0.5737353397371356,0.4506319095788092,0.1578773085384366,0.38353874228969,0.2002009107612825,0.557375710903698,0.2141122350555241,0.15787730853843626,0.3125189842840023,0.35472153745927565,0.2701705232358031,0.16600836446061998,0.5148541231503926,0.2758527401931143,0.7681074824767391,0.6297430482375979,0.5023157445063171,,0.6788064743782553,0.9338549783793408,0.7774421980026912,0.6297556168669889,0.9114793629419844,0.7892847362070241,0.662234073555539,0.8154337655578368
724,fearless-sweep-537,run_87fb4b1a29b02b658df2c041f25a77da,0.49553275108337413,0.2628035764165618,0.5954937549321069,0.41356317859174435,0.1445957332406585,0.36823093180645877,0.20805026869251692,0.5869710740428312,0.23085598397348683,0.14459573324065828,0.3219511339547026,0.4011356566442041,0.3210881067520024,0.225235343570752,0.5196371419265091,0.32240877826037107,0.7709827475885431,0.6665815750342637,0.5235588872318147,,0.6909475012306611,0.8832522403478839,0.7711763965704493,0.6641644686388983,0.953651604072357,0.8693979461240905,0.6249903054804226,0.839851909128573
725,still-sweep-538,run_c4a7d100df66b02a3df7a1a2c6aa6bb8,0.7973834872245791,0.2149053233663828,0.5758578464720127,0.4898523483293348,0.10302974666321324,0.41083704647990515,0.16135132988060666,0.5612615309260116,0.3312887987534933,0.10302974666321296,0.3379086952604863,0.48327225066326385,0.23955116231554463,0.34027179176111283,0.3921905012001255,0.24325694441303,0.8171629408589659,0.6107459561426688,0.4340948904719034,,0.6425837982617443,0.78270111393585,0.7859719336708898,0.6714171772684873,1.0121628329545305,0.9260252403835255,0.7107719000105688,0.9549441940452945
726,lilac-sweep-539,run_8f99d3ac1275240c73e876daa1f50b02,0.5504149198532106,0.252447959243817,0.6180304225965334,0.6273489476417777,0.10585343383310003,0.3664889618097991,0.20765818519154422,0.6085281232142374,0.4982514282887739,0.10585343383309986,0.28749042315121975,0.39761288447739673,0.3097816447467028,0.3000734284710915,0.5822852525871386,0.24052445928495056,0.791683107719408,0.6339498015106588,0.49272955259195933,,0.6938713937916597,0.9887644055348528,0.9161104068224876,0.8134389248194919,1.0878249001044547,1.002889635109614,0.6593269160568858,0.8825059308785902
727,twilight-sweep-540,run_a25476c986052dfd060629a12ab5bfbf,0.5918952822685243,0.24786340118342584,0.5693052872186998,0.5381891029604533,0.13706398827575583,0.33901606199978157,0.20155142059796555,0.5588233693433835,0.40590112037197307,0.13706398827575555,0.26555674875849783,0.42824226624506334,0.27196929808545084,0.23405271951388226,0.5375850632384149,0.31493898462713016,0.791181212077527,0.6468691968313505,0.5098352301880394,,0.7142727879526595,0.8833490143964792,0.8217008496081524,0.719487493142565,0.9936456609166088,0.9109345014874655,0.6391933603384492,0.8489449717810944
728,sweet-sweep-541,run_aec8ef230a56c2896dc6604aaf6fb1c4,0.3187620639801026,0.2872460106144435,0.5741054178344992,0.45232359706180586,0.16373369310413796,0.37886771152976845,0.1974819526270877,0.5618601866717464,0.1895530878243019,0.1637336931041378,0.31063191655764405,0.40889804059552876,0.3996831100870117,0.13694899381710987,0.5903107142623277,0.3878894249235933,0.7657639045468034,0.6665500661764754,0.5263113580344481,,0.6939988959799154,0.9991390257208982,0.7853049967113216,0.6249930912289707,0.9810214884797257,0.8580883329140144,0.624849050817268,0.8579834260091791
729,desert-sweep-542,run_58d26a87bbcb46fb415be6d283a779c8,0.25494575500488287,0.2915896807722763,0.4702604152493946,0.38161897459995536,0.20924546488792142,0.3696731394604438,0.17474879748246502,0.4478271517592316,0.004461702075038099,0.2092454648879212,0.2835855402937193,0.4528429270565108,0.35413277653283615,0.04716065936638677,0.4790682140822116,0.3266397531389968,0.773458834667349,0.6753581363632435,0.5318141876308193,,0.7029385639166219,0.96014776358147,0.6721625114941567,0.48073506930507975,0.885721914400885,0.7508708774826709,0.6131159711829497,0.8417909846936161
730,different-sweep-543,run_62e51f90be85d84429b154905ad8d269,0.4872366786003114,0.2608918490196631,0.5604723938066343,0.5082185343654934,0.137430370907088,0.3780441623276865,0.2118583476627467,0.5478353152466735,0.377503524348923,0.13743037090708754,0.29607510641164575,0.4153118044205697,0.25803856201133707,0.2708693292468792,0.4507010010853986,0.21843997183410116,0.7779662914224247,0.6137823545454895,0.48034415880396086,,0.677624062769051,0.9139702438617953,0.8002999061457198,0.6982237485231144,0.9761751521522406,0.8944016943769011,0.6844744193133157,0.8837099176748573
731,comic-sweep-544,run_2e003eda48fa3c4c68907b6f59672376,0.37492036819458013,0.28162358446324276,0.6285395520966558,0.7464051640986321,0.06723981915287747,0.3782052048628468,0.22433326585055208,0.617371901276225,0.5964830707590334,0.06723981915287713,0.291988452771885,0.4320857542751681,0.3871655118318252,0.40254232778895166,0.6752318233990574,0.31155538073689293,0.776610433214852,0.6253633064296648,0.519704273447302,,0.6939815829625071,1.1588387220148324,1.0156251675046735,0.8872798500781596,1.2369842517712923,1.1339757892547835,0.6487985324139948,0.9589447814779751
732,frosty-sweep-545,run_5fe867b8e1c71c2ef39af7c607455698,0.5606254935264589,0.24908577915704608,0.6055130751857196,0.4977369970073948,0.14528751610608215,0.4165532592378224,0.18810526288814314,0.590916759639718,0.32647095194519377,0.14528751610608195,0.34412716939043836,0.4185090468243334,0.2821704563482457,0.2932052059721823,0.38263028779552427,0.2791363139314595,0.7890010424875951,0.6167103384016778,0.4580384681981732,,0.640277413176555,0.898575628063478,0.822454818083692,0.700820582755189,1.0085490614282768,0.9120793664654967,0.6965298462467064,0.9087866131448238
733,pleasant-sweep-546,run_e9a002a1612b0386e9a73fcc73383883,0.27409076690673834,0.2829689690254034,0.4877466053498056,0.4242722528627605,0.1831150884072274,0.35911927272553323,0.20741217201446338,0.4655092655582463,0.22540499097272057,0.1831150884072271,0.2517931926842046,0.36136084178061756,0.24570077866040507,0.17053432514978342,0.36274306157874037,0.1877156510092116,0.76388443808423,0.6346503481417741,0.5046481128418272,,0.7010084107204203,0.9720328750971072,0.7056735314653659,0.5572486836016282,0.8473533027443858,0.7283945236180496,0.6592453403725276,0.8090963511621516
734,astral-sweep-547,run_4fca501f1432c965208e9c3e9fc79e8a,0.4355457425117494,0.26457948403861375,0.5988571117581432,0.4610293572082209,0.1478972751623723,0.3682022311566282,0.21139451031845877,0.5877874227870147,0.25758662478668415,0.147897275162372,0.3136709964785896,0.3648873911618609,0.3116639491742992,0.1892221902968,0.5742250617657113,0.3098969147399396,0.7707410050368285,0.6560808170904318,0.5018833392914087,,0.694618231703229,0.9432849608192335,0.8007372926779853,0.6756719341872783,0.9525032675166091,0.8500675416653227,0.6472714259259298,0.827672979844536
735,effortless-sweep-548,run_a5a0295eb113e14f33c3cd44cd308790,0.17645180225372317,0.29707116187410787,0.4333233557375711,0.420324982069102,0.21051346025854978,0.3429392813835626,0.20864480053712853,0.4157881847125091,0.16193208517794913,0.21051346025854972,0.22150523746997403,0.392131592823372,0.23242055710757067,0.12561525609509508,0.4204030610548628,0.21753780664864197,0.7634772264209877,0.6851662397054846,0.5335902704719256,,0.7238341472155383,1.0211140265368022,0.6728250117202043,0.4925794022772169,0.8223497980886951,0.6827885189192954,0.6104108082604244,0.7721185458602644
736,balmy-sweep-549,run_b3254e054eba32324c11af5ad39f020e,0.43363124132156383,0.2658505521201979,0.5443141309967618,0.48089431899685875,0.16402630742043678,0.36291333918507696,0.20846797856610183,0.5303055865465726,0.339598842529617,0.16402630742043675,0.2755485611008932,0.4074521378851707,0.2830290020242989,0.24454554161478784,0.42453289668922434,0.24737258292088984,0.7758183723741028,0.6333610085506591,0.4947802010605454,,0.6909521692495948,0.9210378874146086,0.7734427808886877,0.6633327121870266,0.9508621971066908,0.8636755580859825,0.6632711341950661,0.8636282649578729
737,pleasant-sweep-550,run_47c4afa444b8cdefee74ee1b5a8d135b,0.5051052570343019,0.2586597919651072,0.5770932542382105,0.48136917864120904,0.14818333229511263,0.36941961705360726,0.1847635838994625,0.5656317178698741,0.23485271931343157,0.14818333229511252,0.2944965706709654,0.4029671736399134,0.34453478611975613,0.16777873554044417,0.5914871459763384,0.32181503164910014,0.7844312528183397,0.6605653916710392,0.522081235655013,,0.7026248987182979,0.899818713323992,0.7947690219254853,0.6397129215239536,0.9699970433923338,0.8476255588065927,0.6245735212174343,0.8362586617688461
738,celestial-sweep-551,run_a8b59b1ea1125cbc7122d5ce36ff7054,0.5950862169265748,0.25018515054212587,0.611124112220741,0.3874360052432419,0.1593600516706065,0.36637176748965783,0.2028583656012075,0.6033851261258808,0.2286152400267111,0.15936005167060646,0.31973321151501966,0.41600011862351033,0.3456087759171254,0.23932254254062504,0.532821961184022,0.31824175277692524,0.7802354602071432,0.6656132994906122,0.5042329801681282,,0.6928681792506092,0.8291770078935276,0.7656186702583841,0.6763801112516608,0.9674444440390539,0.8984803052658565,0.6370995655161732,0.8692943462571895
739,distinctive-sweep-552,run_cbbe63b3ac731f4ff503940445900e7d,0.34939378499984747,0.2499545131886127,0.5875751721135268,0.6281898449286473,0.13478946522889493,0.34774345126908696,0.20295062054261262,0.5820893085526138,0.5488684985036976,0.1347894652288946,0.29179153442443645,0.41775334335707326,0.3837372262727478,0.30534559269546335,0.4512461008321719,0.3453684464332419,0.809408786145934,0.6233581119189084,0.456391445906444,,0.7058267205985446,1.0784968758195563,0.8957367486148343,0.8253929646899075,1.1033369242942672,1.0470346660219296,0.6882545915134475,0.9427101508053263
740,breezy-sweep-553,run_eb267304a26acf2aa6859a5f5e5eb983,0.4176771640777589,0.2613044336187257,0.6314620806008325,0.6505428733954935,0.1192833654088896,0.3668875819463345,0.20622823359976186,0.6248986366975974,0.5215937476813491,0.11928336540888905,0.29243809628589684,0.4511991745576582,0.32550974297074386,0.29796400940735773,0.43193195956941083,0.2540593501698205,0.7945964784312111,0.6250909079215973,0.46043505672577867,,0.6976203136896364,1.0775204288545617,0.9435202151470844,0.8396954377037359,1.1351432663693604,1.0504324190032257,0.6883877991411715,0.9339152000042218
741,treasured-sweep-554,run_6d35793fcb37f4a30925f114cbd0453b,0.33982127904891973,0.2735640902765854,0.5375765326947675,0.3850567605668638,0.19955476723637666,0.3678299199491042,0.18223169828533944,0.525331301532015,0.11799767516632412,0.19955476723637694,0.3009861064937611,0.41782416403034645,0.35375776272093296,0.11912886164586196,0.46226606777611307,0.34036467773060614,0.7827777511202103,0.6815173099537987,0.5184221148284034,,0.7003342700870082,0.9343945531513868,0.7156078177683858,0.5684230990854763,0.9088497242455695,0.7981341315743575,0.6168743703168462,0.8333350233632463
742,easy-sweep-555,run_dfec482126e52e4ec6e735becd5c34c8,0.42469680309295665,0.2678237828113668,0.3793844730468857,0.40869092078252933,0.20799960001180295,0.33593552558463624,0.1860397772555691,0.3470570627772186,0.17872035218756935,0.2079996000118028,0.2260550877083887,0.43709227874548234,0.2623331017611148,0.11037107982419732,0.44791815449028166,0.21139142475937334,0.7805468511200326,0.6599352485073016,0.5432121600938083,,0.724986416280926,0.8012082223059117,0.6186197747878134,0.43243539151057103,0.8091603780701389,0.6775326261597931,0.6102940688285349,0.802813142722124
743,clear-sweep-556,run_c8538a8349240e066ca593fb03c9f3fe,0.5708360671997071,0.253439699863924,0.6178290565729682,0.6330423169193479,0.10715667406535546,0.35261060313618375,0.20362203150506228,0.6052899398623096,0.49342863502584566,0.10715667406535487,0.281145985058123,0.42804458839923143,0.3342692492569947,0.30369526120316276,0.6170477229034921,0.24780242537391453,0.7900007952758052,0.6355207656652473,0.5029777321984519,,0.707636158920899,0.9831769929026382,0.9201559648361661,0.8070375833108617,1.1107996722890836,1.0190675017927888,0.6511343278745451,0.9006468926669292
744,sweepy-sweep-557,run_e02e66debde96c6b44402b631d692701,0.5414804816246034,0.254451941582121,0.6199787749326513,0.6400464966735091,0.11242619070256946,0.3484896681646811,0.20712515664120254,0.6111622084954691,0.5205797244824769,0.11242619070256904,0.2725046977383091,0.390707328641448,0.3039530630652744,0.3175104555757749,0.5750272607434731,0.25528733354148053,0.7898099574659523,0.6525447358876352,0.5033779894613489,,0.7125732200676301,1.002134396177593,0.9267032911595461,0.8291099596247493,1.0975570875570755,1.0165017932840987,0.6415126155355871,0.8702821418897123
745,super-sweep-558,run_2891dcf5d598955fb0bdbf71bcf19bc9,0.46745359897613536,0.2598667941151598,0.6626738142534493,0.5388222491529198,0.10608375490559296,0.4010190325170391,0.20677407533641012,0.6542490952134752,0.395211831919472,0.1060837549055928,0.3393413360311945,0.36568504700668897,0.3496032908678224,0.2718883887239408,0.4631008434095092,0.2884977488647477,0.7797421911837726,0.6128755163682835,0.47399192138892987,,0.6535434582627291,1.0065146146593684,0.89274674514283,0.7918268680134714,1.0615404191437618,0.9781927721164267,0.6892484072783619,0.8971815186730915
746,feasible-sweep-559,run_3875ccf535b8e619f9d8202762c89807,0.7169750332832338,0.2267677712487475,0.5408528123214238,0.3656518190586896,0.1330764010242321,0.3549552867792849,0.16495696050719702,0.5265503823233285,0.15439368832389389,0.13307640102423218,0.2946982724600523,0.5087585376302065,0.2676987213220778,0.23914141897859933,0.500464395972496,0.2966194869034877,0.8104747425144204,0.6456896688776725,0.5177548851198011,,0.6995418882574913,0.711565983702108,0.6911198444944597,0.5729777612952113,0.9302328271643857,0.8461619160769832,0.6277069258744918,0.8841393883721076
747,generous-sweep-560,run_99031d048fa5db37073005be8c50f505,0.601467788219452,0.241118539911794,0.47723747584968307,0.398995869710385,0.18537403814313677,0.36871804561330496,0.17635557104527402,0.45676344934556046,0.21934063759800132,0.18537403814313666,0.26500824745062507,0.47681742639567776,0.20807710054058534,0.22647702965871722,0.35965376716939,0.18867934166689784,0.798663442272212,0.6143802985997558,0.48295481304110643,,0.6892634337330841,0.738770083468476,0.6671517538690269,0.536511371173675,0.8758049129443889,0.7808887463945595,0.6757031070988542,0.8823363711136788
748,noble-sweep-561,run_18bf724cd5fb034843cd83b405f2c2f7,0.19942551851272589,0.30213749573961557,0.5407602927970829,0.5811935795018918,0.14638420505624425,0.34594009377140095,0.2338227116289916,0.5273395194427062,0.3924418173274308,0.14638420505624394,0.2666258479646855,0.3871320834984866,0.37207787275352605,0.27274696974534146,0.5597380070173433,0.25877649673426784,0.7595031052535636,0.6819862947485075,0.5228577218298891,,0.7204876226855916,1.127442757539746,0.8494084632566448,0.6976894790856857,1.0412486928798275,0.9216695243951543,0.6218007934441907,0.8656444591746427
749,peachy-sweep-562,run_05a306c120635f31f5ff1321fc5dab7f,0.1534780859947205,0.28380182613531235,0.5520966556913115,0.5586971038508148,0.13679268480602214,0.31123144124299323,0.2424716123857382,0.5478842961713245,0.48127024954863584,0.13679268480602175,0.25233770779071163,0.3809587140158877,0.3677992070036584,0.28239100128765865,0.5453751658589336,0.3358010352741809,0.7774737905669304,0.7119545588129392,0.5427233537833083,,0.7526289746146697,1.154795445941826,0.8351626473894512,0.7684990162028144,1.0284197215436712,0.9750595950864228,0.5844570311395734,0.8376995268674141
750,rosy-sweep-563,run_ec078220b21423d8bb724dae21ad22cc,0.5701977014541627,0.252378768037763,0.6145418922963892,0.6107585388173025,0.11964974804022181,0.3473193194438133,0.21520002665142723,0.6060192114071132,0.5063537209704944,0.11964974804022156,0.2863591392037325,0.40896676253734016,0.2771584831789183,0.2834681650331492,0.5921370198499706,0.30473653345879015,0.7891849291927403,0.6358737638999736,0.5023451396847409,,0.7102420890222131,0.9671699674621613,0.9024315889205853,0.8185135471120436,1.0671492917709802,0.9971906864043167,0.6516834123186213,0.8655149381361449
751,atomic-sweep-564,run_9c36ccdc63838bafeca8deeae7c7254d,0.5350989103317262,0.2489653352057669,0.6542218835886693,0.4579675017930896,0.12105790320941352,0.3785352623358981,0.2163532134189937,0.6485400963291515,0.3457423391783941,0.12105790320941338,0.34746680889433157,0.39387627783648976,0.3428596137336573,0.32933520629143653,0.5581298344200117,0.38552475901553834,0.7808699242635722,0.6427269306822204,0.4924166010769296,,0.6738598912415398,0.9240527738390585,0.836495214450764,0.766127100815457,1.0396524221459658,0.9839225831735141,0.6582575050953058,0.9024720816120795
752,pleasant-sweep-565,run_7cc032863e150879605e7bf251ea1d55,0.7131460309028627,0.22671395586626106,0.5756020571988354,0.4134147849528849,0.08665154142992502,0.36880893100443507,0.1669788813063297,0.5618873982965523,0.20676180347735731,0.08665154142992489,0.307202986143167,0.4909513980371181,0.3082707384689632,0.18578360948823547,0.5438484683447795,0.2608702437134251,0.8113983992797411,0.6479895287836156,0.5105439749076305,,0.682804810215384,0.7645356186967046,0.7440623162435391,0.6215704614474461,0.9613575835447382,0.8700169604836844,0.6317033608739526,0.8772849076125299
753,glorious-sweep-566,run_8ab668515efa63352c7f64417d02a2c5,0.3436502814292908,0.27970416915456037,0.5692726332689325,0.3927336581505207,0.1741710900334089,0.3725734995738751,0.19003236610860938,0.5566355547089716,0.14460465461380567,0.17417109003340872,0.3098051783944697,0.4111688297520087,0.40003370865988036,0.11092275112005028,0.5734115474157955,0.3791210141760626,0.7743832908561101,0.6830991288229844,0.5237654917544237,,0.6997457637942349,0.9534705083541304,0.7460197581000636,0.6056945988458037,0.9475949086057461,0.8415798110760703,0.6149214327388304,0.8482446579740015
754,northern-sweep-567,run_6b9a07408385f59e49806f93e8272dbb,0.5395659804344178,0.2556256294477773,0.46903044980815806,0.5121361264313803,0.17194902445501611,0.3294420035604751,0.18823339475120648,0.44826253775612945,0.3086241436450428,0.17194902445501578,0.227411193412882,0.4624380382784216,0.22719913469176545,0.1889114495205865,0.48774288346814415,0.24555260717235772,0.7889384786670612,0.6666486740220467,0.5259209579822033,,0.734615618085993,0.833230137006998,0.740011781848069,0.5758645463090821,0.9212889661150866,0.795472122394755,0.6167827902909955,0.8255767270282013
755,lively-sweep-568,run_5f4948fd430b8fa88752c47546d378de,0.20963639020919805,0.29525937733039825,0.44321206019211407,0.48587045235327586,0.1926803799232154,0.3289166222205214,0.2004212975657506,0.41960325451032693,0.2399920856725944,0.19268037992321482,0.19936188888543407,0.41774529860137344,0.24002572562586466,0.17040534644403996,0.515094133625784,0.253595035049832,0.7672897964098295,0.6694593581599739,0.5398557780106783,,0.743488337974409,1.028193397397232,0.7208918966608305,0.523289393069532,0.8836552451231965,0.731432330746711,0.6124898854619178,0.7976874860217127
756,valiant-sweep-569,run_6fe93c8378090f9c741fb1f39e14c128,0.4164007306098939,0.2789430658879665,0.6995510081906992,0.5969134123117255,0.09256939959148748,0.3888858328011754,0.24268687391568394,0.6933794116846719,0.4620285410432077,0.09256939959148701,0.35313917343722995,0.30641591763841786,0.4302641366994031,0.26319786312507315,0.6502470218206979,0.39745848695777014,0.7614954345187186,0.6408249621822176,0.4932781421131972,,0.68263272884157,1.0891580886588124,0.960982033580873,0.8678377152772653,1.1277311408002846,1.0494919519096586,0.66532561712824,0.8893532671961994
757,vital-sweep-570,run_92e73e6d9c8d8a2bcfa1f2145fb1d4f3,0.8273771405220034,0.22037399128190802,0.5724563933712482,0.4192614943239433,0.17977912127183138,0.41912595359902166,0.16091568154619287,0.5537456801545622,0.24117923478346937,0.17977912127183146,0.32564793710093165,0.5343052607001804,0.26000839349877203,0.35588247187902394,0.34244503024979284,0.22842607820390626,0.8076291746616694,0.5934806293324889,0.43669784527265554,,0.6378266105458308,0.7302637705300211,0.7430014932474104,0.625056443969706,1.0157706577078833,0.9329707220703544,0.7208147131473726,0.9996562713163726
758,vague-sweep-571,run_52ef09e81910322de9062298fc575acf,0.35705178976058966,0.27881493402490365,0.5297831233502953,0.3910271313036381,0.17455304597569257,0.36587110059816935,0.18960440568597925,0.5144031130098776,0.11110726386862227,0.1745530459756925,0.2975061527018073,0.42857367258913337,0.2947282410576883,0.10860602964807531,0.504849483677074,0.2798824942612857,0.773338390225492,0.6652700852130365,0.5370776185101798,,0.693770020699269,0.9203014594427241,0.7150595378272065,0.5593793144317709,0.8908678584543688,0.7715183834514724,0.614586635457578,0.8124359242872516
759,different-sweep-572,run_7686e3796d0da73fb3424f994993da7a,0.3666239976882935,0.2753681869085112,0.539225557158018,0.44098137659832326,0.16685655177388212,0.39381756113039107,0.20792982474123764,0.5140493618873982,0.2119160092004055,0.16685655177388192,0.321348420308261,0.3521993874127192,0.21711701491534563,0.19640775149251347,0.4767164449901811,0.2594978989715045,0.7614758806803821,0.6281479405776293,0.505032196082741,,0.6626198199837401,0.9414849633973376,0.7490369913163221,0.5936244211866536,0.8779616312038915,0.7497667403500767,0.6634461820739733,0.806176809400098
760,smooth-sweep-573,run_8086c0e7b71118f2a301b54aef44cdbb,0.400446653366089,0.27153448156566884,0.44382160058777115,0.47038804936561696,0.17986354501014729,0.34165094110228034,0.1897966034805738,0.4124738088111241,0.25120569831573225,0.17986354501014679,0.22572901643670273,0.4012823431733916,0.2723365919247414,0.16126914195106892,0.47386643440864445,0.23672887550585586,0.7749152529076987,0.6423510800795672,0.5245446889370453,,0.7201080728317895,0.8818768313059392,0.7014082297873455,0.5189043230829866,0.8678571191175206,0.7283297130446879,0.6361082031477258,0.8159878188437454
761,silvery-sweep-574,run_06eded2af9b56196bffe88a0ae49d571,0.956285893917084,0.20450357872293537,0.6434351955155243,0.5502436128904605,0.12685855171486746,0.41628379202552446,0.1630811100319561,0.6301123840104491,0.4192120297776569,0.12685855171486704,0.34708652528407663,0.5385196919979706,0.32379647824204505,0.42003384094754664,0.4043259471862803,0.2663235745674543,0.822212317623719,0.5967618837599185,0.39877546681045983,,0.6358936686095492,0.8477545679177886,0.87097565871001,0.7741936391129094,1.1532019092934356,1.081966652155037,0.7454397210389042,1.0615820379204088
762,grateful-sweep-575,run_a7eb41d4bddd902aeaf3bba35639eda6,0.44894695281982433,0.25190980541895275,0.4467114751421808,0.47539386144980583,0.20493493634614066,0.3483126808240594,0.17958193135719813,0.4337805110343142,0.26999233299532643,0.20493493634614043,0.22911888207779954,0.45568674401267817,0.2711365432782649,0.1730806968255488,0.35558887265884326,0.2026437511172264,0.8063484256415683,0.6726003268427964,0.48654195290292185,,0.7248323159617008,0.8539378937220302,0.6992917957434329,0.5415819990540965,0.8945006299480482,0.777453164559005,0.6390075464059,0.8482057567283239
763,eager-sweep-576,run_baa453bb700301aed5a7264d82ac1202,-0.341097712516785,0.5102236413537901,1.1175868731121938,1.3702915935003586,0.0,0.5732787383194335,0.51022364135379,1.1175868731121938,1.3702915935003586,3.1808907468589196e-32,0.5732787383194335,1.0,1.0,1.0,1.0,1.0,,,,,,2.21928874747929,1.84038790323311,1.84038790323311,2.5272569387315498,2.5272569387315498,,
764,good-sweep-577,run_9619bb990c60de9064b8c6ff014d8ed0,0.36981493234634405,0.2774644241882206,0.5050205447767288,0.35178196027996933,0.20901596346337326,0.3744262859684915,0.18387178613254462,0.4883670303953852,0.05271436697746885,0.20901596346337306,0.2928590391500784,0.4302715468289942,0.28147207853596745,0.14292777405314525,0.471817862685245,0.27674861774356746,0.7717894512694048,0.6663485087501871,0.52637767878416,,0.6856480763939237,0.8808686154692111,0.6751168824100777,0.5244902235491283,0.860564517347109,0.748250277781689,0.6226728477451251,0.8200670453815248
765,tough-sweep-578,run_a000fef669aa1a0420c111bb713c3926,-0.04562854766845704,0.31576303805772593,0.4331437590138508,0.2701654589073282,0.262016858518929,0.36218545881576325,0.19338685828359675,0.4088492203869493,-0.10128360497613295,0.2620168585189288,0.25262072808765174,0.3051857800165015,0.31164152054424626,0.15229831114516493,0.403305709113076,0.23739578134817027,0.7517249013379987,0.6722361038403233,0.5202100119993458,,0.7064645133972829,1.1635901129085375,0.6002576008370915,0.4634808848321336,0.7574712935760541,0.6544219616072319,0.6318766721655942,0.7827654195582132
766,firm-sweep-579,run_f1b44f29ad0978fa17e904608d75ecd0,0.3340777754783631,0.2835686261445378,0.6008653296688345,0.44165904088244756,0.16545085554852482,0.3698923805355382,0.21797536280537014,0.593322267272579,0.26357183488734465,0.1654508555485246,0.3237417356080194,0.3740523863285728,0.3500720112898432,0.18109972437718813,0.5606249764093051,0.35574977378091505,0.7655209518920347,0.687227890229329,0.5213880633828135,,0.701924027182612,0.9997771061107001,0.797817659947899,0.684846467303065,0.9652853098959141,0.8742296007077303,0.6179613276933015,0.8228845079964608
767,dazzling-sweep-580,run_75cf82bde4756906ebf553765e176708,0.25494575500488287,0.3143458996522501,0.6265367765109255,0.657141443870106,0.12060053965620689,0.40031586659619073,0.24081871135222657,0.6152711638411931,0.4222244206465016,0.12060053965620662,0.3440338922784887,0.4555645087832601,0.3969275257139994,0.3151899030531345,0.6757858116050812,0.4569301425858899,0.7485948263165384,0.6722774565899499,0.5204898425338308,,0.6880910865708755,1.1745165122541417,0.9608311788241323,0.7841082311659004,1.177977806038631,1.0388748122373226,0.6328796235677003,0.9300385880414904
768,worldly-sweep-581,run_98572988aa37e7beda33740976e902ee,0.22239953279495245,0.2987548145547545,0.559759449236714,0.38065441594736976,0.22839489982262826,0.4038237237977019,0.21558698487787736,0.5412446597186319,0.14362525659733372,0.22839489982262787,0.30657157184689493,0.34623508772695644,0.24141162954629655,0.18398344134767855,0.331894155538202,0.20956609162677356,0.7399541727327617,0.6175393127847022,0.4986441695641805,,0.6518999554262118,1.0309660091329544,0.7399208502330964,0.6000431184967641,0.8714878554250165,0.7563464560629262,0.68209799754602,0.8229616611968729
769,fresh-sweep-582,run_e0a71a9492dcead67bb7fbbd1cd2693d,0.11199742555618289,0.2977323222875125,0.46703311654738905,0.3138228674597481,0.2268318311918665,0.369473829392176,0.19583673950535996,0.4467550137418707,-0.006509534291296794,0.22683183119186617,0.2714324095710287,0.3034790581221152,0.29314126433740245,0.11149528035841601,0.38234632912370276,0.24258463422932616,0.7542059542254981,0.6710906523644704,0.5228350872288267,,0.6952642028631296,1.0512627151723173,0.6365919099606442,0.48783649400211837,0.7718236825503346,0.6545586161670303,0.6295096709981103,0.7659927956569617
770,rose-sweep-583,run_3d9d241b9314390af6dfaa5fdbeb55eb,0.23516267538070684,0.300307772735077,0.6247299246237995,0.6876956941112458,0.1095377513450423,0.3425111633569238,0.24403225847784438,0.6155215107894092,0.5361412707441939,0.1095377513450422,0.2713048511273375,0.4050567446165096,0.34269628313446415,0.3624316529919442,0.6779960858443227,0.32164056543635744,0.7630375054012555,0.6594911004283512,0.5364600458522977,,0.7345610117923822,1.2034072376175924,0.9764208133713195,0.8519776614544968,1.1688738241181906,1.0671149645382392,0.6220665749139791,0.8943350801289097
771,royal-sweep-584,run_b6e32c2137d6727df76e7fa5607c3183,0.5516910552978517,0.2498033175901984,0.5715366404528016,0.5786956199144262,0.1308477782622808,0.3436631755515109,0.20270717000279317,0.5612506462760891,0.4480399673533997,0.13084777826228045,0.26340180830038723,0.41538495696927474,0.25189608633784427,0.2529687450116527,0.5577807738477386,0.24641853377035985,0.79053705597161,0.6404344025107163,0.5045728944623907,,0.7146865829480535,0.9287215200414874,0.8508492518462284,0.7462119652363559,1.0118962081699614,0.9256466841097438,0.6470008970011089,0.8477025701634383
772,lyric-sweep-585,run_23563a17d45ab84429fd347e2e96b8eb,0.29578804969787603,0.2869461820548764,0.5109526789844621,0.3807286127667994,0.19696713867459648,0.3641713843359826,0.17651701719273305,0.49380935535660825,0.05681003140998693,0.19696713867459625,0.2843405268323171,0.4550540719678833,0.3945078191244522,0.07940810267215774,0.5128686499356793,0.33688266564059877,0.7759929388670319,0.6834841452991942,0.5315956311407107,,0.7061591480964305,0.9497059480118314,0.6988311871522339,0.527478261604336,0.9259488661213834,0.8045182353433683,0.6080823155469003,0.8595233429149873
773,polar-sweep-586,run_43d8c63d829e4bdb89f18bcd0eec92d5,0.4023611545562745,0.284919135981221,0.6655310348580915,0.5482749239482602,0.11203112039316872,0.3832429661483808,0.23680818403835738,0.6593594383520641,0.3960230504785688,0.11203112039316838,0.33736497739425225,0.3645816851722207,0.4246986521429273,0.2296004001319584,0.6656654543352055,0.4444453183365347,0.7613911388711914,0.6700526921789149,0.5209636557498525,,0.7010905600516568,1.0491468630144503,0.9081386813906993,0.8047777590626154,1.0912016122943684,1.0068129595499036,0.6287091805120351,0.8725137979974331
774,fresh-sweep-587,run_1ade330e7ad693e7ea15e1953dde9895,1.137523949146271,0.1712789866307214,0.5947699257122644,0.5119481611554918,0.09509145631768244,0.398144981332619,0.12930298829131043,0.5831124656453238,0.38787129325056297,0.09509145631768233,0.3318321298991411,0.5998720815404903,0.26506509148760665,0.46685885770839314,0.4582700593780113,0.24626495979924443,0.8521132470641635,0.6037947879594825,0.36570112176366515,,0.6433647609477986,0.7967151440954591,0.8032301510174458,0.7121682037973164,1.137207934135771,1.074824060233923,0.7623543327573139,1.1087142727644885
775,quiet-sweep-588,run_04e67362bd4eb61100c80bc12d7e2c70,0.49298018217086803,0.2567813788526047,0.4136547933277095,0.3923676205080008,0.21811569494670657,0.35272381125495983,0.17979463024988254,0.3878908269612781,0.1627037321000178,0.21811569494670605,0.22612524485241886,0.4639009103825253,0.16835360402412372,0.17797252285328144,0.3899851991131887,0.21430451910779183,0.789123362225831,0.6632925579709592,0.5282186778948009,,0.7169654560954677,0.7629755784673495,0.6252993796506962,0.4574471632294494,0.8162233295636401,0.6960453409649974,0.6167807339436013,0.8097158040302884
776,neat-sweep-589,run_079b9da8513ec2260f8da319009a59cf,0.41448622941970836,0.27031979150383245,0.6913385398242131,0.532629287957856,0.10794025750059835,0.3883971245137831,0.24029080807640746,0.6862445236605078,0.4259540474365003,0.10794025750059828,0.35933771656035485,0.36031058553275547,0.37110411386650916,0.2800361821451755,0.57977210193953,0.36588000095649537,0.7589779639721403,0.6417124177685006,0.49114288947358387,,0.6681633554165919,1.0509373485493405,0.9136277823684235,0.8426791021661725,1.0865900650206097,1.027652817790929,0.667380830085493,0.889583844868853
777,splendid-sweep-590,run_2e6c52a896aea1685247a32d3e366803,0.06349712610244752,0.32655430356488463,0.4510326811613923,0.31674127569064864,0.24016914254989197,0.37588204670711867,0.19158532428893246,0.43300770088982005,-0.12471496055202363,0.24016914254989155,0.25618598658882413,0.4433734289227506,0.5133900073952403,0.2732867222169013,0.459775849628089,0.4064600116831209,0.7465549813718534,0.6981855406806965,0.5207829978144217,,0.6972414596197568,1.0866430637611177,0.6406194099295778,0.48964724741213045,0.9722284495356945,0.8801075824047514,0.6204637624433498,0.959067364794266
778,rich-sweep-591,run_72f7252740d4a4697b59663f53032263,0.42724967002868663,0.2709578881818857,0.5409453318457643,0.46523879009719776,0.15976249881151047,0.3750417554593021,0.1874671662100899,0.5218427712318701,0.17360571810155068,0.15976249881151008,0.2935606105903803,0.39662196819624446,0.3123243744985538,0.13710862092817835,0.5667249241831169,0.2910824892403941,0.7745933030321906,0.6548826004381739,0.5181282723256763,,0.6956088072222704,0.914938207934873,0.7632084649850366,0.5810359383474953,0.9252791122247483,0.7818292883654059,0.63412503534405,0.8220516011447793
779,good-sweep-592,run_e14a98098634d7875dcbe3707647f1b6,0.46873003244400036,0.26292914564236347,0.6025361234319302,0.469388865530631,0.14450967020645292,0.382794119874642,0.21311147728350216,0.5930338240496342,0.29621843543640125,0.14450967020645286,0.33512234050610434,0.3568826834870835,0.2974417544781536,0.22056316444784985,0.5648265125875039,0.3425559422513551,0.7716812980380531,0.6515637942758477,0.5010943109051493,,0.6820737393139362,0.9303888786692712,0.8077793156257062,0.6963124153060023,0.9575971905472402,0.8656419215244325,0.6499570029903824,0.8288118377095451
780,effortless-sweep-593,run_951a245dc0b7ecfb8b1fb3eedc6e5803,0.13433307409286502,0.29787582997414297,0.6777544967209993,0.6520515420572304,0.11291552052562386,0.32278584452060743,0.27679557586303205,0.6755013741870527,0.6190092251378816,0.11291552052562366,0.2901962566380218,0.3949138980193987,0.5077765075612258,0.3520177931019804,0.6197375128956158,0.4256058395802291,0.7576594972896376,0.6591089865178101,0.5445547504083252,,0.7357404365111853,1.278241603897423,0.9865355449285806,0.9571260722348675,1.2292122992176218,1.2057366268352658,0.618357483744192,0.9592061680591868
781,royal-sweep-594,run_9fe0012603711832a0c1a50d199710e0,0.5338224768638612,0.2575655458545498,0.5467414079294677,0.45920411545025097,0.1617124412722248,0.37057402096901365,0.19155713527905827,0.5278347710141774,0.20987806989340352,0.1617124412722247,0.3017355123504476,0.4220095469734135,0.28816574771763065,0.15570624354840423,0.5790698257723412,0.29372443748095894,0.7812310263796061,0.6464657946900516,0.5170941468085276,,0.6985370863794953,0.8527110119310582,0.7590353069538309,0.599460161970826,0.9281759463468217,0.8029498589354199,0.6372161024249475,0.831516897822265
782,frosty-sweep-595,run_473475771fecd9cdc3cb6e31d755449c,0.39917051792144786,0.2771594703541308,0.6210835668997796,0.4849850369747484,0.1301355041982368,0.36933750130548104,0.20806051924156177,0.6133445808049199,0.2869586723715777,0.1301355041982367,0.3175471786862597,0.389310327917656,0.33456168045808016,0.1706066894401345,0.6132567762138473,0.3754297449882184,0.77182280657157,0.6675356160328907,0.5288189951057048,,0.7024867122450187,0.9909345839646188,0.8353278728555233,0.7083968055539844,0.9951750334013325,0.8913061909664375,0.6201684751587285,0.8229274752471887
783,trim-sweep-596,run_2bfb4081d05d7605446fcef01522bc3a,0.40555208921432506,0.26721900041770985,0.44397942801164675,0.33243637622733924,0.22368602237966753,0.3655330707223874,0.18428180809434608,0.41527660616615397,0.041599683426904364,0.2236860223796672,0.28214333263973423,0.41517140495025123,0.22036304266456944,0.16259872936819586,0.4265559718132746,0.23566700687657627,0.7744124929183367,0.6526812756807415,0.5288717217079336,,0.6952269305583954,0.8130190621222653,0.6156603535399645,0.45622908509280624,0.7914563688377637,0.6749151731421684,0.6272813357820582,0.8005294417280525
784,clear-sweep-597,run_cac09564a789e10ef826a39b22e8cd14,0.9996810555458071,0.1921234781137965,0.48819287599662564,0.48880864640269084,0.1706015232337407,0.368943664610584,0.1306355596671648,0.46517184141065054,0.3215690154082063,0.17060152323374062,0.24745381387788054,0.6106105123524044,0.22054399123338944,0.34915770094392834,0.3687087006250283,0.19623791167817065,0.8426728457828803,0.6221116344186697,0.426188092877073,,0.6967763809691002,0.6908446125558572,0.7170617880032585,0.5803939379090137,1.028383954468028,0.9382180307126915,0.7048486043483644,1.0199056353627556
785,fluent-sweep-598,run_b451529feae3a98ba0a4702bf7cdf138,0.8797064423561098,0.21563054971131893,0.673068654929386,0.5625454455519007,0.12672167050808342,0.40348888288301216,0.1819574960983846,0.6646439358894118,0.46090569584250474,0.12672167050808306,0.3500195722487039,0.5009279281640889,0.365779182888281,0.42921708222924576,0.453015545374542,0.3526669804703415,0.810333258149806,0.6134029834039245,0.3981882921308406,,0.6602741424011618,0.8854091328703715,0.9033135261516042,0.8290320574990003,1.1768287173820229,1.1208232045633237,0.7400054445295986,1.0566733466213771
786,atomic-sweep-599,run_c6075f5b41a4e7c8fe3495291b12ca7f,0.19751131534576422,0.2961409245482711,0.5195134561484667,0.3221625899636436,0.23360458215987073,0.37349590656981796,0.20660750391442828,0.5060926827940893,0.028175005564761695,0.23360458215987062,0.3073983100100692,0.38280684959268224,0.2986136397829506,0.22339580074279816,0.4002174600655543,0.2872764353732962,0.7549681216998112,0.6675146854184538,0.5256420101342619,,0.68356914955346,1.008796835090938,0.679251361929965,0.5473666917067967,0.8642912046484822,0.7650014176059124,0.6289694812510158,0.8253602135396303
787,vague-sweep-600,run_329383199919ac27e50a9e435023a8e0,0.6786853075027467,0.2345991907191529,0.5726087784701623,0.3851012786585214,0.15118160447724494,0.35866085956851756,0.16942107461630893,0.5590900432664836,0.16355946875077318,0.15118160447724466,0.2947301620709752,0.49349431418883355,0.3481106128648605,0.16665006544711547,0.5621981016662908,0.30805917587977355,0.8052648353479954,0.658141637215975,0.5203831491667158,,0.7025576155099509,0.7612009850362282,0.7288488103108909,0.6066604295830564,0.9610985743049383,0.8720818528448362,0.6203396232392819,0.8816524992308693
788,drawn-sweep-601,run_b8b05d6b062148afeca9204894d2cc90,-0.34556478261947665,0.4259385018310043,0.7336308470978802,0.9385848193307444,0.1573535535017,0.47789372308815786,0.32879404853122457,0.7208958066886171,0.6736922810575522,0.15735355350169974,0.3768817860095493,0.47819540258920884,0.5859385588718548,0.571879449605721,0.713462281976515,0.4853056296903319,0.652683780761774,0.5945701689039169,0.520110888722744,,0.6222401924874382,1.7971366857079845,1.2651400279153766,1.0400276823274048,1.5810187326358103,1.4073729152996148,0.7178408341763572,1.1892587632313805
789,royal-sweep-602,run_64a95d7dd52c1534027a386b8687e466,0.2721762657165528,0.29258910930416704,0.6381289286783315,0.5536912917666263,0.14761695556524565,0.41158007441440714,0.2077145632112919,0.6268633160085991,0.30942052284025423,0.1476169555652453,0.3559008137431469,0.4312111846635827,0.343824474499631,0.20432099947855145,0.5826285668064831,0.4064602348010755,0.7687350506098922,0.6466502542951051,0.5163088388132473,,0.6672121254661483,1.1151277793959993,0.894086664187402,0.7292763650921993,1.070185212451372,0.9368828328846265,0.6421033086788388,0.8707480030916777
790,fearless-sweep-603,run_f99b28e7acb2b5b6be45e9ee8809076a,-0.341097712516785,0.5102236413537901,1.1175868731121938,1.3702915935003586,0.0,0.5732787383194335,0.51022364135379,1.1175868731121938,1.3702915935003586,3.1808907468589196e-32,0.5732787383194335,1.0,1.0,1.0,1.0,1.0,,,,,,2.21928874747929,1.84038790323311,1.84038790323311,2.5272569387315498,2.5272569387315498,,
791,whole-sweep-604,run_f6a6d06502a1453b7af62169093b9f65,-0.1790045201778415,0.3332658505521202,0.42838716699774143,0.3886726189004031,0.23150956201292425,0.3879522644414096,0.18602696406926283,0.4052681705624642,-0.08901639749709396,0.23150956201292405,0.2510358144247873,0.3699932660405709,0.35396851042447713,0.05677936340708093,0.44637120420309956,0.3074068539513353,0.7529988581682328,0.6875701382156482,0.523105995879817,,0.6991864219426163,1.3132530708629737,0.6675687954626676,0.45472215742718547,0.8432441615996414,0.6871570852808252,0.621329118717743,0.8071322649745656
792,dutiful-sweep-605,run_8f0425f88ce4aa5d7b97e1aa2374d9a7,0.30791312456130987,0.2825461338772958,0.543514109227462,0.39068582593426165,0.19050503427767707,0.3620778313788988,0.18554006298962364,0.5329342295028434,0.12761852941903934,0.19050503427767684,0.29592283351948867,0.411031367375798,0.36067656373356377,0.1349819621364492,0.513228162787617,0.3590558454522868,0.7751267579684532,0.689984067440779,0.5249946441517391,,0.7108497150906204,0.9628225405908125,0.7265502868241568,0.578558983165123,0.9193094245029472,0.8074558784829896,0.6101704200523613,0.8303989644758419
793,gentle-sweep-606,run_1f81871bfd59e039984d1daecb894c27,-0.048819333314895644,0.3252857981205618,0.5102288497646196,0.4558998837583162,0.19733679989770797,0.3865913752952779,0.22588109875635223,0.4880894718223626,0.15262285756683852,0.19733679989770764,0.2922379889773562,0.3328571660007726,0.27144218719832264,0.11509242409730865,0.5401539145443922,0.31273026818442146,0.7391801580273218,0.6544438257069511,0.5326523007409135,,0.6908282372426688,1.2522779951265115,0.7576206396356318,0.559059334893066,0.878470291834376,0.714330707701095,0.6370635223911838,0.7768982890926792
794,devout-sweep-607,run_9f976b7afa50d33fab0441f91439d624,0.37236750125885015,0.24842461874364144,0.5609730877030671,0.5597061805950583,0.15619211236389752,0.33533281193819475,0.20142072609764156,0.553332063457509,0.46071278411198796,0.15619211236389707,0.2674701254138675,0.42834066004607535,0.3604137924866239,0.28345539486426374,0.43647264942849695,0.29593496301745664,0.8088630352978731,0.6319821135082216,0.45528694973104034,,0.7212207992598282,1.0108829641454449,0.8304677025154829,0.7476649990444016,1.0408637704629262,0.9760756807425434,0.6846041273515168,0.9286568768537098
795,rosy-sweep-608,run_f0cce13df4c13f39bb3a90c9cc0a800e,0.40555208921432506,0.282638388818701,0.4755285858118589,0.4142457893304977,0.19562865358071407,0.3641514533291559,0.17382368543115084,0.45054831423984343,0.03950238666435866,0.19562865358071363,0.2721515202973386,0.45648855176101505,0.4367765024523214,0.09274845959837814,0.5326577518799985,0.36582060877419725,0.7699359061860093,0.6665464690944968,0.5283008279687536,,0.7053660416325935,0.8666575612891907,0.6910943992945572,0.4845295611553674,0.9409406232475716,0.801577621553045,0.6217884314063454,0.8912792161674069
796,stellar-sweep-609,run_7e91a6d6afad069a6294268b82df94f4,0.24473518133163458,0.29373460815994956,0.5101308879153177,0.3823559963396235,0.20811353107613217,0.36733642822007334,0.20018809757497624,0.49563253421861786,0.08535107461726794,0.2081135310761321,0.29186806949065125,0.3848103180395122,0.38873216009969563,0.08244037927401589,0.476996298344472,0.3126661922051643,0.7594602559120698,0.6820929318802831,0.5300451689874544,,0.6966831496755259,0.988359538356511,0.7019327964791328,0.5413055415613072,0.8936989090702221,0.7739507598195571,0.6162644040007436,0.8281122538271495
797,drawn-sweep-610,run_8a79f68b589a91ef0f9bc4062fb911f0,0.18410980701446536,0.2926967400691399,0.6995999891153503,0.5754012811317487,0.11513922539990626,0.39136206108933325,0.2475379462512459,0.6948978203488532,0.46773674968466306,0.11513922539990588,0.34836848764317446,0.32609333946193986,0.3941788346551041,0.25139141631814743,0.4469654377806919,0.34356761532126656,0.7532884798175987,0.6276384724203941,0.4860148936060956,,0.6718699101329799,1.2190994980346062,0.9519444105331769,0.873461895313954,1.1095537953048054,1.0429991114547437,0.6809554838657826,0.8880381945259012
798,helpful-sweep-611,run_3b9dc4c9bcac725294193db0884af1fc,0.4553285241127015,0.26463842469562276,0.6144983536966994,0.5034501521034795,0.07996977138379523,0.39991963818047455,0.20762487090714798,0.6022531225339467,0.3138475997328913,0.07996977138379519,0.34383856841158666,0.3417836146436975,0.29814679644524306,0.21786567910693946,0.5860058510184921,0.30329114851363176,0.7690685067581389,0.6271128212105288,0.48919827714338304,,0.6596342462326007,0.9631912058330986,0.837319400333201,0.7101529599172252,0.9768709145923795,0.8703391477357528,0.6732700815792834,0.8405150851424236
799,fancy-sweep-612,run_fc1bfac653531e205560595699f15881,0.26387989521026617,0.29711216407028795,0.6197719665841247,0.45064180248806657,0.17012776672163776,0.39603149736870846,0.22519943724485716,0.6094859724074125,0.24801028862562757,0.17012776672163757,0.33888850355609,0.3591356274367274,0.3664079434514635,0.16256467558450124,0.5616382464725027,0.3713941044662487,0.7512015571320819,0.6664484762522692,0.5130290102479997,,0.6765211312926993,1.0625761776874614,0.8218704050832933,0.6954833142218271,0.9824110221380731,0.8794074675755111,0.6405451030395723,0.8366352148305576
800,tough-sweep-613,run_e22688275c59b45dc90a589d1368d574,0.47000646591186535,0.27165748815420926,0.6463196277449726,0.4889867187693218,0.12204230039113603,0.37900563409700994,0.2215630549711321,0.6398541456910394,0.32320629189028766,0.12204230039113566,0.3407333175479758,0.3624459024743856,0.3456882133164716,0.18116229820472704,0.636200622050881,0.39007318514677874,0.7663495698860686,0.6581077720797712,0.5239227437332009,,0.6934231948672495,0.9683647135849275,0.8547718193830691,0.7503104838689252,1.0071355492428349,0.9201374753485727,0.6309773157088979,0.8257236367432089
801,sage-sweep-614,run_2982bcdda5beaeb37325005d35ff08a1,0.3889599442481996,0.2668576685638724,0.48827451087104434,0.3782355996339623,0.19392378585549935,0.3744350556114952,0.19231567590839052,0.4659392092301833,0.11916998491331389,0.19392378585549905,0.30146365341733056,0.371198513968748,0.2503177718393165,0.1340552735476593,0.4644701377325238,0.24753666463433363,0.7722856805653571,0.6526680504334199,0.5138718539210143,,0.683579844446014,0.8688176543613648,0.6728203193038734,0.5179634651231582,0.8192101818857667,0.6976419506018354,0.639385540089464,0.7919798033489492
802,divine-sweep-615,run_4ac44ee2aa31da0e0d0a7ebe555d1add,0.2811104059219361,0.2876022171937584,0.5093852893956298,0.3428090915836074,0.20788648859541856,0.3614846846157342,0.1940095791380827,0.48822552994639334,0.05914970444933617,0.20788648859541825,0.28360547130054625,0.40114264569026997,0.3739188199924133,0.13616639530057784,0.4932988104115485,0.29372714221158946,0.7661486843336729,0.6683574014405356,0.5209011912093037,,0.6996814480611222,0.9454066293393395,0.6780165791924364,0.5286800283963982,0.8825975725124531,0.7738052505445268,0.6278605893053094,0.8446779936448398
803,snowy-sweep-616,run_73533f2976f76ac5d91d7d3e8ce4bbe8,0.5325463414192201,0.25394966467891433,0.5508666902500748,0.5353201592758389,0.13691645164568916,0.3336506349620155,0.2093444005094525,0.542344009360799,0.4103281972646099,0.13691645164568902,0.26895937024396355,0.40677656461728934,0.2718697607189973,0.23257457246538746,0.5251394798853065,0.32585863986529917,0.786059858637626,0.6655239699206497,0.5112800799747055,,0.7199119164897217,0.8991855794410505,0.8090192924428405,0.7115696255354307,0.9736444359299861,0.894316836505575,0.6296759158593612,0.8306401333225066
804,dandy-sweep-617,run_4f8468e0896812576c2660fbc06b0ff8,0.5031907558441163,0.2613121215305094,0.6531443032463471,0.5266836494942249,0.12206852912537008,0.37466864701150504,0.2259784789722799,0.644915507904977,0.38963717755298943,0.12206852912537013,0.3387497837485759,0.35309972574370435,0.37106965538390035,0.2494384318232609,0.6482396178412365,0.37245614904501495,0.7729275738484009,0.6389484554402293,0.4981911002302939,,0.6923666624391549,0.9750961863254579,0.8787930202081076,0.7866380460074502,1.0473150476833324,0.9712831987447702,0.6585835379323207,0.8708179563909474
805,solar-sweep-618,run_5c453947f9cd7d3f6c37ab677bb2ac78,0.5204212665557862,0.261158363294834,0.5977033388663636,0.666000544110009,0.10126668393391675,0.3455095840239427,0.20981848840278525,0.5883969631826714,0.5285435164345957,0.10126668393391693,0.269022352225536,0.41614126063326173,0.29059572738405576,0.3253355893965031,0.6304557803187921,0.278263491096118,0.7880121705567424,0.6485532362697748,0.5086953917060236,,0.7179075196985556,1.0152840822246665,0.9322068959011532,0.8182866448398554,1.1101677206931133,1.0163934791342113,0.6401826971259141,0.8793728202546909
806,hopeful-sweep-619,run_89b1b33e6af9b05ef72b005f0ae6e3f6,1.0756221413612368,0.1809990697626742,0.5763585403684455,0.5627581431009323,0.09231694802448454,0.3882599991868149,0.14492738767320215,0.5626438814661623,0.4537086043578264,0.09231694802448416,0.30446845200653416,0.5854845587451109,0.2644297816862649,0.4309353084527876,0.4326362816440376,0.2042479872392935,0.848915760832953,0.5781116839228962,0.3879864648364493,,0.6608275226582133,0.8090763888200627,0.8256188938832539,0.737172695314615,1.1314004931852866,1.068571055550503,0.7585359357277983,1.0834192557977491
807,sleek-sweep-620,run_610f94b661c25ec98434c1b8c453a70d,0.1292279362678528,0.31887664233015484,0.7410106397452991,0.5511339747236167,0.1245815697241721,0.4035925241185114,0.28275883276998026,0.7362105091295004,0.45244725842752215,0.12458156972417188,0.3643730861250696,0.3322419167356871,0.43280008198780767,0.24096180655322494,0.5799947055151687,0.37734799634819405,0.7164159226216773,0.6292513806360642,0.49906100129496667,,0.6571228999982873,1.269286970423447,0.9769993548279052,0.9092122925481929,1.1446794021718016,1.0873960581788913,0.6847001884959434,0.9080625212773791
808,worldly-sweep-621,run_cca431773473a41c126ed0118696242d,-0.341097712516785,0.5102236413537901,1.1175868731121938,1.3702915935003586,0.0,0.5732787383194335,0.51022364135379,1.1175868731121938,1.3702915935003586,3.1808907468589196e-32,0.5732787383194335,1.0,1.0,1.0,1.0,1.0,,,,,,2.21928874747929,1.84038790323311,1.84038790323311,2.5272569387315498,2.5272569387315498,,
809,swift-sweep-622,run_38ad75a7e0775ccd2859b7ade31815a3,0.1381620764732361,0.30220668694566954,0.5447658439685438,0.5424381074864592,0.14795710946234372,0.3524918143354962,0.23481445224909858,0.5314430324634682,0.3774540598026368,0.14795710946234356,0.2623574235426647,0.35866030162030116,0.2527087357859392,0.21765986655173508,0.5035346378845547,0.23737472035522056,0.7524078752797038,0.6492996942818389,0.5292616670672381,,0.7058293913791043,1.1548911341062307,0.8260374124959046,0.69284997726817,0.9603189790122557,0.8484785357383625,0.6370927269610274,0.803593104347499
810,earthy-sweep-623,run_5a1d6fd373216314bca6012e76fb5024,0.24409711360931402,0.2948186037214618,0.5255108982557349,0.5569510053669032,0.1424384198499061,0.33224828932168404,0.23360745009904602,0.5129717815450759,0.3975069868671637,0.1424384198499056,0.24799753174411454,0.3812740754700498,0.2535297926845636,0.23374921516670386,0.5401971784150664,0.2832653973416767,0.7616014990009679,0.6663129736215696,0.5417304856330114,,0.7302694911323504,1.075985734207719,0.8205328364331472,0.6897276955520336,0.9682768755166546,0.8602384936788099,0.6149730275792755,0.8015471269022736
811,prime-sweep-624,run_590c0a2b01db4315d77ea280ea3437cb,-0.341097712516785,0.5102236413537901,1.1175868731121938,1.3702915935003586,0.0,0.5732787383194335,0.51022364135379,1.1175868731121938,1.3702915935003586,3.1808907468589196e-32,0.5732787383194335,1.0,1.0,1.0,1.0,1.0,,,,,,2.21928874747929,1.84038790323311,1.84038790323311,2.5272569387315498,2.5272569387315498,,
812,crimson-sweep-625,run_ebe20ba57af795527bc1ad2315d24a8f,0.5740267038345338,0.2490140253137309,0.590884105689951,0.5680409566443251,0.13316328370638245,0.34286115183680166,0.20487003585129504,0.5805001496639366,0.44790641307842655,0.13316328370638245,0.2794183653863785,0.42230932441224284,0.26408071612175216,0.24542604475944185,0.5697562047901346,0.3058771989596271,0.7888997586246679,0.6372398446052073,0.5103403643823451,,0.7081697866366103,0.923724961137505,0.856634425869846,0.7612964667107983,1.0208527186350276,0.9422791750779127,0.6449223216822257,0.8510244030362221
813,crimson-sweep-626,run_0a372b475711fef6029eb1a70d88cd64,0.6276324391365052,0.24077258388152406,0.5157582519252226,0.33719981203472416,0.17999468868131763,0.34795073374008534,0.17324196677284517,0.4992026993931812,0.10544357331882387,0.17999468868131754,0.2869331522003434,0.48621984520797873,0.28192781539832173,0.2365690812927667,0.4758473190634884,0.2981328384274104,0.7965658541189379,0.6612272786084428,0.5264017675875862,,0.703180657314016,0.7199776996884301,0.6615751845513859,0.5388269307365814,0.8997442336615694,0.8137520645012517,0.6168044213634997,0.8673555530499625
814,worthy-sweep-627,run_9de3a70c1cfbf88a6aa0194309270610,0.36598592996597296,0.2602640028906548,0.48990720835941115,0.4630672965152226,0.20094489015078248,0.35686308275274314,0.18904318812576384,0.4759966257585242,0.27475082234808224,0.20094489015078212,0.26017059347363175,0.4223309999627786,0.2413722454866097,0.2069224957166725,0.35105777706142655,0.21221809108585532,0.7959530211460042,0.6399694353909476,0.49073682028209986,,0.7053414269980076,0.9254265151299377,0.7226186719875811,0.5812040339598487,0.8953316138501535,0.7856456470608272,0.6562058848018222,0.8426429355919192
815,sweet-sweep-628,run_ed7ef707373c6ce5c7247b2d6ff162fa,-0.341097712516785,0.5102236413537901,1.1175868731121938,1.3702915935003586,0.0,0.5732787383194335,0.51022364135379,1.1175868731121938,1.3702915935003586,3.1808907468589196e-32,0.5732787383194335,1.0,1.0,1.0,1.0,1.0,,,,,,2.21928874747929,1.84038790323311,1.84038790323311,2.5272569387315498,2.5272569387315498,,
816,proud-sweep-629,run_c0c9b46fed9eb25bccc9e395710e5f24,0.4540523886680604,0.26595305761064825,0.5228387166997742,0.5108352088640465,0.14623175053850876,0.3465308488137463,0.2011439612734256,0.5084383248523769,0.3313085845720076,0.1462317505385085,0.25821894928515465,0.40461640360041606,0.25884456617656365,0.19558726814162122,0.5147429434616018,0.2371931309246139,0.7809892117083052,0.6559298985632798,0.5143290296210167,,0.7122331738042724,0.9123440845506104,0.7778457193736388,0.6393229243086498,0.9348867771600282,0.8232272617614982,0.6342130963325243,0.8192652650518382
817,woven-sweep-630,run_d6e5c96b9a2bb12d9d7f19419e5f0bfc,0.510210692882538,0.25527454814298484,0.47524014258891417,0.46016867410283674,0.18201266192145152,0.3337423175934186,0.19793810205959148,0.46211325478244314,0.2877253728390184,0.18201266192145155,0.2426034040565181,0.44432353602126956,0.219585551982962,0.20511253711330335,0.4666345021027582,0.27741359486515466,0.7875657891304884,0.6725362438517807,0.5243680439687611,,0.7271339608361843,0.8231050765972093,0.7090652273825726,0.5792357401506995,0.889092722310931,0.7894469043900871,0.6152938835520428,0.8162713613252138
818,curious-sweep-631,run_d822a1f1d20dd1b5c9d0d6100118ffc7,0.3276962041854859,0.29052106103433156,0.6326049688426896,0.4906437810699183,0.134359969705812,0.38642714379902526,0.22723417123029635,0.6263354104873605,0.32234560878490287,0.1343599697058115,0.34090791316777835,0.39529555700314933,0.3751539118147272,0.18970234864689414,0.6287973229799763,0.39682488871317884,0.7617888237721708,0.6833912653988561,0.5161303252707572,,0.6952297741806417,1.0454246794358981,0.851658883245845,0.7401608652907824,1.0287414006590918,0.9385223079535562,0.6253922908288578,0.8509415570100197
819,fine-sweep-632,run_89b4061a6b0fadcf066eaff1449762a9,0.45213788747787487,0.2569684513726766,0.5420446814879318,0.3931738926124701,0.1681515955266894,0.3627722276567434,0.20023166240841753,0.5285259462842525,0.20128607820344754,0.16815159552668926,0.3002765626507282,0.35384819057404576,0.2659720329130457,0.21463567772350456,0.4861326148393978,0.277400332857272,0.7787883212267697,0.6566830681367589,0.5138310074407042,,0.697322768934943,0.8651884424208413,0.7172384063630916,0.5999570649680087,0.869740806205228,0.77586507733064,0.6349499286209747,0.8032306955489397
820,wandering-sweep-633,run_2773e2c9de3bf6f62177bddf05e21bb9,1.193043887615204,0.16676874505090677,0.6069770606002883,0.5397571290777335,0.09555701635033723,0.4298233235830847,0.12737588507084394,0.5888541184794147,0.4229218707491408,0.09555701635033677,0.35290558203722006,0.6050066247010261,0.23987874015115426,0.4883174238312635,0.4428623889054495,0.20139872779688064,0.8565365430955061,0.5873891279226794,0.3544276275436141,,0.6091662851672337,0.8348801429132177,0.8291988451578172,0.7360955764747553,1.1617226248708823,1.0972080158436401,0.779482638230231,1.126775006657583
821,celestial-sweep-634,run_f51bc534fd03efcf49d5607c4314d70a,0.5663689970970155,0.2508309351319631,0.5641514054804213,0.5286671778003116,0.11841945647505486,0.34788934623905887,0.19464767581613587,0.5499469373316282,0.3713105631538592,0.11841945647505456,0.26523147472708475,0.4362217031709701,0.24160100443758906,0.2258787472464324,0.5633380749593853,0.22823107152771813,0.7889541900451824,0.6165474964031584,0.4999021603721123,,0.7087587156425644,0.8864488929811629,0.8128172926359626,0.6915207053232011,0.9799763156976334,0.8819764815520588,0.6645855893823241,0.8610201122708474
822,dark-sweep-635,run_090b361b7b8675fd9e521fb72a765049,0.030950903892517097,0.3194481104394154,0.4967808647854364,0.42368857121658043,0.21094623437341198,0.39555713940623133,0.20408330621208878,0.471310783966911,0.06269136596344535,0.21094623437341187,0.2860354596528656,0.35624309260011194,0.28784027679963814,0.09094531175174787,0.5240224864207458,0.2942454703195377,0.746102177638589,0.6534903160162511,0.5298857886863941,,0.6810679976374139,1.1684859364422162,0.7268771067104991,0.5174109182500153,0.8639343400761618,0.696955001436485,0.6368205688994333,0.7896661653359631
823,robust-sweep-636,run_e529dc84e252a9bf487c2eec6b8f4a04,0.36343336105346685,0.27030697831752615,0.4851887126180304,0.490253011154255,0.17326783799822304,0.354203489201779,0.20512886221468238,0.46794742714087467,0.3136200628199732,0.1732678379982231,0.26221790649487753,0.4001284247310248,0.21047976239576935,0.19140099394481158,0.44311419702562055,0.2601625654071648,0.7762752833968857,0.6476226952136982,0.5261440802377707,,0.7025232247124753,0.93860171937699,0.7408251914756324,0.5995082889205605,0.8887411273615508,0.7748864533745773,0.6314760062277192,0.7998754737959421
824,effortless-sweep-637,run_11ce9c3d6dba30fccb1543123053323f,0.4572430253028871,0.2692281080305363,0.6666848077498709,0.5533648257611355,0.11397696461415895,0.3870872587451279,0.23417123029652237,0.6605132112438432,0.42423268122573166,0.11397696461415861,0.3500490701388075,0.3222674640412071,0.3709362388360831,0.26807713182006826,0.5886877547600592,0.3657282163321809,0.7640973659516352,0.6427550960729115,0.49241846139556794,,0.6787734147116528,1.0223827056716563,0.9072844302796319,0.8191991425448479,1.0660583462897897,0.9921706483324825,0.6640127954074936,0.8684632132284927
825,snowy-sweep-638,run_404590efed13bccc07f09adb210d1c77,0.2913209795951844,0.278748305456111,0.5002204141609297,0.39977246308708214,0.18882885423053095,0.3534843784754694,0.18105032250789907,0.4842526327247003,0.10381124329137072,0.18882885423053064,0.287042374117754,0.435943103001968,0.28719796550750737,0.1495940150475156,0.5055017714701001,0.2999905474549249,0.783497355183717,0.6728807296774829,0.5382444705127268,,0.7136972544761074,0.9551253524789161,0.6983832062562056,0.5273107298497898,0.8846731218734805,0.7569438787647272,0.6058866075767425,0.813637518201764
826,light-sweep-639,run_f9a5e37e940012babda736b4423104ff,0.510210692882538,0.25710939642204583,0.5767449454406923,0.5632181633813965,0.12221442645954712,0.3350824784924505,0.2112125630729094,0.5652834090723562,0.4440036603764254,0.12221442645954685,0.2656699568772738,0.3880499543756873,0.27165293490186665,0.24955847141078444,0.5898978165993581,0.2758768514265843,0.7855159990424966,0.6397960593693389,0.5222210975238638,,0.7211313227862822,0.94326189206429,0.8461410481607717,0.7491964560780815,1.0013052422549615,0.9208435505473309,0.6356279927472487,0.8310718741171275
827,glamorous-sweep-640,run_eef974b6c07c071aa5eadb705b6dbd7e,0.5976387858390809,0.25098213073037723,0.6330185855397428,0.6623203818662973,0.10296499447557286,0.3558202924755666,0.20439338532070117,0.6205774306783859,0.5390102144288083,0.10296499447557263,0.2910142251581926,0.4289826818147214,0.33460734146075116,0.331075993146676,0.6290489251191306,0.26464963111922063,0.790887000893691,0.6255311804099462,0.4927352636040191,,0.7048797037942729,1.0006374790778643,0.9499330754427991,0.8470094537186897,1.1436661992533725,1.0597285228695477,0.6642835659801373,0.9202565857008184
828,divine-sweep-641,run_e55f2003c803dcdec31ffb23e60a8726,0.08902370929718019,0.30697575488887124,0.5913739149364611,0.4397348700319045,0.17053021386254177,0.37629262544775005,0.22869743710647492,0.5766796375411577,0.22641901417159302,0.1705302138625417,0.30036505632103905,0.2636601455413836,0.2773983297333081,0.1415734976428397,0.5022625521918817,0.2526370694606623,0.7391318246220593,0.6411904599008487,0.5227289016021328,,0.6799667762686941,1.1717370291204086,0.7983257338197516,0.6603994943003114,0.8965676428465422,0.7762970133864145,0.6516012525748298,0.7688262178656806
829,sparkling-sweep-642,run_a522466dc759037753874cad9e17bcf6,0.5350989103317262,0.25678394148986605,0.49729244333179135,0.5326787525041426,0.14601044559340876,0.34855025842543447,0.17998170276995468,0.47965931045742743,0.3038409220191431,0.14601044559340848,0.23192516783900835,0.46555671806195126,0.23106175397103748,0.20315529589545478,0.5404112670573916,0.24756279425443184,0.7913133998827283,0.6571128813180291,0.5185557895052475,,0.721113665100044,0.8643954249873266,0.7726476688448257,0.5956389622362779,0.953094479211007,0.8162049004172097,0.6268254948910786,0.8392346913567162
830,comic-sweep-643,run_2c05b6aa8f973117303143f88a2cc68c,0.4770261049270631,0.25848040735681904,0.49796729162698306,0.4000939826379442,0.18473307345029166,0.37193092391378,0.18822826947668378,0.4773953032735585,0.14602428709222703,0.18473307345029133,0.2938221053999478,0.4256491637950874,0.22314934887551052,0.16824442103246814,0.4712824536604403,0.24420490562250827,0.7813723164361264,0.6443927998010563,0.5098611420027732,,0.6919313669991458,0.825559394229854,0.6890999488178413,0.5335346750105687,0.8568183980356184,0.7375217130296606,0.6438094787844169,0.8208347414213377
831,skilled-sweep-644,run_4931af7e3021e78222638cc2799950db,0.23388653993606573,0.2900315973174312,0.5378377642929061,0.5306853312887986,0.14818087335127816,0.3177967148917308,0.22314676479858936,0.524123105390623,0.340222095812826,0.1481808733512779,0.22796368092212016,0.3620739275950351,0.269767594113469,0.21830901680341386,0.5631099424774509,0.2551084728460518,0.7672684899585568,0.6653407209403497,0.5428171620205301,,0.7416149278254387,1.0760233339643834,0.8093297900035523,0.6635138150209525,0.9521268926370746,0.8317340280517541,0.6125168864364945,0.7916488153628443
832,whole-sweep-645,run_5372c86962ddd6fc3e563eca368a98cf,0.5376514792442323,0.253708776776356,0.6230319192358975,0.6099967848044914,0.11011068525846782,0.3499071613702009,0.21214792567326873,0.6134316580042993,0.5064575965176963,0.11011068525846776,0.28942054185232396,0.3923056175934165,0.292125218818492,0.27842181996190224,0.5870266749334044,0.33139285104913924,0.7853429224450788,0.6215445466527316,0.500534832859675,,0.7005741580110287,0.9869300909910638,0.908093053201013,0.8232887940934555,1.068359744733926,0.9972782908375464,0.6623984030017122,0.869212974589784
833,hearty-sweep-646,run_ec36f2e237e16f6268b4fcece74f18b3,0.5197829008102418,0.254293058071923,0.5078178998067975,0.35698068409467515,0.19125583179512737,0.355215984348579,0.16669699120759143,0.4920460420691717,0.05163603986842426,0.19125583179512715,0.2909408790530698,0.47702588193433043,0.34404891278669975,0.12522470176334743,0.49942258306083503,0.30576665331622227,0.7934786546707613,0.6740697124523419,0.5263103445178885,,0.7076513343376969,0.7848074225790139,0.6708048803970191,0.5220761199354883,0.9008794369509798,0.7963466879215042,0.6109529508303068,0.8572444694980041
834,fluent-sweep-647,run_c28531546070ca80f44bec6223680b2b,0.387045443058014,0.26986620470858963,0.46209148548259826,0.30466697994212644,0.22443272165739375,0.37237817570697274,0.17917959730718083,0.4416174589784759,-0.009828605347116942,0.22443272165739347,0.2809953066465128,0.38937327394635773,0.33137184762561506,0.14391703646947404,0.4269348769217225,0.2560509872595716,0.7725841919469821,0.671428906176795,0.5247029617094761,,0.6879402237977938,0.8258715387386326,0.6157745350908794,0.4766842871847557,0.8132092223499829,0.7136938215351971,0.6209542560095134,0.8171383905465484
835,revived-sweep-648,run_d790ce8247e694f1df32e20cd7bceaa8,0.41065722703933727,0.27671613410793316,0.5856866853519824,0.5416911928375339,0.12911012461927354,0.3943022832164181,0.2142134113058432,0.5709924079566793,0.3757376400464967,0.12911012461927318,0.29858561603154504,0.3952234299954595,0.240013677575364,0.2534122955442752,0.4155096987582505,0.19529396146793454,0.7664509258595619,0.6189441187430511,0.4718666373155764,,0.6689704293688282,0.9918584303403917,0.8444110732765067,0.7163089345213864,0.995517944210765,0.8894517447556161,0.6918624165632374,0.8698847739938713
836,lilac-sweep-649,run_0c8a140fda64365469d95469d92267b1,0.580408275127411,0.2477327066831017,0.5631881139622846,0.49842950065540503,0.1388467225557279,0.3383144905594793,0.20649474787493316,0.5519225012925522,0.37925456928746343,0.13884672255572758,0.2780574762402468,0.4229944061787932,0.2623218992410527,0.2384631101746321,0.5387483859832987,0.3236860377604868,0.7869232107263168,0.6377097474065822,0.518035234248108,,0.7131899734564016,0.861202667444514,0.7918234101063996,0.7007799630828344,0.9651870358571281,0.8920169606305255,0.6394888432784892,0.8447175161388579
837,olive-sweep-650,run_05ae21c5e112de826519f3d73eb30641,0.38321644067764293,0.2773516681487252,0.4953005523959836,0.5125961467118442,0.16896714523178005,0.34782955321857856,0.1944144758253615,0.4739448692481433,0.2918457695446785,0.16896714523178016,0.22654060703468892,0.4182315274303973,0.23649697864913302,0.19935595781587545,0.5117987028027119,0.2117580537224489,0.7745021547432799,0.6493763028018337,0.5269616942534612,,0.7199048205860198,0.9426024643920429,0.7648538387512201,0.589571607778237,0.9249824993026052,0.7862479952672897,0.6305168466868202,0.8173999775627032
838,dainty-sweep-651,run_414cb9ee72c3d622c87a5fe95ebc9070,-0.341097712516785,0.5102236413537901,1.1175868731121938,1.3702915935003586,0.0,0.5732787383194335,0.51022364135379,1.1175868731121938,1.3702915935003586,3.1808907468589196e-32,0.5732787383194335,1.0,1.0,1.0,1.0,1.0,,,,,,2.21928874747929,1.84038790323311,1.84038790323311,2.5272569387315498,2.5272569387315498,,
839,volcanic-sweep-652,run_5734cc0b2a8aad44a94f0674774dbb73,1.304084360599518,0.1508650182075377,0.5289613322811505,0.5238245987188681,0.126723309803973,0.3919950698661513,0.11599265035633438,0.5142670548858472,0.42476195187099586,0.12672330980397276,0.2992776205885705,0.6512991217256997,0.19028292392068757,0.5257572178058721,0.42396639923147345,0.23262213800017495,0.8712291345678191,0.5748727817570254,0.32873203227357006,,0.6548944555708056,0.8041514780393373,0.7595739299043863,0.6770137475966851,1.1461986495201602,1.0932366640423075,0.8049321536444758,1.1767474500257815
840,valiant-sweep-653,run_c96aff842ce20b3735efbd5448409a57,0.4617103934288026,0.2583958403271975,0.5086179215760973,0.3800014839363887,0.17658003534321942,0.363962507384438,0.19257193963451655,0.489515360962203,0.1298394875473004,0.17658003534321923,0.29284229710434345,0.39446538686874694,0.22265096849934385,0.1889955197990827,0.4723268310114488,0.27898853386260497,0.780863561668525,0.6561844317735761,0.5136983103375855,,0.6976756520702482,0.8323755273221463,0.6854646075769668,0.5418187271395308,0.8430643095019362,0.7310699246956018,0.6346016521629788,0.8022561677190858
841,fiery-sweep-654,run_11ffad0d363b6e37986a358191ba6d83,-0.341097712516785,0.5102236413537901,1.1175868731121938,1.3702915935003586,0.0,0.5732787383194335,0.51022364135379,1.1175868731121938,1.3702915935003586,3.1808907468589196e-32,0.5732787383194335,1.0,1.0,1.0,1.0,1.0,,,,,,2.21928874747929,1.84038790323311,1.84038790323311,2.5272569387315498,2.5272569387315498,,
842,wild-sweep-655,run_c071d45791735437fee728d48e8f0209,0.26260375976562506,0.2851830876191306,0.4907997496530518,0.4603121212870674,0.1738317557842556,0.31792825953678744,0.21119462461208047,0.4755177011619364,0.2629485816041353,0.17383175578425542,0.21988683971564035,0.382086410685226,0.25779616235268205,0.15575455735402097,0.5220732617652474,0.24458465540600013,0.771373278289794,0.6709204784486691,0.5426613287241735,,0.7455232323703394,0.9982609169826745,0.7308221649124217,0.5829770236904683,0.8779575191419661,0.7593224472130621,0.6080478349840145,0.778736501211664
843,lyric-sweep-656,run_6fb6b18cb4e12089ff3b50cbb1458683,0.5574345588684083,0.2492856648634242,0.5401834063511932,0.5249672297380851,0.13888360671324457,0.3416326045759997,0.19333304290111042,0.5279381751884406,0.3683723691044447,0.13888360671324437,0.26439915588199886,0.41989242698181756,0.26731073675646916,0.21288871861997039,0.5222843246310384,0.24439879867046374,0.7927009567616344,0.6522466414646517,0.5051824086897894,,0.7169316093717417,0.8736434481412071,0.7934305561940863,0.6721566667216241,0.9605302359843118,0.8630648129520428,0.6393353895806135,0.8377565440555002
844,wandering-sweep-657,run_82af11255e3d25c9927979a80467ef8b,0.3653478622436524,0.27841772524940867,0.6162235707094073,0.46714812158385455,0.13342311210488872,0.3987572618623373,0.22454083946871395,0.6055457291354865,0.3117997675166325,0.13342311210488847,0.3368930111525943,0.33862677160939364,0.2897402120028225,0.2549334354946844,0.4328247257214928,0.2873360573468455,0.7579192190188055,0.6223508845840846,0.4750365383760883,,0.6581270087167788,1.0003710274472555,0.8218730354076783,0.7171633800515534,0.9690633744835238,0.8820044507382785,0.6905132836774748,0.8604749458120278
845,desert-sweep-658,run_621c608a2673793bce99b1756696baa0,0.46362489461898815,0.26829274543017706,0.5533048518327032,0.4425592956248607,0.17381864141713851,0.37065613671713993,0.20223820738398304,0.5391983455332118,0.2340019291173046,0.17381864141713813,0.32186503200521066,0.44059238249294674,0.29306428332361495,0.20409879853994398,0.5340710221609086,0.31459406869801415,0.7719603185935859,0.6605471498324371,0.5141679479886786,,0.6872624328758584,0.8886524871276027,0.7576186286358356,0.6216044169584543,0.9463882013699706,0.841461046287054,0.6350300123178053,0.8514268951475492
846,peachy-sweep-659,run_10c7c3335fa471ea67a9f6581453e7c5,0.26260375976562506,0.26479987084308204,0.39185828185800975,0.41292013949002054,0.15534049814923495,0.3212607238782231,0.18241620816814985,0.37324553049062564,0.20107832710904458,0.15534049814923484,0.21889985625757857,0.374084371075808,0.265274095221434,0.17050388958060628,0.43607055721174354,0.22379558108375464,0.790526737396003,0.6921400667568078,0.5393813816350171,,0.7476302916137394,0.9315627567528456,0.6278335179453884,0.46154132281589505,0.795962288614562,0.6726079328312261,0.5923059157453449,0.7682495274764446
847,gallant-sweep-660,run_64a3018a501c6750cfb29938ca1b78a5,0.43363124132156383,0.2644411016265059,0.6246591743993034,0.4746024287092227,0.1372689002619595,0.3899086920715251,0.21351637397078088,0.6143731802225909,0.31723097469888484,0.13726890026195918,0.3361236742890809,0.3505622066803036,0.313606075638666,0.2633608956145112,0.4462807055992961,0.336132418836747,0.7753551808969604,0.639480956516294,0.4752614841416027,,0.6781456638636025,0.9675846837899331,0.8278741726418044,0.7236567817956624,0.9879156029217669,0.9023750498588605,0.6751220522909299,0.8639394528891727
848,devout-sweep-661,run_529147974c8d3d7ef2ff351b96442fc1,0.13688564300537112,0.2899829072094674,0.5571090369805979,0.4535898894467389,0.1079648469389428,0.3411574493732496,0.24588504521773458,0.5505455930773625,0.3476912423020805,0.10796484693894288,0.2769253950524865,0.39987218425706655,0.3646409172756339,0.3449895178197065,0.4976313835086579,0.34865610484071957,0.7575719930266629,0.6345911026035891,0.5302959810246074,,0.7062857009293031,1.1229784771508338,0.7747285675431161,0.6960237822748561,1.0060233014533089,0.9467458134007263,0.6425860769602475,0.9081824684515595
849,whole-sweep-662,run_82be19224d96a8787c5eef6bfcd03441,0.3717294335365296,0.26237049071940916,0.618846771340717,0.526362129943363,0.1157810097406962,0.38552865401127445,0.2134753717746005,0.6088546627119106,0.35392377513417317,0.11578100974069615,0.3377994733430757,0.4018566329001758,0.3251212933465442,0.22115208206961867,0.5565001556111083,0.33662064247176104,0.782997775811012,0.6560852039058049,0.5020761862362223,,0.6814333170289228,1.02701135481633,0.8537368989552268,0.7358925011613877,1.0222365405495006,0.926087806561822,0.6428806083469502,0.8540470296098853
850,robust-sweep-663,run_4d9daf4af6fdaf8c80e32e1e24074f88,0.5433949828147889,0.2555590008789845,0.5428719148820377,0.532337447134766,0.14224088469520574,0.35712856376367563,0.1847533333504176,0.5218101172821029,0.3416219424727326,0.14224088469520546,0.26997904055322086,0.43257194482660316,0.26619013224931815,0.22182528280603173,0.5454200608153679,0.21278751613191105,0.7872251368184322,0.6317237419564324,0.5112842122838869,,0.6982907986628168,0.8868941398545584,0.8021243522795671,0.6504807024508071,0.9749797980316671,0.8545801743024762,0.6478762735302847,0.8525994345842857
851,fresh-sweep-664,run_930a8608177ea47249352e787562a4f7,0.47128260135650646,0.26091235011775316,0.47484829519170585,0.4983107857443177,0.17290637325455974,0.34719255824039497,0.18678550469859515,0.45447223053688535,0.2815423045532115,0.1729063732545594,0.23168679299736025,0.43298286685338566,0.208167427387942,0.17733763262352467,0.5052273224836713,0.219558772124436,0.7874624543684295,0.6504194459776803,0.5311959508330667,,0.7205081394350903,0.8679496703518768,0.7361180591994451,0.566303719171801,0.8967308815012254,0.7635158014777567,0.6222186179864407,0.8058613313265274
852,super-sweep-665,run_c8826a4657e931d759d5e42e9b33a26a,0.32195270061492925,0.29761956624801716,0.681057987972462,0.5979027032374544,0.10351825683832282,0.4037615390564024,0.24757126053564202,0.6769435903017772,0.4477481265303097,0.10351825683832265,0.3628200620731275,0.370486632683507,0.42390750255569926,0.2722080686183741,0.6967126166119871,0.46023993991048834,0.7574021863454601,0.6788796562173438,0.5185185706913392,,0.6838840691239576,1.131846175822113,0.9538894232212723,0.8485414181436692,1.1405964141950171,1.0540766986545091,0.6275319443264742,0.8859184440405813
853,sunny-sweep-666,run_0294b4b2ffe415d18c4896f297b6bec3,0.19240587949752813,0.2862312062589852,0.5842281422623748,0.3715282071575198,0.16199276086935138,0.3572409746421787,0.2334152523044516,0.5766850798661188,0.18442361437439733,0.16199276086935133,0.30888037967770776,0.30424570886158864,0.3538940939729202,0.23050090987453306,0.5593618638525216,0.36407921541640526,0.7581206144025465,0.6862036791853553,0.5326740891314475,,0.7097483901371444,1.0637499679883369,0.7491889176713042,0.6488916942660455,0.9122615770293586,0.8318639200314264,0.6126722411721713,0.8039306099816846
854,ancient-sweep-667,run_4dc7a14e702729ac6838048cccfa62e8,0.38321644067764293,0.27063755852422844,0.5574029225285043,0.45716122968862094,0.14898576763308627,0.36752457692451806,0.18313374660130236,0.5467250809545842,0.22239260010387513,0.14898576763308632,0.30200099336138037,0.45722749012445013,0.3377034993610028,0.16332790601155697,0.5985367075245901,0.3675877332291795,0.7903066268073656,0.6870674360883648,0.5393293550603308,,0.710508076024559,0.9487446268749485,0.7700253866319506,0.6179844268830638,0.9709354932980748,0.8553837664804492,0.5950760820486284,0.8389828243263605
855,wise-sweep-668,run_527ed9d6bde21bd91135a43ba72f10b5,0.1419910788536072,0.3124956755496216,0.577153119812784,0.5376845645883312,0.1489005242468255,0.37342335770496843,0.2513306493979083,0.5643201175542193,0.3697128583088074,0.14890052424682537,0.286288184819429,0.3358261519275764,0.2553445618427566,0.2158471410784407,0.464240992212367,0.22588897722734638,0.7383812726600776,0.6523705690036974,0.5151112460516932,,0.6945088521559506,1.1654997741196564,0.848447972443442,0.7199388085122586,0.9718199420861238,0.8619059843712304,0.6514657961054559,0.8055915350773024
856,eternal-sweep-669,run_639018898df01328e052726a4810403e,0.30663698911666876,0.28759965455649716,0.5716999102016384,0.6252219721514605,0.11314256300633754,0.31712783030262437,0.23395340612931556,0.5603363356826034,0.48905102267949413,0.11314256300633742,0.24069799980387896,0.3996023373299537,0.29019572577185265,0.30452021411316493,0.6255821269568195,0.28700748163185213,0.7720511954414653,0.6792000924155128,0.5477445126499763,,0.7520636239644076,1.094758222918066,0.8946825487772405,0.779667819080392,1.0663418828620967,0.9718590721750335,0.5995066839027635,0.8342879671333097
857,resilient-sweep-670,run_8d633fdb9d627df1f18b6a900b28a50b,0.8178046345710757,0.21865702431686493,0.5047484285286677,0.31618727277224035,0.2161329665681997,0.3782705785652386,0.1558314092198561,0.4898582274347604,0.10360349219696813,0.2161329665681995,0.27562270444628895,0.5508022524891635,0.23132332347961784,0.28898062126871626,0.3549354190258831,0.18486807673198116,0.8114892979794237,0.6621796019452196,0.4835373459028255,,0.6829311417310102,0.6228487125691807,0.6344732160213012,0.5243836331164227,0.9181283475909336,0.8458023383048928,0.6452848821995433,0.9256327457458081
858,misunderstood-sweep-671,run_f872a4f1840cd23450e7d7e71c602f57,0.5006381869316102,0.2589826842600257,0.6020571988353427,0.6072416095763361,0.11427941470579557,0.349998844001604,0.21917467704363888,0.5919671283572342,0.49641629362154643,0.11427941470579515,0.2817773993543946,0.3844992140236349,0.2959899510813629,0.27777777777777773,0.5674175991792038,0.31177401338851435,0.7838138559968201,0.6426404434199786,0.5082939945863453,,0.7055623984424785,0.9902411137805117,0.8934692349582312,0.8030515280389217,1.0539912069699386,0.9785202845310608,0.6451488954480866,0.8537138208152586
859,earnest-sweep-672,run_524d6009840d1d29863cce7549a344ee,0.332801640033722,0.2785279186516428,0.48302266728346377,0.3911458462147256,0.20315056277027896,0.37039703362839194,0.2053236226465377,0.45245857030123254,0.12036702693344525,0.20315056277027857,0.2923886673889663,0.3668297831776542,0.22177266760613898,0.2032989602954165,0.48435324540408836,0.2613735864407381,0.7634849274548973,0.6422786107418716,0.5210703258419971,,0.6948424892231012,0.9118440774948076,0.6810901347025089,0.5112384659124644,0.8300370140961105,0.697454258148185,0.6428667083174174,0.7989713873746522
860,hearty-sweep-673,run_58e5c065e21d3b1d57280dde70e8cbab,1.1477345228195193,0.18025590495690927,0.6019918909358081,0.6291939752182621,0.11227291653688912,0.3723279495697692,0.13288299254528807,0.589452774225149,0.49905275393861454,0.11227291653688892,0.2683311449087839,0.6203964785267321,0.34584394492568576,0.39228298694250235,0.43659704233787017,0.2202307198519969,0.85121531111096,0.6152351658982179,0.3995912437127169,,0.6881543458812148,0.8832354071458752,0.8892533308766761,0.7836875104040072,1.2038094754278708,1.1280744127130502,0.7284720556312524,1.090439041161992
861,radiant-sweep-674,run_7b33e7ba8ba35ffb002fe61a6c8b94a5,0.29642641544342047,0.28883228307916237,0.5427412990829682,0.42893181312294376,0.17265146274372237,0.38295675689034836,0.18855116177160228,0.5266755557974367,0.13255014468379814,0.17265146274372223,0.3117217440109319,0.4163008656086264,0.33101647478820984,0.09817344017707959,0.5485734002138601,0.3476377586586203,0.7672825090329204,0.6606273132452991,0.5271475567843132,,0.6867058194248166,0.9866946877960773,0.7496497220621944,0.574898445410714,0.9243868494476937,0.7893190509417365,0.6268338569127879,0.8279112427163127
862,avid-sweep-675,run_83ac6ce03fe84d5e9addfb9068773ff2,0.24601161479949957,0.2838120766843574,0.4454542980761382,0.3205450993000766,0.19994655895399815,0.349558767370869,0.19137262539624778,0.4201801409562165,-0.001276185294190641,0.19994655895399782,0.25140254495039993,0.3613695437173921,0.26068796980100917,0.09696069980525494,0.445978416627897,0.2222040986788245,0.7670345166767312,0.6680477701445419,0.5460825112306223,,0.7063261381205407,0.932564838162505,0.6178413932650422,0.46171036511426033,0.7679033332808898,0.6489406777866189,0.6086922752399223,0.7605615214885422
863,skilled-sweep-676,run_c78f2cb2029f8bfd2317476ebd5df1df,0.4061901569366456,0.27206494747874926,0.3975074151677597,0.4749684663517426,0.19960968364867923,0.3387426085861183,0.18520692014566018,0.3709597540069117,0.22020132070338563,0.19960968364867906,0.209275571681069,0.44145637321441455,0.22631907095690096,0.1528908469814513,0.4552934977821537,0.23229928095946076,0.7774019690645917,0.67301782887558,0.5359254183511923,,0.7349556699327291,0.8580310710346134,0.6764809862727073,0.4694692364811827,0.8527052170648538,0.699915013714772,0.6097806498586817,0.8008196447160877
864,curious-sweep-677,run_da846ec5cc870e3e5d4b8b62969b387e,0.29578804969787603,0.2873536413794164,0.5049280252523879,0.34585116118022413,0.205455412791098,0.3614527950048113,0.17660158422235456,0.4888622819668562,0.0026018351346670772,0.20545541279109789,0.27680022832961426,0.4349295618668781,0.45298743832261534,0.0877431919037129,0.5193473308831896,0.36216763130986723,0.772957043155073,0.6782306309265095,0.5324708010461608,,0.7085743945452909,0.9329950735793339,0.6761194063100066,0.5197895918790174,0.9269291571518544,0.8199033056495181,0.6112835536813158,0.8807541051794817
865,frosty-sweep-678,run_1f29368139969942d5463df3293d2a27,0.5000001192092897,0.2592671369960253,0.6551797327818446,0.4783765735908789,0.1244028864722025,0.38386800252246817,0.22434864167411953,0.6477346322348911,0.34643978928103303,0.12440288647220239,0.35169457406242544,0.34509754022451994,0.3544582407108489,0.2600393746873968,0.5686512420368777,0.36523928409022927,0.7695887538455757,0.6301765677666087,0.4873250614906881,,0.6760307397350735,0.9529451763870592,0.8516596014457622,0.7680579368866509,1.0186645717798433,0.9498770591393579,0.6728256133344266,0.8746700743843382
866,apricot-sweep-679,run_ae0a7ac8caaa30a3b86cb81b962b35cb,0.35194635391235357,0.2773414175996803,0.6341614737815995,0.47676402938194057,0.14100567524236993,0.3732902185793657,0.22830791624276367,0.6280878391248748,0.33264907377637043,0.14100567524236965,0.3258336940845571,0.3138900867743227,0.36435647160235635,0.20535261628835041,0.5359520189547098,0.38607235647033633,0.7652475849830337,0.6717934464461088,0.5039604520444747,,0.7054445641889906,1.0244209304523442,0.8404659281955185,0.7465080338214348,0.9898663033196632,0.9114420258854238,0.6394399669147551,0.8260361936853154
867,young-sweep-680,run_597765432b17759135a0181542039705,-0.10051056742668155,0.32886323973727843,0.40171977468774667,0.39294140924492366,0.2505467051791915,0.3791610959502585,0.19334073081289413,0.37575988462271065,-0.016417282912472138,0.2505467051791912,0.24640624015906545,0.34694617413371925,0.2692834647501292,0.10115953133480186,0.4291655028139907,0.2528680396800655,0.7508883394775905,0.673551106001197,0.5388152154422008,,0.7022662867974256,1.2356800708485822,0.6511011894667826,0.4229014734677156,0.791865671587546,0.618032474207384,0.6175086277202105,0.7644837396718347
868,wise-sweep-681,run_8eddb94528a08cb76f6a340930bdb1a9,0.5695596337318422,0.25483633717130977,0.6198699284334269,0.6293423688571214,0.10042982338226088,0.3409111021288707,0.22323901973999474,0.6133064845301914,0.5396730393490464,0.10042982338226049,0.29476045720135197,0.4128392776970495,0.33984713200591044,0.29650437910374694,0.615311824596173,0.3506222142247988,0.7901614724230195,0.6495757172538725,0.506912488989029,,0.7155336090377629,0.9826441137705048,0.9193759319003539,0.8468928464106266,1.1041282956828011,1.044545203651453,0.6402848421669902,0.885331501912459
869,revived-sweep-682,run_c5c55cf74821f09820d66bc949ad2dd8,0.37109136581420904,0.27233914966570394,0.5285205039592914,0.43081146588182917,0.17012120953807922,0.3808512453291686,0.22173731430489732,0.5050096601268063,0.2407884648678061,0.1701212095380791,0.3329498607619861,0.3625199702067821,0.2830501578092079,0.2593208398514402,0.5210162227287963,0.3504673465478721,0.764209848904543,0.647836397701453,0.5082235253157198,,0.6817096121540288,0.9276090299226668,0.7342350132493496,0.6018149866777462,0.9043707609697875,0.8006039575256519,0.6491997375156633,0.8368068581257003
870,confused-sweep-683,run_98cd01e80ff0ef9508e6241012987b89,0.3366306424140931,0.2756475143699884,0.7276606166154183,0.5961021937526276,0.09201777652462716,0.3928489141986102,0.2499545131886128,0.7262891507251901,0.5282516756115057,0.09201777652462709,0.3819283169380869,0.46384511664276484,0.5342436305946059,0.31844672179122907,0.6900858591602727,0.5061919835832649,0.783666894124172,0.6817736340681756,0.527390479301237,,0.6986149199775055,1.1510372291779987,0.9802088300705003,0.9322140429701956,1.2501144804504927,1.2128478410726813,0.6094487605428139,0.9866127180464472
871,iconic-sweep-684,run_4a52715e302ae9f62ca08c6c6e3bb9d7,0.6582641601562501,0.23509634234783697,0.5522980217148766,0.42186827591323917,0.1350460150356219,0.37253044859912926,0.16632028353018638,0.53985686685352,0.20342294660302188,0.13504601503562194,0.3125604407782021,0.4850162866707441,0.2624457429958705,0.19337398503761882,0.5142854586586375,0.2645136111832231,0.801943034622782,0.6446575288197791,0.5019803984971112,,0.6803718310406218,0.7744606712066716,0.7336731133123978,0.6004071690170901,0.9379703095724127,0.8378548997582921,0.6430539299623281,0.868924865153401
872,sleek-sweep-685,run_046c86331ff25492f16b3b7fae84942f,0.4432034492492677,0.26054589298939324,0.5466380037552042,0.3970321272228129,0.15961578182938868,0.3764855575938331,0.19850444489432933,0.5335111159487331,0.17305666163777078,0.15961578182938832,0.3097565467378125,0.3871791236492526,0.24051148471626718,0.20824314401557956,0.4707140829985305,0.2602557905008909,0.7759430638767284,0.6428096960242567,0.5137002036109051,,0.6794464258148434,0.8754827331960691,0.7241075745703721,0.5949678425098942,0.8805966356112809,0.7778852027906162,0.6436411390264818,0.8157159866933017
873,giddy-sweep-686,run_cd6fe68f7a9eb2ace3d43e637313ab9f,0.4164007306098939,0.2726056639408749,0.5913902419113448,0.4378008062721046,0.15263729922723596,0.3648394716848158,0.2108871081407295,0.5843369887615989,0.22820963074716227,0.15263729922723593,0.3228934719574722,0.3851385181499481,0.33458108014130933,0.1825167874511807,0.5599521712908491,0.3611291895946594,0.774160146029392,0.6833761244756618,0.5226502514150769,,0.7069793364635442,0.9391485885807045,0.7846819815779568,0.6618177425701799,0.9535797645010465,0.8553310934564764,0.6157248579256862,0.8201863542636936
874,wise-sweep-687,run_6eb87b253984af8378b7d5ed373eb1a0,0.601467788219452,0.2512435197310256,0.625257830145038,0.6362179407909377,0.09439229662075548,0.35367172993964086,0.21065134551269402,0.6173229203515741,0.5125219498924148,0.09439229662075531,0.2820492582875118,0.42446434261388283,0.332868273731222,0.3038316891740893,0.6224692578537657,0.27758610683537627,0.7898840200351939,0.6372571708046249,0.4993277511407608,,0.7036873361735145,0.9770100031057195,0.9267383279808689,0.8295422391169888,1.114508362329595,1.0350967527883792,0.6529960076041843,0.8998270651079705
875,amber-sweep-688,run_71e1ed24c2dd653abc0eab0c49dbe6a8,0.42852580547332775,0.2728644903042619,0.6137799668018179,0.4395221724828729,0.1405163454193155,0.36610628647872523,0.2142364750411943,0.6045715529674277,0.2455617935844483,0.14051634541931537,0.31742998436611836,0.39953918419017764,0.33026737660758787,0.18347455011759198,0.6101942030447612,0.35261214178568584,0.7731786618255387,0.6615325526594052,0.5315133803371572,,0.7033879358068776,0.9468306832592688,0.8027207595548465,0.6868075599204879,0.9730013505210429,0.8798156822081534,0.6208766746815576,0.8293725673417782
876,brisk-sweep-689,run_cd6fbe09872a623dbc1e7fe2301ee5bf,0.18474787473678592,0.2894345028355581,0.4013170426406162,0.3753270843123189,0.2096208636466465,0.32814569087646206,0.20801951704538152,0.3776102751095269,0.14582642890708125,0.20962086364664614,0.21116343664770026,0.36050916268405847,0.19369848069132667,0.17590801221679495,0.3997305211503764,0.25242123612739453,0.7642028913186054,0.6631672087741222,0.5463445731600477,,0.7358830196737364,0.9831387575914114,0.6210459889282463,0.4551120595060939,0.7642824784902612,0.6368332381960222,0.6122579946467506,0.7571587934985724
877,worthy-sweep-690,run_cf3b29541952658970a7d705e7fbffe0,0.18666237592697146,0.3040030956658116,0.49190454162018005,0.363322038928598,0.22358192709067606,0.3717276276441471,0.1783518654717942,0.47201828621186986,-0.024341503227561626,0.22358192709067587,0.279196732590465,0.45922168127426916,0.4112881592537474,0.06053017484489557,0.4872963992390538,0.35654681175763187,0.7659937746531347,0.6705270055584374,0.5267451825769911,,0.698298447908237,1.0175908179472495,0.6829281545024994,0.5051763644659527,0.9220071956192347,0.7993181868170478,0.6223194435187313,0.8780591633500099
878,magic-sweep-691,run_c4cae2d68a8505a851f3af4816225a4d,0.23771524429321295,0.28967026546359387,0.48055185175106807,0.48970890114510446,0.18955588195758163,0.32397771872884823,0.21019263344292874,0.4627227951781002,0.28411446096010673,0.1895558819575812,0.2146282428744657,0.38327306831184843,0.2327078396382539,0.16918962636614202,0.5000556806857683,0.2672717869510844,0.7667922599345471,0.6777097011619255,0.5343878879597822,,0.740601619540833,1.0255841939426924,0.7447507991105986,0.5822493926641397,0.8856241109907024,0.7541158189893357,0.6124145047515804,0.7776424877939221
879,decent-sweep-692,run_ab9ebb12ffc4f477240ca6791200de46,0.43490737676620495,0.2626728819162376,0.5874119023646907,0.42342640912126234,0.16472464746941898,0.3723510695376884,0.2212042857545556,0.5775177555851863,0.25688422822941737,0.164724647469419,0.3325432682227203,0.360058972437459,0.2905897702531028,0.29684704530217404,0.5020901515700619,0.3717626723492602,0.7685712616383142,0.6448814790404502,0.49439732188816593,,0.6850996269916331,0.9185163797201895,0.7702854729742818,0.6696623035272012,0.9463312086094985,0.8664009737289418,0.6597745773990074,0.8587814270785901
880,hardy-sweep-693,run_bc63de5b435b4f1a4e82cc03c97d2376,0.42724967002868663,0.26769308831104266,0.5052872186998286,0.3704993445947617,0.20026376270864138,0.356151944429164,0.1755765293178514,0.48833981877057875,0.09686642099275407,0.20026376270864105,0.2798943178294017,0.47122420833967366,0.3864822056248876,0.1069833668550267,0.5297382213623161,0.3408666129195179,0.7893911066578403,0.6791057902962088,0.5291779125348266,,0.7103982400397763,0.8488980375809598,0.681354920181883,0.527907188585389,0.9203861786390142,0.8133585865617924,0.6074558731474191,0.8671037010617361
881,efficient-sweep-694,run_5baad2179db4b69fe6120dd4d04c0fe7,0.35258442163467413,0.2830996635257275,0.6164249367329725,0.4763880988301633,0.14801694376231525,0.38459986909314714,0.20214595244257752,0.6063348662548641,0.2430292088145829,0.14801694376231492,0.32715551845730806,0.450212672082027,0.39789356395440584,0.14876054869158972,0.6225468933147557,0.41309031469563706,0.7747490693365369,0.6721970395279089,0.5314381950752546,,0.698452941037619,1.0129522468721692,0.8288973053531099,0.6837895527589339,1.034510116919234,0.92233865345049,0.6146079463311215,0.8722862872245323
882,legendary-sweep-695,run_80ebf0575b9b8a526de27e78c9f18996,0.05328655242919923,0.3155452138905189,0.6767204549783669,0.5189919125466822,0.16532790835680264,0.40933345132489374,0.2707554398382463,0.6704508966230373,0.3798877154799294,0.16532790835680233,0.39120899095690365,0.49203260042674835,0.5025814735134776,0.3661573497642839,0.5505970808767945,0.45172403226088464,0.7343201349149028,0.6381459721198356,0.5264790570227544,,0.6588690566703694,1.27419367887554,0.9093250032217327,0.8167787885083676,1.2064938390527715,1.1383685745597896,0.6524923077269142,1.0268892996963621
883,expert-sweep-696,run_ba3ded573fa76a01a57ba39dfbc0a665,1.2358009815216067,0.1656129956460793,0.6292361696916924,0.6146464521554175,0.10419364674485018,0.38532615498191447,0.13175543215033436,0.6160113200359194,0.5159399500408083,0.10419364674484985,0.30075969025620936,0.6400156653008905,0.31959365377541776,0.503397716268131,0.43536626146417684,0.21114393359959763,0.8592871253075053,0.6019241500108423,0.35581779572263383,,0.6707973643443577,0.9106758596131048,0.8950732275754775,0.8142625328244135,1.2515292640727245,1.1950702441570797,0.77021763661738,1.1655061663777224
884,woven-sweep-697,run_eacf53608254d1e622a96bbacfa26547,0.05775362253189088,0.3216186641997012,0.3807722659119975,0.5242252615437883,0.1937303489405231,0.3512329719443176,0.19061664740417664,0.35549810879207616,0.17598990923255833,0.19373034894052277,0.19832228756934978,0.48046380971723623,0.3422886704003189,0.24500846023688663,0.526106121863288,0.3426778592519053,0.7621567054309368,0.6988069214663795,0.554964390108336,,0.7484073333204125,1.143515578897019,0.723352063997892,0.4400977843321131,0.965025575003108,0.7757075555221207,0.5876592527984829,0.8679743943917586
885,solar-sweep-698,run_7325e608e32967d821c88c81cc502145,0.37938743829727184,0.2760908506161861,0.5755258646493783,0.5775035243489228,0.13347966781308096,0.3825087078568826,0.18342076197456328,0.560537701706169,0.2549155392872156,0.13347966781308093,0.31486127620628446,0.49529636099351065,0.3057821014342393,0.21851035979950825,0.6155270807685557,0.3634369597210294,0.7871274862449318,0.6617193288575072,0.5305014899192078,,0.6997980302784443,1.0246464235330468,0.8607941097090585,0.6425166325687262,1.0618542533796598,0.8940892456785953,0.616585250025575,0.8756399526402189
886,toasty-sweep-699,run_b83f16ba11a6a5425179a48552d0977b,0.3704530000686646,0.2656916686099999,0.6283436283980516,0.4621076843172657,0.13753282690018986,0.3820327554138595,0.23164959523144468,0.6225638792892324,0.3543343308683504,0.13753282690018975,0.3501176328022917,0.41236073734600315,0.3177114696564569,0.25347912609477596,0.5469345081203397,0.3600189633387802,0.7660560473954553,0.6539377649861334,0.49322279664187646,,0.6772393680372326,1.0023415846786161,0.8239850059450478,0.7528612998411273,1.0070674818719136,0.9497545787307625,0.6567434638475749,0.8755258992902993
887,solar-sweep-700,run_cc8532745f2ba5df9747df6b474c8b90,0.48276960849761974,0.25694538763732533,0.5357696808076412,0.3089060915588751,0.2207164378756037,0.38421719376207325,0.19564197907350397,0.5235244496448882,0.11945687928177437,0.22071643787560363,0.29878970954145123,0.4120060819419222,0.27364013632767975,0.30131405037831627,0.39488675574351406,0.2131893890087917,0.7772552984497377,0.647269645672972,0.4888020619048794,,0.6691657709616561,0.8062254040704792,0.6696962419657119,0.5715099118646333,0.8853875700646292,0.8136594324909362,0.6598160628880513,0.8779381126064869
888,dauntless-sweep-701,run_2cc30d789b4cca0dc0d269acac4fdb32,0.17645180225372317,0.28945500393364815,0.6713652072165229,0.5138179210051194,0.116414597602038,0.3740204906694985,0.2586879809749809,0.6690141228332745,0.4214230949966615,0.11641459760203776,0.34590820416047796,0.37831706795447023,0.43522879487507043,0.3073656205769988,0.6364815458727545,0.4236015723449967,0.7601414934059446,0.6839555854835109,0.5251067817939459,,0.706244483934104,1.1802422342121335,0.8936018670018188,0.8319235500019536,1.1070437341026294,1.0578838903937473,0.6188212535382926,0.8999784865970191
889,fanciful-sweep-702,run_9831cfeb0306a331c9760d7125081580,0.05775362253189088,0.30886441855041863,0.7351002748374107,0.5510597779041873,0.11678753741692872,0.38523766131160375,0.30886441855041835,0.7351002748374105,0.5510597779041874,0.11678753741692849,0.3852376613116037,0.6505796555992559,0.6124895441011761,0.4636903659717566,0.5985951147672594,0.5447901686399295,0.7411380921619719,0.6689959143022959,0.5194637566228935,,0.6899431149416214,1.3160043802136918,0.9692453362984715,0.9692453362984713,1.3974414504172514,1.3974414504172514,0.6383480815958473,1.1920127342797278
890,wise-sweep-703,run_feeb9120a4d40c4489f19f3ecfcf9f59,0.5325463414192201,0.2533525701970412,0.6490843288252742,0.5209408156703681,0.11840880105177226,0.36802923001737187,0.19573935928943176,0.6401698005387902,0.31001904385032036,0.11840880105177182,0.3090350442906834,0.39586208037482457,0.39309655164985874,0.21150145260671063,0.6389271592302702,0.31990351929136973,0.7867692706922876,0.6367743000188923,0.5084681963956914,,0.6999396922907422,0.9545693910232098,0.8699869678238358,0.7377283225190548,1.0549132069681157,0.9487927212511811,0.6473050030722528,0.8803228481953721
891,sweet-sweep-704,run_272afa903d029320d3d58941d2d14e89,0.4617103934288026,0.2688719014512215,0.5151868078042942,0.34096901046175165,0.22149100518345363,0.3804558141537254,0.17564828316116674,0.4962801708890038,0.01875695595182198,0.22149100518345352,0.30934995419854633,0.4772500104211197,0.2911380497311011,0.1636714235545765,0.4639928518405851,0.27308199775537817,0.7768835458278593,0.6474544805630632,0.5109965182341287,,0.6778545473090081,0.8194101619905743,0.6737725227558929,0.5267809324488338,0.8906664267599906,0.7853759750133895,0.6428014472421117,0.8674739027274093
892,desert-sweep-705,run_a17c78b1f52b33e839b04492e613d282,1.0922142863273623,0.17862094238422643,0.5915535116601813,0.5442386169712857,0.08809166286896454,0.3840992022016587,0.13733685610535487,0.5782307001551062,0.4341206440283924,0.08809166286896442,0.29748064101306904,0.5916842239415486,0.24939506459063962,0.4237593248837383,0.43465946659035115,0.19587005598616,0.8501149216592067,0.6029554809048097,0.3993419773657811,,0.6668178776472081,0.8090949906921776,0.8234298211860798,0.7359842988939326,1.1268969584429371,1.0646750550040125,0.7354590043011279,1.0643119991510996
893,fine-sweep-706,run_8f003f4b4ab08b015fd84963c8e50ab3,0.2900445461273194,0.27005583986592285,0.6252415031701543,0.49736601291024657,0.13244527210672477,0.3697424993642009,0.2260041053448924,0.6181882500204087,0.3484431034056337,0.1324452721067247,0.33534477054229095,0.39865450176224426,0.4025724544098008,0.2815941427492045,0.5680719243928478,0.3923499892091913,0.7767638714034146,0.6623767002764656,0.5060940436243341,,0.7018250140919892,1.0688014944639035,0.8433445587246049,0.7447463758938272,1.0542842590050807,0.9772064359501954,0.6385663280900113,0.898917242812626
894,denim-sweep-707,run_e54d3f964352d63eb42213edb137cc26,0.5114868283271791,0.24933691760864943,0.5533647174072763,0.49068335270694724,0.17958486470891027,0.3711583980891745,0.19721287571465532,0.5402378296008051,0.36086859743278976,0.17958486470890997,0.29069612628923713,0.4298611052771575,0.32199489079891813,0.2804133277995935,0.37394802555947537,0.25015276271804465,0.790776449816823,0.6393538714234321,0.47667513182336047,,0.6804783745844534,0.8863564644051535,0.7804816215501474,0.6789521157582039,0.9880508466247557,0.9099829061201592,0.6691106348434583,0.9026638109501038
895,golden-sweep-708,run_0352e4dedc2eb0a409fd72de498497f7,0.3347161412239075,0.27556550997762813,0.6325015646684263,0.44073900032151964,0.1532397404666748,0.3716359450127439,0.21578430794699438,0.6251544259707743,0.27981599188781425,0.15323974046667477,0.3330479213155741,0.38084246700984786,0.41852776577050416,0.2848039246985708,0.5533684885424938,0.3863715335542007,0.7751602611450708,0.6673819799610055,0.5102204238326535,,0.7003344503599551,1.0182886174658086,0.8186851934667259,0.7181071738836571,1.0351643332941667,0.957599949929969,0.6333022095758701,0.8957630487893466
896,unique-sweep-709,run_530ef61aee48fb976312d1bdbeaf0a60,0.38959801197052013,0.2581652029736842,0.46558545810770374,0.3270002225904583,0.19750728667022938,0.3551354630809988,0.19109586057203168,0.44795232523333967,0.06516953973239724,0.19750728667022915,0.2832116346056491,0.3734722874108834,0.26986525439560904,0.23974374527769796,0.4400347416112633,0.30185566667500013,0.7809093865337858,0.6629950385375194,0.5214284389364632,,0.7015546669626954,0.8344396631068726,0.6247785498894894,0.4913511804388523,0.812486372067689,0.7149908047746877,0.624983023783943,0.8126436170990472
897,firm-sweep-710,run_1cf8c113f24b627c116da268c762fc9f,1.1024251580238345,0.1764657644475082,0.5235625459196168,0.5071896718027356,0.10495837827736232,0.39663421101514995,0.13398236393036791,0.5062232985931588,0.4022555833106619,0.10495837827736221,0.3073608397172348,0.6096866023159722,0.201387027475028,0.4695944407198119,0.3732860066199228,0.1939148860429516,0.8506332471553751,0.5740413612602759,0.3699673722546814,,0.6508869347542156,0.7361046227741033,0.7499995124633355,0.6603202678908993,1.0932944229845023,1.033835713651489,0.7750434186521534,1.110624026135664
898,dandy-sweep-711,run_2cd5956917f0d844227329aafd533e7e,0.5695596337318422,0.250820684582918,0.6415140548042125,0.4783370019538497,0.13095187355127227,0.36896200113686456,0.203309389759189,0.6275055103540236,0.3049736601291027,0.13095187355127183,0.3191089723812053,0.40039948171145784,0.34259569601619083,0.2371139418318807,0.5809099818110938,0.3261708386502167,0.7823393090305836,0.6141468306853172,0.49702922787191706,,0.6898335121188037,0.9086393557746689,0.8386045467108935,0.7267095753197826,1.0184164978332086,0.9284510671845521,0.6702525212773086,0.8849593321578477
899,unique-sweep-712,run_fc30fdef4358418fdd11a51793c4d894,0.5146777629852296,0.2536498361193471,0.4181882500204088,0.40001483936388593,0.20656931434810122,0.33170776041654215,0.1780469116377045,0.39712645242047445,0.1759453911408999,0.20656931434810097,0.21842629553537468,0.47606716398093935,0.20170599296472838,0.16889293277570264,0.42387066283455727,0.26181231792044507,0.7927743049914091,0.6746910410871624,0.532397607907561,,0.7347372415327035,0.7552687984469294,0.6318477059622984,0.4694325325534226,0.833715538112454,0.7184824128535366,0.6061521298414441,0.8144141940509377
900,lively-sweep-713,run_59948365e76b05af1c3848d4a352a40b,1.2051692605018618,0.16575394069544847,0.6079512367683473,0.51268518289516,0.14864069584831927,0.41078363138160945,0.12327054017830825,0.592179379030722,0.37783988326367074,0.14864069584831904,0.32905853098912835,0.6574660487422714,0.3000022359882261,0.4939339569432472,0.3723886044108351,0.2546921157550706,0.8610550948251361,0.6119552398848246,0.3574948738858724,,0.6417923488171123,0.8213070245062364,0.8123577856489571,0.713186525678779,1.1942189382909654,1.1291008462834893,0.7633460942520286,1.1614348713027995
901,stoic-sweep-714,run_6f677432fddfaecf3a2f361ed73bf762,0.48659861087799083,0.2398500344674712,0.5432800892541293,0.33433086835011006,0.12232343963620748,0.3489863488548041,0.19865820313000523,0.5377942256932162,0.21036776890163994,0.12232343963620701,0.31681292039476133,0.45982251698518467,0.42741705541857894,0.45053624067511616,0.48097442802760365,0.44281363486881853,0.8015358938563634,0.6552594843199462,0.5197057354062735,,0.6903428995744454,0.8188475873226482,0.6815118663279168,0.6106900269796963,1.0303219955415421,0.9849097926223536,0.623631786537834,0.9929862011787052
902,electric-sweep-715,run_7f02e4f94ed4818b3d7f2a8bae88f252,0.3761965036392213,0.2762522967636454,0.5459631554600125,0.44758983998219276,0.17372929979115373,0.371151222926717,0.2011106469890293,0.5263707855996081,0.18318700071723637,0.17372929979115354,0.3009350831162845,0.37775094841394113,0.3041176793155728,0.12948610712043332,0.5527456907474697,0.29684947654384436,0.7686055663600508,0.651742006079255,0.5214193115211666,,0.6990217123102526,0.9420951300410542,0.7581080156826783,0.5925109058041644,0.9092182121358182,0.776543087879866,0.6355049092132402,0.8098249708864592
903,robust-sweep-716,run_386c007f0018ffc447d1a4a3a330659b,0.4834076762199403,0.25500034595603027,0.5856377044273314,0.4456854549501645,0.14375477444927856,0.366488164569526,0.19346630003869567,0.5725108166208606,0.2350406845893202,0.14375477444927834,0.3062311502502938,0.3964120427701208,0.29162100162000787,0.1799844629611893,0.5381777642857862,0.3026083012291115,0.7889402189109258,0.6434573677636855,0.5163564514878562,,0.696315907755264,0.899152197678197,0.7788659846461037,0.6484149657516887,0.9387288986630853,0.8336796092967778,0.6368516010914835,0.8247179426684317
904,morning-sweep-717,run_6d25360c4479aedc15e9b3ba6f416177,0.4029992222785951,0.2693767409916893,0.6252306185202318,0.4460613855019414,0.12799704271021511,0.3832437633886538,0.20913426425402915,0.6149446243435199,0.27183241411718156,0.12799704271021475,0.33354858820706235,0.38038252010645923,0.32843098053991304,0.19364024305888106,0.5527298747485979,0.3391623941735366,0.7750750343861675,0.6484675894914774,0.5159003061280809,,0.6805067035809906,0.9727764463488338,0.8139090333436574,0.7041213623082614,0.9759622066818259,0.8864768508944235,0.639154746052317,0.8358068579008275
905,distinctive-sweep-718,run_a8c47786e4c5d1d7c1a2868b36807c11,0.6825143098831178,0.23695937963677177,0.6202019102560615,0.5473994014789899,0.11773259149730012,0.3740428133971445,0.19364568464698367,0.607956679093309,0.4246679692330524,0.11773259149729987,0.2996076780616219,0.4604976641554856,0.2997718473101841,0.2926245889601889,0.42640333854762336,0.24410550093419,0.7989218566205094,0.602736659671384,0.4705632237804763,,0.6852405923813545,0.8860551211148305,0.8604918720259175,0.7664547337769455,1.0620718765786081,0.9874225377849275,0.6917758895247179,0.930647242796245
906,fallen-sweep-719,run_c69681f94157c504652c8e9d4247325d,0.6965538859367372,0.23882241692570658,0.6282619935236332,0.4940370489451685,0.08413604188728858,0.3740683250858827,0.19103435727776163,0.6195433889357534,0.3395394850740731,0.08413604188728838,0.3254350739480212,0.44103847245133104,0.3214413787377719,0.21740276048484067,0.614340727904349,0.3211322743944171,0.7952280033584058,0.6393034160935958,0.49608676366192694,,0.6869193019177529,0.8549065927789042,0.8341593882843833,0.7318573620309441,1.020257486851456,0.9384661170081553,0.6526577556476637,0.8781034110060828
907,elated-sweep-720,run_eb930ecbe4867b4d5fd2149454e9bb2c,0.18474787473678592,0.29363210266949913,0.4331219897140058,0.42342146266663366,0.20796353550223112,0.3292586382976687,0.2049751039790068,0.41274592505918567,0.18941953354932897,0.20796353550223085,0.20848630381072877,0.3715849483161735,0.23111864175769722,0.12953974182975236,0.45442130972982087,0.2354290554124164,0.7651196019627063,0.6660749720261487,0.5372159049298133,,0.7368398315956375,1.0156359686259433,0.6731271831821101,0.4982506915140339,0.8132477788688125,0.6756667053293273,0.6171254688792437,0.7675386566393914
908,stoic-sweep-721,run_e2a63dd62fe762c7325945cb5c4ee5e1,0.6569877266883851,0.24614899685564415,0.5899099295218917,0.5709791506937401,0.13794019192876278,0.37827137580551157,0.19674647573310652,0.5764891561675147,0.44965745801696594,0.13794019192876242,0.28561132782759213,0.46933138779529554,0.2588666453386752,0.32524619821430467,0.4086334611583193,0.1948657757303965,0.7901240277538698,0.6045409123671434,0.45650338592761847,,0.6796661972405452,0.8897574585907498,0.8570882359060283,0.7571266422748645,1.061917711134024,0.9830105459932904,0.7041479838967184,0.9428114150334782
909,fanciful-sweep-722,run_4b43efddc699279b47459de200a73c91,0.331525206565857,0.2897958346893955,0.6919535225448314,0.5179581035292953,0.1250413922212132,0.3942711908457682,0.24560571775625722,0.6874472774769383,0.3802537531224495,0.12504139222121302,0.3657714455640355,0.34220451330339446,0.3946312999313695,0.22671583181687574,0.6408687129013663,0.4389913228843776,0.7531332254187937,0.6539494924777041,0.5097564345700252,,0.6822354378481041,1.092675076969675,0.9116259650630779,0.823103179843651,1.0748487151149884,1.000867975746993,0.6488704890762569,0.8632906647249315
910,jumping-sweep-723,run_52bd09ff14b3559b090508ffe93012e8,0.4151242971420289,0.26828762015565455,0.5786225475523143,0.42332748002868953,0.14395804713959262,0.3831050435811395,0.20495460288091685,0.5639282701570113,0.20212697549031772,0.1439580471395924,0.3215134490447865,0.3490524279354183,0.2743608473993,0.18846853749640843,0.4977968214011894,0.27947476228784307,0.7664937568829449,0.644994844691873,0.5001588273378469,,0.6784249076522532,0.9252512067957418,0.7654988275707256,0.6331483217581936,0.9047763904255366,0.7959325718957131,0.6560449860781385,0.8142646286174859
911,stilted-sweep-724,run_4d5999cf5c30354a68cf2eb4c9d68eaa,0.25877475738525396,0.28270245475023253,0.3594002557892732,0.3950931170083842,0.21158965801009155,0.3309679214431325,0.17776245890170456,0.3280524640126263,0.08806667820839444,0.21158965801009133,0.22326076055127572,0.4140590804807867,0.2599562799766489,0.11336313039406616,0.41206020829215034,0.2555191177630492,0.7803078563875568,0.6787166460395047,0.5513732802537266,,0.7409388447722671,0.9136093121559592,0.6043076971962239,0.3833714266220118,0.785532419350874,0.631543379120414,0.5939306063568678,0.7775776193590394
912,lemon-sweep-725,run_98afb0b47d2d172b076814979f7c3eb4,0.8458837866783144,0.2165761628607232,0.5701542899126508,0.548512353770435,0.12886341058788434,0.382084576031609,0.17307795798812456,0.5556559362159518,0.42239754655850403,0.12886341058788414,0.29093131216979307,0.5348994662866605,0.24685654800002496,0.36075684534261293,0.3870857260951445,0.1914109607714972,0.8165607665860646,0.6122905764942569,0.4321615376981152,,0.6758986478153111,0.8060356839205055,0.8202724857412057,0.719116948995091,1.072402931108384,0.9971611114147028,0.7116242468466185,0.9917712258811575
913,wise-sweep-726,run_a22f1e9f7e7cb20c5c0b550741e21987,0.47255903482437145,0.2644385389892446,0.5643201175542194,0.5884549748967425,0.12799458376638068,0.32987410778847936,0.2216322461771859,0.5556015129663392,0.4682808596938141,0.12799458376638062,0.2625567336109324,0.3704246431144845,0.29254054613326624,0.26728027328161413,0.5721321798909643,0.30625887040491145,0.7809640376261193,0.6682200505594292,0.522760713320044,,0.7287950027230318,0.971046046437826,0.8571255412481301,0.7596715456772141,1.0143457622052934,0.9334527246494836,0.6211376855533988,0.8246485046724878
914,different-sweep-727,run_c32ee8c6e63ce457882f0d2af5297c4a,-0.341097712516785,0.5102236413537901,1.1175868731121938,1.3702915935003586,0.0,0.5732787383194335,0.51022364135379,1.1175868731121938,1.3702915935003586,3.1808907468589196e-32,0.5732787383194335,1.0,1.0,1.0,1.0,1.0,,,,,,2.21928874747929,1.84038790323311,1.84038790323311,2.5272569387315498,2.5272569387315498,,
915,usual-sweep-728,run_4dd4dfb3273c442e3d2801c483b0a762,-0.027121901512146003,0.32724365298816316,0.5203134779177666,0.4358172779660179,0.19548111695064735,0.38220177035175035,0.2166299782432099,0.4978802144276038,0.08808151757228,0.19548111695064702,0.25977914849955386,0.3388096679251465,0.2610489678253729,0.10875352509870277,0.5415776615810489,0.2946753724324547,0.7387349011409623,0.6490567394694786,0.5446192725302093,,0.6977067366073618,1.2311142171393026,0.7534926831082229,0.5500650953568733,0.8732222554431739,0.7052215914403082,0.631499984912535,0.770427228781646
916,dry-sweep-729,run_f34927e988a93267a8b3accf38b7a83f,0.3149330615997315,0.27293368151031583,0.529576315001769,0.36733856008705756,0.1623845525869729,0.38424589441190377,0.21670429472378613,0.5091022884976463,0.1848885811094898,0.16238455258697257,0.33051827792912036,0.35418206643925476,0.3194519318877615,0.30046376996669105,0.42867513373417826,0.3379363313975136,0.759375836572747,0.6197471824529455,0.48209267989724897,,0.6612730232745702,0.9405877955974142,0.6999153417667455,0.5833778183389857,0.8986959639817353,0.8112352488437339,0.6860905082374719,0.8879713596339427
917,ancient-sweep-730,run_d9ba1f37ba3a46606c4cba55b567f5a5,0.6984683871269227,0.23084492713140944,0.6070151568750172,0.432107436994534,0.13984587340045704,0.3671331319504403,0.17945892476865777,0.5977087811913249,0.2678851433235224,0.13984587340045687,0.3224605704891945,0.4740922525354592,0.32020804908311945,0.24404388681373637,0.561263925685784,0.32971588034643773,0.8040483296281884,0.6546083070362672,0.5039314863445806,,0.6921076116650653,0.8038069117293196,0.7800471897034773,0.6791345542716892,0.9976611125363218,0.9209114073073071,0.63543406340088,0.8891740697034931
918,vibrant-sweep-731,run_7f2a331798ce44b61f20cc3f35d283b2,-0.341097712516785,0.5102236413537901,1.1175868731121938,1.3701976108624139,0.0,0.5732787383194335,0.51022364135379,1.1175868731121938,1.3699849133133828,3.1808907468589196e-32,0.5732787383194335,1.0,1.0,0.9998307952622673,1.0,1.0,,,0.4943546296631734,,,2.2192307194799534,1.8403179279575794,1.840159570758821,2.5271390335944828,2.5270237167486314,,
919,dandy-sweep-732,run_0b909c43b11bc3a57154d0e61f721c1c,0.2657943964004517,0.296338247617388,0.554817818171923,0.34366482823436306,0.18875672521138723,0.369473829392176,0.21510777171002224,0.5456094043375328,0.11959043355674828,0.18875672521138692,0.3038641438795464,0.3767126150699995,0.3683990207025348,0.238374570337026,0.4767621775708542,0.35317780153731365,0.7543135007203743,0.6954853426177637,0.515930270309837,,0.7006011044057303,0.9823371080659553,0.7167598499688383,0.5985506222116049,0.9209763032337899,0.8322953297602513,0.6224263295292108,0.8496276856847543
920,northern-sweep-733,run_a9a404e188594368d46ac7f8a5b3a4cf,0.24537324905395513,0.2978681420623592,0.5961794878772212,0.4590062572651052,0.15139717188673127,0.37506248370640183,0.24468316834220424,0.5909875098642138,0.2844112482378258,0.1513971718867309,0.32731895271328765,0.3389778650560092,0.3760257911923861,0.19147718928582824,0.5713319711941396,0.37713218801926046,0.7489738557317868,0.6931256780081057,0.5173084702292415,,0.7004540360726068,1.0656351435728129,0.8092231806057878,0.7000184624777277,0.9735538293727463,0.884867645733684,0.6246415672340303,0.8265240408924452
921,wandering-sweep-734,run_5e0a7ef8fd02128233eaba22418fe92c,0.23643910884857183,0.28531634475671597,0.5684453998748265,0.4124353869364133,0.12179968459947087,0.39393475545053236,0.21072822463053184,0.5500285722060466,0.18631316004253948,0.12179968459947067,0.3163712492834806,0.31636526964345935,0.2630875770974468,0.1679664570230608,0.4252019792187342,0.26155697556121615,0.7579510217564096,0.623492539691188,0.5085513413982855,,0.6648304853303418,1.0374287231093053,0.7580491657020496,0.6177786080012767,0.87872255312245,0.761029037716997,0.6647310430379961,0.7996137488330511
922,fancy-sweep-735,run_d7c275bc6c1e0845b5e5564101274882,0.5108487606048585,0.25797044254182866,0.4623037361560858,0.49534785942175935,0.1606903402850408,0.3297648858710687,0.2006801239291378,0.44231951889847326,0.33087329656468717,0.16069034028504087,0.24516972049553262,0.43655216803996993,0.2506486145210353,0.17721461332992786,0.4950544169060584,0.309824236188736,0.7873569058402591,0.6722990530542982,0.5386004225963422,,0.7249981302339745,0.8356812677686379,0.7250124105991715,0.5877041835127383,0.9002502641389283,0.7938537333021511,0.6045614659827503,0.8064131129331917
923,breezy-sweep-736,run_0ca8e8c5cbd77cb99495db32245cd09e,0.7163369655609132,0.23264133585155145,0.5712971781545076,0.4171641975613979,0.20648489060978534,0.41163747571406817,0.17212209428967518,0.5523905412392174,0.23907699156629447,0.20648489060978473,0.3212734797225924,0.5022146873053934,0.25338095506346425,0.36062914365375826,0.3241452416130999,0.23156432511258415,0.7977003619968464,0.584450836009956,0.43533536222045904,,0.6428010908169806,0.7621490343768329,0.7446666533699106,0.6260344505613165,1.0005015264494668,0.9156385821251635,0.7296933632613989,0.989407542003952
924,lunar-sweep-737,run_f0fb3b07e45f54286b9941a42d5ed4f1,0.23516267538070684,0.2895036940416121,0.4658412473808811,0.4240348230405857,0.18837886750882762,0.35213863689452596,0.2080887082514354,0.44595499197257077,0.2004105557341775,0.18837886750882724,0.23634586515318573,0.3662744485822307,0.21617539191397372,0.13627515457225256,0.3934911414800106,0.20535260563962443,0.7638729188054134,0.652716033921064,0.5194611366938399,,0.7118839857264807,0.9908530325145269,0.6932719435951346,0.5313578419640465,0.8246730729708859,0.6941187547702173,0.6381847308707462,0.7789348112798885
925,glad-sweep-738,run_ff5ece6475dcfe1fcf432df476954d3e,0.07626026868820192,0.29971067825320385,0.4473591118125663,0.3308782430193162,0.22997108282050696,0.3565593342087031,0.18319268725831123,0.4275708182535579,-0.05222466796923313,0.2299710828205066,0.25151495582890276,0.3257442208818973,0.3190028706381835,0.14490544754121037,0.46815895355040044,0.2637383188764329,0.7638456159969467,0.6880986435556744,0.5329335067545954,,0.7163290463754656,1.0783810448210183,0.6320103458680667,0.4680852285977791,0.7926580567462541,0.6693082241179392,0.6092638659466286,0.7746432572408449
926,devoted-sweep-739,run_2706b50af0d87f265900c325d5232322,0.3404593467712403,0.27369991005143207,0.5510843832485236,0.5215294437711768,0.14140566343943953,0.3296963232075846,0.21258101137042157,0.5372717624969385,0.3704449335938467,0.1414056634394394,0.24548861660476115,0.3671445621079177,0.29233457876024044,0.20464749012972358,0.5035157695969447,0.2721244614452396,0.7761059978939298,0.6439813198356689,0.5274063201037696,,0.7288462750783657,1.0053262313508475,0.8065969247045519,0.6863534672435098,0.9553710428852121,0.8562805104858598,0.6326314970683059,0.8138536979848547
927,peach-sweep-740,run_f76ceef588ae4a116a6e451bb3f9f5de,0.3391832113265992,0.28335336461459215,0.6248823097227139,0.4806469962654267,0.13200020327269033,0.3653170186083852,0.22763138000579125,0.6204740265041225,0.31487646229564986,0.1320002032726902,0.32146242566730954,0.3459322104902653,0.3595946369362393,0.20956272813374613,0.5890537755840303,0.34840959001533944,0.7617808803631726,0.6778699169083426,0.533739455644272,,0.7020278716503208,1.0286779205446168,0.8377282168232014,0.7320869137181755,0.9973377058211657,0.9104093493743617,0.6147479439706024,0.8190292844623617
928,visionary-sweep-741,run_20aec40d34d70b18c71a842f4ba3776a,-0.341097712516785,0.5102236413537901,1.1175868731121938,1.3702915935003586,0.0,0.5732787383194335,0.51022364135379,1.1175868731121938,1.3702915935003586,3.1808907468589196e-32,0.5732787383194335,1.0,1.0,1.0,1.0,1.0,,,,,,2.21928874747929,1.84038790323311,1.84038790323311,2.5272569387315498,2.5272569387315498,,
929,colorful-sweep-742,run_9918fe8c4197806d29aa15cbb24d8335,0.32705813646316534,0.2636594972618221,0.5926691882772321,0.47961813370266837,0.14141467956683249,0.3660090231654106,0.2095981015983166,0.5742523606084521,0.2970939579056715,0.14141467956683212,0.3162851473339887,0.37388506201240174,0.2828010818637785,0.1861496876629527,0.5618100994801951,0.3077491714589485,0.7823150443474044,0.6316935725486711,0.510815018569254,,0.6980223319128588,1.0169272700690308,0.806725883684155,0.6796778337433514,0.9514330502575242,0.8463924358111967,0.6498756115418033,0.8226521185733303
930,zesty-sweep-743,run_11bc4db4da7df8c9dd4d82a816e690ce,0.3200381994247437,0.28516002388377926,0.5190182045769952,0.4720253258476988,0.18443963948604797,0.39463154344919626,0.18875361011524164,0.4922746197175433,0.1363589147478546,0.1844396394860476,0.28803732997854636,0.36637773673017665,0.2652013206289032,0.1335985271738552,0.5059435296628294,0.27216125974736255,0.7631088981756999,0.6395640817022948,0.5210682679598317,,0.6753621171086612,0.9770035082667301,0.75730049791701,0.5445695365890395,0.892141803214722,0.7203949840737827,0.6445207904153569,0.798636339127829
931,brisk-sweep-744,run_9580e877a97850f82b77205b315e5615,0.903318524360657,0.20213057661901013,0.5802389180657979,0.6227141196547374,0.10315433315082506,0.38520736618122703,0.14917624025236823,0.5628996707393398,0.4799248138896443,0.10315433315082485,0.279502872855324,0.5280151660112429,0.25129840449450946,0.37922059402568936,0.40868010930320836,0.19068631534638958,0.8319741367401559,0.6068501581625075,0.39561596679933303,,0.6780148823177141,0.8566197432859829,0.8748181793149225,0.7546107718296229,1.1185106210637603,1.0272276181712903,0.7403239483151723,1.016778594887564
932,glamorous-sweep-745,run_a15dbf447dbe48a2f85e7c1627f9a24b,1.2785577774047854,0.1528279983496616,0.5234809110451989,0.5133084361783692,0.137886095164405,0.4138577898745701,0.11712533602581092,0.50320280823968,0.40529270645265025,0.13788609516440475,0.3226614750380084,0.6602615742183652,0.2161086590391396,0.5422103033979292,0.3852602654201682,0.1810365280265005,0.8701229307876929,0.5624658969138087,0.31586495900606965,,0.6223888247049756,0.7842909219373181,0.7489153570064901,0.6566533244134026,1.1565096298656756,1.0990149682670645,0.8224019083066278,1.2053983618697457
933,sunny-sweep-746,run_b20e957a2064037ba3a2e2067689ed3a,0.20963639020919805,0.29432401473003894,0.5474652371493102,0.5311997625701779,0.16096984023422262,0.39365811307577686,0.22250354284601345,0.5211134996870663,0.29920609403210296,0.1609698402342223,0.33374550655451085,0.3486038927975758,0.25420376199778705,0.18379423001202522,0.5638619749559034,0.3673733306214381,0.7612448854220262,0.6284487644702113,0.5261812532529262,,0.6864044955713072,1.0984379861071407,0.817629500011082,0.6407740575593533,0.9425723022461123,0.7940503375191286,0.6477333788912083,0.7996768571135382
934,dashing-sweep-747,run_9c2d08250ae73b1e34b5b5b2d9681d0f,0.5823227763175965,0.25218400760590737,0.5049443522272715,0.44988994138451255,0.1882928044746221,0.3761108546654898,0.1883435881534403,0.4843723638738469,0.26703435312739626,0.1882928044746219,0.2678663538295834,0.4768251484468595,0.20495095141619157,0.2680956485649522,0.3786109679669895,0.17024611278522492,0.7856677865089856,0.6202127078619263,0.47586917413418306,,0.6848185718368096,0.7948735883071091,0.7217801132598177,0.5842920843494442,0.9285520574284403,0.8262200864725162,0.6818282830979598,0.8978486504358882
935,lively-sweep-748,run_e1d6be6394fcf7eafefb2459cf686c03,0.3436502814292908,0.275662890193556,0.5023592478706904,0.3652610491430267,0.19809087600693753,0.36978953654031205,0.20471884025288106,0.48404038205121225,0.11230430588875441,0.19809087600693737,0.30339058315734274,0.36473328902375785,0.2467009501794053,0.20516468196958573,0.45492986264821117,0.27327093780688844,0.7645498881332364,0.6540322619048979,0.5181820456002812,,0.6865857917746035,0.9036456169373698,0.6795369577676662,0.5374171118711453,0.8353171581150034,0.7244317978948148,0.6381841208950926,0.8020369379472699
936,frosty-sweep-749,run_2878ee8778778aac5e48fd97f70beacd,0.40810465812683117,0.2775848681394997,0.527998040763014,0.4444537877476318,0.1847527450009672,0.3688798853887383,0.17891820830653218,0.5106587934365558,0.11387727846066356,0.18475274500096706,0.2890346775601578,0.4825957999058475,0.3840195114455705,0.11105534804031107,0.5636063048459921,0.3703852331374895,0.7811918189336198,0.6730793133034566,0.5320713247018648,,0.7070360712818902,0.909209104785007,0.7438914299229571,0.5529486080345136,0.9726651227934698,0.8357362889771631,0.6113193933272402,0.8754509593598028
937,bumbling-sweep-750,run_67dacd49980fe908eba81246cdbd5f17,0.4948946833610536,0.25884173921065645,0.5891207924025145,0.41710978656048275,0.10902465173158826,0.368232526287005,0.2029352447190451,0.5777572178834799,0.2200529270645266,0.10902465173158779,0.3173893251121914,0.3942912525242119,0.3238899496268753,0.19541721205929616,0.5779582990236826,0.29955096872784415,0.7804365237324181,0.6579160672138251,0.5079352718429454,,0.6885208819948849,0.8810080947315003,0.7668395712553543,0.6506991678766029,0.9415949798605211,0.8496867570644743,0.6382454338868687,0.8401877242217223
938,comic-sweep-751,run_fd0edd93affccd9f7e1e81ac8fd35258,0.24664968252182012,0.3004922826178877,0.5439222835995535,0.4322756164519082,0.19509588241658443,0.385995039571021,0.19149306934752694,0.5310892813409888,0.10610639823906214,0.1950958824165843,0.3029927602610801,0.4542161503005058,0.41510744754128986,0.10577424469771946,0.5305335845643396,0.4033786237099151,0.7616938991824584,0.6800193133808472,0.5229331711133606,,0.690105047491363,1.0248172324953875,0.7569737585200288,0.5744423279239537,0.9812359380533145,0.8484095020390334,0.6219085115353212,0.8812405413730738
939,divine-sweep-752,run_b1389c37e890f501f063b831b3362873,0.3972560167312623,0.2880532413517399,0.624947617622248,0.5615808868993148,0.13600336383516554,0.3891361662469197,0.230117138149212,0.6187760211162205,0.38800484752553627,0.13600336383516526,0.3343609760453215,0.3504733473739304,0.4025200028777016,0.23877257393395693,0.5976738704730447,0.38911096434054954,0.7514763866401272,0.6642312436855944,0.5130912375556061,,0.6818428054553234,1.0340371979135998,0.888204530024244,0.7657580709869923,1.0633783659426157,0.9634581907280249,0.641548740985049,0.8680155811151669
940,earthy-sweep-753,run_d09c9075db08bbb599c90664c2178eb9,0.563178062438965,0.24336341015265628,0.47965931045742743,0.379437588108723,0.1627755246566495,0.3730199541267947,0.18026103023143167,0.46134044463794954,0.20466450671481196,0.16277552465664907,0.2777624973392106,0.44948207286388103,0.20309410591346802,0.23039406612819122,0.3763248037593782,0.20951131844377802,0.7913892450267804,0.6192044582718493,0.4911362115006792,,0.6766920628167549,0.7515712491260137,0.6582337630199394,0.5359259325575274,0.8541864329110321,0.7639236745758957,0.6689290298203644,0.8624551132240433
941,classic-sweep-754,run_fe295388b69b2735cc81fcb81f74c99c,0.5248883366584779,0.2533320690989511,0.5934256714468423,0.4562807607647218,0.1386098442996764,0.36843821427745715,0.2012541546756598,0.5813763639826934,0.2812801424578933,0.13860984429967635,0.31294550783009545,0.37066591042670743,0.29477659367120496,0.2050454937266545,0.5706308260351319,0.3054142434942153,0.7807905500601131,0.6418170909801458,0.5043316010040211,,0.6917129824889157,0.8866099778478227,0.790267864341025,0.6764763335942244,0.943850310820837,0.8508527144809203,0.6496421638256786,0.8296776800942496
942,vague-sweep-755,run_e82806e8b8596e4c5abf315c45aaa3ec,0.29323548078536993,0.28042683286223513,0.4972652317069853,0.5470927212920139,0.1881223177021006,0.372031376188187,0.19250787370298514,0.47973006068192325,0.31082036950016084,0.1881223177021005,0.24109901166123343,0.436860047048987,0.27217140243917987,0.2141103981100149,0.39016332321215613,0.21515955665804998,0.7807500338693327,0.6554415777573483,0.49949380439907026,,0.7022071549570827,1.0227899305214099,0.7907100384745643,0.6031662413097593,0.9674655552197345,0.8213262142705083,0.6459856854618068,0.853267098518244
943,misty-sweep-756,run_9a4dd2c73f291b9e040ab592260cf7ac,0.5587109923362733,0.2563252294201008,0.6153800103404178,0.4659560260183511,0.11690474707303722,0.37124848624003154,0.201110646989029,0.6057797491088193,0.28068656790245633,0.11690474707303712,0.3215676613833555,0.4188450105278063,0.3585562830959114,0.16769445242580003,0.611551616865256,0.34141832326287913,0.7869171784816703,0.6624554818898046,0.528713745645772,,0.6966092063460582,0.8891251675631635,0.8133327723304,0.697280105957104,0.9968075937274137,0.9046074986034178,0.6176174577160967,0.8447286572868692
944,fallen-sweep-757,run_9f1f477ceee447547d24fea0272daff8,0.7635608315467837,0.22264961316990536,0.5613594927753137,0.5163109341379565,0.13221085279450773,0.37854961266081333,0.16720439338532053,0.5447059783939701,0.37416961392921655,0.1322108527945074,0.28669318287814916,0.5056208619193683,0.24055878757796414,0.3260779618810459,0.39844471775413154,0.20786367352650004,0.812213375992493,0.6003830632055092,0.45147959976395935,,0.6846757111152493,0.7985016851693021,0.7945277283292731,0.681663268816374,1.025242476001476,0.9404853191661132,0.7041534930711166,0.9569116810436671
945,mild-sweep-758,run_d5c5ce239f235d85f1206ec2734e517a,0.5344608426094056,0.26290095663248964,0.6407521293096412,0.528464373160537,0.10686569904494622,0.3907952232551799,0.2063948050217439,0.6293885547906067,0.35408206168228906,0.10686569904494642,0.3399807227301972,0.3969952475193959,0.3654312698602766,0.20849450350647558,0.6285072147384804,0.3539828616622526,0.777048155641458,0.6453540870797566,0.5201920925652683,,0.6717131628315827,0.9521368556981412,0.871180117950976,0.7510678230669668,1.0457389709914082,0.9480074221142181,0.636943385624503,0.8604138969286217
946,glowing-sweep-759,run_b21417f27e59277248a9f1d4e2db251c,0.4068282246589662,0.2706324332497059,0.6271898555062723,0.4712586253802586,0.1322813425177618,0.40252820835396197,0.21975383306468363,0.6158262809872378,0.3142532090124398,0.13228134251776155,0.34390713107507104,0.34756446102051,0.32215822072411343,0.26617246113079845,0.46729905491691665,0.30562607857085217,0.7643566046965466,0.6214416813191906,0.4758313043044196,,0.6564862655200636,0.9835164268615464,0.8298757261011591,0.725457672697594,0.9920324962323345,0.9064897063314287,0.6881765993840439,0.8769388717287069
947,glowing-sweep-760,run_357ac12cbf0bfd5bec39ed916722fa4b,0.39470314979553234,0.2729798089810186,0.5138316688889494,0.3831622684440927,0.17497762361110658,0.3586241865159564,0.18792075300533276,0.49815777300062586,0.10714020725644872,0.17497762361110658,0.28578193724602924,0.42911432792498694,0.3611703868725364,0.11572986836084238,0.5412759658415224,0.3365530617760338,0.7808986373186357,0.6735900734281237,0.5282047207567504,,0.7114130760644831,0.8816011483544447,0.6966737285298903,0.5430970449394741,0.9018485689065143,0.7892597528298132,0.614116953690178,0.8397119684896083
948,pretty-sweep-761,run_0891b84828cd77dc44622ab3db2a5f8e,0.4368218779563905,0.263380169800345,0.43001442216114755,0.43415032275616444,0.20974954837398244,0.35175755604399817,0.18348739054335583,0.40758115867098454,0.2003017337323476,0.20974954837398227,0.23124352740553286,0.4360855184671424,0.2033097791940901,0.15669678298162162,0.3936561368902196,0.2078744404065568,0.7838968208188812,0.6544780185229478,0.5240069370426238,,0.7142273262895177,0.8310045145271079,0.6654081603496653,0.4898069088203805,0.8359589388178233,0.7042514717468982,0.6266222304702889,0.805428300501699
949,rich-sweep-762,run_d4a206862f432428fa3de69a793c8b9b,0.3487557172775269,0.28098548778518945,0.5394269231815831,0.3955382979249621,0.19509670206452925,0.3840601374282783,0.1799663269463869,0.5237530272932597,0.07160982365889262,0.19509670206452887,0.30849132642444926,0.4159127296551066,0.4217487929134669,0.08828656258979024,0.5394706298540815,0.3852111609008717,0.7724923005303768,0.6733535111668157,0.5190213729766211,,0.6854838963213657,0.9335689938923819,0.7255238072760993,0.5584201637457995,0.940762858042055,0.8188302873153476,0.6243381468709907,0.8651289393988343
950,azure-sweep-763,run_b3786931d327b557ab7ad734e7726f31,-0.06541162729263307,0.3288683650118009,0.4529483795477428,0.5287512675289986,0.19089354740351927,0.38906521186261644,0.19666703397800728,0.4335519333859427,0.11249227116464296,0.19089354740351905,0.2681780747763542,0.3910939778544275,0.31200976809064773,0.1854922368014984,0.5238651160710651,0.3485088636305876,0.7547204272251868,0.6878131250353301,0.5307441667828255,,0.7046160491372231,1.2727301650463012,0.7699964538580576,0.48918269825104727,0.9368065455394652,0.7238865084250277,0.6146736945153469,0.813962969391574
951,treasured-sweep-764,run_93286146d1aff31b4bd237086bdfa397,0.01563489437103272,0.35579399471584194,0.6193420229121881,0.6415502188806171,0.22223606516529024,0.4155535199353916,0.223823301035562,0.600925195243408,0.2619048796774914,0.22223606516529,0.31378101563627353,0.4794913367791711,0.3829652586674081,0.28825272164224364,0.5474001939780981,0.4094763280933044,0.7204726395881241,0.6341711885623329,0.525107713403833,,0.6627460494087677,1.328211536567371,0.9600836376933968,0.6926775053108518,1.1753401866239483,0.9692605889492759,0.6614294734627895,0.9471815619467553
952,deep-sweep-765,run_5548e619b4ac5636d07a674d5a72bc0c,0.4604339599609376,0.26047157650881675,0.3703665405861385,0.3649642618653081,0.21349697877767543,0.31968617433890845,0.18818982991776503,0.34685569675365324,0.1490020527786712,0.213496978777675,0.22769421370982193,0.4528296422074763,0.22394492258533596,0.19751024273962692,0.39883423314676714,0.22996269088800103,0.7851121836262489,0.6877124537351591,0.546037389453017,,0.7441026754140172,0.749334236764922,0.5815631771300701,0.4218126339824324,0.7952559576602937,0.6871260491261898,0.5914239908497336,0.8024952623867603
953,stellar-sweep-766,run_9dbcf1759449753ec32e0012c81abe5d,0.3666239976882935,0.2895933863457561,0.562028898745544,0.49007493878762404,0.17165231189899316,0.3973804279107442,0.21020800926649624,0.5417507959400256,0.2367323720723178,0.17165231189899313,0.33913245907964956,0.4007114364528377,0.3274070047610272,0.15839713096872376,0.5781538316227038,0.37393196629872555,0.7571790517575139,0.6467851701260544,0.5210417741654667,,0.673242700886735,0.9783736959654941,0.7999464094975517,0.6274739421270185,0.9657996227157223,0.8286001455576917,0.6427470039158676,0.8402251866092989
954,ruby-sweep-767,run_cce7f9ae224c3231b1d855350deefce9,0.5874282121658326,0.2539522273161756,0.6200331981822634,0.6345114139440553,0.09167926192341867,0.370859432986773,0.19882989982650948,0.6077879670195108,0.4884030371231419,0.09167926192341841,0.2960798898532839,0.4215822771667466,0.32832185824849697,0.309525056135534,0.6017782362209861,0.24604351240315733,0.7872445409218061,0.6249561114205611,0.495701872809134,,0.6919894633259409,0.978397353527743,0.9227879686213171,0.8046595979604287,1.1103469072469234,1.0143025623503028,0.6635053917012088,0.9064061033648911
955,devout-sweep-768,run_be94de11425c7650fe880c6c28c90db6,0.42980223894119274,0.2608431589116992,0.5871125744918229,0.3875200949719291,0.1482857882882145,0.36611346164118286,0.20461377212516918,0.5762388092192983,0.1898696609205351,0.14828578828821448,0.31171137988738185,0.34090426994907547,0.28372494771494533,0.20318934967914948,0.49515167858234693,0.2902216123393528,0.7723697463292922,0.6418147975410452,0.5112144599082374,,0.6849733563151095,0.9055376777638497,0.7502747181429633,0.6402877861804366,0.8949377809283164,0.8049657931739961,0.6473202266649399,0.810570758723719
956,brisk-sweep-769,run_fd3784a07b16e7a1bd4d14e31d3b2e38,0.5663689970970155,0.2668474180148274,0.6960352662657487,0.6069596616625034,0.07269867446534367,0.3971444447899152,0.2249175471461188,0.6899616316090235,0.46948284816857533,0.07269867446534348,0.3562460187813862,0.38745686575923033,0.4294602515837571,0.2839004352499228,0.7007757348190777,0.42662009599189776,0.774808648983812,0.6401844196874547,0.5127022192684904,,0.6766612561186586,1.0202455437049165,0.9612869848657436,0.8643200222320955,1.1572515089304132,1.078057275139283,0.6462488092940708,0.9125765234562251
957,comic-sweep-770,run_18369267e5c710c321a6bf4f2afa67cb,0.14007657766342166,0.29680721023619827,0.4552504830063404,0.4554250241139665,0.17441944336068776,0.36987803021062293,0.1926513813896157,0.4337968380091976,0.1080899265451486,0.17441944336068754,0.2739317578271059,0.3987788727452255,0.3289388315983884,0.10649277953367602,0.5406146567857982,0.35218794763777517,0.7686546663250731,0.686187704503739,0.5361550114757001,,0.713007317961651,1.0743059374078534,0.7090553398112929,0.4868035370030099,0.883926202399828,0.7180137463953699,0.605929858644467,0.8035652120213876
958,playful-sweep-771,run_638c83888dbd2996d943c716f44ca399,0.3264197707176209,0.2737332243358285,0.49738496285613204,0.4802957979867929,0.15952316161162464,0.3110552511426446,0.20707902917049978,0.4833764184059429,0.3046768728513836,0.15952316161162433,0.24046600288441547,0.35236126721270117,0.3073778242890288,0.1942879034575232,0.5018806667789129,0.37215769762853457,0.7770092845692312,0.6679077681570864,0.5449540395436935,,0.7321602200700434,0.9652907231084678,0.7436435523451104,0.6077519913942299,0.8996627767506958,0.7910435272284134,0.6058687446521203,0.7895975650118569
959,unique-sweep-772,run_9542520e6125e22d5b88c3adf20426c1,0.2632418274879456,0.3068373724767633,0.6313260224768025,0.5339351519798183,0.14913002567137365,0.3883692211042256,0.2403215597235426,0.6232931508340365,0.3644547770385579,0.1491300256713737,0.33379493545144134,0.3891469060840011,0.3644582301290809,0.20548308484713038,0.6066555147533493,0.3958379062600887,0.7453371621926718,0.6780710787676705,0.5142006043304496,,0.6920538942278351,1.107461917150831,0.8819345022871798,0.7609704911826753,1.0508553090251775,0.9516115292663638,0.635997204489763,0.8549741857510429
960,iconic-sweep-773,run_e273c7e32e9be0e2b2ec1169cd288416,0.11901736259460452,0.29017254236680057,0.6241040572532586,0.4207553236217941,0.15027999173794876,0.34573440578094866,0.24229222777745027,0.6205774306783861,0.291138426532783,0.15027999173794845,0.2977038682895289,0.3411811501966411,0.37741812336834357,0.3084359735657504,0.6030563081472232,0.33173954116273413,0.7571196741387727,0.6704770580797696,0.5367451326905632,,0.724764713819136,1.1587369520498714,0.8066852056283615,0.7270374505572128,1.0023586124065127,0.9394494246092064,0.6182081316418471,0.8579994527468772
961,vocal-sweep-774,run_b70580fed9b03b461f67de0a3f336057,0.3366306424140931,0.28279470969163784,0.5683528803504858,0.4447950931170084,0.17478172775229583,0.37940664595436435,0.1914623177003919,0.5528749081607663,0.1279103702421288,0.17478172775229542,0.3121466730764785,0.4025170342700859,0.3611160643221054,0.11069459076929615,0.5695763942786191,0.3716485034092134,0.7679187518059555,0.6602253653334467,0.5287010467449635,,0.6923712388280392,0.9802686244329157,0.7751390322343725,0.5989069593755444,0.9515874035042151,0.8144738259779221,0.6256446367271029,0.8343316359098718
962,playful-sweep-775,run_e71b10a46a60a00bfe024a995f822266,0.7552647590637209,0.22863849644946604,0.6062477890554845,0.47706081665965916,0.13030435167486862,0.40473576667009475,0.1722707272508281,0.5941005197420338,0.3031484183711328,0.1303043516748684,0.33268278527050765,0.47522029714460806,0.29061676286032917,0.328504932477732,0.3928712131411635,0.26128931032245445,0.8006735296934915,0.6178245166990725,0.4358125258469439,,0.6502040136271042,0.8093322819971922,0.8046110654131701,0.6888625367852452,1.0322823697618506,0.9448489397369448,0.7099976392864658,0.9603668945398837
963,silvery-sweep-776,run_a63cb42b89d1d41f0c12d56392166b37,0.11454999446868899,0.2992622167324837,0.7082532858036954,0.5517869067345978,0.10968692727099859,0.3803123109045727,0.27093994972105695,0.706685896214863,0.48562312962184406,0.1096869272709983,0.36297711840692265,0.40105843450025286,0.4955716756995199,0.2957575370600943,0.6136717638521098,0.44277272943691875,0.7535300649898568,0.6794555701053404,0.5092432178805822,,0.7003708447376473,1.260996914980709,0.9463875430599806,0.8992459264781616,1.1787964438470213,1.1412952775924574,0.6358760725146074,0.9477605467436798
964,clean-sweep-777,run_7c76a9c744c0d79c2259e39f802256c4,0.18730044364929202,0.2973556146101075,0.46832294756319903,0.24561620458536343,0.2585669603192038,0.3815536140097438,0.19389169782406468,0.44402840893629775,-0.09745504909356241,0.25856696031920334,0.2637661471051808,0.3679391666536153,0.2428016323853107,0.17229043620768544,0.34309834117045374,0.18090086241010894,0.7550033717170423,0.6505221412082701,0.5230062020099387,,0.6826894715563545,0.9696052145393195,0.6066910784817564,0.4942192883947642,0.7694737956322618,0.6843015143025698,0.6400634382439395,0.7960509169845962
965,driven-sweep-778,run_72b0f7e20f4f4d9d2f06a0729e1db1a6,0.5536055564880372,0.2509872560048998,0.48140629676998037,0.5074864590804538,0.1668901573396195,0.34933713457495535,0.1708177119236949,0.46103023211515953,0.28255632775208384,0.16689015733961918,0.2415231434865072,0.4696777435576223,0.2148819028865728,0.18658515042194757,0.507889356860877,0.24625031718069001,0.7965994994198895,0.6632150937038223,0.5073478966699017,,0.7163589072949438,0.8297966786618023,0.743161578256487,0.56706758325948,0.9240533343569447,0.7893991875618205,0.6304775425506722,0.8361144449178293
966,fresh-sweep-779,run_90ad5f39ad9b651135698606fae93aa2,0.27664333581924444,0.2876252809291098,0.4608887316661679,0.30507258922167535,0.2459222514745467,0.3508718221006164,0.17070239324693814,0.440218781463441,-0.06883486261222226,0.24592225147454658,0.26200025990032905,0.4484529742337792,0.4253499576008104,0.09789249646159903,0.43155245670636094,0.31764087753582265,0.7767709173243154,0.6847478311715904,0.5280219831862716,,0.711027110843767,0.9103475002909474,0.6230698274678491,0.47714790256715234,0.883080747890267,0.7869470873685541,0.6099003210842439,0.8738386573345688
967,skilled-sweep-780,run_7826f5c88cfb1a1017ffd258228ba2f2,-0.04116147756576539,0.3530314717482055,0.7368635881248472,0.8180050948482673,0.08141972859817252,0.4094689821713157,0.26409770823349715,0.7322593812076518,0.5910568100314101,0.08141972859817247,0.3250316703698477,0.4909279260838204,0.5673150503434012,0.4768195894390705,0.806427182513333,0.4762559522174312,0.7298200643038644,0.6281523352695463,0.5358383576846216,,0.6940367983691853,1.515294527499151,1.1561710525465734,0.9773942671948229,1.4584049569905446,1.3211786667113747,0.653233429652195,1.1031443375384338
968,solar-sweep-781,run_20fecfdf5be9433f76e7e742228e57df,0.35577535629272466,0.2680877344492764,0.5021034585975129,0.3413696732866716,0.19804825431380718,0.36383096273938137,0.18279804112007733,0.48740918120220966,0.06837978878638742,0.1980482543138073,0.29569562004166366,0.41438974299301073,0.3367448066873429,0.1493360576360289,0.46197972022374323,0.2993598068704392,0.781129960832714,0.6658718739084136,0.5272160743822855,,0.6946050719255144,0.8852494160038735,0.6637109087076836,0.5250320269012329,0.8648290885351625,0.7635940094782029,0.6189267638526071,0.8309557876638455
969,pious-sweep-782,run_652ae475f44de2a6f62693deea976fa8,0.2798339724540711,0.2746403979263139,0.6371220985605052,0.4553805060223087,0.13212069152057812,0.37716400906621644,0.22786714263382737,0.6320280823968001,0.33980164716939176,0.13212069152057782,0.33692569800378974,0.3804276952310108,0.39579173535885354,0.3495610254445616,0.46913172600397185,0.3785709225647076,0.7688407874016935,0.6368736396082741,0.4897870207685843,,0.6738129774282349,1.0639243774679474,0.8298935605922002,0.75289314716586,1.0546528156219965,0.9951971315454633,0.6675422229017484,0.9322992325126158
970,toasty-sweep-783,run_34d5c51a9e4ce284ea2fc97437ebd7b0,0.19368231296539312,0.28278445914259276,0.4466951481672972,0.4103727153562684,0.22009760367726858,0.3547527877499248,0.18979147820605127,0.42710277830689286,0.16888185393119506,0.2200976036772688,0.2335595103988034,0.37405688709504464,0.270065716890312,0.09914695271844957,0.3308011516573055,0.24850661717614084,0.7817560983337573,0.6529540925602547,0.5160928664284411,,0.7172922798273921,1.0090047241365716,0.6692603164969885,0.4969493626360159,0.8188977565567735,0.6853049200760272,0.6342218668625542,0.7905197915692503
971,proud-sweep-784,run_8a0775ba394abe2fd57154bbad8e4b5c,0.4948946833610536,0.2519123680562139,0.474799314267055,0.45987683327974666,0.16501972072955223,0.3553148421424397,0.17880032699251444,0.45442324961223457,0.27139217965523244,0.1650197207295521,0.2542024527894242,0.4164715978044445,0.2321075804267272,0.16855686449786625,0.4348840172882924,0.2054953435664865,0.7909198338253262,0.6374457869801538,0.5239089471211396,,0.7011563196715567,0.831896911589894,0.707376089358103,0.5586803754373258,0.8695486582326786,0.7535633345230379,0.6338949155004883,0.8108986996758965
972,fancy-sweep-785,run_438eb6bc44b1c97292f8a90eea2608e5,1.0966816544532778,0.1790284017087665,0.5369343383493428,0.5283951227957363,0.12880439593585763,0.38941599758276746,0.14609338762707463,0.5237094886935699,0.4273934657334363,0.12880439593585755,0.3024530285962115,0.6009988028070633,0.2266309790139817,0.4724530430248273,0.3898414096596718,0.19830953593338121,0.8459536994546846,0.6030693737007331,0.37909558809010974,,0.6611626861926835,0.7595045962999768,0.7743068242701747,0.6915779645185878,1.1114513473828451,1.0554871484274224,0.7528655082650505,1.0966218641915595
973,fearless-sweep-786,run_97ae6d4fdc192330a5440edb26cdb965,-0.341097712516785,0.5102236413537901,1.1175868731121938,1.3702915935003586,0.0,0.5732787383194335,0.51022364135379,1.1175868731121938,1.3702915935003586,3.1808907468589196e-32,0.5732787383194335,1.0,1.0,1.0,1.0,1.0,,,,,,2.21928874747929,1.84038790323311,1.84038790323311,2.5272569387315498,2.5272569387315498,,
974,northern-sweep-787,run_a9abe9f4f14f8a652feead4cf6bc7f69,0.1534780859947205,0.30825194824497787,0.4866254864077936,0.33163999703212726,0.24282808048287102,0.36635263372310417,0.19450160549224413,0.46830662058831546,-0.02633987089753409,0.24282808048287116,0.2724297571526404,0.3905424276887987,0.42532682194689936,0.0963711436750417,0.4307758007316374,0.3156463095578508,0.7526854467349521,0.6765484691193702,0.5235885402065521,,0.6963943926258959,1.0312074488405585,0.6646869302535711,0.5077752989510299,0.8857326943698427,0.7749512532092282,0.6267002952833494,0.8575936979327582
975,hearty-sweep-788,run_8127741497e0ceaabf89808ddfec7451,0.42342066764831554,0.2731207540303877,0.6487142507279111,0.5266688101303391,0.12526761505398204,0.38925176608651496,0.2332204918725957,0.6427385779204876,0.38804441916256494,0.12526761505398198,0.3508215959634131,0.3197620556577912,0.35242499713651965,0.23071630005640156,0.6152176742987764,0.3930776462533694,0.7645379193373417,0.6646451061784789,0.5079201992114176,,0.6848612566827689,1.0152112790728325,0.8790933744169102,0.7861826432959192,1.0259075606021224,0.9475042535929041,0.6403497689420703,0.8304992405421275
976,sunny-sweep-789,run_8316b30a4a5c7c5750410458d7b93083,0.05201011896133424,0.31158593932187495,0.33148657106315804,0.3332426483318084,0.26310617063758773,0.34528874846830215,0.1897632891961776,0.3028817110669678,0.011287809462568068,0.26310617063758773,0.23331794659606286,0.40151089739283014,0.24955208185095903,0.08873756238759596,0.3466152253825759,0.28468120915992684,0.7638010472700818,0.6866274706894527,0.5431161710501974,,0.7387703818742938,1.0581204203747847,0.5639324490091899,0.35759593323731964,0.7412026742432455,0.5993633695244527,0.6022749542800468,0.7707766977619838
977,fearless-sweep-790,run_edc1c89140efcef1be78d7bc6a72df8c,0.30663698911666876,0.28295103056457455,0.5509755367492992,0.5453565157173595,0.12869374346330767,0.3150302911441753,0.2414363069321901,0.5406895425725873,0.4324487423639101,0.1286937434633074,0.2546010729259597,0.3564046712161031,0.3574319365520968,0.2548917196096585,0.5831610971454247,0.38347365381796034,0.7668953271865998,0.6746424529695282,0.5476978750819113,,0.7405405186962473,1.0400673229136446,0.8252569642415094,0.7332452430971073,1.0004002822304285,0.9259590996270545,0.6039640172249887,0.8273597777026364
978,hopeful-sweep-791,run_582aa34e71ebc01c0255565b4151f2ca,0.48532217741012584,0.2597463501638806,0.6362676535415932,0.501679321346425,0.12919864659731356,0.3674392722152995,0.2173090771174431,0.6263735067620888,0.3473895085697329,0.12919864659731337,0.3240725903213437,0.34519222296050006,0.34782612405571367,0.22080473347593346,0.6232431228076859,0.3495979975879999,0.7756453654279989,0.6495328161443894,0.50222644465693,,0.7007329599013792,0.959902041604136,0.8508741592229675,0.7484961426990735,1.006420512771278,0.9214889523639457,0.6487994770439468,0.8425177595195897
979,crisp-sweep-792,run_253f478e69e256f5b3cb9031baf0e9d3,0.7520741224288943,0.22744174484845844,0.427233394105962,0.3812974550490936,0.22546301912402594,0.36924821039489697,0.15442195872616424,0.40039184739720807,0.16849603047016048,0.22546301912402578,0.2511051743285444,0.562402718926203,0.19513940138008637,0.2524302695569815,0.34559876816357377,0.19861700118297176,0.8122896088662881,0.6311904762235486,0.4723141193322093,,0.7012656918792128,0.6240058998403931,0.6161540956334925,0.46103219527835104,0.8931646627476377,0.7941334461526917,0.6706027471043686,0.9315606741587475
980,ruby-sweep-793,run_ee23cb40080d0fdd2cda11e06583f257,0.07689863443374635,0.36421738339359805,0.6839859588016003,0.8319689362649323,0.14333429505358858,0.44691057435580994,0.267903224566466,0.6727203461318678,0.5344001187149111,0.14333429505358838,0.37079645100520037,0.5247962193284427,0.4995019323588859,0.4883457310389597,0.6800082943853409,0.5364777623406694,0.7124521899318421,0.6486184696352835,0.5221010576762518,,0.6526039629377949,1.4184940020521164,1.1369535633057433,0.8999490478440441,1.43389616443775,1.2543137940687192,0.6591965731332352,1.0945021367298762
981,colorful-sweep-794,run_06bbf46f8281d915c72701248e6879f2,0.4138481616973878,0.27952222190901094,0.6502326593920924,0.5148467835678777,0.12140871252979422,0.3831999151736349,0.21886459793502674,0.6426895969958366,0.3322978754977374,0.12140871252979375,0.336518308224251,0.39845576054092174,0.4311141721402378,0.1908695420830273,0.6710302840307968,0.42498907507472933,0.7704792105496809,0.6792394728370064,0.5245319743034318,,0.6994380721912987,1.0156001671109716,0.8752156273920457,0.7558925243553091,1.0710088697366813,0.9759257722796509,0.6177677168933091,0.8733238555421254
982,summer-sweep-795,run_19ef41757377400e1aad183a6a1a05ab,0.5070197582244874,0.2600948688314118,0.6705978393969904,0.5466425939208072,0.11413351737161856,0.37984114190318785,0.21023107300184757,0.6656997469318894,0.3798036257512431,0.1141335173716185,0.3280077683092206,0.33608423328546905,0.4112018278662865,0.23259479189945612,0.6550959039491001,0.3659706491039523,0.77707126358461,0.6523962382634134,0.5001212414235574,,0.6998682629307557,0.9957655881147043,0.9034206819000822,0.7947352082640357,1.0734564829592383,0.983739774318843,0.6483859729891706,0.8697955290132972
983,vital-sweep-796,run_6a9fd03f77c404267bdcba644eaa9405,0.3998085856437684,0.2756398264582046,0.6714413997659802,0.47845571686493665,0.13818772560809686,0.38239789145892583,0.24247417502299948,0.6671310783966912,0.3646823139514748,0.1381877256080965,0.3523770117361743,0.32876377372636517,0.36694288248787643,0.26354052932350025,0.5926045854249115,0.3916182400767611,0.7565038582759265,0.6561023528010151,0.5006673027062094,,0.6821934489964201,1.0197956462877122,0.8693277519154374,0.7980293173968098,1.0334007203257463,0.9741853519450193,0.6533675117192466,0.8596949539747355
984,trim-sweep-797,run_814720730cb112c8d4c5745745b0b935,0.09668141603469851,0.31815910389700247,0.4438052736128875,0.5438181683278505,0.1732604611667197,0.3461601320867683,0.21543322664220196,0.4263680644371277,0.2585610763485273,0.17326046116671953,0.19220984639571656,0.4658346351868426,0.4153347816605857,0.24608179293171148,0.5633449938220022,0.33476197034564875,0.7573680718570249,0.7143128250483486,0.5499526257268239,,0.7395349560366914,1.1439780527733676,0.7706662938539688,0.5431896829983446,1.021757149958738,0.8632011171940366,0.5856876757935184,0.890556674550028
985,northern-sweep-798,run_43e7c14a1f66fc8f33b0bb1f91ca9cd9,0.3040841221809388,0.2834430569187362,0.5460066940597024,0.5648406004995918,0.13915409053503341,0.37289399016364955,0.21549729257373337,0.5281776374867344,0.3914426334924436,0.13915409053503328,0.27724907460335313,0.37645818225387656,0.21558612358715026,0.23981249135353147,0.4244467004723263,0.2013159360264293,0.7689550128571861,0.6276443479113326,0.498033160661341,,0.6932974058234808,1.0495080385263467,0.8351695519151683,0.6918367113439247,0.9711932614699288,0.8510853105544659,0.6663341695589704,0.8304874449383671
986,fresh-sweep-799,run_35c5af3b157154fd085e1db555a3d2de,-0.341097712516785,0.5102236413537901,1.1175868731121938,1.3702915935003586,0.0,0.5732787383194335,0.51022364135379,1.1175868731121938,1.3702915935003586,3.1808907468589196e-32,0.5732787383194335,1.0,1.0,1.0,1.0,1.0,,,,,,2.21928874747929,1.84038790323311,1.84038790323311,2.5272569387315498,2.5272569387315498,,
987,fiery-sweep-800,run_9128afcb7106b7f39470cd784ef75ca6,0.5165922641754152,0.2598949831250337,0.5686848621731204,0.5664481982539016,0.13589844889822927,0.3285459054935435,0.21990246602583624,0.5593784864894285,0.4492518487374172,0.13589844889822913,0.2601522569473512,0.40492017311185036,0.2447289096636628,0.24366908235694748,0.5714137777165282,0.2988570151275293,0.780285275500954,0.6516134922203776,0.5225940426761484,,0.7259620521503952,0.9369893664417991,0.8436891821183403,0.7503923036022124,0.9975162372303956,0.9199542471341756,0.6305268963754647,0.8251008269100503
988,decent-sweep-801,run_5258e81531c2853d9d3e8da00e75d056,0.5370134115219117,0.2727619848138116,0.6750115649405429,0.6066480350208988,0.08022140330285338,0.39231954665729113,0.23203142818337189,0.6688399684345151,0.4705512823683616,0.0802214033028531,0.3562141291704633,0.4019531956322089,0.4036469018517838,0.2778686588130128,0.7132152739684955,0.43489319041666424,0.7742201009219138,0.6645422767485996,0.5128362134801977,,0.6917086983992637,1.0188321904557085,0.9476610953066336,0.8500611721392808,1.140074443166673,1.0603358811163748,0.6331168942723259,0.895848863490414
989,polished-sweep-802,run_0594095bb0265f3f97d3459e5f97c912,0.5446714162826539,0.24983919451185602,0.603874935372391,0.447169391338758,0.10580015671668708,0.38168994209643897,0.20343495898499048,0.5947644833873031,0.2818786634679594,0.10580015671668679,0.3333436974568831,0.36843904943752087,0.2844942472993676,0.24763592248507482,0.5263646214507215,0.3162716086177659,0.7817321453235047,0.6401268585166788,0.485059360333185,,0.6741210858345961,0.8786065793467114,0.7918617462888442,0.6889021368486771,0.9513426749796886,0.8675217658114205,0.6650664603831882,0.8487174186550637
990,curious-sweep-803,run_b975a0e18321f6789dfb47ade58867e5,0.6218889355659486,0.22202432967815838,0.5621050912950013,0.32305789825142817,0.16049690337006456,0.34994941510467364,0.17331372061616018,0.5561294184875779,0.16240694482229887,0.1604969033700644,0.28621962215594476,0.4409173135141515,0.35224460967099985,0.3394845108493227,0.4288144116416266,0.2774058140850863,0.8163784717053834,0.6715646388441078,0.4789011168332794,,0.703177666220824,0.7505308230378305,0.6852906990842845,0.6047260467250118,0.9504511653719211,0.8941071899347844,0.6427524392395999,0.9202525597105781
991,youthful-sweep-804,run_8b384bd7b185f0e1b3de90c2a5721adf,0.39470314979553234,0.27525799350627717,0.5705951182345097,0.5182400514431281,0.1288175103029747,0.3820526864206861,0.22737767891692712,0.5582519252224548,0.3901169836519671,0.12881751030297411,0.3047761867519394,0.3947789604353041,0.2795598411850522,0.274103587353276,0.4431050331390705,0.22830518438383293,0.7646672245245897,0.6301476248991487,0.4876512730792483,,0.6744189692016255,0.9800692918055742,0.818485493372932,0.7180091098432775,0.9894722895905969,0.9081156263514364,0.6742948261391419,0.8739624829268942
992,spring-sweep-805,run_0531f267f30e5c5409360ddb9a348846,-0.341097712516785,0.5102236413537901,1.1175868731121938,1.3702915935003586,0.0,0.5732787383194335,0.51022364135379,1.1175868731121938,1.3702915935003586,3.1808907468589196e-32,0.5732787383194335,1.0,1.0,1.0,1.0,1.0,,,,,,2.21928874747929,1.84038790323311,1.84038790323311,2.5272569387315498,2.5272569387315498,,
993,fine-sweep-806,run_c523057e9909ffd12676ba98c73f976e,-0.341097712516785,0.5102236413537901,1.1175868731121938,1.3702915935003586,0.0,0.5732787383194335,0.51022364135379,1.1175868731121938,1.3702915935003586,3.1808907468589196e-32,0.5732787383194335,1.0,1.0,1.0,1.0,1.0,,,,,,2.21928874747929,1.84038790323311,1.84038790323311,2.5272569387315498,2.5272569387315498,,
994,youthful-sweep-807,run_0b330b6ff745f9a626272feeae784254,0.4176771640777589,0.26278563795573295,0.49469101200032667,0.38139638414166643,0.19002963846968451,0.3674847149108645,0.19530114831775672,0.4753925276878282,0.1284445873420221,0.1900296384696845,0.298129594595349,0.38501439652887753,0.24505509973747638,0.20711170705232576,0.4495810078482787,0.29461566991982396,0.7751177829281782,0.6575501260183906,0.5250212325978747,,0.6920106477827368,0.8539802599748816,0.6776715212446562,0.5297533444284418,0.8428653732038203,0.729261237536377,0.6272549379861432,0.8028898454134097
995,genial-sweep-808,run_49b4e00a1a947bee5e4e2351ed1db310,-0.341097712516785,0.5102236413537901,1.1175868731121938,1.3702915935003586,0.0,0.5732787383194335,0.51022364135379,1.1175868731121938,1.3702915935003586,3.1808907468589196e-32,0.5732787383194335,1.0,1.0,1.0,1.0,1.0,,,,,,2.21928874747929,1.84038790323311,1.84038790323311,2.5272569387315498,2.5272569387315498,,
996,super-sweep-809,run_76ec4ca49d52f8f2567e560abec2ce5c,0.2951499819755555,0.2807266614218024,0.5465835805055921,0.5479336185788836,0.1403147120248911,0.3208461589362263,0.2254198240493256,0.5368853574246918,0.3967798580367525,0.14031471202489074,0.24226377970018975,0.3535079812634086,0.27219629419477065,0.228174397939746,0.5711266450950522,0.2760044602683234,0.7727987622476563,0.6832561759651172,0.5386744356985302,,0.7420702181728986,1.0468039017678155,0.8232814338246027,0.7046234738036573,0.9638021532170157,0.8646482007733525,0.6039605357790419,0.7847869774938734
997,polished-sweep-810,run_2045523b9cd771652dd171b58af6ce6c,0.2938735485076905,0.2609892292355909,0.558975754442298,0.3278312269680706,0.17791770078915708,0.3573486020790432,0.21034126640408152,0.5517265775939486,0.16617119679469758,0.17791770078915686,0.30959072076101374,0.4655736345775307,0.39968216851186417,0.2194532239355532,0.4338558111658677,0.3062067514001723,0.7753688283971734,0.6747902882928252,0.5106160862110218,,0.6957455620125326,0.9584058497979068,0.6986004474710238,0.6133991615744077,0.9553569739853794,0.894942955699397,0.6290605176926465,0.9057491360501133
998,peachy-sweep-811,run_b9f96adc556e6f73ffaf185b6f656cd4,0.6493300199508668,0.2416848827465321,0.5625295926419767,0.4062325328320927,0.18063811231799723,0.41322159213665977,0.1712943624542888,0.5450923834662166,0.197754309598595,0.1806381123179969,0.31886820581873804,0.47902130146758254,0.24806196841022787,0.28875799465781266,0.3014980555776348,0.22611631039835825,0.7916828963910714,0.6031083167062921,0.45678070070129745,,0.6453912869897505,0.7774534379863434,0.7347625438720529,0.6046273497670438,0.956165949397585,0.8602043704820233,0.7042770982037535,0.9329434913028518
999,divine-sweep-812,run_ab70ba3846bf517f40c1f53270130ca3,0.18028080463409427,0.3004307793236175,0.43796565892949474,0.4490787228254149,0.1951532577727215,0.33470618108356115,0.20208701178556884,0.4097526463305126,0.18838077807731285,0.19515325777272105,0.20213787951626672,0.40862055229336347,0.20874851068356173,0.1375311006821399,0.4908506214386998,0.23553430508739362,0.762418622078461,0.6466152413951565,0.538132746720412,,0.7345964638582131,1.0321943503756357,0.695517268557042,0.49418995240321567,0.8445151099802939,0.688247927116582,0.6282094064890558,0.7900054167696011
1000,elated-sweep-813,run_d6f18e2eda24027b85257f4c67247cbc,0.3034460544586182,0.28792510948867694,0.4902772864567745,0.4531546014394183,0.21167817998813154,0.3719899196939872,0.2143979211886537,0.46970529810334977,0.2596888680038582,0.21167817998813127,0.26130586362248454,0.39544189875340024,0.21641208179892643,0.190363417722866,0.3608355677614245,0.17201961389013629,0.7595598173106115,0.6376192333691515,0.5056376998821694,,0.6936712492744495,0.9648358976895515,0.7270638067564653,0.5779514199666769,0.8763951701946862,0.7572810304549218,0.6584264463502814,0.8203487675975567
1001,hardy-sweep-814,run_b10b110307900d13b6ad55f85b95f581,0.36343336105346685,0.26691404658362017,0.5844730468856295,0.6002868943684614,0.14895216206734888,0.3479339916943508,0.21146882679903561,0.578399412228904,0.4634580664308855,0.14895216206734854,0.2564937213342294,0.45918966096720587,0.3792505172361431,0.2433672806989539,0.4341097778043516,0.2684477773554887,0.7906188738874473,0.6477300637631662,0.48077636213455927,,0.7193052669695641,1.0522215469690732,0.8793157603215961,0.7707517915090157,1.089545749029296,1.0039781157934768,0.6614588045121828,0.9227358684610396
1002,eager-sweep-815,run_585c577b5b431e5eeae45483a99c8398,0.20580738782882696,0.30103299908001313,0.5272415575934041,0.3645685454950164,0.21027248376277424,0.3687658800296892,0.20112089753807402,0.5136248605404229,0.06128162639428176,0.21027248376277385,0.2833814467838132,0.38732811327367483,0.3722611755972138,0.08826868435335052,0.47769411061854267,0.3003780672573025,0.7566744415212718,0.6814256645336296,0.5281230105555785,,0.6962247404821666,1.020605599458058,0.7081770618658711,0.5549914868943646,0.8932567166160092,0.7774370465522294,0.6191646209159202,0.8244741588555646
1003,deep-sweep-816,run_7f39cadc3264cd186c241d3789ffd1fa,0.3391832113265992,0.27815633624876035,0.5497129173582955,0.3831968936264932,0.18311180981544808,0.36185221238161974,0.20827321813424615,0.5310022041416093,0.15696089827616083,0.1831118098154478,0.30666086275747856,0.4338985038053105,0.2916323372546669,0.24889655099022012,0.5305282610304699,0.32556910668105227,0.7713575156620062,0.661664051084901,0.5379851888104561,,0.7048814743116966,0.9411179410616867,0.7255309078122693,0.5915892137141294,0.9282574659127873,0.8277950365971252,0.6166086974176087,0.8458564361420762
1004,peach-sweep-817,run_98cd2ed8816214117c0f49a2bb700326,0.6493300199508668,0.2383047641989323,0.5717869874010177,0.49467514159226367,0.1315526754948215,0.3364696765675936,0.1922234209669856,0.5608152602791914,0.35754457992234023,0.13155267549482139,0.2687935442671648,0.44510735551846875,0.2531701945539589,0.22603369196224277,0.5280019114843316,0.2699055293498396,0.7994292859906826,0.6279858236196239,0.5082848444248856,,0.7180550684064904,0.8334346342564107,0.7927376711815621,0.6923162040297127,0.9704328676212396,0.890285719087601,0.6483879648547125,0.8565710059403434
1005,youthful-sweep-818,run_603103ad6f2eb46d84ff3ac42def9efe,0.5638161301612855,0.2545877613569677,0.5767014068410025,0.6076274330373702,0.10551819782367079,0.34752341295371936,0.20352465128913474,0.5654357941712702,0.45827418198006553,0.10551819782367046,0.26176587126004647,0.40732850319372743,0.26655556652824225,0.2895938022113675,0.611952884240473,0.2441298556153805,0.7914525915572139,0.6441137770206649,0.5141526218262609,,0.7169264134831447,0.944485033412098,0.8755629836081055,0.7557480710408444,1.0428055849990443,0.9444512145804188,0.6373340569536478,0.8526591640236248
1006,celestial-sweep-819,run_a56c7b105ea934057f63c7a8d4fcfda4,0.37938743829727184,0.2593542666629081,0.5128411657460066,0.5170578487868819,0.17784475212206854,0.35033209043574765,0.19445291538428014,0.4999102016381399,0.36226349763806875,0.17784475212206857,0.25078388649849687,0.4075050588043821,0.24101313061254093,0.20204088582404842,0.3626488239448684,0.21906077110063946,0.7955230967902991,0.6327789254452872,0.48932452034496543,,0.7125788757480354,0.9568253926496012,0.7730585462383143,0.647268868187169,0.9287560161503573,0.8269977081876863,0.6614012148947467,0.8381048792887641
1007,cerulean-sweep-820,run_a2ad027d93fcb108492da879e0ba0824,0.34620285034179693,0.29530806743836213,0.6349125146262481,0.5524794103826083,0.1266339681779882,0.3736848525145357,0.23165215786870594,0.6284470325723149,0.36692800435288053,0.12663396817798833,0.3180486428180209,0.39877401977028687,0.4165071495479206,0.23193350998733622,0.6604552134154004,0.4306738129819614,0.7557628504739115,0.6791093323765196,0.5172419972287333,,0.7083553731054739,1.065738294811128,0.8919384815220837,0.7637044947966221,1.0871275602905361,0.9846505130734948,0.6290293276280322,0.8842906606650933
1008,jolly-sweep-821,run_0a2d61639560dec4f341d4b55c06602b,0.514039695262909,0.2540957350028061,0.60284633595472,0.4247223802339672,0.10005770321531497,0.3906238165964697,0.19196203196633696,0.5919725706821954,0.2489006504587837,0.10005770321531499,0.33666659491504225,0.4250647437637573,0.3081053076921325,0.24343496259404693,0.4503439887537966,0.2940091898726825,0.783714668729049,0.6255859788188468,0.5012652526611243,,0.6629722755037644,0.8831592284666475,0.7799855431943942,0.6702480734441073,0.9712090123266112,0.8854953291732909,0.6600769288372365,0.8778217643778123
1009,fiery-sweep-822,run_72aae4e2b79cd835fdf630ae1c57aad4,0.20261645317077642,0.2970839750604141,0.4623255054559308,0.3288600895308288,0.24890822893750678,0.35680249249198975,0.18051985659481867,0.441557593403902,-0.10326218682759104,0.24890822893750664,0.25959339151592853,0.43177293980570425,0.3632247740998114,0.029863039938703206,0.43090167365413573,0.29795433488638784,0.7694604977186497,0.6722619493895705,0.529267324361321,,0.7074326516492755,0.9786288122854647,0.6404316667053586,0.48808155685917476,0.8540518889047102,0.7466428298515803,0.6181827754345853,0.8374973749610842
1010,lyric-sweep-823,run_9f4841c3a1f61952da4a85c52e86030e,-0.341097712516785,0.5102236413537901,1.1175868731121938,1.3702915935003586,0.0,0.5732787383194335,0.51022364135379,1.1175868731121938,1.3702915935003586,3.1808907468589196e-32,0.5732787383194335,1.0,1.0,1.0,1.0,1.0,,,,,,2.21928874747929,1.84038790323311,1.84038790323311,2.5272569387315498,2.5272569387315498,,
1011,glorious-sweep-824,run_2974e6235466933e7280d3d2d8ba01f2,0.21537959575653082,0.27265179141157747,0.525875534028137,0.415180669255311,0.17714887101692084,0.3206476461082318,0.22264961316990517,0.5184304334811831,0.3060173620557465,0.17714887101692064,0.2503454043483079,0.3553954750562955,0.3530759403205003,0.3261190392576275,0.45278528515259353,0.29770412757691705,0.7780976719801789,0.6558011925513108,0.5272709386830419,,0.7348451635249095,1.0317699570000336,0.7233664802661295,0.6418641526707608,0.9383929112384759,0.8771042022324184,0.6254488209624577,0.8651638103465389
1012,sweet-sweep-825,run_02be492f7298c16b0bd35d37849e5c57,0.41065722703933727,0.26863101354866326,0.3718033143759014,0.3651769594143397,0.2369061240815845,0.33522757622214944,0.18200362356908717,0.343982149174127,0.11182944624440418,0.23690612408158424,0.22425491917179496,0.4594214400679559,0.21122417629058243,0.15535655375709,0.3751673123336931,0.23849909520133158,0.7818736377179816,0.6676886445819327,0.532980452213473,,0.73346597010474,0.7867126669305452,0.5863058397357046,0.4049134018405163,0.7896669606531723,0.6661638192134788,0.6132839512631254,0.8098991146531404
1013,lemon-sweep-826,run_3ee10ef9ccd26fb0b0ffd261edd218e7,0.5421185493469239,0.25504391078947164,0.5946774061879235,0.5657705339697773,0.0977799015766748,0.3759856879426177,0.20148991730369556,0.5826280987237746,0.4308609304281157,0.09777990157667442,0.29545166451810406,0.4341210763077485,0.24801032533867962,0.28509465887686364,0.4226776382227199,0.21411607271198627,0.7854330617158392,0.6124964568065928,0.4623397343924056,,0.6800825867767313,0.9398898538610835,0.859525980392467,0.7521268706587421,1.0344245288366583,0.9470712879483904,0.6966179212490249,0.9036181290205635
1014,likely-sweep-827,run_0529f6b7c2d03ec017988c986534687a,0.44894695281982433,0.271893250782245,0.6627391221529838,0.5372591694902676,0.12300128848656927,0.3925084926020089,0.2281182810854306,0.6491224251000028,0.38648628595454193,0.12300128848656877,0.34967277272991815,0.33297907849613156,0.36658492015031613,0.23704179037767772,0.6141058658380162,0.3799362050478246,0.760880436614676,0.6246847003917919,0.49459186867205734,,0.6762512726644715,1.0156426635584175,0.8954309013287494,0.7891574761503665,1.050354644792709,0.9613625242057325,0.6734070974722421,0.8688644886915284
1015,sweepy-sweep-828,run_6d452592702cb3554b7a236a3ae23826,0.30918955802917486,0.28009625265553284,0.6109281885221367,0.3781663492691613,0.16305994249350023,0.3630927182465178,0.22386686586900295,0.6070097145500556,0.21468602379244697,0.1630599424934999,0.3246194971486702,0.37281991115937646,0.3642183835746913,0.3175372729304345,0.5397855105509125,0.36932453402568094,0.7653700919070352,0.6901557533435233,0.5232033032278954,,0.7042092560044606,0.996725692448244,0.7711659678708448,0.6816650614517082,0.9834513647318409,0.9149573174715336,0.6151339211997847,0.8665271939191328
1016,true-sweep-829,run_b6a5588f6b2dc5ebf3ddf5f695102f41,0.26515632867813116,0.29095158409422306,0.6457264143241992,0.64635817277966,0.11173850607686989,0.3295328889516051,0.25045166481729647,0.6397507415167758,0.551188385724532,0.11173850607686987,0.2733800675581405,0.41392758688267345,0.3562095856501844,0.3093779863572028,0.6521816944223119,0.3515198520755492,0.7651610393664874,0.6662167293366899,0.5378002505043562,,0.7348232731417628,1.1724916677558315,0.9588505170056415,0.8808039987639903,1.1460062689601713,1.0815506177579772,0.6165948569684643,0.8798438907976731
1017,fragrant-sweep-830,run_6eec3968a1963241e9b52b34e22bc569,0.5261647701263429,0.2642847807535691,0.6610628860649269,0.5072836544406797,0.11506873567665218,0.38668624688777326,0.22410775377156117,0.6556749843533158,0.3820295303341336,0.1150687356766521,0.34713675142128003,0.3757659309538995,0.3546986665664836,0.22825421149528027,0.6192773531340023,0.3636798613203129,0.7693361771201088,0.6549639252231036,0.505351414621305,,0.6817338818743096,0.9585722040955511,0.8741780658041836,0.7912525086561017,1.0408162444582463,0.9722096977759473,0.6457034265823266,0.8579301131765817
1018,hopeful-sweep-831,run_08066a004905f968b27d997d1fd14a9a,0.5331844091415406,0.2557486360363177,0.647157745789001,0.5187792149976505,0.10762305374595507,0.3848103405252379,0.21847763970857684,0.6398106070913495,0.382529122251626,0.1076230537459546,0.3467819794997638,0.3691178469663556,0.32273148800241186,0.2918417776075088,0.5982661931702037,0.35580448442586093,0.7759532884113156,0.6178401604881001,0.4757943949311948,,0.6757770640459515,0.951767733071894,0.8679587471088223,0.7768002454748785,1.0387144016220993,0.9638432667318223,0.6863195963215799,0.8925300049575117
1019,zesty-sweep-832,run_0cdb88134b7b99ec2bacd10368a9727f,0.3915125131607057,0.2831355404473852,0.5916242618846772,0.4420349714342245,0.15160700176060382,0.37485360675485746,0.2080861456141744,0.5828076954474951,0.21694655355773806,0.15160700176060374,0.3150701531578289,0.41641027879851295,0.432484081752124,0.12747054879800776,0.6072092548357206,0.406493585871117,0.7673844863183346,0.6879712620114249,0.518701800584105,,0.7048464363300314,0.9569071035693304,0.7909361020246058,0.6557670782907328,1.0011336871541066,0.8981754856590457,0.6189667739847677,0.8716700117395395
1020,rosy-sweep-833,run_fb1ce88257d0f201624f4de976430454,0.3481173515319825,0.2830817250648988,0.6189665024898634,0.45632527885637963,0.14458753676121033,0.36801966313409507,0.22320826809285965,0.61152140194291,0.25321395889496173,0.1445875367612102,0.32334710167284925,0.34399882102657536,0.40064494729814504,0.16529280933073665,0.605411777377241,0.3726944946696166,0.7620785876165526,0.6838582045518578,0.5241951265631021,,0.7046200508330566,1.0081186828452113,0.8194434418516056,0.6984967179296517,0.9887673284819134,0.891106581974429,0.6188234892810808,0.8301299816087034
1021,dry-sweep-834,run_72023b1c627fc33995b4613dd27088d0,0.09476721286773684,0.29442139494596675,0.6409262837084004,0.39012193010659596,0.14838988357720595,0.35922849464294404,0.2629624599267597,0.6391629704209639,0.3128088442608763,0.14838988357720584,0.3336849162937573,0.3992161410081283,0.47517624574806705,0.39788440868797154,0.5585414310638948,0.39925059301344284,0.7501171872886887,0.6966839587531851,0.5295337971514085,,0.7106594255138818,1.1757669923916056,0.8060183492329971,0.7586355720211831,1.0923111158190746,1.0578307641478073,0.6130093710449522,0.9587796845107607
1022,true-sweep-835,run_2eb0c40e702a6893a118bdb78d7df448,0.24026811122894293,0.29027504785725083,0.38958883234917974,0.4218188113669527,0.21345353743660023,0.325777887265442,0.19571373291681915,0.3627472856404256,0.13906957188435198,0.21345353743659998,0.19193559574178004,0.421194481206542,0.27851717207279764,0.16485819791633402,0.4586719346119074,0.2584934529697544,0.7724639019217612,0.6825127737287366,0.5512326340207978,,0.7465053065366094,0.9523146070127582,0.6434051377808195,0.4350055221670519,0.8343410590886996,0.6865745668711645,0.5949478662387163,0.7975699311662264
1023,fast-sweep-836,run_90da8185a7c5c24df523f38087915918,0.21537959575653082,0.28993165446424224,0.3620397833954665,0.4032300348725052,0.22107298473159812,0.33686510774303674,0.18125533348879994,0.3334349233992763,0.09701976108624176,0.22107298473159798,0.21008317607768942,0.451995469092501,0.28561974098770704,0.1375483404101352,0.41097320181484615,0.2932032527013624,0.7791025599110661,0.6853811839813468,0.5439771086163402,,0.7444853290205921,0.953570366852653,0.6145955011588441,0.3917207909999784,0.8261511462900165,0.6769366769301735,0.5964373864008999,0.8127334386921421
1024,toasty-sweep-837,run_e1b7a7fd0a601525004c8fea52c132ef,0.24026811122894293,0.2945290257109396,0.5464203107567555,0.5763064823287907,0.1386803340229305,0.332585521957193,0.23345625450063168,0.5350567362377208,0.4189399747730817,0.13868033402293045,0.25051601376674504,0.37704878136479286,0.26748843193714517,0.25275314199363613,0.596433887111267,0.28243238064037346,0.7619588650501424,0.6856995840444181,0.5356680112008422,,0.7370379154130414,1.0990436116903333,0.8470251853209143,0.7185389594320519,0.9975227616974224,0.8910096698455182,0.6091408123088202,0.8053896726161645
1025,denim-sweep-838,run_635faa67a9fb1f806da3390dd71a6e1a,0.15156358480453494,0.29665601463778407,0.7231870254972925,0.5441594736972273,0.10982544777367226,0.37336436192476125,0.26044595013620386,0.72064001741544,0.46200380877006453,0.10982544777367236,0.33945454414997056,0.34506025601417684,0.4275500311717315,0.28503123370473243,0.6543375505069898,0.38815282196676604,0.7485140655196896,0.6454768200601634,0.5223553924086498,,0.6998745467421431,1.240545588558436,0.9524252189452137,0.8947634586643121,1.1358794880204492,1.0879844027299663,0.6458143940151718,0.8945304048158136
1026,unique-sweep-839,run_173b728d3444d97df89f97a686e5eb8e,0.3800255060195924,0.2696483805413828,0.4714196304661353,0.3670862909009968,0.20715700192453343,0.3665041093749875,0.17633250730992261,0.4425208849220386,0.038898919199664136,0.20715700192453324,0.2725955831294392,0.40414288595879055,0.2691161750869299,0.08949696176398587,0.4871346108532208,0.23917135834483183,0.7748720756833503,0.640497840465363,0.5269199179256191,,0.6960928907775594,0.8610210137636255,0.6555143492593195,0.4779445706787452,0.8206483755021834,0.6871649778406882,0.6353968437698552,0.8046700213144499
1027,sage-sweep-840,run_b4599ffa002c09598ea99681f3df4307,0.34939378499984747,0.2850549557560677,0.5544967209992109,0.46488264536393553,0.16507217819802045,0.38665674899766966,0.18606540362818164,0.5344145418922964,0.16782825909529328,0.16507217819802014,0.3126377730846901,0.4535820971016431,0.3507019371954952,0.13845693792633731,0.5804241561532204,0.39035734584749404,0.7721795152206201,0.651604909689188,0.5264803955602206,,0.6916121049400348,0.9730729338319262,0.7777138389925571,0.5902419517149117,0.9760828379724111,0.8344366080104367,0.630477698278532,0.8633660980431943
1028,eager-sweep-841,run_0859f90d1c6c97275c87db97d47b4c9a,0.2977025508880616,0.27016859590541814,0.4144711420718932,0.4893527564118417,0.18442242687920687,0.34889626070394725,0.16928781747872357,0.38694386241802503,0.21946429896371764,0.18442242687920646,0.21183630743817225,0.4384284954855147,0.2589823047362874,0.16293203077610693,0.45097797044469495,0.2542944818883917,0.7958109401049485,0.6639195419480355,0.5390359294675582,,0.7321042587313857,0.9510384612871251,0.6958760795082354,0.47597110871283477,0.8775430157575123,0.7158119325649459,0.605913459816731,0.8080651875066261
1029,noble-sweep-842,run_528b4ce6d0fd62691b2a35c63bf8767f,0.5944478511810304,0.2403113091744977,0.5099676181664807,0.4847228748794301,0.1585338465422332,0.32571012184223097,0.1999497723096791,0.4966448066614058,0.3551900675191058,0.15853384654223324,0.24956729784179096,0.41365460994476866,0.288644022734706,0.23647734891293934,0.47332222079237124,0.32161721267662763,0.7953773544491837,0.6637277788677137,0.5178680191403741,,0.725031124196234,0.8120934567040033,0.74348689452265,0.6424919917747338,0.9290424140290142,0.8503781536661139,0.6224151996417527,0.8353129506256964
1030,skilled-sweep-843,run_73fe01a76f29e149d143d98a7ae75dad,-0.341097712516785,0.5102236413537901,1.1175868731121938,1.3702915935003586,0.0,0.5732787383194335,0.51022364135379,1.1175868731121938,1.3702915935003586,3.1808907468589196e-32,0.5732787383194335,1.0,1.0,1.0,1.0,1.0,,,,,,2.21928874747929,1.84038790323311,1.84038790323311,2.5272569387315498,2.5272569387315498,,
1031,young-sweep-844,run_f488577979901624ddc3ae88f9365622,0.4342693090438844,0.27019678491529203,0.5884731557321287,0.5611010808003362,0.10935660914923825,0.3528123049252707,0.219917841849404,0.57642384826798,0.4295056018598668,0.109356609149238,0.27430167731381033,0.37480271806097437,0.3180608846889111,0.23531994593961839,0.4837492408186333,0.2716601043991194,0.7725292408074071,0.64348503303991,0.5044098942876802,,0.7023739664541435,0.9905484806824548,0.8568205065655211,0.7517335778351085,1.0154588427224454,0.9285034479401706,0.6515024334829126,0.8493943145713709
1032,valiant-sweep-845,run_b655009d0f909ee95cc720a00558d024,0.20453095436096197,0.3085774031771576,0.49881085199597264,0.44748101798036294,0.19762859456606197,0.3785575850635441,0.18896887164518758,0.47863071103975624,0.04414216110602736,0.1976285945660616,0.2971912427939446,0.460138217996934,0.3863095381319804,0.09801019485149347,0.5177444005338753,0.38079911631283786,0.7573648440904219,0.6810088266045098,0.5239661488520159,,0.6961956256650665,1.0401069801186664,0.7377476135327367,0.5164737383337012,0.9564725706894128,0.7983190838232255,0.6222824238448954,0.8705191854486859
1033,devoted-sweep-846,run_b07aa951318fa37ebf257633e3741187,0.3666239976882935,0.2751016726333404,0.6087022776129961,0.45509361165384704,0.1615140864695796,0.37671197383138527,0.20328120074931494,0.5955753898065254,0.20792422031508975,0.16151408646957935,0.3089927905562108,0.3370265258329416,0.349302113532233,0.1418374144664729,0.5804140629674538,0.3019958230839648,0.7669527997437426,0.6497257114294476,0.501605167745388,,0.6893667117826586,0.9893400924069288,0.8082756883793135,0.6627712825062021,0.9534287001138022,0.8336560865792064,0.6522273250937817,0.8252982378356511
1034,jumping-sweep-847,run_7d793d6c4e35d6ecba36c96346ad0c62,0.15539258718490603,0.31517363148763655,0.4962475169392364,0.3870798605099795,0.21599854430525006,0.38471546893274233,0.19865564049274384,0.4775368037225503,0.012103974476293947,0.2159985443052499,0.28140747986768994,0.43810805122840674,0.43821743527304413,0.1383586076259192,0.47196652630883146,0.35344380842539785,0.748742497495665,0.6748406915475906,0.5188121161313959,,0.6838692384587185,1.0533062699248446,0.7038656366565195,0.5173509143775186,0.9479151459379196,0.8190044310257879,0.6327722244377595,0.8963910851032212
1035,grateful-sweep-848,run_9f030f30a5a1bdadafc54e147efc8eab,0.6410339474678041,0.24692291330854407,0.5798198590437835,0.6117379368337744,0.10544934739630636,0.35329224356965927,0.196136568064927,0.5662031619908022,0.4600796379195216,0.10544934739630593,0.2689123330678524,0.4463713911983949,0.2780214833074768,0.2886688163117624,0.6083294426491918,0.2548609150270848,0.795047179889721,0.6471763559665921,0.5043393934434033,,0.7124765071928966,0.9161173501106412,0.8782854304951067,0.7554659801796694,1.0636062932268167,0.9646770945661262,0.6420043762718621,0.8786595863722975
1036,twilight-sweep-849,run_c77a3e6fbfc3b9b4252d42ea211102ae,0.35258442163467413,0.2721264507730195,0.5008517238564314,0.43503573813469204,0.14689812431764313,0.3553507179547279,0.20870117855687623,0.48576559906392014,0.260371478742611,0.14689812431764293,0.25822771892815854,0.3820392721264203,0.24975325002152413,0.20869563366642185,0.4207028548095586,0.23246553376905643,0.7723302652988262,0.6493598648360591,0.5052939630194926,,0.700355703878146,0.9269603410364787,0.7170504500763359,0.5893366661828978,0.875240485129261,0.7740815622156367,0.6477006063851174,0.8193904041214279
1037,bright-sweep-850,run_7761c7ee6f098eafa20c4286d0a78411,0.528717339038849,0.25426486906204915,0.4923127159922718,0.507070956891648,0.1560101505201486,0.34430096776996744,0.1842433685354271,0.47516939236441813,0.3077238889026293,0.15601015052014852,0.2419975014489843,0.44362867099637243,0.2022662948813049,0.19069522927774055,0.5067270640856941,0.21214300682638906,0.7913655592882928,0.6562897826481064,0.5191413237146426,,0.7182926995644838,0.8494704892892525,0.7510947938109009,0.5953365116390975,0.9155468920454858,0.7927851438661788,0.6268094685963821,0.8166840467196526
1038,woven-sweep-851,run_7ebbfc4ca0e63c58556294424042d420,0.5414804816246034,0.25144340543740373,0.4520177419793738,0.48327851012786593,0.1688417390962234,0.34028766023532936,0.17906940390494666,0.430760020680835,0.27755546212252336,0.1688417390962232,0.23395175261315437,0.4553668414096683,0.2668660874975252,0.17354063574157438,0.5040615147054431,0.2170556112977283,0.7958839368969269,0.6660953955745637,0.5220676445267356,,0.7276778225986928,0.8050579520424274,0.707885544105472,0.5428232505944028,0.8998859731759045,0.7767560122400846,0.6177175636821634,0.8308235731168634
1039,dandy-sweep-852,run_997634d92a65a0ae7f21de8ae89c6186,1.2466496229171755,0.15826335198079047,0.5239707202917087,0.5161575940444686,0.13272313276001693,0.38048451480355605,0.11467289216678657,0.5047701978285124,0.3955333514703334,0.1327231327600168,0.2707906311512071,0.6639892076707983,0.19412827537227226,0.48693462737711385,0.4113418758925813,0.17086756297850517,0.8672360798237477,0.597440006179333,0.36694901883853015,,0.6784243922294164,0.7757577032153605,0.7523372024517875,0.6514518070733133,1.1321148584548204,1.0677369729855202,0.7618624231939527,1.1384670124409215
1040,firm-sweep-853,run_8515617548c6f7efa3018700576ad349,0.617421865463257,0.24975975275675702,0.5397425780293342,0.4000741968194296,0.17159083830313207,0.3614312695174384,0.1748487403356541,0.525342186181937,0.13466722726485816,0.17159083830313204,0.2946305070368411,0.500983790800555,0.3411929765207014,0.13096936223648226,0.5445698566511789,0.3129738132449232,0.7917041134128469,0.6585842584914638,0.528292972986658,,0.7030326929544628,0.7731412823825138,0.7167714751547943,0.5698173011400995,0.9477930825407839,0.8421651479342801,0.6184330232553219,0.8757909476406447
1041,noble-sweep-854,run_4aaf5f6b0fbe78924ac2a666bb3d4c0e,0.6429484486579896,0.24364530025139464,0.5283300225856488,0.36057675660969984,0.16527299194450007,0.348387621409728,0.17491536890444698,0.5135377833410435,0.12240991269507573,0.16527299194449988,0.28249092939879294,0.48707364698626376,0.3730523251844418,0.17108812480711721,0.544834170693699,0.31026472949325995,0.794307406659391,0.6698430113879804,0.5288092408553896,,0.7122983214216644,0.7325530837340453,0.6844788108532762,0.5561480269890628,0.9349819056383651,0.8455652247389678,0.6110104840244697,0.8826175462519711
1042,graceful-sweep-855,run_e96ccd3875aaf16cbba675a4ce3b90d3,0.2619653940200806,0.2953003795265784,0.6046042069171951,0.4734004402344618,0.15568556993400198,0.38349648855521723,0.23049128318935577,0.5978448393153556,0.2805876388098832,0.15568556993400193,0.33482018644261025,0.33281441867087413,0.3638487543324757,0.1657944641317881,0.5908975502292813,0.38072390989773003,0.7519670948974726,0.6888873409077925,0.5134489541835299,,0.6924850032459026,1.0650583568331302,0.8227129134665956,0.6994813125274932,0.9733939056856514,0.8717300409051287,0.62852472413273,0.8158936735184292
1043,glad-sweep-856,run_69aa72b0bad4cd4071c6e1e3ad32747b,0.33216327428817755,0.2910950917808535,0.6751040844648838,0.5053990552271658,0.12765852810900663,0.3869828202693556,0.23814075541421206,0.6685406405616482,0.35156431627630946,0.1276585281090064,0.34902621086845786,0.3545759027920227,0.38159021251708297,0.2020200278815353,0.6479737423874609,0.4135556978291908,0.7568808775354448,0.6689246533775155,0.5192947405407712,,0.6944273833709189,1.0757321330587688,0.8921491368289185,0.7919943661104284,1.052652523456554,0.9692276970586046,0.632293712858904,0.8437669062695959
1044,skilled-sweep-857,run_0e90890e7414989f4fd047466d8ec096,0.2734524011611939,0.2776976241789951,0.7277694631146426,0.5605322385180419,0.10778944227875246,0.38732961978814145,0.2714704156341372,0.7274755775667365,0.5399995053545376,0.10778944227875242,0.38158948982203217,0.6011466790285231,0.5359004476573118,0.40251785163192116,0.635342652990465,0.5067326917178337,0.7704482535484101,0.6509645888429282,0.5272209388863689,,0.6961832318118523,1.171202883892734,0.9596670007533241,0.9457887545872881,1.3158829707552215,1.3057961589361795,0.6309039254657144,1.0993757335673526
1045,prime-sweep-858,run_2cd8f16ac475df26ce186cdba167a754,0.5625399947166444,0.25343713722666267,0.6377425236060846,0.5001508668661736,0.1301814044831464,0.36118492227305954,0.2073557939947158,0.6326485074423794,0.35568965943659875,0.1301814044831464,0.3239027781431795,0.4126573497311779,0.35238516689018456,0.22841681831242214,0.6211951501935533,0.36408977663393766,0.7854011211329092,0.6853380797935124,0.5267931679983898,,0.707746166671512,0.9209981934102562,0.8491741862351261,0.7548216299910682,1.033311393330898,0.9572833071362553,0.6074450663986386,0.8459463019077508
1046,chocolate-sweep-859,run_973b447f87231d7805c583b855424fc6,-0.341097712516785,0.5102236413537901,1.1175868731121938,1.3702915935003586,0.0,0.5732787383194335,0.51022364135379,1.1175868731121938,1.3702915935003586,3.1808907468589196e-32,0.5732787383194335,1.0,1.0,1.0,1.0,1.0,,,,,,2.21928874747929,1.84038790323311,1.84038790323311,2.5272569387315498,2.5272569387315498,,
1047,restful-sweep-860,run_c7b68d1dc6590a601f2e3a29d378664b,0.14135301113128665,0.3179002775336153,0.5372391085471715,0.4958326119753666,0.18576746915664794,0.3840433953825438,0.2071482203765537,0.5249938773844185,0.13540919545915509,0.18576746915664788,0.298572860187176,0.4529027167608864,0.40388021264797347,0.15242941821238917,0.5336046784213152,0.3708679049192128,0.7502780476200906,0.6859105207017118,0.5211060994660055,,0.6914276049542252,1.1277191540202651,0.7972053846449004,0.5804003848303296,1.0134156352954868,0.8534280469176803,0.6247820599816923,0.884210069513743
1048,cool-sweep-861,run_350f5a3f1f7f1ace25eb465e4bd9c3bd,0.351308286190033,0.27119877608444404,0.4795776755830089,0.3871491108747805,0.20516771636246797,0.36556894653467564,0.1955497241320988,0.4554790606547119,0.11248732471001403,0.20516771636246792,0.291966130044239,0.3848855993184375,0.22671278349415655,0.2004641956389872,0.45561505676301134,0.26184072059060615,0.7723693508296827,0.653201567103108,0.5242728506518024,,0.6971762876597071,0.8948073091646307,0.6733705941889913,0.5082856160894726,0.8325559810691425,0.7057448349219583,0.6311902931195967,0.7988258199532422
1049,efficient-sweep-862,run_245ae6bd28c2602f9821764610921e46,0.9441608190536501,0.20654087534563564,0.6174644208005661,0.5873271832414118,0.11771783783429342,0.37773323862118885,0.16581031871519597,0.6061008462815316,0.4803007444414214,0.11771783783429333,0.2999401272554926,0.553061931713987,0.30661179629069535,0.3835169045110621,0.39706753212210594,0.23309113904713788,0.8238580856780248,0.6022818615023657,0.42250840641467446,,0.6838257147351539,0.8540102723372995,0.8768549847708063,0.7909109322588778,1.1471042560722071,1.0828266771502113,0.7229814882365607,1.0342512955342684
1050,revived-sweep-863,run_7dd861a435e2d88bdb2834ce908e15af,0.32067656517028814,0.29377817299339093,0.6445563144575364,0.5351025152721784,0.11688015763469276,0.38724351783864974,0.2304912831893555,0.6360336335682605,0.3334058813345529,0.11688015763469266,0.34185344013164004,0.3521047401331742,0.3536216471482924,0.20162862220519537,0.6418941211604633,0.39499199958203296,0.7546769375969047,0.6653575292624523,0.5217445769732991,,0.692469355999927,1.0785489666522017,0.8877461119515134,0.7542045454416129,1.0381585996048561,0.9265552412097602,0.633164463486867,0.8310098413804129
1051,young-sweep-864,run_f2c2188d6472a3ca5fd31bcc371fec49,0.3761965036392213,0.2805088372545954,0.670004625976217,0.5306457596517694,0.12639381133015748,0.3836981903443042,0.23908636856361634,0.6634411820729816,0.4005688422822941,0.12639381133015712,0.3499175254937509,0.3345448311579591,0.35982757804454896,0.21889729591673843,0.6216624275039574,0.38960008502779164,0.7593346599604495,0.6537838616848572,0.5210601180564554,,0.6846310217579743,1.0581218848213405,0.8995422885244801,0.811031374923751,1.0480880139470312,0.9731824326642377,0.6380978223143369,0.8345543643034123
1052,twilight-sweep-865,run_e9c746fe4327274582e4fa2311888d55,0.5114868283271791,0.2558998316347319,0.5092546735965605,0.5415972101995895,0.15031769554341023,0.351453010259685,0.19219779459437292,0.49005415113336426,0.3563970024484949,0.15031769554340996,0.25587984632396527,0.44007469229975466,0.20897948472883066,0.21297959965520544,0.5303746777088906,0.24933817012546897,0.7917950095651918,0.6434643083409816,0.5208727177286908,,0.7171309092088988,0.8895577438107977,0.7862268022057006,0.6356979523675182,0.9491317370187053,0.8287402224785511,0.6324792250227861,0.8262738285792229
1053,rare-sweep-866,run_a36ec9c8141e89e4938aa1300e26b691,0.2396297454833985,0.2904416192792326,0.5474706794742714,0.429376994039522,0.19714992016629018,0.3759625679746988,0.18813088926075588,0.531698821736646,0.13025004328147824,0.19714992016628993,0.3033929748781617,0.4049730613366984,0.30447447698466146,0.11498813438474387,0.504291542837454,0.3193030190944937,0.7682043049817324,0.6729755676918521,0.5265175410565158,,0.6927680840685226,1.0306559425181994,0.7539529707508147,0.5788453526677115,0.9156283310911492,0.7778123815534127,0.6203707459919724,0.8091909670006336
1054,faithful-sweep-867,run_b422d4c57b99d95106925b5359be5ede,-0.341097712516785,0.5102236413537901,1.1175868731121938,1.3702915935003586,0.0,0.5732787383194335,0.51022364135379,1.1175868731121938,1.3702915935003586,3.1808907468589196e-32,0.5732787383194335,1.0,1.0,1.0,1.0,1.0,,,,,,2.21928874747929,1.84038790323311,1.84038790323311,2.5272569387315498,2.5272569387315498,,
1055,fragrant-sweep-868,run_1a64d81a0cff3489cd5edd577ec59309,0.16751766204833987,0.2933553378452833,0.5086124792511362,0.28743847847055626,0.24139205728355562,0.362756282851282,0.19026044082486174,0.4925467359656045,-0.017228501471570134,0.2413920572835554,0.2838725467920247,0.3708062758290119,0.3397637166706156,0.136861092487948,0.4313485619028721,0.2691527413072203,0.7629778835698726,0.6738876453851615,0.5233767572688321,,0.6930748479350501,1.0170223084853733,0.6537315100236305,0.5282974008228675,0.836081648641317,0.7421359577012852,0.624258333561535,0.813244184128009
1056,cosmic-sweep-869,run_3c7fa8e54fd65cd148558543c1477621,0.3800255060195924,0.2839145821748077,0.6294810743149474,0.5135409195459153,0.1373188987865932,0.3873280253075952,0.21809068148212696,0.6212522789735776,0.3140306185541516,0.13731889878659317,0.32751587106073615,0.40666186734770554,0.3723540488088563,0.19279272951718118,0.5821388350470204,0.40275069082788456,0.7662428320912609,0.6571331203660635,0.5147451353474845,,0.688013147118021,1.021929093506505,0.8605685265801092,0.7294745841142826,1.040081072567911,0.9345178529286968,0.6384922821519129,0.8653686167994041
1057,rural-sweep-870,run_3ad4a1e4bbd7df89da0cfb0754678dd6,0.4483088850975038,0.26847981795024894,0.6142969876731343,0.49988375831622683,0.09192925454658718,0.3949018079017673,0.19868895477714027,0.600190481373643,0.2903222615190567,0.09192925454658686,0.3296221798621889,0.41133203273947644,0.3183808817324864,0.17390288286562586,0.544374074049572,0.345638508069932,0.7808296317335723,0.62187427534803,0.5192298280656388,,0.6710297856373088,0.9651982424118902,0.8362571216672786,0.695696004168126,1.000064304541744,0.8858868832389484,0.6497343089228198,0.8502689644287478
1058,youthful-sweep-871,run_8053ccb8fb722a8447a74b5c54f7a3e5,0.29897898435592657,0.2852112766290044,0.6222972053661322,0.4728711695891969,0.14135320597097137,0.38593843551163287,0.21348305968638429,0.6133826770796487,0.2681225731456978,0.14135320597097104,0.3383240574427563,0.3938421928216676,0.34234394665786044,0.1760623184241612,0.5966708342562096,0.3903932789658544,0.7701367130565794,0.6775836411988294,0.529184974209466,,0.6933678633401188,1.0499006711159877,0.8319894393269062,0.7026400497728029,0.9977551893025914,0.8927553025177041,0.6151879612095638,0.8256907521862711
1059,chocolate-sweep-872,run_639e0a2b319c1d19396f515648d3576a,-0.341097712516785,0.5102236413537901,1.1175868731121938,1.3702915935003586,0.0,0.5732787383194335,0.51022364135379,1.1175868731121938,1.3702915935003586,3.1808907468589196e-32,0.5732787383194335,1.0,1.0,1.0,1.0,1.0,,,,,,2.21928874747929,1.84038790323311,1.84038790323311,2.5272569387315498,2.5272569387315498,,
1060,restful-sweep-873,run_c677fdb589fbe0d8f4c7d50e51bbc2f6,0.19432038068771368,0.29143592253660083,0.41597866608615197,0.30922266465510845,0.230939906691278,0.35963508718221,0.18672656404158636,0.38825546273368,-0.06211757722652278,0.23093990669127776,0.2617084699603851,0.3570645145958113,0.27888249817504945,0.1164865008673072,0.4560400934921474,0.2631803594353659,0.762725488384218,0.6738183409481904,0.5376985070431398,,0.7054949069258722,0.958006553187613,0.5946358582527458,0.4352788846955635,0.7565919799840516,0.638989301724232,0.6135277817299235,0.771528326900995
1061,likely-sweep-874,run_1ce34173a70aa4eb54c5c457b459571d,0.5012762546539308,0.252834917470267,0.4720563824865985,0.33831771078079775,0.18427980813680916,0.3422879360804639,0.16007257388723875,0.457753952488503,0.04754532189053475,0.18427980813680897,0.26644646890324447,0.48241959143739965,0.36076009398551045,0.15516287286232697,0.5020338410503463,0.28552058835506305,0.8025485107905973,0.6852572878886729,0.5453234537140216,,0.7196221647443961,0.7655203954476355,0.6334205531607654,0.48726016414581513,0.8877914292762926,0.7901737102013451,0.5871804042717622,0.8554138483159497
1062,ruby-sweep-875,run_d6a5378c029ed44af4425b9e0fe460c6,0.4514998197555543,0.2645743587640913,0.631418542001143,0.5038409220191427,0.1282068725840877,0.3769926024075062,0.22481247901840742,0.6223080900160549,0.35503672742561715,0.12820687258408733,0.34213566318830774,0.3464976001570115,0.31790095879040337,0.2482010024582575,0.5865843974452772,0.38149062784371573,0.7714070042306336,0.6520321096257169,0.4942057055186169,,0.6864464744682526,0.9764207584909993,0.8500262591234338,0.7509055116610373,1.0026315301919688,0.9201002290938928,0.6551063110490257,0.843735517156871
1063,grateful-sweep-876,run_2e03a99128f3e9c3ceaae462fd73785f,0.23197203874588018,0.2970891003349367,0.5354213720101227,0.3889842455420077,0.19204023487831512,0.37324078968243535,0.191733957250085,0.5197474761217994,0.05433680409566414,0.1920402348783146,0.2951750221433485,0.40926286869531125,0.3906968301107671,0.07608062233289707,0.5260317567893384,0.3364465937514621,0.7622736883708658,0.6764321327809404,0.5263262788713728,,0.6945640665558911,1.0138302314259755,0.7254286473685122,0.5566433665975805,0.9231333014623551,0.7973582679216205,0.6209482732283935,0.8435076335583466
1064,apricot-sweep-877,run_635d67e7ded8c517471478aba79799bc,0.30280798673629766,0.29597435312628934,0.6358812484693463,0.5159943610417235,0.11639656534725208,0.3874842844011171,0.23660829833197924,0.6295137282647146,0.31517324957336806,0.11639656534725167,0.34332833463682105,0.3651097903332152,0.3504306611053208,0.1842854558418201,0.634112327023883,0.39349354592597646,0.755313328573556,0.6719522853040412,0.5209820894060372,,0.6914277223227872,1.0754867949633253,0.8707444863393143,0.7427012846090495,1.0238475945984444,0.9174274546985371,0.6300357362569202,0.8288624526635909
1065,logical-sweep-878,run_5e0014cbfe2d8fc1526c393ec94399c7,0.7163369655609132,0.23213649631108366,0.6184168276687801,0.45858086216704164,0.12811998990193732,0.3564118447581851,0.19071402762010453,0.6096982230809004,0.30992506121237645,0.1281199899019372,0.31699150221592964,0.47327998794512977,0.34988286555785636,0.24399025210441735,0.597051199174211,0.3405399968030059,0.8029062677120284,0.666523690338398,0.5078458008711594,,0.702569853440918,0.8204879627374039,0.8041288036187801,0.7100403559844923,1.0259465592961785,0.9539918851064095,0.6263131358456996,0.8934267478955228
1066,peach-sweep-879,run_ac877b0cb658b24fc26bd758a3cdfae2,0.10497778654098514,0.3081699438526176,0.501129282429454,0.48171048401058525,0.1804389378674072,0.3446924127440452,0.2273546151815756,0.4834961495550899,0.2743847847055626,0.18043893786740683,0.23336259205135496,0.3449191567205305,0.26437277898295347,0.1771362896274303,0.500231080712151,0.22767689665022517,0.749497358248602,0.6471742074837119,0.5418076803243932,,0.7210969847046591,1.1332432707495095,0.760357983063305,0.6006210600344265,0.8935232053231978,0.7622237950889637,0.6302204496831958,0.7857590414636244
1067,still-sweep-880,run_31778b173eedef8ce2a3fb06c7e1f643,0.5619016289711,0.2566788733621544,0.6669678086478547,0.5552197462468774,0.10685586326960846,0.3807778992240461,0.21193522678058427,0.6585430896078805,0.40041055573417783,0.10685586326960808,0.3333931263538137,0.37215140719273343,0.39730241854326903,0.25191478040630416,0.6261551709775977,0.33889252592827335,0.7774771948177298,0.6240906137526236,0.48856211169746727,,0.684610544478582,0.9721343565028159,0.9049856730498186,0.7993273136607956,1.085728330047831,0.9993653449100598,0.6726016496310574,0.9012213475775187
1068,fallen-sweep-881,run_5592961cf55e3fe5552d64d36c21174c,0.923101603984833,0.20804001814347178,0.6105744373996574,0.6111789874607374,0.10841319436475647,0.3631118520130716,0.17501274912037457,0.6008762143187572,0.5272970098681768,0.10841319436475615,0.3017211620255324,0.5197080835679015,0.30349708491165117,0.3999902095371877,0.4878655478709108,0.26312703289725436,0.8271258335443967,0.5979004273720782,0.41956686325295683,,0.6882667071628473,0.8673259258370788,0.8886065200461768,0.818366558398272,1.145347409247461,1.0917522449282744,0.72696091364618,1.0250225901757402
1069,faithful-sweep-882,run_d535bdd0610f26879cc8ae6c82411048,-0.027760118246078498,0.319881196136568,0.455800157827424,0.33390052679741783,0.2427502139281136,0.36787217368357694,0.20649987314945564,0.4336607798851668,-0.02409912695075784,0.24275021392811347,0.2631722031017432,0.28439451675527466,0.2666601383224441,0.06337834817865466,0.44273932063885085,0.24442840547741693,0.7402578135487377,0.6755196920914659,0.5316974479123915,,0.7005590070201886,1.1728317041793723,0.649282161554481,0.48092061459365737,0.7599815858698981,0.622325737126151,0.6261475496515712,0.7403144193402779
1070,balmy-sweep-883,run_c6d593a5efa69bcf3b1c2c22274d1146,0.48915117979049694,0.2687412069508973,0.7081553239543936,0.6182227388519278,0.08967276375451218,0.4047365639103679,0.23340756439266772,0.7014939182018559,0.5063240422427224,0.08967276375451223,0.3726922883745625,0.33940647336710583,0.4183526412180405,0.2874024412306186,0.6737327045400714,0.413063272332199,0.768934980312183,0.6267870337059664,0.4829352692319477,,0.6672601384275878,1.0698830939817547,0.977704021671158,0.8960674328101204,1.1527016109101618,1.0843213056773555,0.678258724483188,0.9126065675527909
1071,dandy-sweep-884,run_92fc9178e1fdb63d10607b6223ebf3b4,-0.341097712516785,0.5102236413537901,1.1175868731121938,1.3702915935003586,0.0,0.5732787383194335,0.51022364135379,1.1175868731121938,1.3702915935003586,3.1808907468589196e-32,0.5732787383194335,1.0,1.0,1.0,1.0,1.0,,,,,,2.21928874747929,1.84038790323311,1.84038790323311,2.5272569387315498,2.5272569387315498,,
1072,legendary-sweep-885,run_50b4fbc1e3d1f72130de171a5ad61e13,0.4029992222785951,0.2644436642637671,0.5332389997006723,0.3773848094378353,0.17824801891091738,0.3801345263236779,0.19285382973325488,0.5170752945658383,0.14487176316375228,0.17824801891091724,0.3092439212422279,0.37232689075026526,0.30512927644795945,0.14576104885653773,0.47468243667492116,0.2762462109916912,0.7708269884842704,0.6458478484196776,0.4972378816077348,,0.6750000397509703,0.8849706513756077,0.7047649088635535,0.5705675136697725,0.8658354630359201,0.7606081513765673,0.6562878662343519,0.8268562363867202
1073,vital-sweep-886,run_1726934c28d534c3ccd402283a91e14c,0.26132732629776007,0.28747152269343423,0.5482326049688427,0.35355279103702414,0.20777911471464777,0.38785340664754886,0.2151897761023824,0.5337342512721434,0.13815942423268138,0.20777911471464766,0.30726198192337406,0.3214140759164088,0.28708370061167066,0.21061499004991013,0.35471542906035386,0.23458120238595384,0.7485692765713077,0.6528758858253434,0.4938698359306654,,0.6670817827894113,0.9854927113253596,0.7128803837676237,0.5918335215449823,0.8592328991306656,0.7618068328731038,0.6632347264025513,0.818512697332229
1074,faithful-sweep-887,run_26ab8c423279e1f21c7604962d8e4c67,0.43363124132156383,0.26774946633079033,0.5821546164521485,0.44974649420028195,0.14587930192223839,0.3978468134704905,0.20667669512048245,0.5660888731666168,0.26372517498083253,0.14587930192223839,0.3201111034044552,0.37753318331225677,0.2407846190188124,0.26343091870723323,0.38210617064292024,0.2498255045988881,0.7649292811076011,0.6171361638507684,0.4721823070346211,,0.6551753621464633,0.9284123422859829,0.7828573837056245,0.6578167195713754,0.939558443850766,0.838228621997903,0.6931338088124037,0.8662210243971498
1075,atomic-sweep-888,run_56c24edc071495ffb03dfdb683e80c31,1.2970644235610964,0.1547448510210828,0.5669814144602576,0.5046570870328692,0.09150959479884202,0.42994928754622996,0.11415267680275132,0.5486625486407793,0.37853238691168034,0.09150959479884173,0.34862599625137625,0.6651368324666809,0.19247448860438623,0.5145173408251656,0.38570058526855044,0.1748892081014947,0.8662710340869526,0.5565233832793139,0.34116691868198484,,0.6101527620758466,0.8151036569550782,0.7746564843550929,0.6762752352728015,1.1594283925411357,1.0961431122442051,0.8053669815315188,1.1801684217171373
1076,sweepy-sweep-889,run_85594b5b48e1a3a5d36b91c5c2c25760,0.4419273138046266,0.26591974332625196,0.4980162725516344,0.4408230900502064,0.18270772337865443,0.3778679722273378,0.19234642755552583,0.4732319246782226,0.19125466821655546,0.18270772337865426,0.30674776194724357,0.38309613821890726,0.2636664641707201,0.15359597314007814,0.5232175536673137,0.2789674945839304,0.7734605745880972,0.6571401767739715,0.5164484157776534,,0.687252505706403,0.8682109925156188,0.7162810302795516,0.5454575609913688,0.867717058003191,0.7330745727782612,0.6345826220851621,0.8016043180172229
1077,copper-sweep-890,run_d8c27497c92ddb8ada5d6ca708734e91,0.32322913408279424,0.2849063227949147,0.5292007945794441,0.41567531471817576,0.18011435728126057,0.36191997780483076,0.18743897720021624,0.5141146697869331,0.10654168624638295,0.18011435728126032,0.2878723012420205,0.428208138757848,0.35968786702980066,0.08654896827677216,0.5459036038179447,0.33140633410030557,0.7713249233671751,0.6842877693915181,0.5250661548231328,,0.7099830057221397,0.9543889423101538,0.7307606044513413,0.5574929549081433,0.9242507001429705,0.7943718842386699,0.6144336095326297,0.8353184759239901
1078,lunar-sweep-891,run_d59b8c6a50112fcd479d024427be5256,0.5395659804344178,0.25563075472229985,0.6474897276116359,0.505107214404076,0.1192235311089181,0.3657810124473123,0.206504998423978,0.6391629704209639,0.33078920683600055,0.11922353110891801,0.3176356723565704,0.3635337733251216,0.3785367230685683,0.1921808255914185,0.6325581544410577,0.33321817405779214,0.7814806111004355,0.6513688462530038,0.5064393094219753,,0.7008181633245201,0.9414752953630566,0.8600716994329766,0.7487290007009395,1.0257210405124868,0.9343315478325227,0.6425702762903505,0.851631895102777
1079,classic-sweep-892,run_73533b470b36923d2c079a6eb6771038,0.26387989521026617,0.296397188274397,0.4778524585703014,0.3713254025177453,0.22028940129635524,0.3516467396460412,0.17724993144945336,0.4611009823396556,-0.006578784656097168,0.2202894012963548,0.26339224141711043,0.45585928148829113,0.36793229228147917,0.05620087475656869,0.5032978770284937,0.3291958178464524,0.7678494262587678,0.681411668716223,0.5313925589034547,,0.7142828204212075,0.9529419370519361,0.6738522241067514,0.49403940583822115,0.8946603905837923,0.7683848834190525,0.6123604719196178,0.8493089791798657
1080,noble-sweep-893,run_81c15b964066cb8e4b715c9568130005,0.8899170160293581,0.20679970170902276,0.46159079158616567,0.414626666336903,0.20044654420033511,0.38248957409032885,0.1444353613190405,0.43994122289041876,0.23313135310266392,0.2004465442003346,0.2646303555611894,0.5921120627571637,0.23125883063699773,0.34540220711085573,0.3843493929561199,0.1650242710654112,0.8294581099488876,0.6357026878498095,0.4339266161802367,,0.6808479073699208,0.6301583885616989,0.6540240423269906,0.5184207567190553,0.9752576450502312,0.8900225318969982,0.6944322456303539,1.0028041533910803
1081,rosy-sweep-894,run_39b7f8b11646caf3a6f81893f42a4990,0.16305029392242434,0.3102200536616242,0.5005850499333316,0.6241683773155589,0.15048572337209726,0.3563353096919703,0.2288511953421503,0.48530300144221616,0.3887715479929761,0.15048572337209692,0.23280771282129778,0.45342666567586337,0.3227185293806694,0.29770285945364955,0.5382753829428606,0.28787192872598705,0.7596814599999369,0.6923108702048554,0.530571499786846,,0.7236384431276535,1.1578671624849002,0.8581422010082682,0.6625973055689327,1.0652596021767404,0.9150984494717725,0.6105642620349035,0.8781564216884479
1082,dainty-sweep-895,run_ed815420a34d25d9b91a1ab6e96ab794,0.23580104112625128,0.2834533074677812,0.6840131704264062,0.5082927311849231,0.1258659580536968,0.36036615651261594,0.2474738803197144,0.6810743149473457,0.40484752553607184,0.12586595805369666,0.3344064187408869,0.34803406948861104,0.392605305879078,0.2358230905937065,0.6563225028979535,0.4194867475389876,0.7636233994163982,0.6771073464905886,0.5249151383225893,,0.7165152765825399,1.144655217362824,0.8980987113934842,0.8300644931896395,1.0665179160206415,1.0098941690298782,0.6211595517971634,0.8465922032331907
1083,snowy-sweep-896,run_982626340c23d8dfd8ba8b4575ad79a4,0.29195904731750494,0.28871696440240574,0.5779857955318514,0.40615833601266305,0.17120806271290356,0.36466088986364803,0.21237600038952092,0.5704427331355957,0.18503202829372017,0.1712080627129035,0.3080919090476405,0.36509812668001346,0.3356049416775413,0.20940395236727002,0.5349865965921851,0.3237467359562536,0.7605985450959953,0.6830418488651178,0.5163795337931967,,0.7028724615674805,1.0001770665360696,0.7631445860928991,0.6361959830297157,0.9338988133269992,0.8333802631895126,0.6258308729322026,0.8254947702837117
1084,spring-sweep-897,run_7a4618d116136ba4495b1820e7939a79,0.3615188598632813,0.2627984511420392,0.5984543797110123,0.31838844508198744,0.16935975659734637,0.3394760696373434,0.24222559920865738,0.5965931045742741,0.2597482254594021,0.16935975659734617,0.3217821190168114,0.5498257372294652,0.5159545682779546,0.5619091402483797,0.5041574516619666,0.4864559732224743,0.7707925997674554,0.7030201686789074,0.5253696855412302,,0.7168143636777027,0.9312233957903455,0.727036362556697,0.6943095231716704,1.1886299727926946,1.168899077640307,0.6049851138136353,1.1181530877646342
1085,feasible-sweep-898,run_bc867419ac418ea0b0465bbb057607d7,0.46234846115112316,0.2766879450980593,0.6869574682304282,0.609680211708258,0.11266470825451055,0.4020634172747617,0.23720283017659133,0.6763775885058096,0.4573887666015382,0.11266470825451029,0.3671490767559016,0.3378396487112374,0.4287776328547368,0.2771628941459417,0.6650609720053536,0.4161277826944498,0.7577316942563693,0.6262294861108191,0.49009542858206806,,0.6713072484917488,1.06427895823076,0.9592584337230363,0.8502683745088933,1.1379727146280667,1.0477411251159294,0.6770531744063951,0.9128012694683191
1086,confused-sweep-899,run_9836645ca072bfd87f14735e40e55b99,0.12284606695175174,0.3021169946415254,0.5729298756428749,0.37601464150570063,0.13368376015133981,0.40700471248725406,0.2202868616150252,0.5615663011238402,0.14117181510152568,0.13368376015133981,0.329756913468338,0.2665107487750515,0.26108003441325733,0.18230118443316412,0.3943156313200438,0.2349995475286344,0.7338930559457741,0.6333975488862849,0.5097105039951639,,0.6452054701148585,1.1131193445865684,0.7489394711737712,0.6195260231315294,0.8563497047991836,0.7458129650017952,0.6675283160504422,0.7861415509669615
1087,atomic-sweep-900,run_c50915bd877ac48b8cd7de99311e615b,0.1292279362678528,0.3050435263938825,0.6972434624071403,0.5288254643484283,0.10613539272611631,0.3730940974721902,0.2840555272241769,0.694892378023892,0.4545791803724685,0.10613539272611616,0.36124072909217475,0.4229614896015835,0.4664680256514456,0.28993604273749857,0.6778770501695462,0.46505346387811414,0.7484971381150366,0.6786997036119979,0.5306526051093023,,0.7163918329007782,1.2345237156851911,0.9267450407785538,0.8776133492662984,1.1573280088752158,1.1183724515249107,0.6219120091186771,0.9313035469735194
1088,faithful-sweep-901,run_f885e29a8d93062b116f88dc2dc0d093,-0.341097712516785,0.5102236413537901,1.1175868731121938,1.3702915935003586,0.0,0.5732787383194335,0.51022364135379,1.1175868731121938,1.3702915935003586,3.1808907468589196e-32,0.5732787383194335,1.0,1.0,1.0,1.0,1.0,,,,,,2.21928874747929,1.84038790323311,1.84038790323311,2.5272569387315498,2.5272569387315498,,
1089,major-sweep-902,run_9b166c05d90ecee143bfe2682a675979,0.4253351688385011,0.2697560113063555,0.6539660943154917,0.5300917567333611,0.11046067493090368,0.38056104986977085,0.22870256238099737,0.6472067267136523,0.39175920658867674,0.11046067493090322,0.3391316618393768,0.33685851051877913,0.3538652364133436,0.23390884227777242,0.5778821779566269,0.36965218105457814,0.7700390346136161,0.6508070305718331,0.49989766523788093,,0.6873500776957654,1.0192686550879475,0.8839893826889744,0.7903522538020776,1.036747238652394,0.9581567164282435,0.6518589730409645,0.8475421693818843
1090,azure-sweep-903,run_8ad41f44e93c98586eadb13fa32c8e2e,0.5855137109756471,0.25023640328735103,0.5534790062314621,0.5213167462221452,0.13732627561809654,0.334117817762035,0.2023099612272983,0.5424093172603335,0.3766032696065093,0.13732627561809638,0.25763058596362853,0.4375976366425385,0.24198886802056396,0.21826815226298027,0.5472514442782962,0.28970831909775163,0.788508932206289,0.6559142128038098,0.5184206674267505,,0.7192319297454957,0.8659728887325462,0.8004551316349975,0.6906281275338597,0.968720655242834,0.8801468631280973,0.6285237897396106,0.8323061001830677
1091,glamorous-sweep-904,run_cd4dac7d3363543ae3b967a1197a2413,0.28940647840499883,0.2893960632766393,0.51316770524368,0.46770707095689157,0.1647008776790193,0.3963743106861289,0.20544406659781694,0.48691392963073815,0.18399327282170527,0.16470087767901898,0.31279801837957727,0.3376809203834929,0.24559273105873305,0.13513328863774224,0.5182268804526181,0.27924252473335054,0.7542772816889467,0.6446053967310151,0.5174574382951149,,0.6709012937875065,0.9934959239276852,0.7522240885322378,0.5595944637077266,0.870888212462505,0.7111618402658565,0.647713132631727,0.7823921660021824
1092,misunderstood-sweep-905,run_5a6d55a39ab4be754d1622cc322a786a,0.4380983114242555,0.2725723496564784,0.6139105826008873,0.43539682932258317,0.1424605503444161,0.36586631715653095,0.21832644411016272,0.6065634439032356,0.27105087428585556,0.1424605503444161,0.323231501833254,0.3900406666443665,0.3611687571454736,0.21999680745777864,0.6208822619636374,0.38229893649290875,0.773083624169012,0.6886902096717378,0.5204526207845847,,0.7105766165822922,0.9392497591364037,0.8004700420445309,0.6993241195101655,0.9857613688295843,0.9055536495397007,0.6151182943848038,0.8422254473434492
1093,smooth-sweep-906,run_4d63b4be639e62ab7ef9fb363b731905,0.10242491960525515,0.3237917805972483,0.5927181692018832,0.7079613187248038,0.12369634994377218,0.34653403777483865,0.2636876862716957,0.5840975264633055,0.5654935325105731,0.1236963499437719,0.27064951962287354,0.4440076854514558,0.3360137136881747,0.3665372622886271,0.6094261988492548,0.31723267146574585,0.7455161765741968,0.6820645536879293,0.5424343359776522,,0.72849495721093,1.2876975894433553,0.9784503942944334,0.8546835973757533,1.1839606324821157,1.0839195804097637,0.6125449381876263,0.9053225427834007
1094,resilient-sweep-907,run_11bb87252509c4320cea244f49be6302,0.224314033985138,0.2982397244652417,0.5502680345043404,0.4181732743056415,0.17704477572792932,0.37754748163756335,0.21760890567701008,0.5416473917657625,0.1585981747582422,0.17704477572792923,0.3159702374261257,0.3938301978675532,0.3456162606644506,0.138551650012238,0.4987323325075425,0.33664258436047706,0.7587397226300844,0.6919335400882721,0.5252194881149322,,0.6940773762362733,1.0389189164767292,0.7527354982926436,0.6048875216709676,0.9275559899537396,0.8121811977523442,0.6152462918417305,0.8199252305754392
1095,fallen-sweep-908,run_8a741aa66785779baf5f44f34556ae12,0.18985331058502203,0.301199570501995,0.6173446896514193,0.46735092622362934,0.1275068932392159,0.40676554040533297,0.23929650481903925,0.6066668480774989,0.28659263472905777,0.1275068932392157,0.3428204925828751,0.275831612181076,0.29853933824804546,0.20210792921069717,0.43222263815004186,0.2826844000657988,0.7415895351214736,0.6343400359341146,0.49192982926811707,,0.6530005027976099,1.1206556172406135,0.8308143808056513,0.7123502088550537,0.9467359532431978,0.844688847958624,0.6772137595079749,0.815275969152013
1096,clear-sweep-909,run_a84f73687f7ee7565c409a8b355047a1,0.4878750443458558,0.2593286402902955,0.5430787232305639,0.5356565181905868,0.13415259877577385,0.32825650727441885,0.21698362218526313,0.5338703093961739,0.41047164444884143,0.13415259877577357,0.26310603215907785,0.4035349789895541,0.2722278379732093,0.21372644169885802,0.548054178010034,0.34064023277236677,0.7817098851118018,0.6619534018650997,0.521673656428916,,0.7234537456450917,0.9187678571377871,0.8056759576781569,0.7075212862154322,0.9652674322163461,0.8849936934040054,0.6250777293445705,0.8205788412087454
1097,atomic-sweep-910,run_0c295fa5fde9f969961aa73be50077c8,0.5236119031906129,0.25954646445750246,0.6511252006857329,0.4498652091113694,0.14088846558626142,0.37838458392428775,0.22250610548327512,0.6473046885629543,0.3335394356095269,0.1408884655862613,0.3397248086025415,0.44728957371705597,0.3569955986989736,0.2913514031223063,0.5768158552131473,0.366805266250591,0.7708773293527684,0.6721299562419227,0.5149673995017147,,0.688782425851859,0.9237360835858487,0.8328908094998058,0.7614203056916984,1.0517160077211922,0.9960724583419623,0.6286911700863728,0.8986946353975489
1098,neat-sweep-911,run_643cfb6cf7b0d428adb970f9ebf7d27e,0.48659861087799083,0.28060878010778456,0.7484611826172142,0.6363910667029408,0.07996157490434709,0.411262772785725,0.255653818457651,0.745522327138153,0.549160339326788,0.0799615749043469,0.38442766519416405,0.3892452058047116,0.4819975013952094,0.3083436026774788,0.7078767332412434,0.46571718785609395,0.758376885415693,0.6381692894974598,0.4863281031377352,,0.667673347984445,1.108498406862398,1.021728446867192,0.960593302830588,1.2340333131820018,1.1839124513021568,0.6731730908096901,0.9654383507482885
1099,volcanic-sweep-912,run_5221e42710a461236f58111ff9df88a6,0.2396297454833985,0.3001898914210592,0.5301749707475034,0.45150743204807936,0.1913927130019115,0.38450738922147093,0.18353351801405834,0.5147949604070858,0.11119135359730986,0.19139271300191107,0.2996969689722057,0.4719217002499508,0.4731731521243992,0.1297193755387415,0.548295652600027,0.43522033068933813,0.7672448314158649,0.6848634302302687,0.5254316849250037,,0.6977856789392133,1.031070989192989,0.7583260721570599,0.557729253858852,1.0190625452647446,0.8800522484820188,0.6153869610106985,0.9176770408102668
1100,swept-sweep-913,run_4242bd3b486fa82947607e77cb0f6194,0.3640714287757874,0.28387614261588884,0.4777164004462706,0.42053767961813365,0.19941542708575816,0.36305205899259124,0.18401016854465269,0.45449944216169186,0.06700467439962424,0.19941542708575802,0.2878276557867288,0.4427252263980737,0.30931072810233534,0.08053804978237504,0.5034517120817351,0.3030547331042744,0.7669881654653927,0.662387894094673,0.5331792741970801,,0.6989561159810352,0.8997055334570384,0.6968863347637274,0.49489303030505516,0.885333662328273,0.7369424953927484,0.6214483398691945,0.8272624548457089
1101,solar-sweep-914,run_8b62fc3d446b279e6295c867e82825a1,1.35577529668808,0.14158827132178267,0.5129663392201149,0.5307298493804564,0.0990364218760758,0.3840992022016587,0.10339472557998872,0.4927861982638983,0.4175104493854028,0.09903642187607546,0.2744340191991403,0.6842532226114942,0.20000288639625574,0.5321348529834307,0.4468739557327783,0.1930810759226663,0.8824371060636662,0.5920626746730849,0.3303783664084239,,0.6695495806468549,0.8193806807154899,0.7515689434590673,0.6540976087887406,1.1645715975211333,1.1041806060622033,0.7928600302697911,1.1916367552992648
1102,flowing-sweep-915,run_31d9aa4c3bc516ef218647bbf2ce7039,-0.341097712516785,0.5102236413537901,1.1175868731121938,1.3702915935003586,0.0,0.5732787383194335,0.51022364135379,1.1175868731121938,1.3702915935003586,3.1808907468589196e-32,0.5732787383194335,1.0,1.0,1.0,1.0,1.0,,,,,,2.21928874747929,1.84038790323311,1.84038790323311,2.5272569387315498,2.5272569387315498,,
1103,sweepy-sweep-916,run_9b1b1ebc6c74c82543dc06b5f095cd4c,0.1834717392921448,0.3104430031033537,0.5143432474353045,0.4887987534934335,0.18454947231065316,0.37870985795570056,0.18183961478436697,0.4940651446297858,0.08312022357974963,0.1845494723106528,0.2920338954674498,0.5033767483206825,0.36685819430743755,0.14117613255435293,0.5576512477821188,0.3904977136179051,0.7630332018152137,0.6654514355010337,0.5252633919969006,,0.7009842195904463,1.081753945282209,0.774498583455682,0.5329868518180592,1.0038684384212302,0.8318526132040142,0.6272566081186842,0.8951841365395045
1104,light-sweep-917,run_214479be705391a9e2d4ec440c61a343,0.508934259414673,0.2614120643836985,0.5537347955046396,0.5875646130635865,0.13700989151139806,0.3456762072410145,0.21717581997985733,0.5429589920814175,0.456928746321074,0.13700989151139795,0.2726761043970191,0.4007940665487599,0.2343803197395089,0.25958411816662946,0.5521086792641614,0.2729700289791315,0.7817276030660977,0.6667370140596133,0.5078240196914431,,0.7134479588949292,0.9449867511524925,0.8486404808176865,0.7421278077801293,1.0015710649518121,0.9130759089729471,0.6332015892698489,0.8269813692702486
1105,genial-sweep-918,run_a0a1dd9e9c9248dfdfb9858915e1629a,0.507657825946808,0.266644969671188,0.6098723774796593,0.44232681225731457,0.13016173293247088,0.3729920507172372,0.2177037232556768,0.6031130098778201,0.2886602527638314,0.1301617329324705,0.3276450239849736,0.3916501220839965,0.3419045670519522,0.2424906086049655,0.5946227786945144,0.3392789935704911,0.7690262695156729,0.6717574895885166,0.5212314470827762,,0.6938797290252243,0.8999989677804265,0.7991851259285038,0.7031820214773319,0.9837617149830324,0.907499422418519,0.6247490192689636,0.8481754437842036
1106,celestial-sweep-919,run_5b926ec39901fa1c9f2a4ac19f5bb567,0.6748563051223756,0.24089559047006448,0.6165337832321972,0.46945316944080334,0.10866154769203534,0.37013793053964394,0.1961980713591969,0.6081090641922231,0.31190858951846234,0.10866154769203518,0.3263694395480603,0.45117343890188266,0.31668386540956345,0.22311166448509612,0.6015082217608678,0.33727569208460767,0.794463903448766,0.6618451926428576,0.5071141729920039,,0.6927423270688613,0.8403681374750563,0.8114991495205294,0.7110395807359858,1.0060595544415578,0.9269316278905418,0.6320840127622439,0.8678451224730275
1107,driven-sweep-920,run_1d48b85d870c41fc3536398b68c1f8b9,0.42214423418045055,0.26470505326441546,0.3889085417290267,0.37111765142334224,0.23211118360441826,0.329024249657386,0.1860115882456954,0.36559362159514536,0.1331437192392348,0.23211118360441807,0.2131517538887388,0.4475270932744806,0.2738939986696088,0.12572550521980652,0.3879447705138688,0.2378386184071232,0.7854921257683014,0.6714936140592371,0.5379447952385239,,0.7422960362812682,0.7892372590790893,0.5992052488517541,0.43126123995276533,0.80632019361802,0.6907181635589914,0.6061559914398548,0.8114988665076139
1108,peach-sweep-921,run_c1ca5ddb09ba3d56aa093ef00c7d9d07,0.8988514542579653,0.2049238512337817,0.6213665677977633,0.5000717235921153,0.15378972423764545,0.4133906070745508,0.16345525507209993,0.6108846499224471,0.3789874607375168,0.15378972423764536,0.34798182611073497,0.5186316244162447,0.29437516722731827,0.4275420617437666,0.4584828263728564,0.24556199470695161,0.8212329887174519,0.5988480372457612,0.39994357737443015,,0.6314716785602529,0.8039895326550526,0.8235058743674185,0.737244309111862,1.1029912241729312,1.0401715660421995,0.7436049030760014,1.0446894119131889
1109,worldly-sweep-922,run_66663bdec313f29f2c86af32cefb23af,0.19112944602966314,0.28153389215909874,0.5272089036436365,0.3402616674498553,0.1403876606919796,0.36421842151209366,0.2011798381950833,0.5155514435766964,0.11085004822793273,0.14038766069197942,0.30034512531421226,0.3412633596895855,0.3076742212941,0.1784386340176015,0.46364367679591867,0.26880090888785774,0.7688711089566977,0.6651523092048082,0.524032809148008,,0.6896525510766797,1.0237181269749798,0.687741639608314,0.5644061936782324,0.8461400688282962,0.7493455842853631,0.6261695513783113,0.7969019765936945
1110,rosy-sweep-923,run_39d1374e71c228c8dd8f4fa8fcdc1f12,0.3264197707176209,0.2857443051793461,0.5837764292905931,0.6125590483021295,0.1210570835614687,0.3236532419377084,0.2261937405022255,0.5740782062096929,0.46074246283975945,0.12105708356146846,0.24761087021167513,0.3844323909397251,0.314048853879278,0.2937298470772276,0.6312614373390556,0.28280748600021427,0.7682506596092702,0.6669863282932894,0.5386946015649411,,0.7358302539865769,1.0815423395929482,0.8931255874704928,0.7700733810170132,1.0631864765341241,0.9621357394055722,0.6143358470254293,0.8426747307419303
1111,trim-sweep-924,run_40c3fbaaeff5740a6bd4b575b7faa726,0.3391832113265992,0.2712961563003718,0.44952515714713315,0.452407686790493,0.20059244153451214,0.35112135830608765,0.17138405475843285,0.4270918936569703,0.19061657556946077,0.20059244153451192,0.223862676957444,0.4387075913947099,0.25778786307882456,0.1355461907650395,0.3909613643342107,0.21929302388364666,0.7898216390458612,0.6648124688278008,0.522697416075812,,0.720126177785436,0.9183814077864957,0.6930708379369567,0.4981110907566366,0.8704245454533336,0.7248491992571788,0.6199543379051305,0.8134095426145405
1112,iconic-sweep-925,run_e0a960372ccfbc3511ba04ed862663e2,0.3940650820732118,0.26375431484048856,0.5220931181800865,0.34253703657903195,0.17795540459461853,0.36859048716961373,0.18990423424554653,0.5042640616071183,0.09329508075087253,0.17795540459461828,0.29078302547900187,0.3686079389621814,0.2454946003260181,0.17350615628558344,0.44697731377698063,0.2369145039990228,0.7734097025151242,0.6529661977015604,0.5078884332447613,,0.684115903149583,0.8700976785639039,0.6778489389800108,0.5468544907973298,0.8280839219550772,0.7247714341979703,0.6433890090655052,0.8001207500811791
1113,earnest-sweep-926,run_d3928ec300a0f3fcd16915341a557780,0.654435157775879,0.23498102367108034,0.5582845791722225,0.3858976578537334,0.08857115691668116,0.3723112075240348,0.17118673168931597,0.5465291572559797,0.18480943783543174,0.088571156916681,0.30796435060394944,0.4660393755395115,0.2896422022527411,0.18562334386872256,0.5546785792668446,0.276711474711296,0.8034952602074832,0.6337442839226648,0.5113811887171944,,0.6810278161196713,0.7615863272537686,0.7182024471999602,0.6017919450694315,0.9226895934343755,0.8352813153773592,0.6414871043596031,0.8643188275906929
1114,swept-sweep-927,run_7cfa42c2645e997672c3564ee2ebd415,0.2192085981369019,0.29202789174395155,0.5139350730632127,0.39468750772883543,0.19595569311069513,0.3728963818844687,0.18247514882515894,0.49688971128466086,0.0633987089753417,0.19595569311069486,0.30055639398657585,0.45707765187192767,0.35893012617336134,0.09223786567910697,0.5265937996450661,0.3906147889342971,0.776895226508323,0.6674170996500927,0.5281413682686875,,0.70505742495003,1.0146638366005913,0.7107656277832423,0.5331190874645716,0.9227385419601392,0.794024307310346,0.6189003909348219,0.8539884853321458
1115,warm-sweep-928,run_24c7359c58cfc4ca6c477ad7b4fe44c2,0.655711591243744,0.23644428954725885,0.5436120710767638,0.39136349021838585,0.14028028681120885,0.35889604544907344,0.1727883799776023,0.5331301532014475,0.19038903865654333,0.14028028681120885,0.2979789161837384,0.4856902182266551,0.26946093077149946,0.22480818142153267,0.5306883244242177,0.2700915800381604,0.8024879715951019,0.6544828106041151,0.5196391671452653,,0.6936771244617528,0.7531360924163706,0.710341725760069,0.5918881402329716,0.9293160211053871,0.8422437119241682,0.6238105956727118,0.8649754672826848
1116,vocal-sweep-929,run_48a63f13ae42a41e9ee83af73e11e96f,0.5025526881217958,0.25374465369801363,0.36903317097063887,0.39795216778374104,0.194713106826356,0.32997854626425166,0.1796178082788559,0.3489509918637239,0.16106150916330697,0.1947131068263561,0.21931521843984825,0.4553852268969519,0.1939163630002565,0.14264299928699878,0.39652793325940355,0.2448822402534808,0.7924945039058582,0.6817852230022757,0.5357881729584908,,0.7424340994349156,0.7362100496565331,0.5991141447176392,0.42422890225388765,0.7901038187235743,0.6673053629848668,0.5998431424749334,0.7906567406498408
1117,toasty-sweep-930,run_857a11a77bcc9730ff1ffca6b308b2b8,0.42086780071258556,0.2667192861517645,0.5410432936950668,0.4625479187792149,0.17079168155693775,0.3916586344709154,0.19766646250989806,0.5188059539035075,0.23521875695595204,0.17079168155693766,0.32362374404760486,0.3788991241619121,0.22952489877190962,0.18799008183549892,0.4885184170117869,0.27289773258208344,0.7721336719383041,0.6260805021865918,0.506319277788435,,0.6705889178129991,0.9176450986470025,0.7601431446936138,0.6029589636375005,0.8996688817226776,0.7714570682456967,0.6598935594417362,0.8167288449100601
1118,confused-sweep-931,run_b93556db50cff62c07b195eef1ed399d,0.277281403541565,0.2680928597237989,0.5567063049334677,0.5933915366161304,0.13401981580871386,0.3210917089403321,0.21416984647240164,0.5498489754823264,0.48576163035144554,0.13401981580871372,0.24075859006463224,0.3822654770486958,0.3351446293800482,0.2617590907639753,0.4446220974948907,0.27246355189414667,0.7924482851182864,0.6616520803063521,0.5174968329036023,,0.7465823942384878,1.0882819466237497,0.8566850104415346,0.7643081711578585,1.0299882748159574,0.9545331946254202,0.6247930340276,0.8469551195385464
1119,likely-sweep-932,run_8c6a1406f28ffa2f8596aa37f2a3742c,0.601467788219452,0.24909346706882982,0.5186317995047485,0.39230331659782847,0.16112229475195813,0.3677501959217971,0.17067676687432584,0.503251789164331,0.14627655627828798,0.16112229475195813,0.29516625250034495,0.48242943831202084,0.34674864699290886,0.13840394172546255,0.5318122437886873,0.31558046398537304,0.7915997571449509,0.6571293816170849,0.5170045516669152,,0.6945436456675981,0.7626983410876709,0.6963679997009913,0.5511712555680026,0.9257736382259812,0.8221424397213772,0.6279136288398298,0.8754450088437387
1120,blooming-sweep-933,run_e85248a74ce32b425f947177c2957ffc,0.5650925636291505,0.25560512834968724,0.6479468829083784,0.5535379516731385,0.11369172712936343,0.3783622611966417,0.20274304692445075,0.6352118424991158,0.3655331041476025,0.11369172712936312,0.322553847601144,0.3903559629092026,0.37999541371349405,0.22609796847896643,0.6388672792679443,0.33166901376363106,0.7814115288374708,0.6267112792342011,0.4958451337507043,,0.6908001695238594,0.9567569729162376,0.8897041129790497,0.7604033654285819,1.0674586606628913,0.9623449806215489,0.6643022790409375,0.8883648470709316
1121,good-sweep-934,run_cccda174d248647c82ca040393e2a3d7,0.12156993150711062,0.30149939906156215,0.48836703039538504,0.4130932654020231,0.2054144303938572,0.38224242960567695,0.19619038344741332,0.4654439576587119,0.09266193455840531,0.20541443039385715,0.2749737508640092,0.3707225124860443,0.3182062222386139,0.09358703402185824,0.4480435119875259,0.2917850807530629,0.7605813294604893,0.6634964049218565,0.5226553745724409,,0.6895159400946791,1.0866405972216093,0.7071423406445101,0.5135318669706429,0.8645803629533464,0.7149572661821809,0.6312003332762101,0.8036558808347902
1122,ethereal-sweep-935,run_93842027229755ea0b940ad8c579f3ff,0.5548819899559022,0.25371133941361734,0.5595308715883425,0.5660277496104666,0.1251167998321361,0.33881754917178697,0.20693808412113043,0.548069335220006,0.4343432344866817,0.12511679983213578,0.2683144028630493,0.41206992256432545,0.26017288202645733,0.24498845363896601,0.57174794985457,0.2856727158311377,0.7917706057739056,0.6631687685712447,0.517550267879395,,0.7174683266610788,0.9119168012791062,0.8353631864863037,0.729285549159296,0.9976685548703461,0.9106966038440628,0.6241574345538323,0.8289049373416444
1123,peachy-sweep-936,run_12b3900bdd7c8b55623efb8c372fb8a6,0.507657825946808,0.25746560300136073,0.6072437345233884,0.47297999159102705,0.14585553213183877,0.3809317665967486,0.21304484871470913,0.5998965958257368,0.2905448519773455,0.14585553213183833,0.3341784080227883,0.36092576943127,0.31934434867068257,0.23474209579755026,0.5329311302929828,0.32863438822930585,0.7717217429789349,0.6330718781472393,0.49542640123038667,,0.6790677176493399,0.9137044609252946,0.8116301881350975,0.6997716372201136,0.9726744768416085,0.8814944241823662,0.6643355521197768,0.8536356373870363
1124,super-sweep-937,run_c8eed42dac119d82c11a35b7eb8ca651,0.11454999446868899,0.29861899477990783,0.710979890609268,0.47845571686493665,0.1431006953893164,0.3620714534567142,0.26743682458491685,0.7091186154725303,0.41281131748818967,0.14310069538931636,0.33008457922057016,0.3902582425884433,0.4497557879608354,0.37278911130266373,0.6109445256047547,0.40681539445310994,0.7412413343679781,0.6569877120047939,0.5224641818695029,,0.70108862978958,1.2322475360685068,0.9075161606797257,0.8630091829175845,1.1476667931560938,1.11280651328899,0.6423814554864842,0.9519492741586896
1125,stilted-sweep-938,run_fcd070cdd9620b7b6c6d142bffe828da,0.38959801197052013,0.27714409453056327,0.627815722876813,0.4661786164766402,0.143244133779659,0.37308293610836724,0.23267721277320907,0.6170399194535907,0.3218608562312961,0.14324413377965875,0.33194055457627886,0.3349872503450652,0.3435205034425053,0.20033904798390964,0.5671535224638031,0.3636071102485145,0.7565007873296483,0.6592932253481011,0.5130614061979918,,0.6930474205482092,0.9920008424097991,0.8296287925841144,0.7338060767785628,0.9791028862233091,0.8993497020866716,0.6422477458104918,0.8263417545573363
1126,fine-sweep-939,run_e05ee36de4adbac0f58b9474e40c6b3f,0.26770889759063726,0.2958436586259652,0.6282238972489047,0.6689238987955382,0.10925989069175009,0.33162803638923505,0.2493932956283971,0.6197012163596287,0.5581431009324066,0.1092598906917498,0.27424108705305716,0.41548805937158423,0.37534083032046145,0.3302923304494036,0.6795408553789978,0.3240433425420806,0.7638439708050683,0.6538227687821146,0.5370908998328634,,0.7367181027899483,1.1740420376299758,0.9641825127037009,0.8704885608555917,1.162863709874609,1.086441173980513,0.6244142699813536,0.9013863048083565
1127,valiant-sweep-940,run_d8eb2561fc5cc34d89a8a6419c31236a,0.4878750443458558,0.2664604597883774,0.669591009279164,0.5563376449929514,0.11205898842329244,0.4047254025465449,0.22153230332399648,0.6583253966094317,0.39288699824400813,0.11205898842329212,0.3571253748025835,0.34528473080125793,0.3931953826664521,0.23154976641232747,0.6097047708481811,0.36768506950092156,0.7710894081033965,0.6267565809674914,0.5007506714914168,,0.6632277356559276,1.0100176558593181,0.9104201621089167,0.7980157157764426,1.075315916451879,0.9819717568374898,0.6640486435117545,0.8765843082956251
1128,distinctive-sweep-941,run_ba66ef8edea6850ebf25893917693cee,0.26005119085311895,0.2876739710370736,0.5631881139622851,0.4209185566245392,0.18464209252841726,0.3767590110074965,0.1941735879228031,0.5491795695120956,0.14970939579056675,0.18464209252841723,0.31094842094605324,0.40419721718891344,0.37712103281937354,0.10171333099213557,0.521659440457733,0.3874285950119815,0.770423620179902,0.6723661982530853,0.5165362851063872,,0.6966696985745839,1.0207240191046592,0.7596772976939091,0.6014270404664906,0.9450136835575709,0.8231984879018001,0.6275240121598304,0.8424533526057686
1129,denim-sweep-942,run_82dc6dfb114468beea5c3558f9cbe612,0.5957242846488954,0.260404947940024,0.6844920950229939,0.8766651002893673,0.06919467950126061,0.41337545950936244,0.19693354825317813,0.6710713216686167,0.7116563203324021,0.06919467950126042,0.29738178321920844,0.5437032308487278,0.4915641771891564,0.5216482031308197,0.560078701789054,0.406985847027189,0.801865261092549,0.613990420239571,0.4452493613996992,,0.6802661206007663,1.1834314429813757,1.1423142576042637,0.9977846759009208,1.4540451349550985,1.3434804244287728,0.7042790934396593,1.1425298389174783
1130,fallen-sweep-943,run_fff51bb841fac4c614c873ca7fbb6bb8,0.24856418371200567,0.2928633114911217,0.5018204576995293,0.3800262162095317,0.2031382680511067,0.3765118665228445,0.17237835801580106,0.48408936297586325,-0.007934113224346385,0.20313826805110646,0.289104037463915,0.4301811287540424,0.43705314963222425,0.10262277985293015,0.5065660563191038,0.3635781196721348,0.7690711479236718,0.6856131108692392,0.5185160414909858,,0.6952585232643239,0.9802548050240322,0.6942712841460783,0.5139258310410729,0.9319953380109457,0.8066736972875401,0.619672536974262,0.8778364011388514
1131,legendary-sweep-944,run_fd2654ce57b9b3e0e130169004159cb6,-0.22112309932708746,0.3505226498694336,0.4630656616506572,0.3954739940147898,0.26232832473795864,0.3952900639147527,0.23843289606199544,0.44327736809164897,0.06520911136942614,0.26232832473795864,0.2754505005473054,0.268530945746718,0.27952853330589894,0.13185880449935614,0.36067796634147137,0.23618111608970813,0.7173659596467361,0.642015900008305,0.5289716738396425,,0.6770704705058003,1.3645406225730925,0.7026347664423249,0.5075404409427487,0.8132204062203762,0.6520959387023761,0.6556693531489042,0.7730033083619213
1132,stilted-sweep-945,run_d6bf19bd70703ab3102e217a976952a5,0.47638803720474254,0.2666757213183231,0.4339982040327628,0.5250463730121434,0.17159493654285615,0.34249681303200835,0.19074990454176188,0.4096057035565595,0.29879553829792527,0.17159493654285612,0.22423578540524125,0.4515896821707832,0.2572350519755548,0.2113382072811245,0.4996328576844147,0.2178360769504227,0.7837493174359352,0.6663776115951207,0.5301246407089157,,0.7274540982028852,0.8591842773812685,0.7315354231050731,0.5417020695691519,0.9219061916064417,0.7798769666045262,0.6155088212392457,0.8328373550028244
1133,solar-sweep-946,run_d1229f7643027f4ae041375bea120e05,0.47894060611724865,0.26019993695912336,0.6484475768048112,0.4861870254495089,0.1269429754531834,0.3657921738111354,0.22255992086576132,0.6427657895452937,0.3452823188979301,0.12694297545318314,0.3279934179843056,0.32672454006098256,0.3678366051283615,0.2288273792420905,0.6092426760315982,0.3527806156832424,0.7731294238563453,0.6580873638429083,0.5089206504513477,,0.6999670789742578,0.9635169824828898,0.8512144798891786,0.7628241332896402,1.0094457654645081,0.9361171513065621,0.6399479952595938,0.8390161495930786
1134,avid-sweep-947,run_5182d1dfcb75912dd725334775cac0df,-0.341097712516785,0.5102236413537901,1.1175868731121938,1.3702915935003586,0.0,0.5732787383194335,0.51022364135379,1.1175868731121938,1.3702915935003586,3.1808907468589196e-32,0.5732787383194335,1.0,1.0,1.0,1.0,1.0,,,,,,2.21928874747929,1.84038790323311,1.84038790323311,2.5272569387315498,2.5272569387315498,,
1135,swift-sweep-948,run_48ea49da3385264917e716e01a26a25d,0.17262279987335208,0.3133669722184495,0.4968733843097773,0.38399821927633365,0.2278285230927612,0.3876788110277463,0.1938045681571817,0.48119948842145394,0.020092498701555314,0.22782852309276097,0.2937846351071134,0.45184229580812935,0.41154191274500623,0.0678372654811692,0.47968658311145856,0.3668705045076228,0.7543881470252793,0.680639974487323,0.5302469366436214,,0.6881520617034478,1.0386966947729535,0.7018095551645085,0.5191501389768982,0.933095253730908,0.8047651630225271,0.618856969541295,0.872418505973353
1136,rosy-sweep-949,run_273752f90b84ed2559ff856818d194d9,0.4968091845512391,0.2508488735927918,0.452050395929141,0.41836123958153,0.1673811264585636,0.32927617758367633,0.19005286720669984,0.4350050341505891,0.24283629708406498,0.1673811264585635,0.2306750950908335,0.4242094768836228,0.2637815253951444,0.18504570656280253,0.4512556768750648,0.23288865949879667,0.792739669938492,0.6718399416475984,0.5346520271991244,,0.730383761435586,0.7953468953833142,0.665057023590203,0.5332156592330564,0.8521015969716598,0.7537209206240304,0.6059658440085063,0.8068276712160622
1137,dazzling-sweep-950,run_3ce3ad85ac2bccf5442a9f3bf5b50a3b,0.5248883366584779,0.2589211809657554,0.608642412038423,0.5779140800831004,0.11555642620381695,0.3434774185678854,0.22552489217703744,0.6013932351900734,0.47868820023248326,0.11555642620381701,0.28832911991849014,0.3875653621185216,0.30146816941521015,0.2515457225255137,0.5769300660884248,0.33817881982087333,0.7809243248830268,0.6317981555115406,0.510161900636897,,0.7136015613407024,0.9644487349431246,0.8783339044138891,0.8010478720811018,1.0372249829465392,0.9726473723663487,0.6507750097386333,0.853154927844773
1138,dry-sweep-951,run_2b1b483799df3ef6aca2441646e76b9b,-0.341097712516785,0.5102236413537901,1.1175868731121938,1.3702915935003586,0.0,0.5732787383194335,0.51022364135379,1.1175868731121938,1.3702915935003586,3.1808907468589196e-32,0.5732787383194335,1.0,1.0,1.0,1.0,1.0,,,,,,2.21928874747929,1.84038790323311,1.84038790323311,2.5272569387315498,2.5272569387315498,,
1139,rare-sweep-952,run_c3a80b9a4484b647e725b293cd618865,0.33599227666854864,0.2748607847307821,0.5787586056763453,0.39951030099176404,0.10603703497273852,0.3777738978751155,0.21461830799312195,0.566709298212196,0.22431182449978945,0.10603703497273811,0.32272605150012734,0.36207987689092525,0.2984815088862384,0.2402104949504623,0.4982168739491832,0.2990743524736103,0.7658618006255891,0.6379849705990359,0.5244685092374604,,0.6752352499457122,0.9672002175799872,0.7550618883414647,0.6461704430074271,0.9208759881256964,0.8339246798704987,0.6418767612441781,0.8306021351441464
1140,misunderstood-sweep-953,run_f0b1d420c4d59dc816c3308e9de1942c,0.4846841096878053,0.26408233240992973,0.6197719665841247,0.4282937204758489,0.15150208682366753,0.37912362565742425,0.20656137644372574,0.6112492856948489,0.2282096307471614,0.1515020868236673,0.3322124135093955,0.3978775825850936,0.35771279689323593,0.20424799667975613,0.5779097871834109,0.3502682851753642,0.7731970814170521,0.6671563799370864,0.5113680722443542,,0.6841589339796332,0.9127449087071633,0.7983058811343348,0.6843777663443965,0.9824838623541354,0.8923873525544714,0.633234237953482,0.8537961466586507
1141,driven-sweep-954,run_1440b6387b5f570ad5336d2d85fd0a2c,0.44001281261444103,0.252586341655925,0.5608098179542301,0.4607474092943881,0.16608526305781146,0.31363671514684766,0.22984549859951872,0.5566954202835451,0.3995795513565652,0.16608526305781132,0.27684248206408685,0.4600281283357813,0.41112983207839643,0.4097212910640744,0.5043129401364411,0.4947915787183576,0.7842665971329317,0.6743494047733986,0.5253775432091315,,0.7285626475479794,0.9167232281999492,0.7685022362208654,0.722774212360574,1.0672960419268007,1.034856374619006,0.6146996728275071,0.9624868008499592
1142,clear-sweep-955,run_e9fc6e0aebe59eee8ebff5edca286108,1.1222079396247866,0.17632481939813902,0.650080274293178,0.5614671184428559,0.09485867630135507,0.4120249344867805,0.1426978932559074,0.6383248523769353,0.4642346598075832,0.09485867630135467,0.35178227049246324,0.5868017710648328,0.3335922381909862,0.5284436356670817,0.47122495764806754,0.2655094769650837,0.8469387760547891,0.5856946274841603,0.3304557869835434,,0.6255086585651879,0.867631528141384,0.8768923138295853,0.8020817447544689,1.2263004958151749,1.1739709967676002,0.8021010741514569,1.173984203104139
1143,ethereal-sweep-956,run_eac3b967c10ea366bfcb83d889253cc4,0.41321009397506725,0.2694741212076171,0.5430950502054477,0.3809363638612025,0.18263231576773145,0.3570966741527528,0.1917493330736526,0.5304579716454869,0.13171914030618564,0.18263231576773148,0.29319467730504106,0.4386811447491559,0.35998729365569365,0.1751671295852888,0.5351470658460169,0.3328634095969161,0.7803891224909141,0.6761148796422727,0.5282247829673726,,0.7118392459615831,0.8856563332818219,0.7160174920140358,0.5792265518253072,0.9302669350832586,0.8295896093723482,0.6129456453190877,0.8534740100054381
1144,golden-sweep-957,run_e96b2600c3df4d0c9463252d879fdab0,0.49170374870300304,0.2562893524984432,0.4605186535688047,0.4503895333020056,0.18346589772760807,0.3415696225944272,0.18428437073160717,0.4401425889139843,0.24382558800979426,0.18346589772760788,0.2272549343193601,0.4309398137670419,0.22495792567746334,0.16421564558524615,0.4500191819651751,0.20470522101221703,0.7901213014343,0.6562043862812708,0.5255566689265831,,0.7255488717187111,0.8205444784260041,0.6932621395957625,0.5358517940999833,0.8624931094603328,0.741902362113661,0.6223672280285245,0.8066120109405566
1145,young-sweep-958,run_c09a74d6bf0fcce2357bfbbb27aa4e6f,0.5210593342781068,0.25837277659184626,0.581561403031375,0.4264486928993643,0.13875164339412935,0.34953724188349605,0.20255853704164034,0.5743122261830256,0.25337719189770763,0.1387516433941292,0.2928821591179969,0.4235477397713548,0.3533929131352376,0.21283955346976122,0.606821085237605,0.35532774593368516,0.7859955877943452,0.6716941870836415,0.5229618139748109,,0.7197256148235387,0.8657114498801134,0.7660474168451832,0.6595941899726832,0.9676820548589387,0.8858015634929531,0.6173718702405883,0.8548262634039749
1146,fallen-sweep-959,run_7d53b62c586d3d7b3cf962504dd4a404,-0.341097712516785,0.5102236413537901,1.1175868731121938,1.3702915935003586,0.0,0.5732787383194335,0.51022364135379,1.1175868731121938,1.3702915935003586,3.1808907468589196e-32,0.5732787383194335,1.0,1.0,1.0,1.0,1.0,,,,,,2.21928874747929,1.84038790323311,1.84038790323311,2.5272569387315498,2.5272569387315498,,
1147,smart-sweep-960,run_94bf4ced3d6069f0501a9009b55dd3a4,0.27791947126388555,0.2852753425605359,0.6222264551416365,0.5245319417307645,0.1513324196990909,0.4067113280667641,0.2240180614674171,0.6073362540477295,0.3525981252936958,0.1513324196990905,0.3405706805322695,0.3034925040206145,0.30303095398978547,0.2266077110536453,0.4336940374022585,0.3018811098549419,0.7569841402380065,0.6270262446699366,0.4886204656505445,,0.6541297325088686,1.0879796916090851,0.8623697237536835,0.7371342179718537,0.9894281450558393,0.8824133776675255,0.6779934796237622,0.8336436122192573
1148,restful-sweep-961,run_fc7ef8111a49f8ef707fe8f7a7e6b8a9,0.13178050518035891,0.29774513547381876,0.44200930637568364,0.36988598422080965,0.22280408119104692,0.333824433341545,0.2083500972520838,0.4238863642548098,0.1359186802859052,0.22280408119104655,0.214740653752969,0.36804861247139825,0.24585990823032522,0.14576487990720347,0.40966176771704915,0.24423620531475296,0.7653330952974218,0.6897908265639701,0.551695291328207,,0.7321314473311901,1.0421098595784337,0.6487218463594645,0.49149089561941656,0.7987454599404867,0.6772869231782666,0.5935279262712538,0.7546056421041137
1149,resilient-sweep-962,run_3345ddca41242fcf9e41734e17079d6f,0.7941928505897524,0.22518918669581234,0.5814743258319955,0.6018202953033414,0.13886475481051383,0.38086559565408384,0.1695133295577142,0.5670739339845982,0.45128978804441927,0.13886475481051372,0.2800832637741197,0.525545509951788,0.26906008969483936,0.3489574221285743,0.37807172945340417,0.20867494277096946,0.8133189802299547,0.61692660111892,0.42980834054588135,,0.6854114823138509,0.8617752852044126,0.8666084636359699,0.7442916688339911,1.1051574216378388,1.0120932692451754,0.7118381561729665,0.9884716778640795
1150,whole-sweep-963,run_608b8856f8f7082ad2aceead11398ca1,0.5210593342781068,0.26246530829807574,0.6114778633432204,0.6244800039571636,0.10651816831634478,0.36355432036462576,0.2235337230250393,0.6007020599199979,0.5214107288600895,0.10651816831634427,0.3040435229409875,0.40503725054142636,0.3034639120801476,0.2891153465504581,0.5898670365850266,0.31348079796170386,0.7746874264257155,0.6345678002463586,0.48768930141586553,,0.6932108699458999,0.996626617135655,0.9125614997144759,0.826244175950411,1.0828211738940416,1.011144224215374,0.668407585468041,0.8868494258798129
1151,swift-sweep-964,run_42dbe24385d038bce3b13e4c02488855,0.08200377225875856,0.3346496746731996,0.5043184848567306,0.42185343654935337,0.2278899966886223,0.391653053789004,0.19386863408871316,0.48737108492748105,-0.045952563500110975,0.22788999668862198,0.28713963743106863,0.47828491505909776,0.5285400519444834,0.12149623812108239,0.4993546336927646,0.42480164502856504,0.7375765888899838,0.6922750609626477,0.5275467201523929,,0.6862782324017604,1.1291654131454067,0.7377586738599323,0.5265237504605514,1.033034483071938,0.8944828909259167,0.6219105936088564,0.9537532012019988
1152,gallant-sweep-965,run_2a953618babb63f38e99be045ea75e9d,0.36470949649810797,0.27062474533792213,0.4641160303681733,0.33533005218509615,0.2162526351681426,0.3688145116863465,0.18999392654969077,0.43972352989197,0.04686765760641084,0.21625263516814258,0.28727596551776385,0.3809025370718973,0.2503232645856764,0.16565782332471346,0.43485566867613956,0.23721514170259464,0.7690043999998399,0.6510802746481466,0.5137343494778703,,0.6939895109692106,0.8552449692239399,0.6333148398169631,0.4813014151193982,0.7976707844102768,0.6832584036550564,0.6415280390105773,0.8042071989270411
1153,drawn-sweep-966,run_8a625c8be055e7e157aff3fdc5de4d76,1.3117420673370364,0.1475592161405145,0.5214291545348172,0.501679321346425,0.0983249674599766,0.39928583216338315,0.11374778011547222,0.5085961522762525,0.4069893403902755,0.09832496745997618,0.3106725758115707,0.6619443584918715,0.18772852119819947,0.5337074992816779,0.5507314152453393,0.20822248957517334,0.8747824156100479,0.5630976703787336,0.33321594081620504,,0.6464697331412317,0.7878791920168174,0.7384742561074874,0.6612480070160653,1.1417531489483563,1.0933914911790281,0.8069473778695629,1.187190000316101
1154,glad-sweep-967,run_9fcd7372d59532fdca418f2577256525,0.5095723271369935,0.25400091742413955,0.6230645731856651,0.46403185516780837,0.14239907674855498,0.3749763817569103,0.2134087432058077,0.6153255870908053,0.3060322014196325,0.1423990767485547,0.33780904022635244,0.35537234654521005,0.3166109644424155,0.2383683980887313,0.5527743810990532,0.35535000507885445,0.7793347521292262,0.6449435028570745,0.49933452272383494,,0.6863601266372752,0.9187242933978272,0.8173441692590812,0.7196002905162512,0.9753988885186463,0.8950843975920183,0.6522454966632154,0.8418881687130647
1155,hopeful-sweep-968,run_b94b389fb0738477054457b5dacb6e7e,0.3200381994247437,0.2953721333698936,0.6922147541429697,0.5517522815521976,0.11314666124606161,0.39543356716390543,0.25224294826291616,0.6882962801708891,0.4336062127470137,0.11314666124606113,0.36053357696996075,0.38531892285537267,0.39314328734227394,0.23795336759995322,0.6489348260643846,0.41473123614784074,0.7530104800875681,0.6672620198488535,0.5171551727889278,,0.6824888905999635,1.1162167783601948,0.9331862318008929,0.8516998426548286,1.109274837480605,1.0416557703114464,0.6362841452889806,0.874363560191641
1156,graceful-sweep-969,run_a7933ab8b4318e4f4b8b50700bcbce91,0.6135928630828859,0.23964502348657052,0.5721026422487687,0.4154180990774861,0.1323329803382851,0.3643077124226777,0.18710583435625253,0.5598574110860163,0.2440481784680826,0.13233298033828478,0.31448338431684875,0.4390633656520449,0.29211178907217716,0.24596707424789024,0.5445604666469487,0.29360857916235533,0.7964793346508792,0.652217382468017,0.5117792137432231,,0.6901142397736948,0.8057196198242017,0.7465275397405334,0.6387553736851652,0.9465247516984276,0.8640683800477782,0.633034711856097,0.8598480589042744
1157,desert-sweep-970,run_de0a742c9c8b980e4e2c3bbb07f8f008,0.42469680309295665,0.2648280598529558,0.6358104982448501,0.45992135137140433,0.14185892875292205,0.3798371557018226,0.22409750322251612,0.6298348254374271,0.3216036405906062,0.1418589287529219,0.33786245532464837,0.34598745844020523,0.3240816538551113,0.23074226606646864,0.5504792281961529,0.3425019495216093,0.7677721486438422,0.6487707834192273,0.5039151628685771,,0.683589652996451,0.973014083915093,0.8282007850824245,0.7418493781931017,0.9817814285898924,0.9101201750529199,0.6506857176526556,0.8374784392866584
1158,revived-sweep-971,run_127abd7313d635b0dfbc08d18b25f2b4,0.330248773097992,0.27455583089669233,0.5069090315382732,0.4432419063636139,0.1803110727880161,0.385544598816736,0.1867752541495502,0.48143895071974757,0.12082210075928057,0.1803110727880159,0.29858162983017994,0.35670799759964256,0.23868595922466027,0.13066607072545203,0.5062127148750838,0.25187002252215535,0.7708825481937931,0.6400412401936627,0.5004195418297704,,0.6786690482996519,0.9497298877831875,0.7271870860317129,0.530345584373667,0.8544508545332875,0.6946593723444735,0.6569975263797135,0.795569578597896
1159,likely-sweep-972,run_5c07bb6e4fe04a988332dd83ab6a4856,0.44894695281982433,0.2639772642822181,0.42166589567063056,0.44337546063858735,0.1889321298715776,0.34439982556382825,0.1837615927303105,0.3963917385507087,0.20241881631340788,0.18893212987157756,0.22292432515604005,0.43692433383461005,0.2562119928338919,0.13530547308154817,0.4575125026158968,0.21649872422750946,0.7848128345233711,0.6611628086334995,0.5234539633701126,,0.7240519093713674,0.8234338998819223,0.6663842155439448,0.4815268534066974,0.8478932435989052,0.7118448850461093,0.6230668370782211,0.8142894530087027
1160,wild-sweep-973,run_3a4d64de3b572872410b97c539497d32,0.02137839794158936,0.3317795209405904,0.48258728128656575,0.3365716122968863,0.2764336462202755,0.3861712296713695,0.19810211084431192,0.4643663773163899,-0.09608982761605599,0.27643364622027544,0.27901735352902396,0.4065670072409267,0.4274619382906071,0.033040683629707614,0.38203881843185944,0.32748534321443623,0.7389314086593409,0.6779033648909715,0.5251890739189522,,0.677359296345118,1.141871785394076,0.6754617567111051,0.5139200654520149,0.897418916458739,0.7830874539366138,0.6303558259103321,0.863979510230319
1161,glowing-sweep-974,run_9cddb96586064dd029cae5eca51d88f2,0.42980223894119274,0.27343852105078376,0.646368608669624,0.4632849405188829,0.13084449967050157,0.36410361891277154,0.22551207899073103,0.6405888595608047,0.32481883609922535,0.13084449967050127,0.32408056272407415,0.38146045949227875,0.3607319360358144,0.2545362832423459,0.6203100222907353,0.37300536001093904,0.7696624337592235,0.6768820910238712,0.5143035914279153,,0.7071604325217343,0.9785452473450408,0.8409482381095345,0.7528061244762755,1.0235342058273214,0.9524418052395771,0.6271854421322703,0.8566153805189856
1162,bright-sweep-975,run_ebf813adddb73d1433515d782639672f,0.4329928755760194,0.2711808376236152,0.6755830090614711,0.5079217470877747,0.1253438423128498,0.38965357518414256,0.22182444397177994,0.6666684807749871,0.3716370291593505,0.1253438423128493,0.3329410911189826,0.3520107625378793,0.36043110345018076,0.25083229575711136,0.4696311294128579,0.3071408022457364,0.7614979573487417,0.6061921666055152,0.4864352876887637,,0.6660932043956969,1.0177887710349336,0.8876575634733783,0.7948377373052984,1.0510351791748418,0.9739127407094558,0.6897220800605153,0.8901997223065176
1163,lilac-sweep-976,run_736f4a62294fb40e938406f848e8d505,0.5574345588684083,0.2368876257934565,0.5240197012163595,0.5248683006455123,0.19831382024792713,0.36388916127931553,0.17719867870422804,0.5087376527252441,0.36674498553162005,0.19831382024792688,0.2668379138773223,0.5008567359109201,0.29235208248721306,0.24861326607711054,0.36251275533713817,0.22372667073964148,0.817483032054553,0.61847090689541,0.45997347455948523,,0.6943243550557507,0.8636825516180068,0.7785879061091634,0.6517018148260012,1.0021651029899867,0.9071113611674054,0.6859340643622863,0.9320092846984115
1164,lively-sweep-977,run_0b762c1afa5b8b608fa175f11b1c09ce,0.5740267038345338,0.24718686494645364,0.47309042422923075,0.5551109242450473,0.15340530935152732,0.34386487734059784,0.17573541282804933,0.45496748210835675,0.34330373704647194,0.1534053093515269,0.24255158343876823,0.4721527260657745,0.2283012689588717,0.22524215432749095,0.5183108635617816,0.2511635271387372,0.8024457794202378,0.659500879368142,0.518775182803631,,0.724041059447588,0.8446395306636175,0.7701065081634101,0.5964359152230322,0.9585654532379638,0.8255419402995819,0.621727147473572,0.8439954621508858
1165,daily-sweep-978,run_5719c475e4e17a8fe0eeb83a9af3a9d7,0.5950862169265748,0.2514741570845388,0.5852077607553947,0.6288180446664852,0.11787439059175306,0.35660079070290285,0.1973666339503309,0.5738441862363604,0.4752207355378032,0.117874390591753,0.26498831644379806,0.4391962666586789,0.3106359954594644,0.3051957560472071,0.6151515096325347,0.24831747103091492,0.7930248210554993,0.6504880199660302,0.5052875883478828,,0.7137464279015667,0.9496501609905397,0.8950527963354477,0.7707694115358011,1.0879577381769683,0.9882398583291838,0.6401075840271134,0.890095641467965
1166,lyric-sweep-979,run_85dd30c4b72b265e9ffbed0d445671c0,0.41959166526794445,0.27233402439118143,0.4506353914392229,0.46176143249326057,0.19057060611326226,0.326027423470913,0.20235865133526207,0.43065117418161036,0.25120075186110336,0.19057060611326218,0.2115118306470322,0.42345811924094523,0.25453660342045065,0.14489714693143477,0.4717589965984123,0.2515798377909133,0.7746554736419586,0.6754365415849722,0.5424359843503243,,0.7378990967341874,0.8678535081350122,0.7003297062076592,0.5380625199080582,0.8692310060148997,0.7447228476088118,0.6045547307856504,0.7940952505437106
1167,major-sweep-980,run_0baf2baa36dab1b1c656fb2ce7493c6a,0.43235480785369884,0.2641028335080198,0.5227026585757435,0.42468280859693824,0.17387847571711004,0.3682524572938317,0.18840765408497157,0.501738822825111,0.1450943536220412,0.1738784757171097,0.2887660075881328,0.399690292486152,0.2349282362696068,0.15860869009992654,0.5221889085926693,0.256785321528632,0.7766411682595467,0.6443140845190757,0.5142541298963756,,0.6978174044231652,0.8807920420659721,0.7234112688276972,0.5552401839751229,0.8737414872526812,0.7405349313708008,0.6421453795759108,0.8077443971890607
1168,earnest-sweep-981,run_0c51d878a11675c909b57232afab5c9d,0.35194635391235357,0.27201369473352416,0.5010585322049579,0.35157915564019504,0.1848568402899587,0.38327166679821123,0.18856910023243126,0.479604887207815,0.05148764622956548,0.18485684028995839,0.2940987477747031,0.35938135964541473,0.20724006079138055,0.14931051729825798,0.43451310502868995,0.23242290458415482,0.7664936798226729,0.6410737610790185,0.5104405566744884,,0.676618622961658,0.8914264319524925,0.6698201292127925,0.5179093850379143,0.80190775063714,0.6801670134192234,0.6504011801172432,0.7857599697943247
1169,noble-sweep-982,run_80ef7a3227267f4fec500350f0a21a39,0.18155723810195926,0.3105121943094077,0.5340880023946234,0.4946553557737492,0.1852289604569046,0.37942179351955274,0.20921626864638912,0.5180222591090915,0.19984665990651196,0.18522896045690426,0.30822983161488193,0.44421165551103936,0.2629892232714079,0.15026253338867068,0.5396263094971642,0.3450682978984066,0.7539937811707073,0.6547392246845996,0.5220109181220789,,0.6956597010068168,1.095345822012768,0.7914238675402562,0.5933440784861629,0.9567747349828564,0.8007017864746725,0.6389034552016253,0.8350232215080688
1170,ethereal-sweep-983,run_8c1122f9f71927b1870fe7476e895dfa,0.3353542089462281,0.2819080371992424,0.6423630574981636,0.4803848341701086,0.1394409673157186,0.377465365889437,0.22563252294201014,0.6329587199651693,0.3094452551133975,0.1394409673157182,0.31874383633613884,0.32984229325804276,0.3473493645230472,0.20689333716438388,0.49409851838920754,0.31514920060352175,0.7587433782549924,0.6418669231455724,0.5071364962468109,,0.6873656964597826,1.041707211314449,0.8502188118223221,0.7397993934177819,0.9975592214980853,0.9052930547179863,0.6552697853593609,0.837634087190945
1171,misunderstood-sweep-984,run_f7ccb6180fdf8afb56e4db14a81ebd97,0.40172308683395397,0.27587815172350166,0.6061117309314539,0.433739767021987,0.15404545439642767,0.3833210956951416,0.22343121753458878,0.5981768211379901,0.2707145153711079,0.1540454543964274,0.34562279214271907,0.38450515378520755,0.328836022645846,0.2504545115942491,0.600613051927286,0.3905275327311755,0.7675452651998043,0.670775723523694,0.5222077977027956,,0.6898293285509733,0.9557389186888349,0.7947391839260136,0.6935584814190895,0.9748411029097128,0.8942752219552954,0.6250673695917819,0.8422671915628843
1172,different-sweep-985,run_1ffaf95bc6ef7fb2c645a4340ca73766,0.2511167526245118,0.29666626518682904,0.49177392582111074,0.40213686839957463,0.19677042316784102,0.36225880492088586,0.17235273164318837,0.47022231897466615,-0.010639823906214676,0.19677042316784085,0.2718087069799183,0.47692266663418215,0.3637903396034419,0.05346444040055761,0.5432380594567361,0.33501762915398164,0.7715243022351949,0.6807878207994791,0.537661464721444,,0.7056225566661267,0.98202941567113,0.7011180556394381,0.500926840186805,0.9242421844242005,0.7833165303663191,0.6065100831994309,0.8546996949503212
1173,cosmic-sweep-986,run_0160ec46c165c221f750c3773b1a74b3,0.37109136581420904,0.29002647204290877,0.6850961930936897,0.5640392748497514,0.11179424213711729,0.40785217889752834,0.24929591541246898,0.6803940243271926,0.44235649098508606,0.11179424213711686,0.37407151404697486,0.35889430221700397,0.40125138066796734,0.23752769530377038,0.652359502585099,0.45784643482608356,0.7567797266705281,0.6685224874113954,0.5195373931096213,,0.6753363661893629,1.087668684626866,0.9336018700978248,0.8489780603161261,1.10355772324707,1.032952536947479,0.6323588849144844,0.8637736717557389
1174,mild-sweep-987,run_cc073af475c6726efd7e35ad9d126049,1.26196563243866,0.1636090133077753,0.7115622193801193,0.6603071748324387,0.07930667619644012,0.4303590690465883,0.14751052603255038,0.7059783939699039,0.6004946454628644,0.07930667619643975,0.3862174696072076,0.6090508284719208,0.3812806223389802,0.6148263789121945,0.5046010827958044,0.352417345789799,0.8586377760317044,0.589093990728276,0.28622161431380455,,0.6205953758210211,1.0054612621893222,0.9844258562329118,0.93848743586278,1.3650727333221904,1.3323242728825855,0.8356474200843725,1.2619967953736977
1175,likely-sweep-988,run_1270565df9c6f6e43f3a64a47294eefd,0.2760049700737,0.2924737906274104,0.5321450923834664,0.5310167437489177,0.13066335747469748,0.3397885878243871,0.22116072092111422,0.5142180739611962,0.3430564143150399,0.1306633574746974,0.2386187971717103,0.3847588243138224,0.25820879738261254,0.21871532101012026,0.5640445772521688,0.22889073812081695,0.7624883373834019,0.6461167723014443,0.5372511434144029,,0.7248478236731871,1.043707806259729,0.8066586016980654,0.6565211310151422,0.9556388581839731,0.832807014287879,0.6291117810028087,0.811374858233983
1176,magic-sweep-989,run_c13dd2a844512d49f1122e59d9d82abd,0.5051052570343019,0.2613890006483472,0.5497020327083733,0.412930032399278,0.13964260071014298,0.36478366486570085,0.19215166712367016,0.5337342512721437,0.17379862983206823,0.13964260071014253,0.3018861907620579,0.42773363069930764,0.35874705855496103,0.12094456682522958,0.5660738661334553,0.3195863613006811,0.7808341456805897,0.6595532468108558,0.5218393910435764,,0.6988391790442068,0.8471153068125205,0.7355322875856151,0.5932962817100288,0.9312845135502462,0.8235797332308126,0.6265582426352437,0.8478551353337171
1177,laced-sweep-990,run_887eabff4b198caae6a877258526185c,0.2504786849021912,0.2897881467776117,0.48807858717244024,0.41762916429649044,0.19199679353723992,0.35786601101626603,0.17419270519677213,0.4726985768320226,0.0521306853312889,0.19199679353723953,0.27028597805835314,0.48126522167693037,0.36500521788999246,0.07927976247485868,0.5121294486737596,0.3410541427519142,0.7806498004059235,0.6826050434498208,0.539856401785585,,0.71782098547687,0.9871256393758493,0.704707028587081,0.5064628825845967,0.9315268646479118,0.7922341540584039,0.600488300871183,0.8554042920770834
1178,noble-sweep-991,run_66b6a16df5a8f86e5af828dc60922f7c,0.3123804926872254,0.2771466571678245,0.4941195678793982,0.40162738357282424,0.19733516060181833,0.381229137218604,0.20200500739320826,0.4681596778143622,0.14701852447258387,0.1973351606018181,0.31511719033393987,0.3340357096943512,0.2080842472779345,0.1687714033351424,0.4306082221381196,0.2794524564767437,0.7611478718756076,0.6405523731296758,0.507629968492115,,0.6791793284554165,0.9371655613785318,0.6944558820948782,0.5306542692575583,0.8158625301336752,0.6818772978925315,0.6547374920526048,0.7823323330907916
1179,crisp-sweep-992,run_da93b6d5634c1d15dc4ab234b2bb1698,0.5350989103317262,0.2607457786957714,0.6391412011211193,0.5382039423243389,0.11652033218691908,0.3796545876792894,0.2122658069872868,0.6265041225611582,0.35513565651819107,0.11652033218691875,0.32530990722514935,0.375886403257752,0.35718063944639633,0.21657546637720948,0.6405238276730847,0.3244161276143805,0.7737776619248697,0.6279117358077428,0.49972437719658885,,0.6884369086212996,0.9561893022193647,0.8753018448579162,0.7507899326260957,1.0401571273598829,0.9377947818785244,0.663251024398098,0.8692959515326285
1180,deep-sweep-993,run_4a9c5ea54bbf679958e1fabb743ca773,0.3034460544586182,0.2644359763519833,0.5754659990748048,0.42728464373160546,0.1390524541898764,0.35484287590078184,0.21674017164544362,0.5693923644180795,0.23957163702915912,0.1390524541898761,0.3066831854851247,0.42163480025899486,0.3534572796032405,0.2979637965712096,0.5160913353892682,0.3333333336693154,0.7789649406371778,0.6623089985715817,0.5165726855938745,,0.7072394825279975,0.9994601952600586,0.7639762224370827,0.6546590990212682,0.9874968586331452,0.9055765640145694,0.6297568405560778,0.8877409845153418
1181,robust-sweep-994,run_47b9fd5c20d41371a97244616285630c,0.23452460765838629,0.30021039251914927,0.5665786824131269,0.4516508792323102,0.16209931510217737,0.3770372478627981,0.21893378914108094,0.5560967645378107,0.18940964064007113,0.16209931510217723,0.3075960255977906,0.3770518208032618,0.40525724405928426,0.13272483478594,0.5543313932364394,0.3536755120343488,0.7532246297778133,0.6818067243845837,0.5228960995838267,,0.694294375937459,1.0540173131200745,0.784299815027911,0.6269382964251692,0.9690942116509373,0.8467992788890586,0.624318168714872,0.844861270854587
1182,happy-sweep-995,run_8fc46897a60887431a20055f695ba265,-0.03158897161483793,0.3197479389989826,0.48098179542300484,0.31944698637251745,0.25017704395608004,0.37158013819362895,0.21637627715434493,0.45472801981006294,0.019108154230455126,0.2501770439560798,0.27543296126129807,0.29254551307319493,0.23998156730164144,0.20381636497142677,0.42218733400413555,0.22556445981945158,0.7377102717837298,0.6568529379786384,0.529534011763662,,0.6907352762526406,1.1821868172958871,0.6600216732236281,0.5039458173987058,0.7876190383801643,0.6623266017363539,0.6386580100404685,0.7698046468311478
1183,electric-sweep-996,run_18f2e265dbeeecd9697eec4741790616,-0.341097712516785,0.5102236413537901,1.1175868731121938,1.3702915935003586,0.0,0.5732787383194335,0.51022364135379,1.1175868731121938,1.3702915935003586,3.1808907468589196e-32,0.5732787383194335,1.0,1.0,1.0,1.0,1.0,,,,,,2.21928874747929,1.84038790323311,1.84038790323311,2.5272569387315498,2.5272569387315498,,
1184,unique-sweep-997,run_19e3d195e80963823a90ae730b6cb530,0.40491372346878063,0.275334872624115,0.6189284062151353,0.4637746395271188,0.14267611775390238,0.37512466844770137,0.2163839650661287,0.6114833056681817,0.29717804763435807,0.14267611775390204,0.33452759926239345,0.38985111886828144,0.3698040884069103,0.20535346763294263,0.6077087887727125,0.37836018878297556,0.7725202400558633,0.6771981145487053,0.5252260412933067,,0.7004724986728779,0.9758519174568996,0.820955894291194,0.7134764505184423,1.0024358262380915,0.9164920353165029,0.6175422336174083,0.8439593684860478
1185,fancy-sweep-998,run_14eb7af7520046de315fcb25c6e64b0f,0.5082961916923524,0.2597412248893581,0.6716373234645843,0.557519847649197,0.11082132002662218,0.36820781183853973,0.22897420193069082,0.6671310783966911,0.4455321148566769,0.1108213200266218,0.33333652229442556,0.3678189941453323,0.37469711846057363,0.267494173610446,0.6064265285584679,0.38247156064268967,0.7775717739276097,0.6526841333253381,0.5038426328833434,,0.698820507369014,1.001847148969192,0.9107088331077494,0.8342613057556917,1.0847269032584907,1.021388174120627,0.645193583307998,0.8737943899419881
1186,feasible-sweep-999,run_d7384ced115a7d7179cf9881be0aa67b,0.8918315172195437,0.20832959615399396,0.6310756755285859,0.48916479113595307,0.14367362930274188,0.3983466831217059,0.17105859982625313,0.6173610166263027,0.37561397868078056,0.14367362930274147,0.33125891414280334,0.51769594705291,0.3181638146240869,0.41550681607764267,0.4032164339783753,0.27862001564589883,0.818233863566386,0.5909306069381947,0.4131907191958635,,0.652527377981885,0.8057537600271981,0.8251908396029538,0.742618024562282,1.1058133398104617,1.0456408327637774,0.7380527276095014,1.0424034964781943
1187,hearty-sweep-1000,run_286af60a3104ed7d22408ce752af105c,0.6423100829124452,0.23970140150631808,0.6329478353152466,0.4942645858580863,0.11573428980784176,0.41744058766175013,0.18135015106746627,0.6228577648371386,0.3291420374446621,0.1157342898078415,0.34468444034131446,0.4367704259499157,0.2981078956420922,0.3298377124370803,0.3962986002611378,0.26375015220572345,0.7923553118594302,0.6124345465601144,0.434686916905217,,0.6387966747676057,0.8791259977101257,0.8380794741239134,0.7274435739789943,1.0444169875687435,0.9579163806396078,0.7161718921677865,0.9493849683376818
