,name,model_unique_name,acc_OTI,distance_OTI,distance_P14,distance_OT3,synthetic_EC50_OTI,synthetic_EC50_P14,synthetic_EC50_OT3,composite_score_accuracy,composite_score_distance,composite_score_syntheticEC50
0,amber-sweep-1,run_e60fd6f022d84c6cf9962606129d16c1,0.32528023492722297,,,,,,,,,
1,laced-sweep-2,run_0b16d1a43bb6b76f0e0c28b29c27bf2b,0.8242622216542564,0.2113592852584558,,0.4826279216677205,0.3276716901477577,0.7377789874795869,0.7150277251351171,,,1.078402159958238
2,stellar-sweep-3,run_11f6039c62cc56d6428c14315941a4ed,,,,0.37504737839545177,0.03007216140592252,0.5784249682453272,,,,
3,chocolate-sweep-4,run_c050d64aafd79b1eff334698dbb6f9fb,0.4899868851616271,0.37830248883216344,,,0.49708899906730036,0.4847940482671029,0.2274022601249416,,,0.7306398087559068
4,zany-sweep-5,run_4f146e84fcfac2961475c91343748dbe,0.3392592271169028,0.4297383535417998,,0.15969677826911002,0.471287614746454,0.4882416984213404,0.38563908191198026,,,0.7805187207163401
5,crimson-sweep-6,run_cca096b6565b7a04bae03d8879a10ca9,0.47479252588181287,0.4480323335460542,,0.46753000631712016,0.3766432673899161,0.1408274360370171,0.08219274233172025,,,0.4104243712341173
6,olive-sweep-7,run_d8be429c4131de1a2ee3f80e5d3a7f3d,0.8813929898398265,0.15298872580302067,,0.33733417561591933,0.2243876098375151,0.6181273816004372,0.5423597950445722,,,0.8523997927109062
7,legendary-sweep-8,run_ebae88ebca00f61c789f5616705f04c0,0.49849587395077677,0.4349712827058076,,0.5215413771320283,0.5587452751460402,0.771711123208131,0.4292131676844241,,,1.0449680777396393
8,crisp-sweep-9,run_42f8958827aa9b85d096c49cee0f19e6,0.3763333161671958,0.39408636460327606,,0.19962097283638686,0.40130577782141325,0.3558519324986393,0.1908471959008909,,,0.56929744190458
9,frosty-sweep-10,run_875d89658f52b4b7ce59da9d103de04c,0.3429058960505896,0.6038289725590301,,0.7149084017687941,0.3702812822149133,0.5491743785156965,0.1620972836386598,,,0.6818916741974885
10,wild-sweep-11,run_c7ad5f68881890dab0c4d9b8b42ba23f,0.494241237640381,0.42880238247181457,,0.0951989892608979,0.5113445584409211,0.699020141535111,0.16552256615428018,,,0.8817596813334149
11,deft-sweep-12,run_4b20bdce25688642e1d7fbc135b4794e,0.5738597029731389,0.3375877472878112,,0.184712571067594,0.41198762947327056,0.5551261114135378,0.3039376710886534,,,0.755166812246748
12,lyric-sweep-13,run_45acb30a6c93c60fe9f9334f6ddd51f5,0.05299784455980583,0.8148053605615826,,,0.729497815522067,0.7499364906550552,0.411244472520532,,,1.124141369688963
13,fluent-sweep-14,run_7db5900b56456b32274bbacef32ae1e8,0.5215912546430317,0.38813018506700714,,0.3326595072646871,0.331873742084336,0.14931954273271675,0.07708289464448731,,,0.37199231063792315
14,frosty-sweep-15,run_66ab9d9966a5ebe2779e6efd5a4e5394,0.2900294803437734,0.6519889385237184,,0.9633607075173719,0.4167787541112352,0.424405733986573,0.14631852319786662,,,0.6125633576618829
15,crisp-sweep-16,run_88f853839785a2b7f3e8ee12db7aab01,0.5185522692544121,0.4360774303339715,,0.34908401768793457,0.376054194688527,0.5822355289421154,0.20881589106478443,,,0.7238915974553934
16,fine-sweep-17,run_44d2242235c0a8213636800da03c224f,,,,,,,,,,
17,silvery-sweep-18,run_8e44eff42072ed93b79bb89f3857cd67,0.5258456071217856,0.3950648798128059,,0.5489576753000637,0.30999950910608304,0.24393032117583088,0.16456797922369823,,,0.42741585958025474
18,scarlet-sweep-19,run_fe1dfe97e722605c49b68b166a379d97,,,,0.440682248894504,0.029051102056845902,0.45347486844492924,,,,
19,fanciful-sweep-20,run_4a77155bc8d0ad4375e322ef58ca562c,0.022001442455110185,0.7735800893426931,0.8367809834875735,,0.450159540523293,0.08033024859372191,0.3793500386046203,,,0.5941405663246689
20,swept-sweep-21,run_9bc9096eb268fbb326ad9768d30c23a8,0.7434283892313641,0.27436715592427147,,0.5349336702463676,0.3233910951843309,0.6510070767555804,0.36991647364357405,,,0.8156164612753131
21,jolly-sweep-22,run_4d0ea673376750259549676f765bf1b7,,,,,,,,,,
22,glorious-sweep-23,run_056ad3d4e3a2364368636488879fe88d,0.5702130340394521,0.40055307381408223,,0.498989260897031,0.45502920818810927,0.4109780439121768,0.24610093352986623,,,0.6606967552262145
23,prime-sweep-24,run_072a5733c13b3a3be71316485b1db3fa,0.5404319990248909,0.37660072325037247,,0.42451042324699995,0.3919198861126115,0.5301215750317553,0.3425703656910225,,,0.7429566184471017
24,winter-sweep-25,run_ba1328680ac1e610c32f3d7a2ff7bf4c,0.152064879735311,0.6851308232291003,,0.9182564750473784,0.3390604290412853,0.45507167483215455,0.09606232891134973,,,0.5755694352656985
25,sweepy-sweep-26,run_ea65777b8490d807e552f6553d694663,0.24201538449242013,0.6164645820038288,,0.9809222994314595,0.3461293014579536,0.1667392487751774,,,,
26,jumping-sweep-27,run_8d26ba4228150233ba90e77134aedf98,0.4638528029123944,0.45037226122101703,,0.6780164245104238,0.33898188601443285,0.34376701143168226,0.20977047799536824,,,0.5263916133763699
27,upbeat-sweep-28,run_28d0983c8fac69c8e1a17e49bd7343aa,0.36235460780915774,0.5290789193788558,,0.30366392924826296,0.48656423346914596,0.759009254218836,0.2523338246648393,,,0.9362222814862061
28,fast-sweep-29,run_9ce4dc2704079a502fbf63f30b31a22d,0.569605350494385,0.35992342054881943,,0.5581806696146558,0.26397329537087005,0.29092723643621926,0.24014880325682741,,,0.46042589553049557
29,glowing-sweep-30,run_52e4f3356b881561cb0a99153c29c553,0.5519796893710184,0.35945543501382704,,0.4358812381554018,0.3177359972509934,0.26465251315550714,0.15052993612690513,,,0.44006406163078043
30,fragrant-sweep-31,run_47306595b1e6fee071ae5e2a7b9bed0e,0.6711035455976215,0.3362688789619232,,0.5104232469993681,0.23389131608659425,0.32406096897114933,0.14558854495683246,,,0.4253430189551569
31,sweet-sweep-32,run_b338167c84eaa6501384ce06e541aaec,0.719725324994042,0.2974260795575412,,0.3767530006317128,0.38394776888714255,0.6917982217383422,0.400126342387871,,,0.8866237977329747
32,spring-sweep-33,run_2d095052e0994a9ffe749128a650b206,0.49484920501709,0.42978089768134464,,0.18288060644346296,0.514054292867312,0.7544365813826893,0.2180809995086709,,,0.9386083814298763
33,restful-sweep-34,run_cf162d2676b28d71f49473e34366180d,0.5142979167756582,0.46445437141033813,,0.39387239418825115,0.4946934367483201,0.6767374342224644,0.32656699656068067,,,0.8996339002519481
34,worldly-sweep-35,run_9a5abadf9e96beb5eb9143e82e7f3a9e,0.5884460948762441,0.3600510529674539,,0.6103600758054329,0.31679348092877063,0.3425694066412636,0.1677125008773787,,,0.4958219346459569
35,super-sweep-36,run_f578a732da841e8ae7c7c6c84b422aed,0.4279940809522358,0.5194213997021915,,0.2727732154137719,0.5240685287909282,0.7289965523498472,0.24767319435670643,,,0.9313569709890545
36,smart-sweep-37,run_744746f53d90a8a72ad30b95e981739c,0.5167289347875688,0.4371835779621358,,0.5295641187618451,0.5031368121348992,0.5018508437670125,0.4346037762335932,,,0.8329954162127368
37,curious-sweep-38,run_625121b3fc3cf22e720966ea9321c2ed,,,,,,,,,,
38,vivid-sweep-39,run_f021d872e2b1b36039f6498999759da7,,,,,,,,,,
39,gallant-sweep-40,run_55d62acd3133c8fa4f05b5acb2b63851,0.7324886662619456,0.28321633694958515,,0.4862286797220473,0.3331304305139649,0.6798947559426614,0.23779041201656886,,,0.7935849311445878
40,denim-sweep-41,run_3a32a2254122011b780a8f5d9b59ad6f,0.22439000720069535,0.6500319081046587,,0.5566013897662665,0.4578567571547798,0.47717292687352586,0.23166982522636273,,,0.700712294835585
41,lunar-sweep-42,run_654aa784c3bedbc5ce5ccee13f599eda,0.649223531995501,0.34703254626675195,,0.40429564118761874,0.27477296156300635,0.4170023589185267,0.48182775321120047,,,0.693937411813396
42,misty-sweep-43,run_0fc0d36497ddaaec16b6da0a51641f6a,0.7087853181929817,0.2896830461603915,,0.455211623499684,0.28058514555004826,0.5514607149337687,0.541236751596828,,,0.8220548432420379
43,fiery-sweep-44,run_1f40783386bd8cbed6803eac9e88eb02,,0.021272069772388935,,0.48528111181301414,0.1509498797309894,0.5787878787878796,0.8720853513020276,,,1.057503728020925
44,solar-sweep-45,run_2906f92f4bfabc012f13ee6647c784ed,,,,,,,,,,
45,zesty-sweep-46,run_6bf82a0714bc3628199afd8f3f6cece2,,,,,,,,,,
46,azure-sweep-47,run_4cb1701b21c3e47418644d2e15b9955a,0.4523051125662669,0.45866836843224845,,0.1730890713834499,0.5936576505817086,0.7338958446742886,0.2262230645048105,,,0.9706747095903597
47,sweet-sweep-48,run_99827edb0edc2793a71376e1fa795d85,0.3811953521910169,0.5113380131886834,,0.6694251421351867,0.3287320210102583,0.37838867719107255,0.22094476030041385,,,0.5477767061203916
48,summer-sweep-49,run_0d1f9a0c6c3863c7c029706822815f87,0.5531953402927945,0.42867475005318034,,0.9984838913455465,0.16681557115507262,0.3019234258755219,0.056980416929880186,,,0.3496168728561421
49,stoic-sweep-50,run_5b0ea95e041ac389391091c6b88fa8a8,0.5209832872663227,0.38949159753244,,0.41554011370814947,0.35740022581120273,0.3089638904010165,0.12419456727732137,,,0.48848530942376467
50,pious-sweep-51,run_ce6ed88217cdf5b2291d0d33c94d91a2,0.4304250989641464,0.536268878961923,,0.32274162981680404,0.6309655883363608,0.8021956087824353,0.4280901242366816,,,1.1067504338754286
51,absurd-sweep-52,run_3b04a50e69b760109ce5a4a99cfec242,,,,,,,,,,
52,light-sweep-53,run_7f7bdec4add490ca0bcad4bf87f2386c,0.49059456870669427,0.45177621782599453,,0.5152242577384715,0.32221294978155274,0.336291054255127,0.1533375447462636,,,0.4903317864546073
53,mild-sweep-54,run_82f12195f19b9d127837ed07c45ad32f,0.7513294106438049,0.23990640289300186,,0.3906506632975366,0.30422659663246626,0.4733986572309927,0.6503965747174855,,,0.8600440774581951
54,quiet-sweep-55,run_8fbf654b13b7293e92d37f28fb96377a,0.5386089483896893,0.3965113805573282,,0.38894504106127614,0.40087379117372895,0.5369080021774643,0.4469011019863823,,,0.8054133064513134
55,splendid-sweep-56,run_a9f9d1b372171f603b4096da73325a8a,0.42434741201854903,0.5297170814720275,,0.7457991156032852,0.3218987776741462,0.49397568499364947,0.1728223485646104,,,0.6144089554982433
56,deft-sweep-57,run_97eed736a0a68865a02d58fb727428a7,0.583584058852423,0.424547968517337,,0.45495893872394233,0.5848608315742965,0.8028851388132834,0.6419175966870213,,,1.1826854777891898
57,glad-sweep-58,run_5e197610517e3abd3a99fddc5e602e00,,,,,,,,,,
58,sleek-sweep-59,run_a4510b8ff412c3f5422689bd34d862d0,0.587838411331177,0.34805360561582643,0.9719651605879189,0.5504106127605819,0.24846104756762025,0.13632734530938265,0.06158489506563047,1.1906071103475682,1.1699612935556267,0.2900185106812109
59,magic-sweep-60,run_66aa2d4c7bb7b481255dbb9ca1a0b184,,,,0.5428932406822491,0.031328849835549746,0.667700961712938,,,,
60,prime-sweep-61,run_2486cc184b07e44e91619df430ea336f,0.3392592271169028,0.5217613273771542,,0.2889450410612771,0.5233223700358348,0.5086009798584653,0.2969748017126438,,,0.7878675602822967
61,golden-sweep-62,run_ca24218f06904cae5f09622064b712db,0.4589904830569314,0.4808764092746226,,0.40555906506633,0.2964508369741299,0.4480312103066601,0.1541236751596827,,,0.5588999654645187
62,trim-sweep-63,run_75c5872a96eed77ec5d0218ff8f96d31,0.88321632430667,0.14133163156775172,,0.5151610865445367,0.22988562171714785,0.5467428778806026,0.7567487892187839,,,0.9614800588517364
63,misty-sweep-64,run_58d79ff33a4ee9bd6bcb63e4e96602d2,0.29246049835568394,0.6007657945118061,,0.6576121288692361,0.37852830003436216,0.2988023952095813,0.24059802063592264,,,0.5389378005334297
64,lively-sweep-65,run_33f7c24c9fd83102d9d6bfb7b7445dc3,,,,,,,,,,
65,radiant-sweep-66,run_36d781e09dd22102be00524466fca135,0.49606457210722443,0.48683258881089136,,0.2634870499052439,0.5515585881890921,0.7414443839593545,0.17518073980487536,,,0.9405556561461925
66,absurd-sweep-67,run_e9ebd2152c4ea2c3cdb511eea675443f,0.23168334506806887,0.5821740055307381,,0.7130132659507267,0.4989740317117483,0.562819814915624,0.45908612339439786,,,0.8811931099807978
67,solar-sweep-68,run_4b4f00713c470e00fb2bb2050cb4e569,0.5483333042689734,0.38536481599659667,,0.2476942514213521,0.3035589809042283,0.36982398838686265,0.1550221099178791,,,0.5029410421086858
68,dashing-sweep-69,run_ed575dd8df97499029160784394d382a,0.48877151807149266,0.4569240587109127,,0.6826279216677201,0.3145550046634933,0.2151878062057707,0.11734400224608577,,,0.3987734416452931
69,ethereal-sweep-70,run_5303e0096d5d6ebade7cb0dfb26495e0,,,,,,,,,,
70,elated-sweep-71,run_166ec90b35da4a2c4d286585c74ab95a,,,,0.561844598862919,,0.5991108691707501,,,,
71,vague-sweep-72,run_8403a4ea33180d4737add1cf5f7c3043,0.9318381037030904,0.14796851733673697,,0.7233733417561601,0.26043885916253506,0.7308836871711136,0.8710746121990576,,,1.1665291867555065
72,usual-sweep-73,run_1bec2484add6daac6591dbd2579f72a4,0.21527333486647846,0.6316953839608593,,0.6190145293746053,0.423494182907073,0.22161132280892795,0.06950235137221841,,,0.48300049503030495
73,clean-sweep-74,run_e535acbeba13563954ca9dfcee478bac,0.3708633127666657,0.4912571793235482,0.5393757938668134,0.8414403032217312,0.2717097835157821,0.03645436399927441,,1.1810000008968113,1.1136793286814042,
74,sparkling-sweep-75,run_2a79304d340c52c0040357564455830e,0.4091530527387348,0.5081046585832807,,0.5921036007580545,0.27202395562318865,0.2926329159862096,0.11650171966028196,,,0.4161774941479674
75,legendary-sweep-76,run_8862d73a32e1b87d50b4db46c04927b4,0.494241237640381,0.41221016804935157,,0.3650031585596975,0.4064896175936377,0.5795499909272367,0.46335368849582376,,,0.84605475108758
76,avid-sweep-77,run_661b1b7774b1255791cdfac77a7cf520,0.5337466285342264,0.49164007657945136,,0.5504737839545177,0.4879780079524809,0.5769370350208686,0.4124798203130476,,,0.8608823849919491
77,fearless-sweep-78,run_3f1e5a466b4a26863953da7dee936f96,0.630990471158709,0.31006168900234,,0.3107391029690471,0.37495459231260203,0.6772818000362921,0.6578086614725901,,,1.015880808985518
78,northern-sweep-79,run_0e556845137cd6f6376511fa213cbcd4,0.9859301703316827,0.10976388002552648,,0.4054327226784594,0.2576898532227182,0.6960805661404473,0.9124026110760146,,,1.1761848237886259
79,driven-sweep-80,run_05ffe4019714a13faf19c345288d4ffa,0.40854536919366763,0.45900872154860684,,0.4659507264687297,0.3057974571695053,0.17098530212302698,0.05041061276058091,,,0.3539622695038773
80,stellar-sweep-81,run_df53c7efc9fbc6982bb1cd12669edd70,,,,0.41895135818066986,,0.38615496280166955,,,,
81,treasured-sweep-82,run_a071eaf7884ff4cf13224324331cae9b,0.5610963617052352,0.36532652627100615,,0.28452305748578716,0.40900299445289917,0.46995100707675636,0.3116866708780776,,,0.6966247047922969
82,distinctive-sweep-83,run_6148cc7a5e9d9635da8c7213ea9552c0,0.770778122402373,0.24726653903424822,,0.28603916614024066,0.25926071375975757,0.5759934676102345,0.23604969467256198,,,0.6743174703238015
83,deft-sweep-84,run_2d249feb9fa330b879c3202ec693ea26,0.531923294067383,0.37740906190172324,,0.26790903348073275,0.4630405969270032,0.6691526038831433,0.33633747455604707,,,0.8805082046618566
84,leafy-sweep-85,run_7e4066ed1a0f3bed8ed57e1d679a98d6,0.5799373899187362,0.40774303339714957,,0.3667087807959574,0.4978744293358211,0.8206677553982947,0.29804169298799776,,,1.005088733841991
85,pretty-sweep-86,run_9c73836fe78dc3c6e285e63ea35b387e,0.77989479473659,0.22803658796000864,,0.474162981680354,0.19242059790879204,0.4688622754491026,0.5447743384572187,,,0.7440676042406277
86,polished-sweep-87,run_b2c313b7caa95652d47bb7e762f8e02c,0.24323103541419633,0.5880025526483728,,0.6638660770688571,0.3465612881056427,0.133278896751951,,,,
87,dainty-sweep-88,run_181be64aa437d79ccfb5b10a722b9d56,0.5617043290819442,0.3880450967879177,,0.4537586860391669,0.4823621815325706,0.5161858101977869,0.4396013195760498,,,0.8320879671016824
88,pleasant-sweep-89,run_7410178237b0f242c57ed28507b506f3,0.5629196961720786,0.3637523931078494,,0.26361339229311503,0.3092140788375637,0.18169116312828937,0.2298168035375862,,,0.42595866994170595
89,driven-sweep-90,run_65d60bfabcd55624bc0d8f7752a7e624,0.5446866353352866,0.3954903212082537,,0.2750473783954522,0.5483775956015912,0.812865178733443,0.46088299291079027,,,1.0834578530379213
90,dauntless-sweep-91,run_37fa79a9793b2b0cdfa523df91fae1f8,,,,,,,,,,
91,skilled-sweep-92,run_d6a5a6ee1a24b429f9c793d6ec0fae6b,0.42920973187401196,0.5138055732822804,,0.44542008843967207,0.555171567424279,0.666938849573581,0.23093984698533251,,,0.8979733355019353
92,stellar-sweep-93,run_cadecc4ec58bbec2286b2e96f04b49d5,0.6006017525990806,0.35477557966390166,,0.5266582438408086,0.2772077953954146,0.28330611504264275,0.16209728363866152,,,0.4282312996635975
93,eternal-sweep-94,run_14b2e6801b195443f72daf8f1fa35f28,0.39821304593767454,0.5086151882578174,,0.3139608338597611,0.5117372735751813,0.713064779531846,0.24357408577244644,,,0.9108593482172992
94,fresh-sweep-95,run_0553858b6ac9bbea9dcb5f8e935c0bf8,,,,0.4226152874289336,0.07617691816798278,0.4804028307022324,,,,
95,northern-sweep-96,run_dcad49d11a9ad0232db2a053e543af1d,0.663202240353539,0.28657732397362284,,0.2243840808591286,0.42899219478670625,0.5389040101614961,0.39052432090966543,,,0.7918087398974658
96,stilted-sweep-97,run_b48f47c23b6c995497e565b777c97bcb,,,,,,,,,,
97,toasty-sweep-98,run_c26f28a4e949de6548b8c02ec1ab89e8,0.43711075328645266,0.5124867049563924,,0.31907770056854085,0.5794806342349413,0.7954817637452374,0.31017056222362716,,,1.031888956998128
98,clean-sweep-99,run_641b1c4786a4417e72c3cc953b2cb876,0.6668489092872258,0.3186556051903853,,0.5626658243840811,0.3725983015070445,0.5117583015786614,0.4110760160033672,,,0.7547910601310877
99,dry-sweep-100,run_db83cdf3f9c1e229c5bd6d3cbee762c8,0.44744279271080395,0.5025313763029143,,0.4626026531901457,0.48357959844877646,0.5997278170930865,0.12913595844739106,,,0.7811522120529678
100,autumn-sweep-101,run_0499c71789841ee2bd9c4a382c21ad7f,0.42920973187401196,0.4204637311210382,,0.45495893872394233,0.4327229885621693,0.5259481037924152,0.5205165999859618,,,0.8572094980656468
101,crimson-sweep-102,run_4ac7e6fb78f4061c7aba389ed0dfcc2b,,,,0.4965255843335443,,0.5079477408818734,,,,
102,zesty-sweep-103,run_2f7ebc46c04962564a70787e84f2bc54,0.3556689534868514,0.547628164220379,,0.44889450410612775,0.37856757154778864,0.49535474505534466,0.1361549799957878,,,0.6381441124496009
103,sweet-sweep-104,run_6ddfe849679412cecb5f29ef364e651b,0.48269354729425357,0.45760476494362917,,0.512318382817435,0.2826665357616232,0.13346035202322706,0.0906155681897969,,,0.3254584723125217
104,fancy-sweep-105,run_e53e510bc17972406d053f6915f159fe,0.1781992458161855,0.8086790044671349,,,0.5974669873840251,0.5992923244420254,0.15636976205517025,,,0.8605635325959724
105,dulcet-sweep-106,run_1a994117ff42909488b8e6230bf82b5c,,,,0.4186986734049276,0.10233174610966587,0.5660497187443309,,,,
106,logical-sweep-107,run_53501badc3d50f4d7de3d483837e7a99,,,,0.5018319646241322,,0.48508437670114485,,,,
107,colorful-sweep-108,run_d2390348850a58a252d34ccc9cdb456c,0.36235460780915774,0.522654754307594,,0.4449778900821234,0.5905944725344847,0.8412810742152071,0.4892398399663098,,,1.1383809985375017
108,trim-sweep-109,run_700393efaf0c49739d8f5227fcab45e2,0.57872173899696,0.36434801106147646,,0.2674036639292488,0.4811447646163668,0.727399745962621,0.46436442759879154,,,0.9880511102991474
109,laced-sweep-110,run_4e472a61dff57d48a552089f19ec0a7c,0.48147818020411914,0.4225058498191877,,0.4619709412507901,0.3769574394973262,0.22767192886953355,0.1476100231627733,,,0.4644568196567564
110,blooming-sweep-111,run_d6c57689bd21f76c3bd50a6795ad0191,0.4954568885621572,0.4202084662837696,,0.5915982312065705,0.44474007167051194,0.63656323716204,0.5128799045413068,,,0.9306193006476965
111,dandy-sweep-112,run_35d636f01883402d79e294d91e66eb99,0.5343543120792935,0.4342905764730909,,0.4712571067593181,0.47847430170340194,0.7176011613137371,0.24711167263283562,,,0.8971918762788592
112,still-sweep-113,run_f86f916b4e2d8dfb3af0c460255c9b47,,,,,,,,,,
113,divine-sweep-114,run_0f7ac556f0b968062bd019d34a0e8fa0,0.4346794514429003,0.5331631567751548,,0.5540113708149087,0.5387953463256585,0.8050263110143359,0.3849091036709487,,,1.0423640461644434
114,distinctive-sweep-115,run_bc69a1fe03d25d88657972504b1fac21,0.40368304933820465,0.5161880450967881,,0.33423878711307703,0.47953463256590334,0.6367809834875707,0.1971923913806431,,,0.8211749655097447
115,grateful-sweep-116,run_282627d764ab5301cb3e652464ca0b59,0.6741422471545994,0.2899383109976604,,0.02507896399241983,0.42628246036031486,0.6518417710034479,0.21398189092440736,,,0.807714479305243
116,genial-sweep-117,run_1b70e8c9f3f136ac682d5bac5a8af19c,0.8352022284553167,0.15954052329291646,,0.3327858496525588,0.1727062981689654,0.4531119579023783,0.587225380781921,,,0.7615586383567757
117,lunar-sweep-118,run_5fedfeaf63db00c5978cd739cee96c43,0.31981051535833466,0.5917464369283134,,0.7505369551484539,0.6063816209317153,0.6578297949555436,0.8866849161226946,,,1.259622502900983
118,serene-sweep-119,run_03b8eaf34a8a238fe086df41fe60660d,0.7835414636702767,0.16400765794511812,,0.3099810486418198,0.22426979529723526,0.44766829976410794,0.842661612971152,,,0.9801951038805972
119,lively-sweep-120,run_72fdb6c55ae8d7998903b1281945cc74,0.700884296780541,0.3148691767709,,0.2684144030322178,0.4478817927445873,0.761150426419888,0.2913595844739254,,,0.9299669238075627
120,chocolate-sweep-121,run_0d2385939927118213c4c8782cf2ffeb,0.2371530646369572,0.6383322697298448,,0.6411876184459887,0.4102989543959546,0.29248775176918995,0.3407173440022449,,,0.6082619710431953
121,azure-sweep-122,run_1dd4a5e7de175a764bd75606d5406669,0.3860576720464799,0.5420548819400131,,0.038471257106760255,0.7177556330077082,0.8609508256214845,0.5713343159963518,,,1.258106662206202
122,eager-sweep-123,run_fcdbd0413de8c3b936eba7dc7dddc8b8,,,,0.5206569804169304,,0.43707131192161136,,,,
123,earthy-sweep-124,run_aa5299189f752fd87ccedb57d52af49f,0.4450117746988934,0.4821101893214212,,0.4034112444725214,0.42372981198763,0.6299945563418626,0.24570786832315827,,,0.7980052951850402
124,rosy-sweep-125,run_88fd6c5a52155f04ce24360a449629c9,,,,0.5902084649399881,,0.6608056614044641,,,,
125,faithful-sweep-126,run_5980ca5557545d555eace5f2333ef298,0.6182271298908054,0.3296319931929378,,0.2714466203411248,0.44721417701634897,0.626111413536564,0.4434196672983805,,,0.8880523766266103
126,comfy-sweep-127,run_088b864695afbab129429626806c3529,0.46567613737923774,0.46322059136353994,,0.2005053695514853,0.6101124147071814,0.7748684449283255,0.32505088790622605,,,1.0384201198234244
127,fancy-sweep-128,run_25ac29bd0e219224394f9f8c11b15e23,0.02990246386755063,0.7945118059987243,,,0.621304796033578,0.547468698965706,0.22437004281603337,,,0.8579531117927118
128,gallant-sweep-129,run_6b30381d2ad96b58b455b9fd9e505dbc,0.4638528029123944,0.3916188045096788,,0.22697409981048694,0.2948799764370924,0.2330067138450378,0.053779743103811305,,,0.3796558836218865
129,olive-sweep-130,run_298f3fce0fcd0541fbb7fa08d8e2e007,0.3240648678370886,0.37481386938949185,,0.063234365129502,0.45349761916449777,0.68824169842134,0.5300063171193945,,,0.9799201101213418
130,skilled-sweep-131,run_ef62674ab50befe50a790506a3f6c008,0.6486158484504339,0.33431184854286333,,0.44118761844598964,0.36018850326444474,0.7455815641444387,0.3957464729416743,,,0.9177379242037043
131,snowy-sweep-132,run_06f42425619db8d6553a5c513dc4ca7d,0.5386089483896893,0.4048500319081048,,0.5617814276689838,0.45844582985616733,0.6602250045363824,0.32550010528532647,,,0.8671908406275604
132,jolly-sweep-133,run_c43c641242be5ea156bb7c4e5b20a9c7,0.4146230561392649,0.5050840246756008,,0.8689197725837019,0.30599381473663556,0.2918708038468522,0.14070330595914785,,,0.4456660196864011
133,fast-sweep-134,run_85da24bf173ff64b990981fef29b9657,0.52706097421192,0.42127206977238896,,0.5381554011370822,0.51939521869324,0.7528397749954641,0.3307222573173292,,,0.9725823006315143
134,icy-sweep-135,run_6bca03331c1ddbc056bef4f0beeb4306,0.3933510099138534,0.49266113592852584,,0.5444093493367032,0.5072210495311953,0.5100889130829254,0.44521653681476936,,,0.845979702469855
135,resilient-sweep-136,run_66ef2e0ed7b0970e99c618dfbc6dbfa2,0.49120253608340325,0.500701978302489,,0.6435881238155406,0.44214815178440076,0.6344220649609887,0.22060784726609134,,,0.8041481001103625
136,vocal-sweep-137,run_027a3ada69519779a76b808b6c8f5143,0.7373507022857668,0.2654328866198682,,0.38382817435249583,0.3399636738500821,0.6910361095989851,0.212578086614724,,,0.7989340693800225
137,clean-sweep-138,run_caf3a8f7709d8c9bfd36df7191713514,0.32528023492722297,0.5860455222293134,,0.4321541377132033,0.6251534043493212,0.5696062420613334,0.3994525163192285,,,0.9353236673785945
138,jolly-sweep-139,run_9d1d8003c8ff2944c0f1e7b2a91930be,0.6255204677581789,0.3620080833865134,,0.614087176247632,0.4681458936723766,0.6132280892759944,0.6418052923422473,,,1.0035553300729922
139,rosy-sweep-140,run_e7c2f2a948f6b162cab155e8dd7e171f,0.2298600106012255,0.6262922782386726,,0.748894504106128,0.3918806145991857,0.18677191072400653,0.05641889520601025,,,0.43776392550140375
140,polished-sweep-141,run_618cb8a55f614d8d1598bf96e72fd732,0.40793740181695864,0.4854286322059137,,0.4365761212886927,0.49865985960433906,0.6507530393757947,0.3698041692988023,,,0.8993866229093197
141,still-sweep-142,run_7bba2d262c755a217b23a458723a2e06,0.26754178319658567,0.5678791746436928,,0.6231838281743525,0.3628589661774081,0.278842315369262,0.3863690601530149,,,0.5989162853182007
142,grateful-sweep-143,run_07016aeab316d1dc05d54b4bb2f58ff4,0.39031202452523384,0.5297170814720275,,0.3665824384080863,0.5619262677335425,0.690709490110688,0.21285884747666378,,,0.9155051168873984
143,olive-sweep-144,run_f4e2014d84f630097f0a6de86d107beb,0.878961971827916,0.1437141033822592,,0.4803537586860397,0.19147808158657045,0.6356559608056624,0.8569242647574932,,,1.0839933356649447
144,robust-sweep-145,run_e8b1fea66e64b1cd052f193f7a252ff6,0.5945240656534833,0.3378004679855351,0.9492832516784654,0.6794061907770061,0.20255264837268677,0.13665396479767797,0.1035305678388464,1.235775949481759,1.2152533152205793,0.2653685360677642
145,floral-sweep-146,run_4957d38d5f5a6af220382ab4dbfec87d,0.620658147902716,0.32201659221442247,,0.3941250789639934,0.34059201806489753,0.33360551624024765,0.15872815329543088,,,0.5024840195309891
146,leafy-sweep-147,run_9d6b2e1fd65c04d75a42ebe2e1017811,0.5343543120792935,0.36626249734099153,,0.283385975994947,0.4467821903686642,0.6328252585737625,0.3440303221730907,,,0.8476078079478098
147,frosty-sweep-148,run_8f3d0cc2863d9aff75008bc3af0acd03,0.42191639400663844,0.4827058072750481,,0.8325963360707525,0.27669726572087805,0.19878424968245398,0.13941180599424285,,,0.3681198261840875
148,crisp-sweep-149,run_4c38848d82f963945a251db368e09a3c,0.579329706373669,0.36707083599234214,,0.5750473783954525,0.2654656128810561,0.18187261839956484,0.1854565873517247,,,0.3714078442063069
149,deep-sweep-150,run_04c9033678146a3cf072bb95db576ac8,0.4377184368315199,0.5111678366305047,,0.6322804801010741,0.2775219675028227,0.31549628016693915,0.12503684986312913,,,0.43839543687122046
150,dainty-sweep-151,run_5f87a45dc97d37670e9b3113b51b7001,0.36174664043244875,0.4964475643480112,,0.4442198357548961,0.3127092435324739,0.2896570495372899,0.11167263283498338,,,0.4406348309673182
151,dazzling-sweep-152,run_993a3bcf7ff6036cc01298544277653a,0.33865125974019383,0.5383535417996174,,0.5227416298168032,0.33623288007461666,0.439756849936491,0.18702884817856377,,,0.5843102144925564
152,quiet-sweep-153,run_e0cd73c69f7f1dc2357dbcbe9a456f2d,0.5720363685062955,0.41999574558604574,,0.6344283006948838,0.22093171665603153,0.3898203592814375,0.1661402400505378,,,0.4778842069988716
153,warm-sweep-154,run_0efd35a8c26d971c4b65d9f556c524b0,0.5100435642969042,0.43424803233354625,,0.5295009475679087,0.35386578960286724,0.6227000544365818,0.17304695725415759,,,0.7368321411702294
154,still-sweep-155,run_bb922f68652105d41d940cfe564f2ef3,0.602425087065924,0.3783024888321633,,0.734554643082755,0.3682784350301895,0.43663581927055084,0.36008984347582157,,,0.6752366546276884
155,efficient-sweep-156,run_01eecce990ccedd2fbcb295a82027429,,,,0.3945672773215415,0.07354572676844294,0.5767918708038481,0.9776514353899075,,,1.1374973253908107
156,solar-sweep-157,run_a63991cc92105fd1b21b1f13b5a38a0b,0.3422979286738806,0.5760051052967454,,0.6190777005685406,0.3707525403760248,0.479531845400109,0.1599635010879509,,,0.6268943759744737
157,amber-sweep-158,run_11c661f571cc20c9df581e481087f246,0.4334640843527659,0.529249095937035,,0.38003790271636206,0.5375386578960297,0.7660497187443308,0.3882782340141794,,,1.0131830867765723
158,genial-sweep-159,run_f09389514e619a168b5c99cd1092a977,0.20615666253226156,0.623569453307807,0.8502086735619703,0.5825015792798484,0.38528300034362495,0.10261295590636903,0.09297395943005618,1.3009035794037314,1.2045753366071048,0.40941002211197747
159,avid-sweep-160,run_50741a084e89117bce97e6a3562dad3c,0.6595558552514941,0.36953839608593925,,0.5101705622236259,0.4749398654950652,0.8003810560696806,0.4178704288622178,,,1.0201928278855825
160,vocal-sweep-161,run_f9ce88ca5b6b8e5cc2684faec96cd8e5,0.45777483213515524,0.4105509466071052,,0.3339861023373342,0.5646360021599335,0.5986027944111786,0.17310310942654958,,,0.8408946467335633
161,peach-sweep-162,run_751bc90652875a4cdea3da193497efe2,0.48269354729425357,0.47147415443522656,,0.6129500947567913,0.41171272887928956,0.5242061331881697,0.3544746262371056,,,0.7549514566111255
162,distinctive-sweep-163,run_82c426594a83ac6906135d2765e3b20a,0.4255630629403252,0.5311210380770054,,0.9603916614024007,0.454911393647833,0.5439847577572138,0.32735312697409974,,,0.7810402438303095
163,graceful-sweep-164,run_c1629bf897f160e89f601ee689b5cd52,0.7142553215935119,0.27896192299510736,,0.3253316487681624,0.24783270335280622,0.44530938123752534,0.1314381975152669,,,0.5263055135901296
164,young-sweep-165,run_c15e093fe9b21dfc9fef1431e7a86d45,0.6455768630618143,0.35273346096575214,,0.7692356285533799,0.3771930685778799,0.56873525675921,0.5599354250017563,,,0.8827582247909442
165,misty-sweep-166,run_8c2fd57dfbfc8a4dcb8153b6fcec07ff,0.3842343375796365,0.5240587109125721,,0.40473783954516795,0.4994452898728576,0.7075848303393221,0.1861865655927596,,,0.8858822308353052
166,comic-sweep-167,run_85fba7cddb0327511a9c0c48806fd007,0.14355617477780308,0.6213146139119334,,0.5341756159191409,0.37165578518482156,0.3440573398657234,0.1886011090054058,,,0.5404385756909782
167,golden-sweep-168,run_118e9c5fcc3c5eb34c80752977501126,,,,0.5633607075173725,,0.5043912175648705,,,,
168,dazzling-sweep-169,run_9f484b0f5f87772d126370340d5ace25,,,,,,,0.8876956552256628,,,
169,deep-sweep-170,run_7e9f0bccb393d9d615db8b80d38efed8,0.37815665063403914,0.5651138055732824,,0.7183828174352498,0.32425506847970204,0.35291235710397445,0.17624763108022795,,,0.5106385303645344
170,fallen-sweep-171,run_988e77391a4ac378e49a0de3783f12dc,0.5130822658538821,0.4805786002978091,,0.3559065066329759,0.5880418241617973,0.712992197423335,0.380585386397136,,,0.9994980224538452
171,chocolate-sweep-172,run_6a64e61c7ef9c1cb947b6eba8b05eff4,,,,,,,,,,
172,legendary-sweep-173,run_fba5f9eeed3ce24d912076c36c800a98,0.9269760676792692,0.13724739417145304,,0.37523689197725874,0.26884296303568833,0.6933950281255671,0.8873587421913416,,,1.157790456493084
173,proud-sweep-174,run_617a2675d795441aad41a7ecd81a1094,0.5471176533471972,0.39800042544139547,,0.0852179406190784,0.4086888223454894,0.6046634004717841,0.18848880466063134,,,0.7537721213089787
174,atomic-sweep-175,run_6331107eefb56766fe6ce32d3f1e5cf7,0.38544998850141265,0.5163156775154225,,0.21610865445356958,0.555053752884002,0.7174922881509721,0.23543202077630598,,,0.9371809262642659
175,light-sweep-176,run_a08f66d6d3295c5750247d88d49e8c55,0.6601635387965613,0.19544777706870892,,0.3806064434617824,0.21433410240047215,0.497786245690438,0.627767249245456,,,0.8293503319319308
176,atomic-sweep-177,run_ca84b588a1508f4a2e95a7332d6c3699,0.4377184368315199,0.47611146564560747,,0.5567277321541376,0.3054832850620991,0.24251497005988046,0.3173580402891858,,,0.5028415992056235
177,radiant-sweep-178,run_d1a4832fd93ec0d4e65e3fac3ef57c6a,0.41523073968433216,0.4312699425654115,,0.0569172457359446,0.4279318639242064,0.6740156051533299,0.2347020425352711,,,0.8321705143310975
178,leafy-sweep-179,run_87d060488ea018275746b7d20d354941,0.5805450734638035,0.39463943841735816,,0.5871130764371453,0.48224436699229334,0.7352749047359843,0.345434126482771,,,0.9447293531849339
179,polished-sweep-180,run_8926cbd4b765e684f927bbb7a9051d3b,0.13079283350989943,0.620506275260583,,0.5907770056854079,0.35991360267046196,0.17722736345490922,0.28653049764862915,,,0.492998038360378
180,visionary-sweep-181,run_97d1f95adc1025d12c9c16b0be1e2053,0.5452943188803538,0.4347160178685387,,0.3898926089703104,0.6374453880516419,0.8807294501905281,0.7241805292342238,,,1.3063148265648594
181,floral-sweep-182,run_ea7d7c56e1527a1462f8b0998d8e97aa,,,,0.5467466835123187,0.0988758529281825,0.4681727454182549,0.9243068716220985,,,1.0408195553373178
182,solar-sweep-183,run_92297382b9f3aef036b1ccf9f4c32b44,0.4146230561392649,0.5510316953839608,,0.4826279216677194,0.47431152128025306,0.609344946470696,0.248122411735804,,,0.8110717688430261
183,woven-sweep-184,run_1ecdeebcf87625615484c8828caf43f1,0.39821304593767454,0.49117209104445875,,0.37220467466835166,0.38221982229640056,0.2802576664852115,0.22100091247280174,,,0.5229510067815522
184,solar-sweep-185,run_5fe06a4e7bfb70dcf99b2c8ddaf89da2,0.7130396706717357,0.2561157200595619,,0.22969046114971642,0.3708703549163024,0.5146978769733265,0.48738681827753383,,,0.8000028970868114
185,royal-sweep-186,run_06cbbb83d2c18ec92644790de660744b,0.9938311917441235,0.05164858540736025,,0.37277321541377145,0.10170340189484953,0.3275086191253867,0.902856741770196,,,0.9657928213226155
186,trim-sweep-187,run_1e4d836ee2ed14ffc8b2c5df21b136e1,0.5823684079306468,0.32869602212295274,,0.2792166771951993,0.3394531441755446,0.30602431500635124,0.1787183266652644,,,0.49073369433105135
187,daily-sweep-188,run_3e923b471f1195897931cb5a02f817b9,0.6814355850219729,0.28738566262497345,,0.44207201516108696,0.3907024691964064,0.5410814734168033,0.4374675370253392,,,0.7979946279656801
188,earnest-sweep-189,run_c3b5bebc6ea4cafbccec85f18545d8a7,0.06879988738468724,0.7463518400340354,0.1370894574487417,0.7374605180037903,0.5557999116390954,,0.7184530076507316,1.1957320706131371,1.058150558323436,
189,soft-sweep-190,run_6490a94da9a16ba1d8ecf22c8f3f59b6,0.5428633008684433,0.4134439480961499,,0.6655085281111823,0.4375533847135635,0.6855924514607148,0.3759247560890003,,,0.8959963148444209
190,distinctive-sweep-191,run_713d9a82a64d6e461a7743de5606d9e5,0.7914424850827174,0.22786641140182956,,0.2941250789639927,0.3440871827598053,0.6218290691344596,0.26642801993402065,,,0.7589804150082998
191,good-sweep-192,run_19bf7b5379afdd93540267d791809945,0.5288843086787635,0.36077430333971505,,0.34264055590650716,0.536596141573806,0.6586281981491563,0.9530006317119408,,,1.2766897534610586
192,dutiful-sweep-193,run_5705e76bdd7d36e1a608da609dace8c1,0.9689124765850251,0.09308657732397382,,0.489387239418826,0.18762947327082707,0.532407911449828,0.7969537446479984,,,0.9766259644934303
193,glorious-sweep-194,run_8a8960d3e763fb9ce39dd4f9388640f7,0.7318806988852367,0.25300999787279327,,0.36222362602653274,0.3366648667223016,0.49303211758301657,0.5600477293465334,,,0.8185825313306817
194,visionary-sweep-195,run_e84a2ea25d9fdcfca90510a6c198a4d5,,0.8846628376941074,,,0.5873349369201307,0.48385048085646964,0.18506352214501218,,,0.7831488512286334
195,clean-sweep-196,run_c611c23528aecbb52f4e0d16911463d2,0.07062322185153062,0.8491384811742181,,,0.45864218742329826,0.26167664670658725,0.6552818137151676,,,0.8415590168858459
196,ethereal-sweep-197,run_f17de933d59c17239e09cb4fd1c5d971,,,,,,,,,,
197,golden-sweep-198,run_3f2134c471e8fa750b9fb2083b71bf32,0.5957394327436176,0.25820038289725605,,0.22413139608338634,0.34993863826027116,0.70834694247868,0.6292272057275203,,,1.0100194641164153
198,light-sweep-199,run_12a5feafcf0c8d3d1bbcb5af3b777fe2,0.1933936050959997,0.5952350563709851,,0.5659507264687303,0.37412989053065704,0.2928869533659954,0.1464869797150322,,,0.49720657444017013
199,glamorous-sweep-200,run_7c888d91a10b38fd98dab43f9d384a42,0.5149056003207254,0.4512656881514573,,0.4639924194567281,0.4018555790093765,0.586082380693159,0.2026391521021989,,,0.7389472845234769
200,efficient-sweep-201,run_7d4a8054b3aabb3f56db65ef33c8a22d,0.5738597029731389,0.3484365028717294,,0.34068224889450444,0.30348043787737544,0.2535111594991843,0.26654032427879737,,,0.4768773727401111
201,stellar-sweep-202,run_8e733114c0371852b253e83da719c42f,0.5829763753073558,0.3587747287811105,,0.23922931143398557,0.49194443080850414,0.6614589003810565,0.3636274303362122,,,0.900978417049896
202,soft-sweep-203,run_d8271420543295a4d67004fbe21ae83f,0.5513720058259511,0.3863007870665819,,0.4288692356285535,0.45255510284227585,0.6363817818907647,0.2873166280620483,,,0.832068950383316
203,confused-sweep-204,run_5f67ed62885fd6336ffb6d901507e5b8,0.545902002425421,0.41727292065517974,,0.6100442198357554,0.4194884885376276,0.6873707131192166,0.43696216747385447,,,0.9161795812356072
204,lively-sweep-205,run_79c0d0514a78a16b56a7503147ded7e6,,,,,,,,,,
205,daily-sweep-206,run_b117c442c5096478712e80bc68b745b9,0.6109337920234319,0.34090619017230395,,0.4224257738471261,0.43020961170291194,0.4834512792596639,0.29281954095599183,,,0.7103159388504904
206,silver-sweep-207,run_68b0fef5e1895d4c9572a0cda58b2857,0.5641353470938548,0.3087002765369072,,0.37972204674668397,0.38406558342742286,0.597804391217565,0.5994104021899365,,,0.9296070636489117
207,splendid-sweep-208,run_218bc61db06e107eb93786fbd5dfd137,0.42373972847348185,0.4527972771750692,,0.6074542008843976,0.40782484905011945,0.4129014697876971,0.3128658664982116,,,0.6593131135320077
208,hearty-sweep-209,run_67c8b480f4e95705905896f9f105ce84,0.5756830374399823,0.3551159327802598,,0.5462413139608336,0.2544303176083637,0.2343131917982224,0.20926510844388274,,,0.4042639533534908
209,helpful-sweep-210,run_a005fab6dfefae7e993cb99631f372c3,0.6267358348483133,0.358094022548394,,0.4477574226152876,0.2322811840361311,0.30885501723825115,0.11610865445356958,,,0.4035185123008433
210,fluent-sweep-211,run_b5d5c2e55e9620ced0296e37d8e0cb8a,0.6704955782209125,0.2941076366730485,,0.36803537586860396,0.23644396445927998,0.5241698421339146,0.17703376149364952,,,0.6016649602897817
211,avid-sweep-212,run_0a7abae62a4fe0ad44d9a53403f9c19b,0.23168334506806887,0.6329291640076581,,0.7511686670878084,0.2991998429139474,0.39693340591544296,0.19393556538218554,,,0.5335613162997038
212,northern-sweep-213,run_281c993e364eb049aabba68d4826e84a,0.6157961118788948,0.32452669644756443,,0.3844598862918509,0.3243728830199807,0.28994737797132997,0.18248052221520447,,,0.4717906211648098
213,devoted-sweep-214,run_0129f2135a27de17cb33467f118b66a3,0.09371860254378529,0.7475856200808338,,0.7851547694251428,0.4253792155515186,0.4101070586100534,0.15985119674317225,,,0.6121173757092992
214,swift-sweep-215,run_a56f40fc26d4b45cb963665fec1aed78,0.31251717749096114,0.5463092958944908,,0.4728995578016433,0.559884149035393,0.5376338232625667,0.3892889731171487,,,0.8683699055400383
215,smart-sweep-216,run_bb688ee54881aebe3be6744220ebee5b,0.3234569004603796,0.5091682620718998,,0.38547062539482047,0.5330617053654716,0.6842859735075303,0.1832105004562342,,,0.886548454819993
216,devout-sweep-217,run_4ccb17d0ab5ac5b67106afd91ed1c21b,,,,0.5315855969677831,0.21539443326297109,0.7741789148974778,,,,
217,easy-sweep-218,run_beae86e16c99b842232e9f5508c9405e,0.6662412257421586,0.34554350138268464,,0.21156032849020906,0.44132345000245576,0.6599346761023419,0.3133712360496952,,,0.8535113917386731
218,dry-sweep-219,run_78c91a2a79ad6257443c12704880f61e,0.5380009810129803,0.3719208679004469,,0.06961465571699356,0.5091060821756429,0.677172926873526,0.31404506211834454,,,0.9035355426543027
219,eternal-sweep-220,run_756323b2310e65f44b4baac27f82e00a,0.6285591693151567,0.3115932780259521,,0.4099178774478841,0.3749545923126005,0.569787697332608,0.39338808170141376,,,0.7874027871125567
220,warm-sweep-221,run_7f82870344ace04aa640210feceb46f0,0.21588101841154564,0.6747500531801748,,,0.28321633694958515,0.3292868807838869,0.4435881238155381,,,0.6208154049004517
221,noble-sweep-222,run_2aeafd274570392253de1ac4b0e0eb88,0.1690825734819686,0.6110614762816421,,0.3550852811118133,0.4415198075695838,0.38473961168572046,0.20724363023794645,,,0.6212199542437155
222,peach-sweep-223,run_1442e5042f10e4d067113e306fe9a4c4,0.3708633127666657,0.39787279302276124,,0.4178142766898303,0.3397673162829499,0.34939212484122734,0.1264968063451983,,,0.5035058372359952
223,glamorous-sweep-224,run_3d92dc935731965af10d1215b7fc4571,,,,,,,,,,
224,swept-sweep-225,run_9134792dce7012e806aca1be59c37473,0.20554897898719438,0.5495001063603491,,0.040745420088440516,0.6818221982229643,0.7943204500090729,0.4052923422474938,,,1.1225365784582124
225,legendary-sweep-226,run_ff4ed3d714420bf3b2d0b8f160585ace,0.2979305017562141,0.6407572856838974,,0.5734049273531273,0.5118943596288851,0.6414262384322266,0.2018530216887778,,,0.8451083345548498
226,icy-sweep-227,run_5423c889f6dbd7aec15adba4b5967629,,,,0.6226152874289327,,0.48784249682453346,,,,
227,cool-sweep-228,run_c16c880bdbf059fa17ebe96efdf8bdde,0.26814975057329465,0.5552435651988941,,0.26032849020846577,0.6606548524863763,0.8151152240972603,0.35688916964975365,,,1.1082632999798439
228,neat-sweep-229,run_bee8317b1b043d535f94507beafebf2c,0.4693225224812827,0.4802382471814509,,0.47536323436512995,0.4508271562515339,0.6833786971511534,0.18961184810837753,,,0.8403595786786316
229,crisp-sweep-230,run_a5c80334c8b9c2e6b7d6cddb0a7e7017,,,,0.4007580543272278,0.05269255313926695,0.5045726728361467,,,,
230,glowing-sweep-231,run_0302912f6c819cba0868c8de53b5627e,0.6565168698628745,0.32754733035524364,,0.7084649399873667,0.36101320504638834,0.5342950462710947,0.4209026461711242,,,0.77003945888607
231,dulcet-sweep-232,run_2f269621374abf1b8a9f6e002df92852,0.38484202112470367,0.5081897468623702,,0.5379658875552757,0.5568995140150209,0.5286699328615502,0.6340562925528175,,,0.9958194358154627
232,deep-sweep-233,run_d95630395421fe360ee40172b559fa98,0.08156322865259064,0.7657519676664539,,,0.6765205439104597,0.4831609508256222,0.6320909665192689,,,1.044348380901166
233,silver-sweep-234,run_48f87d44fbc8071d52a1f87ef27cb0ac,0.11377513976324183,0.6042969580940227,,0.47359444093493364,0.36207353590889096,0.24487388858646453,0.19539552186425005,,,0.47879001313898123
234,young-sweep-235,run_7d98d6678a28f104ff519fdc18f35edc,0.29428383282252735,0.5643480110614761,0.9131736526946135,0.7581174984207197,0.29731481026950035,0.09822173834149887,0.02615287428932578,1.3808198905009208,1.3141982114492305,0.3142094510386474
235,true-sweep-236,run_7b42c4c02a73c12137013ee3e0b7c9d7,0.3830186866578603,0.5646032758987454,,0.6047378395451681,0.48330469785479374,0.7105969878424977,0.21729486909524848,,,0.8864245992945285
236,ancient-sweep-237,run_7d6e40f2f17202f44581ff4699325679,0.5477253368922644,0.42676026377366544,,0.7907138344914724,0.3864611457464035,0.4965886409000193,0.2982663016775449,,,0.696358587337696
237,glamorous-sweep-238,run_16fa4a1678ed7fec9fab987874c3bdb9,0.593308414731707,0.3708147202722826,,0.6195830701200257,0.3897992243876092,0.5040645980765749,0.3864813644977878,,,0.7452465360344539
238,icy-sweep-239,run_182c9a588cc897246594545a716e79ec,0.28699049495515383,0.6109763880025528,,0.7217940619077696,0.29605812183987157,0.33317002358918585,0.16046887063943405,,,0.47371186872408666
239,dry-sweep-240,run_e6cf8c40ccb0d895f4a614c67f1a9fef,0.4662838209243049,0.5101467772814294,,0.7234996841440307,0.29433017524912725,0.5054073670840147,0.19769776093212982,,,0.6173744920569325
240,curious-sweep-241,run_59c8e1d928d65533bf9f77843ddbf1ee,0.6236971332913355,0.34358647096362493,,0.5951989892608973,0.39545432232094724,0.49031028851388125,0.4692496665964747,,,0.7854830040591507
241,rich-sweep-242,run_f61be0c3cc1347b335074cf3dba957dd,0.11499079068501801,0.6356094447989787,,0.583133291219204,0.4265573609542971,0.45757575757575736,0.13907489295992356,,,0.6408342858782893
242,morning-sweep-243,run_0a4194dae66ccbf0ae26ca9e913686cc,0.6771812325432189,0.3299298021697511,,0.5977890082122557,0.27147415443522677,0.5031210306659407,0.24699936828806116,,,0.6227661486941797
243,earthy-sweep-244,run_e5ed52fed53524205ece0f3c4e8337c4,0.3647856258210683,0.5388640714741548,,0.4425142135186356,0.3529625447940701,0.3745781164942847,0.1354811539271424,,,0.5322090439417033
244,autumn-sweep-245,run_e85b3f770de43387858598c91e93757d,0.3009694871448337,0.5890661561369924,0.6021593177281829,0.7476310802274168,0.2956261351921844,0.04298675376519704,0.015708570225310386,1.1875149405171463,1.1262979234442796,0.2991478430249178
245,major-sweep-246,run_18eed2f55ba27c80f5f3125a5d6ed156,0.19825564111982086,0.7239736226334824,,,0.29841441264542823,0.2976047904191619,0.24845932477012578,,,0.4892359441212144
246,genial-sweep-247,run_308f7877db4203566d4f3912eebaa9d5,0.3678246112096879,0.5293767283556691,,0.42154137713202766,0.34907466496489903,0.424804935583379,0.20454832596335998,,,0.5866450141872581
247,visionary-sweep-248,run_04df1d90b5847cc51fbd7ac1047ea680,0.4529127961113341,0.4590087215486066,,0.4260265319014529,0.3027342791222826,0.3947922337143905,0.12655295851758264,,,0.5133464744852535
248,efficient-sweep-249,run_333558b4e387025e974b050d71f74185,0.04509682314736485,0.8612635609444802,,,0.7213293407294701,0.5204318635456365,,,,
249,lucky-sweep-250,run_8063a34be4d30d4e2496fb52710bf6b6,,,,,,,,,,
250,glorious-sweep-251,run_6395fb05ed4a191f6d0dfe14af4c2420,0.5009268919626874,0.39400127632418663,,0.39134554643082753,0.3116096411565453,0.26505171475231465,0.21678949954376422,,,0.4629802015932097
251,autumn-sweep-252,run_93ca9aa25a56875c279d83e07768ff03,0.5744673865182061,0.3931929376728355,,0.5292482627921675,0.3638800255264837,0.6713663581927056,0.30725064925949225,,,0.8231308652702013
252,trim-sweep-253,run_9627b49e8f09b4ca2f2421fa650e7e0b,0.4480504762558712,0.4435226547543079,,0.4910296904611501,0.4336655048843948,0.36826347305389273,0.10470976345897406,,,0.5784875886965826
253,proud-sweep-254,run_07a718bb26bbb47a11ae1a8a4c393f46,0.7561917304992678,0.24339502233567345,,0.5315224257738478,0.23086740955279567,0.627345309381238,0.6727451393275775,,,0.9483922819620272
254,azure-sweep-255,run_422a9cdf8253cf929de18f642dd37fe2,0.4012520313262941,0.5436290151031697,,0.3257106759317752,0.5505768003534426,0.7084558156414452,0.1837720221801087,,,0.9158693203398541
255,fanciful-sweep-256,run_c06af4eefbeda037f676ca93fdc6ac12,0.6838666030338835,0.2984896830461607,,0.2996841440303228,0.31062785332089743,0.5537833424060974,0.26777567207131625,,,0.6891077304300561
256,easy-sweep-257,run_a1ce0323cc83600805c3be13598b5606,0.6644178912753153,0.24267177196341233,,0.5055590650663301,0.2980609690245925,0.6667573943023054,0.6627500526426613,,,0.986226848341967
257,firm-sweep-258,run_2fe646297942e6a3766e1b603c53b459,0.40489870025998087,0.4593916188045098,,,0.6259781061312667,0.776574124478317,0.4459465150558004,,,1.0926043448821559
258,earthy-sweep-259,run_826bed2c84ef1f47123e07568a500bda,,,,,,,,,,
259,ethereal-sweep-260,run_1718bfbd5178df71cab3343d3f0f5c8f,0.30947819210234156,0.5303126994256541,,0.4252684775742267,0.5234401845761136,0.6650880058065688,0.19359865234786242,,,0.8682235429241383
260,usual-sweep-261,run_1e9d3381e18dd479801d8f0c5740bd30,0.818184534708659,0.24926611359285294,,0.7130764371446625,0.32064208924451315,0.757956813645437,0.8590018951358191,,,1.1896193242350928
261,zesty-sweep-262,run_4ddb16ba65d5298827f3a183e5d87a7f,,,,,,,,,,
262,playful-sweep-263,run_b515e8661271f1bf7816f1ccf324e6a2,0.203725644520351,0.6550946607104874,,0.800631711939356,0.38123803446075233,0.13400471783705306,0.05097213448445271,,,0.40730561230602647
263,olive-sweep-264,run_5bee068e1d7009e71404c6264eea63a7,,,,,,,,,,
264,volcanic-sweep-265,run_a0422c2f532acb3a773b236b3a0fee46,0.6783965996333533,0.20667942990853025,,,0.2938196455745925,0.5814371257485025,0.5427528602512834,,,0.8479267554660651
265,good-sweep-266,run_72e06f9c00088010429168d0b8d0ce13,0.32528023492722297,0.5088704530950865,,0.10675931775110561,0.6125079770261656,0.6904917437851568,0.19825928265599962,,,0.9440612338802096
266,pleasant-sweep-267,run_fd803afd144a42adbccbe09e1e46c0b8,,,,0.3207833228048013,0.09447744342447602,0.5214117220105248,0.9425563276479237,,,1.0812994968810195
267,lyric-sweep-268,run_497513d3ff09526a579dc19af351d888,0.6139727774120515,0.3651138055732822,,0.45773847125710765,0.5413087231849196,0.8871166757394299,0.6836948129430758,,,1.2439572852056988
268,happy-sweep-269,run_6bc1cdf2c65fcc0e42500f41ea9af27c,0.3295348712376187,0.5449904275686028,,0.5061907770056857,0.458053114721908,0.5686626746506992,0.31651575770337936,,,0.7958467932472134
269,twilight-sweep-270,run_b15baac3d60635d19357e7746fbccb78,0.5167289347875688,0.42871729419272514,,0.9064434617814284,0.20989642138333908,0.22248230811105088,0.1471608057836767,,,0.33942773588917835
270,sunny-sweep-271,run_b90a589e64b745dd8ded7cea9c24b391,0.49181021962847044,0.3164433099340567,,0.23013265950726508,0.3390604290412834,0.45684993649065603,0.22268547764441762,,,0.6109522575184562
271,solar-sweep-272,run_22921a2fa461b601423e666a199bf8fa,0.4820858637491864,0.42693044033184435,,0.714403032217309,0.2750871336704134,0.3213754309562698,0.24054186846353842,,,0.4866369172363131
272,absurd-sweep-273,run_f762561458b7219fb5276e92cbaea531,0.5331389449891591,0.378217400553074,,0.3786481364497797,0.3619949928820388,0.40680457267283615,0.336225170211274,,,0.6399825781244333
273,earnest-sweep-274,run_a5394a46e78c26566518de376462627f,0.2979305017562141,0.38332269729844715,,0.10246367656348734,0.4019733935496555,0.4388132825258578,0.17400154418474315,,,0.6200130993951819
274,fresh-sweep-275,run_c3926904f8b58487de7b64a7e45c95d1,0.579329706373669,0.3672410125505214,,0.3895135818066965,0.4662215895145049,0.6165305752132108,0.3031515406752312,,,0.8302851180865103
275,curious-sweep-276,run_96355d8147475d2234adc31f1943bd22,0.3672166438329789,0.5168262071899598,,0.4357548957675307,0.4027588238181728,0.3150970785701334,0.20937741278865585,,,0.5525755514614287
276,earthy-sweep-277,run_b5e866c30de91bf8f568c90267e3a97c,0.45534381412324465,0.49925547755796645,,0.7241945672773221,0.324647783613962,0.4359825802939585,0.08522495964062664,,,0.5502183997931932
277,sweepy-sweep-278,run_0d7fe19494ccbb80233214966ba5f062,0.46810715539114833,0.34724526696447583,,,0.541622895292329,0.535311195790238,0.2195971081631233,,,0.792550520129049
278,rose-sweep-279,run_83cd5a6c6bad2a559cd3433e013f0595,0.7416050547645208,0.25330780684960663,,0.3562855337965893,0.253841244906977,0.565868263473055,0.30079314943497115,,,0.6892886100676142
279,ethereal-sweep-280,run_adceca80e7142e02e15620b736d58968,0.49120253608340325,0.40144650074452265,,0.03992419456727792,0.5697412989053076,0.735383777898749,0.36334666947427624,,,0.9987067891493442
280,leafy-sweep-281,run_3422ae9632ddde2aba8e6a0e362e316f,0.5860150768643335,0.3574133163156777,,0.47258370183196463,0.25835746895095923,0.2765559789511894,0.2975924756089003,,,0.48144893062030003
281,graceful-sweep-282,run_5d43fd78f14cb0381f28a40949cb1394,0.5118668987637476,0.3753669432035739,,0.4241313960833871,0.4119876294732697,0.5341861731083292,0.3829437776373985,,,0.7757155478719807
282,pleasant-sweep-283,run_4593eae73101e4d5882cb4a048e3a509,0.5051812444414413,0.4533078068496068,,0.522804801010739,0.4346865642334695,0.6021230266739254,0.12222924124377027,,,0.7526250964398508
283,graceful-sweep-284,run_97119be3d0cd47ed65702fffc92cf584,0.35384561902000805,0.4624973409912786,,0.01895135818067051,0.5947572529576359,0.7065686808201788,0.2007861304134198,,,0.9451404979303742
284,icy-sweep-285,run_8811a87685adc0dbe76ece3edf5b1a18,0.654085851850964,0.3163156775154223,,0.5716361339229321,0.375386578960286,0.5440573398657241,0.5007510353056812,,,0.8292557338270183
285,snowy-sweep-286,run_2240c4d7c0209af597fd9642f7531d86,,,,,,,,,,
286,zesty-sweep-287,run_dcff52a3dcb5e50fef6fbde9553a8286,0.9555414517720543,0.11648585407360154,,0.581617182564751,0.16500908153747862,0.5092179277808023,0.9945532392784461,,,1.1294543110380635
287,comic-sweep-288,run_f11fcb1074829dcd705043d45c93b6bc,0.41279972167242157,0.4222931291214638,,0.4900189513581811,0.29429090373570266,0.26708401379060165,0.10639432863058797,,,0.4114131252267342
288,desert-sweep-289,run_c37cda272689282cd833701e0ebf78fc,0.5902694293430876,0.37894065092533513,,0.6215413771320278,0.32464778361396,0.19820359281437203,0.16698252263634492,,,0.41540824555607875
289,charmed-sweep-290,run_48e729ace1be3ff194d53e382a21b90d,0.29428383282252735,0.5278451393320573,,0.5586228679722051,0.49100191448627967,0.46984213391399,0.3317891485926867,,,0.7562529669058519
290,treasured-sweep-291,run_be501db3da008d3a8a5d117dd500bf28,0.5999937852223716,0.33728993831099785,,0.5217308907138347,0.31691129546905045,0.35784794048267204,0.270077911139186,,,0.5490264071871842
291,celestial-sweep-292,run_3cd0e14f7a4277e80be4e6febd865311,0.3374358926500594,0.446713465220166,,0.019077700568540527,0.5078493937460119,0.45111594991834636,0.05523969958587801,,,0.6815189149313919
292,splendid-sweep-293,run_9eb4b87724e01f0ed710e00eeece2114,0.6613789058866957,0.29904275686024273,,0.4909665192672137,0.3206420892445139,0.43652694610778475,0.24756089001193468,,,0.5955279324572247
293,super-sweep-294,run_cef3d702ad3f25f28808fc17606f6526,0.6443614959716799,0.33205700914699027,,0.24200884396715144,0.3758578371213969,0.5793685356559614,0.5855408156103062,,,0.9054253478776095
294,fresh-sweep-295,run_7c21a9925d2d0d12ec6b91b2706704f2,,0.01565624335247836,,0.6538850284270377,0.0830101615040991,0.5389765922700059,0.9577735663648504,,,1.1021418503782394
295,lively-sweep-296,run_a21feea6698a7616902c34b791abec17,0.6328138056255525,0.3482237821740055,,0.5728995578016434,0.4511020568455154,0.600889130829251,0.6840878781497859,,,1.0161382968230572
296,trim-sweep-297,run_7c2a61232218b12aaea4fdd737585720,,,,0.5811118130132671,0.09899366746845849,0.5486663037561247,0.9091457850775604,,,1.0664804347012453
297,ancient-sweep-298,run_890a7a0ca6a30c6dadbf567b7282d05e,,,,,,,,,,
298,pretty-sweep-299,run_84af64996507bbb13bc7f5c0c2e93695,0.36235460780915774,0.45781748564135305,,0.5796588755527483,0.2468901870305824,0.44171656686626876,0.4410612760581191,,,0.6712699450549944
299,easy-sweep-300,run_98088f23e75122e34a899c71ff866897,0.568997383117676,0.35881727292065535,,0.40581174984207224,0.32782877620146456,0.2988023952095822,0.17770758756229554,,,0.47784366121770855
300,cosmic-sweep-301,run_1a91c9f4d93a81a1c5f6363b612bb52d,,,,,0.5528152766187228,0.38245327526764655,0.13531269740998067,,,0.6857001997275123
301,fancy-sweep-302,run_f4dca68026872e5f2ef17ba84144bb8d,0.44197278931027384,0.474324611784727,,0.5827542640555912,0.3518236709047174,0.3520050807475963,0.14216326244121602,,,0.517588509792212
302,cosmic-sweep-303,run_90bb852733b26a2971da994059d6436d,0.3757256326221286,0.4747075090406298,,0.2968414403032222,0.35743949732462754,0.36546906187624817,0.253513020284972,,,0.5706132498377477
303,northern-sweep-304,run_ea4a7abf2561498bfd6aed9da1be754f,0.57872173899696,0.34767070835992364,,0.018066961465572077,0.5494771979775179,0.7592995826528771,0.43325612409630204,,,1.032556011256052
304,comic-sweep-305,run_69fb2d8312fd49b4e703e223a667057e,,,,,,,,,,
305,eager-sweep-306,run_be6ce3da5ed86af9d6327a915188d090,,,,,,,,,,
306,solar-sweep-307,run_a78c48b5ce5f22e34e92cc98af356724,0.5598809946151009,0.3739204424590511,,0.3773215413771326,0.44206960875754675,0.6500998003992026,0.3184249315645416,,,0.8482038236815586
307,legendary-sweep-308,run_372eb43e9b683bf45b2de7e1da4d907d,0.2796974409194221,0.5971495426505001,,0.6902084649399877,0.32327328064405225,0.32612955906369123,0.14216326244121627,,,0.48070416730186144
308,rosy-sweep-309,run_43ba7aed17ae5f6b53334adcdeb2a973,0.43954177129836325,0.43969368219527777,,0.3711307643714474,0.5086740955279546,0.48980221375430943,0.3675019302309278,,,0.7960610609640837
309,lucky-sweep-310,run_587c2633af7c746a37326124b7f30796,0.67657326516651,0.2903637523931082,,0.5122552116234997,0.3837906828334403,0.5442387951369992,0.38367375587843117,,,0.7685679575104553
310,laced-sweep-311,run_55d131800cb71391b94d411404669142,0.5629196961720786,0.3657945118059989,,0.37428932406822496,0.3381179127190605,0.44487388858646365,0.2189232820944762,,,0.6001365703659068
311,bumbling-sweep-312,run_b97e2123d664ce9e02ab0d59fc71771a,0.22378203982398637,0.5983407785577535,,0.3255211623499688,0.6639143881007311,0.8101796407185627,0.42292412437706295,,,1.1296185993255126
312,floral-sweep-313,run_293766fd7bd23375f0b1844477ccb648,0.21709666933332183,0.6109763880025528,,0.5284270372710049,0.5020764812723996,0.40284884775902824,0.06832315575208914,,,0.6473299319509142
313,warm-sweep-314,run_548ed80b87b216b50d58c7a3afac0524,0.4954568885621572,0.4244628802382472,,0.4291219204042963,0.3467969171861959,0.35037198330611535,0.2958517582648958,,,0.5749407720140748
314,different-sweep-315,run_535e8744b94ceb1818743cb0880a8a1c,0.442580472855341,0.42459051265688164,,0.2861655085281118,0.3458151293505469,0.34452912357104043,0.27198708500035207,,,0.5588071179605298
315,autumn-sweep-316,run_e5b95de1d001afc4dc4bd25706c3137c,0.5519796893710184,0.4063390767921719,,0.4920404295641191,0.5161356830788864,0.7561059698784259,0.34571488734470757,,,0.9785760391328144
316,valiant-sweep-317,run_928ce8485db9440b20e2050c2a3e3f75,0.555018674759638,0.4107211231652841,,0.4892608970309543,0.5127190614108293,0.7812919615314833,0.3444233873797983,,,0.9959545345355325
317,hopeful-sweep-318,run_a49b002a766b3b9eba1d59bb95b7656a,0.5307076431456068,0.44901084875558406,,0.46759317751105545,0.47266211771636035,0.7048992923244427,0.23807117287850074,,,0.8814592294595137
318,atomic-sweep-319,run_5e39cd1f1dc90526b4739eb9277f3920,0.7045309657142278,0.25756222080408453,,0.36753000631712,0.3487212213440681,0.5659045545273097,0.5543202077630369,,,0.8655202757792031
319,dandy-sweep-320,run_127334d0acc27ff2e010455caeb3e643,,,,,,,,,,
320,summer-sweep-321,run_8f1599a2017a79de68cc6d643507a5ca,0.6917676244463241,0.31001914486279536,,0.5511686670878087,0.2852977271611609,0.565215024496462,0.5528040991085832,,,0.8405088869435662
321,olive-sweep-322,run_1a3c65f6f659fc2d9d9e75eef005212f,0.3009694871448337,0.5788130185067007,,0.5142766898294383,0.6204408227382063,0.5766467065868269,0.5998034673966474,,,1.0378980866340093
322,wandering-sweep-323,run_f4bb4d5b442089f27fc8cacc5572ce87,0.5294922760554724,0.42961072112316534,,0.2650031585596974,0.4677139070246931,0.6519869352204681,0.15973889239839828,,,0.8181441048294299
323,rose-sweep-324,run_8242208bdd20ab9947b6c427c37a45cb,,,,,,,,,,
324,crimson-sweep-325,run_940470cc1196f6f61e80061b74cdd58b,0.9233293987455825,0.04143799191661357,,0.49949463044851605,0.16657994207451893,0.5401016149519148,0.8819681336421731,,,1.0475334936580667
325,sweepy-sweep-326,run_54f43c63c6959e077b42b5f720f5182a,0.5957394327436176,0.37200595617953636,,0.3757422615287427,0.4406951057876404,0.7289602612955918,0.5930090545377987,,,1.0379089447428087
326,expert-sweep-327,run_fc39a8ad5e1a1b59b8dbb8c48cce1aa2,0.5063968953632175,0.4306317804722402,,0.5430195830701197,0.476746355112661,0.6147523135547092,0.3850214080157205,,,0.8680143885699608
327,ancient-sweep-328,run_f42745ea80c3fb495fcf3bbffcb5e611,0.08703309013730014,0.6869602212295262,,0.8207833228048008,0.36344803887879923,0.1966793685356567,0.2367235207412085,,,0.47625127427078157
328,absurd-sweep-329,run_84ba9d7de47571c25b79fb87f9dc9755,0.4486584436325802,0.4862795149968093,,0.33537586860391716,0.5123263462765701,0.7051170386499734,0.24615708570225292,,,0.9056829655707533
329,rich-sweep-330,run_df8de3707bfdc9c4ab7862a25bc256b7,0.5531953402927945,0.4071048713039779,,0.5320909665192676,0.4463109322075481,0.6683179096352759,0.3599213869586587,,,0.8805598681165749
330,volcanic-sweep-331,run_086a0536a8a0574e7f42e38594f0e7ba,0.5477253368922644,0.4246330567964265,,0.5798483891345547,0.4780423150557159,0.6354019234258752,0.2845090194426887,,,0.8445149148602233
331,fallen-sweep-332,run_c1fb85fc4c47ea46ad392269189fc417,0.845534267879668,0.17060199957455874,,0.2674036639292488,0.2856511707819948,0.67677372527672,0.7330525724713997,,,1.0377790422825999
332,ancient-sweep-333,run_6ec67fe9afd4e2f98647b7d85326c766,0.8297322250547865,0.17762178259944694,,0.33354390397978556,0.2727308428648564,0.6719833061150435,0.7058749210360113,,,1.0120291895467612
333,wise-sweep-334,run_23f3491191a3642de29c2d341f26656f,0.4723615078699023,0.404424590512657,,0.24516740366392958,0.39435471994501964,0.3456541462529487,0.22835684705552248,,,0.5719609108688364
334,ruby-sweep-335,run_b7e9bf4423828ec919502cd5673bcc65,0.7495060761769615,0.25300999787279327,,0.4916614024005057,0.33619360856119085,0.5563600072582116,0.5881799677124998,,,0.8766517407340442
335,quiet-sweep-336,run_401eb7176be34b38b26dbdd77a48e9da,0.8321632430666971,0.1910657306955967,,0.30334807327858543,0.28600461440282765,0.7103066594084574,0.7276058117498437,,,1.056288032286583
336,different-sweep-337,run_14a463939fe595be30d84ba0f410258b,0.5045735608963741,0.38174856413529046,,0.29159823120656964,0.3461685729713818,0.28221738341498864,0.1596827402260131,,,0.4743183634867345
337,earnest-sweep-338,run_578c5004da3eea57408f902bcc2c2c85,0.3732943307785762,0.5176345458413101,,0.662223626026532,0.26856806244170767,0.3698602794411177,0.1391310451323069,,,0.47778957522277804
338,sparkling-sweep-339,run_b651517710ce4a13449976858fd50410,0.28212845893133265,0.6165922144224634,,0.8126342387871129,0.3504098964213828,0.3427145708582833,0.27041482417350954,,,0.5597897370633117
339,comic-sweep-340,run_fe11a923bf8614a376f350c9744f9b71,,,,0.5309538850284274,0.06325659025084572,0.5831065142442394,0.9838281743524974,,,1.1453962108432167
340,twilight-sweep-341,run_39c9b98ece029befd465e902673d8d00,0.68204326856704,0.2785364815996596,,0.3523057485786491,0.38921015168622086,0.5356378152785343,0.3478486698954205,,,0.7479245339470992
341,gentle-sweep-342,run_63546e879e89b7c23eaead20e0efe091,0.7245873610178631,0.27475005318017465,,0.23063802905874958,0.3866575033135337,0.7039194338595536,0.2958517582648974,,,0.8558825019254926
342,easy-sweep-343,run_d9ab543090ff5b88d6b752b9118d6ad9,0.4249550955636162,0.5426930440331844,,0.7074542008843977,0.4039369692209503,0.6723462166575945,0.1962939566224473,,,0.8085455012327278
343,proud-sweep-344,run_a9e90195541a62025be3551aa05ac45e,,0.020676451818762247,,0.6109917877447891,0.16807225958470326,0.553529305026311,0.8846634379167558,,,1.057011056872875
344,balmy-sweep-345,run_a16cc8181ec41c0b5f42a05b94d252d9,0.593308414731707,0.3945968942778133,,0.29728363866077084,0.4745864218742329,0.697713663581928,0.31404506211834404,,,0.9003671080271745
345,serene-sweep-346,run_7e1c7920dbf1b79715882ceb4edae5f6,0.62491250038147,0.30823229100191457,,0.2883765003158562,0.3367434097491524,0.5812919615314834,0.5334315996350139,,,0.857814513773097
346,jolly-sweep-347,run_21806a77973c66555ac72bcc7c405120,0.4766158603486562,0.469517124016167,,0.36013897662665834,0.48593588925433107,0.6828706223915813,0.23110830350249376,,,0.8694003814921315
347,sweepy-sweep-348,run_2dcdabd00a75f1af4a23e2815746f2b6,0.6145804609571186,0.3648159965964689,,0.6516740366392927,0.29503706249079564,0.33491199419343215,0.3113497578437578,,,0.5441981108081742
348,warm-sweep-349,run_02b00fc0e83e58dee0dde336dfe4d443,0.6577325207846507,0.29946819825569054,,0.2929879974731526,0.48071277796868184,0.7828524768644538,0.41203060293395133,,,1.0068326540142074
349,sweet-sweep-350,run_404edfd6bc56c19e3e2ad1cde0531bf5,0.5100435642969042,0.42476068921506094,,0.5025900189513589,0.48515045898581344,0.6429867537651978,0.3361128658664995,,,0.8727971081371912
350,logical-sweep-351,run_b158507da235997978486541687bb903,0.9804601669311526,0.09470325462667536,,0.4281111813013273,0.24865740513475018,0.5238795136998734,0.709356355724012,,,0.9162241480166381
351,bright-sweep-352,run_81032501b0cc997f34259fa4060751d7,0.31251717749096114,0.5718783237609021,,0.6959570435881242,0.5009376073830446,0.45561604064598143,0.19752930441496225,,,0.7053667762853796
352,summer-sweep-353,run_42cf1062a35a2293e8f7da80efd11d2b,0.568997383117676,0.38438630078706665,,0.49526216045483307,0.42400471258161304,0.6720195971692989,0.3877728644626973,,,0.8841708713165168
353,graceful-sweep-354,run_3a35a237da7b66886f57c43530cf1acb,,,,,,,,,,
354,breezy-sweep-355,run_c9cb34d17ac833c12038202edda63eca,0.7598383994329545,0.2791320995532868,,0.5561591914087184,0.29833586961857456,0.5976592270005447,0.25311995507826385,,,0.7143322436925146
355,still-sweep-356,run_b88e7027670d9e9c9fb60e7a68dd96d1,0.611541475568499,0.31652839821314616,,0.2746683512318388,0.29703990967551985,0.3509163491199425,0.3732856039868038,,,0.5922137571548834
356,grateful-sweep-357,run_d99b50f12fa8d00da9fad7e7154fa9c5,0.45534381412324465,0.469517124016167,,0.6751737207833232,0.38312306710519856,0.2571765559789509,0.06450480802976179,,,0.46592267142976135
357,smooth-sweep-358,run_40a1a4389296548ced219e123ea64ac4,0.08703309013730014,0.7468623697085729,,0.8500947567909042,0.45699278385940795,0.46860823806931745,0.14351091457850668,,,0.6700981031827811
358,magic-sweep-359,run_d1f4f54e7be6d9f150ae46dc28ba5d94,0.3526302519298737,0.5486066794299087,,0.2734680985470634,0.5355358107113057,0.6458900381056086,0.2058959781006536,,,0.8639245914293127
359,peach-sweep-360,run_e024515153deddc54da491c8c6cfd033,,,,,,,,,,
360,deep-sweep-361,run_195e2ae4ecf435b984f58525367c3697,0.31798718089149125,0.5534567113380134,,0.3366392924826284,0.526110647489077,0.6604064598076587,0.3354951919702424,,,0.9085626722423777
361,bright-sweep-362,run_15002097f36ffac09b79a94be1b0e0c1,0.3374358926500594,0.4743671559242715,,0.09804169298799795,0.5819154680673505,0.5697514062783527,0.6582578788516904,,,1.0471607861271979
362,honest-sweep-363,run_d18d73022baa7689ad59aaaacdd6fe30,0.5015345755077545,0.38957668581152943,,0.6520530638029061,0.43892788768347174,0.6102885138813292,0.35408156103039445,,,0.8309533757218132
363,dauntless-sweep-364,run_db19e3d9415fad76c268df4f37eaf166,0.002552588780721114,0.8146351840034037,,0.783575489576754,0.4512984144126442,0.33574668844129985,0.20774899978942937,,,0.5996296728516479
364,charmed-sweep-365,run_f542a5748a04ea349fcc0030b64c937a,0.6078950904664541,0.36217825994469266,,0.45881238155401194,0.27131706838152364,0.4319905643258946,0.11672632834983025,,,0.5233104575601195
365,rural-sweep-366,run_d7c47e28ff964e7dbdd008228d8cc1c1,0.37815665063403914,0.48393958732184644,,0.539545167403664,0.32653281625840586,0.254454726909817,0.1448585667157998,,,0.4385828228411952
366,earthy-sweep-367,run_f324fdfa64fa8fdf574bfa2c3d9ca02a,0.4146230561392649,0.4233992767496279,,0.09134554643082772,0.3892494231996475,0.32591181273815995,0.19281252193444245,,,0.5430564351503917
367,swift-sweep-368,run_1afe8f3c9ac2e8b5b066cb58d4c4f9bc,0.21284231685456786,0.7015528610933847,,,0.3396887732561002,0.46864452912357163,0.12469993682880932,,,0.5920863379599275
368,breezy-sweep-369,run_25306cfceac5c0d6d00944d27eb2f24d,0.5331389449891591,0.37996171027441,,,0.5931078493937477,0.8090546180366553,0.4452726889871543,,,1.0975491166853382
369,vivid-sweep-370,run_0b94b6e0a985e40f01f67163f6dcbade,0.6571245534079417,0.3325675388215275,,0.4979153506001267,0.38371213980658886,0.5071493376882593,0.5105776654734354,,,0.8155519661142965
370,sleek-sweep-371,run_ed7f900d6be549445d78eb76f362ec25,0.46567613737923774,0.5047011274196982,,0.8568540745420102,0.34161307741396935,0.21057884231537013,0.1609742401909193,,,0.4323836831983463
371,autumn-sweep-372,run_fbc273ef03b9c6ea515d5d476b8a24fc,0.5343543120792935,0.41863433312061293,,0.3502842703727111,0.4578174856413526,0.6462892397024144,0.19747315224257916,,,0.8162611575780853
372,autumn-sweep-373,run_ef97e519e9b910fdfda208d290b37f5f,,,,,,,,,,
373,autumn-sweep-374,run_3f54e394b8a5d7ae9982b99f589c6ec0,0.6595558552514941,0.3275898744947886,,0.5865445356917249,0.3555544646801823,0.5102703683542007,0.47424720993893604,,,0.7821158752443323
374,playful-sweep-375,run_41315ca9d9c7a0b1aec54522e03f9c98,,,,0.3252684775742271,0.07857248048696697,0.4582652876066054,0.9709693268758341,,,1.0765510402432157
375,winter-sweep-376,run_e0961c0cb5e48c862ea42c66b3e99593,0.2717961356753396,0.6258242927036805,,0.7355653821857234,0.4348829218006003,0.2663219016512432,0.41130062469291717,,,0.6551478572396809
376,comfy-sweep-377,run_08dd94c8c685c14ad96dd2d4ab5e2a04,,0.0794724526696448,,0.7060012634238789,0.16697265720877819,0.683959354019235,,,,
377,morning-sweep-378,run_229435fa669681d2bef310efb89df698,,0.04637311210380783,,0.44409349336702497,0.2487359481616025,0.7656505171475239,,,,
378,visionary-sweep-379,run_c95d56875c1a5c963a9bee98a1a0e9dd,0.3939586934589206,0.5269942565411614,,0.30928616550852833,0.5151146237298125,0.6065505352930511,0.23234365129501403,,,0.8289934859464773
379,blooming-sweep-380,run_62737e6ffefcabf529943a69422700f5,0.39821304593767454,0.4888747075090409,,0.3032849020846496,0.34844632075008636,0.497786245690438,0.23144521653681555,,,0.6502098685044904
380,volcanic-sweep-381,run_b8dbdcf5596bf6a79aab07902b4b720e,0.6401068596612841,0.25730695596681563,,0.21080227416298175,0.32233076432183033,0.496153148248957,0.4557731452235565,,,0.7468562298412058
381,serene-sweep-382,run_a0a8aa98a12ea2ff9caa0a15f0d418d3,0.4820858637491864,0.4357370772176132,,0.4072015161086546,0.36081684747925996,0.5155688622754496,0.43679371095669406,,,0.7660214064268654
382,pleasant-sweep-383,run_1f02b6a47c1514902a888e0c73c4dccd,0.5641353470938548,0.4070197830248884,,0.6754895767530007,0.44379755534828985,0.6615677735438222,0.31864954025409026,,,0.8580010015314617
383,curious-sweep-384,run_eb08f9c38dacba8d6a34e843b2aee003,0.46020613397870763,0.503169538396086,,0.5142135186355025,0.4901379411909092,0.696443476682998,0.21010739102969272,,,0.8771623757175572
384,ethereal-sweep-385,run_528261ad8d09cef66debecd3dc6d6e52,0.21527333486647846,0.5617528185492451,,0.7391661402400508,0.31141328358941456,0.2830157866086016,0.09022250298308425,,,0.43036759718891393
385,royal-sweep-386,run_1c6c26471a3eb7dbc5ea81a818b61b6e,0.7215486594608854,0.27623909806424174,,0.5239418825015797,0.26982475087133745,0.6001270186898934,0.3096090404997543,,,0.7271970796858149
386,summer-sweep-387,run_3b41686933b6d09b0648db468a18f494,0.5847997097741992,0.36958094022548404,,0.1670878079595706,0.44120563546217834,0.568154599891128,0.14272478416508622,,,0.7333705926446756
387,radiant-sweep-388,run_f9f7e3be35308ba38cc1b09ae845da5b,0.4583827995118642,0.4730057434588386,,0.40423246999368345,0.5425654116145501,0.5899655234984588,0.39681336421702873,,,0.8943698288842893
388,fallen-sweep-389,run_853eda0918789fb8d5fad85595a2c015,0.4717538243248351,0.4561157200595621,,0.6024005053695515,0.3090962642972847,0.14042823444021124,0.10600126342387915,,,0.3556639670784636
389,fragrant-sweep-390,run_d8f73d27dae76f1c7ec7a872af8248c8,0.46263715199061817,0.26679429908530117,,0.17271004421983707,0.3840263119139959,0.7329522772636551,0.7562434196672989,,,1.1209814265982885
390,youthful-sweep-391,run_405421e49af94079a0d672968d4a1b36,0.45534381412324465,0.4984045947670709,,0.4650663297536335,0.5488095822492779,0.7400653238976588,0.3334737137643033,,,0.9798435380080485
391,jumping-sweep-392,run_725c44bc6cd1ab6e630f9ff6e3c86a1b,0.5811530408405124,0.3647734524569243,,0.5055590650663301,0.33882479996072634,0.3235528942115778,0.24430406401347776,,,0.52836842838555
392,rosy-sweep-393,run_a53b24bea05dba105baa261a31ff3c7a,0.6322058382488435,0.36013614124654336,,0.6255211623499691,0.5016837661381366,0.6912538559245149,0.8445146346599286,,,1.2011342400797036
393,dainty-sweep-394,run_d22aac6dd8eebf80eda80df621f85a5a,0.42434741201854903,0.5095511593278028,,0.4212255211623507,0.5183348878307397,0.5444565414625305,0.4533024496385211,,,0.8778309019008899
394,rose-sweep-395,run_f5cd4b5bfbf0019990264df8e2f35d28,0.5884460948762441,0.3524356519889386,,0.355022109917878,0.4269500760885573,0.6239702413355106,0.3520600828244541,,,0.8340093113764868
395,spring-sweep-396,run_a351bf07864a928aed2394f7682869c8,0.2979305017562141,0.640587109125718,,0.9177511054958944,0.35119532668990117,0.45684993649065514,0.13570576261669096,,,0.5920017533485181
396,effortless-sweep-397,run_a68d44a42b59774a8a548dcfbe01de1b,0.6188348134358725,0.37694107636673047,,0.7221099178774488,0.46417947081635574,0.6530030847396114,0.7382747245034045,,,1.0894609578352856
397,fluent-sweep-398,run_5602cc6e28e99e08206aeb316c055556,,,,,,,,,,
398,earthy-sweep-399,run_f805cfde18cad64bf977588d974dc848,0.28638281141008665,0.5264411827270793,,0.2805432722678464,0.5447646163664044,0.5238069315913633,0.3260054748368096,,,0.8230563519295434
399,dainty-sweep-400,run_039a3a2a4a149627b36a0ce3fc012257,0.6619868732634047,0.3019357583492873,,0.3217940619077709,0.390152668008445,0.48733442206496164,0.3791254299150669,,,0.7303766390649296
400,dutiful-sweep-401,run_e5074fa904434d20ccb736d6d3303460,0.37207896368844184,0.4942352690916826,,0.5695514845230577,0.36274115163713166,0.16082380693159162,0.013181722467887503,,,0.397012843336614
401,desert-sweep-402,run_7feaba5deaed7c3ab6613815e4173054,0.5574496927715485,0.386428419485216,,0.29652558433354465,0.5184134308575928,0.7169116312828908,0.3838422123955938,,,0.9643908006503277
402,winter-sweep-403,run_6cd120f04313ad9a09d9656cfaa0d64a,0.2900294803437734,0.6162518613061054,,0.6445988629185091,0.3472681753473087,0.4289784068227179,0.19825928265600073,,,0.5864506818893456
403,classic-sweep-404,run_b661ca7150c5fa4c19091f2bf806de0e,0.5300999596005396,0.3441395447777072,0.9768644529123603,0.2277321541377137,0.32928182219822394,0.12663763382326287,0.1173440022460896,1.1076696896455112,1.0604518469368498,0.3717972883086533
404,ruby-sweep-405,run_c5ab31937a6e55e3e54ab6900135f181,0.6717112291426888,0.2940650925335035,,0.5136449778900827,0.3996171027440971,0.5996915260388324,0.5601038815189147,,,0.912710311819103
405,ethereal-sweep-406,run_313d818d9d00d4cbc0be8fb6e0c8af58,0.13140051705496664,0.6822378217400554,,0.34270372710044245,0.6003730793775485,0.648285247686446,0.25856671579981855,,,0.9206401812481687
406,dry-sweep-407,run_30341f7857dac5b1d9f6c1c21e77ed8f,0.5240222726549423,0.43352478196128513,,0.2636765634870509,0.47619655392469856,0.7174922881509715,0.21089352144311244,,,0.886585821515634
407,pleasant-sweep-408,run_7d12b30d8d2d9606839902b916331582,0.3520222845531647,0.4984896830461605,,0.05666456096020235,0.5208482646900008,0.31237524950099865,0.19275636976205382,,,0.6371940280756262
408,cool-sweep-409,run_859880c531aa59fc99fdd8a35cd7ce75,0.5288843086787635,0.4052754733035526,,0.5579279848389141,0.25446958912179074,0.17599346761023402,0.20398680423948695,,,0.3705928881307981
409,peach-sweep-410,run_cc598f37a9ccf733c1433297f9645cbd,0.5142979167756582,0.4295256328440759,,0.586355022109918,0.37927445878945637,0.5405371076029762,0.308317540534852,,,0.7287586607288359
410,worthy-sweep-411,run_b76e9f9e3cda4468ba95930d0be858f5,0.3562769208635604,0.5484790470112744,,0.41332912192040505,0.5171960139413866,0.7221738341498819,0.19831543482838865,,,0.9101405250063163
411,colorful-sweep-412,run_a41b8ebfad2202173db45373c49fedb8,0.4437961237771172,0.5144437353754521,,0.61610865445357,0.48397231358303616,0.6754309562692798,0.17383308766758115,,,0.8489134934548959
412,resilient-sweep-413,run_d591de75f7a0673526f5d1a903580566,0.3520222845531647,0.565922144224633,,0.6917245735944406,0.31981738746256955,0.42625657775358433,0.17619147890784229,,,0.5612675553079062
413,rare-sweep-414,run_950bfc88b1b3dbdaf3d773befd262d25,0.3660012767428445,0.48181238034460766,,0.25628553379658864,0.538049187570566,0.5756668481219392,0.32319786621744806,,,0.8516725362482375
414,feasible-sweep-415,run_ac45959c16f4698c3c1c85150a7cfdfa,0.41644639060610833,0.41327377153797085,,0.3506001263423881,0.3894065092533482,0.4909635274904736,0.2439671509791551,,,0.6724600995833528
415,clear-sweep-416,run_1524879af57e77fb15740e159723e6b9,0.428601764497303,0.46513507764305484,,0.4389766266582441,0.3778214127926955,0.27238250771184935,0.23728504246508447,,,0.5227288416088413
416,brisk-sweep-417,run_00f35a4d397f496d445fa2cddf5ce3ae,0.5106512478419715,0.4446713465220167,,0.3248894504106126,0.39686809680428076,0.5280892759934673,0.1718116094616414,,,0.6825699955507538
417,peach-sweep-418,run_a3d1076e194e3915e92123bed0f0e649,0.33075023832775313,0.5712401616677304,,0.4547694251421359,0.49665701241961663,0.5996189439303213,0.2523899768372293,,,0.8184813781104553
418,honest-sweep-419,run_6b2d858116723cd4d5511f4b1fcd9f31,0.6224814823695594,0.3569878749202299,,0.6099178774478843,0.45989887585292943,0.6792052259118128,0.6935775952832169,,,1.0741864808288897
419,graceful-sweep-420,run_42d1865a9a78d473cc5e7abf999dc2be,0.5300999596005396,0.4359923420548821,,0.5089071383449146,0.36568651514407774,0.6107240065323906,0.13913104513230667,,,0.7253053751578044
420,frosty-sweep-421,run_c44944b3d4cf0af0bcf435fa92e30be2,0.5477253368922644,0.3938736439055522,,0.45281111813013264,0.4619017230376512,0.6743059335873713,0.29107882361198867,,,0.8676223691051462
421,fluent-sweep-422,run_419bca58626470808083f538a3991499,0.3192025479816257,0.518485428632206,,0.2554643082754266,0.5808551372048479,0.6472690981673033,0.17619147890784154,,,0.887351910517642
422,radiant-sweep-423,run_86dea0eb6b50ea9ce3309a4a3a3e94ff,0.6261281513032461,0.2938949159753246,,0.4844598862918521,0.28989249423199664,0.2515151515151525,0.16322032708640485,,,0.41705923419573304
423,trim-sweep-424,run_9eece292ddefe1eb432da756e6236453,,,,,,,,,,
424,hardy-sweep-425,run_cf0330dab7cfee136e2686aa9782c90d,0.27422743751889195,0.6011061476281647,,0.40309538850284277,0.5369495851946394,0.5872436944293232,0.3749701691584209,,,0.8796434740543412
425,drawn-sweep-426,run_c2203ab27cc4ba30182b103cdd5e5c13,0.973166829063779,0.10044671346522038,,0.5943145925457994,0.20086397329537045,0.5706223915804758,0.8896609812592126,,,1.0758498552847093
426,hearty-sweep-427,run_ed547ac5f3b0acf8c03e6dda198a5cd7,0.5665663651057654,0.3448627951499683,,0.22558433354390456,0.4301703401894851,0.5786064235166041,0.3434126482768311,,,0.7986013786050707
427,bumbling-sweep-428,run_5884356ec59239c095321571ebcb770f,0.8212235200972786,0.22114443735375466,,0.6232469993682883,0.2862009719699577,0.7258029395753948,0.8619779602723365,,,1.1626293078398164
428,fine-sweep-429,run_8fd007ae68040b52a083c367f054564f,0.4200930595397951,0.533588598170602,,0.7256475047378398,0.3053654705218196,0.31262928688078473,0.17489997894293843,,,0.4707176905926105
429,zany-sweep-430,run_f161bff7d497ed1ab2d0150b6b824eb3,0.503357909974598,0.4151882578174859,,0.5035375868603921,0.3929016739482589,0.3750499001996011,0.19545167403663732,,,0.5772655454076561
430,different-sweep-431,run_43e9d0e8ee0d2b5715e617e43a15bd6f,0.59817073458717,0.3762603701340143,,0.8475679090334811,0.333798046242207,0.4399745962620214,0.2703025198287358,,,0.6148676550744944
431,fancy-sweep-432,run_2d108905c73f189e53c67df1146ee271,0.133831818898519,0.6862369708572649,,0.431396083385976,0.5102056845515699,0.4367809834875711,0.263227346107954,,,0.7213709890369466
432,splendid-sweep-433,run_16201b00e36a1bea26c3260620c6eea7,,,,,,,,,,
433,honest-sweep-434,run_c69e5efe02ffacc24350ff4140042a53,0.4644604864574616,0.39851095511593293,,0.012255211623500298,0.5108733002798095,0.7187624750499003,0.21123043447743273,,,0.9067686148782212
434,celestial-sweep-435,run_1db08a6004db053ea03e4a56aed3b7bd,0.06819220383962005,0.6912571793235484,,0.6554011370814906,0.5182170732904627,0.43707131192161136,0.1045974591142022,,,0.6859452567135066
435,cosmic-sweep-436,run_41467f3d6f948dc7dc48240810709187,0.5009268919626874,0.4395235056370987,,0.44497789008212285,0.29071719601394214,0.40814734168027594,0.15580824033130042,,,0.5247637071425777
436,summer-sweep-437,run_c9cf977ff671eb890e378adfb6acde26,0.9950465588342579,0.07577111252924928,,0.26948831332912265,0.19316675666388555,0.4514062783523869,0.7543903979785231,,,0.9001032699519493
437,playful-sweep-438,run_71df669fcab308cc7f3a0a7db896fde3,0.49910355749584395,0.4327164433099342,,0.6636765634870496,0.30548328506209743,0.33585556160406504,0.1591212185021418,,,0.4810806147521629
438,skilled-sweep-439,run_ae3329034adcd4f42ec87fea2aee7857,0.4966725394839334,0.4359923420548821,,0.4042956411876176,0.33387658926906033,0.4432770821992384,0.23015371657190872,,,0.6007818919681865
439,stoic-sweep-440,run_3e831139e7c3df5105552440096d4b05,,,,,,,,,,
440,ancient-sweep-441,run_029d77f471659914be42112c78378c16,0.41523073968433216,0.5275898744947888,,0.7781427668982951,0.3079181188945067,0.345254944656143,0.1422194146136038,,,0.4839844074410704
441,unique-sweep-442,run_985316914f6e50bcc673a2d3814de54c,0.5957394327436176,0.36787917464369324,,0.5478837650031594,0.44905993814736767,0.6966612230085287,0.40911068996981803,,,0.9243177182875146
442,earnest-sweep-443,run_33d403b9e337bd8c8d86d47689ac8476,0.13200848443167562,0.7460965751967669,,0.8951358180669607,0.4877031073584992,0.46679368535656024,0.09134554643082785,,,0.6812449445453829
443,decent-sweep-444,run_0c236fedc50a192e31e7b373f09169c9,0.2730117865971158,0.5916188045096787,,0.05710675931775157,0.8384369937656472,0.7530938123752501,,,,
444,hopeful-sweep-445,run_f733a7d5dee51b60d78e0969707bfbe2,0.4170540741511755,0.4787917464369287,,0.3965255843335437,0.2869078592116261,0.40059880239521056,0.12453148031164585,,,0.5082357816471456
445,sunny-sweep-446,run_e1b26d5a256e09a6f236342dbc2076c6,0.4845168817610969,0.42565411614550097,,0.41042324699936916,0.3931373030288155,0.3927599346761026,0.28956271495753355,,,0.6266289741251396
446,sandy-sweep-447,run_b371ce6a71b48df1fadb9de9a5113b21,0.2705807685852052,0.48568389704318243,,,0.47454715036080775,0.298040283070224,0.1886011090054052,,,0.5912642273689582
447,rich-sweep-448,run_e748dac6a8288dcbb2eaa9bad143a115,0.9512870992933004,0.08704530950861544,,0.4460518003790277,0.18810073143193784,0.5031573217201973,0.6555625745771071,,,0.8475325744489336
448,honest-sweep-449,run_6fbd65af488cffe3dd23ba206aeab078,0.49910355749584395,0.4821101893214212,,0.6107391029690469,0.49504688036915245,0.6551805479949199,0.24250719449708916,,,0.8562375275687246
449,dandy-sweep-450,run_6b64eea35adb33e12ccf616704516716,0.531923294067383,0.4393107849393748,,0.47384712571067644,0.5563104413136304,0.7820540736708411,0.43830981961114585,,,1.0550854843221371
450,comic-sweep-451,run_d917f4d9b936439110b75f7c6459a725,0.5452943188803538,0.3859604339502234,,0.6311433986102339,0.3246085121005359,0.2699147160225011,0.15479750122832908,,,0.4496519836942407
451,visionary-sweep-452,run_dcbec6cf9b3f21cae8ccdce72a5be4c1,0.49120253608340325,0.4348011061476281,,0.44162981680353774,0.3831230671051996,0.42074033750680534,0.4355583631641743,,,0.7166008679004586
452,vibrant-sweep-453,run_66d6c445197dbbb6f28bb9e71a120444,,,,0.6022741629816809,0.0014039566049778723,0.6856650335692249,,,,
453,stoic-sweep-454,run_19432abf3ce29bd76bb6346fb3d982b2,0.36174664043244875,0.603063178047224,,0.7418825015792797,0.3364292376417457,0.4178370531663962,0.16838632694602385,,,0.5622511805602165
454,hopeful-sweep-455,run_5190f8c2376047140be4827246caf86c,,,,,,,,,,
455,peach-sweep-456,run_3844a68346c225ea86a5f79891cfd88f,0.6790045670100623,0.29312912146351844,,0.5631711939355661,0.36922095135241206,0.5878606423516614,0.47868323155752157,,,0.8432329938504778
456,easy-sweep-457,run_45767ace83cdec1e16652fec670e5476,0.46749918801443935,0.502744097000638,,0.6422615287428941,0.32598301507044447,0.3797314461985127,0.2053906085491691,,,0.5409678358522155
457,absurd-sweep-458,run_7309a74c9f5a2703ffcc51f7d34365b1,,,,,,,,,,
458,earthy-sweep-459,run_1bbc16ea518918956c2d4c0c13a8cf13,,,,,,,,,,
459,restful-sweep-460,run_96368d4b356244fd2d8f4be349c2cb0a,0.4820858637491864,0.4466709210806212,,0.4877447883764997,0.3260615580972949,0.4213209943748873,0.12048852389977205,,,0.5462096706956271
460,northern-sweep-461,run_be0797cc9fa79c9254603bc3d30c39d9,0.6704955782209125,0.29427781323122737,,0.45704358812381674,0.39486524961955816,0.5492469606242073,0.5118691654383363,,,0.8482928926017148
461,devout-sweep-462,run_0b4f5bc4cd73d063c1b96300b37a2591,,,,,,,,,,
462,smart-sweep-463,run_598b2f9c9b6d80058fcafe37b73ca7d0,0.40854536919366763,0.5280578600297811,,0.42078332280480146,0.5576456727701133,0.7239158047541286,0.26985330244963873,,,0.9528082669535494
463,fluent-sweep-464,run_9f4dd6c02913d5572a5367af5ab0db27,0.41523073968433216,0.4967453733248247,,0.6593809222994313,0.34432281184036106,0.34122663763382405,0.21100582578788246,,,0.5286939336714239
464,silvery-sweep-465,run_ae909e3414bff5320d85f8df7300592e,0.23289871215820324,0.626249734099128,0.9966430774814033,0.7354390397978523,0.31801089784497394,0.12130284884775921,0.004028918368782497,1.4569188003999853,1.3879325396465125,0.34038440691367033
465,ethereal-sweep-466,run_8c44bd0a190879574249c0560ba69bd5,0.28455947694324324,0.5328228036587961,,0.29987365761212864,0.5888272544303161,0.6853384140809288,0.24761704218431888,,,0.9368673742611692
466,divine-sweep-467,run_1d28ab8f47b8b6e99281e3f8aa4f96cb,0.38484202112470367,0.5625611572005961,,0.4074542008843969,0.5155073388640709,0.6798221738341498,0.18523197866217417,,,0.8730503366807719
467,playful-sweep-468,run_3e87d68ecf1d56ae24ae1f7bf7b25a8d,0.29185281481061676,0.6828334396936822,,0.8997473152242582,0.39301948848853824,0.3278715296679378,0.1348073278584958,,,0.5292797690663545
468,sandy-sweep-469,run_ebf5411679de3b6561bb0c15076b06cd,0.17941461290631988,0.6751329504360772,0.9859372164761403,,0.34404791124638073,0.1554527309018332,,,,
469,dark-sweep-470,run_3b00ec9f8822271aa4c9b1264584be57,0.15753488313584113,0.700233992767496,,0.42773215413771337,0.5457464042020531,0.484648884050082,0.2544114550431656,,,0.7729481657702806
470,usual-sweep-471,run_3fb2ab98aa810dbb92ce767b523defff,0.8017748083387105,0.20051052967453742,,0.4504106127605818,0.30053507437042887,0.568698965704954,0.8472099389345108,,,1.063722014978604
471,sandy-sweep-472,run_01281e7f5d92e47ffacc0e2cc5b64ad4,,,,,,,,,,
472,flowing-sweep-473,run_943567c19b455af53f30d7a59e14d0e8,0.26875743411836184,0.5724313975749844,,0.15186355022109857,0.7069166953021448,0.8162039557249147,0.40040710324980744,,,1.1516275264905775
473,colorful-sweep-474,run_739f909d1119bec1ee8bb77a87ffc778,0.3192025479816257,0.635013826845352,,0.45154769425142194,0.5740611653821612,0.6558700780257674,0.2548606724222634,,,0.9081110852737012
474,twilight-sweep-475,run_0353d32df49db7543c867879fd96d188,0.3574922879536948,0.5683046160391407,,0.5308275426405563,0.5140542928673116,0.6445109780439129,0.3558222783743976,,,0.8979174297350399
475,glowing-sweep-476,run_a42d0b208cd6c79d77fe6bcb06833d6d,0.10891310373942067,0.8366730482875986,,,0.3497422806931435,0.3684086372709127,0.172092370323576,,,0.5363397904722708
476,magic-sweep-477,run_c1ba42e81c95ab84d9bab0c490a6228c,0.5015345755077545,0.45517974898957686,,0.6535060012634237,0.25584409209169884,0.3834331337325354,0.19399171755457248,,,0.5001099418947309
477,zany-sweep-478,run_837b84f1315c4d4c5f45a141d3e39a3e,0.15935821760268448,0.8436077430333976,,,0.31530116341858494,0.35839230629649893,0.36497508247350163,,,0.600888242264879
478,generous-sweep-479,run_18ce4fcfa0b82fc940fce0c0533baa8b,0.24930872235979365,0.7610721123165286,,,0.3947867065927053,0.5307022318998366,0.17495613111532252,,,0.684186414992745
479,peachy-sweep-480,run_060ccbc1b70c8612c30f361f91bc0dd7,0.2638951142628989,0.5284833014252287,,0.5591914087176248,0.3919198861126098,0.22759934676102458,0.0819681336421733,,,0.46056642811797227
480,neat-sweep-481,run_ccadd8a470f4babd02c9a08e29d6f4a8,0.33318125633966367,0.5905126568815147,,0.7629816803537595,0.3295567227922046,0.27180185084376723,0.2686741068295071,,,0.5046480509625187
481,classic-sweep-482,run_54156ee0c9269b0b8b3b3017071a9886,0.4741848423367456,0.4134439480961499,,0.5372078332280484,0.31054931029404664,0.3377789874795871,0.2265599775391309,,,0.5117274097890152
482,crimson-sweep-483,run_f95ed94309e795b392364e608486a764,0.7598383994329545,0.2588385449904279,,0.4212255211623507,0.30151686220607676,0.5903284340410094,0.5576893381062696,,,0.8662664001733634
483,atomic-sweep-484,run_464e7e681b2a999f21e56b7096932093,0.4723615078699023,0.46032758987449485,,0.5295641187618451,0.39726081193854046,0.48933043004899357,0.3260054748368085,,,0.7096055186493228
484,wise-sweep-485,run_09950160047388f1c670fdfb7b5ebc88,0.3447289466857912,0.438119549032121,,0.3377763739734691,0.2569829659810522,0.16721103248049385,0.2138695865796313,,,0.37381810316162295
485,fast-sweep-486,run_f6d072254cb9074b49a95c0f225ac785,0.4383261203765871,0.4550946607104872,,0.2001895135818072,0.5686024250159533,0.6338776991471603,0.3745771039517072,,,0.930278271279604
486,classic-sweep-487,run_91b64cd4ccd1c5fe84d57dde62008dd1,0.22378203982398637,0.6018293980004255,,0.6703727100442204,0.33521182072554156,0.26410814734168087,0.11582789359163362,,,0.4421947299327101
487,celestial-sweep-488,run_d3399d838df79f788d63b917f1a254e0,0.14234052385602688,0.6891299723463095,,0.7867972204674675,0.4597810613126513,0.5509163491199427,0.11515406752298736,,,0.7267516132328317
488,unique-sweep-489,run_106ba107a019f1b5f1582c99970d340f,0.7774637767246794,0.23901297596256127,,0.36234996841440387,0.3368612242894312,0.5232988568317912,0.5540955990734914,,,0.8332701308122387
489,generous-sweep-490,run_e7aff4222d04598c03ef5adbce4e7284,0.5653507141839892,0.3678791746436929,,0.3458622867972206,0.2698247508713366,0.1966430774814009,0.24464097704779805,,,0.4139119516938794
490,frosty-sweep-491,run_15710e6b74ed29c14bfed3e7d456f6ee,0.4200930595397951,0.5143161029568182,,0.5092229943145927,0.39070246919640755,0.24011976047904268,0.18798343510914697,,,0.49562454608717427
491,crimson-sweep-492,run_7ce473b6b49362a8b5c5d78b211ae4f9,0.3994286968594507,0.5094235269091684,,0.5332280480101077,0.35044916793480796,0.2548539285066232,0.16866708780796041,,,0.4649878823056322
492,frosty-sweep-493,run_026476ee20f24b501f5db9d43b3c8920,0.44744279271080395,0.4921931503935334,,0.21642451042324767,0.5195130332335189,0.670205044456542,0.20527830420439402,,,0.8724722204698088
493,deft-sweep-494,run_982fdfaf487550a862ded0d8b2801353,0.6480078810737249,0.32975962561157224,,0.3878711307643724,0.4721515880418234,0.7018145527127565,0.33768512669334183,,,0.9107700221679019
494,whole-sweep-495,run_2be5c079a19c300673ae1e413977b60c,0.358707938875471,0.5589023611997451,,0.4020846493998743,0.5217122379853724,0.6647250952640181,0.1850635221450144,,,0.8650385071002227
495,fragrant-sweep-496,run_ce0008fa5508528068f2eed544159187,0.428601764497303,0.44207615400978545,,0.27460518003790296,0.460919935202004,0.46385410996189486,0.3326314311784938,,,0.7336562485272066
496,lemon-sweep-497,run_ccb2fa0f21a1cc33aa5cb770b5978071,0.37147099631173286,0.5133801318868327,,0.6901452937460524,0.4979137008492457,0.4804028307022327,0.5080508177160091,,,0.8583825293084755
497,treasured-sweep-498,run_6a017b1d089431d4ca74afe50659c722,0.34594459760756735,0.6090619017230381,,0.8214782059380934,0.34620784448480557,0.5116857194701506,0.12863058889590917,,,0.6310530686813981
498,rare-sweep-499,run_89ef24fb6271aa30ede07a57ac97ca8c,0.6838666030338835,0.2908317379281006,,0.41806696146557254,0.39671101075057635,0.5759571765559794,0.5051309047518778,,,0.8627070917829124
499,stellar-sweep-500,run_fdd9e7dc60fb0f56759dbcf3041c8fa4,0.5452943188803538,0.3997872793022763,,0.5193303853442839,0.39730008345196505,0.7077299945563432,0.5165859479188605,,,0.9620759549499653
500,ancient-sweep-501,run_eab90fe149bcd9e57ed5a23d2da7c239,0.6085027740115213,0.36456073175920056,,0.614908401768794,0.36549015757694797,0.4634911994193442,0.2898996279918594,,,0.6576085017201518
501,helpful-sweep-502,run_d97b89a427ac8d4069e8b936c0e2b3b0,0.6607712223416286,0.2986598596043396,,0.4974099810486422,0.38689313239409034,0.5221375430956273,0.43308766757914313,,,0.7809473974684797
502,usual-sweep-503,run_e3ce23b39058a956209320c851a12750,,,,,,,,,,
503,balmy-sweep-504,run_f0924b6c6520b951a2e439aa77052296,0.2888138294219972,0.4478196128483303,,,0.7979873349369202,0.7932680094356748,0.5855969677826902,,,1.2684564360631576
504,lyric-sweep-505,run_865b4e9b13d18fd9024d7eb1fba8e1f2,0.568997383117676,0.3620080833865134,,0.39747315224257795,0.33666486672230234,0.21395391036109604,0.17725837018319734,,,0.43650892092138616
505,vibrant-sweep-506,run_8ad7c194ddfdcf885d80faa5c830a6b4,,,,,,,,,,
506,lyric-sweep-507,run_6f233048f4c9e663563bcb0c54460848,0.5538030238378617,0.4500744522442035,,0.5955148452305754,0.5068676059103648,0.7418072945019066,0.3548115392714245,,,0.9659627635150855
507,astral-sweep-508,run_6129c3909dbf1b286adf39de1f5ed907,0.43103278250921356,0.44730908317379303,,0.014213518635502468,0.49583231063767164,0.7199237887860642,0.1924756089001202,,,0.8950903875887877
508,soft-sweep-509,run_702af4dc3dce7c9606d057172ca9003d,0.1861002672286262,0.635013826845352,0.884866630375615,0.4930511686670881,0.3778606843061223,0.11179459263291669,0.031431178493720215,1.2994310999362721,1.1955463055695732,0.39530323381899485
509,feasible-sweep-510,run_d662ae10c4ddba34293e302c035ac149,0.3933510099138534,0.4830887045309509,,0.2789639924194571,0.34365519611212036,0.43725276719288786,0.1859058047308198,,,0.586387111442016
510,driven-sweep-511,run_cdb79a5856d879ca52a79859237deee6,0.5197679201761883,0.3877047436715594,,0.510486418193304,0.3170291100093259,0.5144075485392863,0.5100722959219491,,,0.790756808162024
511,bright-sweep-512,run_78cebfa11773790a506587dde656e9fb,0.9622268222627188,0.0908742820676454,,0.5456096020214791,0.20805066025232005,0.5340410088913087,0.794089983856251,,,0.9793180172292829
512,feasible-sweep-513,run_f31cc63ddfefde161f5399efb6f66835,0.5738597029731389,0.3418847053818338,,0.35483259633607106,0.28023170192921254,0.24414806750136084,0.20769284761704268,,,0.4257633199115069
513,fragrant-sweep-514,run_cd5dc35f0a16e718b225f11c0c24b013,0.5343543120792935,0.4722824930865773,,0.41408717624763236,0.5486524961955728,0.7152059517328988,0.279848389134558,,,0.9438507487293749
514,youthful-sweep-515,run_d5dfa3ecfcde277ee99d9f18a798a203,0.31798718089149125,0.5391618804509681,,0.3665824384080863,0.589337784104855,0.7626020685900944,0.2546360637327129,,,0.9968552872633029
515,fancy-sweep-516,run_f1fb4342adf630ea83076e3198d5fa2c,0.32528023492722297,0.516528398213146,,0.8278584965255844,0.412144715526974,0.5007984031936132,0.1349757843756605,,,0.6624807691894973
516,dutiful-sweep-517,run_6a33a5035710b944f15f5836ecf342db,0.37025562922159844,0.5643480110614761,,0.4691092861655084,0.5088311815816612,0.668317909635275,0.2626658243840827,,,0.880085981588403
517,distinctive-sweep-518,run_20d1140dc047f161b193279b4ab67129,0.5501566387358168,0.3877047436715594,,0.5540113708149087,0.4472534485297732,0.7034113590999832,0.4090545377974325,,,0.9285196832729671
518,crimson-sweep-519,run_6bc45b566851cd2c06aa596b2895415b,0.2724041030520486,0.6863646032758988,,0.8478205938092228,0.39109518433066653,0.48279804028307066,0.24071032498069822,,,0.6663263850847607
519,expert-sweep-520,run_a99672bb3b291126cf7630c08d2845ec,0.6164037954239621,0.3620080833865136,,0.4387239418825013,0.34184870649452626,0.5088550172382513,0.6078332280480105,,,0.863281645710012
520,icy-sweep-521,run_1f6a0f52e5a9579b5112308db26d84b3,0.5805450734638035,0.4103382259093811,,0.4844598862918521,0.4446615286436605,0.6372890582471425,0.15889660981259177,,,0.7931641390199016
521,deft-sweep-522,run_9f68e9b77c0e8c6561717d54846e13da,0.7063543001810711,0.2730908317379285,,0.5912823752368919,0.38096313386677283,0.595953547450554,0.6188390538358944,,,0.9398166388381286
522,worthy-sweep-523,run_7a60659b9682f44d36a2e9db10f66a8c,0.5057889279865085,0.4575196766645395,,0.37624763108022774,0.49143390113396634,0.6288332426056981,0.2065698041692991,,,0.8243843825451136
523,honest-sweep-524,run_f7da0084687d549eaf56859d511abe5a,0.4741848423367456,0.4636034886194429,,0.32482627921667734,0.4562073535908895,0.629159862093994,0.13312276268688425,,,0.788472543266996
524,sparkling-sweep-525,run_a4ba7cede5c982def37717ec8f9f0387,0.40550638380504805,0.42454796851733684,,0.40827542640555947,0.47466496490108534,0.6351115949918359,0.26395732434898644,,,0.8356716077952502
525,balmy-sweep-526,run_0675eef25d255853ca06933f5775d926,0.47540049325852185,0.4272707934482027,,0.5827542640555912,0.298885670806538,0.34590818363273473,0.27586158489506585,,,0.5339332633751053
526,kind-sweep-527,run_c790de622065eb822a920844c223ff00,0.5623120126270115,0.42854711763454606,,0.5480732785849658,0.4864464189288699,0.7675376519687905,0.4963150136870951,,,1.0354094641685034
527,sweepy-sweep-528,run_709497bb4707fcd3df3be6ba35f18f5e,0.612149442945208,0.3443097213358861,,0.48591282375236866,0.2545874036620697,0.2349664307748139,0.3344844528672696,,,0.4815639302360235
528,stellar-sweep-529,run_2a06d5d0a9043b80bc34dd8e203427e1,0.3295348712376187,0.6031057221867686,,0.8391029690461163,0.30866427764959836,0.4211395391036114,0.17697760932126028,,,0.5513195279458358
529,faithful-sweep-530,run_d801c522d04576a11edecc7433b3b13e,0.37694099971226297,0.5098489683046161,,0.4948831332912197,0.5313337587747274,0.7044275086191257,0.3439741700007036,,,0.9470226542911747
530,genial-sweep-531,run_2749d868d79b2ffa66bd82645ddda90e,0.34351357959565676,0.5620506275260588,,0.5118130132659511,0.296215207893575,0.38219923788786136,0.21184810837369156,,,0.5279198119515949
531,radiant-sweep-532,run_ec48756c93789dc7a9fbb66902dad044,0.34655228115263453,0.5464794724526697,,0.41301326595072696,0.3891316086593685,0.4828343313373254,0.21201656489085405,,,0.655365107527024
532,gentle-sweep-533,run_9a04e53c85a9562a7fb617857e1c2924,0.4717538243248351,0.4687087853648164,,0.515540113708149,0.26919640665652084,0.4054618036653972,0.12952902365410446,,,0.5036305665437371
533,glorious-sweep-534,run_7c9af5535ead683ede8fafed27aa6818,0.2116266659327917,0.5494575622208048,,,0.7717932354818109,0.8438577390673201,0.5732434898575122,,,1.2792063089210086
534,gentle-sweep-535,run_e43034aacaf9b622109d088ca9cc2b58,,,,,,,,,,
535,wandering-sweep-536,run_813e26e077afd240d6570f007406ea02,0.4924179031735377,0.4328866198681133,,0.5820593809222997,0.3861469736389973,0.5296860823806938,0.3384151049343749,,,0.7377002198495725
536,fearless-sweep-537,run_87fb4b1a29b02b658df2c041f25a77da,0.5671740486508325,0.39838332269729865,,0.23828174352495296,0.4351970939080056,0.601723825077119,0.2005615217238742,,,0.7692158320053019
537,still-sweep-538,run_c4a7d100df66b02a3df7a1a2c6aa6bb8,0.8546509402138849,0.14720272282493083,,0.4944409349336705,0.20679397182268897,0.553819633460353,0.7550080718747817,,,0.9589145539538121
538,lilac-sweep-539,run_8f99d3ac1275240c73e876daa1f50b02,0.6194427808125815,0.3294192724952137,,0.6487049905243215,0.4269893476019824,0.6449101796407192,0.6720151610865468,,,1.0246137904107913
539,twilight-sweep-540,run_a25476c986052dfd060629a12ab5bfbf,0.6589478878747851,0.31125292490959394,,0.40012634238787215,0.4026017377644702,0.548593721647614,0.36851266933389226,,,0.7738506433038236
540,sweet-sweep-541,run_aec8ef230a56c2896dc6604aaf6fb1c4,0.3988210133143835,0.5324399064028931,,0.6869867340492737,0.3537087035491631,0.5325893667211042,0.16170421843195185,,,0.6594767128333684
541,desert-sweep-542,run_58d26a87bbcb46fb415be6d283a779c8,0.33804357619512665,0.5639651138055735,,0.7811118130132663,0.25902508467920116,0.2899836690255859,0.12183617603706307,,,0.40746604347594667
542,different-sweep-543,run_62e51f90be85d84429b154905ad8d269,0.5592730272383919,0.37885556264624554,,0.3608338597599498,0.4483530509056986,0.5347305389221567,0.45571699305116786,,,0.8334477699700361
543,comic-sweep-544,run_2e003eda48fa3c4c68907b6f59672376,0.4523051125662669,0.477345245692406,,0.9230574857864817,0.4966177409061901,0.6475231355470887,0.9903979785217987,,,1.2832784372502977
544,frosty-sweep-545,run_5fe867b8e1c71c2ef39af7c607455698,0.6291671366918656,0.32482450542437796,,0.5283638660770691,0.32802513376859394,0.6121393576483415,0.6114831192531761,,,0.9253251788953016
545,pleasant-sweep-546,run_e9a002a1612b0386e9a73fcc73383883,0.3562769208635604,0.5100191448627954,,0.39785217940619133,0.41540425114132934,0.34993649065505333,0.32308556187267695,,,0.63198142349981
546,astral-sweep-547,run_4fca501f1432c965208e9c3e9fc79e8a,0.5100435642969042,0.40795575409487345,,0.41642451042324735,0.45243728830199614,0.5934131736526945,0.33246297466133046,,,0.8169273676596268
547,effortless-sweep-548,run_a5a0295eb113e14f33c3cd44cd308790,0.26328743071783167,0.576813443948096,,0.5281111813013268,0.4061361739728044,0.22915986209399364,0.11077419807679044,,,0.47930340825385565
548,balmy-sweep-549,run_b3254e054eba32324c11af5ad39f020e,0.5082202298300609,0.4082961072112318,,0.28325963360707535,0.42832457905846505,0.49404826710215993,0.37126412578086604,,,0.7519193349981693
549,pleasant-sweep-550,run_47c4afa444b8cdefee74ee1b5a8d135b,0.5762907209850495,0.3777919591576262,,0.7418193303853444,0.30269500760885626,0.535311195790238,0.21044430406401263,,,0.6499762680919101
550,celestial-sweep-551,run_a8b59b1ea1125cbc7122d5ce36ff7054,0.6619868732634047,0.3296745373324826,,0.17523689197725903,0.4119876294732707,0.634313191798222,0.3292623008352647,,,0.8249246601233262
551,distinctive-sweep-552,run_cbbe63b3ac731f4ff503940445900e7d,0.4279940809522358,0.3264837268666243,,0.3425773847125713,0.415404251141329,0.6266194882961361,0.9183547413490563,,,1.1868395451522047
552,breezy-sweep-553,run_eb267304a26acf2aa6859a5f5e5eb983,0.49302587055024666,0.37911082748351443,,0.5947567909033487,0.4146580923862344,0.6886771910724011,0.7791535060012635,,,1.1195078351663397
553,treasured-sweep-554,run_6d35793fcb37f4a30925f114cbd0453b,0.4188774086180189,0.46236970857264414,,0.4775110549589391,0.279446271660694,0.4682453275267662,0.2162279778198918,,,0.586599048659125
554,easy-sweep-555,run_dfec482126e52e4ec6e735becd5c34c8,0.49971124104091114,0.4299510742395237,0.9242424242424265,0.47258370183196463,0.30748613224682175,0.12133913990201488,0.06922159051028245,1.1523229826518024,1.1235734690025576,0.3377314569136904
555,clear-sweep-556,run_c8538a8349240e066ca593fb03c9f3fe,0.6388914925711497,0.33784301212507994,,0.6761844598862927,0.40641107456678743,0.6277445109780443,0.6479820313048351,,,0.9895018168187137
556,sweepy-sweep-557,run_e02e66debde96c6b44402b631d692701,0.6109337920234319,0.34141671984684135,,0.6600126342387875,0.4215698787492019,0.6512611141353656,0.7465290938443215,,,1.0766465944819026
557,super-sweep-558,run_2891dcf5d598955fb0bdbf71bcf19bc9,0.5404319990248909,0.37847266539034274,,0.4918509159823127,0.4235727259339252,0.7484485574305945,0.49485505720502493,,,0.9922049309071299
558,feasible-sweep-559,run_3875ccf535b8e619f9d8202762c89807,0.7780714602697465,0.21191235907253803,,0.2186355022109921,0.22262039173334786,0.47336236617673855,0.2466063030813485,,,0.5783134420428077
559,generous-sweep-560,run_99031d048fa5db37073005be8c50f505,0.668064560209002,0.28632205913635395,,0.28496525584333526,0.2705709096264286,0.3596987842496831,0.4654313188741514,,,0.6474705747103147
560,noble-sweep-561,run_18bf724cd5fb034843cd83b405f2c2f7,0.2851671604883104,0.5925122314401193,,0.8151610865445366,0.5320013745029685,0.46026129559063733,0.2344212816733349,,,0.741497983809254
561,peachy-sweep-562,run_05a306c120635f31f5ff1321fc5dab7f,0.24140770094735295,0.4931291214635186,,0.17201516108654505,0.5996269206224527,0.5406096897114869,0.6719028567417716,,,1.0503640937517185
562,rosy-sweep-563,run_ec078220b21423d8bb724dae21ad22cc,0.6382835251944408,0.3273346096575197,,0.4866077068856607,0.4699916548033951,0.6475594266013441,0.725584333543907,,,1.0801379502866526
563,atomic-sweep-564,run_9c36ccdc63838bafeca8deeae7c7254d,0.6048561050778345,0.3258455647734526,,0.0655085281111817,0.4958715821510973,0.7412629286880795,0.3768231908471987,,,0.9681709934678511
564,pleasant-sweep-565,run_7cc032863e150879605e7bf251ea1d55,0.7744247913360598,0.2105084024675602,,0.3640555906506638,0.23137793922733227,0.5425331155870081,0.291191127956766,,,0.6577767138401652
565,glorious-sweep-566,run_8ab668515efa63352c7f64417d02a2c5,0.4225240775517057,0.4958519463943843,,0.47586860391661445,0.32127043345932976,0.5244964616222113,0.19387941320979973,,,0.6449034474523622
566,northern-sweep-567,run_6b9a07408385f59e49806f93e8272dbb,0.6091104575565885,0.3554137417570732,,0.5847757422615286,0.32319473761720047,0.2909635274904743,0.17214852249596294,,,0.46770688101704694
567,lively-sweep-568,run_5f4948fd430b8fa88752c47546d378de,0.29489180019923633,0.5717506913422681,,0.6912192040429567,0.36352658190565085,0.23068408637270985,0.06422404716782534,,,0.4353061585737477
568,valiant-sweep-569,run_6fe93c8378090f9c741fb1f39e14c128,0.49181021962847044,0.46738991703892807,,0.5386607706885672,0.6057140052034777,0.823244420250408,0.5596546641398196,,,1.1652614190242991
569,vital-sweep-570,run_92e73e6d9c8d8a2bcfa1f2145fb1d4f3,0.88321632430667,0.17583492873856632,,0.3998104864181935,0.20141377448333372,0.5272182906913448,0.7642731803186648,,,0.9500737491087379
570,vague-sweep-571,run_52ef09e81910322de9062298fc575acf,0.4352874188196093,0.4899383109976604,,0.5194567277321545,0.32138824799960825,0.44004717837053214,0.09797150277251292,,,0.5536518224476725
571,different-sweep-572,run_7686e3796d0da73fb3424f994993da7a,0.44440380732218443,0.4695596681557115,,0.4193303853442838,0.4302096117029102,0.44200689530030957,0.3147188881869856,,,0.6924582182891904
572,smooth-sweep-573,run_8086c0e7b71118f2a301b54aef44cdbb,0.4766158603486562,0.4474367155924273,,0.6212886923562861,0.32244857886210676,0.2336962438758845,0.19017336983224487,,,0.4413082040991771
573,silvery-sweep-574,run_06eded2af9b56196bffe88a0ae49d571,,0.08466283769410776,,0.5495893872394193,0.219910657306958,0.6953184540010898,0.9216677195199016,,,1.1752871286952222
574,grateful-sweep-575,run_a7eb41d4bddd902aeaf3bba35639eda6,0.522806621733166,0.3340991278451394,,0.44219835754895864,0.27100289627411595,0.27481400834694236,0.4236541026180974,,,0.5731039239420874
575,eager-sweep-576,run_baa453bb700301aed5a7264d82ac1202,,,,,,,,,,
576,good-sweep-577,run_9619bb990c60de9064b8c6ff014d8ed0,0.44744279271080395,0.48917251648585425,,0.4740998104864187,0.3064650728977465,0.38698965704953786,0.18994876114269646,,,0.5289256728777543
577,tough-sweep-578,run_a000fef669aa1a0420c111bb713c3926,0.05178233555385054,0.6996383748138693,,0.6054327226784602,0.4721515880418253,0.20194157140264876,0.4287077981329418,,,0.6689528358045758
578,firm-sweep-579,run_f1b44f29ad0978fa17e904608d75ecd0,0.41340740521748875,0.5000638162093174,,0.31244472520530703,0.46198026606450454,0.6156595899110876,0.20364989120516605,,,0.796200838400962
579,dazzling-sweep-580,run_75cf82bde4756906ebf553765e176708,0.33804357619512665,0.6553924696873008,,,0.5650679888076183,0.6483941208492112,0.3326314311784931,,,0.9221498993844551
580,worldly-sweep-581,run_98572988aa37e7beda33740976e902ee,0.307047174090431,0.5979578813018507,,0.38818698673404994,0.4541652348927405,0.5060968971148622,0.3759247560890031,,,0.7769939202432964
581,fresh-sweep-582,run_e0a71a9492dcead67bb7fbbd1cd2693d,0.20190231005350762,0.6018293980004255,,0.5597599494630446,0.4174463698394778,0.29107240065323925,0.20583982592826605,,,0.5489577834882905
582,rose-sweep-583,run_3d9d241b9314390af6dfaa5fdbeb55eb,0.3192025479816257,0.5744735162731334,,0.8497789008212261,0.5891021550242982,0.6506441662130292,0.7645539411806014,,,1.1640111292664304
583,royal-sweep-584,run_b6e32c2137d6727df76e7fa5607c3183,0.620658147902716,0.3178472665390344,,0.5058749210360076,0.4049187570566001,0.5450009072763574,0.5083877307503347,,,0.8482000197629033
584,lyric-sweep-585,run_23563a17d45ab84429fd347e2e96b8eb,0.37694099971226297,0.5376728355669007,,0.6247631080227418,0.243473565362524,0.3892397024133564,0.12778830631010066,,,0.47656770158580997
585,polar-sweep-586,run_43d8c63d829e4bdb89f18bcd0eec92d5,0.4784391948154996,0.502616464582004,,0.5145293746051811,0.5661283196701193,0.7422427871529669,0.30236541026180913,,,0.9812494436869299
586,fresh-sweep-587,run_1ade330e7ad693e7ea15e1953dde9895,,,,0.4630448515476955,0.06631976829807112,0.6030665940845589,,,,
587,quiet-sweep-588,run_04e67362bd4eb61100c80bc12d7e2c70,0.5647430306389221,0.36451818761965554,,0.38679722046746756,0.2777968680968037,0.2015423698058433,0.1850635221450144,,,0.3899217023712152
588,neat-sweep-589,run_079b9da8513ec2260f8da319009a59cf,0.4899868851616271,0.42978089768134464,,0.2607075173720786,0.6061067203377352,0.8204137180185095,0.47121499263002997,,,1.1236047322928286
589,splendid-sweep-590,run_2e6c52a896aea1685247a32d3e366803,0.15571154866899775,0.7596681557115509,,,0.37574002258112016,0.24164398475775753,0.5935705762616669,,,0.7428986532108369
590,rich-sweep-591,run_72f7252740d4a4697b59663f53032263,0.5021425428844635,0.4461603914060841,,0.7837018319646252,0.3141230180158066,0.4395391036109609,0.23464589036288355,,,0.5890047435417445
591,good-sweep-592,run_e14a98098634d7875dcbe3707647f1b6,0.541647649946667,0.3961284833014254,,0.38989260897030986,0.4609199352020042,0.6121393576483399,0.3386958657963069,,,0.8377808003029503
592,effortless-sweep-593,run_951a245dc0b7ecfb8b1fb3eedc6e5803,0.22317435627891916,0.5661348649223571,,0.15527479469362007,0.7842030337244122,0.8242605697695522,,,,
593,royal-sweep-594,run_9fe0012603711832a0c1a50d199710e0,0.6036404541560584,0.3709423526909169,,0.6339861023373351,0.3443620833537874,0.4569951007076763,0.2445286727030289,,,0.6222732826471702
594,frosty-sweep-595,run_473475771fecd9cdc3cb6e31d755449c,0.47540049325852185,0.473346096575197,,0.44756790903348176,0.42074517696726027,0.6544184358555626,0.15271987085000155,,,0.7928514060536775
595,trim-sweep-596,run_2bfb4081d05d7605446fcef01522bc3a,0.48147818020411914,0.4325037226122105,,0.42495262160454916,0.3238230818320167,0.2247323534748693,0.19292482627921742,,,0.4388462232039884
596,clear-sweep-597,run_cac09564a789e10ef826a39b22e8cd14,,0.027185705169113044,,0.5526847757422622,0.050925335035099446,0.35998911268372424,0.8163262441215695,,,0.8936297263637107
597,fluent-sweep-598,run_b451529feae3a98ba0a4702bf7cdf138,0.9330537546248665,0.14099127845139356,,0.4198357548957683,0.31918904324775327,0.7747958628198154,0.8855618726749486,,,1.2191841963820234
598,atomic-sweep-599,run_c6075f5b41a4e7c8fe3495291b12ca7f,0.28334410985310887,0.5809827696234842,,0.2747315224257741,0.4069216042413249,0.4357285429141718,0.17445076156383912,,,0.6211904887541696
599,vague-sweep-600,run_329383199919ac27e50a9e435023a8e0,0.7416050547645208,0.2511805998723676,,0.3599494630448519,0.23734720926807712,0.5317909635274912,0.22476310802274133,,,0.6242225415385801
600,drawn-sweep-601,run_b8b05d6b062148afeca9204894d2cc90,,,,,0.9700358352560018,0.8469787697332617,,,,
601,royal-sweep-602,run_64a95d7dd52c1534027a386b8687e466,0.35445358639671704,0.5523080195703044,,0.6986734049273536,0.405743458838544,0.6790600616947925,0.22751456446971396,,,0.8231118993338902
602,fearless-sweep-603,run_f99b28e7acb2b5b6be45e9ee8809076a,,,,,,,,,,
603,whole-sweep-604,run_f6a6d06502a1453b7af62169093b9f65,,0.7872367581365668,,,0.32696480290609203,0.1909090909090918,0.42298027654944753,,,0.5676835189443169
604,dutiful-sweep-605,run_8f0425f88ce4aa5d7b97e1aa2374d9a7,0.38848869005839043,0.5110827483514147,,0.4525584333543904,0.29299494379264734,0.4852295409181651,0.17776373973467938,,,0.5940485599950299
605,gentle-sweep-606,run_1f81871bfd59e039984d1daecb894c27,0.04874349208105187,0.73018506700702,,0.6768161718256478,0.4923371459427619,0.3738885864634378,0.10689969818207383,,,0.6273883054648935
606,devout-sweep-607,run_9f976b7afa50d33fab0441f91439d624,0.44987381072271454,0.3190810465858329,,0.25704358812381706,0.4063718030533611,0.5602431500635111,0.6055309889801361,,,0.9196076381398685
607,rosy-sweep-608,run_f0cce13df4c13f39bb3a90c9cc0a800e,0.48147818020411914,0.5196341203999154,,0.9368288060644344,0.2471650876245638,0.2830883687171126,0.14676774057696557,,,0.40344810659791386
608,stellar-sweep-609,run_7e91a6d6afad069a6294268b82df94f4,0.32831922031584254,0.5694107636673048,,0.5756790903348081,0.36851406411074605,0.3948648158229003,0.14502702323296154,,,0.5592438427824539
609,drawn-sweep-610,run_8a79f68b589a91ef0f9bc4062fb911f0,0.2705807685852052,0.5510742395235058,,0.30303221730890734,0.6296303568798781,0.8472328071130475,0.6192321190426059,,,1.2237999154303505
610,helpful-sweep-611,run_3b9dc4c9bcac725294193db0884af1fc,0.5288843086787635,0.40901935758349295,,0.5168035375868597,0.43111285651170766,0.6337325349301407,0.4104021899347247,,,0.8694280754506862
611,fancy-sweep-612,run_fc1bfac653531e205560595699f15881,0.34655228115263453,0.5784726653903427,,0.3943777637397351,0.4997987334936933,0.6421520595173306,0.2529514985610994,,,0.8521399545664755
612,tough-sweep-613,run_e22688275c59b45dc90a589d1368d574,0.5428633008684433,0.4405871091257182,,0.36209728363866106,0.4999950910608205,0.7139720558882253,0.18944339159121318,,,0.8919865392996461
613,sage-sweep-614,run_2982bcdda5beaeb37325005d35ff08a1,0.46567613737923774,0.4272282493086579,,0.4761212886923567,0.346914731726475,0.33200870985302205,0.2685056503123471,,,0.5501589758940381
614,divine-sweep-615,run_4ac44ee2aa31da0e0d0a7ebe555d1add,0.3629622913542249,0.5392044245905128,,0.426152874289324,0.3421236070885083,0.37947740881872577,0.20466063030813778,,,0.5503977106866912
615,snowy-sweep-616,run_73533f2976f76ac5d91d7d3e8ce4bbe8,0.602425087065924,0.3419272495213786,,0.3528742893240689,0.44128417848902807,0.513972055888224,0.3916473643574091,,,0.7824874813227425
616,dandy-sweep-617,run_4f8468e0896812576c2660fbc06b0ff8,0.5744673865182061,0.3803446075303128,,0.38344914718888246,0.5298414412645431,0.719016512429687,0.34403032217309093,,,0.9571173180976088
617,solar-sweep-618,run_5c453947f9cd7d3f6c37ab677bb2ac78,0.5908773967197966,0.37392044245905165,,0.6767530006317125,0.4342938490992102,0.6016875340228639,0.7798834842422981,,,1.076502338575179
618,hopeful-sweep-619,run_89b1b33e6af9b05ef72b005f0ae6e3f6,,,,0.5286797220467477,0.13814736635413044,0.5645617855198699,0.9728785007370011,,,1.1332728187405896
619,sleek-sweep-620,run_610f94b661c25ec98434c1b8c453a70d,0.218312320255098,0.6816847479259734,,0.29399873657612213,0.8006185263364585,0.9273997459626212,0.5554432512107816,,,1.3452053816575
620,worldly-sweep-621,run_cca431773473a41c126ed0118696242d,,,,,,,,,,
621,swift-sweep-622,run_38ad75a7e0775ccd2859b7ade31815a3,0.22682102521260591,0.6005105296745374,,0.49538850284270364,0.5497520985714994,0.4846125929958272,0.24160875973889484,,,0.7716550576238543
622,earthy-sweep-623,run_5a1d6fd373216314bca6012e76fb5024,0.32771153677077536,0.5548606679429912,,0.5058749210360076,0.5436650139904768,0.443313373253494,0.3100021057064638,,,0.766941783895687
623,prime-sweep-624,run_590c0a2b01db4315d77ea280ea3437cb,,,,,,,,,,
624,crimson-sweep-625,run_ebe20ba57af795527bc1ad2315d24a8f,0.6419301941281276,0.31206126356094455,,0.4448515476942517,0.4152864366010497,0.588804209762294,0.5147890784024717,,,0.885528665318669
625,crimson-sweep-626,run_0a372b475711fef6029eb1a70d88cd64,0.6929832753681003,0.28755583918315286,,0.20739102969046191,0.25906435619262597,0.41366358192705616,0.19455323927844576,,,0.5254358786531029
626,worthy-sweep-627,run_9de3a70c1cfbf88a6aa0194309270610,0.4437961237771172,0.3795788130185068,,0.3430195830701211,0.31903195719405036,0.3776265650517159,0.39338808170141426,,,0.6317732149818817
627,sweet-sweep-628,run_ed7ef707373c6ce5c7247b2d6ff162fa,,,,,,,,,,
628,proud-sweep-629,run_c0c9b46fed9eb25bccc9e395710e5f24,0.527668941588629,0.40901935758349295,,0.5566645609602023,0.3855579009376072,0.4240065323897661,0.25216536814768004,,,0.6261180458808566
629,woven-sweep-630,run_d6e5c96b9a2bb12d9d7f19419e5f0bfc,0.5811530408405124,0.34945756222080426,,0.322236260265319,0.3761327377153802,0.3386136817274548,0.19163332631431443,,,0.5411639248772755
630,curious-sweep-631,run_d822a1f1d20dd1b5c9d0d6100118ffc7,0.4073297182718914,0.5366092320782814,,0.3578648136449781,0.5114231014677744,0.6826528760660505,0.23571278163824072,,,0.8849457911893841
631,fine-sweep-632,run_89b4061a6b0fadcf066eaff1449762a9,0.5258456071217856,0.370729631993193,,0.27517372078332275,0.39592558048205867,0.473761567773544,0.2741208675510635,,,0.6755363338905237
632,wandering-sweep-633,run_2773e2c9de3bf6f62177bddf05e21bb9,,,,0.5337965887555292,0.056030631780473225,0.6152240972600259,,,,
633,celestial-sweep-634,run_f51bc534fd03efcf49d5607c4314d70a,0.6346371400923958,0.32473941714528853,,0.5116866708780805,0.3577929409454612,0.5213028488477599,0.3399873657612121,,,0.7178884716196806
634,dark-sweep-635,run_090b361b7b8675fd9e521fb72a765049,0.12471514656430209,0.7074664964901084,,0.8766266582438411,0.37703598252417353,0.32914171656686725,0.13699726258159517,,,0.5189013891457638
635,robust-sweep-636,run_e529dc84e252a9bf487c2eec6b8f4a04,0.44136510576520666,0.43752393107849397,,0.38660770688566115,0.4131265033626234,0.3504082743603707,0.17411384852951758,,,0.5690123889429828
636,effortless-sweep-637,run_11ce9c3d6dba30fccb1543123053323f,0.5307076431456068,0.4221654967028293,,0.4198357548957683,0.5704089146335471,0.7578116494284162,0.4394890152312787,,,1.045368557214056
637,snowy-sweep-638,run_404590efed13bccc07f09adb210d1c77,0.372686647233509,0.48764092746224214,,0.4758054327226786,0.2731628295125415,0.381800036291055,0.08387730750333537,,,0.4768905554245731
638,light-sweep-639,run_f9a5e37e940012babda736b4423104ff,0.5811530408405124,0.35320144650074475,,0.46437144662034147,0.4417947081635674,0.5518599165305762,0.48952060082824544,,,0.8598618204512354
639,glamorous-sweep-640,run_eef974b6c07c071aa5eadb705b6dbd7e,0.6644178912753153,0.3232929164007661,,0.7001263423878719,0.4129301457954932,0.6642896026129561,0.8154278093633741,,,1.1299179145980107
640,divine-sweep-641,run_e55f2003c803dcdec31ffb23e60a8726,0.18002258028302887,0.6398638587534571,,0.4402400505369559,0.5190810465858342,0.5739611685719469,0.1888818698673414,,,0.7965882981300335
641,sparkling-sweep-642,run_a522466dc759037753874cad9e17bcf6,0.6048561050778345,0.36149755371197617,,0.7203411244472525,0.27673653723430197,0.35900925421883506,0.22038323857654452,,,0.5040233402340436
642,comic-sweep-643,run_2c05b6aa8f973117303143f88a2cc68c,0.5495486713591078,0.3796213571580517,,0.5006317119393556,0.3281822198222969,0.3554890219560883,0.30680143188039694,,,0.5728901576590826
643,skilled-sweep-644,run_4931af7e3021e78222638cc2799950db,0.31798718089149125,0.5351201871942141,,0.6147188881869871,0.4885278091404438,0.4690800217746333,0.07315224257738463,,,0.6812097604451605
644,whole-sweep-645,run_5372c86962ddd6fc3e563eca368a98cf,0.6072871230897451,0.34128908742820674,,0.4546430827542637,0.4575033135339446,0.6659952821629466,0.7327156594370755,,,1.0907480164282446
645,hearty-sweep-646,run_ec36f2e237e16f6268b4fcece74f18b3,0.5902694293430876,0.36341203999149124,,0.4912192040429565,0.2195964851995491,0.39141716566866336,0.16984628342808822,,,0.4798726642416925
646,fluent-sweep-647,run_c28531546070ca80f44bec6223680b2b,0.4638528029123944,0.4508827908955543,,0.5711307643714465,0.3378037406116528,0.27379785882780006,0.2371165859479184,,,0.49527861855879596
647,revived-sweep-648,run_d790ce8247e694f1df32e20cd7bceaa8,0.4863402162279403,0.46492235694533074,,0.5994946304485161,0.44925629571449555,0.5686989657049549,0.5181020565733154,,,0.8908869029559783
648,lilac-sweep-649,run_0c8a140fda64365469d95469d92267b1,0.6480078810737249,0.30950861518825795,,0.25855969677826945,0.4309950419714311,0.5342587552168391,0.2902365410261796,,,0.7452693429067395
649,olive-sweep-650,run_05ae21c5e112de826519f3d73eb30641,0.46020613397870763,0.47496277387789854,,0.7186986734049279,0.34228069314221127,0.3428960261295601,0.1674878921878298,,,0.5126265225901588
650,dainty-sweep-651,run_414cb9ee72c3d622c87a5fe95ebc9070,,,,,,,,,,
651,volcanic-sweep-652,run_5734cc0b2a8aad44a94f0674774dbb73,,,,0.49677826910928713,0.00010799666192184122,0.5039920159680648,,,,
652,valiant-sweep-653,run_c96aff842ce20b3735efbd5448409a57,0.5349622794560025,0.3809402254839397,,0.3819962097283637,0.35626135192184866,0.38822355289421245,0.27120095458693244,,,0.5926125510515721
653,fiery-sweep-654,run_11ffad0d363b6e37986a358191ba6d83,,,,,,,,,,
654,wild-sweep-655,run_c071d45791735437fee728d48e8f0209,0.34533691406250017,0.5081897468623702,,0.49324068224889506,0.4222767659908692,0.3596987842496831,0.058552677756720864,,,0.5577896544028849
655,lyric-sweep-656,run_6fb6b18cb4e12089ff3b50cbb1458683,0.6261281513032461,0.3192512231440122,,0.5418825015792806,0.35107751214962457,0.47122119397568546,0.31084438829227246,,,0.6647774566889565
656,wandering-sweep-657,run_82af11255e3d25c9927979a80467ef8b,0.44318844023205,0.47585620080833874,,0.35881238155401235,0.5086740955279561,0.6490473598258042,0.4999087527198749,,,0.964323893618722
657,desert-sweep-658,run_621c608a2673793bce99b1756696baa0,0.536785613922846,0.4269729844713893,,0.3635502210991793,0.39851750036817074,0.4982943204500095,0.2544676072155527,,,0.6869258992165316
658,peachy-sweep-659,run_10c7c3335fa471ea67a9f6581453e7c5,0.34533691406250017,0.4182514358647099,0.9525494465614265,0.3348704990524321,0.29330911590005454,0.14398475775721384,0.0897171334316011,1.2033588223673415,1.092896592950585,0.338837736929727
659,gallant-sweep-660,run_64a3018a501c6750cfb29938ca1b78a5,0.5082202298300609,0.40085088279089576,,0.3703727100442206,0.45773894261450165,0.6656323716203962,0.4962588615147047,,,0.9480845169955611
660,devout-sweep-661,run_529147974c8d3d7ef2ff351b96442fc1,0.22560537429082975,0.5254626675175497,,,0.6148642678317217,0.5545454545454547,0.2224608689548709,,,0.8573608150769547
661,whole-sweep-662,run_82be19224d96a8787c5eef6bfcd03441,0.44926612717764736,0.3949372473941717,,0.40991787744788466,0.4667321191890425,0.6545636000725829,0.31859338808170223,,,0.8647509031808251
662,robust-sweep-663,run_4d9daf4af6fdaf8c80e32e1e24074f88,0.6127571264902753,0.3604764943629017,,0.7021478205938099,0.30351970939079903,0.4494828524768651,0.27378395451674054,,,0.6075497530328187
663,fresh-sweep-664,run_930a8608177ea47249352e787562a4f7,0.5440786679585776,0.3886407147415444,,0.6008843967150991,0.3148299052574747,0.3143349664307749,0.1365480452025013,,,0.4653705072456689
664,super-sweep-665,run_c8826a4657e931d759d5e42e9b33a26a,0.4018597148713613,0.5680068070623268,,0.6087807959570442,0.6166707574493151,0.7841226637633829,0.48121007931494425,,,1.107562330234642
665,sunny-sweep-666,run_0294b4b2ffe415d18c4896f297b6bec3,0.27848178999764595,0.5206977238885346,,0.16209728363866086,0.5569780570418735,0.5875340228633652,0.14165789288973177,,,0.8218806133898697
666,ancient-sweep-667,run_4dc7a14e702729ac6838048cccfa62e8,0.46020613397870763,0.43943841735800904,,0.47144662034112506,0.28364832359726994,0.5089275993467615,0.07882361198848777,,,0.5879428838444352
667,wise-sweep-668,run_527ed9d6bde21bd91135a43ba72f10b5,0.23046769414629267,0.6435226547543077,,0.5402400505369555,0.6229934711108944,0.551061513336963,0.2423387379799252,,,0.8663242582623019
668,eternal-sweep-669,run_639018898df01328e052726a4810403e,0.38727332296825606,0.5112529249095942,,0.6197094125078968,0.545353689067791,0.5446017056795501,0.6265880536253242,,,0.9932845780313396
669,resilient-sweep-670,run_8d633fdb9d627df1f18b6a900b28a50b,0.874099651972453,0.16928313124867073,,0.2532533164876816,0.2405282018555786,0.39490110687715535,0.5255702955008104,,,0.7000177394991426
670,misunderstood-sweep-671,run_f872a4f1840cd23450e7d7e71c602f57,0.5720363685062955,0.3660072325037228,,0.47807959570435943,0.49178734475479935,0.6212847033206321,0.690713834491471,,,1.0511589205249094
671,earnest-sweep-672,run_524d6009840d1d29863cce7549a344ee,0.4121920381273544,0.4864496915549884,,0.39639924194567255,0.4157969662755883,0.3065323897659238,0.2128026953042782,,,0.558689726295693
672,hearty-sweep-673,run_58e5c065e21d3b1d57280dde70e8cbab,,,,0.8092861655085284,0.06427764959992233,0.5954817637452378,0.9339650452726912,,,1.1095137912538309
673,radiant-sweep-674,run_7b33e7ba8ba35ffb002fe61a6c8b94a5,0.37754896708897195,0.5465645607317593,,0.6546430827542644,0.3090177212704329,0.457430593358738,0.16176037060434,,,0.5752400518894277
674,avid-sweep-675,run_83ac6ce03fe84d5e9addfb9068773ff2,0.3295348712376187,0.5213784301212508,,0.5046746683512322,0.33195228511118574,0.2383052077662864,0.04361619990173396,,,0.41095506388526093
675,skilled-sweep-676,run_c78f2cb2029f8bfd2317476ebd5df1df,0.4820858637491864,0.4523718357796216,,0.67150979153506,0.30422659663246726,0.12562148430411924,0.10291289394258755,,,0.34485597451252353
676,curious-sweep-677,run_da846ec5cc870e3e5d4b8b62969b387e,0.37694099971226297,0.5416294405445654,,0.6759949463044846,0.2812920327917131,0.36906187624750536,0.1253737628974505,,,0.480677081453328
677,frosty-sweep-678,run_1f29368139969942d5463df3293d2a27,0.5714286849612283,0.37430333971495444,,0.28174352495262184,0.5252074026802798,0.7303393213572864,0.4179827332069914,,,0.9919414828557047
678,apricot-sweep-679,run_ae0a7ac8caaa30a3b86cb81b962b35cb,0.4304250989641464,0.46522016592214444,,0.3252684775742271,0.5265819056501904,0.6975322083106521,0.318986453288412,,,0.9303719913940022
679,young-sweep-680,run_597765432b17759135a0181542039705,,0.76366730482876,0.9743240791144997,0.9659507264687303,0.3814736635413084,0.12562148430411968,0.16754404436021264,,1.570208893610085,0.43517113885800657
680,wise-sweep-681,run_8eddb94528a08cb76f6a340930bdb1a9,0.6376758416493735,0.341076366730483,,0.4361970941250799,0.5162927691325898,0.6679549990927244,0.856250438688846,,,1.2024503806920268
681,revived-sweep-682,run_c5c55cf74821f09820d66bc949ad2dd8,0.4486584436325802,0.4521165709423527,,0.23442830069488335,0.5120514456825883,0.4304300489929238,0.2901803888537945,,,0.7291579857459005
682,confused-sweep-683,run_98cd01e80ff0ef9508e6241012987b89,0.41583870706104115,0.45560519038502484,,0.10802274162981798,0.6588483628687819,0.9277263654509159,0.8692215905102837,,,1.431888105899643
683,iconic-sweep-684,run_4a52715e302ae9f62ca08c6c6e3bb9d7,0.7221563430059526,0.2593065305254202,,0.4030322173089075,0.22521231161946015,0.4995645073489389,0.3437495613111556,,,0.6468763739768061
684,sleek-sweep-685,run_046c86331ff25492f16b3b7fae84942f,0.517336618332636,0.3877047436715594,,0.33935565382185734,0.38386922586029176,0.4872255489021959,0.27035867200112607,,,0.6766373693433124
685,giddy-sweep-686,run_cd6fe68f7a9eb2ace3d43e637313ab9f,0.49181021962847044,0.4474367155924273,,0.3389134554643087,0.44034166216680476,0.5987116675739443,0.18759036990243666,,,0.7665158753797149
686,wise-sweep-687,run_6eb87b253984af8378b7d5ed373eb1a0,0.668064560209002,0.32282493086577346,,0.6084649399873661,0.4475283491237553,0.6621847214661599,0.7320418333684306,,,1.083815239980534
687,amber-sweep-688,run_71e1ed24c2dd653abc0eab0c49dbe6a8,0.503357909974598,0.44258668368432286,,0.32615287428932443,0.4527514604094037,0.6354745055343866,0.1408156103039234,,,0.7928686954296326
688,brisk-sweep-689,run_cd6fbe09872a623dbc1e7fe2301ee5bf,0.27118845213027243,0.5435864709636248,,0.30334807327858543,0.41615040989642166,0.16409000181455294,0.04513230855618796,,,0.44960384521050384
689,worthy-sweep-690,run_cf3b29541952658970a7d705e7fbffe0,0.2730117865971158,0.6313124867049568,,0.809096651926722,0.3028128221491346,0.3382144801306488,0.16788095739453737,,,0.4840130738768064
690,magic-sweep-691,run_c4cae2d68a8505a851f3af4816225a4d,0.3216335659935362,0.5378430121250798,,0.5069488313329125,0.4210593490746658,0.33458537470513533,0.11161648066259695,,,0.5492691390978205
691,decent-sweep-692,run_ab9ebb12ffc4f477240ca6791200de46,0.5094355969201952,0.39242714316102956,,0.15830701200252764,0.5080850228265673,0.5913082925058983,0.37440864743454827,,,0.8648570532062986
692,hardy-sweep-693,run_bc63de5b435b4f1a4e82cc03c97d2376,0.5021425428844635,0.4284194852159116,,0.48003790271636215,0.24520151195326748,0.37417891489747807,0.15052993612690463,,,0.4720094315672013
693,efficient-sweep-694,run_5baad2179db4b69fe6120dd4d04c0fe7,0.43103278250921356,0.5011274196979367,,0.5543903979785221,0.37852830003436316,0.6269098167301763,0.13244893661823554,,,0.744205827073982
694,legendary-sweep-695,run_80ebf0575b9b8a526de27e78c9f18996,0.14598719278971364,0.6597745160604128,,0.05123183828174395,0.7437926464091119,0.8150426419887508,0.34470414824173556,,,1.156003009912748
695,expert-sweep-696,run_ba3ded573fa76a01a57ba39dfbc0a665,,,,0.6735944409349344,0.07719797751705709,0.6618218109236084,,,,
696,woven-sweep-697,run_eacf53608254d1e622a96bbacfa26547,0.1502415452684676,0.7186981493299299,0.6959716929776837,,0.29126699720190524,0.07350753039375861,,,,
697,solar-sweep-698,run_7325e608e32967d821c88c81cc502145,0.4565594650450209,0.46611359285258447,,0.9934301958307015,0.28517991262088094,0.5324804935583387,0.11650171966028049,,,0.615171284494317
698,toasty-sweep-699,run_b83f16ba11a6a5425179a48552d0977b,0.4480504762558712,0.41152946181663486,,0.2238155401137088,0.5616120956261343,0.68541099618944,0.3902435600477291,,,0.9682388216807382
699,solar-sweep-700,run_cc8532745f2ba5df9747df6b474c8b90,0.555018674759638,0.36800680706232713,,0.08641819330385382,0.36827843503019014,0.4778624569043742,0.45403242787955517,,,0.7550675327367574
700,dauntless-sweep-701,run_2cc30d789b4cca0dc0d269acac4fdb32,0.26328743071783167,0.5300999787279304,,0.06557169930511754,0.6964312012174153,0.7929413899473792,0.47621253597248564,,,1.1578215947796793
701,fanciful-sweep-702,run_9831cfeb0306a331c9760d7125081580,0.1502415452684676,0.6430972133588602,,,0.9782435815620252,0.9649246960624209,,,,
702,wise-sweep-703,run_feeb9120a4d40c4489f19f3ecfcf9f59,0.602425087065924,0.3442671771963411,,0.5488945041061278,0.37267684453389527,0.7029395753946664,0.2784445848248758,,,0.8429374021397273
703,sweet-sweep-704,run_272afa903d029320d3d58941d2d14e89,0.5349622794560025,0.44143799191661376,,0.4774478837650038,0.3531196308477742,0.39755035383778053,0.29113497578437486,,,0.6062172314043716
704,desert-sweep-705,run_a17c78b1f52b33e839b04492e613d282,,,,0.4965255843335443,0.10064307103234975,0.5905824714207949,0.9147048501438934,,,1.0934357073797614
705,fine-sweep-706,run_8f003f4b4ab08b015fd84963c8e50ab3,0.37147099631173286,0.4367581365666882,,0.20486418193303885,0.533218791419175,0.6834875703139179,0.29562714957534847,,,0.9159000763523246
706,denim-sweep-707,run_e54d3f964352d63eb42213edb137cc26,0.5823684079306468,0.32537757923846,,0.29368288060644404,0.3800598890579745,0.5201415351115953,0.47581947076577696,,,0.80087258947902
707,golden-sweep-708,run_0352e4dedc2eb0a409fd72de498497f7,0.41401537259419774,0.4635609444798981,,0.12432090966519319,0.465671788326543,0.7037379785882788,0.2720432371727409,,,0.8866255578552773
708,unique-sweep-709,run_530ef61aee48fb976312d1bdbeaf0a60,0.4662838209243049,0.38374813869389496,,0.23367024636765715,0.35264837268666155,0.31270186898929486,0.2177440864743442,,,0.5191876547285147
709,firm-sweep-710,run_1cf8c113f24b627c116da268c762fc9f,,,,0.40309538850284277,0.08328506209808106,0.49357648339684346,,,,
710,dandy-sweep-711,run_2cd5956917f0d844227329aafd533e7e,0.6376758416493735,0.32958944905339294,,0.3694251421351869,0.4137155760640134,0.6834875703139183,0.35818066961465983,,,0.8755622357875011
711,unique-sweep-712,run_fc30fdef4358418fdd11a51793c4d894,0.5854073933192664,0.35060625398851336,,0.3777637397346807,0.27194541259633614,0.18833242605697795,0.14856461009335245,,,0.36262219114236294
712,lively-sweep-713,run_59948365e76b05af1c3848d4a352a40b,,,,0.560518003790272,0.027833685140641412,0.6077118490292145,,,,
713,stoic-sweep-714,run_6f677432fddfaecf3a2f361ed73bf762,0.5586653436933247,0.275643480110615,,,0.40209120808993243,0.5356378152785348,0.2321190426054587,,,0.7088472746083304
714,electric-sweep-715,run_7f02e4f94ed4818b3d7f2a8bae88f252,0.4535204796564013,0.4711338013188684,,0.5962097283638669,0.3868931323940902,0.4536200326619492,0.20275145644697198,,,0.6297345337658617
715,robust-sweep-716,run_386c007f0018ffc447d1a4a3a330659b,0.5556263583047051,0.3540523292916403,,0.40334807327858613,0.3541406901968498,0.5645254944656143,0.24160875973889373,,,0.7088578525609447
716,morning-sweep-717,run_6d25360c4479aedc15e9b3ba6f416177,0.4790468783605668,0.4299936183790685,,0.3062539481996213,0.428638751165872,0.6585556160406464,0.2412718467045716,,,0.8219724949363865
717,distinctive-sweep-718,run_a8c47786e4c5d1d7c1a2868b36807c11,0.7452517236982075,0.25254201233780066,,0.45489576753000704,0.3636443964459267,0.6565958991108699,0.5093423176809168,,,0.9070749794676854
718,fallen-sweep-719,run_c69681f94157c504652c8e9d4247325d,0.7586227485111784,0.26883641778345035,,0.4102337334175622,0.35245201511953267,0.668354200689531,0.36738962588615287,,,0.8401755160381242
719,elated-sweep-720,run_eb930ecbe4867b4d5fd2149454e9bb2c,0.27118845213027243,0.5660497766432675,,0.5008212255211631,0.39250895881399944,0.22237343494828554,0.0915140029479902,,,0.46031298054205905
720,stoic-sweep-721,run_e2a63dd62fe762c7325945cb5c4ee5e1,0.7209406920841764,0.3004467134652204,,0.5214782059380919,0.3747189632320461,0.5823806931591369,0.5854285112655326,,,0.9068120615501285
721,fanciful-sweep-722,run_4b43efddc699279b47459de200a73c91,0.41097638720557816,0.5301425228674754,,0.27839545167403673,0.6168278435030209,0.8172926873525679,0.29259493226644184,,,1.0649205227192184
722,jumping-sweep-723,run_52bd09ff14b3559b090508ffe93012e8,0.49059456870669427,0.4304190597745161,,0.41794061907770086,0.4149722644936425,0.5468154599891134,0.35161086544535625,,,0.7712582759888672
723,stilted-sweep-724,run_4d5999cf5c30354a68cf2eb4c9d68eaa,0.3416902451288134,0.5131674111891087,0.7289965523498483,0.6685407454200888,0.2534485297727165,0.07749954636182199,,1.1881727294393585,1.1143264752896005,
724,lemon-sweep-725,run_98afb0b47d2d172b076814979f7c3eb4,0.9008417015983947,0.14490533928951316,,0.4648136449778907,0.26530852682735234,0.5394846670295778,0.7230574857864805,,,0.9403427290723212
725,wise-sweep-726,run_a22f1e9f7e7cb20c5c0b550741e21987,0.5452943188803538,0.39285258455647754,,0.4902716361339228,0.49787442933582143,0.5401379060061705,0.5766687723731324,,,0.9339029810004549
726,different-sweep-727,run_c32ee8c6e63ce457882f0d2af5297c4a,,,,,,,,,,
727,usual-sweep-728,run_4dd4dfb3273c442e3d2801c483b0a762,0.06940771284557534,0.7442246330567964,,0.8642451042324703,0.4357076235825441,0.3903284340410087,0.015483961535763568,,,0.5851813161180858
728,dry-sweep-729,run_f34927e988a93267a8b3accf38b7a83f,0.39517434438069676,0.463390767921719,,0.1037271004421986,0.48632860438859127,0.453293413173653,0.45307784094897224,,,0.8045308942683042
729,ancient-sweep-730,run_d9ba1f37ba3a46606c4cba55b567f5a5,0.7604460829780217,0.23067432461178483,,0.23202779532533196,0.2985322271857064,0.62331700235892,0.3215694532182243,,,0.762267990500215
730,vibrant-sweep-731,run_7f2a331798ce44b61f20cc3f35d283b2,,,,,,,,,,
731,dandy-sweep-732,run_0b909c43b11bc3a57154d0e61f721c1c,0.34837561561947794,0.5793660923207832,,0.1766266582438414,0.4465072897746792,0.5145527127563057,0.23655506422404626,,,0.721173732492279
732,northern-sweep-733,run_a9a404e188594368d46ac7f8a5b3a4cf,0.3289269038609097,0.5791959157626041,,0.3056854074542021,0.6092484414118117,0.6117764471057882,0.225605390608554,,,0.8923854979030874
733,wandering-sweep-734,run_5e0a7ef8fd02128233eaba22418fe92c,0.32041819890340184,0.5236758136566687,,0.4022109917877449,0.435864709636247,0.5268553801487948,0.2932687583350878,,,0.7440169361737844
734,fancy-sweep-735,run_d7c275bc6c1e0845b5e5564101274882,0.5817607243855796,0.36447564348011074,,0.3921667719519907,0.38921015168622103,0.29412084921067017,0.09735382887625618,,,0.4974629474773818
735,breezy-sweep-736,run_0ca8e8c5cbd77cb99495db32245cd09e,0.7774637767246794,0.24250159540523306,,0.38250157927984874,0.2561975357125327,0.5278352386136831,0.768653049764862,,,0.9669926201064627
736,lunar-sweep-737,run_f0fb3b07e45f54286b9941a42d5ed4f1,0.3192025479816257,0.5395447777068711,,0.4766898294377765,0.4103774974228066,0.29970967156596034,0.22521232540183803,,,0.5558382580698137
737,glad-sweep-738,run_ff5ece6475dcfe1fcf432df476954d3e,0.1678669225601924,0.6106785790257395,,0.8051800379027165,0.3540621471699982,0.23692614770459045,0.2800168456517178,,,0.5098072551205061
738,devoted-sweep-739,run_2706b50af0d87f265900c325d5232322,0.4194850921630861,0.4490533928951287,,0.37536323436512986,0.44450444258995486,0.5019597169297771,0.23537586860391932,,,0.7105980273146542
739,peach-sweep-740,run_f76ceef588ae4a116a6e451bb3f9f5de,0.4182697250729517,0.49989363965113814,,0.30473783954516837,0.5217515094987967,0.6811649428415899,0.12694602372429428,,,0.8673670560726112
740,visionary-sweep-741,run_20aec40d34d70b18c71a842f4ba3776a,,,,,,,,,,
741,colorful-sweep-742,run_9918fe8c4197806d29aa15cbb24d8335,0.4067220347268242,0.4027653690704105,,0.3938092229943153,0.4423837808649539,0.5715296679368548,0.27277321541377175,,,0.7724990601622445
742,zesty-sweep-743,run_11bc4db4da7df8c9dd4d82a816e690ce,0.40003638040451794,0.5266964475643481,,0.9044219835754899,0.3180894408718264,0.3771184902921429,0.21055660840879006,,,0.5364078051808985
743,brisk-sweep-744,run_9580e877a97850f82b77205b315e5615,0.9555414517720543,0.07436715592427146,,0.7440303221730894,0.14293849099209677,0.5513155507167493,0.9526075665052276,,,1.1098835184073246
744,glamorous-sweep-745,run_a15dbf447dbe48a2f85e7c1627f9a24b,,,,0.44870499052432133,0.007019783024887909,0.4965160587915074,,,,
745,sunny-sweep-746,run_b20e957a2064037ba3a2e2067689ed3a,0.29489180019923633,0.5593278025951928,,0.5838913455464313,0.4891954248686873,0.4577572128470333,0.1628272618796969,,,0.6894683073479004
746,dashing-sweep-747,run_9c2d08250ae73b1e34b5b5b2d9681d0f,0.6498312155405682,0.34201233780046825,,0.4473152242577384,0.3279465907417413,0.38771547813464124,0.5131045132308552,,,0.7219061572407991
747,lively-sweep-748,run_e1d6be6394fcf7eafefb2459cf686c03,0.4225240775517057,0.46998510955115946,,0.33967150979153543,0.4115949143390114,0.3737071311921616,0.24340562925528247,,,0.6068885348783363
748,frosty-sweep-749,run_2878ee8778778aac5e48fd97f70beacd,0.48390919821602973,0.48049351201871965,,0.8045483259633609,0.2592607137597555,0.41819996370894597,0.11695093703937819,,,0.5057517662052899
749,bumbling-sweep-750,run_67dacd49980fe908eba81246cdbd5f17,0.5665663651057654,0.3744735162731333,,0.32040429564118794,0.40590054489224914,0.5787515877336246,0.29573945392012624,,,0.7662704987489669
750,comic-sweep-751,run_fd0edd93affccd9f7e1e81ac8fd35258,0.3301425547826859,0.6074877685598811,,0.8108654453569177,0.3128663295861756,0.46428960261295593,0.1785498701481018,,,0.5876480506333073
751,divine-sweep-752,run_b1389c37e890f501f063b831b3362873,0.47357715879167844,0.5249521378430124,,0.6264687302590023,0.5318442884492659,0.6549628016693892,0.2611497157296276,,,0.8831952178043012
752,earthy-sweep-753,run_d09c9075db08bbb599c90664c2178eb9,0.6315981547037762,0.30397787704743684,,0.23550221099178764,0.29597957881301895,0.3828887679187088,0.421351863550222,,,0.6416736807676343
753,classic-sweep-754,run_fe295388b69b2735cc81fcb81f74c99c,0.5951317491985505,0.34745798766219954,,0.3966519267214159,0.40059889057974624,0.5837234621665767,0.32336632273461485,,,0.7783176280262226
754,vague-sweep-755,run_e82806e8b8596e4c5abf315c45aaa3ec,0.37450998170035243,0.4888747075090407,,0.791535060012635,0.32386235334544183,0.3666303756124118,0.3490840176879323,,,0.6009694731359444
755,misty-sweep-756,run_9a4dd2c73f291b9e040ab592260cf7ac,0.6273438022250223,0.35732822803658826,,0.37801642451042405,0.39447253448529934,0.634168027581202,0.15816663157156108,,,0.763409687528382
756,fallen-sweep-757,run_9f1f477ceee447547d24fea0272daff8,0.822438887187413,0.1866836843224847,,0.4765003158559701,0.23318442884492585,0.5189439303211767,0.6331578577946231,,,0.8512148104679574
757,mild-sweep-758,run_d5c5ce239f235d85f1206ec2734e517a,0.6042484215327674,0.3961284833014254,,0.5408717624763111,0.42078444848068236,0.6836327345309391,0.20988278234014404,,,0.8297373380343215
758,glowing-sweep-759,run_b21417f27e59277248a9f1d4e2db251c,0.48269354729425357,0.43335460540310566,,0.28433354390397964,0.4893917824358155,0.6745236799129026,0.4827823401417863,,,0.9631019153919942
759,glowing-sweep-760,run_357ac12cbf0bfd5bec39ed916722fa4b,0.4711458569481261,0.45496702829185315,,0.48332280480101086,0.3114918266162694,0.40012701868989353,0.15013687092019384,,,0.5288382258726286
760,pretty-sweep-761,run_0891b84828cd77dc44622ab3db2a5f8e,0.5112589313870386,0.40408423739629884,,0.5054958938723948,0.29554759216533344,0.21678461259299567,0.20168456517161581,,,0.41835464778138326
761,rich-sweep-762,run_d4a206862f432428fa3de69a793c8b9b,0.4273863974071686,0.5072537757923847,,0.7593177511054963,0.27367335918707997,0.44530938123752595,0.22173089071383578,,,0.5677694430344413
762,azure-sweep-763,run_b3786931d327b557ab7ad734e7726f31,0.03294130734034956,0.7561795362688793,,,0.32806440528201825,0.24022863364180802,0.11324489366182529,,,0.42209057840104947
763,treasured-sweep-764,run_93286146d1aff31b4bd237086bdfa397,0.11012847082955507,0.9049563922569669,,,0.4598988758529282,0.6076029758664495,0.14042254509721422,,,0.774859241065196
764,deep-sweep-765,run_5548e619b4ac5636d07a674d5a72bc0c,0.5337466285342264,0.3860455222293132,0.7574850299401228,0.26601389766266587,0.32358745275145945,0.08363273453093845,0.0676493296834434,0.9284067916254559,0.8908300115995056,0.34099810215002613
765,stellar-sweep-766,run_9dbcf1759449753ec32e0012c81abe5d,0.44440380732218443,0.5418421612422893,,0.6716361339229316,0.42757842030337373,0.4915804754128115,0.20628904330736425,,,0.6833958140820603
766,ruby-sweep-767,run_cce7f9ae224c3231b1d855350deefce9,0.6546935353960311,0.3446075303126994,,0.7486418193303847,0.3813165774876041,0.6362003266194897,0.6176598582157692,,,0.9652237503857484
767,devout-sweep-768,run_be94de11425c7650fe880c6c28c90db6,0.5045735608963741,0.39174643692831324,,0.29772583701832006,0.41870305826910825,0.5756668481219384,0.2932126061627047,,,0.7698559627899731
768,brisk-sweep-769,run_fd3784a07b16e7a1bd4d14e31d3b2e38,0.6346371400923958,0.4023399276749627,,0.6164245104232475,0.5102449560649945,0.809598983850481,0.5630237944830486,,,1.110313569671014
769,comic-sweep-770,run_18369267e5c710c321a6bf4f2afa67cb,0.2286443596794493,0.5828121676239101,,0.7959570435881238,0.3294389082519253,0.25391036109599013,0.08550572050256272,,,0.4246312447062497
770,playful-sweep-771,run_638c83888dbd2996d943c716f44ca399,0.40611406735011524,0.4570516911295473,,0.4238787113076443,0.41772127043345986,0.39047359825802985,0.04513230855618845,,,0.5735831378141516
771,unique-sweep-772,run_9542520e6125e22d5b88c3adf20426c1,0.34594459760756735,0.62484577749415,,0.48673404927353237,0.5732364636002171,0.6761567773543821,0.24699936828806066,,,0.9202155827293121
772,iconic-sweep-773,run_e273c7e32e9be0e2b2ec1169cd288416,0.20858796437581392,0.5340991278451395,,0.004864181933038615,0.5999803642432866,0.6840319361277448,0.12722678458622938,,,0.9187288946344992
773,vocal-sweep-774,run_b70580fed9b03b461f67de0a3f336057,0.41583870706104115,0.5132524994681981,,0.7507264687302592,0.3306563251681318,0.5151333696243879,0.137614936477856,,,0.6274024741870835
774,playful-sweep-775,run_e71b10a46a60a00bfe024a995f822266,0.8145378657749723,0.21863433312061292,,0.501895135818068,0.2586716410583666,0.6156232988568325,0.7532112023583933,,,1.0065933535153975
775,silvery-sweep-776,run_a63cb42b89d1d41f0c12d56392166b37,0.20433332806541818,0.5806424165071263,,0.10259001895135902,0.7518040351480042,0.8816730176011619,0.7065487471046559,,,1.357117441220884
776,clean-sweep-777,run_7c76a9c744c0d79c2259e39f802256c4,0.27361947014218296,0.594852159115082,,0.3778269109286171,0.4147759069265115,0.29045545273090195,0.3641327998876951,,,0.623695533847947
777,driven-sweep-778,run_72b0f7e20f4f4d9d2f06a0729e1db1a6,0.6224814823695594,0.3402254839395874,,0.7080227416298175,0.23440184576113085,0.3203592814371266,0.30623991015652424,,,0.5013553401249587
778,fresh-sweep-779,run_90ad5f39ad9b651135698606fae93aa2,0.358707938875471,0.5469900021272072,,0.6469361970941246,0.37145942761769213,0.2714752313554709,0.3118551273952402,,,0.5558187906937578
779,skilled-sweep-780,run_7826f5c88cfb1a1017ffd258228ba2f2,0.0560366880326045,0.8467985534992553,,,0.658966177409062,0.8807657412447831,0.8835965466414012,,,1.4109314551586811
780,solar-sweep-781,run_20fecfdf5be9433f76e7e742228e57df,0.43407176789783314,0.4348011061476281,,0.38742893240682263,0.3381964557459131,0.38423153692614836,0.16726328349828087,,,0.5385050813635408
781,pious-sweep-782,run_652ae475f44de2a6f62693deea976fa8,0.36174664043244875,0.4604977664326739,,,0.538009916057141,0.7170930865541653,0.3930511686670847,,,0.9788597375263488
782,toasty-sweep-783,run_34d5c51a9e4ce284ea2fc97437ebd7b0,0.2796974409194221,0.5023611997447355,,0.5186355022109919,0.30520838446811704,0.2547813463981137,0.23649891205166118,,,0.4625985601184821
783,proud-sweep-784,run_8a0775ba394abe2fd57154bbad8e4b5c,0.5665663651057654,0.344564986173155,,0.4784586228679728,0.2753227627509701,0.3154236980584299,0.20061767389625954,,,0.46426520876028227
784,fancy-sweep-785,run_438eb6bc44b1c97292f8a90eea2608e5,,,,0.4059380922299439,0.14776888714348832,0.48258029395753993,,,,
785,fearless-sweep-786,run_97ae6d4fdc192330a5440edb26cdb965,,,,,,,,,,
786,northern-sweep-787,run_a9abe9f4f14f8a652feead4cf6bc7f69,0.24140770094735295,0.6550095724313978,,0.679785217940619,0.40126650630798827,0.3293231718381418,0.1811328700779131,,,0.549797851229718
787,hearty-sweep-788,run_8127741497e0ceaabf89808ddfec7451,0.49849587395077677,0.44296958094022565,,0.3903348073278591,0.5615728241127091,0.7191616766467069,0.30489225801923114,,,0.9620378594105805
788,sunny-sweep-789,run_8316b30a4a5c7c5750410458d7b93083,0.14477154186793748,0.6679004467134655,0.4119941934313227,0.5643714466203421,0.35449413381768385,0.0210669569951006,0.04299852600547537,1.1043867351523238,0.9666154105441888,0.3577132662158714
789,fearless-sweep-790,run_edc1c89140efcef1be78d7bc6a72df8c,0.38727332296825606,0.4936821952776007,,0.29753632343651365,0.5980167885719887,0.516839049174379,0.4682389274935072,,,0.9186916650246156
790,hopeful-sweep-791,run_582aa34e71ebc01c0255565b4151f2ca,0.5574496927715485,0.37566475218038725,,0.3967782691092865,0.4834225123950715,0.6752495009980052,0.3262300835263589,,,0.8922361130810796
791,crisp-sweep-792,run_253f478e69e256f5b3cb9031baf0e9d3,0.8114991642179945,0.21578387577111263,,0.39564118761844635,0.19784006676157384,0.2798947559426595,0.5622376640696305,,,0.6584777576493375
792,ruby-sweep-793,run_ee23cb40080d0fdd2cda11e06583f257,0.16847488993690138,0.9116358221654969,,,0.6678415394433258,0.741952458718926,0.6261949884186153,,,1.1783997353723739
793,colorful-sweep-794,run_06bbf46f8281d915c72701248e6879f2,0.4893792016165599,0.479047011274197,,0.4969046114971577,0.4740758921996959,0.706350934494648,0.18000982663016604,,,0.8695304088471102
794,summer-sweep-795,run_19ef41757377400e1aad183a6a1a05ab,0.5781140554518929,0.37736651776217844,,0.5544535691724579,0.4432870256737522,0.7611141353656329,0.3324629746613322,,,0.9414508716362837
795,vital-sweep-796,run_6a9fd03f77c404267bdcba644eaa9405,0.47600817680358903,0.45449904275686037,,0.17706885660139007,0.6099946001669023,0.7740700417347126,0.33611286586649697,,,1.0412731151551684
796,trim-sweep-797,run_814720730cb112c8d4c5745745b0b935,0.18731563431876058,0.6844926611359287,,,0.4190565018899421,0.22796225730357525,,,,
797,northern-sweep-798,run_43e7c14a1f66fc8f33b0bb1f91ca9cd9,0.38484202112470367,0.500701978302489,,0.6498420720151616,0.4523587452751464,0.47303574668844234,0.35020706113567845,,,0.7423181512945011
798,fresh-sweep-799,run_35c5af3b157154fd085e1db555a3d2de,,,,,,,,,,
799,fiery-sweep-800,run_9128afcb7106b7f39470cd784ef75ca6,0.5872307277861097,0.3668155711550734,,0.4065698041693001,0.4908055569191504,0.5422790782072221,0.5227626868814504,,,0.8990203113164381
800,decent-sweep-801,run_5258e81531c2853d9d3e8da00e75d056,0.606679439544678,0.4330567964262925,,0.5698673404927358,0.5465318344705699,0.7672110324804947,0.5758264897873269,,,1.1040316846858824
801,polished-sweep-802,run_0594095bb0265f3f97d3459e5f97c912,0.6139727774120515,0.3302701552861095,,0.30890713834491496,0.41834961464827425,0.6216476138631837,0.43915210219695444,,,0.8685140901344973
802,curious-sweep-803,run_b975a0e18321f6789dfb47ade58867e5,0.6875132719675702,0.18306743246117863,,,0.26660448677041,0.5506623117401569,0.4787955359022947,,,0.7768861558407982
803,youthful-sweep-804,run_8b384bd7b185f0e1b3de90c2a5721adf,0.4711458569481261,0.4510955115932782,,0.3384080859128236,0.5234401845761152,0.5546906187624755,0.4053484944198816,,,0.8637005912355509
804,spring-sweep-805,run_0531f267f30e5c5409360ddb9a348846,,,,,,,,,,
805,fine-sweep-806,run_c523057e9909ffd12676ba98c73f976e,,,,,,,,,,
806,youthful-sweep-807,run_0b330b6ff745f9a626272feeae784254,0.49302587055024666,0.4039140608381196,,0.34207201516108626,0.36953512345982165,0.3595536200326623,0.19258791324489183,,,0.5503863347477658
807,genial-sweep-808,run_49b4e00a1a947bee5e4e2351ed1db310,,,,,,,,,,
808,super-sweep-809,run_76ec4ca49d52f8f2567e560abec2ce5c,0.3763333161671958,0.48066368857689856,,0.4740998104864187,0.5059643611015656,0.4968426782798045,0.3107882361198865,,,0.7742363394827674
809,polished-sweep-810,run_2045523b9cd771652dd171b58af6ce6c,0.3751176652454196,0.38961922995107445,,0.13392293114339873,0.44242305237838075,0.5250408274360373,0.3035446058819409,,,0.7506965801910549
810,peachy-sweep-811,run_b9f96adc556e6f73ffaf185b6f656cd4,0.7136476380484447,0.29342693044033197,,0.4526847757422615,0.24516224043984183,0.5073307929595364,0.6593247701270448,,,0.8672936124090361
811,divine-sweep-812,run_ab70ba3846bf517f40c1f53270130ca3,0.26693409965151843,0.6023399276749627,,0.6729627289955787,0.37094889794315367,0.21729268735256854,0.07792517723029556,,,0.43691135268898
812,elated-sweep-813,run_d6f18e2eda24027b85257f4c67247cbc,0.3842343375796365,0.528100404169326,,0.4402400505369559,0.4452898728584757,0.3509526401741976,0.3158980838071203,,,0.6490319143682903
813,hardy-sweep-814,run_b10b110307900d13b6ad55f85b95f581,0.44136510576520666,0.4114443735375454,,0.41806696146557254,0.44387609837514114,0.6102885138813289,0.5916052502281175,,,0.9588925033504498
814,eager-sweep-815,run_585c577b5b431e5eeae45483a99c8398,0.2912451312655496,0.6079557540948735,,0.6024005053695515,0.365922144224634,0.43652694610778536,0.15271987085000266,,,0.5897271820635239
815,deep-sweep-816,run_7f39cadc3264cd186c241d3789ffd1fa,0.4182697250729517,0.4805786002978091,,0.20909665192672128,0.4274998772765217,0.4840682271820003,0.10510282866568448,,,0.6543124622319936
816,peach-sweep-817,run_98cd2ed8816214117c0f49a2bb700326,0.7136476380484447,0.2582854711763457,,0.3759949463044855,0.35331598841490347,0.5429323171838151,0.2938302800589605,,,0.7112973514583856
817,youthful-sweep-818,run_603103ad6f2eb46d84ff3ac42def9efe,0.6322058382488435,0.3399702191023187,,0.697852179406191,0.40052034755289306,0.5503719833061161,0.5084438829227229,,,0.849612294457733
818,celestial-sweep-819,run_a56c7b105ea934057f63c7a8d4fcfda4,0.4565594650450209,0.3720059561795366,,0.3744788376500319,0.3482499631829556,0.4244420250408278,0.4003509510774216,,,0.6794924234355263
819,cerulean-sweep-820,run_a2ad027d93fcb108492da879e0ba0824,0.4249550955636162,0.5597957881301854,,0.6527479469361975,0.5291345540228752,0.6775721284703323,0.22571769495332203,,,0.8888396049658479
820,jolly-sweep-821,run_0a2d61639560dec4f341d4b55c06602b,0.5847997097741992,0.35481812380344613,,0.2293114339861025,0.35060625398851514,0.6221193975684999,0.33442830069488627,,,0.7885426928661007
821,fiery-sweep-822,run_72aae4e2b79cd835fdf630ae1c57aad4,0.28820614587693,0.6031482663263135,,0.8205306380290586,0.4225123950714253,0.27408818726184075,0.4521794061907778,,,0.6768362237414
822,lyric-sweep-823,run_9f4841c3a1f61952da4a85c52e86030e,,,,,,,,,,
823,glorious-sweep-824,run_2974e6235466933e7280d3d2d8ba01f2,0.3003615197681247,0.44309721335885993,,,0.4997987334936919,0.48131010705861116,0.1854565873517227,,,0.7182286118993154
824,sweet-sweep-825,run_02be492f7298c16b0bd35d37849e5c57,0.4863402162279403,0.4345458413103596,0.8385955362003304,0.39222994314592596,0.28463011143291883,0.1046452549446563,0.14542008843967083,1.058741316422541,1.0227007821623606,0.33632117363994435
825,lemon-sweep-826,run_3ee10ef9ccd26fb0b0ffd261edd218e7,0.611541475568499,0.3507764305466923,,0.5365761212886934,0.39470816356585303,0.5983850480856473,0.5615076858285978,,,0.9105767850118834
826,likely-sweep-827,run_0529f6b7c2d03ec017988c986534687a,0.522806621733166,0.43982131461391205,,0.46127605811749917,0.5360463403858441,0.7271094175285796,0.36789499543763515,,,0.9753873649826842
827,sweepy-sweep-828,run_6d452592702cb3554b7a236a3ae23826,0.38970434098016665,0.48674750053180194,,,0.5093809827696231,0.655652331700237,0.1993261739313569,,,0.853861750686502
828,true-sweep-829,run_b6a5588f6b2dc5ebf3ddf5f695102f41,0.3477679320744107,0.5266113592852584,,0.43082754264055567,0.637681017132199,0.7219560878243522,0.8931985681196033,,,1.3136443028644813
829,fragrant-sweep-830,run_6eec3968a1963241e9b52b34e22bc569,0.5963474001203266,0.4006807062327165,,0.27176247631080236,0.5204948210691666,0.746234803121031,0.30477995367446026,,,0.9595165763605722
830,hopeful-sweep-831,run_08066a004905f968b27d997d1fd14a9a,0.6030327706109911,0.3570729631993197,,0.3304485154769427,0.49838495901035784,0.72144801306478,0.4702604056994427,,,0.9949973126051546
831,zesty-sweep-832,run_0cdb88134b7b99ec2bacd10368a9727f,0.46810715539114833,0.5046585832801533,,0.5054958938723948,0.41241961612095673,0.5789330430049002,0.21723871692286206,,,0.7432671580088565
832,rosy-sweep-833,run_fb1ce88257d0f201624f4de976430454,0.4267784300304596,0.5015103169538397,,0.4077700568540744,0.4996809189534135,0.645381963346035,0.18017828314732914,,,0.8358607019691916
833,dry-sweep-834,run_72023b1c627fc33995b4613dd27088d0,0.18549258368355898,0.5606041267815361,,,0.7146139119336304,0.7412992197423339,0.18461430476591842,,,1.0460783994729472
834,true-sweep-835,run_2eb0c40e702a6893a118bdb78d7df448,0.3240648678370886,0.542820676451819,0.9184358555616056,0.7358180669614657,0.33776446909822816,0.1052259118127387,,1.3571444106432369,1.2959965027852878,
835,fast-sweep-836,run_90da8185a7c5c24df523f38087915918,0.3003615197681247,0.5474579876621998,0.6585919070949038,0.7347441566645608,0.25855382651809056,0.055144256940664604,0.03418263494068979,1.2095810344349762,1.12840707375431,0.2665697334885815
836,toasty-sweep-837,run_e1b7a7fd0a601525004c8fea52c132ef,0.3240648678370886,0.5522229312912147,,0.5612760581174987,0.5415443522654754,0.49031028851388186,0.3805292342247518,,,0.8236971303779536
837,denim-sweep-838,run_635faa67a9fb1f806da3390dd71a6e1a,0.23958436648050957,0.5662199532014467,,0.13228048010107465,0.6966275587845464,0.8947740881872625,0.6150768582859543,,,1.2900504510089454
838,unique-sweep-839,run_173b728d3444d97df89f97a686e5eb8e,0.45716714859008806,0.4497766432673902,,0.6668351231838283,0.29868931323940795,0.269007439666123,0.1880395872815345,,,0.44377831720822253
839,sage-sweep-840,run_b4599ffa002c09598ea99681f3df4307,0.4279940809522358,0.5269091682620721,,0.7883765003158563,0.29652938000098167,0.4678098348757033,0.16024426194988514,,,0.5765881877892252
840,eager-sweep-841,run_0859f90d1c6c97275c87db97d47b4c9a,0.3787643341791064,0.4385024462880238,,0.7344914718888191,0.20644052820185707,0.15802939575394706,0.07798132940268247,,,0.27142599238471804
841,noble-sweep-842,run_528b4ce6d0fd62691b2a35c63bf8767f,0.6613789058866957,0.2736013614124657,,0.24737839545167456,0.403112267439007,0.42244601705679613,0.2314452165368196,,,0.6281138636781899
842,skilled-sweep-843,run_73fe01a76f29e149d143d98a7ae75dad,,,,,,,,,,
843,young-sweep-844,run_f488577979901624ddc3ae88f9365622,0.508827913375128,0.4273133375877475,,0.455211623499684,0.48640714741544355,0.5914171656686621,0.44617112374535317,,,0.8862476226024948
844,valiant-sweep-845,run_b655009d0f909ee95cc720a00558d024,0.2900294803437734,0.6497340991278454,,,0.2983751411320026,0.35142442387951434,0.16518565311995695,,,0.4897072089945764
845,devoted-sweep-846,run_b07aa951318fa37ebf257633e3741187,0.44440380732218443,0.4653903424803232,,0.6253316487681627,0.39635756712974296,0.6026311014334974,0.3390327788306311,,,0.7969986138994086
846,jumping-sweep-847,run_7d793d6c4e35d6ecba36c96346ad0c62,0.24323103541419633,0.6914273558817273,,0.9283006948831343,0.347935791075548,0.34344039194338666,0.22072015161086517,,,0.5364028363615518
847,grateful-sweep-848,run_9f030f30a5a1bdadafc54e147efc8eab,0.705746616636004,0.3035949797915338,,0.7045483259633607,0.37047763978204407,0.5499001996007991,0.5195620130553822,,,0.8423708188853848
848,twilight-sweep-849,run_c77a3e6fbfc3b9b4252d42ea211102ae,0.43103278250921356,0.44573495001063596,,0.3084649399873663,0.42651808944087094,0.3949011068771551,0.31679651856530977,,,0.6619853465207471
849,bright-sweep-850,run_7761c7ee6f098eafa20c4286d0a78411,0.5987784181322372,0.3500957243139761,,0.6130764371446624,0.30116341858524426,0.35490836508800605,0.22240471678248228,,,0.5158713118118593
850,woven-sweep-851,run_7ebbfc4ca0e63c58556294424042d420,0.6109337920234319,0.3375452031482666,,0.6051168667087815,0.275597663344951,0.2561604064598086,0.2046606303081374,,,0.4283202067110252
851,dandy-sweep-852,run_997634d92a65a0ae7f21de8ae89c6186,,,,0.47182564750473843,,0.44897477771729327,,,,
852,firm-sweep-853,run_8515617548c6f7efa3018700576ad349,0.6832589194888162,0.3314613911933634,,0.5338597599494639,0.25875018408521927,0.456378152785339,0.17933600056152288,,,0.5544313097231213
853,noble-sweep-854,run_4aaf5f6b0fbe78924ac2a666bb3d4c0e,0.7075699511028474,0.3013401403956606,,0.3506001263423881,0.2647979971528159,0.4328615496280171,0.1782129571137793,,,0.5378168447768708
854,graceful-sweep-855,run_e96ccd3875aaf16cbba675a4ce3b90d3,0.3447289466857912,0.568644969155499,,0.41212886923562964,0.5318050169358406,0.6235710397387049,0.25008773776935556,,,0.8568554686885841
855,glad-sweep-856,run_69aa72b0bad4cd4071c6e1e3ad32747b,0.4115840707506454,0.5380557328228041,,0.33929248262792205,0.5733935496539186,0.7729813101070592,0.21819330385344068,,,0.9868579362836509
856,skilled-sweep-857,run_0e90890e7414989f4fd047466d8ec096,0.3556689534868514,0.4788342905764731,,,0.7900152177114516,0.9387588459444753,0.9480592405418711,,,1.550551043542748
857,prime-sweep-858,run_2cd8f16ac475df26ce186cdba167a754,0.630990471158709,0.34647947245266986,,0.2550852811118138,0.43700358352559937,0.7056251134095447,0.2033129781708433,,,0.8545262428861656
858,chocolate-sweep-859,run_973b447f87231d7805c583b855424fc6,,,,,,,,,,
859,restful-sweep-860,run_c7b68d1dc6590a601f2e3a29d378664b,0.2298600106012255,0.6916400765794516,,,0.38544008639733063,0.45249500998004066,0.187871130764372,,,0.6233870034204295
860,cool-sweep-861,run_350f5a3f1f7f1ace25eb465e4bd9c3bd,0.42981741541907914,0.44662837694107654,,0.4038534428300701,0.3660792302783359,0.3114679731446211,0.19449708710605673,,,0.5185126980400174
861,efficient-sweep-862,run_245ae6bd28c2602f9821764610921e46,0.9944388752891906,0.0912571793235482,,0.541250789639925,0.22984635020372016,0.6518417710034484,0.7711798975222848,,,1.0355894328687238
862,revived-sweep-863,run_7dd861a435e2d88bdb2834ce908e15af,0.40064434778122693,0.5576260370134014,,0.5740998104864188,0.5331009768788962,0.7029758664489206,0.1954516740366398,,,0.9036443311627474
863,young-sweep-864,run_f2c2188d6472a3ca5fd31bcc371fec49,0.4535204796564013,0.4827908955541375,,0.31282375236891985,0.5888272544303185,0.7669207040464526,0.3581245174422696,,,1.031085870259268
864,twilight-sweep-865,run_e9c746fe4327274582e4fa2311888d55,0.5823684079306468,0.3558391831525206,,0.5697409981048647,0.3457365863236958,0.39090909090909154,0.20106689127535488,,,0.5592598673651366
865,rare-sweep-866,run_a36ec9c8141e89e4938aa1300e26b691,0.3234569004603796,0.5570729631993193,,0.5914718888186994,0.31133474056256377,0.4748865904554534,0.16400645749982642,,,0.5910538998917162
866,faithful-sweep-867,run_b422d4c57b99d95106925b5359be5ede,,,,,,,,,,
867,fragrant-sweep-868,run_1a64d81a0cff3489cd5edd577ec59309,0.2547787257603238,0.5784726653903427,,0.392040429564119,0.4274606057630935,0.3968971148611873,0.20202147820593686,,,0.6173026542312913
868,cosmic-sweep-869,run_3c7fa8e54fd65cd148558543c1477621,0.45716714859008806,0.5000212720697726,,0.600379027163614,0.4622551666584844,0.6635637815278536,0.24368639011721915,,,0.8446181314572697
869,rural-sweep-870,run_3ad4a1e4bbd7df89da0cfb0754678dd6,0.5221989381880989,0.42684535205275487,,0.56538218572331,0.373501546315842,0.6219379422972248,0.21841791254299292,,,0.7576388279971332
870,youthful-sweep-871,run_8053ccb8fb722a8447a74b5c54f7a3e5,0.37997998510088254,0.5158476919804297,,0.4008843967150978,0.44552550193903045,0.6588459444746881,0.15137221871271153,,,0.8096199725962656
871,chocolate-sweep-872,run_639e0a2b319c1d19396f515648d3576a,,,,,,,,,,
872,restful-sweep-873,run_c677fdb589fbe0d8f4c7d50e51bbc2f6,0.2803051244644893,0.5660072325037229,,0.7020214782059376,0.3279858622551673,0.1518962075848309,0.2993331929529,,,0.4693053847137253
873,likely-sweep-874,run_1ce34173a70aa4eb54c5c457b459571d,0.5726440520513627,0.35273346096575214,,0.3800379027163615,0.17360954297776218,0.31683904917437866,0.04333543903980047,,,0.3638752763948714
874,ruby-sweep-875,run_d6a5378c029ed44af4425b9e0fe460c6,0.5252379235767185,0.40399914911720924,,0.33126974099810585,0.5279564086200981,0.6793866811830892,0.3694672562644778,,,0.9363814849854762
875,grateful-sweep-876,run_2e03a99128f3e9c3ceaae462fd73785f,0.3161638464246479,0.5905126568815147,,0.7175615919140872,0.3209169898384956,0.4443295227726374,0.15631360988278667,,,0.5699564753636446
876,apricot-sweep-877,run_635d67e7ded8c517471478aba79799bc,0.3836266540345693,0.5614124654328867,,0.5265950726468739,0.5582740169849308,0.6901288332426061,0.20050536955148804,,,0.9100275203158806
877,logical-sweep-878,run_5e0014cbfe2d8fc1526c393ec94399c7,0.7774637767246794,0.23135503084450135,,0.2310802274162988,0.3580678415394412,0.6458537470513527,0.29310030181792757,,,0.7945108109086667
878,peach-sweep-879,run_ac877b0cb658b24fc26bd758a3cdfae2,0.19521693956284308,0.6365454158689643,,0.5959570435881241,0.500544892248786,0.36971511522409806,0.0596195690320758,,,0.6251311451152368
879,still-sweep-880,run_31778b173eedef8ce2a3fb06c7e1f643,0.630382503782,0.3586045522229314,,0.575868603916614,0.45385106278533144,0.7467428778806026,0.40574155962658864,,,0.9634479363541115
880,fallen-sweep-881,run_5592961cf55e3fe5552d64d36c21174c,0.9743824799855553,0.09593703467347392,,0.5243840808591284,0.27846448382504496,0.6452730901832698,0.815820874570088,,,1.076793169114161
881,faithful-sweep-882,run_d535bdd0610f26879cc8ae6c82411048,0.06879988738468724,0.7178472665390344,,0.6326595072646874,0.4246330567964271,0.2543458537470514,0.1423317189583764,,,0.5150372457058231
882,balmy-sweep-883,run_c6d593a5efa69bcf3b1c2c22274d1146,0.5610963617052352,0.4192724952137844,,0.5435881238155411,0.5647538167002092,0.8450190528034852,0.7210360075805405,,,1.2461528787857603
883,dandy-sweep-884,run_92fc9178e1fdb63d10607b6223ebf3b4,,,,,,,,,,
884,legendary-sweep-885,run_50b4fbc1e3d1f72130de171a5ad61e13,0.4790468783605668,0.417996171027441,,0.46847757422615277,0.34986009523342004,0.4463618218109235,0.3840106689127538,,,0.6849125170749363
885,vital-sweep-886,run_1726934c28d534c3ccd402283a91e14c,0.34412126314072394,0.5357583492873857,,0.28496525584333526,0.4580923862353353,0.49401197604790487,0.40675229872955776,,,0.7869840527782751
886,faithful-sweep-887,run_26ab8c423279e1f21c7604962d8e4c67,0.5082202298300609,0.4296958094022548,,0.3955148452305747,0.42640027490059335,0.5611141353656336,0.5252895346388731,,,0.8789740397438072
887,atomic-sweep-888,run_56c24edc071495ffb03dfdb683e80c31,,,,0.5324068224889457,,0.5635456360007257,,,,
888,sweepy-sweep-889,run_85594b5b48e1a3a5d36b91c5c2c25760,0.5161212512425015,0.42020846628376946,,0.5770056854074547,0.3459329438908256,0.34409363091997874,0.25081771601038777,,,0.5486160361977538
889,copper-sweep-890,run_d8c27497c92ddb8ada5d6ca708734e91,0.40307536579313746,0.5238459902148481,,0.6581174984207206,0.30540474203524615,0.4323171838141902,0.17422615287429205,,,0.557247661479188
890,lunar-sweep-891,run_d59b8c6a50112fcd479d024427be5256,0.6091104575565885,0.3521378430121251,,0.526531901452938,0.42196259388346186,0.6992378878606429,0.3036569102267169,,,0.8713171486807251
891,classic-sweep-892,run_73533b470b36923d2c079a6eb6771038,0.34655228115263453,0.5899170389278882,,0.7488313329121922,0.28604388591625307,0.3183269823988392,0.11751245876324937,,,0.4438044055186989
892,noble-sweep-893,run_81c15b964066cb8e4b715c9568130005,0.9427781105041506,0.10431823016379516,,0.41345546430827673,0.11678366305041453,0.2934676102340781,0.7894293535481148,,,0.8502707606729565
893,rosy-sweep-894,run_39b7f8b11646caf3a6f81893f42a4990,0.25052408944992804,0.63071686875133,,0.9964624131396085,0.4965784693927641,0.36369080021774697,0.20207763037832538,,,0.6478399054757314
894,dainty-sweep-895,run_ed815420a34d25d9b91a1ab6e96ab794,0.31981051535833466,0.5003190810465862,,0.1915982312065701,0.6337538657896029,0.8120304844855747,0.3874921036007558,,,1.1005396860132224
895,snowy-sweep-896,run_982626340c23d8dfd8ba8b4575ad79a4,0.3732943307785762,0.5369921293341842,,0.2940619077700574,0.43833881498208316,0.569315913627292,0.23262441215694332,,,0.755232178446164
896,spring-sweep-897,run_7a4618d116136ba4495b1820e7939a79,0.43954177129836325,0.40314826632631384,,,0.6372097589710876,0.6627653783342415,0.21780023864673312,,,0.9448445203318351
897,feasible-sweep-898,run_bc867419ac418ea0b0465bbb057607d7,0.5355699630010697,0.45930653052542036,,0.6585596967782693,0.5790093760738301,0.7767192886953387,0.522706534709062,,,1.1008028126964224
898,confused-sweep-899,run_9836645ca072bfd87f14735e40e55b99,0.21223434947785888,0.6212720697723888,,0.34958938723941907,0.48322615482793985,0.5530212302667401,0.2892819540955987,,,0.7893187232043232
899,atomic-sweep-900,run_c50915bd877ac48b8cd7de99311e615b,0.218312320255098,0.6106785790257395,,0.0706885660138984,0.8232781895832317,0.8513699872981318,0.5908752719870843,,,1.3235374644343376
900,faithful-sweep-901,run_f885e29a8d93062b116f88dc2dc0d093,,,,,,,,,,
901,major-sweep-902,run_9b166c05d90ecee143bfe2682a675979,0.5003192084176201,0.4283769410763668,,0.3834491471888819,0.540012763241862,0.7355289421157695,0.3357198006597855,,,0.9722779405648884
902,azure-sweep-903,run_8ad41f44e93c98586eadb13fa32c8e2e,0.6528702009291878,0.32065517974898966,,0.38951358180669704,0.4031908104658581,0.5037379785882775,0.26137432441917763,,,0.6961546654170329
903,glamorous-sweep-904,run_cd4dac7d3363543ae3b967a1197a2413,0.3708633127666657,0.5477557966390131,,0.7273531269741008,0.40648961759363755,0.37446924333151915,0.2345335860181122,,,0.6003890625113164
904,misunderstood-sweep-905,run_5a6d55a39ab4be754d1622cc322a786a,0.5124745823088148,0.44075728568389705,,0.2224889450410617,0.4753325806293247,0.6441480675013617,0.21111813013266134,,,0.8279122296138545
905,smooth-sweep-906,run_4d63b4be639e62ab7ef9fb363b731905,0.19278563771929072,0.6981918740693474,,0.7568540745420096,0.6864169652938007,0.6007076755579753,0.8938162420158643,,,1.2770769108431876
906,resilient-sweep-907,run_11bb87252509c4320cea244f49be6302,0.3088705085572744,0.5837481386938952,,0.47984838913455463,0.4576996711010741,0.50127018689893,0.17697760932126225,,,0.7014854691301802
907,fallen-sweep-908,run_8a741aa66785779baf5f44f34556ae12,0.27605077198573535,0.5940012763241861,,0.4327226784586231,0.5719405036571598,0.645490836508802,0.3982171685267064,,,0.9499217194326414
908,clear-sweep-909,run_a84f73687f7ee7565c409a8b355047a1,0.5598809946151009,0.3668581152946182,,0.3125710675931776,0.47867065927053304,0.49466521502449695,0.3970941250789641,,,0.794671642361766
909,atomic-sweep-910,run_0c295fa5fde9f969961aa73be50077c8,0.5939160982767743,0.38204637311210377,,0.0737839545167407,0.519787933827499,0.7399201596806396,0.2533445637678109,,,0.9390659225236458
910,neat-sweep-911,run_643cfb6cf7b0d428adb970f9ebf7d27e,0.5586653436933247,0.4776430546692195,,0.5097283638660772,0.6784055765549083,0.9317909635274907,0.879665894574298,,,1.449924347022798
911,volcanic-sweep-912,run_5221e42710a461236f58111ff9df88a6,0.3234569004603796,0.6085939161880454,,0.9499052432090973,0.2685680624417063,0.4223371438940318,0.161086544535694,,,0.5257816486971664
912,swept-sweep-913,run_4242bd3b486fa82947607e77cb0f6194,0.44197278931027384,0.5198893852371838,,0.780037902716362,0.2953119630847772,0.3038831428053002,0.10347441566645492,,,0.4361892647919313
913,solar-sweep-914,run_8b62fc3d446b279e6295c867e82825a1,,,,0.5592545799115607,,0.4384866630375613,,,,
914,flowing-sweep-915,run_31d9aa4c3bc516ef218647bbf2ce7039,,,,,,,,,,
915,sweepy-sweep-916,run_9b1b1ebc6c74c82543dc06b5f095cd4c,0.269973085040138,0.6605828547117641,,,0.25717932354818196,0.3806750136091459,0.14957534919632243,,,0.4831433074505179
916,light-sweep-917,run_214479be705391a9e2d4ec440c61a343,0.5799373899187362,0.3795788130185068,,0.5102969046114976,0.47831721564969676,0.5082743603701694,0.5394398820804389,,,0.8821142616325514
917,genial-sweep-918,run_a0a1dd9e9c9248dfdfb9858915e1629a,0.57872173899696,0.4140395660497768,,0.1913455464308284,0.48224436699229195,0.634494647069498,0.21162349968414598,,,0.8245772203221533
918,celestial-sweep-919,run_5b926ec39901fa1c9f2a4ac19f5bb567,0.7379583858308341,0.276749627738779,,0.29197725837018357,0.3814343920278838,0.6471239339502821,0.29697480171264107,,,0.8077472464609414
919,driven-sweep-920,run_1d48b85d870c41fc3536398b68c1f8b9,0.4972802230290006,0.40697723888534376,0.9554527309018348,0.4343019583070119,0.3019095773403378,0.119306840863727,0.11779321962518581,1.163716153593672,1.1256725034164323,0.34533861318475717
920,peach-sweep-921,run_c1ca5ddb09ba3d56aa093ef00c7d9d07,0.9512870992933004,0.09155498830036155,,0.36595072646873067,0.22760787393844223,0.667628379604427,0.9030813504597474,,,1.1459009220173495
921,worldly-sweep-922,run_66663bdec313f29f2c86af32cefb23af,0.2772661390758697,0.5068708785364822,,0.2719519898926093,0.3822590938098276,0.45514425694066407,0.18832034814346996,,,0.6234924722490701
922,rosy-sweep-923,run_39d1374e71c228c8dd8f4fa8fcdc1f12,0.40611406735011524,0.5087002765369074,,0.668477574226153,0.5062392616955481,0.5708401379060065,0.5122622306450481,,,0.9189936050223867
923,trim-sweep-924,run_40c3fbaaeff5740a6bd4b575b7faa726,0.4182697250729517,0.45084024675600964,,0.6867340492735314,0.2194786706592708,0.2472690981673026,0.1984838913455478,,,0.38562773358059066
924,iconic-sweep-925,run_e0a960372ccfbc3511ba04ed862663e2,0.4705381734030589,0.414932992980217,,0.36323436512950064,0.33690049580285825,0.4201959716929779,0.3163473011862155,,,0.6246136515214983
925,earnest-sweep-926,run_d3928ec300a0f3fcd16915341a557780,0.7185096740722658,0.2544139544777707,,0.32173089071383504,0.24724363065141644,0.5107421520595175,0.2911349757843771,,,0.6377668327163549
926,swept-sweep-927,run_7cfa42c2645e997672c3564ee2ebd415,0.3040081887018114,0.5608168474792601,,0.7447883765003162,0.2670364734180946,0.39606242061331925,0.14418474064715625,,,0.4989620813179518
927,warm-sweep-928,run_24c7359c58cfc4ca6c477ad7b4fe44c2,0.719725324994042,0.261093384386301,,0.2532533164876822,0.25694369446762516,0.48359644347668357,0.23088369481294596,,,0.5943003136466
928,vocal-sweep-929,run_48a63f13ae42a41e9ee83af73e11e96f,0.5738597029731389,0.35235056370984896,0.7658319724188,0.4379027163613398,0.2803102449560645,0.08885864634367602,0.1314381975152669,0.9797208539811996,0.9499517454703466,0.32209578113260295
929,toasty-sweep-930,run_857a11a77bcc9730ff1ffca6b308b2b8,0.49606457210722443,0.42237821740055326,,0.5274162981680359,0.3758971086348248,0.44563600072582155,0.30921597529304506,,,0.6599277239208509
930,confused-sweep-931,run_b93556db50cff62c07b195eef1ed399d,0.35931562242053816,0.4142948308870457,,0.3899557801642457,0.4549899366746865,0.5401741970604249,0.6596055309889813,,,0.9663764598521458
931,likely-sweep-932,run_8c6a1406f28ffa2f8596aa37f2a3742c,0.668064560209002,0.33554562858966186,,0.4637397346809864,0.23856462618428279,0.4100344765015427,0.25373762897452096,,,0.5379815397799003
932,blooming-sweep-933,run_e85248a74ce32b425f947177c2957ffc,0.6334214891706196,0.3530312699425655,,0.668477574226153,0.4023661086839124,0.6899110869170754,0.3649750824735031,,,0.8781130929983192
933,good-sweep-934,run_cccda174d248647c82ca040393e2a3d7,0.21101898238772449,0.6103807700489261,,0.7900821225521167,0.3369790388297075,0.3255126111413544,0.20522215203200708,,,0.511497276930488
934,ethereal-sweep-935,run_93842027229755ea0b940ad8c579f3ff,0.6236971332913355,0.33431184854286333,,0.4816171825647515,0.42090226302096134,0.5210488114679738,0.455604688706394,,,0.8100779044756157
935,peachy-sweep-936,run_12b3900bdd7c8b55623efb8c372fb8a6,0.57872173899696,0.3672410125505214,,0.40018951358180743,0.4656717883265443,0.6253493013972063,0.3716571909875767,,,0.8637366675173586
936,super-sweep-937,run_c8eed42dac119d82c11a35b7eb8ca651,0.20433332806541818,0.5819187406934697,,,0.7383731775563288,0.8818181818181827,0.47233803607777186,,,1.243342863190022
937,stilted-sweep-938,run_fcd070cdd9620b7b6c6d142bffe828da,0.4662838209243049,0.46938949159753257,,0.2941882501579291,0.5568209709881684,0.6642533115587019,0.26457499824524466,,,0.9062460953545565
938,fine-sweep-939,run_e05ee36de4adbac0f58b9474e40c6b3f,0.3501989500863213,0.5497979153371624,,0.5463676563487059,0.6246036031613572,0.6736526946107789,0.8993191549098064,,,1.2855786854277733
939,valiant-sweep-940,run_d8eb2561fc5cc34d89a8a6419c31236a,0.5598809946151009,0.40761540097851545,,0.5845230574857869,0.49869913111776454,0.7435855561604067,0.33077840948971804,,,0.9544813559690636
940,distinctive-sweep-941,run_ba66ef8edea6850ebf25893917693cee,0.3429058960505896,0.5354179961710275,,0.5955780164245107,0.33595797948063444,0.5131010705861007,0.21723871692286267,,,0.6506405557169063
941,denim-sweep-942,run_82dc6dfb114468beea5c3558f9cbe612,0.6625945568084719,0.3578813018506703,,,0.35060625398851497,0.7497187443295236,,,,
942,fallen-sweep-943,run_fff51bb841fac4c614c873ca7fbb6bb8,0.3319658892495293,0.5792810040416934,,0.9028427037271011,0.2773256099356936,0.3594084558156417,0.21061276058117598,,,0.5004414720600325
943,legendary-sweep-944,run_fd2654ce57b9b3e0e130169004159cb6,,0.8682407998298242,,0.8192672141503479,0.5376172009228807,0.2789511885320272,0.13778339299501713,,,0.6211523836360954
944,stilted-sweep-945,run_d6bf19bd70703ab3102e217a976952a5,0.5489409878140405,0.4156562433524782,,0.7672141503474419,0.32861420646998046,0.20303030303030342,0.1422194146136049,,,0.4116247836750215
945,solar-sweep-946,run_d1229f7643027f4ae041375bea120e05,0.5513720058259511,0.37757923845990216,,0.3156032849020846,0.5135437631927736,0.7134276900743975,0.2869235628553398,,,0.9246790776267668
946,avid-sweep-947,run_5182d1dfcb75912dd725334775cac0df,,,,,,,,,,
947,swift-sweep-948,run_48ea49da3385264917e716e01a26a25d,0.2596407617841449,0.6770899808551373,,0.7783322804801015,0.3196995729222904,0.3559970967156607,0.12795676282726154,,,0.4952925226064961
948,rosy-sweep-949,run_273752f90b84ed2559ff856818d194d9,0.5683896995726088,0.3285258455647735,,0.2976626658243842,0.33474056256442974,0.27245508982035993,0.13761493647785514,,,0.45301312446415437
949,dazzling-sweep-950,run_3ce3ad85ac2bccf5442a9f3bf5b50a3b,0.5951317491985505,0.36281642203786457,,0.3386607706885664,0.5256786608413933,0.6437125748503005,0.6469712922018657,,,1.053221622650122
950,dry-sweep-951,run_2b1b483799df3ef6aca2441646e76b9b,,,,,,,,,,
951,rare-sweep-952,run_c3a80b9a4484b647e725b293cd618865,0.41523073968433216,0.4629227823867264,,0.16045483259633622,0.4602130479603368,0.5657593903102889,0.18691654383379153,,,0.7528728522107719
952,misunderstood-sweep-953,run_f0b1d420c4d59dc816c3308e9de1942c,0.5568420092264813,0.40578600297808987,,0.3093493367024636,0.42592901673948186,0.6491925240428232,0.2674387590369914,,,0.8212124879767717
953,driven-sweep-954,run_1440b6387b5f570ad5336d2d85fd0a2c,0.5142979167756582,0.34026802807913226,,,0.5674635511266,0.5739974596262041,0.43887134133501826,,,0.9187469835377666
954,clear-sweep-955,run_e9fc6e0aebe59eee8ebff5edca286108,,,,0.4884396715097923,0.13429875803838714,0.7276537833424058,,,,
955,ethereal-sweep-956,run_eac3b967c10ea366bfcb83d889253cc4,0.48877151807149266,0.4370984896830462,,0.34529374605180024,0.3381964557459126,0.47136635819270606,0.15417982733206828,,,0.6002786898358944
956,golden-sweep-957,run_e96b2600c3df4d0c9463252d879fdab0,0.5635273797171458,0.36307168687513325,,0.49545167403664003,0.30222374944774427,0.2810923607330806,0.18933108724643738,,,0.45409070744804647
957,young-sweep-958,run_c09a74d6bf0fcce2357bfbbb27aa4e6f,0.5914850802648637,0.36983620506275294,,0.22305748578648205,0.39965637425752276,0.5694247867900574,0.19017336983224462,,,0.7212043509913977
958,fallen-sweep-959,run_7d53b62c586d3d7b3cf962504dd4a404,,,,,,,,,,
959,smart-sweep-960,run_94bf4ced3d6069f0501a9009b55dd3a4,0.3599233059656054,0.514528823654542,,0.4838281743524959,0.5055716459673055,0.6524224278715307,0.4078753421773005,,,0.920662809258701
960,restful-sweep-961,run_fc7ef8111a49f8ef707fe8f7a7e6b8a9,0.2207433382670086,0.5794511805998724,,0.346746683512319,0.40244465171076527,0.24973688985665113,0.007734961746335392,,,0.4736982599494002
961,resilient-sweep-962,run_3345ddca41242fcf9e41734e17079d6f,0.851612238656907,0.19238459902148491,,0.7359444093493379,0.23750429532178122,0.5542551261114136,0.7569172457359454,,,0.9677451896080725
962,whole-sweep-963,run_608b8856f8f7082ad2aceead11398ca1,0.5914850802648637,0.3884279940438205,,0.48982943777637467,0.5177458151293503,0.6434585374705138,0.7869586579630822,,,1.1407907555159724
963,swift-sweep-964,run_42dbe24385d038bce3b13e4c02488855,0.17333692596072253,0.7972771750691342,,,0.3538265180894409,0.35882779894755945,0.3170211272548585,,,0.5953595462632549
964,gallant-sweep-965,run_2a953618babb63f38e99be045ea75e9d,0.442580472855341,0.45118059987236764,,0.433417561591914,0.3373717539639692,0.2759390310288519,0.2903488453709547,,,0.5237026839974311
965,drawn-sweep-966,run_8a625c8be055e7e157aff3fdc5de4d76,,,,0.36923562855338105,,0.5025766648521138,,,,
966,glad-sweep-967,run_9fcd7372d59532fdca418f2577256525,0.5805450734638035,0.3473728993831101,,0.2878711307643717,0.4698738402631175,0.6638178189076402,0.3453218221379969,,,0.8835624954170547
967,hopeful-sweep-968,run_b94b389fb0738477054457b5dacb6e7e,0.40003638040451794,0.5628589661774094,,0.3202147820593821,0.6518187619655392,0.8265831972418812,0.4771671229030656,,,1.1557663879835267
968,graceful-sweep-969,run_a7933ab8b4318e4f4b8b50700bcbce91,0.6796122505551295,0.2779408636460329,,0.20082122552116283,0.3356438073732281,0.5495735801125029,0.27277321541377475,,,0.6993519231637529
969,desert-sweep-970,run_de0a742c9c8b980e4e2c3bbb07f8f008,0.49971124104091114,0.40425441395447775,,0.24693619709412534,0.5182170732904616,0.6985846488840499,0.3211763880115109,,,0.9272128768100147
970,revived-sweep-971,run_127abd7313d635b0dfbc08d18b25f2b4,0.409760736283802,0.4707083599234204,,0.7061276058117512,0.3173040106033091,0.3606423516603166,0.3455464308275433,,,0.5917322678489677
971,likely-sweep-972,run_5c07bb6e4fe04a988332dd83ab6a4856,0.522806621733166,0.4051478408849182,,0.6392293114339871,0.292209513524127,0.1925058972963174,0.2016284129992294,,,0.4038550943302004
972,wild-sweep-973,run_3a4d64de3b572872410b97c539497d32,0.11559847423008521,0.7820889172516486,,0.8461781427668982,0.47529330911589857,0.3181455271275637,0.43005545027023206,,,0.7155892651715426
973,glowing-sweep-974,run_9cddb96586064dd029cae5eca51d88f2,0.5045735608963741,0.44492661135928535,,0.16955148452305838,0.5157822394580527,0.71861731083288,0.25070541166561466,,,0.9193994569323333
974,bright-sweep-975,run_ebf813adddb73d1433515d782639672f,0.5076122624533519,0.4379493724739418,,0.33922931143398677,0.5004663492219337,0.7779531845400115,0.41815118972415183,,,1.015149319808273
975,lilac-sweep-976,run_736f4a62294fb40e938406f848e8d505,0.6261281513032461,0.24922356945330792,,0.3471257106759324,0.26625104314957493,0.4559426601342776,0.5697620551695091,,,0.7767896284191369
976,lively-sweep-977,run_0b762c1afa5b8b608fa175f11b1c09ce,0.6419301941281276,0.308359923420549,,0.7120025268477577,0.2587109125717938,0.30667755398294344,0.21263423878711338,,,0.4540878526290554
977,daily-sweep-978,run_5719c475e4e17a8fe0eeb83a9af3a9d7,0.6619868732634047,0.3241863433312063,,0.7550852811118138,0.3687496931913004,0.5606060606060614,0.566561381343444,,,0.878206860737672
978,lyric-sweep-979,run_85dd30c4b72b265e9ffbed0d445671c0,0.49484920501709,0.44097000638162115,,0.4783322804801017,0.38921015168622186,0.2559063690800227,0.0672001123043453,,,0.4706256123555636
979,major-sweep-980,run_0baf2baa36dab1b1c656fb2ce7493c6a,0.5070045789082847,0.4105084024675604,,0.5679090334807325,0.3281822198222955,0.40676828161858136,0.26204815048782315,,,0.5846650643851673
980,earnest-sweep-981,run_0c51d878a11675c909b57232afab5c9d,0.4304250989641464,0.4600297808976815,,0.4986102337334176,0.32802513376859327,0.3667029577209231,0.31252895346388804,,,0.582877254950311
981,noble-sweep-982,run_80ef7a3227267f4fec500350f0a21a39,0.26814975057329465,0.6501595405232934,,0.7511686670878084,0.4017377644690991,0.45089820359281446,0.18455815259352892,,,0.6314777376064755
982,ethereal-sweep-983,run_8c1122f9f71927b1870fe7476e895dfa,0.4146230561392649,0.49325675388215307,,0.37833228048010215,0.5133474056256441,0.6982217383414996,0.297143258229802,,,0.9161513361157249
983,misunderstood-sweep-984,run_f7ccb6180fdf8afb56e4db14a81ebd97,0.4778315112704324,0.4585407360136142,,0.16620341124447272,0.5042364145108256,0.6252404282344409,0.20050536955148385,,,0.8278782265747162
984,different-sweep-985,run_1ffaf95bc6ef7fb2c645a4340ca73766,0.3343969072614399,0.5911933631142313,,0.8963360707517373,0.22964999263659247,0.33211758301578725,0.12436302379448089,,,0.42250132515004246
985,cosmic-sweep-986,run_0160ec46c165c221f750c3773b1a74b3,0.4486584436325802,0.526738991703893,,0.3899557801642457,0.6316724755780277,0.7971874432952282,0.49603425282515606,,,1.1316218079050384
986,mild-sweep-987,run_cc073af475c6726efd7e35ad9d126049,,,,0.6072646873025906,0.1716066957930403,0.8713663581927061,,,,
987,likely-sweep-988,run_1270565df9c6f6e43f3a64a47294eefd,0.358099971498762,0.5483088704530953,,0.6210991787744786,0.47635363997840285,0.44051896207584945,0.09303011160244556,,,0.6554573578302566
988,magic-sweep-989,run_c13dd2a844512d49f1122e59d9d82abd,0.5762907209850495,0.3932780259519255,,0.48382817435249537,0.34455844092091764,0.4753946652150252,0.2099950866849169,,,0.6235531600084833
989,laced-sweep-990,run_887eabff4b198caae6a877258526185c,0.33378922371637265,0.5470750904062968,,0.8147820593809226,0.2246625104314962,0.3391580475412817,0.05057906927774464,,,0.4099508105302383
990,noble-sweep-991,run_66b6a16df5a8f86e5af828dc60922f7c,0.39274332636878617,0.48304616039140624,,0.4494630448515481,0.3971822689116892,0.3415895481763747,0.30719449708710805,,,0.6072936960003606
991,crisp-sweep-992,run_da93b6d5634c1d15dc4ab234b2bb1698,0.6048561050778345,0.3804296958094022,,0.5820593809222997,0.4542830494330159,0.6747051351841783,0.338471257106762,,,0.8810010785086997
992,deep-sweep-993,run_4a9c5ea54bbf679958e1fabb743ca773,0.3842343375796365,0.40672197404807486,,0.14921036007580604,0.48672131952285114,0.5758120123389592,0.23593739032779049,,,0.7900149166861314
993,robust-sweep-994,run_47b9fd5c20d41371a97244616285630c,0.31859486443655843,0.5971069985109555,,0.66424510423247,0.46453291443718925,0.524641625839231,0.18337895697339557,,,0.7243393583254959
994,happy-sweep-995,run_8fc46897a60887431a20055f695ba265,0.06515336036682112,0.7097213358859821,,0.3260897030953886,0.44957046782190513,0.3076937035020877,0.15940197936407466,,,0.5676248864678347
995,electric-sweep-996,run_18f2e265dbeeecd9697eec4741790616,,,,,,,,,,
996,unique-sweep-997,run_19e3d195e80963823a90ae730b6cb530,0.48087021282741016,0.4569240587109127,,0.2822488945041069,0.4647292720043187,0.6498820540736707,0.18175054397417095,,,0.8193614835343339
997,fancy-sweep-998,run_14eb7af7520046de315fcb25c6e64b0f,0.579329706373669,0.37634545841310374,,0.31389766266582525,0.5530901772127047,0.7815822899655247,0.5343300343932074,,,1.0964890358647372
998,feasible-sweep-999,run_d7384ced115a7d7179cf9881be0aa67b,0.944601444970994,0.1052542012337802,,0.28066961465571755,0.26562269893475987,0.6757938668118321,0.8174492875693136,,,1.093378299746914
999,hearty-sweep-1000,run_286af60a3104ed7d22408ce752af105c,0.7069619837261384,0.2779408636460329,,0.48117498420720173,0.301006332531541,0.6859190709490116,0.7447883765003164,,,1.0563141151597004
