,name,model_unique_name,acc_OTI,distance_OTI,distance_P14,distance_OT3,distance_conc,distance_SL,synthetic_EC50_OTI,synthetic_EC50_P14,synthetic_EC50_OT3,synthetic_EC50_conc,synthetic_EC50_SL,SD_OTI,SD_P14,SD_OT3,SD_conc,SD_SL,pearson_corr_OTI,pearson_corr_P14,pearson_corr_OT3,pearson_corr_conc,pearson_corr_SL
0,pious-sweep-1,run_60d5f51817e261163d8d052e5c77946c,0.48142948746681213,1.5665220165922145,2.661105062602069,1.8679848389134555,1.6196361418843381,1.737023263174553,0.9719846841097639,2.371992378878607,0.21780164245104267,1.6196361418843375,1.1256448805190695,0.5037172961623614,0.4624030132945693,0.3610444401877215,0.5628647936684359,0.44342372124252505,0.5072363654008099,0.41181926575936756,0.05914084977349765,,0.4331744679574041
1,fresh-sweep-2,run_a667d71fd2a2a96417724a091d125c28,0.5982131361961365,1.2742054881940015,3.0720740337506807,2.026658243840809,1.02490598638073,1.7449003006804877,0.9111423101467766,2.799455634186173,1.0444472520530645,1.02490598638073,1.24696550087039,0.5666907594506232,0.4216971693036095,0.38226031989273057,0.6135302729639841,0.4070785257731367,0.5658985706627302,0.309453785096541,0.011189218539289558,,0.4066019109012014
2,dazzling-sweep-3,run_9d180089e1a3baab33b711191992f8df,0.6419910788536072,1.1291257179323548,3.2985302123026683,1.7365508528111184,1.0073076532167904,1.9336564329799022,0.8232418634333117,3.0722373434948285,0.8357548957675309,1.0073076532167915,1.528204620984333,0.6113717473466546,0.4498603333006175,0.4633818599750982,0.5127550164121967,0.42550727683421186,0.6034145157587297,0.3261715020537507,-0.10198072531356966,,0.31691864811918274
3,swift-sweep-4,run_f8835f0e2fcf8d352145819525e06734,0.5622208118438721,1.3604850031908107,2.2566684812193794,1.8138344914718891,1.3636040247992682,1.5115761987656278,0.872827058072751,1.873707131192161,0.4012002526847756,1.3636040247992678,1.086595980376642,0.5637636088752112,0.47365529850149635,0.3470671710883376,0.5494951500643473,0.45337166163859227,0.5548825889596765,0.4552412696923558,0.11955546668385261,,0.5278417122455596
4,worthy-sweep-5,run_b11ad40a83f1a82b9b4158b2387bc848,0.5751116871833801,1.3612635609444799,2.5544910179640725,2.1427921667719523,1.1601890436019922,1.716509732552619,0.9064837268666242,2.172563962983125,0.8716361339229312,1.160189043601993,1.0633525874347216,0.569164072461766,0.46739198973781493,0.3827494173610446,0.5943277750035736,0.41456348095032947,0.5479937596558672,0.3694851548080165,0.05791786292368162,,0.4447365216400513
5,azure-sweep-6,run_7cec8bf5eaa771982962551f35d05cfb,0.561837911605835,1.36635609444799,2.5273816004354925,1.9247631080227419,1.1078514076633805,1.501851558790948,0.9725845564773453,2.238976592270006,0.7359823120656988,1.1078514076633796,0.9877749643931006,0.5545895131305411,0.4626423814789082,0.3512358330938926,0.5909836139978957,0.4463804083020297,0.5493609103479061,0.4427541202624664,0.11453710961463995,,0.5196655420946433
6,copper-sweep-7,run_687a6b092685d6bae6605a9e5ca38bce,0.5440970063209534,1.4223994894703256,2.8236799129014707,2.081844598862919,1.0099705254599047,1.5280305428074061,1.0677855775366947,2.5853565596080577,1.063449147188883,1.009970525459905,1.0674592498813114,0.5279858537180334,0.4530118407556887,0.3945072311081314,0.651516672902914,0.45255054902214,0.5296235236448512,0.3991220813545365,0.08940841264826041,,0.5037522486579241
7,deft-sweep-9,run_f5fef8fad19bcaf5c7f6c0b11b190b2a,0.5945118069648743,1.2819910657306959,2.6467338051170386,1.971585596967783,1.225241386319748,1.66690932109511,0.8513082322910022,2.349020141535112,0.7801263423878719,1.2252413863197473,1.065223927836683,0.5990330629354955,0.4205269186123606,0.35782875203524567,0.5833012382070006,0.41679344687849273,0.5727673097852735,0.3745275566284963,0.02500843199345143,,0.45624188733861676
8,happy-sweep-10,run_fb039f7440d1f98beeee75a29c304343,0.6177409291267395,1.2215954052329292,3.1744148067501365,1.822324699936829,0.9881796930582378,1.73311837316031,0.8617230376515633,2.9747958628198155,0.7219835754895769,0.9881796930582358,1.4357928469694572,0.6100979149820536,0.506800196412441,0.37209111515499793,0.6577287557721647,0.49594662400115036,0.5868969877429686,0.3816141217902977,0.03916507813020445,,0.4130303213830233
9,crimson-sweep-12,run_41ea6c13d67f7414fef5170c0677de76,0.5521378517150879,1.4190810465858328,3.3008437670114326,2.0137081490840183,0.8489226547413357,1.5322796328532997,1.1934524569240592,3.142651061513336,1.4623246999368291,0.8489226547413365,1.244116948884317,0.5356649896909563,0.4761114710765706,0.45227261118028284,0.687899738532574,0.5203256610903304,0.518235601055204,0.3658307408066971,0.0953091554967361,,0.4851242418884698
10,fluent-sweep-13,run_108e0561fefc3e6a531d31f15797f2a4,0.5818762183189392,1.3326994256541163,2.8082471420794772,1.91650031585597,1.2467019005996545,1.6886651368887484,0.96583280153159,2.4986118671747413,0.7918003790271633,1.246701900599653,1.1727053331223303,0.5670824372664283,0.42697125800411334,0.3476389554001852,0.5550241131958528,0.41651631935896244,0.5424816580783356,0.3349727774207277,0.039705033817891755,,0.42783057426392085
11,fallen-sweep-14,run_27f191a08b1586229d0256f29eb9d284,0.7023612260818481,0.9380344607530315,3.392705498094721,1.944181933038535,0.691244028864722,1.8863902516220918,0.7331078493937468,3.152259118127382,1.3729374605180047,0.6912440288647227,1.4644168381072957,0.6796659513686025,0.43080618927876574,0.5736883440283498,0.5563234857254528,0.4012582410313273,0.6720392755125455,0.24706472608260566,-0.21217658147996607,,0.32543675369008185
12,dainty-sweep-15,run_7c4061aecc99bc279a895866df17db82,0.5508615374565125,1.4012252712188897,2.9860097985846488,1.6600379027163616,1.541289765220043,1.8771245450229468,0.9225781748564138,2.71839956450735,0.3583070120025258,1.5412897652200421,1.3660626681436938,0.5146417904650868,0.4829403696920589,0.3793257350828465,0.49147515088823057,0.41969837570094504,0.5278048436968173,0.37055904362182335,-0.0033409501591792345,,0.34824519814986343
13,blooming-sweep-16,run_d80c0f6eea35ee843896ffc69c57a4fe,0.5674537420272827,1.3349457562220806,3.028225367446925,1.6990903348073283,1.1850747027136903,1.791185314131983,0.9946011486917675,2.756967882416984,0.591396083385976,1.1850747027136896,1.4693543282164894,0.5140860350598995,0.4099599816576848,0.4166248443635667,0.5543922170838874,0.46244851799261916,0.5348128325268039,0.32068130629965685,0.014031704998003103,,0.3701054418173051
14,ancient-sweep-17,run_fe6eeb29ebea6e8c49456810d9b9d7e4,0.5395022630691528,1.5167198468410976,3.509063690800218,2.012495262160455,0.9424789104583801,1.8849224560848237,1.1420931716656026,3.3818998366902555,0.9747441566645608,0.9424789104583795,1.606587276467795,0.5146552012505639,0.5036881132884345,0.3683416339431089,0.6805878460410901,0.5155184155293229,0.48302256438214974,0.36429628970371397,0.03171625364739919,,0.3691503978756516
15,bright-sweep-18,run_5f69e1557fa6c506fe0723be06229c46,0.6040842533111572,1.3087172941927252,3.5674741426238437,1.826898294377764,0.848531354812481,1.8953236271561957,1.0575111678366307,3.4447740881872617,0.9835628553379656,0.8485313548124804,1.6752492482987817,0.542768242703547,0.5163943768835632,0.4143305238961785,0.6704945651050827,0.5162230307499734,0.5381395323561342,0.3555474003659542,-0.009275118752518047,,0.35079186175369764
16,solar-sweep-19,run_a808b19b0ecf392125e5f27a4b4f98af,0.5372048616409302,1.4566177409061902,3.6429504627109424,1.994238787113077,0.7505894908019108,1.761465421743947,1.209904275686024,3.5515514425694086,1.129046114971574,0.750589490801911,1.5906789048900138,0.48785183222069484,0.5259808479975406,0.38745602273090063,0.7521833235617721,0.5443032799266146,0.5067984068658556,0.38707839996369353,0.04365279189096258,,0.42573573138451826
17,magic-sweep-21,run_71d1292e7fb7c2c24cdab303a5d885ca,0.752265453338623,0.7997702616464583,3.547632008709853,2.0065571699305123,0.643403801199309,2.032176768476025,0.6387236758136563,3.354545454545455,1.4336955148452326,0.64340380119931,1.7155048267130877,0.7168662180217446,0.49616920395557,0.6471350126105417,0.5442858583959659,0.457275794247162,0.7142997149641499,0.3041986635876689,-0.3496964103697626,,0.27410698542702416
18,prime-sweep-22,run_636412f8b249400d28d16d39f76370ba,0.5521378517150879,1.4044288449266114,3.0241698421339147,2.0477447883765008,0.9277416404106109,1.503267922139579,1.1286917677089985,2.823353293413174,1.1965508528111177,0.927741640410612,1.17310492166482,0.534424142911049,0.46829771586068575,0.40662963317689876,0.6685374225679916,0.5035461622787764,0.5293036793014236,0.39438516241695587,0.08813184154365378,,0.5031453987451863
19,blooming-sweep-23,run_83fe0a672f06897c062294b5f11f3533,0.5623484253883362,1.418761965539247,3.1816820903647254,1.7250031585596972,1.125886777111495,1.6983304320303845,1.0754307594128918,3.0466793685356564,0.6481869867340496,1.125886777111496,1.4068444374109834,0.5160195950704457,0.5496833881111693,0.409555278868563,0.641340474244874,0.49860879419188725,0.508363193486977,0.4374177551091192,0.03863433479739126,,0.4358526215533807
20,fanciful-sweep-24,run_50445bcaa8ceaba43882aae082c77d60,0.6116145253181458,1.199412890874282,4.143576483396843,2.129564118761845,0.7465646915336925,2.021478873239437,1.0371155073388638,4.022563962983125,1.7426026531901464,0.7465646915336941,1.806334071846811,0.5597678546705359,0.5834444904245851,0.5563798167480765,0.5615896567220419,0.5212075863525487,0.586238566727356,0.2633329338789463,-0.19291870944490083,,0.28836332334749526
21,fallen-sweep-25,run_1562d91fad12acb6549d3ac9bcb94d84,0.5359285473823547,1.4431397574984046,3.514589003810561,1.9378521794061914,0.8360351661754245,1.7319235638550405,1.1622973835354178,3.4176918889493737,0.9926342387871137,0.8360351661754245,1.5397175185947138,0.469623697125536,0.5130811235669978,0.3713549149187498,0.7301357656154972,0.5244165768743764,0.5098582547499563,0.39555375506862644,0.04599453618131888,,0.42632410450671154
22,fiery-sweep-27,run_e370ace0b84869bf2b5214b7ee896f6b,0.7521378397941589,0.8122527121888962,3.626728361458901,1.9816424510423252,0.5655554426262832,1.9587988605792055,0.6395405232929163,3.453620032661949,1.41807959570436,0.5655554426262827,1.6805111568286135,0.7368860516016846,0.4939398917634767,0.6007893560642339,0.6114756232826635,0.47779932433927746,0.713518028346642,0.28681755494538397,-0.27132585721685115,,0.3006246274286807
23,resilient-sweep-28,run_58d3d14066572ed9927250f1ee968602,0.5215060710906982,1.4821314613911933,2.724850299401198,1.7909791535060013,1.4100467527187723,1.6895750909954108,0.9429610721123161,2.4383505715841056,0.19984838913455535,1.410046752718772,1.1830788099382814,0.4993208736978438,0.4471129324423135,0.3647715736040609,0.5923240865326884,0.44350777680096587,0.5141791699423679,0.4281848054362992,0.06923538785630912,,0.44509546595720845
24,sandy-sweep-29,run_7078b8d9c8cd3bc8255a17fddb40397a,0.5469049215316772,1.4113592852584556,3.2748775176918894,1.8388755527479472,0.7764864315479215,1.6772590599778443,1.1452456924058716,3.1668753402286343,0.8551989892608977,0.7764864315479223,1.4533707865168553,0.48272455307084294,0.49481837531012846,0.37179548574529897,0.6843078356891921,0.49466521946087644,0.5133642417723294,0.4517608512095984,0.0830312927637272,,0.42460403038776207
25,giddy-sweep-30,run_1babcb914ce257ed9ba3b845cfe8fbb4,0.6359923481941223,1.1451691129546906,3.727000544365815,2.0176373973468102,0.856774062404716,1.9972503560689983,0.9133886407147425,3.551986935220469,1.4166266582438412,0.8567740624047164,1.689986548504511,0.5745353067003494,0.4937229404142265,0.5634868946141813,0.5971066493122564,0.45951475807061437,0.5979130950507918,0.2634691805186681,-0.21842268375472387,,0.28757237246839823
26,grateful-sweep-31,run_9b78fcb9bd96c3308bc33d2938f7970b,0.5179323554039001,1.5393235481812382,2.3966793685356564,2.105116866708781,1.32421994105092,1.6189666086406076,0.962782386726228,2.0177463255307564,0.3774352495262152,1.324219941050919,0.9521918025003955,0.5749781756528157,0.4661285981734844,0.3773334291096,0.6214092692918944,0.4815400268563307,0.5064634214926096,0.40111344324052617,0.10389787233663084,,0.5074587946481159
27,earthy-sweep-32,run_964915db92a4dd35e5be2ad20a1108f0,0.5514996647834778,1.4190172303765156,2.709853021230267,1.8687807959570437,1.4449994918182743,1.8468230732710873,0.9047606892150603,2.3935764833968434,0.2564245104232471,1.4449994918182756,1.3423603418262384,0.538511680826553,0.4486681864377025,0.3141436005491173,0.580610637799422,0.40658941795072684,0.5259081899796383,0.3864253246954033,0.041539344330583344,,0.3704728935171228
28,crimson-sweep-33,run_1ca88cc51509526fcf8bb068d53f15fa,0.5628589391708374,1.3655775366943208,2.994420250408275,1.8155527479469364,0.8741183047057629,1.4902516220921034,1.1164645820038284,2.81232988568318,1.0052684775742262,0.8741183047057627,1.0789761038138943,0.5395922611998275,0.4945524388845275,0.40813587459694156,0.6307297697040994,0.4811796943491324,0.5366345134248302,0.4138505693496617,0.11224423225808941,,0.5010412259135817
29,lucky-sweep-34,run_b2ebfefc789ec1a210442c2409717518,0.5410338044166565,1.4282961072112317,2.291208492106696,1.9777258370183197,1.2121150523427178,1.530313340718468,0.969227823867263,1.904218835057159,0.7149084017687948,1.212115052342716,1.06353062193385,0.5461259756737953,0.4359824208054757,0.34838297736487567,0.555193888209888,0.4431137138326055,0.5324122429433449,0.4534023735917161,0.1173999759191795,,0.5110653686332312
30,graceful-sweep-35,run_fb2bccb49b3e4209c72a85bdd12b8306,0.5871091485023499,1.30806636885769,3.39978225367447,1.7835754895767535,0.9964579733712775,1.682145117898402,0.9835737077217614,3.2564507348938494,0.8614529374605189,0.9964579733712783,1.4382457667352437,0.5497229706552075,0.5136078046961778,0.41440171758771505,0.6478967792338146,0.4919085777458199,0.5520928909052136,0.3928772374730231,0.0600085158604555,,0.4227234852828746
31,resilient-sweep-36,run_9e61d46c13372cff74cdc08867b04922,0.5345245599746704,1.4874920229738355,2.9826619488296138,1.846468730259002,1.4337229393231021,1.8328453869283114,0.9237141033822596,2.742542188350572,0.25210360075805505,1.4337229393231012,1.4219971514480143,0.5475746095414366,0.5116935782930384,0.3043820834530536,0.5672171816690318,0.45224026342891016,0.5164789095234537,0.38394521771786533,0.043894738363358665,,0.3799866368675278
32,good-sweep-37,run_6a4336108a29a03ef8a0d7f4391e850f,0.5309508442878723,1.5662539885130826,3.4844311377245516,2.2783449147188883,0.9696208964325643,1.9633565437569236,1.0894958519463942,3.350353837778988,1.0322046746683518,0.9696208964325636,1.6408055072005072,0.5844867003989618,0.5189689045953328,0.4198014238738307,0.7184783167233414,0.5549352538337851,0.4877331739140631,0.3704118936660742,0.04481523303665616,,0.3557561639804525
33,unique-sweep-38,run_af49a75bc3c8b94cd90b0b3efe42b565,0.558391809463501,1.3785960433950222,2.4334512792596636,1.9902716361339234,1.052012399634109,1.4969021997151446,0.9270835992342057,2.1390582471420796,0.6668856601389781,1.052012399634109,0.9923049533153977,0.5721403057640486,0.4513779099676493,0.34687577818216647,0.6226541334489283,0.4679569640897885,0.5531911130764935,0.4643310791500474,0.1270240185967,,0.5340798282978335
34,fresh-sweep-39,run_b8109f6bd201376c6b1358c1f2a6fa4e,0.5462667346000671,1.4908615188257819,3.527463255307567,1.9779279848389137,0.9839262120134162,1.8488684918499763,1.2095341416719843,3.387724550898205,1.130903348073279,0.9839262120134166,1.6151527140370305,0.4795424191130974,0.5105809817241275,0.3841185390926795,0.6729884802510989,0.5205483355147547,0.4756613917949034,0.3345293236520414,0.025854648572118777,,0.37993262625622387
35,true-sweep-41,run_541f604de42eae32b8c51cd0876d7a7a,0.5827696323394775,1.3770389278876836,3.7606695699510073,2.0151358180669616,0.8772791950401465,1.912711663237854,1.0518825781748564,3.6345944474686993,1.1588376500315867,0.8772791950401466,1.6710357651527137,0.5507535743374996,0.5283007520866875,0.39154327490981067,0.6944892058228292,0.5476488743433885,0.5286178108337548,0.3317621952165064,0.025959421513167324,,0.3668351358863393
36,scarlet-sweep-42,run_57932bb11035b85fcf7fd7ff32b723ab,0.6186343431472778,1.2227696234843652,3.400707675557975,2.0906127605811755,0.7019615814615306,1.6374426333280583,1.0229483088704527,3.2378334240609696,1.4942261528742902,0.7019615814615309,1.298322519385979,0.5675987331930965,0.4551973413955082,0.4455596526514063,0.6885642504708871,0.4818427006573932,0.5805544516860462,0.3155417687946372,0.015638273683405923,,0.4425741435042918
37,pious-sweep-43,run_26fd8d7b5760e206526a69390d4977d9,0.5498404502868652,1.4244033184428846,3.0663309744148073,2.050789639924195,0.8684774875495478,1.442732236113309,1.13360561582642,2.8906641262928687,1.2407833228048026,0.8684774875495475,1.0656551669567962,0.542038057982649,0.4558954153189572,0.42341506241420046,0.6981569537079167,0.4953291415365094,0.525089819334003,0.38830786899699166,0.09943225530881009,,0.5204828978436188
38,prime-sweep-44,run_5e3f5ae71e31cfc0150dc8a7b8cd584b,0.5500957369804382,1.4734652201659224,3.057158410451824,1.9676816171825648,1.1374936477284279,1.788874821965501,0.9488449266113586,2.9063690800217747,0.26819962097283684,1.1374936477284294,1.415690773856623,0.5845838427266542,0.5326693097867293,0.2903628324234588,0.6747318459773781,0.5211216122757907,0.5189575599254218,0.4381467240642423,0.04799040998889642,,0.41750144399760447
39,gallant-sweep-45,run_28b8979f398b7b4197ce107771e7dc84,0.5955328941345215,1.2782514358647095,3.495808383233533,1.893341756159192,0.8013974997459092,1.847693464155721,1.0174473516273135,3.3334784975503546,1.0493746051800388,0.8013974997459116,1.6086129134356708,0.5198085453667874,0.4793695183998814,0.4189678510998308,0.6718876746215675,0.4846834486379302,0.5466703946637157,0.3193968976193188,-0.014811963607130274,,0.3593759199943434
40,happy-sweep-47,run_9798cca34b65030f66c271e5587cf453,0.5118060111999512,1.5665985960433955,3.147523135547088,2.1168667087807957,1.0260443134464885,1.9512422851717046,1.0011614550095735,2.9419161676646706,0.34814908401768824,1.0260443134464883,1.6177005855356856,0.5916666878873542,0.4769109199376563,0.3113130926156498,0.6901997392582047,0.5297001923827109,0.4999236559378114,0.3862598016847589,0.06991802624623464,,0.3614370750040308
41,twilight-sweep-48,run_5b2b0e19b09ff812966e6456eb8e612d,0.5517549514770508,1.44382897255903,3.345209580838324,2.0730764371446626,0.6620845614391707,1.5348354169963603,1.2301212507977022,3.201823625476321,1.45943145925458,0.6620845614391706,1.2697855673366034,0.5447089476473566,0.5590407311760357,0.4470331705136801,0.7278584562296513,0.5318123822766532,0.5203513084533937,0.3963750295675119,0.08637828162458813,,0.4983590458909095
42,eager-sweep-49,run_7c1fc6c1d67915c0af00f3ccb6cee459,0.6278238892555237,1.167415443522655,3.350979858464889,1.8673910296904612,0.9284378493749367,1.862830352903941,0.9386215698787489,3.137152966793687,1.2220593809223004,0.9284378493749367,1.441814369362241,0.598680028029344,0.43740912376005775,0.4798962423778055,0.5506653154100791,0.411188704580758,0.5933053478983954,0.2777722563741958,-0.08468769790855044,,0.34030694834672853
43,breezy-sweep-50,run_c8ec8b1f54f5af0f4408690928d78b0b,0.61238032579422,1.2566560306317804,3.4714207947740885,2.100429564118762,0.7162872243114139,1.6911299256211425,1.013465220165923,3.296352749047361,1.4761970941250802,0.7162872243114148,1.3569868650102874,0.5642107326331316,0.4546420910093782,0.4441625961753344,0.670702571788505,0.4685574817503935,0.56510722361642,0.2921189692343944,0.005245424545499838,,0.42112748076599743
44,restful-sweep-51,run_9e3dc9f7494cafd971191f64e1114bf6,0.5574983954429626,1.4595405232929166,3.361213935764835,1.882842703727101,0.8738794592946438,1.7888629529988924,1.1994767070835994,3.254735982580295,0.9334554643082763,0.8738794592946433,1.5441723373951568,0.49027590978048974,0.546045946494726,0.3816235673466781,0.6893415029239128,0.5309766773504064,0.4919932079808942,0.42388120402486884,0.04237726424297142,,0.40925408591242984
45,mild-sweep-52,run_ead7e5d40d5729d2bf3fa36b1a501caf,0.549329936504364,1.354486279514997,3.0848394120849214,1.6867719519898932,0.7899278381949386,1.398646937806615,1.2112571793235474,2.957512248230812,1.3527984838913467,0.7899278381949398,1.159336920398796,0.5824920362849642,0.5772782328173892,0.5407974970468985,0.6599600988043799,0.56130216958328,0.5528475543888394,0.4359975127525004,0.13260975903326447,,0.5314219737108399
46,azure-sweep-53,run_0ca09761afae446ce76a1723535080a6,0.5549457669258118,1.420638162093172,3.040391943385956,2.082210991787745,0.8786919402378291,1.5068919132774172,1.1074537332482455,2.844093630919979,1.1701705622236263,0.8786919402378303,1.1387165690773842,0.5388948829517595,0.44456092595106605,0.4056456916642722,0.6871282202207869,0.4953362907822686,0.5266244251177207,0.39359142465310115,0.08772426644467785,,0.5009599439076152
47,flowing-sweep-54,run_cdb737a20ba27fc49fe6102a8c3cd4b5,0.558391809463501,1.4328781110402042,3.0805117038649983,1.8266077068856603,1.298836263847952,1.7867621459091634,0.9215315890236119,2.8722917800762127,0.4771193935565391,1.298836263847952,1.359526823864535,0.5718222020803143,0.5602865083934786,0.32962088561121217,0.6273488801578481,0.5090595501616535,0.5287570242617105,0.4007051076970728,0.03998350417769589,,0.4057209662405212
48,major-sweep-55,run_041bcf21262c4ee2d23f30f1ea9bad32,0.6560306549072266,1.151423101467773,3.962955906369081,1.9918256475047385,0.7760341498119727,1.9371063459408135,1.0042118698149338,3.8372618399564518,1.5269361970941255,0.7760341498119733,1.6742878620034822,0.6043060615422966,0.5422123997803792,0.5415587587395843,0.6148104230441608,0.5066595275027821,0.5835096585184021,0.2773308644611987,-0.15249596218137493,,0.32164306945971693
49,elated-sweep-56,run_58bb1abfc46aa2d8201e5c76877e3012,0.5931078791618347,1.2946777281429485,3.483941208492107,1.9206569804169304,0.9251753226953959,1.8232631745529357,1.0300191448627949,3.3126292868807856,0.9885281111813023,0.9251753226953954,1.565144801392625,0.5275220920759125,0.4763420794779471,0.39896513743894263,0.6706971639419818,0.4999789459631092,0.5455031028927846,0.3109602222834061,-0.010806015977259636,,0.3798983028763685
50,unique-sweep-57,run_e927e5c089a97d3786bcafedfc747af9,0.6047223806381226,1.2512316528398213,3.122808927599348,1.9165255843335443,0.9311058034353086,1.609032283589176,1.0214167198468416,2.9253130103429505,1.2468856601389768,0.9311058034353079,1.239139895553093,0.5651062624851211,0.4303617032115774,0.41807617405740194,0.640641960130756,0.4863481180554747,0.5665788380735959,0.3486237528156627,0.032252880424985086,,0.45338660329355446
51,polished-sweep-58,run_b0dd7ee80b722ec58a16b08402501bff,0.5831525325775146,1.356694320357371,3.121284703320632,1.9624131396083389,1.1129078158349428,1.8346296882418107,0.8866751754945753,2.867555797495917,0.6239166140240052,1.1129078158349424,1.4486508941288188,0.5559197728552833,0.5612915958008363,0.3202115059221658,0.6407059734295149,0.519843448736647,0.540117282063884,0.3478575809635539,0.04425330270200867,,0.3838077820948236
52,swift-sweep-59,run_4bf462003d5ab21a0afc216c797a35eb,0.609700083732605,1.227798340778558,2.9316820903647254,1.844396715097916,1.0541823356032118,1.6142625415413834,0.9627058072750474,2.684485574305934,1.1008717624763118,1.0541823356032107,1.2100530147175186,0.5883376796146177,0.41197032328689503,0.4311260096414775,0.5995141567663118,0.4714504278813224,0.5745577117862424,0.33606330771280124,0.025894070420996312,,0.4517495442090553
53,dazzling-sweep-60,run_c8f30c5b6840cd07ac4368185f1f399e,0.6154435276985168,1.2499680918953415,3.579831246597714,1.8315097915350604,0.8324829759121863,1.7741968665928152,1.0302616464582004,3.473026673924878,1.0456601389766254,0.8324829759121863,1.5536160784934319,0.5686360216910613,0.5206797702282997,0.41700060658302207,0.7162894200860254,0.5128157160682241,0.5630348843878761,0.37668840990226693,0.057077504877668134,,0.4059867849626746
54,olive-sweep-61,run_1e750e94e0e489e9005307f6fcaef6f3,0.5415443778038025,1.438583280153159,3.5221556886227554,1.839532533164877,0.7950553918081106,1.6908213324893182,1.1797192086790051,3.3830157866086017,0.9713329121920411,0.7950553918081105,1.4626839689824347,0.4831937786301228,0.5055999772444809,0.4066152667369026,0.7370890034430589,0.5068967117174712,0.5074081234949736,0.3610859300994308,0.05699003341277231,,0.44140933576389957
55,lemon-sweep-62,run_e9aa27cdcbb06272b2d262427e06628a,0.5537970662117004,1.4919208679004468,3.5313826891671205,2.1542893240682255,0.8943795101128165,1.912395157461624,1.0526356094447997,3.401878062057704,1.0579406190777014,0.8943795101128162,1.5883248931793006,0.5883315795421018,0.5486984544222563,0.40195607061903393,0.7371843162091942,0.5717027594167579,0.5068604437689819,0.3714384061392807,0.02686139347955324,,0.3770297636153958
56,hopeful-sweep-63,run_ec4bbc11aea5a3cb362f0622ee3958a9,0.5702616572380066,1.3431269942565414,2.943875884594448,1.9244219835754899,1.1030135176339062,1.7394089254628897,0.9546394384173571,2.744365813826892,0.5736702463676568,1.1030135176339055,1.3762660231049217,0.5306009931105315,0.455270600255572,0.33292309165788714,0.6399005009908241,0.4451131150990182,0.5459522112001487,0.41031523631505673,0.04534501084889944,,0.4095303263804295
57,fluent-sweep-64,run_5ab0e4aa0c9a1a735ab957eda7c172f4,0.6044671535491943,1.2820804084237398,3.782416984213392,2.0720404295641193,0.5385557475353187,1.9230693147649944,1.0596681557115506,3.657485029940119,1.3748073278584974,0.538555747535319,1.681282639658174,0.5142324290956526,0.5295375028707259,0.43834402834977493,0.7343100756394332,0.520966604991805,0.5539573475340553,0.3048885311916412,-0.019462213538649187,,0.3413944380985645
58,scarlet-sweep-65,run_741ea754599277dc9759589a6ba62ebd,0.6279515027999878,1.2058328015315891,3.3572400653238987,1.974125078963993,0.9563268624860252,1.7345861686975788,0.9665475430759406,3.1669297768100173,1.332053063802907,0.9563268624860246,1.3135147966450391,0.5951114876458387,0.4571638765274293,0.47888612201896374,0.5833620871981247,0.40641425764084826,0.5811746738722143,0.31420187276151773,-0.06872269280171339,,0.39999165789680224
59,valiant-sweep-66,run_49bc408d8693255a0a98dcf6ece991f5,0.5474154353141785,1.505156349712827,3.3570767555797505,2.1586228679722046,1.0907917471287734,1.8950704225352113,0.9958008934269306,3.144610778443113,0.763499684144031,1.0907917471287731,1.5242285171704375,0.5685371055593761,0.5380412698149839,0.3693903840628292,0.6858533041485892,0.543853733053351,0.4992369788778632,0.33785386853423327,0.04794963187894963,,0.3731008647005137
60,copper-sweep-67,run_e09eab456f0c4b066f95da65a14d800d,0.5911933779716492,1.3701467772814298,3.6693522046815463,2.1326342387871136,0.7520479723549142,1.8820224719101124,1.094741544352266,3.587534022863365,1.1804927353126986,0.7520479723549119,1.6168064567178342,0.5328799187028167,0.5636366507135394,0.414825367940491,0.737921651066745,0.5570494307997558,0.5287776483113913,0.373115606332203,0.03313757978457188,,0.38247136842153046
61,upbeat-sweep-68,run_da3e1ea814b22a865f2fbd1851985689,0.5359285473823547,1.52594767070836,2.931219379422973,2.164573594440935,1.136553511535725,1.8030147175185947,1.0306317804722402,2.7075939031028864,0.6555906506632987,1.1365535115357248,1.3823152397531253,0.5751266744592931,0.5958941968654484,0.3582496887271334,0.6539983684484846,0.5366144025815346,0.49775807409928174,0.4116884340797381,0.04057682788502498,,0.40888366643981705
62,ruby-sweep-70,run_8bdd55aac3b6dbf560af7880bae258f7,0.6395660638809204,1.1381238034460754,3.267065868263474,1.8171067593177512,1.007124707795508,1.9530661497072324,0.8296362476068928,3.031301034295047,0.882905874921036,1.0071247077955081,1.5187331856306374,0.6110143174229785,0.41657097378456626,0.4534252785493088,0.5253411286913686,0.4267885680300104,0.606336002956257,0.29484714834073966,-0.08463862031863409,,0.3141961413474832
63,whole-sweep-71,run_23dcb4df86a07dd3f9e8ac05da29d9f6,0.5702616572380066,1.3884875558391836,3.440936309199783,2.0208843967150982,0.9030135176339059,1.853101756607058,0.9864454371410352,3.262765378334241,0.8592672141503481,0.9030135176339048,1.546977369837,0.5498661661896503,0.5084913377479121,0.35638524406985284,0.6918445089226944,0.5048804030505737,0.5305443896515435,0.33005630635640126,0.053354121384913133,,0.3765716356102642
64,scarlet-sweep-72,run_3ad99a921c502d4c84a21c877c7b2633,0.605998694896698,1.258468410976388,3.3611594991834517,2.006190777005686,0.7902683199512146,1.6867344516537428,1.0603828972559028,3.1936037016875343,1.4221857233101718,0.7902683199512154,1.394892388036082,0.5518266294092047,0.4497493205291785,0.42742186252913195,0.6643054776695922,0.49151975719356017,0.5622413422534709,0.3126122852864912,0.015185682360595504,,0.4146135256521793
65,dashing-sweep-73,run_cc4a6dfc630f0485b23874d1e25348fc,0.5604339241981506,1.4203318442884492,2.9740881872618403,2.044977890082123,1.025343022664905,1.7377710080708975,0.895073388640714,2.7961894393032116,0.43481996209728335,1.0253430226649058,1.3256646621300838,0.59490852763862,0.614086506943709,0.3250148453213294,0.6808645866738539,0.54365694895551,0.5440281755114958,0.4446809715783602,0.06187937697133533,,0.43804668049607076
66,vague-sweep-74,run_d99889149d68e74c484c4f395481a9ae,0.5786854028701782,1.3274537332482452,2.883097441480676,1.791926721415035,1.280236812684216,1.6729664503877193,0.8360178685386098,2.6466793685356564,0.34361339229311477,1.2802368126842174,1.2709408134198459,0.5871834976694925,0.549195955399587,0.32339925933020464,0.6047523505387113,0.4757762490678331,0.5652339020626198,0.42654914126443133,0.06423066472579494,,0.43582432772158164
67,earthy-sweep-75,run_8c3da659a5f6e2fe24eae7f693500a0e,0.6017868518829346,1.2781748564135291,3.3938486663037573,1.8826784586228682,0.9177304604126437,1.796494698528248,1.0300829610721112,3.2217201959716943,0.9922173089071382,0.9177304604126449,1.525842696629214,0.5209573353120138,0.45067169676060814,0.4147000606583022,0.6512098787698087,0.49250038988232203,0.5439894648203426,0.3376979772650078,0.001398299912643508,,0.3836701475790363
68,rare-sweep-76,run_28befb000a6fefd1e04f545b98de385a,0.5698787569999695,1.4187619655392472,3.687261839956452,1.9196083385976,0.8566520987905277,1.969021997151448,1.1633439693682204,3.544148067501361,1.1017940619077706,0.8566520987905277,1.7554359867067564,0.5103187677122363,0.5084682005775057,0.39160361395779464,0.7001151874550952,0.5319287087733288,0.49544585182967926,0.2990990937835133,0.03484328008082019,,0.3223757675009472
69,cool-sweep-77,run_0d6327bb015c2a9bd863156d8321f89a,0.5849393606185913,1.3041225271218893,3.0467338051170394,2.028123815540114,0.9071145441609922,1.7202326317455292,0.9668410976387992,2.777054980947196,1.1828174352495262,0.9071145441609928,1.262533628738724,0.5539888300370172,0.3872561326265413,0.3968207068288478,0.6199506819021688,0.4271013079513888,0.559039281846616,0.2975351446233696,0.01960894429333651,,0.41491991655777355
70,glad-sweep-78,run_2363e1f0001fa1de55f7725cdb8976b0,0.5417996048927307,1.4274282067645183,2.390146978769734,1.9993935565382186,1.2904360199207237,1.5051471751859473,0.9450287172941921,2.057539466521503,0.5514845230574863,1.2904360199207232,0.9237102389618607,0.55806771095111,0.44256099127157816,0.3576940267535038,0.5768066341546738,0.45663745022950203,0.5371502529293766,0.44370348902042683,0.09114969094569703,,0.5273439944866968
71,rosy-sweep-80,run_8a207e78af5d14aad85ff84dc54df873,0.6080408692359924,1.2484365028717297,3.184540010887316,2.0798736576121293,0.8765016769996953,1.6189230890963757,0.984594767070837,2.995699510070768,1.3190903348073288,0.8765016769996956,1.2082251938597872,0.5659949957683078,0.45814110540868397,0.42424480413753474,0.668818436138249,0.4338198753752368,0.5723432003500777,0.3400165627104077,0.026381609009259926,,0.45496889740772883
72,clean-sweep-81,run_62992d87ca9184e8d67bfc835cb2351b,0.5978302359580994,1.2734141671984684,3.058192705498095,2.023297536323437,0.9605905071653625,1.6416521601519227,0.9462412252712183,2.798639085465433,1.1259633607075188,0.9605905071653631,1.1859154929577467,0.5744078979073398,0.40037420712059707,0.3904044950994477,0.6205795145471191,0.43243087645066847,0.5670218664277704,0.30853295484019777,0.03250648334092954,,0.4416082843182183
73,clean-sweep-82,run_a91b10afb595170c18a1bc15696434d6,0.5452457070350647,1.3909636247606894,2.195699510070768,1.8040682248894504,1.4752312226852324,1.5797792372210793,0.8751499680918948,1.7811649428415894,0.3477700568540742,1.4752312226852333,1.2275003956322208,0.5534387997697143,0.4192555414359724,0.3232567123200204,0.5089727241146316,0.44368983574666354,0.5496922917748346,0.44521215441373707,0.12205409305423226,,0.5032840696574521
74,polished-sweep-83,run_5d3b85e4f87dc5f379f23abc314f11db,0.5407785773277283,1.371601786853861,2.719433859553621,1.748464939987366,1.4378087203984147,1.7606108561481246,0.8501978302488834,2.4294501905280352,0.23571699305116908,1.4378087203984153,1.2990821332489326,0.5308332625750356,0.4325317045101018,0.3386109248794815,0.5402645419363878,0.4277095875750272,0.5625707124074291,0.4028002930878082,0.053151235443811784,,0.41046004562206373
75,vivid-sweep-84,run_2092db915c1f319dadfacaf2212a79c2,0.530312716960907,1.5900191448627954,2.9709853021230272,2.092937460518004,1.2997001727817872,1.85710159835417,1.0125079770261647,2.715133369624388,0.4439924194567286,1.299700172781788,1.3535567336603893,0.5915473547036421,0.598594282561593,0.32640966701784635,0.6405530593117172,0.5619016563106811,0.4779774539511581,0.38427455689707546,0.0481240609055231,,0.3909371589272702
76,fine-sweep-85,run_96ad4cad219a448364c1b218a3d96c99,0.5161455273628235,1.5414294830887045,2.654409363091998,2.2747694251421358,1.0873615204797236,1.719255420161418,1.0670197830248886,2.3786880783886764,1.0147062539482012,1.0873615204797247,0.9849224560848244,0.5722148292050602,0.45365164915640194,0.41916738498866646,0.6155050796078615,0.499335111042277,0.5053723359440707,0.4005023343562513,0.09572641864283782,,0.4648433714990594
77,noble-sweep-86,run_1a25343d0adb913f700a35af9b98eae0,0.561582624912262,1.3921123165283984,3.2369896570495387,1.8169804169298804,0.8402530744994412,1.644421585693939,1.1368474792597316,3.1035111594991838,0.8638787113076447,0.840253074499442,1.3816584902674476,0.49344332485512055,0.4999788256801472,0.39160425246623887,0.6766227737613709,0.5034032350362754,0.5158651531724969,0.4338447367408771,0.09371370221474057,,0.44285587115273634
78,dry-sweep-87,run_1e414b9b14e251fe9209b17ce84d1f15,0.5613273978233337,1.4508487555839185,3.9759390310288523,2.121554011370815,0.6227360504116273,1.9454897926887167,1.1864454371410345,3.8494284158954826,1.4508022741629831,0.6227360504116285,1.6815081500237377,0.48718274013215723,0.5734735361643917,0.4451398333492961,0.651773177579788,0.5163116174901634,0.49024065851616627,0.28629991025000157,-0.013587108724872676,,0.3350014626518995
79,pleasant-sweep-88,run_d09a6172294ebe3176b4fd03d8a28229,0.5275048017501831,1.4904148053605617,2.341344583560153,2.105495893872394,1.233412948470373,1.5894840955847445,0.9375877472878111,1.9657321720195975,0.6209728363866086,1.2334129484703726,0.906820699477766,0.5826456117997355,0.47194646623611947,0.34575040704913323,0.5956290727788522,0.4761788991580521,0.5262523091375606,0.4238940477642349,0.10316967993103787,,0.5093079186008304
80,breezy-sweep-89,run_53ebefad1cdcf47f87f383af155d4234,0.5825143456459045,1.3783024888321636,3.596107784431138,1.9857233101705627,0.7113629433885558,1.8744658965026115,1.078902361199745,3.481954273271638,1.112950094756792,0.7113629433885567,1.6503481563538533,0.5531666924357774,0.558277918316462,0.3829198991156658,0.7515589681827877,0.5615290874616707,0.5363712351774312,0.37115584072443086,0.05365609384693762,,0.3840123586810472
81,zesty-sweep-90,run_dfaf73cfd2523af85bb3a3965bd3545a,0.5401403903961182,1.4492661135928528,2.476755579749592,2.0823626026531903,1.3058237625774978,1.5569631270770692,0.93962986598596,2.1096897114861193,0.561250789639925,1.3058237625774969,0.9468428548821022,0.5642698657029386,0.43756544208449455,0.3728744053890113,0.591730836234685,0.4562262814848212,0.5297093802422881,0.40643182111624715,0.09436101771852423,,0.5074885809382723
82,icy-sweep-91,run_a1542d59e23dd3f538f316840f0a0c51,0.5965539216995239,1.290657306955967,2.711050626020686,1.9309917877447886,1.2023223904868383,1.643927045418579,0.9222080408423742,2.386390854654328,0.8151863550221097,1.2023223904868365,1.0497903149232473,0.5910556542583689,0.4113905466205668,0.3606720301375986,0.5962797485954405,0.43555367305168635,0.5600911544572771,0.34775753776103024,0.03757257045188858,,0.4654570391150913
83,wise-sweep-92,run_bcab4dd0d7298e09d2309dde9eab5f3f,0.5957881212234497,1.2730312699425654,2.610778443113773,1.8271383449147192,1.2367821933123286,1.6738803608165849,0.916426292278238,2.274578116494284,0.7584586228679717,1.236782193312328,1.1003323310650424,0.5884343067679141,0.38998276887150135,0.3752004916515021,0.5579359762685158,0.4136612121603956,0.5650524632624,0.35943303586665787,0.025642187021307328,,0.44645624423780683
84,wandering-sweep-93,run_bb046c76838d097f7619880b0fe00dfb,0.5859604477882385,1.365743458838545,3.5003810560696795,1.9219204042956417,0.8477487549547719,1.8474798227567657,1.073848117421825,3.3795862819814912,1.0128111181301334,0.8477487549547714,1.6203869283114412,0.5418312175451774,0.5163792207757282,0.380139833349296,0.712787949665612,0.5384298061981951,0.5299405068452802,0.39036915162481095,0.036459928947309095,,0.3899426370237031
85,glad-sweep-94,run_4d5f39dda7b7eb48b99436d5d3a53cce,0.5144862532615662,1.4488832163369496,2.6212030484485576,1.7354643082754264,1.3477030185994512,1.6271126760563377,0.9369495851946403,2.3473870440936317,0.1879722046746684,1.3477030185994514,1.19721079284697,0.46969981713636827,0.46934450941919564,0.37455272483478597,0.5683511851223677,0.4409303958710209,0.5276539681986065,0.43943444391080566,0.07606636869449443,,0.4568429028117354
86,silvery-sweep-95,run_46f9907643850b2034e2f38309aae32e,0.5922144055366516,1.3417868538608808,3.5316276537833433,1.884548325963361,0.7800792763492226,1.7583359708814685,1.107402680280791,3.42182906913446,1.1030448515476958,0.7800792763492232,1.527460832410192,0.5347553150144437,0.5176351610398823,0.40197123519458544,0.718545738044654,0.516582063525441,0.5341580557565824,0.3778256557511651,0.06232720963951929,,0.41984047481198405
87,magic-sweep-96,run_43aa4c0b99ba0b6ef026dfe02b04e5f0,0.5830248594284058,1.3780089342693045,3.9129831246597715,2.3078332280480107,0.491996137818884,1.9990623516379176,1.1165666879387375,3.8075394665215034,1.4730890713834495,0.49199613781888424,1.7731721791422703,0.4908487004481887,0.5929728678853062,0.47861284040481433,0.7375749398609435,0.5524482042802701,0.5202216948550482,0.31271770788759057,-0.014274388460247395,,0.32335047143541273
88,scarlet-sweep-97,run_645d0881b2ea20a755b5aebb9705a2ad,0.5541799664497375,1.3534524569240591,3.2312738160043555,1.7491850915982317,0.9100111799979675,1.6399786358601047,1.0854499042756864,3.1094991834512795,0.7777132027795339,0.910011179997967,1.4276823864535542,0.5026432316401864,0.501883586624462,0.4048609647862593,0.645538042665784,0.5308493911295014,0.5404033737399715,0.4387248583790747,0.07503176067091949,,0.445798294119255
89,dry-sweep-98,run_2a23bdcce97cc6bfd245a17c9fa7e8ee,0.5730695724487305,1.332239948947033,2.8373707131192165,1.8420088439671514,0.8456296371582479,1.4515192277259061,1.066560306317804,2.630021774632554,1.0308907138344925,0.845629637158247,0.9867304953315398,0.5547012927808389,0.4652292820239447,0.4173908948695847,0.6569759720358922,0.47118760821850636,0.552880373152091,0.43593020201420535,0.12849779290057078,,0.5226337292136602
90,easy-sweep-99,run_c7cd8315ca9254e91991dc570fb6134b,0.5507338643074036,1.4674154435226547,2.9443385955362014,1.9922552116235,1.1779652403699563,1.7848868491849978,0.9740140395660496,2.736717474142624,0.4845862286797218,1.1779652403699559,1.3464393100174086,0.5744804272562078,0.5726854006117826,0.31024199470037994,0.6453206776703477,0.5306813499928869,0.5181965019561259,0.4227787903217657,0.045869555029037085,,0.41083006069317207
91,blooming-sweep-100,run_1217ca98399f2782d4d749be6e9f2839,0.6880663633346558,1.0116145500957243,3.6155416439847583,2.1721667719519906,0.7959548734627504,1.9798306694097165,0.7916528398213144,3.392079477408818,1.6475173720783323,0.7959548734627497,1.5715540433612925,0.656921708749082,0.4674250222934934,0.6028255594930243,0.52083738569789,0.40456924903569075,0.643049699553063,0.2233475296469961,-0.27099069691304917,,0.297571822329607
92,honest-sweep-101,run_bf1b36edc019b8e3c6b6dc96605e4f0b,0.5345245599746704,1.4798723675813659,3.067501360914535,1.8343651295009478,1.32729444049192,1.7881587276467796,0.9381493299298012,2.839793140990746,0.3218698673404937,1.3272944404919198,1.364436619718309,0.5333496869261233,0.5342063243863744,0.3225813300130894,0.5938319516704553,0.473027535569283,0.5152256360485451,0.38912026186072257,0.0244145390985471,,0.3998087943381139
93,bright-sweep-102,run_6ffeaeec89a24a48279975890544021e,0.5255903005599976,1.4437779195915765,2.7722917800762117,1.9137965887555275,1.1985415184469967,1.7016181357809783,0.9156604977664325,2.524278715296679,0.4399620972836397,1.1985415184469972,1.2637640449438199,0.5214195933771422,0.4625410201897302,0.3161260096414775,0.6197319019113368,0.4555460686141699,0.5345758950596267,0.4173466545892975,0.07542425058447474,,0.4405459523969228
94,fallen-sweep-103,run_d784bcda001130fff8fedf0eff2f0fea,0.5962986350059509,1.2798851308232293,3.6209853021230276,1.7765761212886926,0.8240776501677,1.849473809147017,1.0655137204850036,3.4725367446924333,0.976626658243842,0.8240776501677,1.6237339768950798,0.5064594537768834,0.48768419201549396,0.4348564952271494,0.661066916795873,0.48826431972301154,0.5429623623807573,0.3138621536249022,-0.0200216887806815,,0.3520599547736229
95,winter-sweep-104,run_937b976e3d3bff473d331f46f2531ebe,0.5221441984176636,1.4578940650925336,2.570577027762657,1.9160328490208467,1.2564742351865028,1.6581460674157305,0.9394256541161462,2.2397114861186718,0.22198357548957776,1.256474235186503,1.1849382813736353,0.5059556337556221,0.48046082514253946,0.298926348050953,0.615401758311122,0.45461655793530004,0.5268682730248796,0.42098772727638334,0.0785018844466858,,0.4462467417690111
96,proud-sweep-105,run_7d4090d3beec48ee5e973708816e0163,0.600127637386322,1.2646713465220167,3.1330974414806754,1.789905243209097,0.9316902124199615,1.6632338977686343,0.9108487555839198,2.9816004354926515,0.7118003790271644,0.9316902124199604,1.3490386137047008,0.5813707430987759,0.5012819949189721,0.38804536602496564,0.6651184941790053,0.4692070184654532,0.5759616965773497,0.449634012562198,0.0684409286061401,,0.4378200373808828
97,hearty-sweep-106,run_946b49512759b6b598e83da84cf61674,0.5530312657356262,1.4281301850670072,2.945508982035929,1.8999115603284904,1.2424890740928956,1.7055269821174237,0.9250287172941917,2.7000544365813823,0.33409981048641846,1.2424890740928958,1.2901527140370301,0.5530043569567216,0.5704412811057977,0.29829406506401046,0.6237088754642647,0.49304065950646064,0.5275369534245644,0.40785997164412013,0.05642871448078385,,0.43225344168936125
98,worthy-sweep-107,run_b915462cbb7ff83f8ea9757cb5e593ac,0.5633695125579834,1.4333631142310148,3.2335873707131197,2.085306380290588,1.020896432564285,1.8977686342775755,0.9347798340778557,3.035002721829069,0.6262286797220471,1.0208964325642842,1.52043836050008,0.588637913099936,0.5175068872649852,0.33898876225138075,0.7060292206104505,0.5408705334278464,0.5284209958471495,0.3684699542745533,0.06323399786388012,,0.3744719173360523
99,smart-sweep-108,run_894ea83b96092fcdc943ba9baa6b3bcb,0.5629866123199463,1.4312571793235485,3.4240881872618405,1.8275805432722683,0.9461683097875803,1.832208419053648,1.0964262922782382,3.3006260206859013,0.8885786481364505,0.9461683097875805,1.579565595822123,0.5107554311866522,0.49443381153690663,0.39937106918238996,0.6733875597911481,0.5198110008919371,0.5054874613714588,0.3987699362080254,0.05077666391458241,,0.3897424730585487
100,usual-sweep-109,run_b97d50b472be564c2a389b7e0c6f6701,0.5520102381706238,1.3130950861518829,2.7943658138268916,1.8651421351863553,0.9610885252566319,1.5493867700585537,1.005245692405872,2.577599346761024,1.1838534428300702,0.9610885252566316,1.1273500553885114,0.540566013412868,0.4630555054101075,0.4273648756504805,0.6034075396266232,0.4488861244150648,0.5736650252786284,0.3997143760238193,0.07143121924208798,,0.4875426045779757
101,golden-sweep-110,run_38b97bd413aee1ebf43ead45e2cea10b,0.5758774876594543,1.3587109125717933,3.268535655960806,2.17348073278585,0.9883169021241998,1.8728596296882416,0.9352010210593499,2.9989112683723462,0.8048389134554635,0.9883169021241995,1.4562272511473324,0.5348429584368665,0.4791713220548132,0.3774726239504518,0.684115051593812,0.48606592657353,0.5407856236573525,0.310128643708791,0.02491003017893162,,0.3750775049714245
102,decent-sweep-111,run_902ee9156e0730ca1a00a94df08ccea2,0.6139119267463684,1.2722271857051692,3.506260206859009,1.9944156664560964,0.9197072873259478,1.878869283114417,0.974716017868539,3.3684812193794236,1.0721415034744155,0.9197072873259459,1.6348275043519542,0.5771741083059967,0.5404558944599268,0.37851131756217476,0.7008503210545632,0.5299042017268492,0.5550262190320728,0.35737448790358106,0.01657782222834328,,0.3684902023761872
103,noble-sweep-112,run_1e83c71f3777e59007b33b6bc912dc08,0.5825143456459045,1.38892150606254,3.577626565051715,2.1272899557801646,0.7881542839719485,1.881512106345941,1.0889342693044035,3.446325530756669,1.1659507264687308,0.7881542839719486,1.609799810096535,0.5601853284387348,0.5678884006076982,0.41259809085975163,0.7380336035074335,0.5785190224009564,0.5277009434701052,0.3575342385349466,0.04288334939576699,,0.3863643605167313
104,smart-sweep-113,run_0c07da17c4a0aac00b4fe5d5deeb7d58,0.6326739192008972,1.1779195915762604,3.7264833968426783,1.9110675931775116,0.9154487244638683,1.9013570185155881,0.9447606892150607,3.583043004899292,1.2236133922931147,0.9154487244638676,1.5811718626364928,0.5752308922124165,0.5102821120732971,0.492992529451202,0.5743693746511431,0.47619975037782586,0.5844736562009092,0.3069962577024662,-0.10040493267900069,,0.3379530567170864
105,lunar-sweep-114,run_ecc4bbc476899562c0eb2fde7fdbe29f,0.6525845527648926,1.146266751754946,3.576183995645074,2.069968414403033,0.8096554527899178,1.810737458458617,0.940753031269942,3.377000544365814,1.5515350600126347,0.8096554527899167,1.4090045893337553,0.6200564736149479,0.46591997617525055,0.5272919260607221,0.5621475333095978,0.4267199441623971,0.6009585181358423,0.2639282386103999,-0.12586740557164663,,0.37507151686428175
106,comic-sweep-115,run_d5173e0012e9bac2b875a1c3493a5587,0.6146777272224426,1.2311805998723677,3.338214480130649,2.016399241945673,0.8641020428905378,1.8196273144484887,0.9439310784939378,3.1121393576483403,1.2743145925457995,0.8641020428905373,1.3841628422218712,0.5769350576210207,0.430207757444203,0.4546710085240877,0.5708505905146006,0.40667346232166435,0.576020759982621,0.2910247178123049,-0.05716795780017664,,0.370603852089585
107,unique-sweep-116,run_573d073fb827d7246ac0c706ef9ff18d,0.5652839541435242,1.349546904913848,2.829205225911813,2.1955780164245104,0.986558593352983,1.6762937173603418,0.9074792597319717,2.5766739248775177,1.1227795325331658,0.9865585933529833,1.0608244975470806,0.6005418527054299,0.4363842546811281,0.4196957507263034,0.6286130050048323,0.43888270365112103,0.5715045136963082,0.3829866747403843,0.06389234462842378,,0.46132214545795885
108,misunderstood-sweep-117,run_00f2b9db23b81b9b822e9baecb6bd90c,0.6805360317230225,1.0493171665603065,2.7259390310288523,1.5370435881238158,1.7827573940441104,2.1320541224877356,0.8712954690491377,2.304708764289602,0.7733038534428307,1.7827573940441093,1.600221554043361,0.7199884648308459,0.3665362475562688,0.532417392970022,0.5335474787554121,0.32849143391248115,0.64059475321671,0.2394518396005025,-0.2083936705991034,,0.23321951418783732
109,royal-sweep-118,run_fb65ca6f39b54646b73cde9c84b9c8b8,0.6007657647132874,1.2964773452456926,3.254327708219925,2.2578016424510428,0.8436324829759124,1.6882101598354171,0.9513592852584551,3.029831246597714,1.3406569804169302,0.843632482975912,1.2151289761038138,0.5757055617044532,0.47429301060006024,0.4588778214091881,0.6841376222514443,0.4140696833478762,0.5626128045196257,0.3160974383177114,0.033783176830546824,,0.4359053200265177
110,absurd-sweep-119,run_79e38bbbd55a003838cce9446e678286,0.5670708417892456,1.3691384811742184,3.109172563962984,1.9013139608338603,0.7925551377172477,1.4461900617186267,1.1325845564773453,2.9452640174197064,1.2007454200884407,0.7925551377172478,1.094591707548662,0.5537712662065455,0.4964524739236593,0.43964658557609426,0.6898301270181881,0.5054514329080824,0.5349886427748467,0.40101739978624995,0.11298487487295075,,0.5118085686256272
111,gallant-sweep-120,run_7a21eae120241dbdc6f43f77eee7f1f1,0.596681535243988,1.2764390555201024,3.3383505715841046,1.7511939355653825,0.9466104278890132,1.698979268871657,1.0237268666241226,3.1939303211758308,0.8882501579279858,0.9466104278890128,1.4615920240544387,0.5544038583137327,0.4943609105697586,0.4251963413466143,0.6845720995679802,0.5009428525341946,0.560909063896026,0.400990146960569,0.05413841690034038,,0.4312178498931716
112,dainty-sweep-121,run_f4aa371d9d1a7b9150cb18ef361c0b74,0.5888959765434265,1.3386088066368858,3.633478497550355,2.103095388502843,0.7523020632178068,1.9163277417312867,1.0592980216975107,3.4741426238432243,1.2241061276058125,0.7523020632178056,1.6499327425225514,0.5038586324606011,0.5247857131331778,0.41594355585352616,0.7111321420119625,0.5216576149368211,0.5329281412534854,0.32401274259255586,-0.0050390170804774925,,0.356054413342373
113,apricot-sweep-122,run_9470bb670af3aa6a33eb9d5d59f8e46e,0.5462667346000671,1.4377791959157629,2.7816276537833424,2.0065698041692994,1.1409848561845717,1.567443424592499,1.0063050414805366,2.491807294501905,0.9203284902084663,1.1409848561845715,0.9767803449912972,0.5657122166806666,0.4222227092699968,0.36507278996264725,0.6406847239953426,0.44486192869445457,0.5276216459607702,0.3760946424664681,0.10026054454126732,,0.49801980391296674
114,ancient-sweep-123,run_9faf1a1881792ffa6d850fc9e54f8134,0.5356732606887817,1.4517166560306318,2.404055525313011,1.991042324699937,1.3150015245451774,1.5183771166323785,0.9296490108487567,2.03884050081655,0.4856475047378411,1.3150015245451794,0.9798108877987022,0.5604548737590533,0.4515763643696857,0.33881045876831717,0.5991278073739545,0.483331089417782,0.5311290249244363,0.40252887477589805,0.10477752918814001,,0.5298862850955998
115,serene-sweep-124,run_bc8923807e98893ebd01ab3ef4294c0a,0.5657945275306702,1.3321761327377157,3.4680729450190535,1.7179406190777011,1.0695802418945017,1.9127670517486945,1.0188385449904278,3.300081654872073,0.9637018319646249,1.0695802418945017,1.559412090520652,0.504550457936251,0.5361191429762787,0.47344986112441334,0.5183360022060495,0.4602531656398905,0.5413125999762092,0.36450780372157077,-0.05636520220493976,,0.33106682714762625
116,frosty-sweep-125,run_eb8f6b2daeb25a7470db44a8bb215135,0.5231652855873108,1.4900957243139759,3.081382689167121,1.8514087176247633,1.3686655147880884,1.84412090520652,0.985998723675812,2.8088187261839956,0.4465319014529378,1.3686655147880895,1.3747586643456249,0.4955085748681337,0.42749225303376925,0.32343549468441724,0.5503589955287321,0.4281717611070147,0.5048334246219733,0.34273952674024777,0.01628945542613383,,0.3730576207635154
117,fancy-sweep-126,run_c43db287b67f96343b88bb9c2e8f72d2,0.5466496348381042,1.4129291640076578,2.7794229722373442,1.7571825647504737,1.405686553511536,1.6839610697895238,0.832839821314614,2.520359281437126,0.1733038534428301,1.4056865535115362,1.2311679063142902,0.5765829497019865,0.5338937835294607,0.3164988985729337,0.5584788085311171,0.48917636532174724,0.5561502856768066,0.42836263120097606,0.08159644431185342,,0.4395328109835994
118,effortless-sweep-127,run_b1aa1ba2edc1c59661ad150082fa00f8,0.5716655850410461,1.3591448627951501,2.9662493195427335,1.8711054958938724,1.1428905376562661,1.7559977844595667,0.8395532865347799,2.7654872074033756,0.4889450410612776,1.1428905376562664,1.298298781452762,0.583167814108634,0.5824510555151764,0.35535836286434885,0.6442909213807072,0.5549821158764571,0.5618835688242656,0.4224408913141464,0.06563468406075323,,0.4290847015025248
119,icy-sweep-128,run_461359d9ff73bfc75971277e17173d7b,0.5955328941345215,1.3132992980216975,3.52103973870441,1.8511939355653828,0.8058237625774977,1.7924552935591074,1.0275558391831532,3.3973598258029405,1.0103095388502856,0.8058237625774978,1.557837474283906,0.5566798322907238,0.5339370739128133,0.3991782396322191,0.7168981831469332,0.5297466067947211,0.5542479798922693,0.3745606795125036,0.057133927985450556,,0.4060359254583961
120,deft-sweep-129,run_8638990614b652574f6a75d7d131f0af,0.5905551910400391,1.3581493299298022,3.654599891126838,2.0021225521162354,0.8985313548124811,1.84554913752176,1.0887683471601797,3.504790419161677,1.1808970309538869,0.8985313548124811,1.6004391517645207,0.5267454738962756,0.517963903375464,0.3923281614149347,0.7144680780628176,0.5258525068433298,0.5222901515363471,0.3321338976037619,0.03398283975089836,,0.3843873698315645
121,trim-sweep-131,run_4f18104d15d26fd3704cce0512f9de8a,0.5296745300292969,1.5065475430759414,3.2698149156232996,1.9142514213518638,1.2507114544160995,1.8621815160626685,1.0146011486917683,3.1016603157321727,0.5197599494630457,1.2507114544160993,1.494085298306696,0.540880101151278,0.4937739497591947,0.3183901605848737,0.6169968779417292,0.4860666122741429,0.5022388914014959,0.3866307423734273,0.046034704355030515,,0.3694859948001561
122,sandy-sweep-133,run_d4c3138878b857b36778325b46b12d93,0.5532865524291992,1.4788257817485644,3.6364180729450193,1.979734680985471,0.6970677914422199,1.886959962019307,1.1814932992980232,3.49896570495373,1.195426405559065,0.6970677914422204,1.637988605792057,0.4871022261118828,0.5034707274632506,0.38957092232544777,0.7196175637297509,0.5326853027265415,0.48479422388033944,0.34506614094981336,0.03687220207176031,,0.37072924313078026
123,prime-sweep-134,run_601bc48ef2ae58d2d8c963b10539e8e9,0.5340140461921692,1.4193873643905555,3.4596352749047363,1.7284017687934305,0.9596351255208863,1.7223848710238963,1.1576388002552653,3.322890582471421,0.7868477574226158,0.9596351255208868,1.5361924355119492,0.4966603363299725,0.5284186914508927,0.4221506560674265,0.6827145873325985,0.5308978761623819,0.5147058296346629,0.38925146762588003,0.04600139249012186,,0.4341398417359331
124,golden-sweep-135,run_75c9a345578b19bb0772b99241bab26d,0.5812380313873291,1.3295086151882578,2.899891126837235,1.9622741629816802,1.2394501473727007,1.8438756132299416,0.8653095086151882,2.5913445835601516,0.5059507264687305,1.2394501473727009,1.4052856464630488,0.5664810010246046,0.45938232404093693,0.33211473996743607,0.6255363793871868,0.4382858153615099,0.5516754006580529,0.34655541791839,0.03197984872857959,,0.3728888284898906
125,helpful-sweep-136,run_afac8a49fd08de3d5f47478f68401334,0.5574983954429626,1.3942693044033183,3.237479586281982,2.0131775110549595,0.8868685842057121,1.589108244975471,1.100944479897895,3.0397114861186725,1.2783449147188894,0.8868685842057125,1.2009772115841106,0.5256400180328838,0.4416081400539719,0.4079942853494237,0.6602665639824757,0.46200820897807654,0.5319618170929812,0.3410429179187955,0.08922977189444689,,0.46801169447373187
126,zany-sweep-137,run_815a45aed984228c1503f50ac462cabf,0.6146777272224426,1.209125717932355,3.215351115949919,1.896146557169931,0.9261459497916456,1.6848591549295775,0.9609572431397566,2.985247686445292,1.192722678458622,0.9261459497916448,1.3168816268396901,0.5832588435467636,0.41706015400435464,0.42629473549787694,0.6299239062877351,0.4657989721419234,0.5827224847883024,0.2992366861786725,-0.0006551314184397861,,0.42096308200654586
127,deft-sweep-138,run_70b4b106ec94e96d56f95e5b139b4f5b,0.5641353130340576,1.3595022335673261,3.459036472509527,2.2165003158559706,0.7944811464579734,1.7128620034815636,1.025258455647735,3.288649972781709,1.4968540745420096,0.7944811464579716,1.2451930685235002,0.5574437103809089,0.46133992297093024,0.46366216518213454,0.6040895180146084,0.41477900741993545,0.5579568740798435,0.3133440877308572,-0.007209468702408434,,0.428613402750106
128,usual-sweep-139,run_9532558a418bb80e205a87ea166c7454,0.5633695125579834,1.3905807275047863,2.809390310288514,2.1638534428300695,0.8501321272487042,1.545671783510049,1.024786215698788,2.5715024496461627,1.0583828174352508,0.8501321272487035,1.0036872922930842,0.5568729721855075,0.4646139999034296,0.4113652906809693,0.6542668055288221,0.4282307397518348,0.5432223794628317,0.4212819743270717,0.12113784811846592,,0.4937222054139936
129,lemon-sweep-140,run_febecdc30efb00bda8237732fca3614e,0.5595405101776123,1.420701978302489,3.6448285247686445,1.8930132659507268,0.9026272995223092,1.8869757873081185,1.15446075303127,3.5145073489384875,1.0527605811749852,0.9026272995223078,1.6663237854090847,0.4955972074796787,0.49386322407448996,0.3975810107588673,0.6641457319604634,0.507261325908451,0.5013270923496884,0.3324803665620431,0.03214844554434246,,0.34729754189907996
130,solar-sweep-141,run_e84126791543745017c4f867e19d0e55,0.5818762183189392,1.3741671984684112,3.3888132825258586,1.9613265950726475,0.8003150726699869,1.7808078809938284,1.0948053605615833,3.2720468154599898,1.0173215413771326,0.8003150726699864,1.5557406235163795,0.5368804657907519,0.5307562189858998,0.3762840404814354,0.7201961509432466,0.5424820052138302,0.5317204660678105,0.41260012861986434,0.03967140094672711,,0.4203746211382766
131,young-sweep-142,run_d3aac7d50edcb012d23b6aac82407319,0.596681535243988,1.3120867900446715,2.832063146434405,2.269450410612761,0.9191838601483892,1.6572202880202567,0.9098404594767067,2.539412084921068,1.171939355653822,0.9191838601483889,1.0714551353062194,0.6056094958797731,0.45734210517748924,0.440372729304345,0.692264150780715,0.45159308462184977,0.5663461251465669,0.34859858689867096,0.06689962248877904,,0.46787421372349375
132,splendid-sweep-143,run_e8a022f35013b53f02c03a40299483d6,0.5957881212234497,1.3145245692405874,3.4179368535655965,1.9655843335439045,0.7175373513568454,1.7218745054597249,1.0371282705807272,3.310533478497551,1.098243840808592,0.7175373513568463,1.4796130716885583,0.550627020570036,0.5193565425574914,0.38918685949621684,0.734770360725997,0.5230539829812001,0.5559417918221583,0.4147726463691991,0.05453370997859816,,0.4350374894765846
133,volcanic-sweep-144,run_7a9c505aabbc2b36a16a68bdd33c6128,0.5573707818984985,1.368385449904276,2.240772999455635,1.8663044851547699,1.2048785445675374,1.4942791580946353,0.9522782386726226,1.8830702231899845,0.6757548957675302,1.2048785445675378,1.0295932900775444,0.5682195162358176,0.4332871517514894,0.36856527152571594,0.5555042656672532,0.47763366800329676,0.5487034249482188,0.47156282584716125,0.1421136670275075,,0.5217489121871925
134,easy-sweep-145,run_2a71eb3d6f1b560df8b348ef267edd85,0.5396298766136169,1.4509125717932354,2.4409363091997833,2.0033859759949464,1.3018497814818581,1.527943503718943,0.9068155711550746,2.0686989657049546,0.45480732785849703,1.3018497814818581,0.9903188795695518,0.5703175581155443,0.44166709356012346,0.3569147271972672,0.6153630775273514,0.47118464755903156,0.5323618281317276,0.39435776803020584,0.10317783757892615,,0.5296896619126744
135,clean-sweep-146,run_565a96ba3d7c2a3a4838458590e66106,0.5604339241981506,1.3172431397574986,3.02163854109962,1.6295135818066966,0.9571602805163129,1.4084981800917866,1.0925079770261636,2.8530484485574323,1.0516993051168666,0.9571602805163135,1.0564567178351003,0.5949605543924725,0.5713326207422521,0.5181101746320596,0.6368823760830298,0.5384833933891626,0.5606257804340157,0.42273328783037,0.12365676743106663,,0.5357435172009497
136,absurd-sweep-147,run_65fda312ae3da2d5c89fc6e08a994b63,0.5950223207473755,1.250363752393108,3.3299129014697884,1.8194946304485158,0.7972354914117288,1.810800759613863,0.9840970006381613,3.1368263473053895,0.9106632975363234,0.7972354914117277,1.512272511473335,0.5109448415090462,0.4439632677819095,0.40717076908342115,0.6080636128586452,0.4609431553565637,0.5644697830105707,0.32592494753093626,-0.022899362915001692,,0.3648829428752931
137,decent-sweep-148,run_ced83fb6951c410eaddc89e2680b308d,0.62233567237854,1.183918315252074,3.2335601524224287,1.8819204042956417,0.8868279296676491,1.6421585693938914,0.9683982131461386,3.0503266194882963,1.2182185723310184,0.8868279296676507,1.31618135780978,0.5761069723892577,0.45075931026068466,0.4322547329438432,0.6141890621377692,0.5119339689183886,0.5887714706036773,0.32027082998376677,0.0023582674380690782,,0.43191203064151984
138,glorious-sweep-149,run_6a4e1727e41a019d07f94bc0cb71f0e9,0.7363114356994629,0.831665603063178,3.463091997822538,2.0320656980416936,0.6273147677609515,1.843258426966292,0.6600765794511804,3.2178007621121396,1.5391029690461149,0.6273147677609505,1.458205412248773,0.705769701421495,0.45030411773593143,0.6338414264278645,0.5391669471617353,0.41243140342849904,0.7112044120306513,0.24491302298137585,-0.3117694875259324,,0.33641152175385375
139,glamorous-sweep-150,run_47ef42cc740c5b1970e143b89d5cea29,0.5599234104156494,1.409215060625399,3.4409635274904744,1.7286544535691728,1.0383626384795204,1.7553252096850769,1.1076707083599233,3.301061513336963,0.8374352495262171,1.0383626384795217,1.5117898401645826,0.49362501567607947,0.5179485804531345,0.4275862784535326,0.6484439389321343,0.4969629018286733,0.5113163032273801,0.39113553537641405,0.03250928561695243,,0.4019196376424594
140,rural-sweep-151,run_550d2ccb86b539447a72c1b0469b4e32,0.5319719314575195,1.5120229738353543,3.068399564507349,1.9220720151610866,1.3709624961886373,1.89266497863586,0.9452584556477354,2.820005443658138,0.44308275426405663,1.3709624961886362,1.4446589650261112,0.5370228896492275,0.518952517598727,0.3057612616926859,0.600595285775759,0.47977110324868444,0.5038708880072514,0.3775529749145065,0.0455998966895646,,0.3572374639727134
141,toasty-sweep-152,run_583922142e5b2d4d82d41086677bd5da,0.5628589391708374,1.3665730695596683,2.730266739248776,1.9867340492735317,0.9556865535115358,1.525696312707707,0.9586853860880669,2.4896570495372905,0.7965129500947578,0.9556865535115363,1.0424711188479192,0.5522549603241002,0.49257458589464354,0.3854188615394438,0.6431012293200669,0.4811703913496466,0.5500286745687275,0.4237218657789516,0.12223665410749548,,0.5089698037182385
142,snowy-sweep-154,run_4bd393d446cbc2ffd3d90e5bebf81119,0.5494575500488281,1.3831525207402682,3.4056886227544916,1.7772331017056227,0.8424433377375748,1.695932900775439,1.1491257179323555,3.2862003266194884,0.9366013897662664,0.8424433377375736,1.527765469219813,0.5031816131502738,0.5162951068415497,0.42610701401526035,0.6935211573329494,0.5319495777471287,0.526318003422221,0.40074988781742393,0.05021960335328138,,0.4333085374906969
143,tough-sweep-155,run_e31e1a5f5d9c2037c4f554e2312aad4a,0.5791959166526794,1.3493554562858967,3.235274904735983,1.6737839545167406,1.427665413151743,1.948844753916759,1.018098276962349,2.9789330430049006,0.6893240682248897,1.427665413151743,1.486113309067891,0.5414802798491324,0.4363071388677489,0.4386931328416819,0.5146611787455886,0.401893206451334,0.5169770387128582,0.3000470548153826,-0.06675276152162354,,0.30716879128045615
144,vocal-sweep-156,run_8d40da42f2f1efaeb0d6354ecdbaf7bc,0.5340140461921692,1.4743331206126358,2.579912901469788,1.980581174984207,1.4197530236812688,1.683755341034974,0.9427440970006387,2.2338051170386506,0.5411118130132668,1.4197530236812694,1.0732394366197173,0.5559337975296827,0.43958428998918514,0.3295386776490119,0.540541977063716,0.427096152038583,0.5205600759738583,0.3837392212975786,0.06669577849293334,,0.4631763537649941
145,swift-sweep-157,run_1e3625950159ece37437ef2e4d817ba6,0.5457562208175659,1.451180599872368,3.1829885683179104,2.052596336070752,0.8414676288240676,1.529260959012502,1.177894065092533,2.9908274360370175,1.2910802274162982,0.8414676288240676,1.174513372369045,0.5305123024179338,0.5110736660593002,0.41695415509370115,0.685358399070342,0.4812494629766709,0.5132649244659856,0.3705362731891472,0.06859217664433959,,0.49554173553103215
146,smart-sweep-158,run_d970ea3757ffcd0c461c0f9b9d42240c,0.5460115075111389,1.4251435864709638,2.346516058791508,1.9938976626658245,1.1771521496087,1.5084981800917867,0.9627058072750487,1.9810288513881318,0.6593935565382189,1.1771521496087018,1.0287545497705326,0.5552833046825072,0.4590631100987392,0.3645104236503528,0.5882878493085131,0.44427983200314186,0.5340082503277603,0.45713406479699076,0.12828743738721066,,0.52639756193098
147,quiet-sweep-159,run_6b9fec056927d996f6a85d8ddf841f88,0.5568602681159973,1.383586470963625,3.1823081110506264,1.8397725837018324,0.873569468441915,1.6310966925146386,1.0722910019144871,3.0633641807294514,0.658825015792799,0.8735694684419144,1.3340401962335797,0.4800648457812487,0.46952291398272256,0.3448655939724803,0.6914064623934881,0.4630214317954353,0.5243816527262436,0.4407058833201498,0.06665660799463602,,0.44960788483321196
148,devoted-sweep-160,run_5c0ca2530a2dee16b3da21d1ac97add1,0.5544352531433105,1.4689980855137208,3.327735438214481,2.0419330385344288,0.9366399024291087,1.7413396106978956,1.1725079770261646,3.2139085465432773,1.185129500947568,0.9366399024291097,1.479059186580156,0.5313990761551839,0.5182130999665279,0.3985732528812693,0.6831433310433918,0.4996410563038576,0.4986421841464618,0.4268678585667593,0.04318945685734604,,0.42527617156541997
149,charmed-sweep-161,run_6f4c2a8acdaf77dd0d4278eb04ce45bf,0.5666879415512085,1.3525335035098915,2.856913445835602,1.8680353758686044,0.9749568045533084,1.5140528564646307,1.0812125079770265,2.6330157866086017,1.086708780795957,0.9749568045533081,1.0722107928469695,0.5314789067620866,0.44843370692905354,0.40758180889442264,0.605966882882567,0.45918152866594253,0.5367856274877886,0.40350820473896915,0.11344987284263613,,0.49016073179333997
150,absurd-sweep-162,run_e9d6129f4e3f1862786288c8ff465766,0.5479259490966797,1.3893809827696235,3.5497822536744694,1.7430322173089077,0.8319443032828542,1.6490663079601204,1.1736566687938743,3.4267555797495923,0.9874794693619718,0.8319443032828547,1.4771087197341348,0.5090135126229316,0.5200844846162056,0.4563616192574147,0.7286857513581203,0.5287999009244494,0.5247027744855315,0.3614300618237066,0.06289190830071217,,0.44600245126157484
151,valiant-sweep-163,run_eebc783521a70fb7d553ce2be434a095,0.580855131149292,1.2989151244416082,2.874550898203594,1.8253442830069493,0.90766338042484,1.4360420952682387,1.0488321633694961,2.6925149700598805,1.0416677195198998,0.9076633804248401,1.0483699952524128,0.5521202601046283,0.4866453754755679,0.4293271717268461,0.6318334351413719,0.5003534085664252,0.5619041904860909,0.4535706640877272,0.11501745922716808,,0.517612070759556
152,peach-sweep-164,run_3b7683f142125cb1941186e27530d0d4,0.5509891510009766,1.3791831525207405,3.3406913445835604,1.6393556538218577,0.8730816139851613,1.6161022313657227,1.1763241863433314,3.249074578116496,0.9312318382817439,0.8730816139851609,1.437450545972464,0.5293005509442779,0.5739731511363181,0.48407974970468987,0.6520962333878157,0.5615349801863643,0.5200908016352603,0.47399330096360665,0.07507167080472157,,0.448557391501363
153,rich-sweep-165,run_991080440297268b6d627a1e84532225,0.5414167046546936,1.4290874282067647,2.305416439847578,1.9107517372078335,1.271826405122472,1.4929775280898876,0.9458966177409057,1.9504899292324451,0.4270878079595719,1.271826405122473,0.9944097167273299,0.5504331173630451,0.4419516045269531,0.3369511221785908,0.5729150643942021,0.46360909571059805,0.5336433087624775,0.4539588975569654,0.1043074458432981,,0.5335103149001393
154,fancy-sweep-166,run_1f022f2877f72ff0a0681d709a16b943,0.6261646747589111,1.2060497766432676,3.267773543821449,1.941655085281112,1.0931802012399636,1.829126444057604,0.9243139757498402,2.983124659771367,1.2102590018951367,1.0931802012399647,1.3681436936224076,0.6032972624986248,0.40998748684035835,0.4676621013312901,0.5451471239293144,0.39928558986920415,0.5794387873027644,0.2554618668589199,-0.07227926733586384,,0.3600923712528559
155,unique-sweep-167,run_5b5c17522addf2a186459e4f56f1432d,0.5657945275306702,1.3244798978940655,2.8105334784975513,1.8784459886291853,1.0362841752210592,1.4211821490742207,1.007492022973836,2.6083560152422436,0.9048768161718268,1.036284175221059,0.9970723215698689,0.5269372355264583,0.4894848622316495,0.39860629569326056,0.6040637216374452,0.4883327723371723,0.5584245296567926,0.4503139544146302,0.11061495312355896,,0.5337529749069978
156,rural-sweep-168,run_d50b955632b6b29856066e94b1de7db7,0.6011486649513245,1.281646458200383,3.3209580838323367,1.7547062539482001,0.8523884541111904,1.676388669093211,1.0250031908104653,3.2096352749047377,0.8990650663297544,0.8523884541111905,1.45821332489318,0.5625748836421315,0.5169285138624059,0.4294697187370303,0.6847309674215905,0.4932477961697014,0.5619016544645925,0.4319807266602318,0.0709146082751185,,0.4392094817824731
157,serene-sweep-169,run_e923eab3b40c9dad478d8ee66d7e1352,0.5492023229598999,1.425411614550096,2.949020141535113,2.1043461781427673,0.9498272182132331,1.4835377433138155,1.0912444160816852,2.7239248775176925,1.1436891977258383,0.9498272182132321,1.0911338819433454,0.5315199262037436,0.44047863127554615,0.40612090157392333,0.6728616218011663,0.4866655179158188,0.5255203120805476,0.3859659258970747,0.07741706440512466,,0.5109081100657491
158,balmy-sweep-170,run_66e6ebe216a90f14a9785d8970a41419,0.5693682432174683,1.3380472239948948,2.748421339139903,1.827555274794694,0.8832757394044112,1.482663396106979,1.0584045947670713,2.547550353837779,0.9533670246367658,0.883275739404411,1.0079996834942242,0.5491299865802144,0.4547871963667844,0.40613893943747403,0.6288153751000756,0.4677224963106609,0.5518427684241243,0.4628234851648281,0.12639032604823724,,0.5112092783260622
159,helpful-sweep-171,run_390e1483e68a9047343b4e1c537c8c6c,0.5506062507629395,1.4057817485641355,2.8276537833424067,2.010018951358181,1.0119575160077245,1.476819908213325,1.059412890874283,2.6178007621121395,1.0252811118130143,1.0119575160077257,1.0567376167115046,0.5406437889275667,0.4468964251734679,0.38561951281805706,0.6333902133785144,0.5101886304391253,0.5349176492423129,0.4207910217538037,0.09085192103709541,,0.5135258203372411
160,worldly-sweep-172,run_c0633a94877064eb60619bab0a506a89,0.5502233505249023,1.3966432673899172,2.5296679368535666,1.898420720151611,1.1718416505742453,1.548156353853458,0.9492150606253994,2.204082743603702,0.5810233733417568,1.171841650574245,1.0728121538218074,0.5419782130072964,0.4184823079782176,0.3377929955623663,0.5922828226942701,0.44193619797605205,0.5412817760225686,0.43523674788904104,0.10919515313309744,,0.5090008912330257
161,jolly-sweep-173,run_ed49f6c98acf9da2b319f3e273b55de6,0.5440970063209534,1.4514741544352268,3.1153783342406096,2.0219835754895774,0.8713436324829761,1.5089610697895237,1.146790044671346,2.925340228633643,1.1972710044219843,0.871343632482975,1.0956045260325995,0.5431068994141094,0.4696908706511511,0.4092376209175367,0.6918814568275582,0.47576274330657187,0.5160163639065029,0.3777913420461331,0.08575907039385183,,0.5102358570145731
162,balmy-sweep-174,run_579e94a8f25a6f8b7e86f679cdb2d1b6,0.600382924079895,1.265118059987237,2.9529395753946663,1.8263802905874924,1.0151336517938814,1.6515746162367464,0.9021059349074674,2.7508709853021234,0.6058622867972218,1.0151336517938805,1.2897531254945398,0.5857382401189194,0.5519092778258811,0.337599048622418,0.6647078363354387,0.5012431870575068,0.5760399373888743,0.4350225558513937,0.07838656996711141,,0.4553519847564371
163,efficient-sweep-175,run_1ff69f3e0357f157060f6fad9327a5c6,0.5945118069648743,1.2895341416719848,3.0651061513336963,1.8057612128869238,0.9397144018701088,1.6367779711979742,0.8991320995532867,2.8907457811649433,0.6445483259633613,0.9397144018701086,1.3063855040354488,0.5816708599179473,0.5460627684727641,0.3658064361651183,0.6781095216867463,0.48573911347853677,0.571725878809205,0.43921305315603776,0.0908558867122006,,0.4582610345266496
164,different-sweep-176,run_6feff6bd2dc525233f90c0493757aa76,0.5748564004898071,1.3421697511167836,2.8142351660315743,1.9623878711307647,0.861459497916455,1.4410151922772594,1.0566560306317812,2.6331790963527495,1.0973215413771338,0.8614594979164536,1.0201258110460516,0.5495092809018545,0.4537397011764,0.4205628451936277,0.6316904352924074,0.5057059383625795,0.553967014010105,0.4618649125206923,0.12860014373526893,,0.5202039349889175
165,glorious-sweep-177,run_d9e690898a7f99e5d1fc0e329718f796,0.5733247995376587,1.362476068921506,2.8563418617310843,2.0915097915350604,0.7702866144933429,1.4890686817534422,1.0483726866624117,2.6661948829613507,1.1103600758054328,0.7702866144933441,0.9923049533153985,0.5575635185209622,0.46211544229275986,0.4026592280432909,0.6747935695120576,0.45895891163034247,0.5519841126690261,0.44800272862930146,0.12069282049375812,,0.5154540712773426
166,generous-sweep-178,run_e85bfae5c20370f935f1085f047b06ee,0.565028727054596,1.419195915762604,3.4035655960805675,1.890246367656349,0.8910356743571503,1.7611489159677165,1.108538608806637,3.2844583560152425,0.9406569804169305,0.8910356743571505,1.5030859313182472,0.4985305586810525,0.5542445235408008,0.3782061105258117,0.7019454905894792,0.5249092192103438,0.5108602509863944,0.39906835997316986,0.03807047159984095,,0.4192108989329016
167,misunderstood-sweep-179,run_a62aaf9846da4d84d99a8b16cb209dd7,0.5514996647834778,1.435673261008296,2.848040283070224,2.1089829437776375,0.9580140258156318,1.4862122171229626,1.0606892150606249,2.603021230266739,1.1087807959570435,0.9580140258156311,0.9549177084981804,0.5659087885807605,0.43398382645517747,0.4018754589279443,0.6892028597130674,0.49435475879814844,0.5252834178881599,0.38355035433871754,0.10253484407339958,,0.5189516768744006
168,fearless-sweep-180,run_ca3a8338f6adc6f4dc01888c1d56e66b,0.5414167046546936,1.428206764518188,2.3860097985846496,1.84433354390398,1.3649710336416303,1.5134910587118215,0.9301084875558392,2.01437125748503,0.4892356285533803,1.3649710336416294,1.0367067573983226,0.5489566327222126,0.43234401040121734,0.3427328161414935,0.573185059733312,0.4592798727804503,0.5333688820727249,0.4139399355318908,0.10565040350502222,,0.5233367656033833
169,zany-sweep-181,run_905b4a817524ff6d520a02727f432d8a,0.5323548316955566,1.5442246330567964,2.888268916712031,2.161983575489577,1.1541569265169227,1.8045022946668778,0.9576770899808554,2.6139629831246602,0.4719014529374607,1.1541569265169234,1.3808751384712767,0.5892137279537809,0.5361908221536281,0.33361523481148037,0.6684015087747226,0.5394561397764227,0.5011176941795379,0.3885981506477968,0.035966481629614216,,0.41681510599956706
170,vital-sweep-182,run_3dedf999f96e44e4bc8a51291b8ce439,0.5931078791618347,1.279731971920868,2.9755035383777906,1.8905369551484523,1.0378341294847038,1.647337395157462,0.8471346522016598,2.7824714207947747,0.5773089071383469,1.0378341294847038,1.27656670359234,0.6002900208710323,0.5311269351340725,0.33733071544871185,0.6718333935099663,0.4915942928601954,0.5835907573574031,0.43145685069446593,0.0839099739906076,,0.4602784272600097
171,clean-sweep-183,run_ab19037abea59a088e37e87f44dee76b,0.5553286671638489,1.4518187619655396,2.880484485574306,1.9620846493998738,1.201102754344954,1.7508189586959961,0.9028462029355465,2.6670930865541647,0.28456096020214694,1.2011027543449546,1.3047594556100646,0.585634453071753,0.6150744144801128,0.3110252849343933,0.639608633378038,0.5316250969381755,0.5287524517348188,0.43856033681700773,0.054770495574928246,,0.42571469119177185
172,vague-sweep-184,run_6c9088f034b2d21e2c7095e4678b91c3,0.5791959166526794,1.357089980855137,3.3057702776265656,1.8153885028427041,0.8634566520987906,1.6939943028960283,1.0525845564773448,3.1807294501905283,0.912773215413771,0.8634566520987917,1.4289919291027053,0.5133389168761915,0.5426666280668037,0.39840787919420234,0.6823519290141422,0.504533992175165,0.5347739559564282,0.4222466908165778,0.05848239741741307,,0.4326405519993561
173,vocal-sweep-185,run_317becb9dd7b6096d427c90bcd4ff045,0.5336311459541321,1.4350861518825784,2.3523679912901474,1.9232849020846499,1.3597062709624963,1.5226776388669094,0.9688194001276323,2.0059880239520966,0.5376373973468094,1.359706270962496,0.9819670833992723,0.5384513487646373,0.4173474578502234,0.33136002298630396,0.5590876619134835,0.4766923609250074,0.5313085653946372,0.4302372232478321,0.10329575118116424,,0.5204100123791843
174,stellar-sweep-186,run_db6a999097db8609f2fcb0ef022b58fc,0.5877472758293152,1.3344607530312702,3.3116222101252046,1.8241313960833865,0.9047514991360911,1.7657778129450863,1.0201531589023614,3.185166031573218,0.8363108022741627,0.9047514991360911,1.494057604051274,0.5562130481850589,0.5030436793239844,0.3922488267407337,0.6976134636232854,0.513140162523724,0.5457447337158166,0.42125618990412955,0.058407771720670576,,0.4191706567053907
175,treasured-sweep-187,run_113b0edd89836f6c5f700e402089369b,0.5587747097015381,1.4085130823229102,2.9931954273271644,1.967226784586229,0.8139648338245757,1.479858363665137,1.1224377791959164,2.797659227000544,1.0962223626026548,0.8139648338245763,1.0566110144010128,0.5282937551707303,0.4817220256237578,0.3944401877214826,0.6728026843283961,0.4762804185945498,0.5236659148787224,0.42054114567533457,0.1001428665466586,,0.5103243178784972
176,spring-sweep-188,run_4f028de5f75debb229694e1b110f79a0,0.5456286072731018,1.375047862156988,2.070141535111595,1.7507517372078334,1.5242402683199512,1.5276823864535527,0.8643905552010207,1.6411812738160045,0.18352495262160506,1.5242402683199516,1.1738131033391361,0.5571665813345555,0.4199707810764181,0.3461732592663538,0.49889320279386024,0.4516661878909787,0.5585451659102827,0.4563322013829621,0.13143531857810084,,0.5278098916936225
177,deep-sweep-189,run_c267af9d0f35f222c1ac9b6fea96b69a,0.5480536222457886,1.370453095086152,2.209281437125749,1.6964245104232472,1.3901717654233154,1.532437885741415,0.9258583280153158,1.8531028851388136,0.37483259633606997,1.3901717654233166,1.1618570976420315,0.552144443407734,0.4158689622807961,0.36837132458576766,0.5236066590300089,0.4568176454760471,0.5497764535760654,0.48278395428573156,0.13688265114285555,,0.5217198157728223
178,zany-sweep-190,run_406a8fc590dc09f6f97e94abdd99b743,0.5269942283630371,1.5041352903637524,3.1466793685356564,2.1132280480101073,0.9092082528712269,1.7489159677164108,1.0783024888321644,2.9381328252585743,0.7267466835123185,0.9092082528712278,1.3905206520018998,0.5235903026188583,0.4920601914112413,0.35567410529004245,0.7260293786433407,0.5120651131295606,0.5040645278602154,0.37421285084166084,0.06756372378689746,,0.429310161107088
179,devoted-sweep-191,run_049156f1141a2f06ac2de6c71e34866b,0.5455009341239929,1.405437141033823,2.56355470876429,1.8488186986734052,1.2775434495375548,1.516814369362241,1.011537970644544,2.2474959172563973,0.707643714466203,1.2775434495375553,0.9848789365405922,0.5360496564047393,0.42055731651002076,0.35939022443571816,0.5538362051161724,0.492858556488659,0.5307734781317434,0.41811781588234986,0.08239420752730267,,0.5093183161716691
180,bumbling-sweep-192,run_1bbbc2d9009432026532e06fc8388b6e,0.5959157347679138,1.3304913848117423,3.573162765378335,2.023815540113709,0.6545177355422299,1.773650894128818,1.113286534779834,3.4844311377245525,1.3032849020846493,0.654517735542229,1.5612359550561796,0.5438352866909293,0.5317734785436322,0.41261261692685886,0.7431578160805226,0.534830696172547,0.5490516275682193,0.39732741552148176,0.05451882082847209,,0.4157370651367674
181,ethereal-sweep-194,run_baa94bad32084fd605c76549a52fdea1,0.546139121055603,1.4106573069559671,2.546271094175286,1.9243967150979155,1.062353897753837,1.5254154138313025,0.9758647096362483,2.236472509526402,0.6807327858496544,1.0623538977538365,0.9942712454502288,0.5355166129012167,0.44950652076848546,0.35018708297417234,0.5841133698258947,0.43909654674852433,0.5360515035744448,0.4337571555062353,0.1068203558314458,,0.504974342271426
182,twilight-sweep-195,run_6d3a84d69c4c3fd441c525d16ba8a052,0.5354179739952087,1.4629865985960433,2.2148611867174743,2.0121920404295643,1.261693261510316,1.5524608324101914,0.9549074664964908,1.836091453456723,0.5526595072646877,1.2616932615103167,1.039729387561322,0.567522885486357,0.4512109900765798,0.3494401877214826,0.5779470406671798,0.45729854235203393,0.525710431215128,0.4614484257936149,0.11333059021286798,,0.520583361249047
183,eternal-sweep-196,run_f83fa0179440a4c0decd219182b16c4b,0.5734524726867676,1.3650670070197832,2.9918072945019056,1.8401263423878713,1.1426059558898263,1.718499762620668,0.9366305041480545,2.776565051714753,0.5187365761212875,1.1426059558898263,1.3623595505617974,0.5725190391764791,0.5533875969763428,0.33694777000925835,0.665505927102342,0.5146597016199407,0.5465048688837395,0.40837480176566043,0.05717716848604312,,0.43082481943234585
184,vibrant-sweep-197,run_d5e01fe1232dc16ff908fd8c1b729ef3,0.5733247995376587,1.3715252074026805,2.8849210669569954,1.762337334175616,1.1701544872446388,1.6648559898718152,0.9057945118059982,2.6505715841045183,0.44797220467466903,1.1701544872446383,1.2301353062193383,0.5672294584512642,0.5384914505751702,0.35051192414519683,0.6159062952631544,0.4951313970075709,0.5400847013535468,0.4396295630353125,0.05974633863316317,,0.4445838346034164
185,graceful-sweep-198,run_2ce439296fc7b2bddef9691ef68a7ad2,0.6135290265083313,1.2403446075303128,3.363364180729451,2.1224510423247005,0.7615153979062914,1.7082014559265706,0.969993618379069,3.1653783342406103,1.3751358180669622,0.7615153979062922,1.3047119797436304,0.5755884195102016,0.4431421757511414,0.43691345018037864,0.6754995364257762,0.4291753607087617,0.574726613961765,0.28350888612668607,-0.006275075583637296,,0.41574373014694266
186,wandering-sweep-199,run_280aa13df5fb1fb642e731230102d699,0.558902382850647,1.3901467772814293,3.221339139902015,1.991699305116867,0.8073737168411423,1.4403703117581896,1.154996809189535,3.0610234077299956,1.3393430195830718,0.8073737168411435,1.1255103655641712,0.5555711899620819,0.49053280099694,0.44842974810841874,0.7019011149759891,0.522167048628018,0.5343606464816378,0.37455593819132876,0.09212557647985462,,0.5168485232709223
187,helpful-sweep-200,run_47fa8273f4092fbff271c33f60b9806b,0.5660497546195984,1.357077217613274,2.438323353293413,1.828894504106128,1.1571653623335707,1.4974244342459253,1.0108870453095082,2.1058791507893306,0.7809602021478211,1.1571653623335691,1.0233937331856313,0.5470974529052827,0.43101148863556543,0.3797725313667273,0.561796015327046,0.4763332456257659,0.5397946671801566,0.4531196573815038,0.13353997124917724,,0.5002729461841425
188,amber-sweep-1,run_e60fd6f022d84c6cf9962606129d16c1,0.5483088493347168,2.033248245054244,5.778905824714208,3.7181933038534436,0.17898160382152659,2.8141517645197025,2.0332482450542435,5.726646706586828,3.6234365129500947,0.17898160382152575,2.7508347839848084,1.0,0.9686672751756132,0.978656099351914,0.9771501403675239,0.9674430030814671,,-0.0220810506218043,0.012457153831547288,,-0.014983206799665326
189,laced-sweep-2,run_0b16d1a43bb6b76f0e0c28b29c27bf2b,0.6530950665473938,1.125679642629228,3.75868263473054,2.002501579279849,0.5776806586035166,1.9887165690773858,0.90643267389917,3.6050626020685916,1.4120783322804809,0.5776806586035179,1.684301313498971,0.6033265512680662,0.5174951399860733,0.5236988794176802,0.5683340467330349,0.47145964961245435,0.601800489339959,0.27655451440348044,-0.14225659089013948,,0.2892264201476496
190,stellar-sweep-3,run_11f6039c62cc56d6428c14315941a4ed,0.7619655132293701,0.7189406509253351,3.423761567773545,1.780050536955149,0.9107886980384186,2.0050759613862956,0.5920229738353537,3.19452912357104,1.2823120656980425,0.9107886980384183,1.6624426333280586,0.7489524726698535,0.4655332933524485,0.6809041279570922,0.5889676103017031,0.42204769026118305,0.7544946058622086,0.24964175731380894,-0.42568118038432756,,0.25370653830274925
191,chocolate-sweep-4,run_c050d64aafd79b1eff334698dbb6f9fb,0.5828972458839417,1.283994894703255,3.154300489929233,1.6162223626026533,1.1091472710641326,1.530784143060611,1.0788130185067009,2.964697876973327,1.0568035375868607,1.1091472710641324,1.2397729071055545,0.5497738688608601,0.5488183851976783,0.5162585001436644,0.6080679476933499,0.5429755343200438,0.5526041902113072,0.3791089536623476,0.037645337634006015,,0.46731187348944536
192,zany-sweep-5,run_4f146e84fcfac2961475c91343748dbe,0.5512444376945496,1.3310274409700065,3.138432226456179,1.8598862918509165,0.9787935765829862,1.5980455768317772,1.0637396298659871,2.977408818726185,1.3236386607706891,0.9787935765829862,1.2345386928311435,0.5297258997964687,0.4951551621483394,0.4579615617916547,0.5767936577197574,0.47126703640082185,0.5613211251841406,0.3549788979980758,-0.0017483989698620639,,0.46173069868157723
193,crimson-sweep-6,run_cca096b6565b7a04bae03d8879a10ca9,0.5797064304351807,1.3348819400127634,2.587942297223735,1.9715224257738475,1.153592844801301,1.5959447697420477,0.9768219527760046,2.2435764833968435,1.0299431459254593,1.1535928448012998,1.0436026269979435,0.5729631343060444,0.42640374928011965,0.3697733295022827,0.6007391851375805,0.4786654733296366,0.5448976123333796,0.3701709022716205,0.07389351404914604,,0.4788772647086533
194,olive-sweep-7,run_d8be429c4131de1a2ee3f80e5d3a7f3d,0.6650925278663635,1.0700829610721123,3.487615677735439,1.8202526847757425,0.8121963614188434,1.8908529830669412,0.8093554562858963,3.325122482308112,1.021389766266584,0.8121963614188427,1.587695837949043,0.6553500831785282,0.47097862117568673,0.46290393640455896,0.552392516319863,0.4757559902128456,0.6315715957122694,0.35090449212993025,-0.0823451048194386,,0.3386619023926869
195,legendary-sweep-8,run_ebae88ebca00f61c789f5616705f04c0,0.5846841335296631,1.335609444798979,3.804109961894393,2.0547820593809227,0.7479926821831487,1.9307920557050169,1.1384684109763894,3.7057430593358744,1.3195198989260897,0.7479926821831485,1.7498298781452766,0.48242472265230063,0.5532121748537806,0.43276362417392966,0.7223333603940391,0.5363935696885997,0.5257586680365484,0.3119485439096292,-0.036651358204637136,,0.3407607145482649
196,crisp-sweep-9,run_42f8958827aa9b85d096c49cee0f19e6,0.5590299963951111,1.2962348436502875,2.8948829613500275,1.8540366392924832,0.9569874987295458,1.5514638392150657,0.9958647096362486,2.6967338051170393,1.1736576121288698,0.9569874987295452,1.1934562430764362,0.5267525570041802,0.44986497352381,0.42383504134342176,0.5944285341874056,0.47223671619421853,0.579031705167103,0.3898978216722344,0.04971039321450724,,0.4805652779388939
197,frosty-sweep-10,run_875d89658f52b4b7ce59da9d103de04c,0.5520102381706238,1.4760689215060625,3.365187806205771,2.053455464308276,1.0865128569976625,1.8630637759139106,0.9856796426292275,3.1991562329885683,0.7571572962729004,1.0865128569976603,1.497998100965344,0.5678562753487837,0.5143851713621611,0.3494323659930403,0.6736040712019546,0.5317633136997312,0.5089453444608694,0.37448034844233186,0.04976110612502496,,0.3881597010291731
198,wild-sweep-11,run_c7ad5f68881890dab0c4d9b8b42ba23f,0.58379065990448,1.3313592852584557,3.5850843767011438,1.7780669614655722,0.8137920520378088,1.841185314131983,1.0991193363114233,3.5002177463255326,1.118205938092232,0.8137920520378098,1.663443582845388,0.5255475750694264,0.5174928672649585,0.458267407336462,0.705509100846941,0.5477211487802314,0.5462914228748916,0.39670718838954544,0.060696139617219036,,0.39527472898543625
199,deft-sweep-12,run_4b20bdce25688642e1d7fbc135b4794e,0.6005105376243591,1.2381365666879387,3.3598530212302675,1.7198862918509163,1.0259121861977847,1.7618412723532206,0.9922910019144873,3.188160043549266,0.8897157296272898,1.0259121861977853,1.528813894603576,0.5287194612330274,0.4526725820299662,0.4397923251284998,0.6385124942229182,0.4869642199120709,0.5603513673324796,0.339632874241695,0.001777965957550448,,0.3874064152684962
200,lyric-sweep-13,run_45acb30a6c93c60fe9f9334f6ddd51f5,0.4911295473575592,1.6970644543714106,3.7595264017419705,2.4339355653821864,0.7432005285089949,1.949814052856465,1.3483471601786863,3.6807022318998386,1.427037271004424,0.7432005285089963,1.6080432030384553,0.5405597570543531,0.581408381010938,0.4968695527248348,0.7568528798862212,0.552276565312543,0.4349533151983635,0.3590834213400024,0.052520020138308116,,0.37088766981726745
201,fluent-sweep-14,run_7db5900b56456b32274bbacef32ae1e8,0.5895341634750366,1.2777026164645822,2.5866358192705508,1.7891471888818702,1.25896432564285,1.6377354011710714,0.9244926611359294,2.27629286880784,0.7293619709412521,1.25896432564285,1.2079522076277887,0.5788769492550109,0.4244798799881931,0.3845053155827986,0.5531130692596071,0.44094888386154457,0.5642398679609262,0.388128606015274,0.07489341537901234,,0.4535850799300246
202,frosty-sweep-15,run_66ab9d9966a5ebe2779e6efd5a4e5394,0.5409061908721924,1.5238034460753032,3.1169569951007086,2.1631838281743527,1.1352119117796524,1.9158450704225356,1.0365283982131457,2.9165759390310293,0.5979532533164875,1.135211911779653,1.5489357493274238,0.5954457811876325,0.5173291979817912,0.3500657663697603,0.6666256101779076,0.5108696861369608,0.497404944922059,0.4061163279532857,0.051441426110255456,,0.3568248231469226
203,crisp-sweep-16,run_88f853839785a2b7f3e8ee12db7aab01,0.5888959765434265,1.326853860880664,3.366521502449647,1.805445356917246,1.0022359995934547,1.795113942079443,0.9731078493937465,3.2454001088731634,0.7111181301326589,1.0022359995934553,1.5103378699161263,0.5494934592043347,0.5325651278160966,0.38002522108354886,0.6797726403318767,0.5110163682558548,0.5485784707656419,0.4132262771946748,0.03976550399439646,,0.40060607702013973
204,fine-sweep-17,run_44d2242235c0a8213636800da03c224f,0.43178045749664307,2.497141033822591,5.90465432770822,3.751547694251422,0.0,2.7869164424750754,2.497141033822591,5.90465432770822,3.751547694251422,0.0,2.7869164424750754,1.0,1.0,1.0,1.0,1.0,,,,,
205,silvery-sweep-18,run_8e44eff42072ed93b79bb89f3857cd67,0.590427577495575,1.289125717932355,2.7849210669569957,1.9937713202779535,1.1684419148287428,1.6526151289761037,0.9159029993618375,2.5111050626020694,0.9927353126974104,1.1684419148287437,1.0984926412407021,0.5936093315507835,0.4243585323005636,0.3823664719215911,0.593781535763976,0.45280104154500483,0.5679417988046835,0.35146413684905325,0.043839697389011306,,0.4585376525070234
206,scarlet-sweep-19,run_fe1dfe97e722605c49b68b166a379d97,0.7466496229171753,0.8080025526483727,3.1981491562329887,1.8555148452305752,0.9364772842768574,1.8500712137996516,0.6013911933631149,2.9413173652694615,1.2611244472520524,0.9364772842768572,1.3555072005064082,0.7438273073911617,0.4078945156732227,0.6184003767199822,0.5585383883676828,0.3836396183370875,0.7169579567894275,0.2901687996282565,-0.293329147785945,,0.34620137477624935
207,fanciful-sweep-20,run_4a77155bc8d0ad4375e322ef58ca562c,0.4846203029155731,1.626445437141034,2.5006532389765925,2.059898926089703,1.7452434190466513,1.7287268555151132,0.9260753031269944,2.1327163854109976,0.15710675931775173,1.7452434190466524,1.211050007912644,0.587900911211014,0.5782529081731297,0.5237263352807842,0.5530177411520978,0.5348857793960695,0.49434434318991693,0.4002506083166856,0.08159871527399609,,0.4755895831946295
208,swept-sweep-21,run_9bc9096eb268fbb326ad9768d30c23a8,0.6361199617385864,1.181697511167837,3.574333151878063,2.023095388502843,0.6400701290781585,1.8523579680329167,0.9083599234205489,3.4244692433315187,1.165938092229944,0.6400701290781572,1.5722187054913757,0.5884433565171041,0.5268041220124484,0.4080257318903042,0.7009261928353192,0.5237866362674678,0.5918803930939847,0.32620822044974696,-0.017937778344466665,,0.36852600731309076
209,jolly-sweep-22,run_4d0ea673376750259549676f765bf1b7,0.4319081008434296,2.496707083599235,5.90465432770822,3.75111813013266,0.00017278178676694787,2.7867819275201775,2.4967070835992344,5.90465432770822,3.751118130132661,0.00017278178676692656,2.7867819275201775,0.9998926116838488,1.0,0.9998730964467005,0.9997331910352187,0.9999432463110103,0.004397646584718107,,-0.011290740673653222,,0.006692618057180725
210,glorious-sweep-23,run_056ad3d4e3a2364368636488879fe88d,0.5997447371482849,1.3059349074664965,3.0752041371801853,2.061288692356286,0.9188941965646915,1.639832251938598,1.0464071474154435,2.862084921066957,1.2641945672773223,0.9188941965646917,1.2446668776705174,0.5464655126230403,0.45517587969977596,0.41587523544998883,0.6457697520589734,0.44509283630288804,0.5472630587095829,0.3668560920418187,0.06882073113096973,,0.4471908790157129
211,prime-sweep-24,run_072a5733c13b3a3be71316485b1db3fa,0.593490719795227,1.2798085513720487,3.3326075122482313,1.9616550852811123,0.8523376359386118,1.7483620826080077,0.9855137204850035,3.111159499183452,1.1679216677195203,0.852337635938611,1.3161101440101284,0.5648876149107253,0.4573380622007373,0.4073581713118156,0.55793542881089,0.41620517645473415,0.5585987879730634,0.29764140126299354,-0.007397031195030546,,0.40032965150370436
212,winter-sweep-25,run_ba1328680ac1e610c32f3d7a2ff7bf4c,0.5119336247444153,1.5473771537970646,3.2346761023407735,2.079684144030322,1.2081664803333674,1.9798702326317454,0.9496234843650293,2.983886771910724,0.3861655085281124,1.2081664803333678,1.608719734135147,0.5575006240244706,0.5291836092060896,0.3971813044727517,0.6687599205053156,0.5432476041732003,0.503020474845017,0.3285175459403241,0.06711641168408716,,0.3383918336783282
213,sweepy-sweep-26,run_ea65777b8490d807e552f6553d694663,0.5308232307434082,1.4965539246968733,2.6548992923244428,2.2632849020846497,1.1105752617135891,1.6990544389935118,0.9724696873005745,2.3559880239520967,0.8565382185723324,1.1105752617135882,0.971550087039089,0.6003080161879781,0.5206033565522934,0.41629952431120903,0.6435719508290169,0.4920495656508991,0.5233326867284391,0.3992995997736711,0.09585277143460808,,0.4710404755504139
214,jumping-sweep-27,run_8d26ba4228150233ba90e77134aedf98,0.5774090886116028,1.3316528398213145,3.0443930321175836,1.9949210360075809,1.1169732696412238,1.836453552777338,0.9354307594128917,2.752014153511161,0.7373594440934943,1.1169732696412242,1.4603497388827353,0.5307328271524585,0.46002922584891087,0.3489577945918335,0.6334312207116347,0.46407249917527155,0.5467423512093492,0.3332839382210938,0.02876217557908864,,0.3753203826793386
215,upbeat-sweep-28,run_28d0983c8fac69c8e1a17e49bd7343aa,0.5560944676399231,1.4183663050414805,3.727191072400654,1.9093872394188254,0.8445472100823255,1.8644168381072956,1.0840714741544353,3.6265378334240617,1.1477953253316493,0.8445472100823241,1.6451891122012978,0.5280910929798426,0.5562548651700111,0.4116724132426651,0.6878354898836998,0.5519881672396421,0.5273943793850093,0.3537683333197117,0.028707507516769898,,0.3870157184872098
216,fast-sweep-29,run_9ce4dc2704079a502fbf63f30b31a22d,0.5996171236038208,1.2564262922782388,2.9088459444746877,1.9663802905874923,1.060255107226344,1.689345624307644,0.8647989789406504,2.6013336962438762,0.8902969046114975,1.0602551072263429,1.1574497547080238,0.5809066345600066,0.4124192006192801,0.36577004118379464,0.5992697108850629,0.40065618678005527,0.5772876855669051,0.32556154320528063,0.02168219675127664,,0.43335140127627614
217,glowing-sweep-30,run_52e4f3356b881561cb0a99153c29c553,0.5959157347679138,1.259400127632419,2.806722917800763,1.923398610233734,1.1205102144526884,1.648156353853458,0.9186726228462027,2.542433315187807,0.9724194567277334,1.1205102144526888,1.118388985598987,0.5830213072728961,0.404483138026923,0.37675302493375473,0.5828123982992746,0.43747405171394527,0.5756248525554627,0.3827748324331018,0.051336121568025084,,0.4501699495565404
218,fragrant-sweep-31,run_47306595b1e6fee071ae5e2a7b9bed0e,0.6209317445755005,1.226151882578175,2.9176374523679915,1.7988502842703729,1.241111901616018,1.721838898559899,0.7751499680918957,2.6844311377245513,0.39402400505369595,1.241111901616018,1.3286516853932584,0.6406884987837067,0.5368991448057788,0.3321739616256425,0.6399687697942439,0.47341561428708534,0.5910322495095199,0.4016938195637625,0.051612614226815845,,0.4230898661941966
219,sweet-sweep-32,run_b338167c84eaa6501384ce06e541aaec,0.6311423182487488,1.2063816209317166,3.6180457267283623,1.9099178774478842,0.7319239760138226,1.79359867067574,0.967045309508614,3.5016603157321726,1.1421099178774492,0.7319239760138221,1.5666244658965025,0.5762696951214898,0.5137749826442156,0.42700363949813236,0.7116957174530187,0.5027677938582275,0.5775577562587859,0.35508801484354346,-0.029290579423363744,,0.39323752775469745
220,spring-sweep-33,run_2d095052e0994a9ffe749128a650b206,0.5839183330535889,1.329865985960434,3.727299945563419,1.84017687934302,0.7772690314056308,1.8286595980376643,1.099336311423102,3.6453184540010906,1.180416929879975,0.7772690314056312,1.631682228200665,0.5391039154033908,0.5358258863804437,0.4385089231555087,0.7262583377019602,0.5421897271584893,0.544115905620558,0.37258255483604574,0.039614458975574,,0.3976917384414893
221,restful-sweep-34,run_cf162d2676b28d71f49473e34366180d,0.5880025625228882,1.358493937460115,3.6402286336418075,1.9183070120025272,0.8979012094725074,1.9082687134040197,1.0859476707083606,3.4819814915623306,1.0835123183828181,0.8979012094725084,1.6876167115049852,0.5405100191625725,0.5118715296771883,0.40504756887909843,0.6964413215407453,0.5247197933857438,0.5217606355331758,0.3247035570816872,-0.0021055117150746705,,0.3534621576591856
222,worldly-sweep-35,run_9a5abadf9e96beb5eb9143e82e7f3a9e,0.6035736799240112,1.2614167198468411,2.987261839956451,2.0854958938723946,0.9663177152149611,1.6243828137363507,0.9172431397574989,2.7220468154599895,1.1439924194567292,0.9663177152149607,1.1188439626523186,0.5838101246614885,0.3992042235852888,0.4049503559684577,0.6468606724213474,0.4279720669352295,0.5760119557662934,0.32838991867317446,0.04555147389549463,,0.46765738493545994
223,super-sweep-36,run_f578a732da841e8ae7c7c6c84b422aed,0.5698787569999695,1.4049010848755585,3.7108873162765383,1.892924826279217,0.8974133550157538,1.9273025795220766,1.1111167836630502,3.5688622754491033,1.1767150979153502,0.8974133550157549,1.7076475708181662,0.5065460114779897,0.5153869219741276,0.4242392171886473,0.6808968870968823,0.542203432587038,0.5128712078107482,0.3278648858441998,0.029507883034936788,,0.34870468479047706
224,smart-sweep-37,run_744746f53d90a8a72ad30b95e981739c,0.5885130763053894,1.3445437141033822,3.252123026673926,2.1168414403032223,0.8074855168208152,1.6686263649311601,1.0978302488832172,3.0743875884594445,1.3951989892608976,0.807485516820814,1.3155246083241021,0.5310081054426861,0.44488450335604474,0.43998084474667176,0.6579926645178228,0.4501639497166166,0.5360250379084831,0.3510329520096813,0.05161518649422411,,0.4300805315367346
225,curious-sweep-38,run_625121b3fc3cf22e720966ea9321c2ed,0.43178045749664307,2.497141033822591,5.90465432770822,3.751547694251422,0.0,2.7869164424750754,2.497141033822591,5.90465432770822,3.751547694251422,0.0,2.7869164424750754,1.0,1.0,1.0,1.0,1.0,,,,,
226,vivid-sweep-39,run_f021d872e2b1b36039f6498999759da7,0.43178045749664307,2.497141033822591,5.90465432770822,3.751547694251422,0.0,2.7869164424750754,2.497141033822591,5.90465432770822,3.751547694251422,0.0,2.7869164424750754,1.0,1.0,1.0,1.0,1.0,,,,,
227,gallant-sweep-40,run_55d62acd3133c8fa4f05b5acb2b63851,0.6338226199150085,1.1914996809189535,3.634050081654873,2.0040555906506636,0.5697885964020735,1.8179221395790475,0.9211231652839829,3.489902014153511,1.1347946936197095,0.5697885964020747,1.5488764044943812,0.5939299345310125,0.5140633364104036,0.3876237908246336,0.710598333752781,0.4866160185586404,0.5888795701046529,0.32209104287730206,0.02668003735322927,,0.374633347896028
228,denim-sweep-41,run_3a32a2254122011b780a8f5d9b59ad6f,0.527121901512146,1.516375239310785,3.2348121937942294,1.9155022109917879,0.9252871226750687,1.910998575724007,1.0618251435864716,3.010370168753402,0.6473025900189516,0.9252871226750693,1.5572558949200825,0.487531507703831,0.46152182255086904,0.3208035628771191,0.6288043223253164,0.4841155335197043,0.4813202531792933,0.3359977930215966,0.03063176810279669,,0.3366084589249519
229,lunar-sweep-42,run_654aa784c3bedbc5ce5ccee13f599eda,0.6163369417190552,1.2370899808551372,3.127027762656506,1.732697409981049,1.4045278991767458,1.9242008229150185,0.857460114869177,2.8696516058791515,0.6011749842072022,1.404527899176746,1.4047278050324419,0.608781872037867,0.43409631907338325,0.4248528238035948,0.5154920488335134,0.4121048233699115,0.5700420925426228,0.3466541179937095,-0.06479816568933819,,0.3367981037873469
230,misty-sweep-43,run_0fc0d36497ddaaec16b6da0a51641f6a,0.6288449168205261,1.1877217613273772,3.385247686445292,1.8902969046114975,1.0693515601178984,1.982825605317297,0.867594128908742,3.178116494284158,1.0199494630448525,1.069351560117897,1.5483739515746173,0.5966058551082725,0.44636404935128976,0.45902196469048306,0.533082769947663,0.43149070298239084,0.5843177251060027,0.3128640587427828,-0.08054118933428256,,0.30348161800795964
231,fiery-sweep-44,run_1f40783386bd8cbed6803eac9e88eb02,0.6978940367698669,0.947862156987875,3.4458628198149164,1.9891471888818706,0.827091167801606,1.8135306219338505,0.7277983407785573,3.2233260751224826,1.4330385344283008,0.8270911678016051,1.4148520335496129,0.6768904779337921,0.43918518100302784,0.5544124126041567,0.5723083596785818,0.42974271565864786,0.6790547054883593,0.272799215284837,-0.1990868697598071,,0.35422855595894376
232,solar-sweep-45,run_2906f92f4bfabc012f13ee6647c784ed,0.463560938835144,2.028091895341417,4.698448557430594,3.004712571067594,0.5962496188637058,2.556152081025479,1.6565283982131458,4.610261295590639,2.008528111181302,0.5962496188637049,2.3024331381547705,0.7596156029495771,0.7573059160366236,0.6592489544424225,0.8432770353363401,0.755787832105278,0.32909990765112856,0.18929695693451273,0.05725655366223584,,0.1316570596486455
233,zesty-sweep-46,run_6bf82a0714bc3628199afd8f3f6cece2,0.43178045749664307,2.497141033822591,5.90465432770822,3.751547694251422,0.0,2.7869164424750754,2.497141033822591,5.90465432770822,3.751547694251422,0.0,2.7869164424750754,1.0,1.0,1.0,1.0,1.0,,,,,
234,azure-sweep-47,run_4cb1701b21c3e47418644d2e15b9955a,0.574984073638916,1.3585960433950226,3.6619216113228092,1.8423626026531905,0.8040146356337027,1.8480099699319514,1.1734524569240585,3.5826619488296148,1.2062034112444742,0.8040146356337013,1.7006607058078804,0.5358282896334222,0.5196289478469951,0.44064952271493796,0.714827273960858,0.5589070389363272,0.530492335601058,0.39868141789916856,0.03782524705947621,,0.39036077983645956
235,sweet-sweep-48,run_99827edb0edc2793a71376e1fa795d85,0.5600510239601135,1.3821569878749203,3.086526946107784,1.9603411244472524,1.1904766744587867,1.8799770533312234,0.9264326738991697,2.815868263473053,0.6152242577384716,1.1904766744587871,1.4216450387719568,0.5060876080594696,0.46342536625487146,0.3234394853621939,0.6284232362062374,0.4524797147939068,0.5315801465094512,0.33620045259988957,0.028200886846939638,,0.3558168035558898
236,summer-sweep-49,run_0d1f9a0c6c3863c7c029706822815f87,0.5961710214614868,1.310031908104659,2.900653238976593,2.1291850915982313,1.0889978656367518,1.7383169805348946,0.7827823867262288,2.6562874251497015,0.40860391661402534,1.0889978656367514,1.2851044469061557,0.6234834089631813,0.5737059969649064,0.3502234779554959,0.682807408210377,0.5252191403779234,0.5777620289560998,0.4137411598025739,0.07407429385218472,,0.43699043871385623
237,stoic-sweep-50,run_5b0ea95e041ac389391091c6b88fa8a8,0.5894064903259277,1.2889342693044032,2.899401197604791,1.8920783322804804,1.134790120947251,1.601056338028169,0.9551499680918961,2.6315187806205773,0.8741882501579288,1.1347901209472526,1.1043084348789374,0.5684561930031575,0.42890099385851715,0.3510720556779363,0.5964901181701009,0.4258590314012268,0.5585413239588809,0.34364444385909154,0.062343842133915084,,0.46333988249982844
238,pious-sweep-51,run_ce6ed88217cdf5b2291d0d33c94d91a2,0.5703892707824707,1.4324186343331209,3.816521502449647,1.990675931775111,0.6451976826913305,1.836722582687134,1.216821952776006,3.745155144256941,1.3722046746683512,0.6451976826913288,1.6687846178192756,0.5061339672358324,0.5375815227490285,0.42304839894007595,0.7549958437593044,0.5588034625104438,0.5065670347887871,0.37164870814355394,0.05289211593221527,,0.399449810942999
239,absurd-sweep-52,run_3b04a50e69b760109ce5a4a99cfec242,0.43178045749664307,2.497141033822591,5.90465432770822,3.751547694251422,0.0,2.7869164424750754,2.497141033822591,5.90465432770822,3.751547694251422,0.0,2.7869164424750754,1.0,1.0,1.0,1.0,1.0,,,,,
240,light-sweep-53,run_7f7bdec4add490ca0bcad4bf87f2386c,0.5830248594284058,1.3279387364390558,2.9556614044638003,1.7766645609602025,1.3214859233661957,1.7558790947934801,0.8558519463943846,2.7028579205225918,0.2807454200884404,1.321485923366196,1.3754154138313015,0.586314594169431,0.5382487461009386,0.33045493726654535,0.5938226035136165,0.4836774288694744,0.5576251320117735,0.39274572831155885,0.05330979253421844,,0.4054687442048695
241,mild-sweep-54,run_82f12195f19b9d127837ed07c45ad32f,0.637779176235199,1.1500191448627954,3.26273816004355,1.9096778269109294,0.6969204187417422,1.9163554359867068,0.8884492661135927,2.976619488296135,1.254895767530008,0.6969204187417428,1.4634435828453871,0.6135317311016613,0.406171902761344,0.49828560482712386,0.5496317147529137,0.39780856741895476,0.5971146757350971,0.230768259261186,-0.1194743359099005,,0.3181303545481404
242,quiet-sweep-55,run_8fbf654b13b7293e92d37f28fb96377a,0.5931078791618347,1.285067007019783,3.3778715296679365,1.8613897662665828,0.5414777924585832,1.9225391675898087,0.9828079132099548,3.1483669025585206,0.9613013265950725,0.5414777924585816,1.6300957429973086,0.5103306182742466,0.42393532190567096,0.41418350732688436,0.643323537819005,0.45432218858249857,0.5456115669429695,0.2737112784858337,-0.043936326260240355,,0.3157350676554758
243,splendid-sweep-56,run_a9f9d1b372171f603b4096da73325a8a,0.5691129565238953,1.4075813656668796,3.2419706042460543,2.053720783322805,1.0039129992885456,1.8233027377749644,0.9299298021697516,3.0712030484485564,0.6850031585596972,1.0039129992885474,1.444833043203039,0.5678348012891709,0.5769928761516215,0.3427332950228267,0.679160375715012,0.5511039597273162,0.5321978164078138,0.39753466803093473,0.04677096657843505,,0.40325798019131504
244,deft-sweep-57,run_97eed736a0a68865a02d58fb727428a7,0.6025526523590088,1.325181876196554,3.90909090909091,2.0750473783954524,0.5743978046549446,1.965223927836683,1.1591576260370131,3.7625476320087103,1.525634870499053,0.5743978046549455,1.8169805348947627,0.5067771568974311,0.5349267239024385,0.45904894167225363,0.7451299610883031,0.5518199747301898,0.5260617466305393,0.255815793769565,-0.032225132442401244,,0.3282740295188213
245,glad-sweep-58,run_5e197610517e3abd3a99fddc5e602e00,0.4293554425239563,2.366088066368858,5.745318454001088,3.4525710675931784,0.26210997052546,2.692083399272037,2.3660880663688575,5.737152966793686,3.452571067593178,0.26210997052546053,2.6920833992720374,0.8803173307954096,0.9544605291024163,0.912023752514127,0.9164343979335474,0.9207121128655456,0.09473677418037815,0.04929716003831866,-0.033494389649000984,,0.06939135254463
246,sleek-sweep-59,run_a4510b8ff412c3f5422689bd34d862d0,0.6034460663795471,1.2431142310146777,2.5582743603701696,1.987807959570436,1.0707643053155809,1.597103972147492,0.8510274409700057,2.2617583015786615,0.9216045483259641,1.0707643053155802,1.0211267605633805,0.6007053775444232,0.41919790551157926,0.3621769945407528,0.5920954626776767,0.44123589099381155,0.5892329264726823,0.4052463375646763,0.07672052385886563,,0.47967103155547464
247,magic-sweep-60,run_66aa2d4c7bb7b481255dbb9ca1a0b184,0.7544352412223816,0.7637906828334399,3.6191888949373983,1.9524699936828809,0.5163075515804453,2.0133169805348947,0.5935545628589662,3.4265378334240606,1.4380795957043597,0.5163075515804441,1.686303212533629,0.7183842660089774,0.4597513743189065,0.6546569613383137,0.575691744338539,0.4420918488119743,0.7373452574977364,0.23264048094680922,-0.3600552896972177,,0.2641298281271146
248,prime-sweep-61,run_2486cc184b07e44e91619df430ea336f,0.5512444376945496,1.415252074026803,3.2759118127381606,1.8687428932406829,1.0309635125520888,1.7117898401645828,1.1187874920229737,3.0648611867174744,1.1110928616550846,1.0309635125520902,1.2930210476341193,0.5115658591857055,0.46366201814318925,0.41146825016760846,0.5481723677264723,0.43187831735409415,0.5085781371360368,0.3203634954907286,0.009332049663240333,,0.40644868685260627
249,golden-sweep-62,run_ca24218f06904cae5f09622064b712db,0.5763880014419556,1.3650542437779196,3.1575939031028857,1.7746178142766902,1.1552139445065557,1.7633961069789525,0.9068538608806638,2.9616222101252045,0.472710044219837,1.1552139445065563,1.4084586168697575,0.5826570035901112,0.5313055075230911,0.35802780704274817,0.6553553882328838,0.5114285029734664,0.5468751306995357,0.3882683464049457,0.05622850053318959,,0.41081209036347166
250,trim-sweep-63,run_75c5872a96eed77ec5d0218ff8f96d31,0.6654754281044006,1.0576005105296744,3.4480130647795324,1.9913960833859767,0.5710539688992784,1.8343369203987974,0.810835992342056,3.1682634730538926,1.3212255211623494,0.5710539688992792,1.3813063775913903,0.6300267831869442,0.42386461202163517,0.5175063052708873,0.5612595535044204,0.39789703298870244,0.6335377445162287,0.2280679091199146,-0.15449241867641042,,0.3594560657061469
251,misty-sweep-64,run_58d79ff33a4ee9bd6bcb63e4e96602d2,0.5414167046546936,1.4633056796426291,2.883560152422428,1.8453821857233104,1.415911169834333,1.737854090837158,0.8823994894703256,2.6223734349482855,0.24270372710044347,1.4159111698343334,1.2406393416679857,0.5519111616402194,0.5539611491872778,0.3377058391597229,0.5793859057344093,0.5086927854963825,0.5273722141412059,0.3973107117183606,0.04843866610625913,,0.4233031929761336
252,lively-sweep-65,run_33f7c24c9fd83102d9d6bfb7b7445dc3,0.43178045749664307,2.497141033822591,5.90465432770822,3.751547694251422,0.0,2.7869164424750754,2.497141033822591,5.90465432770822,3.751547694251422,0.0,2.7869164424750754,1.0,1.0,1.0,1.0,1.0,,,,,
253,radiant-sweep-66,run_36d781e09dd22102be00524466fca135,0.5841735601425171,1.3900191448627954,3.692188350571585,1.9074415666456102,0.6995273909950199,1.8356068998259218,1.1460880663688588,3.6059608056614048,1.1932027795325337,0.6995273909950197,1.6497309700902039,0.5416863925065308,0.5353032391290431,0.4209062031095361,0.759138119284464,0.5655281532935126,0.5285606696165366,0.3871682971592778,0.05629510750609962,,0.4101382320386343
254,absurd-sweep-67,run_e9ebd2152c4ea2c3cdb511eea675443f,0.5286535024642944,1.4706445437141034,3.391154055525314,2.251800379027164,0.9119371887386932,1.7675739832251938,1.1128142948308875,3.225939031028852,1.4352747946936188,0.9119371887386931,1.203647729071056,0.5804507147296208,0.47211189162096656,0.4625037512371101,0.6381115132488865,0.47054490076848593,0.5251921463036573,0.33416915223629046,0.04908514791405591,,0.42798758844365214
255,solar-sweep-68,run_4b4f00713c470e00fb2bb2050cb4e569,0.5951499938964844,1.2738608806636886,3.001660315732172,1.651130764371447,1.3035318629942068,1.703703117581896,0.8662795149968094,2.760451823625476,0.43308907138344993,1.3035318629942068,1.3902041462256691,0.6070913522536179,0.48704010684498716,0.41055757749896243,0.590094682159328,0.46712193956542347,0.5732153272619667,0.38023318313120663,0.05472703930160791,,0.41233335550400585
256,dashing-sweep-69,run_ed575dd8df97499029160784394d382a,0.5826420187950134,1.345564773452457,2.7509526401741975,2.0421730890713836,1.149654436426466,1.6876562747270136,0.9265730695596682,2.454926510615134,0.8465192672141519,1.1496544364264656,1.0402595347365098,0.5862303704614682,0.42554288867382967,0.3613753471889666,0.6026851613991795,0.4283049795768916,0.5490031287552242,0.37287576922424437,0.05724194192886903,,0.45372187549068
257,ethereal-sweep-70,run_5303e0096d5d6ebade7cb0dfb26495e0,0.43178045749664307,2.497141033822591,5.90465432770822,3.751547694251422,0.0,2.7869164424750754,2.497141033822591,5.90465432770822,3.751547694251422,0.0,2.7869164424750754,1.0,1.0,1.0,1.0,1.0,,,,,
258,elated-sweep-71,run_166ec90b35da4a2c4d286585c74ab95a,0.7705169320106506,0.7088194001276324,3.50465432770822,1.9594314592545803,0.4682894603110073,2.0409360658332014,0.5285513720485006,3.2633913990201417,1.4525205306380289,0.46828946031100593,1.7063973730020574,0.7477106665721875,0.46750072068916665,0.6670242313954602,0.561919974745708,0.42720478606324164,0.7581283856338811,0.25871117778761177,-0.3926509926745391,,0.24569135735355369
259,vague-sweep-72,run_8403a4ea33180d4737add1cf5f7c3043,0.6756860017776489,1.067147415443523,3.7621121393576487,2.151674036639293,0.758588271165769,2.0422851717043837,0.8404722399489477,3.6029395753946667,1.4851168667087813,0.7585882711657699,1.7112676056338023,0.6307291578622859,0.5375839769440935,0.5454817546212049,0.5474669919022989,0.4985930117419217,0.6218464162580372,0.2757113869514063,-0.19092348367933573,,0.2827616323346537
260,usual-sweep-73,run_1bec2484add6daac6591dbd2579f72a4,0.5252074003219604,1.5102105934907466,2.783750680457268,2.0121794061907776,1.3348866754751503,1.686394207944295,1.0430504148053605,2.459199782253674,0.7965129500947573,1.3348866754751505,1.059380439943029,0.550341925108537,0.4275201115598724,0.3502440698528238,0.5807028396607523,0.42093613975466215,0.5014179206635966,0.3624880929162949,0.07872092334714714,,0.45508074366172707
261,clean-sweep-74,run_e535acbeba13563954ca9dfcee478bac,0.5578812956809998,1.3734779834077857,2.378633641807295,2.162994314592546,1.1338703120235798,1.5666363348631114,0.8905424377791961,2.0492378878606425,0.7866961465571705,1.1338703120235791,1.0643179300522236,0.5835669322036776,0.47844898496311905,0.37675015164575554,0.6137156668134552,0.4583356084859096,0.5607566981124207,0.45102988803320976,0.12549509394360706,,0.5121550632548443
262,sparkling-sweep-75,run_2a79304d340c52c0040357564455830e,0.5659221410751343,1.385067007019783,2.856940664126293,1.8573468098547063,1.3374479113731073,1.7736746320620356,0.8705296745373319,2.6140446379967344,0.3609728363866077,1.337447911373109,1.3539800601360974,0.584861314410231,0.5367194363089521,0.30651821345337293,0.615001016630903,0.5058302441604752,0.5495146891495319,0.41542238425145744,0.06401480709493615,,0.4138940813846219
263,legendary-sweep-76,run_8862d73a32e1b87d50b4db46c04927b4,0.58379065990448,1.3049393746011488,3.442623843222646,1.8496020214782065,0.7311667852424028,1.9803054280740622,0.9947925973197189,3.2301034295046285,0.9793809222994312,0.731166785242402,1.6382971989238797,0.525959450058987,0.46062275030434047,0.42000766210133134,0.5673256842748333,0.4389087031142308,0.5455679009097769,0.30579068814026256,-0.049451035147075606,,0.293324498633761
264,avid-sweep-77,run_661b1b7774b1255791cdfac77a7cf520,0.5920867919921875,1.3844671346522017,3.4129559063690804,1.9958559696778275,1.0148287427584104,1.9290710555467636,1.0831014677728141,3.2594991834512803,1.0489955780164248,1.0148287427584106,1.612707706915651,0.5537594077792773,0.5382487506504249,0.39972161031829645,0.6640854409835902,0.5182227955509193,0.5024927756507458,0.34504077214546147,-0.030775397643168945,,0.3365272306449099
265,fearless-sweep-78,run_3f1e5a466b4a26863953da7dee936f96,0.6125079989433289,1.2110402042118698,3.6026946107784434,1.8279595704358815,1.000274418131924,1.9388906472543128,0.9563114231014679,3.4422155688622764,1.1636512950094762,1.000274418131924,1.6020335496122802,0.559387247166535,0.49742101505548336,0.5046044440187721,0.5694722976768095,0.46249898054904026,0.5744547556529697,0.30483082767207925,-0.1242640241429935,,0.31673601807394564
266,northern-sweep-79,run_0e556845137cd6f6376511fa213cbcd4,0.6870453357696533,1.03148691767709,3.6520141535111605,1.8579532533164882,0.9724667140969611,1.9940378224402597,0.8335545628589663,3.508138268916713,1.2034996841440309,0.9724667140969602,1.6661615761987663,0.6531489170713243,0.5057651410338706,0.5572382913514031,0.535876649714195,0.4813984274698495,0.626310014229023,0.3228008927492286,-0.21602147911293432,,0.2988493768650978
267,driven-sweep-80,run_05ffe4019714a13faf19c345288d4ffa,0.5657945275306702,1.34338225909381,2.5910724006532395,1.8454579911560332,1.3242707592234986,1.692680803924672,0.9022846202935538,2.226183995645074,0.5943651295009482,1.3242707592234968,1.226254154138313,0.5429826980179061,0.49053331256139027,0.3548127573987166,0.5354331286107924,0.45791506874732446,0.5513638081882777,0.35800011144784694,0.08413602303541304,,0.44051862099164074
268,stellar-sweep-81,run_df53c7efc9fbc6982bb1cd12669edd70,0.762093186378479,0.7292661135928526,3.0047087642896035,1.8085028427037275,0.9507978453094829,1.7788574141478082,0.5016209317166573,2.6459172563962983,1.1065698041692986,0.9507978453094824,1.28870865643298,0.7766426469146213,0.3659581317051592,0.5904278006576638,0.5639177055278031,0.39111243499319326,0.755625170859286,0.2339610932435668,-0.2548385129908802,,0.4014050036310584
269,treasured-sweep-82,run_a071eaf7884ff4cf13224324331cae9b,0.5978302359580994,1.2592214422463306,3.2251497005988026,1.7493998736576124,1.0689500965545278,1.786326950466846,0.990402042118698,3.0085465432770837,0.7907643714466199,1.0689500965545284,1.53366830194651,0.5346368603025008,0.4303281499924762,0.42086070938288156,0.619242794531645,0.4926168467903882,0.5522490808844559,0.32905235952757245,-0.002396750035261408,,0.3842699817698457
270,distinctive-sweep-83,run_6148cc7a5e9d9635da8c7213ea9552c0,0.6418634057044983,1.1566687938736442,3.3812738160043563,1.7613139608338602,0.8450299827218213,1.7872804241177402,0.8512188895979572,3.2428960261295594,0.7987618445988626,0.8450299827218218,1.4751503402437096,0.6218953603629032,0.5165882817993821,0.4041619576668901,0.6829647485924498,0.49824524453314567,0.6007383366376039,0.3842362982774422,0.02241908896660222,,0.39197937506694086
271,deft-sweep-84,run_2d249feb9fa330b879c3202ec693ea26,0.5917038917541504,1.2768347160178688,3.582498639085466,1.8483891345546435,0.8761256225226142,1.8087316031017566,1.0427823867262287,3.4382961350027217,1.1244219835754898,0.8761256225226138,1.6045458142111093,0.5031840378209792,0.4747810496570557,0.41912827634645466,0.6697273668176539,0.5175252724196379,0.5542504680767005,0.3243505501475878,-0.005953152680526819,,0.38915547242667475
272,leafy-sweep-85,run_7e4066ed1a0f3bed8ed57e1d679a98d6,0.6017868518829346,1.3105934907466497,3.909961894393032,1.956816171825648,0.5745655046244538,1.898623199873398,1.0829483088704521,3.8089820359281443,1.252836386607708,0.574565504624455,1.7124782402278844,0.5298818152587161,0.5640765827450241,0.4123062925007183,0.7437537180852637,0.5383596321163506,0.5382004788835504,0.30549511442926,0.007999442103072824,,0.35659074544328584
273,pretty-sweep-86,run_9c73836fe78dc3c6e285e63ea35b387e,0.6437779068946838,1.1289470325462667,3.2455634186173117,1.8347441566645613,1.178798658400244,1.9401843646146544,0.780893426930441,2.999673380511704,0.8309286165508522,1.1787986584002423,1.4812272511473328,0.626964095755709,0.4372540509838476,0.4565721674169141,0.49263162658858956,0.447716760417795,0.6112122322915269,0.3266611535708881,-0.0856905275048177,,0.32649407030118904
274,polished-sweep-87,run_b2c313b7caa95652d47bb7e762f8e02c,0.5310785174369812,1.4624377791959158,2.5803756124115416,1.985104232469994,1.2885049293627402,1.6466885583161894,0.9617358008934268,2.2507621121393577,0.6064813644977896,1.2885049293627415,1.0617225826871348,0.5358330954555854,0.4678553164911758,0.36298598473964816,0.5654826051944515,0.4439429095903184,0.5227040793002901,0.39397367361506225,0.09859125343061781,,0.4725615641434312
275,dainty-sweep-88,run_181be64aa437d79ccfb5b10a722b9d56,0.5979579091072083,1.2969751116783665,3.270549809471966,2.057574226152875,0.858176643967883,1.6764440576040514,1.0720357370772176,3.1046271094175295,1.3901073910296915,0.858176643967881,1.349580629846494,0.5469478483487757,0.43843577724858157,0.4283012482840085,0.6533178416280672,0.45807990389999004,0.549595715254481,0.34358424447879077,0.030227894736154837,,0.4243986026420339
276,pleasant-sweep-89,run_7410178237b0f242c57ed28507b506f3,0.5982131361961365,1.2591065730695599,2.6220740337506805,1.7302716361339232,1.290979774367314,1.6493986390251625,0.9040076579451171,2.274115405552531,0.7247883765003169,1.290979774367314,1.1288415888589973,0.5847059557639356,0.41669741032527935,0.40602081537528334,0.5360715403378098,0.4173550657142773,0.5698776376250805,0.34904603739513296,0.02653714396219717,,0.4511864900082401
277,driven-sweep-90,run_65d60bfabcd55624bc0d8f7752a7e624,0.5943841934204102,1.2925207402680283,3.8750408274360386,1.9116108654453576,0.6647779245858318,1.9221672733027377,1.1197830248883223,3.7679640718562886,1.3828932406822496,0.664777924585833,1.7533984807722738,0.5325525247314714,0.5279373924577283,0.4724189892411327,0.6848199262395123,0.5352404693404373,0.5418959752558096,0.3003837182780609,-0.05019757459156382,,0.3302988079257642
278,dauntless-sweep-91,run_37fa79a9793b2b0cdfa523df91fae1f8,0.43178045749664307,2.497141033822591,5.90465432770822,3.751547694251422,0.0,2.7869164424750754,2.497141033822591,5.90465432770822,3.751547694251422,0.0,2.7869164424750754,1.0,1.0,1.0,1.0,1.0,,,,,
279,skilled-sweep-92,run_d6a5a6ee1a24b429f9c793d6ec0fae6b,0.5701340436935425,1.4082195277600513,3.537397931409908,2.007340492735313,0.8160687061693263,1.810337869916126,1.1433822590938105,3.4458900381056075,1.1641061276058124,0.8160687061693257,1.568464155720843,0.5124285866858173,0.5580237382687454,0.39098809181751426,0.7206996518233992,0.5379096843151967,0.5155618478942104,0.3968873465892555,0.03498008140673686,,0.40161580766990246
280,stellar-sweep-93,run_cadecc4ec58bbec2286b2e96f04b49d5,0.6061263680458069,1.2486024250159542,2.8620304844855746,1.9525584333543908,1.0682183148693973,1.6598512422851717,0.8719081046585829,2.5808111050626033,0.8720530638029063,1.0682183148693973,1.1388669093210948,0.5836800828902937,0.4370468282053748,0.350500750247422,0.5989334647561786,0.41702610989808697,0.5755772839290139,0.3626887073739349,0.04720386799185827,,0.44279574586006354
281,eternal-sweep-94,run_14b2e6801b195443f72daf8f1fa35f28,0.5636247396469116,1.3999234205488196,3.645753946652151,1.9140871762476315,0.8140054883626385,1.861204304478557,1.1049649010848768,3.541780076211214,1.157978521794063,0.8140054883626363,1.6479347998100964,0.5114321052509276,0.5148432424479439,0.405665964307378,0.6990018264904825,0.5428506470542361,0.5255011077291063,0.36703232043631695,0.03001760535642814,,0.3856426679925218
282,fresh-sweep-95,run_0553858b6ac9bbea9dcb5f8e935c0bf8,0.7333759069442749,0.8270708359923421,3.2346761023407735,1.9130132659507268,0.6167547514991361,1.86635939230891,0.6452967453733249,2.9573761567773547,1.4108022741629822,0.6167547514991357,1.4405008703908855,0.7148466926027887,0.42177854874382215,0.5997522587236217,0.6296837120757177,0.4220909698530978,0.7159604682529209,0.23330760857927235,-0.26137795074393566,,0.3203125150951179
283,northern-sweep-96,run_dcad49d11a9ad0232db2a053e543af1d,0.6192724704742432,1.2021569878749203,3.3103973870440946,1.8789008212255216,0.7874834840939121,1.627286754233265,1.0114486279514994,3.123407729994557,1.332672141503475,0.7874834840939102,1.3051867384079756,0.5669302351309358,0.48395255050667724,0.44919500047888133,0.6316321890094564,0.5094989845590812,0.5835004330724582,0.3140507592912886,-0.011514554499099827,,0.4358696674940422
284,stilted-sweep-97,run_b48f47c23b6c995497e565b777c97bcb,0.43178045749664307,2.497141033822591,5.90465432770822,3.751547694251422,0.0,2.7869164424750754,2.497141033822591,5.90465432770822,3.751547694251422,0.0,2.7869164424750754,1.0,1.0,1.0,1.0,1.0,,,,,
285,toasty-sweep-98,run_c26f28a4e949de6548b8c02ec1ab89e8,0.571793258190155,1.4096107211231654,3.8287425149700605,1.9576753000631717,0.7416099197072874,1.8785844279158095,1.1701212507977026,3.743277082199238,1.2896778269109286,0.7416099197072875,1.6935393258426967,0.5192776354474198,0.5504958780744973,0.40872729304345046,0.7445732018387736,0.571382026595664,0.5201366049864038,0.3488740751371854,0.03624695745895612,,0.3907819704022692
286,clean-sweep-99,run_641b1c4786a4417e72c3cc953b2cb876,0.6200382709503174,1.2271984684109765,3.3139902014153515,2.100025268477575,0.7856489480638277,1.7125296724165213,0.9659604339502242,3.1119760479041916,1.3807580543272255,0.7856489480638256,1.3100846652951412,0.5945738455696999,0.4349217836659048,0.4409754812757399,0.6718102604128522,0.45730613927200603,0.5753823171978192,0.302902523920519,-0.01227593532631932,,0.4208786405507008
287,dry-sweep-100,run_db83cdf3f9c1e229c5bd6d3cbee762c8,0.5739629864692688,1.3959029993618381,3.4094719651605883,1.9470372710044224,0.8551834536030086,1.7992997309700904,1.0814677728142945,3.2879150789330427,0.8970309538850283,0.8551834536030104,1.5502175977211587,0.5333984338009401,0.5106846430313376,0.3762706318041056,0.7081606801393724,0.5253923661192815,0.5255226740818034,0.40703580394584066,0.06520689618255071,,0.4083589347983731
288,autumn-sweep-101,run_0499c71789841ee2bd9c4a382c21ad7f,0.5701340436935425,1.3218123803446078,3.319733260751225,2.0890461149715733,0.7980333367212116,1.6584823548029752,1.0284365028717295,3.1148884050081658,1.4480859128237522,0.7980333367212125,1.2373951574616249,0.5517147029555287,0.4839873396695342,0.4365689748746927,0.6497523379123499,0.43955869259635727,0.5645663135480995,0.32550377068962766,0.031178843936836315,,0.446038336252443
289,crimson-sweep-102,run_4ac7e6fb78f4061c7aba389ed0dfcc2b,0.7729419469833374,0.7147925973197192,3.28500272182907,1.962135186355023,0.614605142799065,1.7897729071055548,0.5588513082322907,3.058709853021231,1.488098547062541,0.6146051427990642,1.3132259851242285,0.7560012227570633,0.43451759138714724,0.6297597611978418,0.635251668194742,0.40335798661819783,0.756303405077777,0.3104949482630244,-0.30581280222246254,,0.37738328465091003
290,zesty-sweep-103,run_2f7ebc46c04962564a70787e84f2bc54,0.5546904802322388,1.4297511167836632,3.235329341317366,1.8564624131396086,1.0547057627807703,1.8460515904415258,0.9899553286534778,3.0593903102885136,0.6579027163613401,1.0547057627807694,1.5272274094002214,0.5577314415069663,0.47939108498654587,0.35235849056603774,0.6602045855235518,0.5032143576040473,0.5252764951491447,0.3884692119113454,0.060223141652765017,,0.38168677208188345
291,sweet-sweep-104,run_6ddfe849679412cecb5f29ef364e651b,0.5813656449317932,1.3412763241863435,2.561186717474143,1.8556411876184462,1.389780465494461,1.6918539325842699,0.8921123165283967,2.2058791507893316,0.5909538850284286,1.3897804654944612,1.162205253995885,0.5968199857702621,0.41965106972372723,0.33613143696325387,0.5508359976452946,0.4135737053803481,0.5494875158223491,0.35516308007075514,0.0661984718638392,,0.4554750999472639
292,fancy-sweep-105,run_e53e510bc17972406d053f6915f159fe,0.5174218416213989,1.6867517549457565,3.468698965704954,2.6632849020846496,0.9154995426364468,2.0025320462098435,1.2306955966815565,3.343549265106153,1.286051800379028,0.9154995426364468,1.6172337395157466,0.6112572542100556,0.5760804044044364,0.5193466462343964,0.7256121712185388,0.5899432179617811,0.446791276901746,0.36977589387069765,0.0455149449169904,,0.3544395834107465
293,dulcet-sweep-106,run_1a994117ff42909488b8e6230bf82b5c,0.7411614656448364,0.819438417358009,3.391181273816005,1.9204421983575495,0.8293932310194126,1.810670200981168,0.6711550733886401,3.1855743059335877,1.4862792166771959,0.8293932310194122,1.4036042095268235,0.7241328212258293,0.43685817440764785,0.6265474252146984,0.598068241908972,0.4176366580274112,0.715860628248468,0.26244411885916646,-0.28291932900829136,,0.35897393292261687
294,logical-sweep-107,run_53501badc3d50f4d7de3d483837e7a99,0.7717932462692261,0.7106445437141035,3.234376701143169,1.9376753000631717,0.7324829759121864,1.8467122962494065,0.5421186981493299,2.988432226456179,1.4933796588755528,0.7324829759121866,1.4034776072163317,0.7522311989078925,0.44255511510462986,0.6681753024933754,0.6015156215267806,0.4049659488600684,0.7557811067135068,0.29570969087082555,-0.4082026803446522,,0.33893344002923
295,colorful-sweep-108,run_d2390348850a58a252d34ccc9cdb456c,0.5560944676399231,1.4168985322271856,3.9783886771910724,2.063385975994947,0.7037452993190366,1.9248694413673053,1.175928525845564,3.844256940664128,1.4219962097283658,0.7037452993190356,1.656891913277417,0.48337581613725134,0.5653595171329,0.42992864668135233,0.6523279979487715,0.5178898641632401,0.512778106464076,0.29882357082838495,0.005038790536777971,,0.3461654141614577
296,trim-sweep-109,run_700393efaf0c49739d8f5227fcab45e2,0.6015315651893616,1.2654116145500958,3.7031573217201963,1.8464687302590022,0.6396076837076939,1.8507398322519386,1.0587236758136567,3.5846488840500825,1.1837776373973468,0.6396076837076933,1.644583794904257,0.5133042986356521,0.5047127339148668,0.45352871691728125,0.6745735287019119,0.5150174381979525,0.5523085415829188,0.31865200246671843,-0.05147402496648981,,0.36506430209898083
297,laced-sweep-110,run_4e472a61dff57d48a552089f19ec0a7c,0.581110417842865,1.3200765794511808,2.7596624931954272,1.9571067593177516,1.0168462242097773,1.6696154454818801,0.9793746011486932,2.449700598802396,1.020328490208465,1.016846224209778,1.1385424909004593,0.5534444933136333,0.39201326876864256,0.37366711362257765,0.5905795171119315,0.41525340179730785,0.5546185980587747,0.3465870059236115,0.05325140391075461,,0.4444901054527025
298,blooming-sweep-111,run_d6c57689bd21f76c3bd50a6795ad0191,0.584045946598053,1.3230631780472242,3.572046815459989,2.1522678458622875,0.5632482975912187,1.8255736667194178,1.0387747287811113,3.368127381600436,1.4501073910296916,0.5632482975912171,1.451772432346891,0.5411910097745769,0.4527269860499003,0.4498252083133799,0.5881304281706988,0.42379219382062977,0.5496162976077275,0.25092287605420693,-0.014140185934791605,,0.36215386800144944
299,dandy-sweep-112,run_35d636f01883402d79e294d91e66eb99,0.5922144055366516,1.3311167836630506,3.693685356559609,2.031674036639293,0.8450808008944001,1.9542411774014878,1.0662284620293545,3.56880783886772,1.2397094125078965,0.8450808008944007,1.7116078493432498,0.5230599436774275,0.5399363021885212,0.4041956389873256,0.7190793188878584,0.5608078143840927,0.5418860128696499,0.33033064971216086,0.02621937890660686,,0.35025835261276145
300,still-sweep-113,run_f86f916b4e2d8dfb3af0c460255c9b47,0.43178045749664307,2.497141033822591,5.90465432770822,3.751547694251422,0.0,2.7869164424750754,2.497141033822591,5.90465432770822,3.751547694251422,0.0,2.7869164424750754,1.0,1.0,1.0,1.0,1.0,,,,,
301,divine-sweep-114,run_0f7ac556f0b968062bd019d34a0e8fa0,0.571282684803009,1.430006381620932,3.8728633641807297,2.1304485154769432,0.6956804553308265,1.9747547080234216,1.1385194639438416,3.7812465977136647,1.3631459254579927,0.6956804553308261,1.7887600886216173,0.5434512085532316,0.5707603039695743,0.43405325160425245,0.7661106278942528,0.5961155948559426,0.5146618295064572,0.342910617047275,0.029169237249137725,,0.35688971572525807
302,distinctive-sweep-115,run_bc69a1fe03d25d88657972504b1fac21,0.564773440361023,1.402910019144863,3.499755035383779,1.8554390397978526,0.9710793779855678,1.807145117898402,1.0765283982131462,3.3761295590636915,0.9198231206569819,0.9710793779855666,1.5378224402595344,0.5157878597732742,0.4878298220803106,0.40606343581393867,0.6682640707431706,0.5088094967021759,0.5206408670895503,0.3794714527898186,0.042661965456218226,,0.39415141334285275
303,grateful-sweep-116,run_282627d764ab5301cb3e652464ca0b59,0.6215698719024658,1.1987236758136566,3.488132825258574,1.705963360707518,0.8064132533794086,1.7633328058237063,1.0030631780472237,3.3873162765378337,1.0753632343651292,0.8064132533794094,1.5887323943661975,0.5615186975879715,0.5097484186693606,0.48262953740063214,0.6710952281972229,0.5045686238253643,0.5820511715303384,0.39795765739795735,0.04140855010819616,,0.39754950172868764
304,genial-sweep-117,run_1b70e8c9f3f136ac682d5bac5a8af19c,0.6553924679756165,1.0657179323548183,3.1873707131192166,1.708477574226153,1.1704695599146258,1.9083201455926573,0.7513337587747293,2.9484485574305945,0.695262160454833,1.170469559914626,1.5020849818009177,0.6400413490976599,0.4292624250108186,0.44927034447530567,0.520171607753377,0.42093958819787874,0.6342002087036113,0.3316496071317796,-0.10021639651782507,,0.32787431017878377
305,lunar-sweep-118,run_5fedfeaf63db00c5978cd739cee96c43,0.5471602082252502,1.4916400765794515,3.5877245508982045,2.381086544535692,0.6941305010671817,1.689266497863586,1.21189534141672,3.4361186717474137,1.7284270372710058,0.6941305010671805,1.3059226143377116,0.545415122538398,0.4991729754392044,0.5242460811544233,0.7554882726545549,0.47730875568873493,0.5066407264478539,0.32023336622394416,0.08139725054539254,,0.4590405138376094
306,serene-sweep-119,run_03b8eaf34a8a238fe086df41fe60660d,0.6445437073707581,1.0808934269304404,3.1767011431682097,1.683752368919773,1.2878900294745403,2.0130439943028957,0.7399361837906816,2.923244420250408,0.7390650663297541,1.2878900294745401,1.5206559582212378,0.6560364641066017,0.40828486032693134,0.4500882737924209,0.5252796879995878,0.3798956050381259,0.6477256842923644,0.2880802820321109,-0.18667281284684817,,0.27256431324299496
307,lively-sweep-120,run_72fdb6c55ae8d7998903b1281945cc74,0.6271857023239136,1.2256030631780475,3.775993467610235,1.9065192672141509,0.6589389165565607,1.8709645513530622,1.0302999361837912,3.6691888949373976,1.2723562855337966,0.65893891655656,1.686338819433456,0.5791765103272406,0.5356968202366971,0.42801216358586347,0.7486866863017663,0.5449456098152534,0.5748441953008583,0.3395029352801116,0.02566389893825896,,0.37593845434141565
308,chocolate-sweep-121,run_0d2385939927118213c4c8782cf2ffeb,0.529802143573761,1.4955583918315254,2.8657593903102887,1.806683512318383,1.5318325033031812,1.803465738249723,0.8904020421186978,2.6015242242787147,0.2640176879343034,1.531832503303182,1.325280898876404,0.56931351376432,0.523540112840199,0.30123184241611595,0.5506154679703325,0.4751723630215926,0.5286007526052224,0.4110757594680793,0.039237319516319175,,0.3945302261895606
309,azure-sweep-122,run_1dd4a5e7de175a764bd75606d5406669,0.5610721111297607,1.4383407785577538,3.9093086554164405,1.8423120656980423,0.6455940644374429,1.9048741889539487,1.2942437779195903,3.8557430593358744,1.4451168667087806,0.6455940644374415,1.797721158411141,0.5694458745680515,0.5926874975710797,0.48780416946014105,0.7540648916994794,0.6102211709709688,0.5159106346934975,0.38691516008828275,0.06680427788515048,,0.39402538466024223
310,eager-sweep-123,run_fcdbd0413de8c3b936eba7dc7dddc8b8,0.7611997723579407,0.7364901084875559,3.1250952640174203,1.9466329753632352,0.7106616526069723,1.836920398797278,0.5546394384173577,2.8490473598258044,1.4618825015792798,0.7106616526069732,1.3844041778762464,0.7498667387903997,0.39166208179555645,0.6561753344187977,0.5898019722715999,0.3986256892692099,0.7508379349162948,0.22992574031184626,-0.3613481433806499,,0.33840974481519775
311,earthy-sweep-124,run_aa5299189f752fd87ccedb57d52af49f,0.5734524726867676,1.370070197830249,3.4937942297223743,1.8860644346178148,0.9908171562150626,1.828758506092736,1.0200510529674545,3.35808383233533,0.8903853442830076,0.9908171562150632,1.5595545181199562,0.5287592752851298,0.5137158436201261,0.37513743894263,0.6654020807704077,0.5045820734435487,0.5351753512465407,0.36481331637712605,0.02660225230985297,,0.385712602357759
312,rosy-sweep-125,run_88fd6c5a52155f04ce24360a449629c9,0.7708998322486877,0.7212890874282069,3.6134186173108334,1.9762728995578023,0.48818985669275344,1.9526230416205095,0.5456924058710916,3.420495372890584,1.411674036639294,0.48818985669275483,1.5960001582528887,0.7429619770279404,0.48222820424054985,0.6445035596845768,0.5626395388386075,0.449519857880087,0.7513886696958498,0.2824776604192717,-0.3580266490441766,,0.3111286873443596
313,faithful-sweep-126,run_5980ca5557545d555eace5f2333ef298,0.6098276972770691,1.2290619017230378,3.5324169842133926,1.8311939355653826,0.771170850696209,1.8236271561956008,1.0193107849393743,3.3546271094175286,1.1160202147820606,0.7711708506962105,1.60504035448647,0.5247756008261116,0.4793856432955314,0.4424193084953548,0.6533768036649085,0.5018738777348951,0.5616899103717392,0.31729044400150785,-0.04445183557346069,,0.3522225384823261
314,comfy-sweep-127,run_088b864695afbab129429626806c3529,0.5777919888496399,1.3621569878749205,3.756831790963528,1.8905243209096656,0.6729748958227463,1.821273144484887,1.1875303126994257,3.683396842678281,1.2895388502842695,0.6729748958227454,1.6729901883209368,0.5325223050976728,0.5298747560312741,0.4335406889506114,0.7499087468810628,0.5588505781789037,0.5338206890015434,0.3872992375226145,0.05083707879834823,,0.4059140799258494
315,fancy-sweep-128,run_25ac29bd0e219224394f9f8c11b15e23,0.48627951741218567,1.6684620293554564,3.3525313010342956,2.4525331648768165,0.7796828946031101,1.9310927361924357,1.252788768347159,3.224986390854655,1.31413771320278,0.7796828946031107,1.5444967558157952,0.593860233739385,0.4948782114166061,0.4829061711841139,0.7380628963461242,0.5475417954781845,0.46210878874786204,0.3723931274190714,0.07240343767114613,,0.37548800834361784
316,gallant-sweep-129,run_6b30381d2ad96b58b455b9fd9e505dbc,0.5774090886116028,1.2873261008296109,2.6968154599891134,1.753506001263424,1.1781685130602704,1.6296368096217757,0.8971537970644556,2.441399020141536,0.7768035375868597,1.1781685130602708,1.0971158411141002,0.5641785789767123,0.4315124115847793,0.4037003160616799,0.5561910248669666,0.41941064417543733,0.5779680496941458,0.412778413294803,0.08905161354594837,,0.4600159731157485
317,olive-sweep-130,run_298f3fce0fcd0541fbb7fa08d8e2e007,0.5480536222457886,1.2687555839183153,3.5553892215568865,1.7514718888186993,1.094699664600061,1.7573152397531258,1.02431397574984,3.433886771910724,1.231295009475679,1.094699664600061,1.5474402595347356,0.5692355313324091,0.5665406234037622,0.48683188072662265,0.5595264283746856,0.4938697132130775,0.5859909121361357,0.36799941128342434,-0.07003531442947236,,0.39526846018126527
318,skilled-sweep-131,run_ef62674ab50befe50a790506a3f6c008,0.6162093281745911,1.241084875558392,3.763663581927056,1.9697283638660776,0.667816851306027,1.9372329482513055,0.9541671984684114,3.6301850843767007,1.1750852811118138,0.667816851306028,1.6619045735084663,0.5956494044078033,0.5259955650799555,0.41532069086613665,0.6090857935881345,0.5100181186874543,0.5773142809716121,0.3128227884309063,-0.025094665518870712,,0.3342840887512699
319,snowy-sweep-132,run_06f42425619db8d6553a5c513dc4ca7d,0.5931078791618347,1.303088704530951,3.580538922155689,2.0396336070751744,0.7932920012196362,1.8594081341984494,1.0443012125079776,3.450979858464889,1.1604674668351245,0.793292001219636,1.6214749169172347,0.5110744637241181,0.505714751682774,0.40803802317785653,0.7018247720767101,0.5206370742974763,0.5470001700669653,0.33004431900487463,-0.0042255183237649985,,0.37466067546203174
320,jolly-sweep-133,run_c43c641242be5ea156bb7c4e5b20a9c7,0.5670708417892456,1.3749202297383536,2.9525585193249873,2.094933670246368,1.1339465392824475,1.8736667194176295,0.9075558391831531,2.6412357103973876,0.6198862918509169,1.1339465392824495,1.4240307010602944,0.5264845914596951,0.4437975838345958,0.34280656386680713,0.6527564188022659,0.4691633480430206,0.5377581640644522,0.343871751550464,0.0498750231520467,,0.3714775478445459
321,fast-sweep-134,run_85da24bf173ff64b990981fef29b9657,0.5906828045845032,1.321289087428207,3.791861731083288,2.072065698041693,0.7154588880983841,1.8479585377433139,1.10219527760051,3.6597985846488843,1.296702463676565,0.7154588880983845,1.6150894128817852,0.5006571101213303,0.5427847296960171,0.41774478817482363,0.7014462947143647,0.5016239090770293,0.5359761984107287,0.2983855397171895,-0.003431045697222357,,0.3654594925585265
322,icy-sweep-135,run_6bca03331c1ddbc056bef4f0beeb4306,0.5626037120819092,1.3948819400127634,3.2557430593358747,2.1595325331648776,0.7803994308364671,1.5468309859154932,1.1073261008296118,3.0933043004899283,1.4070372710044226,0.7803994308364659,1.1543242601677477,0.532111354298078,0.45985389446332386,0.44872872968745015,0.7068710585052606,0.44477383017757294,0.5361253239003865,0.3714097967070016,0.10052001407620634,,0.4851178530662957
323,resilient-sweep-136,run_66ef2e0ed7b0970e99c618dfbc6dbfa2,0.5831525325775146,1.391831525207403,3.488023952095809,2.0746304485154776,0.8812531761357864,1.8585100490583955,1.0436502871729418,3.3783886771910736,1.0188123815540122,0.8812531761357872,1.57759534736509,0.545264050003499,0.5482089259140231,0.38562909044472116,0.7004496130353156,0.5282126625632269,0.5220649684686435,0.3797918938496856,0.031818479426695634,,0.3774254738222461
324,vocal-sweep-137,run_027a3ada69519779a76b808b6c8f5143,0.634843647480011,1.1741161455009574,3.651061513336963,1.9672520530638034,0.6211301961581462,1.8145078335179616,0.9225271218889591,3.5083832335329346,1.2133417561591924,0.6211301961581445,1.5857611963918332,0.5819853432179046,0.5150563322943924,0.3911860294352393,0.7182838346899919,0.5066417118712979,0.59717484930297,0.33089302026070255,0.03646309934343692,,0.3845017018120223
325,clean-sweep-138,run_caf3a8f7709d8c9bfd36df7191713514,0.5483088493347168,1.48553924696873,3.3979314099074585,2.0496020214782065,0.8447301555036082,1.6949082133248932,1.226675175494575,3.222645617855198,1.362223626026532,0.8447301555036085,1.3019425542016145,0.5103521256005772,0.4467667476293234,0.4228135874596941,0.6409721228117974,0.42783014215316373,0.4823385483355338,0.3274164827734337,0.05059987323191015,,0.42332204729670375
326,jolly-sweep-139,run_9d1d8003c8ff2944c0f1e7b2a91930be,0.6113592982292175,1.272929164007658,3.500054436581383,2.1871383449147195,0.6470068096351257,1.7552144326633963,1.0563880025526478,3.3219923788786074,1.5421857233101712,0.6470068096351249,1.3940971672733027,0.5521228649672859,0.45882514517814926,0.4686366248443636,0.7007947413931831,0.44373412319795813,0.5575581122584232,0.28973317545372457,-0.0008055140148732765,,0.394897623180476
327,rosy-sweep-140,run_e7c2f2a948f6b162cab155e8dd7e171f,0.5282706022262573,1.5042501595405233,2.706995100707676,2.0978016424510426,1.2385049293627404,1.6703038455451815,1.0103637523931084,2.3827708219923793,0.7971572962729002,1.2385049293627415,1.035923405602152,0.5603484338656168,0.48786494638865224,0.38139482169651695,0.6151881836830178,0.4352158510049044,0.507752107101402,0.38015132741633784,0.08062666987993272,,0.4600509040392593
328,polished-sweep-141,run_618cb8a55f614d8d1598bf96e72fd732,0.5656668543815613,1.3774984045947674,3.578769733260752,1.940037902716362,0.6974895822746215,1.9125375850609274,1.0874920229738358,3.4028307022319004,1.0933922931143405,0.6974895822746207,1.606856306377592,0.49443016722252014,0.48139564118578293,0.40800721514542027,0.5799713270369569,0.4828101802353377,0.5188010908435544,0.31203382597168117,-0.017834791191886523,,0.3378562443395823
329,still-sweep-142,run_7bba2d262c755a217b23a458723a2e06,0.536183774471283,1.4377664326738993,2.793685356559609,1.7966645609602023,1.404212826506759,1.7315239753125495,0.8456796426292278,2.56537833424061,0.22746683512318494,1.4042128265067593,1.267249564804558,0.5810375203010749,0.5187962043292749,0.372836414136577,0.5776813452802677,0.5032944512412127,0.5486446438782233,0.4293969186673437,0.05638635081988336,,0.43048393213549596
330,grateful-sweep-143,run_07016aeab316d1dc05d54b4bb2f58ff4,0.5619655251502991,1.4218761965539248,3.6182634730538927,1.9433859759949468,0.8038926720195142,1.8009890805507203,1.1512954690491373,3.4901741970604254,1.1480353758686048,0.8038926720195146,1.583660389302105,0.48624018611286146,0.49431998718298525,0.3834829039364046,0.6933569855183379,0.5267251116250808,0.505620641727985,0.3528654086899698,0.038326098585595186,,0.397694701131852
331,olive-sweep-144,run_f4e2014d84f630097f0a6de86d107beb,0.6645820140838623,1.0514741544352264,3.5948285247686442,1.9060138976626662,0.6113934342921029,1.9961465421743947,0.7685386088066373,3.372999455634186,1.1670372710044226,0.6113934342921041,1.5896106978952367,0.6240422441541341,0.46982957007921405,0.530884813076653,0.548019463048595,0.40401706538971044,0.6332196353833011,0.23562958273765003,-0.19095984718347275,,0.2811649261617888
332,robust-sweep-145,run_e8b1fea66e64b1cd052f193f7a252ff6,0.6048500537872314,1.2322271857051692,2.552259118127382,2.035047378395452,1.046620591523529,1.645917075486628,0.806853860880664,2.2636363636363637,0.8242324699936828,1.0466205915235305,1.056891913277418,0.5949934319295697,0.43712813561205577,0.359864795836925,0.6016315466261383,0.42767344449950645,0.5950174974552974,0.41219351485917827,0.061656035133050735,,0.4726078106969815
333,floral-sweep-146,run_4957d38d5f5a6af220382ab4dbfec87d,0.6103382110595703,1.228768347160179,2.9395481763745246,1.936058117498421,1.0049903445472104,1.6072479822756767,0.9358008934269297,2.6954001088731636,1.096361339229312,1.0049903445472106,1.1746162367463204,0.5938494464660894,0.4140751324699177,0.3861981610956805,0.6335050601200305,0.4603551997454252,0.5816022669422609,0.34505675071042713,0.05058199606660299,,0.4575413554634321
334,leafy-sweep-147,run_9d6b2e1fd65c04d75a42ebe2e1017811,0.5922144055366516,1.2616464582003828,3.5133369624387605,1.8214403032217314,0.9170444150828337,1.853564646304795,1.0234077855775372,3.3656505171475226,1.0168414403032224,0.9170444150828332,1.6372962494065522,0.507262045287098,0.4712043272529147,0.42256696357309326,0.649071326781581,0.5197162913568601,0.5596782994789309,0.3377639595847618,-0.009846872320212086,,0.3661866136733811
335,frosty-sweep-148,run_8f3d0cc2863d9aff75008bc3af0acd03,0.568602442741394,1.3569751116783662,2.754654327708221,2.034731522425774,1.184236202866145,1.809147016933059,0.8849649010848761,2.4437125748502995,0.5241819330385351,1.184236202866145,1.3443661971830982,0.5540868734186315,0.467100833488117,0.32015898860262426,0.6297936064261495,0.47217923501147246,0.549646859010797,0.38698837560640764,0.04792412674315133,,0.39904568461570883
336,crisp-sweep-149,run_4c38848d82f963945a251db368e09a3c,0.6016592383384705,1.265003190810466,2.658410451823626,1.9692608970309542,1.120622014432361,1.6072756765310967,0.8695724313975748,2.362874251497008,0.8601516108654468,1.120622014432361,1.0352547871498652,0.5942193827813553,0.4454193283183032,0.3605926954633975,0.6015598071876989,0.4189297760164968,0.5746854139534723,0.38640070446870056,0.03718448433011032,,0.4794909323410815
337,deep-sweep-150,run_04c9033678146a3cf072bb95db576ac8,0.5719208717346191,1.3883343969368223,2.9185084376701145,1.8792293114339864,1.2326252667954063,1.7513886690932112,0.8919208679004478,2.6645073489384887,0.36734049273531294,1.2326252667954067,1.3482315239753129,0.5884132394639938,0.5308572365361192,0.29998738945822556,0.6437502596680064,0.5046416159940698,0.5418077244082061,0.40562770870351944,0.059224032300683266,,0.4195612254501685
338,dainty-sweep-151,run_5f87a45dc97d37670e9b3113b51b7001,0.5559667944908142,1.3765666879387366,2.790909090909091,1.7351737207833229,1.419564996442728,1.647198923880361,0.8724696873005753,2.5752313554708772,0.25719519898926096,1.4195649964427275,1.250474758664346,0.577100457487661,0.507509822492393,0.34679819940618717,0.5569168314060042,0.4669656684152954,0.5571267760649355,0.4512436134156663,0.06904205112005138,,0.44889743404757
339,dazzling-sweep-152,run_993a3bcf7ff6036cc01298544277653a,0.5511167645454407,1.4105296745373326,3.1210125204137187,1.8459759949463046,1.2311515397906292,1.7725272986232001,0.941378430121251,2.917964071856288,0.45914087176247637,1.2311515397906285,1.4197657857255899,0.5328581733471935,0.5073003269928055,0.326413657695623,0.6152882163762319,0.4802518782678886,0.532250791191217,0.4065636118485218,0.04591689990323872,,0.4026438348459588
340,quiet-sweep-153,run_e0cd73c69f7f1dc2357dbcbe9a456f2d,0.600127637386322,1.301914486279515,3.049918345127927,1.9232217308907142,1.1789917674560424,1.7604288653267925,0.8319208679004466,2.8334784975503537,0.5388376500315862,1.1789917674560442,1.4026032600094953,0.6168677297442643,0.49325156511424845,0.32642978003384093,0.6421284716436167,0.47841308065491783,0.5679645786864038,0.4028546724517231,0.045610331192555864,,0.41787111943953964
341,warm-sweep-154,run_0efd35a8c26d971c4b65d9f556c524b0,0.5871091485023499,1.323088704530951,3.5113500272182914,1.9716234996841444,0.506946844191483,1.9199359075803137,0.9499170389278877,3.349020141535113,0.8896020214782062,0.5069468441914838,1.6265034024370946,0.5460092092228562,0.5029578899151317,0.35282077067969225,0.6984074563656681,0.4987731944702578,0.5499875942996082,0.3347413542448154,0.04753357510100523,,0.3350048209438391
342,still-sweep-155,run_bb922f68652105d41d940cfe564f2ef3,0.606509268283844,1.28297383535418,3.1899836690255863,2.2142640555906508,0.8302418945014737,1.7236944136730499,0.970376515634971,2.9500272182906913,1.3637271004421985,0.8302418945014718,1.2136611805665458,0.5862484018422833,0.42707570207570206,0.4514861284040481,0.6903040601302677,0.4399041404660293,0.5629141891395079,0.30327453925043324,0.013538242126879152,,0.43403353982081555
343,efficient-sweep-156,run_01eecce990ccedd2fbcb295a82027429,0.7383535504341125,0.8073771537970645,3.378824169842135,1.9297662665824389,0.7090049801809127,1.7052223453078021,0.6400000000000008,3.19493739793141,1.4715224257738475,0.7090049801809135,1.3427045418578891,0.7143672306706049,0.49072765144764446,0.5845662931392268,0.5867509425837878,0.4847668937052473,0.7286469902598096,0.30925731252553024,-0.24384193046800914,,0.39742713607399915
344,solar-sweep-157,run_a63991cc92105fd1b21b1f13b5a38a0b,0.5518825650215149,1.4483216336949585,3.220794774088188,1.9312823752368922,1.1559762170952335,1.86105792055705,0.982054881940013,3.030538922155688,0.5719393556538234,1.1559762170952341,1.5416402911853133,0.5456839191083145,0.4685580437807775,0.32851339271461866,0.6545377737042047,0.48916490715191996,0.5128790423222104,0.38370708955111466,0.05000609512581741,,0.3702970668461231
345,amber-sweep-158,run_11c661f571cc20c9df581e481087f246,0.5710274577140808,1.4245437141033823,3.768508437670115,2.0260138976626663,0.7696208964325644,1.8928430131349898,1.1332099553286532,3.6638268916712042,1.3496525584333559,0.7696208964325655,1.684590125019782,0.5400162763092083,0.5330917131533169,0.4210715767966031,0.734368901727676,0.5557366992681396,0.517981578082747,0.35377778712134067,0.05362104944662513,,0.3821057210468475
346,genial-sweep-159,run_f09389514e619a168b5c99cd1092a977,0.5232928991317749,1.4926100829610722,2.475557974959173,1.8677700568540747,1.5514584815530037,1.6862478240227883,0.9533631142310138,2.1016875340228633,0.3938344914718889,1.5514584815530028,1.1589017249564801,0.5336561464277851,0.476330504574013,0.36999760559333394,0.5166950003022336,0.43761134385166073,0.5118497296509382,0.39310258083642396,0.07245825907334558,,0.45442224777789203
347,avid-sweep-160,run_50741a084e89117bce97e6a3562dad3c,0.6185067296028137,1.2750350989151247,3.889412084921067,2.0565508528111187,0.6923315377579022,1.9454660547554996,1.0586470963624766,3.7586009798584663,1.3369298799747313,0.6923315377579016,1.7571609431872135,0.5545287790542431,0.5464191924099849,0.43138109376496503,0.725076673227399,0.540969019808798,0.5494592890064506,0.2916011454770591,-0.03232105726586784,,0.33597436993461893
348,vocal-sweep-161,run_f9ce88ca5b6b8e5cc2684faec96cd8e5,0.5761327147483826,1.3144990427568604,3.372700054436583,1.8995198989260902,0.8147677609513162,1.7309780028485522,1.1404850031908105,3.2806477953184543,1.1203411244472525,0.8147677609513159,1.537996518436462,0.5433764250602051,0.5251531973768916,0.395305047409252,0.6718030904179986,0.498346957726088,0.5383970790222364,0.40863180503080304,0.046114205282168724,,0.41633142845676513
349,peach-sweep-162,run_751bc90652875a4cdea3da193497efe2,0.5813656449317932,1.3655520102105936,3.361431682090365,2.100151610865446,0.9066724260595589,1.8144089254628897,1.012980216975112,3.134703320631465,1.2554769425142145,0.9066724260595587,1.2979031492324742,0.5505379811363316,0.4418170196036755,0.41884222456341985,0.5612700049251607,0.38583405364051093,0.5275936874912941,0.2889743209887321,-0.012770697179485646,,0.37889945246080214
350,distinctive-sweep-163,run_82c426594a83ac6906135d2765e3b20a,0.5693682432174683,1.415813656668794,3.4362003266194887,2.313329121920405,0.7861571297896128,1.9621577781294512,1.0578557753669435,3.217800762112141,1.2302716361339228,0.7861571297896135,1.64997230574458,0.530545310008733,0.49546289546206745,0.45006784152220414,0.7150405664156054,0.529265528195884,0.5193555364266383,0.3081727420079004,-0.004227694548946392,,0.348200856731426
351,graceful-sweep-164,run_c1629bf897f160e89f601ee689b5cd52,0.6299936175346375,1.1828717294192725,3.1435764833968434,1.7916234996841442,1.0470271369041573,1.7339650261117263,0.8429610721123156,2.948149156232989,0.7166519267214149,1.0470271369041584,1.4033510049058409,0.6286419225312758,0.5051548711834208,0.38487549085336653,0.6517319854833881,0.48058872921502516,0.5973054467788038,0.3873292190182174,0.06235394795494967,,0.41427684988033436
352,young-sweep-165,run_c15e093fe9b21dfc9fef1431e7a86d45,0.615571141242981,1.2565666879387365,3.466194882961351,2.2830322173089077,0.6233052139445067,1.7394287070739043,0.9688321633694967,3.2378878606423522,1.5008212255211633,0.6233052139445064,1.3187134040196244,0.5626018671155432,0.4588596671850655,0.47992321935957605,0.7021567011635838,0.4217956832104163,0.571220714214516,0.28118518115394386,0.005849871572731341,,0.41038938202761543
353,misty-sweep-166,run_8c2fd57dfbfc8a4dcb8153b6fcec07ff,0.5606892108917236,1.4110402042118697,3.6587915078933047,1.952798483891346,0.7934139648338248,1.8608205412248775,1.0949968091895341,3.526020685900926,1.0788376500315855,0.7934139648338252,1.6219219813261592,0.530990667490045,0.5148385119932747,0.392286817993168,0.7154020870647191,0.545807975024241,0.5259222867686248,0.34542615482337136,0.04749960061920577,,0.3921866675326102
354,comic-sweep-167,run_85fba7cddb0327511a9c0c48806fd007,0.5101467967033386,1.4853477983407786,2.954463799673381,1.8245988629185093,1.323706677507877,1.7670913119164424,0.982807913209956,2.7317637452367993,0.3866961465571709,1.3237066775078767,1.3248377907896822,0.47535019304111603,0.43297707772710253,0.3268480030648405,0.5954588489013398,0.44427312571985866,0.5115246363947235,0.40280132491369164,0.043092034609488766,,0.4111459683934812
355,golden-sweep-168,run_118e9c5fcc3c5eb34c80752977501126,0.764773428440094,0.7398723675813658,3.294420250408275,1.879406190777006,0.8830673848968393,1.9959922456084824,0.5227951499680921,3.0519052803483944,1.1791914087176256,0.8830673848968383,1.5736231998733994,0.7722783198537638,0.43941746032959234,0.6393144015579606,0.5633105550692239,0.3955451884529554,0.7448703206127159,0.2931881704520813,-0.36974041735348945,,0.276163242735542
356,dazzling-sweep-169,run_9f484b0f5f87772d126370340d5ace25,0.4594767093658447,1.9529419272495216,4.451252041371803,2.5383070120025275,0.8181827421485923,2.343017091311917,1.6556604977664333,4.372101252041372,1.7623120656980429,0.8181827421485924,2.1402318404810883,0.6654638176735539,0.6779394541332325,0.5485228107141717,0.7674331099106836,0.6703270268115454,0.32587797588144674,0.2320743105976007,0.037563887697549286,,0.19245797698425365
357,deep-sweep-170,run_7e9f0bccb393d9d615db8b80d38efed8,0.5594128966331482,1.4347415443522655,2.955389221556887,1.9121541377132032,1.2308466307551584,1.7582212375375852,0.9333503509891516,2.739711486118673,0.2674289324068244,1.2308466307551584,1.370098116790631,0.5557328762748717,0.6001851084842176,0.34314704849471633,0.6152016080819291,0.5085495902862611,0.5240967137863433,0.4257167405541141,0.046867698541796704,,0.4118363369261844
358,fallen-sweep-171,run_988e77391a4ac378e49a0de3783f12dc,0.5877472758293152,1.3745118059987238,3.6349755035383775,1.9906506632975367,0.7518599451163738,1.8616711504984969,1.1647351627313332,3.5436853565596085,1.3388755527479477,0.7518599451163732,1.642364298148441,0.5607672917807436,0.5344830302040996,0.4088765443922996,0.7302633042555853,0.5397996169441762,0.5117649073266262,0.375909726960827,0.024246795462335713,,0.379204434067288
359,chocolate-sweep-172,run_6a64e61c7ef9c1cb947b6eba8b05eff4,0.43178045749664307,2.497141033822591,5.90465432770822,3.751547694251422,0.0,2.7869164424750754,2.497141033822591,5.90465432770822,3.751547694251422,0.0,2.7869164424750754,1.0,1.0,1.0,1.0,1.0,,,,,
360,legendary-sweep-173,run_fba5f9eeed3ce24d912076c36c800a98,0.6746649742126465,1.0571920867900446,3.7211486118671746,1.8482754264055596,0.9950299827218214,2.021498654850451,0.8467772814294845,3.5045998911268383,1.2444851547694256,0.9950299827218201,1.664290235796803,0.6410142249215629,0.5020452422544794,0.5687641669061073,0.5403462844840843,0.4566532647921534,0.6192438475083906,0.23950627434731958,-0.21061623112860198,,0.2733065618336451
361,proud-sweep-174,run_617a2675d795441aad41a7ecd81a1094,0.5948947072029114,1.3000638162093172,3.3905824714207946,1.7002274162981683,0.875688586238439,1.7186303212533631,1.0031652839821326,3.2883505715841044,0.8906759317751115,0.875688586238439,1.493444374109827,0.558750048671324,0.5149603128602814,0.45361443667592505,0.6831234347868008,0.5048127356094991,0.5555877224819823,0.43099804235477457,0.05151387787410233,,0.4270062102799258
362,atomic-sweep-175,run_6331107eefb56766fe6ce32d3f1e5cf7,0.5609444975852966,1.4081046585832802,3.6492923244420257,1.8333922931143403,0.8067537351356846,1.8259099541066626,1.144620293554563,3.54009254218835,1.0889324068224882,0.8067537351356853,1.6283153980060134,0.5119794017318093,0.5124706772975826,0.4312977684129873,0.6964685784143037,0.5195949211458094,0.5135814522147224,0.35526482609926513,0.033445383388878064,,0.38131155599165106
363,light-sweep-176,run_a08f66d6d3295c5750247d88d49e8c55,0.6186343431472778,1.1090619017230376,3.27003266194883,1.8688313329121924,0.917069824169123,1.9180526982117425,0.8040459476707095,3.0373707131192162,1.0450789639924205,0.9170698241691235,1.545533312232948,0.5817842347976487,0.44533390135185247,0.4340901254669093,0.5348399390592681,0.4259854562025529,0.641007224001964,0.3178255525226588,-0.10368293053688207,,0.32295970396867313
364,atomic-sweep-177,run_ca84b588a1508f4a2e95a7332d6c3699,0.5719208717346191,1.361378430121251,2.789412084921067,1.9012255211623503,1.3085628620794798,1.7769662921348317,0.9145883854499051,2.4337778987479592,0.7120656980416941,1.3085628620794776,1.164638392150657,0.5742468028514698,0.40122270904757745,0.3653473485936851,0.5073186201165218,0.4039950038637832,0.5450489286628435,0.3226707805567831,-0.003721074458223561,,0.41365787024264294
365,radiant-sweep-178,run_d1a4832fd93ec0d4e65e3fac3ef57c6a,0.5671984553337097,1.3197447351627314,3.5500544365813838,1.6915476942514216,0.9508130907612563,1.8173682544706442,1.0129929802169753,3.423217201959718,0.9416298168035381,0.9508130907612562,1.597729071055548,0.5210844131604475,0.5337151249529533,0.47258404367397755,0.6432148190818234,0.5221209458804975,0.5559281896302093,0.3558279446176325,0.03578872394558333,,0.38546628129275207
366,leafy-sweep-179,run_87d060488ea018275746b7d20d354941,0.6019144654273987,1.295839183152521,3.769379422972238,2.0914466203411246,0.7119625978249823,1.8661615761987658,1.0649010848755582,3.636390854654329,1.2809096651926724,0.7119625978249822,1.640382180724799,0.51981239805262,0.5512674547610211,0.42011126009641475,0.733028155631112,0.5175187365270785,0.5449225831635012,0.3072747005984785,-0.009892046676361899,,0.37005082791108124
367,polished-sweep-180,run_8926cbd4b765e684f927bbb7a9051d3b,0.5074664950370789,1.4798468410976389,2.642351660315733,1.7940871762476311,1.4400650472609005,1.7359115366355433,0.8902616464582006,2.3667936853565603,0.18749210360075852,1.4400650472609,1.2124980218388979,0.4957132267366505,0.4444664725512107,0.305123391756856,0.5862447102867134,0.43877945009104613,0.5310297058888004,0.43065593373953737,0.07411227266336218,,0.4310800823285501
368,visionary-sweep-181,run_97d1f95adc1025d12c9c16b0be1e2053,0.5945118069648743,1.335226547543076,4.019352204681547,2.0403663929248266,0.6601636345157028,1.913376325367938,1.2067262284620295,3.934921066956996,1.5745167403663929,0.6601636345157025,1.7757279632853304,0.5300349414678571,0.570448464744535,0.48019825687194717,0.7307386951040906,0.5585137471368784,0.5199250594531343,0.31592744331433553,-0.05096631920575814,,0.3504389477431171
369,floral-sweep-182,run_ea7d7c56e1527a1462f8b0998d8e97aa,0.7088704705238342,0.9193235481812381,3.2949646162221025,1.976816171825648,0.906331944303283,1.8374545022946671,0.6735035098915126,2.982063146434403,1.2842577384712581,0.9063319443032827,1.334969931951258,0.694955621221813,0.40923115699864443,0.5421429939660951,0.518748359761115,0.38658476901352196,0.6789371523230088,0.23584881242845596,-0.21263615688362753,,0.35158347437854137
370,solar-sweep-183,run_92297382b9f3aef036b1ccf9f4c32b44,0.5670708417892456,1.4363880025526483,3.436663037561242,1.950233733417562,0.9850543754446591,1.8277536002532047,1.0727377153797066,3.314180729450191,0.9106632975363248,0.9850543754446587,1.5515864852033547,0.5288035273921189,0.560307459030259,0.355815056029116,0.6903529291543417,0.5331016318971037,0.5061203135937989,0.3946685571587942,0.02737549416152213,,0.39074258854900024
371,woven-sweep-184,run_1ecdeebcf87625615484c8828caf43f1,0.5636247396469116,1.3779451180599873,2.86497005988024,1.799873657612129,1.3691889419656473,1.7695363190378226,0.9840459476707092,2.551959716929776,0.7026405559065071,1.3691889419656469,1.2174790314923247,0.5495785721738713,0.41943718750842923,0.3733579159084379,0.49925378129357356,0.39201885950729964,0.531125107424574,0.337220010019709,0.03015519628819313,,0.4014507282703497
372,solar-sweep-185,run_5fe06a4e7bfb70dcf99b2c8ddaf89da2,0.6297383308410645,1.1703509891512445,3.301932498639086,1.8227163613392297,0.9069061896534202,1.7545814211109354,0.9537587747287808,3.065078933043006,1.2197346809854714,0.9069061896534196,1.3514401012818487,0.6015411017972,0.43901440415864296,0.474282795389969,0.5903790400521838,0.43942953610444063,0.5903679006055076,0.26381203194013436,-0.06271975294098289,,0.3811011774356995
373,royal-sweep-186,run_06cbbb83d2c18ec92644790de660744b,0.6887045502662659,0.9714741544352267,2.876456178551987,1.7966266582438415,1.1486533184266696,1.8970881468586802,0.6687811104020431,2.5511431682090375,1.035439039797853,1.1486533184266712,1.3993353378699163,0.7007212335411145,0.38507219802097753,0.529629665102321,0.5020850229541884,0.36919964762887597,0.6718599391799056,0.2931821838551393,-0.2098183332144097,,0.3405549412017847
374,trim-sweep-187,run_1e4d836ee2ed14ffc8b2c5df21b136e1,0.6022973656654358,1.2299042756860243,2.847659227000545,1.8288186986734052,0.8980689094420164,1.6929577464788732,0.930376515634973,2.592623843222646,0.9861149715729635,0.8980689094420164,1.2090520652001902,0.571699421814368,0.4582497415790729,0.4098620821760368,0.5698392737157545,0.43980643897825566,0.5829604368333814,0.3729601277269483,0.04530925643962455,,0.41712902302782034
375,daily-sweep-188,run_3e923b471f1195897931cb5a02f817b9,0.6231014728546143,1.199693682195278,3.3458900381056074,2.021263423878712,0.8206169326151033,1.74677164108245,0.9763880025526488,3.147250952640175,1.384472520530638,0.8206169326151034,1.3982196550087027,0.5777242719946613,0.44421210648005766,0.45204402515723274,0.6297668543905156,0.4596781126775719,0.5835653389983408,0.294421270772413,-0.024056126089338686,,0.39118974647823435
376,earnest-sweep-189,run_c3b5bebc6ea4cafbccec85f18545d8a7,0.4944479763507843,1.5924441608168476,2.1537833424060975,1.8063929248262793,1.9602296981400549,1.763712612755183,1.0459731971920871,1.6559063690800224,0.16022741629816833,1.9602296981400542,1.2704146225668622,0.5692520696657073,0.4592068076429104,0.4223166682629378,0.49324229325467905,0.47089753306543675,0.5080010502659291,0.4050682549815138,0.08773786302961101,,0.47210263392601237
377,soft-sweep-190,run_6490a94da9a16ba1d8ecf22c8f3f59b6,0.594001293182373,1.308627951499681,3.660043549265106,2.0979785217940625,0.7990242910864925,1.9036477290710558,1.0258710912571802,3.5175830157866095,1.1574352495262157,0.7990242910864924,1.6434562430764361,0.5258149553611746,0.5298480295689915,0.41024630463237877,0.6799284725742274,0.5031601353359308,0.5384453083080066,0.31110436858489543,-0.020538427605278603,,0.34946455171109636
378,distinctive-sweep-191,run_713d9a82a64d6e461a7743de5606d9e5,0.6462029218673706,1.1409444798978943,3.492079477408819,1.8659380922299438,0.6894145746518957,1.8071767684760245,0.9240204211869814,3.343794229722375,1.1161970941250787,0.689414574651894,1.5705253995885424,0.6033177206050827,0.48945858338826076,0.41192494333237556,0.6922828319204044,0.4891029354868228,0.6010833370075823,0.35346859272988196,0.0158029354286415,,0.3772737945766124
379,good-sweep-192,run_19bf7b5379afdd93540267d791809945,0.5910657048225403,1.274345883854499,3.5224550898203604,2.064737839545168,0.8194125419249925,1.7251147333438834,1.1200382897255907,3.368345127925967,1.72854074542009,0.8194125419249934,1.4462573191960753,0.6114212314730878,0.5629411030186872,0.48940858155349104,0.6179365633997905,0.5231930502237758,0.5811352100689282,0.3084460701774476,-0.06527048893447235,,0.40256301501152003
380,dutiful-sweep-193,run_5705e76bdd7d36e1a608da609dace8c1,0.6834716200828552,1.0114741544352268,3.402640174197061,1.9571067593177516,0.6467832096757802,1.859946194018041,0.7653477983407801,3.1153783342406096,1.2901958307012014,0.6467832096757804,1.4129134356702011,0.6619773474903825,0.42385549485125545,0.5289231555087317,0.5750750944286802,0.4007807233506249,0.6435042871507188,0.21708921007795268,-0.1704044101912092,,0.3386005064962657
381,glorious-sweep-194,run_8a8960d3e763fb9ce39dd4f9388640f7,0.6336949467658997,1.1673261008296107,3.2560152422427873,1.9049147188881876,1.024392722837687,1.754759455610065,0.923701340140396,3.011486118671748,1.2770183196462435,1.0243927228376872,1.301087988605793,0.6112502906208385,0.461641409081834,0.4966783194457747,0.5633168638879854,0.40703714362914806,0.5949588763799385,0.28882274789519785,-0.08975743443060102,,0.39720127743225475
382,visionary-sweep-195,run_e84a2ea25d9fdcfca90510a6c198a4d5,0.47415444254875183,1.740178685386088,3.2812465977136647,2.3535312697409987,1.1966917369651386,2.014444532362716,1.2202552648372682,3.098557430593359,0.926569804169299,1.1966917369651389,1.4848908055072008,0.520170947163731,0.49745580876782647,0.41991044919069054,0.685428037455116,0.5275539540485101,0.41649897544631637,0.35699088626598724,0.039717405613696466,,0.3450109945582606
383,clean-sweep-196,run_c611c23528aecbb52f4e0d16911463d2,0.4948308765888214,1.6713720485003192,2.8565868263473053,2.2537586860391663,1.4815275942677102,1.9825605317297041,0.9285768985322261,2.5763473053892225,0.17585596967782663,1.4815275942677115,1.469077385662289,0.5705442536379006,0.4554294534020795,0.39028493439325734,0.5958535261970961,0.45792921280275356,0.47282454843958044,0.3821595880724772,0.06848967357191807,,0.33018534657621457
384,ethereal-sweep-197,run_f17de933d59c17239e09cb4fd1c5d971,0.43178045749664307,2.497141033822591,5.90465432770822,3.751547694251422,0.0,2.7869164424750754,2.497141033822591,5.90465432770822,3.751547694251422,0.0,2.7869164424750754,1.0,1.0,1.0,1.0,1.0,,,,,
385,golden-sweep-198,run_3f2134c471e8fa750b9fb2083b71bf32,0.6051052808761597,1.1704148053605619,3.6720468154599897,1.8804548325963364,0.7407053562353898,1.7516616553252098,0.9328142948308862,3.5121121393576478,1.4280985470625398,0.7407053562353897,1.3995964551353066,0.5904456360231083,0.48109544485422173,0.4932675669635731,0.5644647372370971,0.4269586198179165,0.6077233599226125,0.255460142287449,-0.11107688533119148,,0.38323643452125533
386,light-sweep-199,run_12a5feafcf0c8d3d1bbcb5af3b777fe2,0.5206126570701599,1.4626675175494575,2.8937670114316822,1.8527226784586233,1.316897042382356,1.7811995568919134,0.9855009572431401,2.632852476864453,0.40069488313329255,1.3168970423823567,1.3429814844120898,0.48602213166753844,0.4456009743907601,0.32556891102384833,0.6175166557343785,0.45876051328904643,0.5149999747779037,0.38454538988754805,0.056170289255741995,,0.4069282026837452
387,glamorous-sweep-200,run_7c888d91a10b38fd98dab43f9d384a42,0.5881301760673523,1.349432035737077,3.3882961350027228,1.944093493367025,0.849451163736152,1.8261315081500238,1.0058455647734523,3.2744148067501366,0.9306506632975359,0.8494511637361539,1.5503204620984334,0.5679200264217172,0.5493779497604888,0.3611170705232577,0.7286981020175847,0.5540804562732076,0.5465464139167306,0.4161312980447293,0.040299942735879585,,0.4078614351458717
388,efficient-sweep-201,run_7d4a8054b3aabb3f56db65ef33c8a22d,0.6005105376243591,1.2474664964901088,2.789493739793141,1.8059507264687304,1.2115509706270966,1.6575170121854728,0.9003063178047231,2.504572672836147,0.8140619077700567,1.211550970627097,1.174829878145277,0.5898167210624894,0.392294003914661,0.3901936276857262,0.5714222579607272,0.4300694147084682,0.5745480254759434,0.3447527410408919,0.01473622826082538,,0.4397602316433198
389,stellar-sweep-202,run_8e733114c0371852b253e83da719c42f,0.6024250388145447,1.2565411614550095,3.529314099074578,1.7882248894504111,0.8595944709828236,1.7945837949042573,1.0635098915124443,3.4303483941208497,1.0257738471257107,0.8595944709828226,1.598286912486153,0.5079462670301554,0.49409401849930285,0.43905436899402994,0.6730312554920526,0.5149111065598196,0.5527278146278036,0.38697185663034217,-0.017901695927022343,,0.3887602281470305
390,soft-sweep-203,run_d8271420543295a4d67004fbe21ae83f,0.5957881212234497,1.2862922782386728,3.5265106151333705,1.92499052432091,0.8692448419554832,1.8193068523500557,1.036770899808553,3.396624931954274,1.0508275426405558,0.8692448419554832,1.5852033549612279,0.5167851715689256,0.5095516210385551,0.4042626823739744,0.6932654056430866,0.5028275256469049,0.5473859174010577,0.3398917235760053,0.007182760760685719,,0.38373910934338573
391,confused-sweep-204,run_5f67ed62885fd6336ffb6d901507e5b8,0.5946394205093384,1.3074282067645182,3.6523952095808387,2.0476310802274167,0.4996646000609819,1.9705174869441369,1.006726228462029,3.511186717474143,1.1337965887555277,0.49966460006098246,1.6958300363981655,0.5074660153319112,0.5154723489405783,0.4239574753376113,0.7091093629374188,0.5058437088330504,0.5427630070270677,0.3093198069989368,-0.04045149660268971,,0.3207549413504339
392,lively-sweep-205,run_79c0d0514a78a16b56a7503147ded7e6,0.43178045749664307,2.497141033822591,5.90465432770822,3.751547694251422,0.0,2.7869164424750754,2.497141033822591,5.90465432770822,3.751547694251422,0.0,2.7869164424750754,1.0,1.0,1.0,1.0,1.0,,,,,
393,daily-sweep-206,run_b117c442c5096478712e80bc68b745b9,0.6082960963249207,1.2504658583280155,3.2211758301578666,2.000391661402401,0.8497205000508181,1.6318958695996204,1.0200638162093176,3.02934131736527,1.2875426405559063,0.8497205000508176,1.2660389302104762,0.5759312638502684,0.4274879570550339,0.4175859591993104,0.6399373991069404,0.47464357437277604,0.5653349893763734,0.33126361384040837,0.017436028475611542,,0.4434309644918524
394,silver-sweep-207,run_68b0fef5e1895d4c9572a0cda58b2857,0.5984684228897095,1.219412890874282,3.4261023407730002,2.002286797220468,0.905579835349121,1.7689151764519704,0.971933631142311,3.253919433859554,1.474175615919142,0.905579835349121,1.4129806931476505,0.5958458021810561,0.49587671192616883,0.472261437282508,0.5488884706617363,0.46187090499043715,0.5971592545257925,0.3076822795493717,-0.09506129570311384,,0.3848286111171589
395,splendid-sweep-208,run_218bc61db06e107eb93786fbd5dfd137,0.5689853429794312,1.3495851946394386,3.072400653238977,2.1460518003790274,0.6078310803943491,1.7653742680803923,1.0066624122527108,2.8466521502449655,1.316765634870499,0.6078310803943492,1.3221079284696948,0.5124457123378672,0.44021690919067796,0.4340342559780353,0.6369754230548871,0.4109826701057626,0.549240514330303,0.3621025368681244,0.029726981642105216,,0.3940961814459739
396,hearty-sweep-209,run_67c8b480f4e95705905896f9f105ce84,0.6008934378623962,1.2511550733886412,2.7618671747414267,1.960315855969678,1.1772436223193417,1.6514836208260801,0.8534779834077862,2.4704681545998928,0.8731143398610246,1.1772436223193412,1.131986865010287,0.5792143029471197,0.4936132406750596,0.3535039747150656,0.5784234644172093,0.44074700802269745,0.5799325495611474,0.36651812079261237,0.03246668017199508,,0.45095234545252894
397,helpful-sweep-210,run_a005fab6dfefae7e993cb99631f372c3,0.6116145253181458,1.2483726866624123,2.8876701143168217,1.7422362602653194,1.2352220754141683,1.694583794904257,0.8184045947670718,2.6494011976047904,0.33806696146557247,1.2352220754141692,1.2789563222028806,0.6283632613382112,0.5507993118710006,0.35404894167225365,0.6156733574106911,0.4670316063729072,0.58191343401107,0.4161142450209302,0.061627058262660045,,0.4302511953157201
398,fluent-sweep-211,run_b5d5c2e55e9620ced0296e37d8e0cb8a,0.6208040714263916,1.1965028717294193,3.3225367446924334,1.835388502842704,0.8362587661347699,1.7934364614654221,0.833133375877472,3.126946107784431,0.7843461781427681,0.8362587661347699,1.457117423642983,0.6057722519285733,0.47238456912139554,0.36984883312581807,0.6602127436376217,0.47843422891575854,0.6003270380166204,0.3445544232718035,0.047153933555384026,,0.38504861282545566
399,avid-sweep-212,run_0a7abae62a4fe0ad44d9a53403f9c19b,0.5286535024642944,1.4948053605615828,3.019597169297769,1.9176879343019586,1.3352068299623947,1.8198805190694731,0.9055520102105947,2.8359825802939578,0.22788376500315927,1.3352068299623951,1.3690892546288969,0.5627211068633141,0.5554279973137407,0.28680841554129555,0.5896196990057305,0.5025437611992152,0.5234225145523625,0.4193595147780812,0.054501001728283094,,0.3962089435323317
400,northern-sweep-213,run_281c993e364eb049aabba68d4826e84a,0.6093171834945679,1.228449266113593,2.8418617310832883,1.8874036639292486,0.949217400142291,1.649841747111885,0.9182259093809827,2.59896570495373,0.9750347441566642,0.949217400142291,1.1706440892546286,0.587345783879908,0.41335173989742097,0.38334418797688596,0.606658845194413,0.4301140622426678,0.5803013502118599,0.37335561522726,0.04152727826875949,,0.44006306646660337
401,devoted-sweep-214,run_0129f2135a27de17cb33467f118b66a3,0.49968090653419495,1.60297383535418,3.134485574305934,2.0255085281111813,1.2682538875902023,1.8879846494698527,1.0469304403318445,2.923707131192162,0.5185470625394821,1.2682538875902036,1.3714551353062197,0.5015694721958587,0.4822988279370968,0.3167051368004342,0.6486492658650553,0.4611156027670182,0.46858234764410767,0.3785958300171506,0.049656294429186454,,0.37212688640577785
402,swift-sweep-215,run_a56f40fc26d4b45cb963665fec1aed78,0.5456286072731018,1.4452329291640078,3.29207947740882,2.0968667087807966,0.8588372802114038,1.5816228833676216,1.1615571155073396,3.128443113772455,1.360897030953886,0.8588372802114044,1.2730139262541538,0.5284000006316667,0.5131782937683725,0.43024997605593335,0.6823665368645482,0.5003917735120977,0.5179224613906062,0.3728119053225803,0.07956276236839122,,0.4742963822493312
403,smart-sweep-216,run_bb688ee54881aebe3be6744220ebee5b,0.5479259490966797,1.4006509253350354,3.585900925421884,1.9396462413139612,0.8371887386929566,1.757473492641241,1.1227696234843658,3.4854654327708214,1.060884396715098,0.8371887386929564,1.5103220446273145,0.4722481355294345,0.5070863585900184,0.3861221785908119,0.7174513385401616,0.5268857650517087,0.5267862099765366,0.3909525181601565,0.04951632245975077,,0.427108049608262
404,devout-sweep-217,run_4ccb17d0ab5ac5b67106afd91ed1c21b,0.7296745181083679,0.877319719208679,3.7914262384322277,2.008894504106128,0.5334281939221466,1.9646423484728597,0.7794256541161461,3.6814643440391945,1.5449905243209112,0.5334281939221475,1.7101242285171707,0.6813505807448496,0.5291660901456633,0.6239043195096254,0.5800578739987596,0.521992364018977,0.6983188258387227,0.3218974743904616,-0.28705128863006346,,0.3150564944312618
405,easy-sweep-218,run_beae86e16c99b842232e9f5508c9405e,0.6199106574058533,1.2511933631142313,3.542433315187807,1.8151484523057493,0.857490598638073,1.8465698686501033,1.0247479259731989,3.4246325530756674,1.1065445356917252,0.857490598638073,1.6260919449279954,0.5697723147107019,0.5145132687180927,0.43549053411231364,0.693766177632566,0.5089061464518441,0.557159732565388,0.35705918081593724,0.0035390307949803856,,0.37014001578900463
406,dry-sweep-219,run_78c91a2a79ad6257443c12704880f61e,0.5929802060127258,1.269725590299936,3.6264561785519875,1.6993430195830705,0.9137513974997461,1.7741889539484097,1.0797574984045946,3.459227000544366,1.0463802905874933,0.9137513974997462,1.5816901408450692,0.5193506634481034,0.4777640615823307,0.4778825463716758,0.6680636122583948,0.5247614221035685,0.5461857788952472,0.29446768221113784,0.0007562308449144683,,0.3776567787656192
407,eternal-sweep-220,run_756323b2310e65f44b4baac27f82e00a,0.6119974255561829,1.2099680918953415,3.4311105062602074,1.8867214150347447,0.8376765931497104,1.7984886849184998,0.9539629865985954,3.242052259118128,1.001111813013265,0.8376765931497099,1.507477448963443,0.5490712059958202,0.46279510950047165,0.4199964882035565,0.6561536982850248,0.468920509188721,0.5758205004908006,0.31520318334394193,-0.02766373956421367,,0.3757095896296273
408,warm-sweep-221,run_7f82870344ace04aa640210feceb46f0,0.5253350138664246,1.5297638800255267,2.905225911812739,2.137902716361339,1.2952129281431042,1.7932149074220605,0.8791193363114231,2.7103429504627106,0.1998104864181934,1.2952129281431035,1.2886730495331542,0.5894917586134862,0.5586959496267946,0.3081612553076014,0.6272166138153354,0.5064206796162467,0.5179900106778024,0.4325751426250839,0.06143582116404636,,0.4153476285068042
409,noble-sweep-222,run_2aeafd274570392253de1ac4b0e0eb88,0.5155073404312134,1.4774218251435867,3.0639629831246604,1.7538723941882504,1.2697530236812684,1.8048702326317456,1.042322910019145,2.8098530212302686,0.5438660770688563,1.2697530236812689,1.3814092419686654,0.4614479410937263,0.4391728364776754,0.3834773169875172,0.5848491211659697,0.44585590105094897,0.49958911837367764,0.3589269225354395,0.03840505404392308,,0.3840559712582728
410,peach-sweep-223,run_1442e5042f10e4d067113e306fe9a4c4,0.5578812956809998,1.2969112954690492,2.8893304300489935,1.9963234365129507,0.888957211098689,1.531278683335971,0.9406892150606262,2.701252041371802,1.173910296904613,0.8889572110986897,1.0314606741573042,0.5148438527749657,0.4647952074559649,0.39179309133863294,0.6143160252970904,0.45139985704539504,0.5846059658802498,0.40778140415111563,0.06825246633739437,,0.505646902521004
411,glamorous-sweep-224,run_3d92dc935731965af10d1215b7fc4571,0.43178045749664307,2.497141033822591,5.90465432770822,3.751547694251422,0.0,2.7869164424750754,2.497141033822591,5.90465432770822,3.751547694251422,0.0,2.7869164424750754,1.0,1.0,1.0,1.0,1.0,,,,,
412,swept-sweep-225,run_9134792dce7012e806aca1be59c37473,0.5231652855873108,1.440319081046586,3.7581927054980953,1.792217308907139,0.8232239048683812,1.7655166956796964,1.255047862156988,3.6888405008165495,1.3259380922299435,0.8232239048683806,1.615477132457668,0.5530238439696893,0.5910942134094024,0.4784115506177569,0.667931006383625,0.5387317598506972,0.511157493276198,0.3923431622808069,0.02031676546027944,,0.4150555221913281
413,legendary-sweep-226,run_ff4ed3d714420bf3b2d0b8f160585ace,0.5425654053688049,1.5216592214422464,3.508573761567774,2.0202274162981686,0.9646864518751909,1.920774647887324,1.1216592214422474,3.39006532389766,0.929311433986104,0.9646864518751895,1.6426926728912796,0.547446245507309,0.5384111119563045,0.3662356734667816,0.7022770803905339,0.5561176270963596,0.4905542828473215,0.37121046558662774,0.042497296070337615,,0.37202910164276115
414,icy-sweep-227,run_5423c889f6dbd7aec15adba4b5967629,0.7632418870925903,0.7378940650925334,3.272754491017964,2.0292861655085286,0.5382965748551682,1.8745885424909008,0.565743458838545,3.006831790963528,1.4920025268477577,0.5382965748551685,1.400375850609274,0.7393278813256372,0.4271241442466975,0.6372320658940714,0.5556632419233866,0.39137408597168266,0.7471441997800425,0.25186224057073014,-0.3427783422698396,,0.3292062992635016
415,cool-sweep-228,run_c16c880bdbf059fa17ebe96efdf8bdde,0.5363114476203918,1.4456668793873646,3.844991834512793,1.9293746051800384,0.7586390893383476,1.822685551511315,1.2400510529674533,3.7781437125748507,1.3154516740366407,0.7586390893383462,1.6626444057604055,0.5011026477392051,0.5621216184730492,0.4156466494269387,0.7277154502950061,0.5626255807080982,0.5042713090782621,0.37693402886722477,0.03741992964186472,,0.40133189671109104
416,neat-sweep-229,run_bee8317b1b043d535f94507beafebf2c,0.5785577297210693,1.3742054881940016,3.606015242242788,1.999178774478838,0.8119727614594979,1.8428509257793955,1.0491767708998085,3.4936037016875336,1.0881490840176884,0.8119727614594971,1.5945363190378212,0.5427421451960551,0.5425558728468344,0.3799944130511126,0.7174421989569234,0.5293967584231959,0.5351673532875159,0.36804853122314285,0.045000019648049866,,0.39021245630091855
417,crisp-sweep-230,run_a5c80334c8b9c2e6b7d6cddb0a7e7017,0.7372048497200012,0.8103254626675176,3.300000000000001,1.861174984207202,0.7455737371684115,1.8855079917708502,0.6226547543075952,3.0456178551986937,1.3419835754895775,0.7455737371684117,1.4106702009811685,0.7283695093961094,0.4033919038232952,0.6223310347029339,0.5858801212514464,0.4076471582747189,0.7212846328145661,0.21942485063117179,-0.291963083660667,,0.32585059610234823
418,glowing-sweep-231,run_0302912f6c819cba0868c8de53b5627e,0.6178685426712036,1.234818123803446,3.3553892215568863,2.208540745420089,0.7493292001219637,1.6881033391359392,0.9532610082961079,3.158165487207404,1.3993935565382192,0.7493292001219646,1.2593567020098126,0.5799561269980014,0.4527648397972232,0.45652986623248093,0.6921953042713674,0.4236028062188711,0.5786241510841046,0.30884542645000046,0.008403866834288537,,0.4351248248019933
419,dulcet-sweep-232,run_2f269621374abf1b8a9f6e002df92852,0.5608168244361877,1.4087811104020422,3.2693522046815473,2.197675300063172,0.7300182945421283,1.53993115999367,1.1535417996171033,3.10789330430049,1.5375110549589395,0.7300182945421277,1.1689468270295926,0.5364758493541987,0.48769689443376224,0.4697209718098522,0.7004589387614745,0.4770240971187749,0.5339454693863738,0.377117904806169,0.10641573335568669,,0.49001217749165094
420,deep-sweep-233,run_d95630395421fe360ee40172b559fa98,0.49712827801704407,1.656158264199107,3.2928688078388677,2.5548325963360714,0.7165514788088221,1.8810056971039724,1.2961582641991072,3.0491562329885693,1.5844219835754911,0.7165514788088226,1.357473492641242,0.5496012665282562,0.49851521906261415,0.5391056092966829,0.6642184742992504,0.49969986376487974,0.4546926723333572,0.29711514643074555,0.061394858701057486,,0.37440899955506757
421,silver-sweep-234,run_48f87d44fbc8071d52a1f87ef27cb0ac,0.5038927793502808,1.4735035098915126,2.7573761567773545,1.737397346809855,1.3993749364772843,1.7570659914543443,0.9752010210593494,2.4869896570495387,0.20726468730259143,1.3993749364772852,1.3301630004747589,0.47737326846086825,0.43248981233551326,0.3279778437569837,0.5507854102388553,0.43680389558853866,0.5231077756617692,0.38439521718417174,0.06661313480453604,,0.4114126940698564
422,young-sweep-235,run_7d98d6678a28f104ff519fdc18f35edc,0.5417996048927307,1.4366560306317806,2.541616766467066,2.069336702463677,1.3431293830673847,1.5951732869124864,0.9153031269942565,2.1497822536744695,0.6773973468098557,1.3431293830673847,0.9642744105079913,0.5707055242219572,0.44464573747313124,0.3591860613606615,0.5850501503089556,0.45051806329283867,0.5369129923704132,0.3715647017500725,0.08909669416592289,,0.4919375101495976
423,true-sweep-236,run_7b42c4c02a73c12137013ee3e0b7c9d7,0.5604339241981506,1.4523548181238035,3.688268916712031,2.1010486418193306,0.903079581258258,1.9141359392308912,1.0874537332482457,3.5566956995100707,1.1679090334807327,0.903079581258256,1.6439507833517961,0.5332107013153139,0.5250754701631147,0.40751300960955206,0.689162099482789,0.5450038318144727,0.5032917277446285,0.33140352512109383,0.03528699232649976,,0.3685410550416476
424,ancient-sweep-237,run_7d6e40f2f17202f44581ff4699325679,0.5950223207473755,1.3312571793235484,3.2573217201959728,2.257435249526216,0.8237473320459399,1.7047317613546449,0.9914486279515003,3.08339684267828,1.325811749842073,0.8237473320459401,1.2083399272036712,0.5807204128076501,0.4873369618316709,0.4571413976949845,0.6833898010449333,0.4249937487278133,0.5498910005863535,0.3591134758470236,0.04714705230190827,,0.4381151086930877
425,glamorous-sweep-238,run_16fa4a1678ed7fec9fab987874c3bdb9,0.6045947670936584,1.2746011486917677,3.286554164398476,2.155262160454833,0.7573381441203375,1.6814764994461149,0.9859476707083605,3.0970604246053353,1.3715855969677826,0.7573381441203376,1.2576831777179929,0.5646274594455367,0.4405290967041621,0.44194202343325995,0.6952416766400986,0.44185996312722464,0.5668389383156531,0.3282851540832088,0.029134400613129496,,0.43024596843150054
426,icy-sweep-239,run_182c9a588cc897246594545a716e79ec,0.5402680039405823,1.4766815571155074,2.9692161132280903,1.9190145293746053,1.310133143612156,1.789013293242602,0.8914358647096364,2.69855743059336,0.29591914087176374,1.310133143612157,1.3279514163633492,0.5783134300259982,0.5527626009445057,0.29310889761517095,0.6118253044052355,0.5219274587316538,0.5283380799505749,0.38060675427240015,0.05059949155172508,,0.41122829675077543
427,dry-sweep-240,run_e6cf8c40ccb0d895f4a614c67f1a9fef,0.577919602394104,1.3838417358008936,3.3123843222645624,2.031168667087808,0.9962547006809637,1.8714986548504513,0.9025909380982771,3.1060152422427865,0.7037397346809853,0.9962547006809634,1.4960041145750913,0.5627223253302447,0.510136491107453,0.3396462663218721,0.6698586923742531,0.5228030725671242,0.5359712599717852,0.3520911058673166,0.03659938150399983,,0.37278993742948646
428,curious-sweep-241,run_59c8e1d928d65533bf9f77843ddbf1ee,0.6109763979911804,1.251423101467773,3.2494556341861736,2.1404801010739103,0.7820256123589796,1.6577623041620513,0.9901340140395676,3.057022318998367,1.4238660770688576,0.7820256123589809,1.2447855673366046,0.5795385876047487,0.43344381785887265,0.4453969926252275,0.6584186651548625,0.451188644486752,0.573241322425432,0.32205314263552626,0.001175788209884926,,0.44494286343660505
429,rich-sweep-242,run_f61be0c3cc1347b335074cf3dba957dd,0.5041480660438538,1.5106700701978306,3.1392215568862274,1.8973720783322805,1.3229698140054884,1.778339135939231,1.0432291001914489,2.974333151878063,0.5086418193303862,1.3229698140054895,1.26901012818484,0.488252399567062,0.4626721866796139,0.3166235673466782,0.5375965572698366,0.4211137551984959,0.5044250571288406,0.3905514103218086,0.05853326183440902,,0.4053478578710239
430,morning-sweep-243,run_0a4194dae66ccbf0ae26ca9e913686cc,0.6222080588340759,1.2260370134014043,3.315024496461623,1.9641819330385346,0.9739963410915745,1.824208735559424,0.8672878111040199,3.093086554164399,0.8031711939355656,0.9739963410915726,1.5017605633802817,0.6141961496871533,0.49955763500438594,0.36049372665453505,0.6483077796421675,0.4739004205092656,0.5778851430973528,0.32128664603675405,0.01940830995145651,,0.3697257690782349
431,earthy-sweep-244,run_e5ed52fed53524205ece0f3c4e8337c4,0.5566049814224243,1.4126228462029358,2.9971148611867178,1.8080985470625397,1.2436528102449438,1.756207469536319,0.95825143586471,2.7676102340773,0.507656348704991,1.243652810244946,1.4248496597562907,0.5460369151700617,0.49752178870269154,0.3542486351882004,0.6085546535851959,0.48265639780625025,0.5263912838253657,0.3930268257557663,0.061197264674066526,,0.4072338973555127
432,autumn-sweep-245,run_e85b3f770de43387858598c91e93757d,0.543203592300415,1.4586215698787492,2.3950190528034843,2.0393682880606447,1.3594928346376667,1.5949042570026903,0.9176643267389919,2.0029667936853572,0.5919898926089706,1.3594928346376658,0.9975075170121861,0.5796129772311357,0.46113603243836243,0.34063515627494173,0.5838562644229549,0.4695935236264396,0.5272163176733655,0.40487362635074575,0.09255419989291039,,0.49409622816171717
433,major-sweep-246,run_18eed2f55ba27c80f5f3125a5d6ed156,0.5216336846351624,1.5695979578813017,2.935955362003267,2.2711307643714465,1.3087051529626994,1.9144326633961075,0.8726228462029357,2.662084921066957,0.24760581174984242,1.3087051529626983,1.4344595663870867,0.6098056302261285,0.5384203107646869,0.32567618044248636,0.6403668220413841,0.5524884547038225,0.5112383966789881,0.3827095830316918,0.05177049655450447,,0.3769647700482075
434,genial-sweep-247,run_308f7877db4203566d4f3912eebaa9d5,0.5572431683540344,1.4067645181876198,3.110125204137181,1.8239418825015798,1.2103465799369857,1.7937806614970726,0.956630504148054,2.8908546543277085,0.6185596967782689,1.2103465799369857,1.4494698528248153,0.5484203447222372,0.5115337609082019,0.36208089901988955,0.6186642190457852,0.48602824987410037,0.5328604445648066,0.3829211765495817,0.04037265510700508,,0.3891343072307243
435,visionary-sweep-248,run_04df1d90b5847cc51fbd7ac1047ea680,0.5751116871833801,1.3463433312061264,3.0256124115405565,1.8224636765634874,1.1886014838906394,1.6913316980534894,0.9129802169751118,2.836009798584649,0.5894377763739735,1.1886014838906387,1.3485638550403547,0.585610288927751,0.5044032717963761,0.36308495354851067,0.6341978278046877,0.4838568105551097,0.5549140138174506,0.4251046392307247,0.06343167855967197,,0.43992987087609875
436,efficient-sweep-249,run_333558b4e387025e974b050d71f74185,0.48947033286094666,1.7440842373962988,3.362030484485575,2.8314087176247638,0.7911982925094014,1.7826357018515586,1.358966177409062,3.1712847033206324,2.0156411876184466,0.7911982925094024,1.0908965026111732,0.6767309102556284,0.4967408271843488,0.6359405229384159,0.735662997992894,0.5272219741062247,0.4400546579010671,0.32179897240665456,0.09457906244661896,,0.4476612807372406
437,lucky-sweep-250,run_8063a34be4d30d4e2496fb52710bf6b6,0.43178045749664307,2.497141033822591,5.90465432770822,3.751547694251422,0.0,2.7869164424750754,2.497141033822591,5.90465432770822,3.751547694251422,0.0,2.7869164424750754,1.0,1.0,1.0,1.0,1.0,,,,,
438,glorious-sweep-251,run_6395fb05ed4a191f6d0dfe14af4c2420,0.5851946473121643,1.2749712827058075,2.83864997278171,1.7206190777005685,1.3064284988311818,1.7288692831144172,0.8778813018506699,2.5713663581927055,0.44794693619709425,1.3064284988311814,1.3107097642031973,0.5674974400198277,0.4508819846290452,0.4003704945247901,0.5785634358277412,0.4358692682493249,0.5660372475166131,0.3776045025845649,0.026547734163024722,,0.408322745322644
439,autumn-sweep-252,run_93ca9aa25a56875c279d83e07768ff03,0.6006381511688232,1.2872367581365667,3.6074578116494282,1.9828679722046751,0.5923925195649965,1.8806852350055387,0.9561837906828331,3.463581927054981,1.009298799747315,0.5923925195649978,1.606646621300839,0.5589451524323974,0.5016095058602842,0.3819343613319286,0.7025300394983605,0.49775716140322745,0.5584099581800402,0.3237108172239421,0.0028727847612569912,,0.3590039852842094
440,trim-sweep-253,run_9627b49e8f09b4ca2f2421fa650e7e0b,0.5740906000137329,1.344148053605616,2.987425149700599,2.049109286165509,0.7778636040247994,1.5004154138313024,1.0354818123803442,2.771584104518237,1.169917877447884,0.7778636040247999,1.0201732869124853,0.5530644338796391,0.4397965103782677,0.401711681511988,0.6729418399978435,0.45297204153991955,0.5565004658387454,0.39311266357738317,0.10245384116230064,,0.5088029962666994
441,proud-sweep-254,run_07a718bb26bbb47a11ae1a8a4c393f46,0.6388002634048462,1.1448372686662414,3.5615405552531314,1.9472267845862292,0.6837991665819698,2.0004233264757083,0.8164135290363755,3.3562057702776276,1.1008591282375242,0.6837991665819687,1.5933652476657705,0.6055804307107532,0.4752082843252568,0.4802854132745905,0.5207602285509346,0.4201544785132708,0.6041025749054714,0.26502382159867865,-0.12388160833537507,,0.28460720921190763
442,azure-sweep-255,run_422a9cdf8253cf929de18f642dd37fe2,0.5642629265785217,1.4381493299298023,3.6502994011976053,1.925874921036008,0.8329098485618459,1.9039800601360974,1.1494958519463938,3.5410451823625486,1.1538976626658253,0.8329098485618459,1.6719101123595508,0.5327752277547266,0.5243574285446574,0.401618459279124,0.7211685738928112,0.554337516936858,0.5093140393563461,0.35985309805534105,0.04948954409137288,,0.37510592541501175
443,fanciful-sweep-256,run_c06af4eefbeda037f676ca93fdc6ac12,0.6236119866371155,1.2009317166560307,3.3481219379422984,1.808300694883134,0.5369041569265169,1.817308909637601,0.8986470963624761,3.1800762112139362,0.9133922931143393,0.5369041569265173,1.5232038297198924,0.5895337021731032,0.46994497411584985,0.4032199980844747,0.6502585316217528,0.4531225809337617,0.5828417359203002,0.3556000965689738,0.014431861820491915,,0.3580574983081745
444,easy-sweep-257,run_a1ce0323cc83600805c3be13598b5606,0.6195277571678162,1.155902999361838,3.6272455089820363,2.0717245735944414,0.6977894094928347,1.7911299256211428,0.8858838544990427,3.446516058791508,1.5146809854706256,0.6977894094928351,1.3567811362557367,0.5810057195011755,0.4894038174314232,0.4959204099224212,0.549359426625788,0.4226570160018194,0.611990338654826,0.2532099202940643,-0.11961824626897141,,0.3829839783544613
445,firm-sweep-258,run_2fe646297942e6a3766e1b603c53b459,0.565028727054596,1.35784301212508,3.7177191072400664,1.7757169930511691,0.6856286207947964,1.820913119164425,1.2000382897255917,3.6471148611867177,1.353480732785849,0.6856286207947959,1.7021126760563363,0.5689993223540557,0.6022940276225391,0.5035469144079431,0.6937237777013904,0.5656032592615085,0.539794861365525,0.39208692117806365,0.039261513347853716,,0.3947385680808825
446,earthy-sweep-259,run_826bed2c84ef1f47123e07568a500bda,0.43178045749664307,2.497141033822591,5.90465432770822,3.751547694251422,0.0,2.7869164424750754,2.497141033822591,5.90465432770822,3.751547694251422,0.0,2.7869164424750754,1.0,1.0,1.0,1.0,1.0,,,,,
447,ethereal-sweep-260,run_1718bfbd5178df71cab3343d3f0f5c8f,0.5449904203414917,1.420319081046586,3.556913445835602,1.9551989892608976,0.8913659924789105,1.7909004589333757,1.1167326100829618,3.4441752857920527,1.0530638029058759,0.8913659924789102,1.5285171704383609,0.4664673286173846,0.4968802373432586,0.3698745330907001,0.7053144136567847,0.5256115239623942,0.5166214788922735,0.38344032070007367,0.043808745641594066,,0.41484747179643555
448,usual-sweep-261,run_1e9d3381e18dd479801d8f0c5740bd30,0.6518187522888184,1.1582386726228462,3.8281981491562336,2.1557548957675303,0.6849832300030491,2.0693780661497074,0.9041991065730703,3.6667936853565593,1.4860138976626664,0.68498323000305,1.7381389460357648,0.6049641144089547,0.5458594837801111,0.5319533569581458,0.5441745218013697,0.4860070281901564,0.5904044396420685,0.279292880470152,-0.18454959137922014,,0.26752022946773113
449,zesty-sweep-262,run_4ddb16ba65d5298827f3a183e5d87a7f,0.43178045749664307,2.497141033822591,5.90465432770822,3.751547694251422,0.0,2.7869164424750754,2.497141033822591,5.90465432770822,3.751547694251422,0.0,2.7869164424750754,1.0,1.0,1.0,1.0,1.0,,,,,
450,playful-sweep-263,run_b515e8661271f1bf7816f1ccf324e6a2,0.5227823853492737,1.5235609444798979,2.601115949918346,2.0817435249526217,1.3705000508181728,1.689887640449438,1.0024633056796421,2.2037833424060973,0.6445483259633608,1.3705000508181728,1.0095268238645356,0.5467896237021808,0.4395853449644891,0.35198049356702743,0.5831772046908944,0.45523626047437316,0.4985322790754132,0.3484244120321004,0.08036837176539471,,0.46166569424220877
451,olive-sweep-264,run_5bee068e1d7009e71404c6264eea63a7,0.43178045749664307,2.497141033822591,5.90465432770822,3.751547694251422,0.0,2.7869164424750754,2.497141033822591,5.90465432770822,3.751547694251422,0.0,2.7869164424750754,1.0,1.0,1.0,1.0,1.0,,,,,
452,volcanic-sweep-265,run_a0422c2f532acb3a773b236b3a0fee46,0.6224632859230042,1.111104020421187,3.3464344039194347,1.6366645609602026,0.8970830368939935,1.7845901250197818,0.8704148053605619,3.192759934676103,1.0751989892608975,0.8970830368939933,1.5345663870865642,0.5897446673900215,0.5727630183851411,0.5401018420968617,0.5954210489846509,0.5470382026921892,0.6340751569353195,0.36637267323603473,-0.07748772330562415,,0.3658034194127816
453,good-sweep-266,run_72e06f9c00088010429168d0b8d0ce13,0.5483088493347168,1.4016336949585195,3.5638813282525863,1.746291850915983,0.8158501880272387,1.775269029909796,1.1918315252074014,3.4828252585737607,1.0109538850284272,0.8158501880272391,1.6091984491216966,0.49734176607816116,0.543064944178613,0.452000446955911,0.7157408376839871,0.5556115460055604,0.5203525511315541,0.4183044878426213,0.04776012123955101,,0.41734857272711345
454,pleasant-sweep-267,run_fd803afd144a42adbccbe09e1e46c0b8,0.723548173904419,0.8653095086151884,3.321883505715842,1.7555527479469368,0.7426466104278892,1.8889341667985446,0.6666624122527114,3.096570495372892,1.0608212255211609,0.7426466104278878,1.4823350213641402,0.7124722869219967,0.4578168122178738,0.5618084155412955,0.5915217688355716,0.4127550057421657,0.6973585285961064,0.3032732709568962,-0.23041032105812237,,0.32364046249124556
455,lyric-sweep-268,run_497513d3ff09526a579dc19af351d888,0.6089342832565308,1.2699298021697514,4.054572672836147,2.074162981680354,0.5443795101128165,1.9075288811520814,1.114320357370773,3.9645345672291787,1.553632343651295,0.5443795101128172,1.7505261908529837,0.5158624288161653,0.5825253501416022,0.4782667688280178,0.7409550079358227,0.5365046064213205,0.5511314178197819,0.2827103236954199,-0.05648088647498131,,0.34069140781520424
456,happy-sweep-269,run_6bc1cdf2c65fcc0e42500f41ea9af27c,0.5492023229598999,1.4239566049776644,3.43418617310833,1.948338597599495,1.0872852932208559,1.847665769900301,1.0545883854499045,3.233696243875884,0.9217561591914091,1.087285293220855,1.436303212533629,0.4974034230538579,0.4671703165273695,0.3680833572774,0.6077768893891667,0.44002163644679776,0.5120110696579324,0.3334818898629508,0.002207606173857013,,0.3636013549445224
457,twilight-sweep-270,run_b15baac3d60635d19357e7746fbccb78,0.5885130763053894,1.3163241863433313,2.8049809471965164,2.188894504106128,1.0853897753836774,1.688451495489793,0.820216975111679,2.4750952640174213,0.8428932406822505,1.0853897753836776,1.045390884633645,0.5931663796420015,0.504038494749711,0.38967994764230757,0.6249771008998258,0.4956135642106294,0.5680450007175708,0.34658825953509914,0.04872833952951183,,0.45433376066222236
458,sunny-sweep-271,run_b90a589e64b745dd8ded7cea9c24b391,0.5832801461219788,1.2209189534141673,3.1397659227000547,1.8641566645609606,0.7528356540298812,1.5875969298939707,0.9299425654116144,2.9546271094175287,1.1827921667719528,0.7528356540298813,1.2059463522709288,0.5790185314644181,0.468038795753829,0.43375698368610927,0.6331241618087902,0.46323892897668967,0.6049297341381623,0.3676788130355377,0.03550218348428383,,0.4689192215993394
459,solar-sweep-272,run_22921a2fa461b601423e666a199bf8fa,0.5812380313873291,1.3082322910019144,2.969461077844312,1.951939355653822,1.1893485110275435,1.7894049691406868,0.8749968091895339,2.7037561241154067,0.5115603284902092,1.1893485110275448,1.3582370628263967,0.5492495450149445,0.46012639554478724,0.32042843916610797,0.6223703746381866,0.4645208759531102,0.5591462571581527,0.350003121141478,0.020415731329665787,,0.40048986622398974
460,absurd-sweep-273,run_f762561458b7219fb5276e92cbaea531,0.5919591784477234,1.2676324186343333,3.096516058791508,1.7901705622236264,1.0179235694684419,1.855784143060611,0.9490363752393116,2.860587915078934,0.7483006948831341,1.017923569468441,1.5341114100332325,0.5421935292959952,0.4198961462495228,0.40383599910608814,0.5899443259471174,0.45465995060773706,0.5571010402425095,0.3325896351489791,-0.01169387223761037,,0.347132515000548
461,earnest-sweep-274,run_a5394a46e78c26566518de376462627f,0.5425654053688049,1.274371410338226,3.0253674469243337,1.6699557801642453,0.9111850797845311,1.6453711030226301,0.9775494575622207,2.874795862819815,0.7687049905243207,0.9111850797845298,1.4007675265073598,0.5826743995023947,0.518109696716286,0.4156779363407081,0.6112170844440892,0.5048375474431634,0.5823241285372045,0.4340357462585848,0.054216272656226,,0.4422479844881477
462,fresh-sweep-275,run_c3926904f8b58487de7b64a7e45c95d1,0.6016592383384705,1.2648500319081049,3.486200326619489,1.9025015792798488,0.8122929159467427,1.8050482671308754,1.0434588385449899,3.3465704953728905,1.074478837650032,0.8122929159467429,1.5507833517961704,0.5251931273358501,0.4881721499399852,0.41960795581521565,0.6936331843354306,0.49620597624884083,0.55139972852119,0.36025256648927795,0.0011383661428024938,,0.3859745537744969
463,curious-sweep-276,run_96355d8147475d2234adc31f1943bd22,0.5571154952049255,1.4037651563497129,2.969651605879151,1.8954264055590655,1.276095131619067,1.6809621775597405,1.0086407147415435,2.652776265650517,0.8843588123815543,1.2760951316190665,1.1116078493432517,0.5549735338684725,0.39016431965749687,0.3656268556651662,0.5436339855851292,0.42236963184750176,0.5235356429709073,0.30742314113741054,0.03393561255350008,,0.4351283884441175
464,earthy-sweep-277,run_b5e866c30de91bf8f568c90267e3a97c,0.5756222009658813,1.384352265475431,3.146053347849755,2.031358180669615,0.9538672629332251,1.8112755182782088,0.9380727504786218,2.9523679912901475,0.6620341124447257,0.9538672629332244,1.443432505143219,0.5909205224467139,0.4997082581303261,0.3359341378539731,0.7070966228751059,0.5239581992506517,0.5426489181123658,0.3981138696061249,0.07021218438378643,,0.40489655072049585
465,sweepy-sweep-278,run_0d7fe19494ccbb80233214966ba5f062,0.5783025026321411,1.2430248883216337,3.1989384866630384,1.270688566013898,1.178940949283464,1.634681120430448,1.1028844926611374,3.063336962438759,0.7704485154769427,1.1789409492834635,1.4902278841588856,0.6096086111584251,0.6055195585041079,0.635919931041088,0.6017934306509249,0.6215646945315508,0.5605176967413528,0.4245708660256427,0.04476682515334493,,0.42588481998273503
466,rose-sweep-279,run_83cd5a6c6bad2a559cd3433e013f0595,0.6357370615005493,1.1564390555201023,3.4029667936853563,1.8379658875552753,0.5236253684317512,1.8520572875454977,0.8419017230376521,3.2134186173108343,0.9233228048010124,0.5236253684317503,1.557683177717994,0.6054375886421107,0.4629573851243609,0.4034961529866232,0.6560106505631371,0.45869701308749644,0.6045182971152689,0.32636300469986673,0.0017766280035819149,,0.3522411515578889
467,ethereal-sweep-280,run_adceca80e7142e02e15620b736d58968,0.5831525325775146,1.3004339502233568,3.6989112683723464,1.7035123183828178,0.8654995426364469,1.783755341034974,1.1399999999999997,3.5862819814915636,1.1322678458622872,0.8654995426364466,1.6330036398164272,0.5431710625102427,0.4936231451593042,0.49657041151869236,0.6648974309445644,0.5603899528248157,0.5347715878941515,0.311016654197987,-0.015386103377832583,,0.3793686904469029
468,leafy-sweep-281,run_3422ae9632ddde2aba8e6a0e362e316f,0.60306316614151,1.25531589023612,2.8496733805117045,1.866228679722047,1.1993088728529322,1.6771047634119325,0.8603701340140391,2.5426510615133373,0.7563866077068866,1.1993088728529329,1.0931911694888437,0.5964639681201195,0.43318471678356424,0.3657492896593557,0.5385127622767804,0.4197492744708332,0.5786118946847969,0.33904196354288063,0.0033873708736371633,,0.44504178142916917
469,graceful-sweep-282,run_5d43fd78f14cb0381f28a40949cb1394,0.587492048740387,1.2718315252074026,3.3228633641807304,1.878054327226785,0.9236812684215876,1.8176412407026428,0.9942310146777277,3.143603701687534,0.930233733417562,0.9236812684215878,1.5306258901724958,0.5118726823447697,0.48376006300856433,0.40049691919675634,0.6443760294024035,0.47038905044415225,0.5572480847461214,0.3353626449273295,-0.023502560732794414,,0.37573504267636265
470,pleasant-sweep-283,run_4593eae73101e4d5882cb4a048e3a509,0.5860880613327026,1.3509636247606893,3.4304844855743064,2.0317498420720157,0.8046752718772233,1.7992641240702643,1.0323420548819398,3.3073489384866632,1.068237523689197,0.8046752718772234,1.5269109036239905,0.549383195205862,0.5302255044844387,0.38484356543115283,0.7099607591437219,0.5391188471070544,0.5420184789365905,0.3949315769805517,0.06569388929200737,,0.40529384359020343
471,graceful-sweep-284,run_97119be3d0cd47ed65702fffc92cf584,0.5543075799942017,1.3574984045947673,3.615024496461623,1.7076184459886297,0.8795609309889216,1.739424750751701,1.1704403318442878,3.5174197060424603,1.078205938092231,0.8795609309889205,1.6001780344991299,0.5233580373528511,0.5543965408315175,0.4813336845129777,0.6992971713756194,0.5542411779662682,0.5344138104798195,0.38999506315856425,0.0472709350640628,,0.4216674556957553
472,icy-sweep-285,run_8811a87685adc0dbe76ece3edf5b1a18,0.6173580288887024,1.2256285896617742,3.3556341861731096,2.1303095388502844,0.796513873361114,1.6943859787941131,0.9661008296107212,3.1799673380511706,1.4412128869235636,0.7965138733611152,1.2985322044627319,0.5810882833073744,0.44773187588823654,0.4457631772180187,0.6772494110373188,0.4340141831692666,0.5806776961658775,0.31141802688744824,-0.008533103140359877,,0.42705893403174483
473,snowy-sweep-286,run_2240c4d7c0209af597fd9642f7531d86,0.43178045749664307,2.497141033822591,5.90465432770822,3.751547694251422,0.0,2.7869164424750754,2.497141033822591,5.90465432770822,3.751547694251422,0.0,2.7869164424750754,1.0,1.0,1.0,1.0,1.0,,,,,
474,zesty-sweep-287,run_dcff52a3dcb5e50fef6fbde9553a8286,0.6806637048721313,1.0300319081046585,3.331790963527491,1.8984712571067597,0.9772385405020835,2.0206955214432667,0.7457434588385454,3.079586281981492,0.9908275426405567,0.9772385405020837,1.5843369203987987,0.6596107468152419,0.4603704941837952,0.527815662612138,0.5023636661716668,0.42759016721114645,0.6354068439776575,0.28538280475683825,-0.23368489968929745,,0.27598608618755643
475,comic-sweep-288,run_f11fcb1074829dcd705043d45c93b6bc,0.5666879415512085,1.3170006381620933,2.8248775176918897,2.004965255843336,1.0292915946742556,1.6504826713087513,0.9029355456285892,2.5402286336418074,1.0379406190777003,1.0292915946742542,1.113340718468112,0.5637633082783454,0.3967722471999126,0.3816787983271078,0.5893052078476999,0.4059467976540063,0.5785939619505348,0.36083064713082363,0.07155808723732496,,0.4573688277855808
476,desert-sweep-289,run_c37cda272689282cd833701e0ebf78fc,0.6039565801620483,1.27576260370134,2.7313010342950466,2.0598862918509164,0.987244638682793,1.671830985915493,0.9245947670708374,2.399727817093088,1.028704990524322,0.9872446386827928,1.1501740781769265,0.5894800937491087,0.4068079540446894,0.3860064489352871,0.6137310816758123,0.42307631702772475,0.5684021404867026,0.3540868823699214,0.04561240856829604,,0.4437557552107716
477,charmed-sweep-290,run_48e729ace1be3ff194d53e382a21b90d,0.5417996048927307,1.4265220165922146,3.1800489929232456,2.1324699936828813,0.943535928448013,1.6358007596138628,1.0951627313337595,2.976129559063691,1.3267340492735316,0.9435359284480127,1.2007952207627788,0.5344356325574193,0.48234386178466765,0.4327210037352744,0.6306271724091934,0.4437845497333681,0.5338471178653001,0.35234680753761183,0.05533804955113869,,0.4578985761211308
478,treasured-sweep-291,run_be501db3da008d3a8a5d117dd500bf28,0.605998694896698,1.236873005743459,3.0050898203592817,2.0067719519898928,0.9578310803943493,1.688878778287704,0.910287172941928,2.745372890582473,1.1087302590018946,0.9578310803943485,1.218155562589018,0.5803100172620336,0.4080956092827635,0.3940455895029212,0.6051997058630565,0.42244562136577934,0.5787434809360522,0.33893814824118706,0.013539411659278078,,0.4292607391946979
479,celestial-sweep-292,run_3cd0e14f7a4277e80be4e6febd865311,0.5508615374565125,1.3464837268666243,3.0636091453456724,1.7348325963360713,1.0322339668665517,1.4432861212217123,1.096604977664326,2.8930593358737067,1.0899052432090974,1.0322339668665508,1.1274133565437572,0.5282866507601621,0.5363151391392623,0.465172237652843,0.616696359573401,0.5383585163087986,0.5480512625229748,0.41018902401911866,0.10095012223740335,,0.5115329666267914
480,splendid-sweep-293,run_9eb4b87724e01f0ed710e00eeece2114,0.618889570236206,1.2071729419272497,3.1410179640718567,1.9938976626658247,0.8355168208151237,1.6146977369837001,0.9117549457562222,2.910206859009255,1.1047757422615296,0.8355168208151232,1.1738051906947307,0.5786667303015222,0.42575921952370965,0.3841884557673275,0.6353863663988555,0.43439045984686186,0.5895252144418232,0.3399981685454032,0.022428236713018745,,0.4567349622948196
481,super-sweep-294,run_cef3d702ad3f25f28808fc17606f6526,0.6153159141540527,1.2329036375239313,3.4483124659771374,1.726999368288061,1.0861774570586442,1.944097167273303,0.9615571155073378,3.2211486118671746,0.9345799115603286,1.0861774570586453,1.601993986390252,0.572472326794645,0.4603574338726113,0.4722483478594004,0.5479401358738305,0.4458465524309374,0.5580068135140779,0.27922475231968336,-0.09956008315272763,,0.30717258161087385
482,fresh-sweep-295,run_7c21a9925d2d0d12ec6b91b2706704f2,0.7005743384361267,0.9330057434588386,3.3621121393576487,2.0043588123815543,0.6117847342209575,1.9826357018515588,0.658544990427568,3.1493739793141,1.1528363866077067,0.6117847342209574,1.5803410349738867,0.6656218467078601,0.433761528701374,0.5225120518468857,0.5409843790847777,0.412393057955345,0.6785382136726287,0.2980010976885719,-0.2166130374730573,,0.2880012805384471
483,lively-sweep-296,run_a21feea6698a7616902c34b791abec17,0.612890899181366,1.260114869176771,3.4845400108873164,2.1822488945041068,0.7750177863604026,1.6534538692831147,1.0406381620931713,3.300544365813827,1.5692356285533795,0.7750177863604029,1.2947895236588072,0.566642315310693,0.45034223863919487,0.47022204131149636,0.6927935366316728,0.4673670332153983,0.5631591190636414,0.27497380550894956,0.018635121279544004,,0.4396223900801149
484,trim-sweep-297,run_7c2a61232218b12aaea4fdd737585720,0.7193363308906555,0.8979195915762604,3.4001360914534575,2.027201516108655,0.6606006707998782,1.8484689033074857,0.6762476068921504,3.1680729450190537,1.3708022741629824,0.6606006707998788,1.372119797436304,0.7021734202288592,0.4344748398651621,0.5435965584394853,0.5713773852049183,0.3850869587153123,0.6913214730136185,0.26525554590972866,-0.20664567023296795,,0.35462200266889865
485,ancient-sweep-298,run_890a7a0ca6a30c6dadbf567b7282d05e,0.43178045749664307,2.497141033822591,5.90465432770822,3.751547694251422,0.0,2.7869164424750754,2.497141033822591,5.90465432770822,3.751547694251422,0.0,2.7869164424750754,1.0,1.0,1.0,1.0,1.0,,,,,
486,pretty-sweep-299,run_84af64996507bbb13bc7f5c0c2e93695,0.5560944676399231,1.340880663688577,3.147849755035384,1.8977763739734683,1.3927990649456246,1.87767843013135,0.8476324186343343,2.93358737071312,0.6188629185091609,1.392799064945624,1.3912327899984174,0.5445486853007476,0.4447879400055815,0.3367475976119784,0.5263732646815947,0.44069881714574677,0.5694323041523275,0.3675046579566264,-0.037381560530380165,,0.3620203290812623
487,easy-sweep-300,run_98088f23e75122e34a899c71ff866897,0.5994894504547119,1.2548691767709,2.885410996189439,1.8938092229943149,1.1125876613476977,1.6783510049058399,0.9233312061263571,2.610179640718563,0.9806822488945048,1.1125876613476973,1.0816268396898248,0.5882007942935512,0.4086836205191453,0.4013309708520895,0.6040916515572033,0.4274557017572669,0.5728284800343515,0.33254930891913526,0.03984799104892281,,0.45415476967869317
488,cosmic-sweep-301,run_1a91c9f4d93a81a1c5f6363b612bb52d,0.4630504250526428,1.8659604339502234,3.0845672291780084,2.528806064434618,1.2096249618863708,2.1811916442475074,1.198264199106573,2.8896842678279806,0.35326595072646866,1.2096249618863697,1.6012422851717039,0.5912231045479087,0.5398845237276331,0.4189662548287201,0.6914311856076014,0.5511015112827711,0.39765366602302143,0.3968343522669733,0.071987321528649,,0.29032690616593426
489,fancy-sweep-302,run_f4dca68026872e5f2ef17ba84144bb8d,0.5728142857551575,1.3534907466496493,2.9991834512792606,1.9252811118130135,1.0692600874072569,1.8093171387877829,0.9495596681557121,2.756995100707676,0.67150979153506,1.0692600874072578,1.3836643456243078,0.5300108483659669,0.4327875549775079,0.33985250454937266,0.6215388488657472,0.4320328883751488,0.5368975427347392,0.37651468487761747,0.051205587270815395,,0.38897099677677066
490,cosmic-sweep-303,run_90bb852733b26a2971da994059d6436d,0.558902382850647,1.351308232291002,3.0151605879150796,1.6621730890713837,1.2970017278178678,1.7615405918658014,0.9508232291001916,2.7578388677191077,0.41456727732154136,1.2970017278178685,1.3853655641715468,0.5017892058239057,0.43699531235094113,0.39674344730709066,0.568853462098055,0.4502065288179472,0.5361659562152038,0.35143331946065265,0.02006858531999925,,0.38545885453803663
491,northern-sweep-304,run_ea4a7abf2561498bfd6aed9da1be754f,0.6015315651893616,1.248768347160179,3.7237615677735443,1.714238787113077,0.773259477589186,1.808652476657699,1.1144224633056796,3.6171747414262394,1.25667719519899,0.7732594775891861,1.6772946668776707,0.5688247417262912,0.5699980984664107,0.5179847077227596,0.6575237213935909,0.5706925187314793,0.5558078939723363,0.3332710014937806,-0.04260518721265852,,0.3696915349716975
492,comic-sweep-305,run_69fb2d8312fd49b4e703e223a667057e,0.43088704347610474,2.414690491384812,5.833015786608602,3.581869867340494,0.15723142595792258,2.7410468428548826,2.414690491384812,5.828769733260752,3.581869867340494,0.15723142595792325,2.7410468428548813,0.9224302989958999,0.9798550886023562,0.9500529962008748,0.9542955798091379,0.9604512499918385,0.06269349395625762,0.027541222078599173,-0.043369928475801435,,0.048544922002077405
493,eager-sweep-306,run_be6ce3da5ed86af9d6327a915188d090,0.433439701795578,2.4363880025526488,5.8531028851388145,3.6772331017056232,0.09623945522918997,2.7627037505934484,2.4363880025526483,5.848203592814372,3.6772331017056237,0.09623945522919021,2.7627037505934475,0.9487068643803361,0.9824621241623941,0.978146250359161,0.9796009964597462,0.9710147397055852,0.06603745576303265,-0.008372265256539183,0.0053875442334209815,,0.005605364424751059
494,solar-sweep-307,run_a78c48b5ce5f22e34e92cc98af356724,0.5975750088691711,1.2732354818123806,3.5672836145890043,1.8793051168667092,0.8635836975302369,1.8443622408608957,1.0244288449266112,3.428034839412085,1.0098168035375874,0.8635836975302362,1.6142229783193551,0.5183154934075196,0.507183261129954,0.4064736774893848,0.6862399320256369,0.5009103291641351,0.5501024378596822,0.3422304285652571,-0.00195370901694239,,0.36599372887259013
495,legendary-sweep-308,run_372eb43e9b683bf45b2de7e1da4d907d,0.5387364625930786,1.4624760689215062,2.9423244420250416,1.9389008212255214,1.3086949893281838,1.7888866909321095,0.9171537970644557,2.6725911812738166,0.43962097283638824,1.3086949893281838,1.3768040829245143,0.5491256333759521,0.5018764029857247,0.30011205823197007,0.6013283581311124,0.48151966667214713,0.5261983462508318,0.3779060709003601,0.05455094689205592,,0.4044664508092523
496,rosy-sweep-309,run_43ba7aed17ae5f6b53334adcdeb2a973,0.5723037719726562,1.3392214422463307,3.1880511703865007,2.0282122552116237,0.7808110580343532,1.5217716410824498,1.0969240587109126,3.0194066412629286,1.3382059380922307,0.780811058034352,1.2084150973255263,0.5470449654854871,0.5085208621442185,0.4314676116591642,0.6717761846249177,0.5239661187017945,0.5526232452619579,0.39670627182135876,0.09391038458635662,,0.47757312431847954
497,lucky-sweep-310,run_587c2633af7c746a37326124b7f30796,0.622080385684967,1.2010976388002554,3.351741970604247,2.0651295009475685,0.7670190059965445,1.7352626997942713,0.9669942565411619,3.1575666848121946,1.3530638029058757,0.7670190059965442,1.3897966450387722,0.5593005001176516,0.4308209200096392,0.42668007534399643,0.6646967426055524,0.43568968642049627,0.5846691471752103,0.29917287761242395,-0.01258381272147105,,0.4019828626389875
498,laced-sweep-311,run_55d131800cb71391b94d411404669142,0.5982131361961365,1.2555328653477984,3.1829885683179104,1.7736576121288696,1.133687366602297,1.7929617028010765,0.9273899170389268,2.956967882416985,0.6630322173089076,1.1336873666022962,1.4513095426491536,0.5648645492718534,0.4293899205708234,0.40505586948887395,0.6114725598744222,0.46200324493657763,0.5634743572697617,0.34286776243946915,0.026264765499310033,,0.38115072633640673
499,bumbling-sweep-312,run_b97e2123d664ce9e02ab0d59fc71771a,0.5269942283630371,1.4865220165922146,3.8399836690255857,2.0029816803537592,0.7109259071043806,1.7579442949833837,1.2509636247606901,3.765732172019598,1.3709412507896412,0.7109259071043816,1.4988210159835422,0.49302796439311247,0.5484369087563536,0.4377055199055008,0.7533136738969627,0.5179392050594742,0.4952662495318486,0.3741705756734528,0.07199042503192293,,0.42665402344702086
500,floral-sweep-313,run_293766fd7bd23375f0b1844477ccb648,0.5255903005599976,1.4960816847479261,3.0931137724550903,2.040492735312698,1.0481349730663685,1.6811797752808988,1.1117294192724958,2.8496733805117045,1.075691724573595,1.0481349730663678,1.1925660705807881,0.5203997892534572,0.42235466812873,0.3879048941672254,0.6156072310759441,0.414025133218526,0.5020780158895788,0.3423216370661028,0.0818514012986751,,0.437947819438111
501,warm-sweep-314,run_548ed80b87b216b50d58c7a3afac0524,0.584045946598053,1.3083088704530952,3.0226183995645077,1.7859128237523691,1.2149303791035675,1.8013807564488054,0.9393490746649641,2.742161132280894,0.5996588755527487,1.2149303791035677,1.4573152397531255,0.5495822051365222,0.41814419496477423,0.38054608434696546,0.5973771453115289,0.458648872051568,0.5458137433950401,0.3359448509660525,0.0025304962734456204,,0.37715983357546257
502,different-sweep-315,run_535e8744b94ceb1818743cb0880a8a1c,0.5729418992996216,1.3087045309508616,2.969787697332608,1.677927984838914,1.3325896940746011,1.7907975945561008,0.9385705169112949,2.707185628742516,0.5226531901452939,1.3325896940746025,1.435092577939548,0.5305676252355288,0.4337947381815166,0.41109137055837564,0.5543485537652175,0.45612392048083,0.5500221352438734,0.345657187445927,0.01164496569159204,,0.37653507708343137
503,autumn-sweep-316,run_e5b95de1d001afc4dc4bd25706c3137c,0.5959157347679138,1.307364390555201,3.777436037016876,2.0533038534428303,0.6273909950198191,1.839222978319354,1.0965922144224647,3.672917800762113,1.3279469361970937,0.6273909950198189,1.6227646779553722,0.49746320779905906,0.5530308050362368,0.4181277336142771,0.7342813666339396,0.5231282561307234,0.5429707380353074,0.3360398253281892,-0.002579277490199955,,0.38112980692110643
504,valiant-sweep-317,run_928ce8485db9440b20e2050c2a3e3f75,0.5965539216995239,1.3135290363752392,3.8268644529123574,2.0394188250157934,0.763649761154589,1.889867858838424,1.0943075941289089,3.713581927054982,1.3086039166140246,0.7636497611545905,1.6765350530147178,0.5111237148228981,0.5409095788299991,0.4219147271972672,0.7063076107981987,0.5143268698615487,0.5323145193648107,0.30389661725054656,-0.009150662189754882,,0.354249258053005
505,hopeful-sweep-318,run_a49b002a766b3b9eba1d59bb95b7656a,0.5914486050605774,1.3426802807913212,3.6548720740337513,1.9822109917877453,0.638240674865332,1.8859352745687612,1.060561582641991,3.535982580293959,1.092002526847757,0.6382406748653323,1.6669291027061257,0.5195973761461254,0.5163332997783451,0.37828432781023524,0.702617415388952,0.5276569730332762,0.5306658599654724,0.33285799316077497,0.027189300397175736,,0.3626574195067244
506,atomic-sweep-319,run_5e39cd1f1dc90526b4739eb9277f3920,0.6279515027999878,1.1720102105934909,3.4101252041371817,1.9232849020846503,0.9229698140054886,1.801523184048109,0.934613911933631,3.188731627653785,1.3096904611497169,0.922969814005487,1.3788376325367933,0.6023632497728257,0.4491636631464158,0.4910878587619321,0.5700339850090703,0.4051737881318175,0.594279003199248,0.26099212176756387,-0.08646415293719176,,0.3714489789165542
507,dandy-sweep-320,run_127334d0acc27ff2e010455caeb3e643,0.43178045749664307,2.497141033822591,5.90465432770822,3.751547694251422,0.0,2.7869164424750754,2.497141033822591,5.90465432770822,3.751547694251422,0.0,2.7869164424750754,1.0,1.0,1.0,1.0,1.0,,,,,
508,summer-sweep-321,run_8f1599a2017a79de68cc6d643507a5ca,0.625271201133728,1.2116911295469053,3.4252313554708773,1.8849399873657615,1.2070281532676086,1.957833517961703,0.8783152520740273,3.208573761567775,0.7878584965255849,1.207028153267608,1.5202326317455297,0.6077247196038329,0.450823456499855,0.4217172684608754,0.5351613663131689,0.4490203143241823,0.5770394787186259,0.30568296726351074,-0.08237973312023275,,0.31717796563167244
509,olive-sweep-322,run_1a3c65f6f659fc2d9d9e75eef005212f,0.543203592300415,1.4773452456924059,3.3857920522591187,2.1577511054958944,0.7258207134871432,1.637086564329799,1.2204467134652213,3.235982580293958,1.5088818698673407,0.7258207134871422,1.3203275834783985,0.5434501647005666,0.48194335408424765,0.4586323149123647,0.6910327976052034,0.47402576069142544,0.5060961054949071,0.3564039910808627,0.0682150228433222,,0.455221037498313
510,wandering-sweep-323,run_f4bb4d5b442089f27fc8cacc5572ce87,0.5911933779716492,1.3291001914486282,3.513881328252586,1.8416045483259638,0.7909594470982824,1.8307683177717993,1.0580344607530323,3.4081110506260206,0.9946051800379021,0.7909594470982818,1.5850648836841268,0.5382844682964198,0.5183661722325485,0.40565702518915814,0.6890900322105131,0.49461179695826524,0.5372329034705143,0.37647691699290253,0.056960573066518416,,0.3725704861213417
511,rose-sweep-324,run_8242208bdd20ab9947b6c427c37a45cb,0.43178045749664307,2.497141033822591,5.90465432770822,3.751547694251422,0.0,2.7869164424750754,2.497141033822591,5.90465432770822,3.751547694251422,0.0,2.7869164424750754,1.0,1.0,1.0,1.0,1.0,,,,,
512,crimson-sweep-325,run_940470cc1196f6f61e80061b74cdd58b,0.6738991737365723,0.9637141033822592,3.332634730538923,2.0324826279216683,0.6928244740319139,1.7489871815160627,0.7408423739629868,3.122455089820359,1.5013139608338606,0.692824474031914,1.2630242126918818,0.6319744877616846,0.44296964684906426,0.5372726111802829,0.5746828906728121,0.4196920997918119,0.6833642688459582,0.29853716562037486,-0.19947914021555477,,0.396275273040561
513,sweepy-sweep-326,run_54f43c63c6959e077b42b5f720f5182a,0.6051052808761597,1.2731206126356096,3.747659227000544,1.903739734680986,0.7365331842666938,1.9810571292926098,1.0247479259731989,3.582226456178552,1.2271257106759328,0.7365331842666947,1.6884158885899667,0.539919756721623,0.5005449265909058,0.4812407815343358,0.5832504673175912,0.4753685683194448,0.5481066541705004,0.2711838019274333,-0.097591673961089,,0.29698858723270827
514,expert-sweep-327,run_fc39a8ad5e1a1b59b8dbb8c48cce1aa2,0.5863433480262756,1.3240970006381623,3.499129014697877,2.0020088439671513,0.7899380018294543,1.8500356068998258,1.0608679004467148,3.34229722373435,1.0933796588755527,0.7899380018294551,1.5927955372685552,0.5014670043906252,0.47922310506518767,0.4117506305270887,0.669703978306856,0.49351459031484846,0.5331991607202178,0.32886661303136894,-0.023219058229313666,,0.36591777496545286
515,ancient-sweep-328,run_f42745ea80c3fb495fcf3bbffcb5e611,0.498276948928833,1.533988513082323,2.73663581927055,1.949046114971573,1.4779042585628623,1.8365089412881788,0.9274282067645174,2.4406096897114864,0.25744788376500477,1.4779042585628615,1.2806931476499444,0.49253699026010045,0.49856191827488977,0.27304744117740953,0.5964896444875218,0.4656261643003174,0.5096173132245196,0.39565057996821784,0.040202553819149944,,0.39822229991003966
516,absurd-sweep-329,run_84ba9d7de47571c25b79fb87f9dc9755,0.5742182731628418,1.3852074026802808,3.616929776810017,1.9303095388502847,0.8457719280414677,1.8457509099541065,1.1077600510529673,3.5252585737615667,1.1660138976626668,0.8457719280414668,1.6489238803608177,0.5257675003106662,0.5321830126774567,0.3953101554768062,0.7099472764194055,0.5467182518953907,0.5269710116700774,0.38894461962732485,0.029413563912113055,,0.39356430647597407
517,rich-sweep-330,run_df8de3707bfdc9c4ab7862a25bc256b7,0.5961710214614868,1.3031014677728143,3.6407729994556353,1.9941377132027798,0.8303587762984044,1.9086801709131194,1.0318315252074033,3.4702231899836704,1.088591282375237,0.8303587762984046,1.6459249881310338,0.5232870157960894,0.5088530269571819,0.41201896370079494,0.6790077632068736,0.497894430765505,0.5384760436756042,0.29295973618432203,-0.015811512244648274,,0.34483739069546
518,volcanic-sweep-331,run_086a0536a8a0574e7f42e38594f0e7ba,0.5950223207473755,1.3214294830887048,3.5865813826891673,2.0747315224257745,0.6787071856896028,1.8670240544389936,1.0646075303126994,3.4064507348938506,1.2190903348073283,0.6787071856896022,1.5977646779553736,0.5230357770907644,0.5094547139491331,0.40865801487724673,0.7198685278107306,0.5114101048508779,0.5401614994209323,0.31259302951555623,0.008943702302730422,,0.3638033103981686
519,fallen-sweep-332,run_c1fb85fc4c47ea46ad392269189fc417,0.6575621962547302,1.0842501595405234,3.6148339684267836,1.767871130764372,0.8654741335501577,1.9664978635860106,0.8619400127632416,3.4559880239520955,1.1121288692356295,0.8654741335501577,1.6521364139895556,0.6120068023319762,0.4835999784677873,0.5271720461003097,0.5503714758290793,0.45148230831903846,0.6140927641439211,0.2992333802667593,-0.15543481341673082,,0.2929494374881104
520,ancient-sweep-333,run_6ec67fe9afd4e2f98647b7d85326c766,0.6542437672615051,1.0880408423739631,3.6068317909635277,1.8185344283006952,0.6564539079174714,1.975336287387245,0.8489087428206767,3.4380239520958096,1.129538850284272,0.6564539079174696,1.64303687292293,0.6061267908049804,0.4808988332468527,0.5177510136321553,0.548419396946615,0.4221133308511954,0.6154744235618769,0.28130413519555286,-0.14312840474957325,,0.27824855188728803
521,wise-sweep-334,run_23f3491191a3642de29c2d341f26656f,0.5791959166526794,1.291218889597958,2.976619488296135,1.6980037902716365,1.240430938103466,1.7571134673207787,0.9789534141671987,2.716848121937943,0.6636639292482625,1.2404309381034648,1.4208181674315568,0.5316940283579563,0.42826602080340526,0.4233328544520001,0.5731885393394351,0.47344560329502683,0.550853648385461,0.35669666861871774,0.026037728296966017,,0.39152351912990374
522,ruby-sweep-335,run_b7e9bf4423828ec919502cd5673bcc65,0.6373962759971619,1.166917677089981,3.4251224823081112,2.0181806696146563,0.6902530744994411,1.7940101281848395,0.9225271218889589,3.186690255851933,1.3423246999368301,0.690253074499441,1.3719971514480136,0.6104783857967335,0.44544929628951585,0.4713474124445296,0.5658939156862224,0.41358652736150076,0.5944862549956951,0.2712306212408173,-0.0924201885233445,,0.3751601752522088
523,quiet-sweep-336,run_401eb7176be34b38b26dbdd77a48e9da,0.6547542810440063,1.1011614550095725,3.7172836145890042,1.8123815540113712,0.6222736050411628,1.9802816901408453,0.8634333120612625,3.539493739793142,1.1546683512318385,0.6222736050411626,1.6376325367937963,0.6042978305498432,0.5037818655619138,0.5135777224403792,0.544161027077545,0.4443131652013068,0.604816682083319,0.270789215694474,-0.1493474842867109,,0.28778000497241396
524,different-sweep-337,run_14a463939fe595be30d84ba0f410258b,0.5859604477882385,1.2801786853860881,2.84553620032662,1.8183196462413145,1.1901107836162212,1.6035211267605636,0.942412252712189,2.5686717474142626,0.8979911560328491,1.1901107836162217,1.0957271720208897,0.5560988091959925,0.44187266007286374,0.39288270599878683,0.5764093577012406,0.4372834790875211,0.5643157715768883,0.3394858158256691,0.053014725815415636,,0.46323899835963306
525,earnest-sweep-338,run_578c5004da3eea57408f902bcc2c2c85,0.558391809463501,1.3871091257179324,3.0129559063690805,1.9127984838913459,1.2291950401463563,1.8028525083082765,0.8372176132737721,2.786499727817094,0.40313329121920444,1.229195040146356,1.3923761671150514,0.5704438000587633,0.5225987280971053,0.3077671359703732,0.6232525042253065,0.5053014558916835,0.5578131655631777,0.38409304509216335,0.05675832231577577,,0.3991483903064064
526,sparkling-sweep-339,run_b651517710ce4a13449976858fd50410,0.5392469763755798,1.4756094447989792,2.9557974959172566,1.9410865445356917,1.358146153064336,1.777638866909321,0.9058583280153163,2.7245508982035926,0.22363866077069028,1.3581461530643373,1.339135939230891,0.552464859748715,0.5350843598086337,0.2767108833764327,0.5989788353733418,0.4839685274008399,0.520743343630446,0.4001724000935318,0.05487370825303764,,0.4055263422330924
527,comic-sweep-340,run_fe11a923bf8614a376f350c9744f9b71,0.7245692610740662,0.8707083599234205,3.473326075122482,1.8861276058117502,0.8641935156011791,1.953999841747112,0.6369623484365027,3.2626020685900934,1.1035628553379664,0.86419351560118,1.539029118531413,0.7132029692367776,0.4713227918300286,0.5708678926028796,0.5447826127942688,0.4363261090394611,0.6954522339912294,0.29452713169487027,-0.23720944985162037,,0.3187312280921109
528,twilight-sweep-341,run_39c9b98ece029befd465e902673d8d00,0.6232290863990784,1.1925462667517552,3.3316820903647257,1.9608717624763115,0.7629840430938103,1.613740307010603,0.9747798340778553,3.1436037016875344,1.3161970941250798,0.7629840430938114,1.299204779237222,0.5826538594477034,0.4463652761960731,0.42823133160936055,0.6652983678646043,0.49581124606540977,0.5886139673175552,0.3168286800943507,0.003366049689130013,,0.4464220504019812
529,gentle-sweep-342,run_63546e879e89b7c23eaead20e0efe091,0.6321633458137512,1.1830887045309508,3.6465704953728912,1.8403158559696784,0.7154182335603212,1.8404415255578417,0.96501595405233,3.528824169842135,1.1604421983575484,0.7154182335603222,1.6286516853932589,0.573950319792553,0.5046520147025645,0.43224355904606837,0.6830272980275132,0.4900183006270144,0.5825623435398175,0.34274509385770446,0.008075186313393323,,0.3570538843337432
530,easy-sweep-343,run_d9ab543090ff5b88d6b752b9118d6ad9,0.5692405700683594,1.4314358647096364,3.596597713663583,2.137940619077701,0.7975454822644579,1.8692119006171861,1.016783663050415,3.4774904735982575,1.060366392924827,0.7975454822644594,1.5570739040987507,0.5824123276837212,0.5449330827698744,0.4008374038246656,0.7351871021473276,0.5608568584588955,0.527958446127006,0.3646928049081877,0.04085575742053765,,0.3961837308295105
531,proud-sweep-344,run_a9e90195541a62025be3551aa05ac45e,0.7111678123474121,0.951869814932993,3.4497278170930867,2.0560833859759957,0.8036182538875903,1.8644168381072954,0.7470453095086148,3.188922155688623,1.4034491471888817,0.8036182538875923,1.3894049691406873,0.7019583471427987,0.448676769296201,0.5462313635347827,0.5484603405175688,0.39776377602694163,0.6636280769269918,0.2549230935352458,-0.19787121556122186,,0.35061133530431954
532,balmy-sweep-345,run_a16cc8181ec41c0b5f42a05b94d252d9,0.6045947670936584,1.2960816847479262,3.6494284158954824,1.8498420720151616,0.8446844191482875,1.911196391834151,1.0615443522654757,3.5125204137180184,1.055982312065699,0.8446844191482871,1.709234056021522,0.565194775483817,0.49532708419950494,0.4198584107524822,0.6804529170547308,0.5184103072367493,0.5404953446152876,0.31851039239983225,0.0019598133408781915,,0.3422389623747301
533,serene-sweep-346,run_7e1c7920dbf1b79715882ceb4edae5f6,0.6112316250801086,1.2089087428206766,3.441643984757758,1.78923562855338,0.65376054477081,1.925039563222029,0.9207657945118061,3.2237887860642354,1.0104611497157316,0.6537605447708096,1.5990148757714835,0.5574614631100357,0.46531995505350254,0.4600298502697698,0.5686193631666906,0.4355050241953092,0.579024269840194,0.2815255182476279,-0.07877679518899514,,0.3064447128521881
534,jolly-sweep-347,run_21806a77973c66555ac72bcc7c405120,0.5800893306732178,1.3661901723037653,3.607648339684269,1.916032849020847,0.9549141172883424,1.864044943820225,1.0816209317166556,3.4764561785519876,1.1083512318382829,0.9549141172883432,1.6583478398480767,0.5398286192469748,0.4915346418403832,0.4046411582543179,0.6707878236678477,0.5289838625532564,0.5259967251232205,0.34145604808766383,0.029545346150169682,,0.3642814445911999
535,sweepy-sweep-348,run_2dcdabd00a75f1af4a23e2815746f2b6,0.6090618968009949,1.2592724952137846,2.9867446924333154,2.068818698673405,0.9475658095334893,1.796929893970565,0.8944479897894065,2.7129286880783896,1.0776626658243837,0.9475658095334887,1.2960357651527143,0.5982345786463701,0.40030350178604746,0.39992960444401876,0.634942326081972,0.43515090755291674,0.56962545600005,0.3260086814954703,-0.0017270012791653633,,0.39284441809520976
536,warm-sweep-349,run_02b00fc0e83e58dee0dde336dfe4d443,0.6181238293647766,1.2033184428844927,3.818181818181819,1.9010991787744793,0.6501168817969307,1.7906353853457828,1.0479132099553294,3.7126837234621677,1.3026658243840816,0.650116881796931,1.6243353378699166,0.531746473427215,0.532185810105982,0.45915445519266995,0.7064863780828803,0.5306357428191802,0.5754925789177365,0.3279829299918212,-0.03432994487401314,,0.3864961208756783
537,sweet-sweep-350,run_404edfd6bc56c19e3e2ad1cde0531bf5,0.5871091485023499,1.3216209317166563,3.5507893304300495,1.9955527479469366,0.8458430734830775,1.9161101440101285,1.0698276962348432,3.4026673924877526,1.124421983575491,0.8458430734830774,1.6688004431080872,0.501008425299907,0.49072161705967554,0.40150719918270916,0.67841431463652,0.5134361968219088,0.5365782882847652,0.32585530174576527,-0.006163837342761852,,0.34339174761332786
538,logical-sweep-351,run_b158507da235997978486541687bb903,0.685896635055542,1.0220676451818762,3.313173652694611,1.9532659507264694,0.875719077141986,1.7340837157778128,0.8281684747925979,3.084921066956996,1.3601389766266587,0.8757190771419849,1.3002729862319988,0.6701319709643255,0.4519255179751818,0.5222464323340676,0.5576140536788217,0.42143038378304504,0.6424364895288202,0.30095842856260707,-0.1416714342614056,,0.4075373648928546
539,bright-sweep-352,run_81032501b0cc997f34259fa4060751d7,0.5456286072731018,1.4638800255264837,3.2146706586826355,2.1991661402400506,0.8223752413863199,1.6798702326317456,1.1091640076579456,2.990065323897659,1.2496778269109292,0.8223752413863202,1.2378857414147815,0.5508754034611244,0.44223006189687214,0.43679420872841046,0.6929668936985948,0.4440910507866736,0.5162250945167053,0.3482627880767666,0.07569679205971871,,0.4406995200766065
540,summer-sweep-353,run_42cf1062a35a2293e8f7da80efd11d2b,0.5994894504547119,1.2812763241863434,3.6152966793685364,1.9725584333543908,0.7956042280719586,1.8470802342142745,1.0078366305041486,3.475612411540556,1.0990524320909676,0.7956042280719591,1.6131191644247518,0.516754705669469,0.5147338909972219,0.41416738498866645,0.6928267956621803,0.5123883368965688,0.550410342600576,0.32896317781178475,-0.024800780560315705,,0.3754899889112798
541,graceful-sweep-354,run_3a35a237da7b66886f57c43530cf1acb,0.43178045749664307,2.497141033822591,5.90465432770822,3.751547694251422,0.0,2.7869164424750754,2.497141033822591,5.90465432770822,3.751547694251422,0.0,2.7869164424750754,1.0,1.0,1.0,1.0,1.0,,,,,
542,breezy-sweep-355,run_c9cb34d17ac833c12038202edda63eca,0.6395660638809204,1.1883343969368223,3.4766194882961354,2.0007833228048013,0.5985872548023174,1.8012858047159361,0.8898021697511155,3.3154327708219924,1.00801010739103,0.5985872548023173,1.472198923880362,0.6024487460518317,0.5364910996176935,0.37596095520863265,0.7343049811429221,0.5245435819566953,0.5925316195487432,0.357717246182952,0.01822049414958482,,0.3984821552917579
543,still-sweep-356,run_b88e7027670d9e9c9fb60e7a68dd96d1,0.6084237098693848,1.2089980855137206,2.976265650517148,1.632040429564119,1.3515245451773557,1.8775993036872924,0.8090236119974481,2.712847033206315,0.4490208464939991,1.3515245451773545,1.4213957904731767,0.5954007672971765,0.43745820007888203,0.412701369600613,0.5232769189710821,0.40925667225068685,0.5929261347967556,0.3580907852071901,-0.025335146261274782,,0.34782385691442064
544,grateful-sweep-357,run_d99b50f12fa8d00da9fad7e7154fa9c5,0.5756222009658813,1.3620038289725591,2.888105606967883,2.115641187618446,1.0673289968492736,1.6835931318246558,0.9900063816209317,2.5496733805117047,1.0551231838281747,1.0673289968492743,1.1111607849343252,0.5621341110190844,0.4109361510141492,0.3988516425629729,0.6323660191152602,0.4197740987137978,0.541556999749724,0.3017577249157971,0.07684866739764698,,0.440995307113796
545,smooth-sweep-358,run_40a1a4389296548ced219e123ea64ac4,0.498276948928833,1.6030121250797706,3.2700870985302126,2.1022867972204673,1.2293474946640919,1.9210476341193228,1.0728781110402046,3.046842678279805,0.6397725837018323,1.229347494664092,1.4206520018990338,0.49134347854674537,0.4790695983232333,0.3463933850525173,0.6537839046843894,0.46988612645162725,0.465846089816097,0.3445959391928596,0.05298704163979842,,0.3567388882467563
546,magic-sweep-359,run_d1f4f54e7be6d9f150ae46dc28ba5d94,0.5540523529052734,1.4389789406509255,3.4893304300489936,1.8589639924194572,0.926003658908426,1.8937015350530146,1.1296490108487567,3.3911268372346224,1.0360202147820594,0.9260036589084261,1.6472622250356068,0.4970703711039609,0.5448413502155264,0.39175126903553303,0.6987859362583864,0.5556722410404438,0.5086782382764605,0.39962329794560325,0.04321768262004397,,0.37698763412004616
547,peach-sweep-360,run_e024515153deddc54da491c8c6cfd033,0.43178045749664307,2.497141033822591,5.90465432770822,3.751547694251422,0.0,2.7869164424750754,2.497141033822591,5.90465432770822,3.751547694251422,0.0,2.7869164424750754,1.0,1.0,1.0,1.0,1.0,,,,,
548,deep-sweep-361,run_195e2ae4ecf435b984f58525367c3697,0.5467773079872131,1.4345118059987239,3.6155688622754503,1.8577005685407457,0.6407866653115155,1.9141873714195283,1.1152520740268022,3.423788786064235,1.0061528742893244,0.6407866653115155,1.595537268555151,0.473212735323974,0.4707737613498055,0.40243287679979567,0.5806417276397351,0.44738719074698974,0.49149469552518976,0.27297137028014035,-0.00581696384638386,,0.3195879873212984
549,bright-sweep-362,run_15002097f36ffac09b79a94be1b0e0c1,0.5508615374565125,1.3757115507338864,3.3027218290691347,1.9032343651295016,0.8121302977944914,1.50611251780345,1.1708104658583278,3.1835601524224293,1.5133922931143393,0.8121302977944914,1.200739832251939,0.5822333872659256,0.5565248938584646,0.47948440443124857,0.6695734748320529,0.5135342493690163,0.5466631453457965,0.37359082391719806,0.08948641883990677,,0.5017653322982873
550,honest-sweep-363,run_d18d73022baa7689ad59aaaacdd6fe30,0.5853222608566284,1.2900829610721127,3.5003538377789885,2.0775994946304492,0.8054070535623541,1.874236429814844,1.025347798340778,3.355171475231355,1.109033480732787,0.805407053562354,1.6233423009969934,0.5075413434054287,0.5111836233499368,0.39810490693739425,0.7057957895181206,0.5169225458516536,0.555493391099283,0.3336619829032085,-0.01419689214908898,,0.36926264349210813
551,dauntless-sweep-364,run_db19e3d9415fad76c268df4f37eaf166,0.4805360436439514,1.658315252074027,3.060696788241699,1.9953758686039167,1.556819798760037,1.9806496281057129,1.074039566049777,2.743930321175831,0.4509159823120674,1.5568197987600383,1.359950150340244,0.4838751754494674,0.4281865511364071,0.3022548925709543,0.5645697823368093,0.4311457783913885,0.4517535909592391,0.3265660028465772,0.03416503802915341,,0.3383627349919057
552,charmed-sweep-365,run_f542a5748a04ea349fcc0030b64c937a,0.6076579689979553,1.2542948308870454,3.129232444202505,1.884864181933039,0.9624148795609311,1.7228081974996046,0.8708104658583289,2.9234621665759395,0.743158559696779,0.9624148795609294,1.4087553410349727,0.6000009464419991,0.4920747411736632,0.3575782970979791,0.6613953225065339,0.48829239860116647,0.5777818821934595,0.39519128851558816,0.06495118914334619,,0.4212715243962312
553,rural-sweep-366,run_d7c47e28ff964e7dbdd008228d8cc1c1,0.5594128966331482,1.3573962986598598,2.8070767555797502,1.8348957675300064,1.2305874580750078,1.7844476974204777,0.9246968730057438,2.5283614589003816,0.4518003790271644,1.2305874580750074,1.3389658173761674,0.521668644931474,0.41182479760751217,0.3383575966542157,0.5924606974007324,0.4315407251150495,0.543446318307165,0.3856636961800112,0.05238488612651482,,0.4034136433020392
554,earthy-sweep-367,run_f324fdfa64fa8fdf574bfa2c3d9ca02a,0.5670708417892456,1.3142693044033182,2.8961622210125215,1.6365887555274798,1.2531405630653523,1.6989832251938597,0.981582641991065,2.603674469243332,0.7379153506001266,1.2531405630653516,1.2394484886849184,0.5325595090473051,0.40065536764357684,0.45823037384669413,0.5432310391585425,0.43993578293674884,0.5474142635036366,0.2959318385289492,0.04287618256933812,,0.40928132598681194
555,swift-sweep-368,run_1afe8f3c9ac2e8b5b066cb58d4c4f9bc,0.5246968865394592,1.5608806636885768,3.222210125204138,2.283095388502843,1.124255513771725,1.9658292451337238,0.9699680918953407,3.033260751224824,0.5858370183196462,1.1242555137717252,1.5171585693938918,0.5964099143009682,0.5235350381410727,0.36914775085400503,0.672793160597635,0.5501924184904186,0.5016799441666421,0.378592227971591,0.05494251003680864,,0.355306186641117
556,breezy-sweep-369,run_25306cfceac5c0d6d00944d27eb2f24d,0.5919591784477234,1.2869942565411614,3.821665759390311,1.764750473783955,0.6649913609106617,1.791877670517487,1.1642884492661132,3.746706586826348,1.3511054958938729,0.664991360910662,1.6831025478714985,0.5733319507969002,0.5595385890352853,0.5072713341633943,0.7309697344038693,0.5652445752345696,0.5642026477009923,0.3775519402791434,0.06267568089486544,,0.40940515477219885
557,vivid-sweep-370,run_0b94b6e0a985e40f01f67163f6dcbade,0.6179961562156677,1.2442884492661135,3.299265106151334,1.9706001263423882,0.9931090557983535,1.844097167273303,0.9775877472878111,3.0622482308111048,1.1769172457359462,0.9931090557983523,1.3643535369520503,0.5926520566266694,0.4380499820810903,0.4597951984164991,0.550548965275782,0.38763335456804526,0.5677322887575103,0.3039391528509749,-0.06913738486737142,,0.3616811137675395
558,sleek-sweep-371,run_ed7f900d6be549445d78eb76f362ec25,0.5777919888496399,1.3905807275047863,2.7907185628742517,2.206405559065067,1.1799115763797134,1.7304399430289605,0.9510402042118691,2.4274088187261844,1.0059759949463045,1.1799115763797117,1.1743946827029594,0.5822164534707807,0.4865969151066276,0.410905883855314,0.6371637254171377,0.4336180563944947,0.5311294394340097,0.31962895800705454,0.045978003430924425,,0.4310325172098669
559,autumn-sweep-372,run_fbc273ef03b9c6ea515d5d476b8a24fc,0.5922144055366516,1.3203956604977662,3.5143984757757223,1.915818066961466,0.7749415591015348,1.7765508783035293,1.0499170389278871,3.3982852476864456,1.0718761844598865,0.7749415591015348,1.5264242759930373,0.5478297217422943,0.5238693940371482,0.38633687705519903,0.71916385624722,0.5157365698075742,0.5505623028566647,0.3876935784969034,0.04406979048893761,,0.4114556500204991
560,autumn-sweep-373,run_ef97e519e9b910fdfda208d290b37f5f,0.43178045749664307,2.497141033822591,5.90465432770822,3.751547694251422,0.0,2.7869164424750754,2.497141033822591,5.90465432770822,3.751547694251422,0.0,2.7869164424750754,1.0,1.0,1.0,1.0,1.0,,,,,
561,autumn-sweep-374,run_3f54e394b8a5d7ae9982b99f589c6ec0,0.6185067296028137,1.2353924696873007,3.321475231355472,2.045634870499053,0.9939221465596098,1.8076515271403706,0.9477600510529673,3.073516603157322,1.2124573594440944,0.9939221465596092,1.2907975945561005,0.5960330786921995,0.4110178974462501,0.44275324841171027,0.5244658775274139,0.3916938996394463,0.5734334139142563,0.2647723603292341,-0.05504211795469735,,0.3758431985079813
562,playful-sweep-375,run_41315ca9d9c7a0b1aec54522e03f9c98,0.7059348821640015,0.8851563497128272,3.206096897114862,1.6957927984838919,0.9151488972456552,1.9752413356543757,0.6199872367581362,2.900054436581384,0.8728995578016434,0.9151488972456555,1.576491533470486,0.6951016551727633,0.41702360368483316,0.5499811640008939,0.5744186089511485,0.4156542832963486,0.7010493954156198,0.2398386614422064,-0.2417515253561866,,0.2720723640244807
563,winter-sweep-376,run_e0961c0cb5e48c862ea42c66b3e99593,0.5370771884918213,1.4786343331206129,2.8007348938486674,1.8675679090334811,1.5258410407561747,1.7434087672100018,0.9109508615188264,2.545862819814915,0.18895767530006372,1.525841040756174,1.2364931159993668,0.6036036878639595,0.5684246242842192,0.33771366088816523,0.5749334071953711,0.5274101902141881,0.5418060714858676,0.43390989909025957,0.07189787144553597,,0.4298079360469857
564,comfy-sweep-377,run_08dd94c8c685c14ad96dd2d4ab5e2a04,0.6910018920898438,0.9993235481812381,3.670032661948831,2.097586860391662,0.6709624961886372,2.039559265706599,0.7476068921506068,3.4894665215024516,1.4246620341124456,0.6709624961886375,1.635191485994619,0.6572045060542115,0.5152604909938977,0.5763791782396321,0.5686448254146749,0.4390668788846631,0.6533890233217866,0.2931907267888357,-0.2516117364712434,,0.275045035104614
565,morning-sweep-378,run_229435fa669681d2bef310efb89df698,0.7021059393882751,0.9731589023612,3.769842133913991,1.9484017687934307,0.8264559406443746,1.9987418895394842,0.8175749840459473,3.657103973870442,1.4762602653190162,0.8264559406443747,1.7494935907580318,0.6519425811047184,0.519996160385282,0.6014808607093829,0.5668283249672035,0.5077979534030849,0.6494825785600633,0.3195995039084828,-0.25656505860146933,,0.29321016724317556
566,visionary-sweep-379,run_c95d56875c1a5c963a9bee98a1a0e9dd,0.5627313256263733,1.415545628589662,3.418072945019053,1.8629690461149722,0.948566927533286,1.8295260326000953,1.105449904275686,3.298258029395755,0.9743524952621614,0.9485669275332846,1.5901843646146547,0.5068472244814862,0.5350011284747813,0.38036794049101297,0.6897924448892929,0.5431487603375105,0.5110393593308442,0.3872303386602018,0.03470963277086914,,0.391477815055689
567,blooming-sweep-380,run_62737e6ffefcabf529943a69422700f5,0.5636247396469116,1.3726611359285257,3.2271366358192712,1.7433733417561597,1.2972913914015654,1.7623081183731606,0.9514231014677721,3.0630647795318455,0.6170562223626027,1.2972913914015658,1.427666561164742,0.5474361699567748,0.5370878797360101,0.3868780129617214,0.6172259805569076,0.49634567269056684,0.5387065268470644,0.39412622602193104,0.031195822365236242,,0.4103131353973679
568,volcanic-sweep-381,run_b8dbdcf5596bf6a79aab07902b4b720e,0.6144224405288696,1.1714231014677732,3.254872074033751,1.8048894504106132,0.6817257851407663,1.7334942237695838,0.9107211231652846,3.031246597713664,1.16122552116235,0.6817257851407649,1.3166719417629371,0.5827696635455587,0.43503866350531967,0.45217523864253106,0.5658977759890474,0.42378190719348496,0.602684471468447,0.29545649312194966,-0.049856548012462865,,0.39405152291520973
569,serene-sweep-382,run_a0a8aa98a12ea2ff9caa0a15f0d418d3,0.5812380313873291,1.3244033184428845,3.3285519869352207,1.808224889450411,1.1735542229901414,1.9006765310966929,0.9560051052967451,3.097523135547088,0.7808843967150986,1.1735542229901403,1.4599580629846498,0.5408318463092745,0.4383450900650665,0.41211106854388146,0.5405912629294356,0.42237940634679294,0.5418235276853529,0.3184558139793318,-0.0443923816631103,,0.3399501028570071
570,pleasant-sweep-383,run_1f02b6a47c1514902a888e0c73c4dccd,0.5984684228897095,1.3067517549457563,3.6006532389765926,2.0878205938092234,0.7753379408476472,1.8191050799177086,1.0347925973197185,3.4734349482852487,1.0651800379027179,0.7753379408476482,1.5289800601360974,0.5318540943389841,0.5373675548517399,0.39285094020368416,0.7061678600738553,0.49039108162449907,0.5410110832856814,0.35256101055023037,-0.0008819019102523362,,0.38594663096451826
571,curious-sweep-384,run_eb08f9c38dacba8d6a34e843b2aee003,0.5766432881355286,1.4008423739629867,3.6105334784975502,2.0506632975363237,0.7595131619066979,1.8880242126918818,1.0912061263560948,3.517555797495918,1.1578774478837648,0.7595131619066984,1.6621815160626683,0.5599266351582342,0.5393473267138107,0.3965629090444721,0.7380090007077249,0.5562904269958872,0.5296998920997356,0.38872872282694054,0.04084637813931555,,0.3857818720040925
572,ethereal-sweep-385,run_528261ad8d09cef66debecd3dc6d6e52,0.5252074003219604,1.4380727504786217,2.837697332607513,1.9951610865445357,1.138753938408375,1.7491889539484096,0.9280025526483726,2.6041099618943924,0.5052558433354399,1.1387539384083738,1.2756725747744897,0.5239992771726907,0.4583804826919953,0.3236267279634773,0.6183510122169888,0.46746462170011016,0.5398186434588396,0.4162976834878777,0.06926582429426278,,0.43182082483721174
573,royal-sweep-386,run_1c6c26471a3eb7dbc5ea81a818b61b6e,0.6315252184867859,1.1813401403956605,3.480811105062603,1.9565634870499056,0.7212216688687875,1.9089650261117268,0.8622590938098278,3.3044365813826886,0.9663676563487067,0.7212216688687884,1.6213483146067427,0.6031421102821174,0.5036721653172487,0.3938577083931935,0.6865811376730632,0.48761616061555807,0.5971510453211056,0.31164612594650387,-0.0011195962099595225,,0.3357610405806844
574,summer-sweep-387,run_3b41686933b6d09b0648db468a18f494,0.6028079390525818,1.2802042118698151,3.354708764289603,1.7822615287428938,0.8402175017786362,1.778295616394999,1.0348691767709,3.2193794229722377,0.977637397346811,0.8402175017786354,1.5399984174711177,0.5774872127431501,0.5065702845879543,0.42884302269897523,0.7047236442973118,0.5231029219687532,0.5636868289096437,0.40497820296137443,0.06579094187100959,,0.4127219325978986
575,radiant-sweep-388,run_f9f7e3be35308ba38cc1b09ae845da5b,0.5762603878974915,1.3781620931716658,3.4455362003266203,1.9834112444725212,0.8406545380628113,1.854992878620035,1.1368857689853222,3.2462983124659774,1.3307770056854078,0.8406545380628121,1.475636967874664,0.5278173627607042,0.45097371263390706,0.4460174632059509,0.5662638304267875,0.42079795707699325,0.5144829739529586,0.2783275105290519,-0.027969622804916577,,0.3531177487904407
576,fallen-sweep-389,run_853eda0918789fb8d5fad85595a2c015,0.5790683031082153,1.3441480536056158,2.600544365813828,1.9829690461149718,1.1944760646407155,1.6511987656274725,0.918723675813657,2.2749591725639635,0.8028300694883144,1.1944760646407158,1.0326436144959645,0.581964669514756,0.4136065358950216,0.3461082910321489,0.5921088276138556,0.42441631021724,0.5517170126363431,0.3845494350563877,0.06254619496378688,,0.4657274878333414
577,fragrant-sweep-390,run_d8f73d27dae76f1c7ec7a872af8248c8,0.5771538019180298,1.1669687300574347,3.6447740881872623,1.8189513581806702,0.8754700680963513,1.8184285488210161,0.9492022973835361,3.535356559608057,1.3217182564750476,0.8754700680963509,1.6174236429814843,0.580148424900304,0.5557959018794312,0.47709095552788683,0.5793654168907406,0.4989074610176571,0.6270001258763391,0.3318980156614873,-0.15366585192634802,,0.35379371156615086
578,youthful-sweep-391,run_405421e49af94079a0d672968d4a1b36,0.5756222009658813,1.396553924696873,3.725830157866086,2.059065066329754,0.69616830978758,1.8760009495173289,1.140191448627952,3.630185084376703,1.3185217940619085,0.6961683097875808,1.6540829245133737,0.5230889865190849,0.5595699557207605,0.4188929859847397,0.7465823227910569,0.5677895366042185,0.5236759316365989,0.365752164981758,0.04159660512888158,,0.38864298737395964
579,jumping-sweep-392,run_725c44bc6cd1ab6e630f9ff6e3c86a1b,0.6020421385765076,1.2634971282705807,2.9282525857376163,1.9942008843967156,1.049664600060982,1.7206915651210637,0.9378302488832165,2.6764289602612963,1.1133670246367668,1.0496646000609815,1.2109590125019787,0.591024492804241,0.4144695059464212,0.4078881333205632,0.6063967788510142,0.44641600361590883,0.5679881892219683,0.34285466137277354,0.01996659854237301,,0.42339257478402936
580,rosy-sweep-393,run_a53b24bea05dba105baa261a31ff3c7a,0.6127632260322571,1.2722654754307594,3.6748502994011987,2.234895767530007,0.6553816444760647,1.7954146225668621,1.0877089980855144,3.5054980947196523,1.6836133922931147,0.6553816444760633,1.4399628105712923,0.5514662813308144,0.4844451481488626,0.4928903681001181,0.7039528200404874,0.43740258980341656,0.554818127716121,0.26722768653795725,-0.002004371870871602,,0.38283287545964595
581,dainty-sweep-394,run_d22aac6dd8eebf80eda80df621f85a5a,0.5691129565238953,1.4087811104020422,3.433723462166577,1.9449020846494005,0.7089897347291393,1.8771008070897297,1.117217613273772,3.154463799673382,1.1781301326595066,0.7089897347291401,1.4349897135622731,0.5355421518424595,0.418576938302537,0.4322631931807298,0.559558745469235,0.3842473902812814,0.4983705428742786,0.21525924814327155,-0.045978249702858354,,0.33642470785604883
582,rose-sweep-395,run_f5cd4b5bfbf0019990264df8e2f35d28,0.6035736799240112,1.2521378430121253,3.5395753946652158,1.858723941882502,0.8232645594064438,1.790500870390885,1.0075175494575617,3.3583560152422427,1.0020214782059387,0.8232645594064427,1.5331262858047157,0.5279919371738073,0.4815814788515415,0.41306819270184847,0.6875858399238133,0.4750498729118041,0.5553461394049706,0.307826848599448,-0.013422319721362402,,0.38225263704791257
583,spring-sweep-396,run_a351bf07864a928aed2394f7682869c8,0.5425654053688049,1.510070197830249,3.1980675013609146,2.146468730259002,1.0697682691330421,1.9177361924355119,0.9774345883854493,3.0092814371257495,0.6547694251421361,1.0697682691330421,1.4715421743946824,0.6001727472771224,0.510672900301912,0.35296108291032147,0.6845836743790882,0.5339961064034113,0.5115418993705545,0.37896393532664807,0.05345687131814894,,0.37123343470103576
584,effortless-sweep-397,run_a68d44a42b59774a8a548dcfbe01de1b,0.6099553108215332,1.2872622846202937,3.609363091997823,2.2774478837650034,0.6964986279093404,1.810808672258269,1.054537332482449,3.4269461077844308,1.6163487049905254,0.6964986279093397,1.4782244025953473,0.551662218067017,0.49143107127014823,0.49173482744309294,0.6970229692141612,0.45956979447163926,0.5550022212184684,0.2748121820623539,-0.022808627712694096,,0.3797662379817422
585,fluent-sweep-398,run_5602cc6e28e99e08206aeb316c055556,0.43178045749664307,2.497141033822591,5.90465432770822,3.751547694251422,0.0,2.7869164424750754,2.497141033822591,5.90465432770822,3.751547694251422,0.0,2.7869164424750754,1.0,1.0,1.0,1.0,1.0,,,,,
586,earthy-sweep-399,run_f805cfde18cad64bf977588d974dc848,0.5401403903961182,1.4239055520102106,3.2148611867174743,1.95413771320278,0.8532574448622828,1.552441050799177,1.1423994894703264,3.0881328252585747,1.299709412507897,0.8532574448622825,1.20409479347998,0.5073239768710756,0.48880046406377015,0.4280899019889538,0.6531500803492093,0.4592747464360738,0.5278626780475905,0.4032815466515819,0.08365687596890609,,0.48860361639937533
587,dainty-sweep-400,run_039a3a2a4a149627b36a0ce3fc012257,0.6190172433853149,1.208653477983408,3.2283886771910724,1.9193682880606449,0.7179693058237627,1.7273302737774965,0.9720229738353545,3.0140718562874254,1.267214150347441,0.7179693058237632,1.3935511948093062,0.5576278354659724,0.45475161483507787,0.4358578360948824,0.6304370406979982,0.4762979345914447,0.5784989007071535,0.31669956860826276,-0.02051948533675757,,0.38726802045260256
588,dutiful-sweep-401,run_e5074fa904434d20ccb736d6d3303460,0.5581365823745728,1.3811104020421188,2.5905824714207957,2.0117877447883767,1.183758512043907,1.618594714353537,0.9736311423101461,2.325748502994012,0.9194314592545809,1.1837585120439074,1.0157778129450863,0.5555505494204118,0.4325111117662371,0.36464514893209465,0.6046202496063531,0.436178926238279,0.5415478516955978,0.3952300595946959,0.09341960873506355,,0.4761708535319687
589,desert-sweep-402,run_7feaba5deaed7c3ab6613815e4173054,0.5970644354820251,1.2862795149968091,3.6577844311377246,1.8888186986734055,0.8198089236711048,1.8422218705491376,1.0937587747287807,3.549673380511706,1.2360581174984209,0.8198089236711054,1.6399905048267112,0.5070891353619797,0.4937559775193912,0.4443793697921655,0.6750053102532501,0.5192866860949221,0.5432251150207954,0.339696191443457,-0.023645286275670307,,0.37762277613844025
590,winter-sweep-403,run_6cd120f04313ad9a09d9656cfaa0d64a,0.5409061908721924,1.483063178047224,3.1175013609145354,1.8876184459886294,1.28557272080496,1.8360618768792532,0.964007657945119,2.9184812193794225,0.35844598862918525,1.2855727208049592,1.3951060294350368,0.5503961077295958,0.542144587160816,0.30256744245442646,0.6197004481926058,0.4793127792645225,0.5113386786535876,0.40495285523250046,0.040190549289621125,,0.38087844711414826
591,classic-sweep-404,run_b661ca7150c5fa4c19091f2bf806de0e,0.5913209915161133,1.2364262922782387,2.5340772999455643,1.5762476310802276,1.4037757902225838,1.591280265864852,0.9073388640714742,2.219107240065324,0.2512192040429572,1.4037757902225843,1.2443661971830986,0.5771112058500856,0.4123346522091678,0.4149471634262363,0.5313802586755731,0.4808617684809062,0.5762324215708161,0.4239683206719115,0.06502342212846188,,0.44720584409087355
592,ruby-sweep-405,run_c5ab31937a6e55e3e54ab6900135f181,0.6210593581199646,1.2068538608806638,3.454627109417529,2.0953000631711944,0.7654639699156418,1.7233937331856308,0.9849521378430117,3.293222645617856,1.4752368919772583,0.7654639699156423,1.3528366830194656,0.5719220988988886,0.4521842707620454,0.45194569485681446,0.6651615405974326,0.4380855343495308,0.5789105981066403,0.3030314994907205,-0.019895540774428705,,0.4072369986134873
593,ethereal-sweep-406,run_313d818d9d00d4cbc0be8fb6e0c8af58,0.507594108581543,1.5512061263560946,3.6113772455089825,1.8456727732154143,0.7034403902835655,1.9951495489792692,1.1943714103382272,3.4035928143712586,0.9038155401137093,0.7034403902835664,1.649517328691248,0.438539879657349,0.47351511872116814,0.394136098074897,0.6328327241294596,0.4569627986639523,0.4534011398028364,0.27533387546810184,0.021582189116733208,,0.28647956874900793
594,dry-sweep-407,run_30341f7857dac5b1d9f6c1c21e77ed8f,0.5900446772575378,1.3332354818123806,3.6357376156777357,1.8841440303221735,0.782701494054274,1.8196668776705176,1.067223994894704,3.5514153511159505,1.1463802905874936,0.7827014940542752,1.6307762304162048,0.53526039168237,0.5253051284801193,0.41473597675829266,0.7114084765391206,0.5413703569222192,0.5445346533971053,0.3976800538602544,0.04184222984368027,,0.3965843090394557
595,pleasant-sweep-408,run_7d12b30d8d2d9606839902b916331582,0.5539246797561646,1.3760561582641992,2.9201415351115956,1.5576373973468098,1.3396280109767253,1.7220525399588544,1.0998596043395015,2.631899836690257,0.5464434617814284,1.3396280109767247,1.4425621142585854,0.5391771126899045,0.4429803442076568,0.4800751843693133,0.582635258636242,0.5066943670486963,0.5115145643668609,0.36212432764766533,0.04427611678101678,,0.4030173571200435
596,cool-sweep-409,run_859880c531aa59fc99fdd8a35cd7ce75,0.5910657048225403,1.293312061263561,2.669080021774633,1.9263297536323438,1.2637615611342619,1.7029316347523344,0.8592597319719211,2.3517147523135553,0.7557169930511688,1.263761561134262,1.114302104763413,0.5927837076794926,0.4148794745561794,0.35496919196756377,0.5673499216941236,0.4028605714325089,0.5670158012510774,0.3616140820513389,0.03174399510349141,,0.44134916848894423
597,peach-sweep-410,run_cc598f37a9ccf733c1433297f9645cbd,0.5880025625228882,1.3164135290363752,3.4042188350571596,1.9599873657612132,0.9563624352068301,1.8757675265073588,0.9724186343331199,3.1926782798040283,0.8420341124447257,0.9563624352068305,1.576091944927996,0.5365983907600153,0.47066879155980934,0.38087044663665676,0.669678072214208,0.48213340176597114,0.5413931387993329,0.31227660188848533,-0.00017815534169540737,,0.34951910807201525
598,worthy-sweep-411,run_b76e9f9e3cda4468ba95930d0be858f5,0.5548181533813477,1.4328653477983408,3.667664670658684,2.00017687934302,0.7134159975607277,1.8523896186105397,1.1127121888959794,3.5543821448013064,1.2234996841440298,0.7134159975607276,1.6240069631270777,0.5299667125429395,0.5412038133126217,0.40572071640647445,0.7322921883892537,0.5464846074209804,0.5236015710992257,0.3651175253661698,0.0437686483048339,,0.39313250637275815
599,colorful-sweep-412,run_a41b8ebfad2202173db45373c49fedb8,0.5731971859931946,1.40509253350351,3.598094719651607,2.094756790903348,0.770555950808009,1.8682584269662923,1.0793490746649645,3.4812193794229724,1.0909917877447899,0.770555950808009,1.6038732394366186,0.5274947632068981,0.5725061356898621,0.39820818567825556,0.7472419164381711,0.5643416820055243,0.5214135914459346,0.36180078627287837,0.04936157268042629,,0.3858309523053487
600,resilient-sweep-413,run_d591de75f7a0673526f5d1a903580566,0.5539246797561646,1.4344224633056797,3.137016875340229,1.9636386607706886,1.232249212318325,1.7989476182940338,0.9323675813656667,2.907403375068047,0.5217435249526222,1.2322492123183266,1.4432505143218874,0.5582027300237082,0.5158326490400564,0.3098434058040418,0.6510740200477244,0.49166879006728426,0.5257157517661686,0.3784809321892392,0.04471022724040552,,0.39726957598392526
601,rare-sweep-414,run_950bfc88b1b3dbdaf3d773befd262d25,0.5568602681159973,1.38167198468411,3.4276265650517153,1.8794440934933674,0.9419199105600163,1.7409756290552303,1.1308742820676445,3.2159771366358196,1.238736576121289,0.9419199105600168,1.3674909004589326,0.5271032906577091,0.45719436516206463,0.4314676116591642,0.5781677301519302,0.4400780641469922,0.5202012965881595,0.2686084712263797,-0.0004006233811567894,,0.39015948219552804
602,feasible-sweep-415,run_ac45959c16f4698c3c1c85150a7cfdfa,0.5674537420272827,1.3147032546266753,3.194039194338596,1.9731775110549594,0.8771775586949895,1.6007160943187215,0.9897000638162086,3.029422972237345,1.2497662665824394,0.8771775586949901,1.1630677322361145,0.5353558605656538,0.4724120743040691,0.41128547712543495,0.6379846336812354,0.44355736854898276,0.5711244149210319,0.371043135511478,0.059931371359489144,,0.4634043173792288
603,clear-sweep-416,run_1524879af57e77fb15740e159723e6b9,0.5700063705444336,1.3394001276324188,2.909363091997823,1.744106127605812,1.358791543856083,1.8018040829245137,0.9159923420548826,2.580130647795319,0.4121288692356286,1.3587915438560856,1.3796012027219493,0.5403419532947412,0.4129749807678052,0.37242313954602047,0.5722940727404352,0.4244427117528232,0.5407170085333757,0.3150264416427817,0.02202705794074311,,0.36917830675871266
604,brisk-sweep-417,run_00f35a4d397f496d445fa2cddf5ce3ae,0.587236762046814,1.3425015954052328,3.270713119216113,1.8283765003158563,0.8572924077650169,1.7506013609748379,0.9984556477345252,3.130974414806751,0.8116234996841452,0.8572924077650171,1.4555863269504674,0.5588155158936938,0.5458866543227985,0.3813619385116368,0.7143039922197056,0.5326401456166341,0.5477200545499041,0.423913811609373,0.052980688649876345,,0.43016626497844485
605,peach-sweep-418,run_a3d1076e194e3915e92123bed0f0e649,0.5494575500488281,1.4570006381620932,3.404164398475776,1.9402779532533168,1.0171816241487956,1.839666086406077,1.0962858966177416,3.286418072945019,0.9262034112444728,1.0171816241487956,1.5181278683335975,0.5191049035817719,0.5319170899003145,0.3601029594866392,0.6671618937209474,0.5312233811160336,0.5103712547438787,0.40380849420707865,0.027261495859611462,,0.39377873350006815
606,honest-sweep-419,run_6b2d858116723cd4d5511f4b1fcd9f31,0.6107211112976074,1.2675430759412891,3.6426238432226468,2.193809222994315,0.650243927228377,1.7671743946827032,1.0471729419272489,3.4827436037016875,1.5764750473783957,0.6502439272283762,1.451594397847761,0.5499905355700391,0.48869873578270395,0.4734265555661974,0.7042153865625151,0.4625616587345065,0.5626744841023461,0.2705753444544316,-0.00994042004764098,,0.3946985435250913
607,graceful-sweep-420,run_42d1865a9a78d473cc5e7abf999dc2be,0.5913209915161133,1.3349968091895343,3.468835057158411,1.9979027163613396,0.7947149100518346,1.8520137680012663,0.9726994256541173,3.3409090909090917,0.9888060644346184,0.7947149100518337,1.588728438043994,0.593447213745511,0.5409571656975857,0.37545270248699036,0.7368405659109083,0.5408958991493603,0.557269306528758,0.38544098948536687,0.06030429582815014,,0.3939026604470794
608,frosty-sweep-421,run_c44944b3d4cf0af0bcf435fa92e30be2,0.5950223207473755,1.2895851946394385,3.647604790419162,1.9631585596967787,0.7634007521089543,1.8250356068998261,1.0408296107211241,3.4791780076211216,1.1150473783954526,0.7634007521089556,1.5858205412248767,0.5029325008506713,0.5131469220279127,0.400912907448201,0.692482359310093,0.5023760136927995,0.5405090944248249,0.3080329244371999,0.0073041240873823465,,0.37474925256932384
609,fluent-sweep-422,run_419bca58626470808083f538a3991499,0.5470325350761414,1.4099298021697515,3.5131192161132283,1.8346683512318385,0.8676135786157131,1.785737458458617,1.1661263560944473,3.395209580838323,0.9938092229943148,0.8676135786157136,1.5744065516695684,0.4837373546944395,0.5011297961543052,0.40603885323883404,0.7081629036191612,0.5420739497418996,0.5164860029788241,0.38380192267135155,0.05232524155950627,,0.4111778179822587
610,radiant-sweep-423,run_86dea0eb6b50ea9ce3309a4a3a3e94ff,0.6114869117736816,1.1960816847479259,2.7627925966249323,1.991901452937461,0.8714808415489379,1.6174513372369048,0.8812890874282067,2.506015242242787,1.094339861023374,0.8714808415489373,1.0997982275676528,0.5753291286251856,0.4040877957626045,0.38183762730262105,0.6177550529159022,0.4346941561779322,0.6006054781525436,0.3805639434917344,0.04819946342451359,,0.4640213903494291
611,trim-sweep-424,run_9eece292ddefe1eb432da756e6236453,0.43178045749664307,2.497141033822591,5.90465432770822,3.751547694251422,0.0,2.7869164424750754,2.497141033822591,5.90465432770822,3.751547694251422,0.0,2.7869164424750754,1.0,1.0,1.0,1.0,1.0,,,,,
612,hardy-sweep-425,run_cf0330dab7cfee136e2686aa9782c90d,0.5375877618789673,1.478723675813657,3.476428960261297,1.876159191408718,1.0995172273605043,1.9059898718151607,1.1313337587747285,3.2615677735438218,0.9511307643714465,1.0995172273605036,1.5263491058711827,0.4708743653306006,0.4546849428728093,0.39950739073524244,0.5437631481035503,0.4404499414748062,0.4750156053000538,0.29375535917664003,-0.019240812014590186,,0.3362632136436374
613,drawn-sweep-426,run_c2203ab27cc4ba30182b103cdd5e5c13,0.6843650341033936,1.020676451818762,3.50059880239521,2.0548325963360714,0.6470881187112513,1.8590797594556103,0.7817485641352906,3.2262384322264563,1.4143019583070122,0.6470881187112502,1.396372052539959,0.6610737392264051,0.44265606517080364,0.5399118858346902,0.5709609067636431,0.39358080309810417,0.6432900470857662,0.22430326930459235,-0.1983123299144207,,0.35385393056237757
614,hearty-sweep-427,run_ed547ac5f3b0acf8c03e6dda198a5cd7,0.5989789366722107,1.243535417996171,3.418671747414263,1.7551737207833233,0.9264356133753431,1.7745133723690456,1.0081557115507345,3.2463799673380525,0.9208085912823756,0.9264356133753434,1.5619164424750758,0.5230818941334993,0.4581035137623171,0.4398756504804776,0.625356430378827,0.5176673233125222,0.5585640830372411,0.3342708535929293,-0.010747261289709459,,0.3714763269048126
615,bumbling-sweep-428,run_5884356ec59239c095321571ebcb770f,0.6524569392204285,1.1296362476068922,3.7784975503538383,2.0591914087176253,0.6875088931802013,2.079529988922298,0.8658966177409063,3.5873707131192165,1.37300063171194,0.6875088931802018,1.7339373318563058,0.59446787591345,0.5286796216724098,0.5348435654311529,0.5312179802023569,0.4709625902914415,0.6000365326907471,0.24905224362985826,-0.18918914845783122,,0.25814918039207124
616,fine-sweep-429,run_8fd007ae68040b52a083c367f054564f,0.5682195425033569,1.4084875558391832,2.912003266194884,1.9393682880606447,1.2875038113629438,1.834613862952999,0.9196043395022326,2.6533206314643443,0.3779279848389138,1.287503811362943,1.4286398164266496,0.5756625449026934,0.52812043320046,0.28899035852249144,0.6105320325555861,0.5090084364224153,0.5315892182302989,0.38386215897509085,0.04479069894920493,,0.38382440207955626
617,zany-sweep-430,run_f161bff7d497ed1ab2d0150b6b824eb3,0.5857051610946655,1.3157370772176133,3.0197876973326077,1.985634870499053,1.0438865738388048,1.6500909954106664,0.9904786215698794,2.782661948829614,1.035337965887555,1.0438865738388052,1.2095861686975775,0.5501180733145068,0.48716784630800297,0.3756282923091658,0.6232228090580095,0.4225489221855321,0.5497142444033165,0.339267614858662,0.038413826538647416,,0.4382233329275147
618,different-sweep-431,run_43e9d0e8ee0d2b5715e617e43a15bd6f,0.6056158542633057,1.2780727504786216,3.1854654327708225,2.2751989892608977,0.7136853338753939,1.7454779237221079,0.9343586470963616,2.9538377789874803,1.3113329121920405,0.7136853338753938,1.2511512897610384,0.5740169632587115,0.4387958958741094,0.4574450084602369,0.6894084088338343,0.4380902086334685,0.5694855528850331,0.33566276723719646,0.02159646541893051,,0.4240898990498346
619,fancy-sweep-432,run_2d108905c73f189e53c67df1146ee271,0.508104681968689,1.5531206126356096,3.1562329885683185,1.7739987365761216,1.3739912592743166,1.928544864693781,1.1154435226547557,2.9229178007621135,0.49268477574226227,1.3739912592743166,1.4568483937331864,0.4518532120568852,0.4682898346340618,0.3517456820866456,0.5487112546386345,0.42917905098241776,0.46682855039385607,0.3593766015862367,0.01787051309407217,,0.3318793492833686
620,splendid-sweep-433,run_16201b00e36a1bea26c3260620c6eea7,0.43178045749664307,2.497141033822591,5.90465432770822,3.751547694251422,0.0,2.7869164424750754,2.497141033822591,5.90465432770822,3.751547694251422,0.0,2.7869164424750754,1.0,1.0,1.0,1.0,1.0,,,,,
621,honest-sweep-434,run_c69e5efe02ffacc24350ff4140042a53,0.5775367021560669,1.2977664326738991,3.6052803483941216,1.7224510423247006,0.7876461022461633,1.7903940496914073,1.0903892788768355,3.5267827980402844,1.133190145293746,0.7876461022461623,1.6442949833834468,0.5604021885280202,0.5656569835199816,0.4960741308303802,0.6825207751039455,0.5410783397127782,0.5642239918860841,0.3917162794745153,0.04555734451455687,,0.4096568606640052
622,celestial-sweep-435,run_1db08a6004db053ea03e4a56aed3b7bd,0.4943203628063202,1.567185705169113,3.087370713119217,2.0078205938092233,1.097911373107023,1.8444413673049536,1.1345883854499053,2.937506804572673,0.7200126342387875,1.0979113731070231,1.370204937490109,0.47260592424734627,0.5019470266822715,0.3409890495801807,0.6409019016723795,0.46110268722319153,0.4802373295777177,0.426771594544192,0.06720187741593125,,0.38360895694490404
623,cosmic-sweep-436,run_41467f3d6f948dc7dc48240810709187,0.5851946473121643,1.3224250159540527,3.068181818181819,1.792356285533797,1.241050919808924,1.7601875296724165,0.8948819400127641,2.85364725095264,0.49282375236891984,1.2410509198089235,1.4357295458142112,0.5890267138320743,0.5054423514482551,0.36016218114484566,0.6193966087768483,0.4743283860222355,0.555784075328379,0.3820970683750476,0.0515239307306673,,0.40006683025897216
624,summer-sweep-437,run_c9cf977ff671eb890e378adfb6acde26,0.6889597773551941,1.0019400127632418,3.1960533478497553,1.7809854706253954,1.0957871734932412,1.8084071846811205,0.7744479897894062,2.935955362003267,1.151800379027164,1.095787173493241,1.3464274410507993,0.6782770531603061,0.4210483390189779,0.5281470484947164,0.561440697707721,0.3986086276582066,0.6465219394196894,0.30123466870187066,-0.16241864782214163,,0.36723330663689563
625,playful-sweep-438,run_71df669fcab308cc7f3a0a7db896fde3,0.5848117470741272,1.313848117421825,2.9730811105062602,1.945546430827543,1.1655808517125723,1.8018317771799337,0.9029483088704537,2.7284431137724563,0.5885533796588751,1.165580851712573,1.405685235005539,0.5514764735253398,0.45354887499900415,0.3338813332056316,0.6254453101262043,0.45393191587531323,0.5516779567859857,0.3837263936124494,0.04368539260472784,,0.39386715103229764
626,skilled-sweep-439,run_ae3329034adcd4f42ec87fea2aee7857,0.584301233291626,1.3201914486279516,3.1677463255307567,1.809008212255212,1.182254294135583,1.804672416521602,0.9325462667517547,2.942270005443659,0.6387492103600766,1.1822542941355825,1.5013332805823707,0.5696482852313131,0.46609189873191464,0.3802102289052772,0.6309392442578128,0.4761600463190066,0.5506576527557943,0.3556328826853534,0.029954287635254845,,0.38058325347107097
627,stoic-sweep-440,run_3e831139e7c3df5105552440096d4b05,0.43178045749664307,2.497141033822591,5.90465432770822,3.751547694251422,0.0,2.7869164424750754,2.497141033822591,5.90465432770822,3.751547694251422,0.0,2.7869164424750754,1.0,1.0,1.0,1.0,1.0,,,,,
628,ancient-sweep-441,run_029d77f471659914be42112c78378c16,0.5671984553337097,1.40122527121889,2.9894937397931414,2.018963992419457,1.2895873564386624,1.8023896186105395,0.8970516911295465,2.7373434948285253,0.4964118761844599,1.2895873564386604,1.4026982117423645,0.5553820786358076,0.6045420857198421,0.3564680905404974,0.6238485109937418,0.5392737733517217,0.5336352393490853,0.3834685958952956,0.05543493698295149,,0.39934780110423085
629,unique-sweep-442,run_985316914f6e50bcc673a2d3814de54c,0.6051052808761597,1.2691767708998085,3.6415623298856836,2.024560960202148,0.6494918182742149,1.8864495964551355,1.0316017868538614,3.53056614044638,1.1924447252053068,0.6494918182742142,1.6526942554201614,0.5146623175864139,0.5246681271124023,0.43205025061456437,0.7136004381155502,0.5141513409461865,0.5572497189481922,0.3471563115088959,-0.03335618113653904,,0.3648383484460533
630,earnest-sweep-443,run_33d403b9e337bd8c8d86d47689ac8476,0.5077217817306519,1.609010848755584,3.2781981491562338,2.201554011370815,1.1003912999288548,1.9234095584744424,1.1082833439693682,3.0609417528579215,0.8738723941882505,1.1003912999288543,1.4106464630479514,0.5201217606819224,0.5012780472286815,0.3908880056188743,0.6937335496850379,0.4877633533344399,0.4660623803125279,0.35723533539274827,0.0664141826029804,,0.3676266360656802
631,decent-sweep-444,run_0c236fedc50a192e31e7b373f09169c9,0.5373324751853943,1.4907338864071475,3.6246053347849756,2.0094125078964002,0.5790629128976523,1.5338502927678432,1.4126483726866632,3.5505715841045196,1.9187997473152258,0.579062912897652,1.437759139104288,0.5912687472048103,0.7024183779710723,0.5394444976534815,0.7255039097770049,0.6593490872917203,0.5166498544917675,0.41702737901392745,0.10666002338472216,,0.49722639966353394
632,hopeful-sweep-445,run_f733a7d5dee51b60d78e0969707bfbe2,0.5675813555717468,1.3596809189534145,3.0210397387044097,1.7563108022741634,1.3254395771928043,1.7086208260800761,0.8950223356732606,2.8466793685356566,0.43401137081490965,1.3254395771928043,1.326226459882894,0.5709257255226734,0.5278972710442753,0.3561600102161351,0.5944391594710932,0.47379016266028245,0.5519196858074494,0.43650604540782445,0.06446631666753677,,0.42076939127710145
633,sunny-sweep-446,run_e1b26d5a256e09a6f236342dbc2076c6,0.5817485451698303,1.3108104658583282,3.1120032661948835,1.8066077068856605,1.0914981197276146,1.8183296407659442,0.9824888321633699,2.8597441480675014,0.7058370183196472,1.0914981197276143,1.4916798544073426,0.5383435324676749,0.42714772954149627,0.40099383839351277,0.6189391685622261,0.45776554077698267,0.5431591910562836,0.32879849828393287,0.004978874380994203,,0.3723200111682454
634,sandy-sweep-447,run_b371ce6a71b48df1fadb9de9a5113b21,0.5368219614028931,1.362463305679643,2.8421611322808933,1.2805938092229945,1.6000254090862893,1.6728635860104448,1.0639310784939373,2.5988296135002726,0.31536323436512925,1.6000254090862898,1.365093369203988,0.6085286181039025,0.46128015434849806,0.6055965265140631,0.5360222301795479,0.5305822172961506,0.5262178936304674,0.36783209613095974,0.04590785204818307,,0.40733905168507406
635,rich-sweep-448,run_e748dac6a8288dcbb2eaa9bad143a115,0.679770290851593,1.0080280791320997,3.298067501360915,1.9601137081490845,0.5589084256530136,1.7835733502136417,0.7674409700063809,3.053592814371257,1.2979279848389131,0.5589084256530131,1.3520177243234697,0.6462884112598606,0.4247731406280159,0.4932838489289021,0.5631796704591485,0.40990760572916984,0.6503943445775722,0.2810708505322814,-0.11900308900115111,,0.37384438646466267
636,honest-sweep-449,run_6fbd65af488cffe3dd23ba206aeab078,0.5848117470741272,1.3786470963624762,3.576102340773,2.1140998104864184,0.6821882305112309,1.9345940813419846,1.0881557115507345,3.4331518780620587,1.2057485786481374,0.6821882305112305,1.668112043044785,0.5241786028274978,0.5435344958928654,0.41482201577115857,0.7298848807428888,0.5463999726662844,0.5237283799209427,0.3368499056895271,0.02744492016997585,,0.34984813780271606
637,dandy-sweep-450,run_6b64eea35adb33e12ccf616704516716,0.5917038917541504,1.335992342054882,3.8605879150789333,2.020492735312698,0.6997814818579123,1.9510840322835894,1.1330823229100195,3.7238432226456184,1.3273025900189512,0.6997814818579117,1.7488843171387871,0.5001756457609374,0.5457524947764821,0.44773153912460495,0.7025908905517283,0.5365947095639,0.5179137849490035,0.29810505134751236,-0.041552398278810854,,0.3263323448181437
638,comic-sweep-451,run_d917f4d9b936439110b75f7c6459a725,0.5945118069648743,1.2851691129546907,2.809744148067502,2.0777637397346815,1.0596452891554022,1.6409162842221872,0.92728781110402,2.5658682634730545,1.0761970941250802,1.0596452891554013,1.108197499604368,0.5836013353737233,0.43909809777084474,0.39522236056571847,0.6285738080023021,0.4258635413638804,0.5683495776773706,0.37660640722664307,0.048181754344200606,,0.4651361458583103
639,visionary-sweep-452,run_dcbec6cf9b3f21cae8ccdce72a5be4c1,0.5831525325775146,1.3267772814294831,3.12792596624932,1.8903979785217946,1.1204289053765628,1.824410507991771,0.976426292278239,2.8605879150789337,0.9612507896399238,1.1204289053765626,1.3403386611805665,0.5446546712912551,0.43281628245547865,0.4115884493822431,0.5363244517435356,0.3952613640127006,0.5425445441105169,0.3139617300791864,-0.041623187412815454,,0.3652495095937011
640,vibrant-sweep-453,run_66d6c445197dbbb6f28bb9e71a120444,0.761837899684906,0.7565666879387365,3.7066412629286885,1.9705243209096657,0.7438713283870313,1.954593290077544,0.5711678366305044,3.47996733805117,1.4178016424510416,0.743871328387032,1.5808949200822915,0.7582012465740214,0.48925924689139677,0.6679069693196693,0.5455248156359601,0.4056235561079121,0.737005323811113,0.21820700891098582,-0.3801639180201669,,0.2931883935025412
641,stoic-sweep-454,run_19432abf3ce29bd76bb6346fb3d982b2,0.5559667944908142,1.4721633694958518,3.1480675013609156,2.023512318382818,1.1890080292712675,1.8573191960753286,0.9511933631142311,2.9023952095808387,0.6040050536955156,1.1890080292712668,1.425581579363824,0.5879933166815622,0.5301840563902548,0.32655221402803053,0.6558892968054375,0.5367024112471144,0.5131635827733957,0.3657879374607701,0.04695111055025705,,0.3932053528210338
642,hopeful-sweep-455,run_5190f8c2376047140be4827246caf86c,0.43178045749664307,2.497141033822591,5.90465432770822,3.751547694251422,0.0009147271064132534,2.7868847918974526,2.497141033822591,5.90465432770822,3.751547694251422,0.0009147271064135372,2.7866790631429033,1.0,1.0,1.0,0.9999556580347642,0.9999679651460789,,,,,0.0016327089783250114
643,peach-sweep-456,run_3844a68346c225ea86a5f79891cfd88f,0.622590959072113,1.2064709636247608,3.4526673924877525,2.1241313960833863,0.7179032421994106,1.6980020572875456,0.9596553924696886,3.279341317365269,1.426797220467468,0.7179032421994113,1.3204581421110944,0.583708819169675,0.4611779099534954,0.4435169045110622,0.6918724748791286,0.43950735994793816,0.5873608179428546,0.297896951308243,0.006365384540879732,,0.4237163855974238
644,easy-sweep-457,run_45767ace83cdec1e16652fec670e5476,0.5781748294830322,1.3825398851308233,3.067555797495918,1.9480985470625396,1.2523122268523226,1.82671704383605,0.9323803446075308,2.806532389765923,0.6157422615287435,1.252312226852324,1.4620390884633647,0.5694638376928288,0.5424197949338296,0.3204329087252179,0.624643738949934,0.5153062885038067,0.5306532859855284,0.3549119262613484,0.033823435903115096,,0.3843740073734784
645,absurd-sweep-458,run_7309a74c9f5a2703ffcc51f7d34365b1,0.43178045749664307,2.497141033822591,5.90465432770822,3.751547694251422,0.0,2.7869164424750754,2.497141033822591,5.90465432770822,3.751547694251422,0.0,2.7869164424750754,1.0,1.0,1.0,1.0,1.0,,,,,
646,earthy-sweep-459,run_1bbc16ea518918956c2d4c0c13a8cf13,0.43178045749664307,2.497141033822591,5.90465432770822,3.751547694251422,0.0,2.7869164424750754,2.497141033822591,5.90465432770822,3.751547694251422,0.0,2.7869164424750754,1.0,1.0,1.0,1.0,1.0,,,,,
647,restful-sweep-460,run_96368d4b356244fd2d8f4be349c2cb0a,0.5812380313873291,1.3310019144862797,3.0900925421883514,1.8223878711307644,1.205066571806078,1.7710990663079602,0.9283216336949586,2.891943385955362,0.49571699305116923,1.2050665718060778,1.4491493907263808,0.5786210210945681,0.5048159612516417,0.3476590684161798,0.6185030417408868,0.4774915011889733,0.5495724178221992,0.397340651709584,0.06190542683224293,,0.398483235200677
648,northern-sweep-461,run_be0797cc9fa79c9254603bc3d30c39d9,0.6208040714263916,1.2052329291640076,3.364589003810561,2.0569551484523063,0.7012602906799472,1.6647373002057289,0.9814167198468411,3.179178007621122,1.4390650663297544,0.7012602906799474,1.3334427915809464,0.5823634668402089,0.4523907062266533,0.44354372186572166,0.6754929269968561,0.47076088964074,0.5824185302631988,0.30397615427082714,-0.0054828408346445645,,0.42915725599326343
649,devout-sweep-462,run_0b4f5bc4cd73d063c1b96300b37a2591,0.43178045749664307,2.497141033822591,5.90465432770822,3.751547694251422,0.0,2.7869164424750754,2.497141033822591,5.90465432770822,3.751547694251422,0.0,2.7869164424750754,1.0,1.0,1.0,1.0,1.0,,,,,
650,smart-sweep-463,run_598b2f9c9b6d80058fcafe37b73ca7d0,0.5657945275306702,1.423471601786854,3.6920522591181273,1.9845609602021481,0.8690059965443644,1.9091034973888277,1.1518953414167203,3.5646162221012525,1.2113960833859765,0.8690059965443638,1.6879292609590133,0.5026015602295728,0.5080426368344926,0.3962230629250072,0.6580439317463069,0.5263548711611814,0.49967331232939827,0.3410147312498396,0.017780498452387966,,0.35289201632693323
651,fluent-sweep-464,run_9f4dd6c02913d5572a5367af5ab0db27,0.5671984553337097,1.367721761327377,2.9687261839956456,1.8519140871762478,1.3063065352169936,1.7842380123437254,0.8342182514358639,2.713091997822538,0.20665824384080966,1.3063065352169931,1.3279553726855506,0.5695174273509824,0.5356537113272947,0.31981914248315935,0.5910931942242866,0.47574102459780565,0.5534757653197584,0.3734826540893234,0.07118861333023233,,0.39801955300372993
652,silvery-sweep-465,run_ae909e3414bff5320d85f8df7300592e,0.5289087295532227,1.4930567964262924,2.5853837778987487,2.031004421983576,1.3953755462953554,1.660864060769109,0.9416847479259722,2.242433315187807,0.6092735312697416,1.3953755462953552,1.0172337395157467,0.5638892172829795,0.4527141168171374,0.33609344571081956,0.5841064906455424,0.4701280152306999,0.5176671792726077,0.39020156030658804,0.0942390593619051,,0.4800962616392586
653,ethereal-sweep-466,run_8c44bd0a190879574249c0560ba69bd5,0.539757490158081,1.42040842373963,3.612928688078389,1.8965255843335445,0.8718365687569877,1.831500237379332,1.1717294192724956,3.4809199782253684,1.1359444093493383,0.8718365687569868,1.6180487418895402,0.4869461974840823,0.5167949748154598,0.4015239600293714,0.6920415186930691,0.546303649488998,0.5133150282059331,0.3602991796781706,0.028280639219606496,,0.3902238837999972
654,divine-sweep-467,run_1d28ab8f47b8b6e99281e3f8aa4f96cb,0.5608168244361877,1.4509253350350992,3.5986663037561253,1.9650915982312072,0.7815733306230308,1.8471830985915494,1.1146649649010847,3.4791780076211225,1.1053063802905871,0.7815733306230308,1.6036319037822437,0.5275185601707484,0.522738567676964,0.3869115346550458,0.7240135774732195,0.5270931060636613,0.5035727883087087,0.36471589406759414,0.04816555703016662,,0.3837833282989068
655,playful-sweep-468,run_3e87d68ecf1d56ae24ae1f7bf7b25a8d,0.5412890911102295,1.5501595405232929,2.946461622210126,2.1301200252684778,1.2147016973269642,1.83155166956797,1.014358647096363,2.7085193249863915,0.6121415034744166,1.2147016973269642,1.3662802658648525,0.5878339873151758,0.5554195863247217,0.34717156721897646,0.6363770448960204,0.5334602415865145,0.4861257781331954,0.4089938067382747,0.05580248490108014,,0.3975392300496997
656,sandy-sweep-469,run_ebf5411679de3b6561bb0c15076b06cd,0.5176770687103271,1.548002552648373,2.6251497005988025,2.464523057485787,1.0167395060473625,1.680376641873714,0.9805232929164014,2.338922155688624,0.979696778269111,1.0167395060473614,0.9102310492166483,0.6079228943327205,0.4894684792790314,0.4528752035245666,0.68817121715484,0.502514612798951,0.5162692562721228,0.41711084687510613,0.09194302256267409,,0.48948737791139535
657,dark-sweep-470,run_3b00ec9f8822271aa4c9b1264584be57,0.5130823254585266,1.5673771537970647,3.2072128470332073,1.8071383449147191,1.2900294745400958,1.856974996043678,1.1529802169751115,3.029695155144258,0.5810107391029687,1.2900294745400942,1.4931753442000322,0.4949988437177928,0.45784398731004733,0.37526322510615207,0.5833819753617843,0.44873804429521097,0.458375042062691,0.3839617210760911,0.023112795116262103,,0.35829903861406354
658,usual-sweep-471,run_3fb2ab98aa810dbb92ce767b523defff,0.6483727097511292,1.1133886407147418,3.4483124659771374,1.9206822488945046,0.7993749364772844,1.9410033233106505,0.8795915762603714,3.1889765922700053,1.2625394819962101,0.7993749364772836,1.53303529039405,0.6109483578520772,0.43278183703158035,0.5331288510040545,0.5705077950718852,0.3995383289465795,0.6079338198598814,0.21830731256886549,-0.18869156287861183,,0.29618873677886415
659,sandy-sweep-472,run_01281e7f5d92e47ffacc0e2cc5b64ad4,0.43178045749664307,2.497141033822591,5.90465432770822,3.751547694251422,0.0,2.7869164424750754,2.497141033822591,5.90465432770822,3.751547694251422,0.0,2.7869164424750754,1.0,1.0,1.0,1.0,1.0,,,,,
660,flowing-sweep-473,run_943567c19b455af53f30d7a59e14d0e8,0.536439061164856,1.4649138481174222,3.8545182362547634,1.8730385344283011,0.776953958735644,1.771637126127552,1.2856158264199111,3.7732988568317913,1.336310802274164,0.776953958735644,1.616865801550879,0.499209356475755,0.5557740097517528,0.44542939692877437,0.7427506216568727,0.5526755060994605,0.4884505477910984,0.36889537251224636,0.052707576659559385,,0.41739661722313204
661,colorful-sweep-474,run_739f909d1119bec1ee8bb77a87ffc778,0.5470325350761414,1.5183535417996172,3.5456995100707687,2.0126216045483263,1.029179794694583,1.9636967874663716,1.1742820676451817,3.4215841045182374,1.1744409349336709,1.0291797946945827,1.6424038613704701,0.5279201150667192,0.5433779245664451,0.3916136704657919,0.6778080895052763,0.5571515269476397,0.4750302372780008,0.36835257190724935,0.028209949614910634,,0.34019379023690677
662,twilight-sweep-475,run_0353d32df49db7543c867879fd96d188,0.5550733804702759,1.4488194001276324,3.6227000544365815,2.001048641819331,0.8905579835349121,1.9443701535053015,1.107913209955329,3.4038105606967886,1.1029311433986118,0.8905579835349114,1.5648164266497864,0.49150766775078497,0.4834849272690825,0.4078333812214666,0.5767771156360715,0.45028349334972106,0.48708792865932754,0.25570033830918953,-0.013879338392216778,,0.3171079802271367
663,glowing-sweep-476,run_a42d0b208cd6c79d77fe6bcb06833d6d,0.5028717517852783,1.6779961710274411,3.0189983669025593,2.3011876184459887,1.3083290984856186,1.9612201297673684,0.9910019144862793,2.8156777354382143,0.32218572331017153,1.3083290984856184,1.4034340876720997,0.5920381617885452,0.5338469119422072,0.3384319828879737,0.6328225142569082,0.5150530512685214,0.4649855768851673,0.405958444288644,0.04227617738847991,,0.360664540616188
664,magic-sweep-477,run_c1ba42e81c95ab84d9bab0c490a6228c,0.5853222608566284,1.3350861518825783,3.054273271638542,1.8996715097915353,1.2170596605346073,1.8110064883684127,0.8611104020421174,2.8267283614589016,0.4269235628553375,1.2170596605346067,1.4266339610697902,0.591698324319979,0.5464772911182261,0.3047196947929636,0.6476344179603637,0.528726682277091,0.5574604440920231,0.3846612309997795,0.03707765760327736,,0.40089180564178467
665,zany-sweep-478,run_837b84f1315c4d4c5f45a141d3e39a3e,0.5134652256965637,1.6790044671346522,3.030919978225368,2.503790271636134,1.2588626892976928,1.9398282956163952,0.9047351627313346,2.8101252041371807,0.20645609602021503,1.2588626892976942,1.3428667510682066,0.6505356129592261,0.6335035624701275,0.3609414807010823,0.6785324027692438,0.5996985056744791,0.47931427292778017,0.402044668827496,0.0534192759880901,,0.383083561722076
666,generous-sweep-479,run_18ce4fcfa0b82fc940fce0c0533baa8b,0.5323548316955566,1.6215698787492023,3.356831790963528,2.3897157296272904,1.0600569163532878,1.9634000633011557,1.0307083599234195,3.178007621121393,0.7468856601389767,1.0600569163532882,1.5359590125019773,0.6379134307087824,0.553320834277099,0.4051532420266258,0.7215652056070878,0.6002198124396201,0.47948577570968676,0.36278264325126963,0.04264667187980453,,0.3729212133343647
667,peachy-sweep-480,run_060ccbc1b70c8612c30f361f91bc0dd7,0.5354179739952087,1.4181876196553926,2.7330430048992933,1.995401137081491,1.1763847952027646,1.6241216964709606,1.0034843650287177,2.439194338595536,0.8592545799115611,1.1763847952027644,1.0791462256686184,0.5342700649780004,0.43159162319480937,0.35479471953516584,0.5801634822363669,0.4139502811369162,0.5387735458570116,0.3847558649706197,0.07661008348790777,,0.47179982585088825
668,neat-sweep-481,run_ccadd8a470f4babd02c9a08e29d6f4a8,0.5499680638313293,1.4526228462029356,2.827980402830703,1.915426405559065,1.3786157129789613,1.721648995094161,0.858468410976388,2.564017419706043,0.20447252053063877,1.3786157129789611,1.2845466054755508,0.5853606034724,0.5241338233190649,0.28124924177122246,0.6015458540810805,0.4646066376619079,0.5342961004708237,0.42672952570958833,0.06374381801208379,,0.422775650095482
669,classic-sweep-482,run_54156ee0c9269b0b8b3b3017071a9886,0.5795788168907166,1.2966815571155073,3.012411540555254,1.8682627921667723,1.1161347697936783,1.8162327899984176,0.906994256541162,2.728688078388677,0.6218445988629201,1.1161347697936792,1.4279830669409712,0.5288155697833397,0.41293835335976725,0.3582512849982441,0.6194732054544517,0.4390300356989354,0.5576422859618271,0.3339156639867229,0.02384398734359816,,0.38607761086058245
670,crimson-sweep-483,run_f95ed94309e795b392364e608486a764,0.6395660638809204,1.1680025526483728,3.444882961350028,1.8691850915982315,0.7391604837890031,1.9109273619243554,0.8883343969368213,3.2587642896026137,0.9938850284270375,0.7391604837890031,1.5909637600886215,0.6139716207664188,0.4553022249980154,0.44334402834977493,0.5767418916469162,0.47688421909035544,0.5945542946913226,0.31682521860915674,-0.08388271662499655,,0.32838374352358546
671,atomic-sweep-484,run_464e7e681b2a999f21e56b7096932093,0.5791959166526794,1.3435226547543075,3.2812193794229736,1.8936955148452308,0.9525104177253788,1.8891873714195286,0.9907211231652839,3.0546543277082217,0.7478963992419461,0.952510417725378,1.5256804874188958,0.5304601633072098,0.4440539549654245,0.37956278134278326,0.6095013841269841,0.44686475544513854,0.5294309552252048,0.3173415806006298,-0.006082517707568319,,0.3427018355321315
672,wise-sweep-485,run_09950160047388f1c670fdfb7b5ebc88,0.5523930788040161,1.322769623484365,2.610125204137181,1.641212886923563,1.2711860961479826,1.634689033074854,0.856834716017868,2.320522591181275,0.18519267214150426,1.2711860961479817,1.182750435195442,0.5286106777752039,0.4248180973870703,0.35821281486447654,0.560275699308212,0.4336678936580922,0.5751671133793406,0.4339545101324095,0.07965998467056401,,0.45345548739774
673,fast-sweep-486,run_f6d072254cb9074b49a95c0f225ac785,0.5720484852790833,1.3469049138481175,3.4902286336418076,1.7904611497157301,0.9274316495578819,1.8200031650577624,1.1435609444798978,3.360016330974416,1.0994188250157928,0.927431649557882,1.639879727805033,0.5175954600925838,0.47479147985970754,0.45238770232736325,0.6342419381339087,0.5180338088837475,0.51343311524947,0.3430934938671299,-0.020115382961982314,,0.36165979289928346
674,classic-sweep-487,run_91b64cd4ccd1c5fe84d57dde62008dd1,0.5269942283630371,1.4679642629227827,2.8914534567229184,1.9301452937460521,1.2748907409289563,1.8059582212375376,0.9515634971282713,2.5774088187261843,0.4356411876184466,1.274890740928956,1.3125178034499128,0.5109635257118109,0.4621829207778352,0.30566564505315585,0.6310883870053228,0.4754016425978718,0.5201712481907492,0.3569836685545864,0.06349794531996189,,0.4056200033434564
675,celestial-sweep-488,run_d3399d838df79f788d63b917f1a254e0,0.5098915100097656,1.5603190810465857,3.3815187806205778,2.1083891345546433,1.0061388352474847,2.0139025162209214,1.0808806636885782,3.194148067501362,0.7861149715729627,1.006138835247485,1.7418737141952843,0.5630216700469525,0.465141129157002,0.36334706126488525,0.7087625415933725,0.5624681920903754,0.49119766253749575,0.3394116716343041,0.061952769205401215,,0.3281219914369653
676,unique-sweep-489,run_106ba107a019f1b5f1582c99970d340f,0.6432673931121826,1.1562348436502874,3.3011431682090375,1.880379027163614,0.9687823965850189,1.7888946035765154,0.9239183152520732,3.0894937397931415,1.195830701200254,0.9687823965850191,1.3428984016458303,0.6195641711894173,0.4655220894843904,0.48912332790601154,0.5645663844859283,0.4036088501529025,0.5957470243603564,0.32161558054073197,-0.0876572943784063,,0.3794105269899883
677,generous-sweep-490,run_e7aff4222d04598c03ef5adbce4e7284,0.5987236499786377,1.2619272495213785,2.688160043549266,1.8059759949463048,1.3139089338347396,1.6940496914068683,0.8721633694958529,2.37694610778443,0.8192419456727744,1.3139089338347394,1.1330511156828629,0.608923684527626,0.38994272859055257,0.400726622609584,0.5518761400708855,0.43471630333842465,0.5734021925059734,0.3424768444174,0.020001521664274463,,0.439478693848428
678,frosty-sweep-491,run_15710e6b74ed29c14bfed3e7d456f6ee,0.5682195425033569,1.3873388640714743,2.7871257485029948,1.760202147820594,1.4569366805569672,1.728469694571926,0.8898276962348455,2.484621665759391,0.2539229311433989,1.456936680556967,1.272986231998733,0.5780816397163324,0.5315821951428714,0.3245816173418894,0.5726683598413209,0.49372608183833655,0.5395958834872698,0.40057628778399496,0.044683746589155526,,0.4198541579790311
679,crimson-sweep-492,run_7ce473b6b49362a8b5c5d78b211ae4f9,0.5638800263404846,1.3941927249521378,2.8343222645617856,1.9376879343019586,1.3305874580750077,1.663898559898718,0.9598851308232292,2.520930865541645,0.7924952621604547,1.3305874580750077,1.085223136572243,0.5668256643163527,0.41218429118418354,0.33674648022220094,0.5395498959095589,0.4208988443277353,0.530924029315119,0.34627199819900556,0.04658492691813024,,0.450583759376366
680,frosty-sweep-493,run_026476ee20f24b501f5db9d43b3c8920,0.5739629864692688,1.3856030631780474,3.5437670114316826,1.83234365129501,0.8733102957617646,1.7834427915809465,1.1076962348436503,3.4428960261295587,1.0478584965255855,0.8733102957617633,1.5585496122804237,0.5054618856569064,0.5157905033579858,0.4135446796283881,0.7052976917079913,0.5299481206119274,0.5193663197452767,0.38885029588119013,0.045937084241187864,,0.41057999845050597
681,deft-sweep-494,run_982fdfaf487550a862ded0d8b2801353,0.6160816550254822,1.2338481174218252,3.6760751224823087,1.9666708780795963,0.7148084154893792,1.861857097642032,1.0460497766432677,3.528334240609689,1.2674162981680357,0.7148084154893786,1.6827939547396746,0.5184537108041829,0.5036986246235907,0.4236706254190212,0.7178158830268423,0.5500256098156586,0.5638469616004067,0.3235897441747667,-0.006205644180449971,,0.3756672910103531
682,whole-sweep-495,run_2be5c079a19c300673ae1e413977b60c,0.5553286671638489,1.4446202935545631,3.569760479041917,1.919267214150348,0.8585425348104483,1.8513886690932109,1.1169878749202296,3.444120849210669,0.9803158559696789,0.8585425348104485,1.6313617661022322,0.4959597036707957,0.5262993466594054,0.36855186284838615,0.7002741263612469,0.5337222302359464,0.5028221891675698,0.35399211650579043,0.04604292639725874,,0.3842314633563496
683,fragrant-sweep-496,run_ce0008fa5508528068f2eed544159187,0.5700063705444336,1.3374856413529037,3.1828524768644533,1.84083385975995,0.6415641833519667,1.771463047950625,1.049955328653478,2.956940664126293,1.071535060012634,0.6415641833519671,1.3696510523817056,0.5235898709879028,0.458981630822579,0.4159322223286403,0.5690978611983387,0.43630682853219216,0.5365116972402896,0.3236315013072433,-0.0038837018593273764,,0.37906789353653025
684,lemon-sweep-497,run_ccb2fa0f21a1cc33aa5cb770b5978071,0.5580089092254639,1.4135035098915125,3.232879695155144,2.2570309538850286,0.7955432462648644,1.6020177243234692,1.1032291001914485,3.0362003266194884,1.4627668982943787,0.7955432462648634,1.1975154296565902,0.5611955579069614,0.44815867557500555,0.4714037608147368,0.7111408796553272,0.46470001506611347,0.5369963199674176,0.346738810665566,0.07345297889608765,,0.4776011062720546
685,treasured-sweep-498,run_6a017b1d089431d4ca74afe50659c722,0.5526483654975891,1.4809572431397577,3.2783342406096905,2.095603284902085,1.041762374225023,1.8626364931159993,0.9662667517549466,3.1158410451823637,0.6668730259001904,1.0417623742250235,1.5243234689033083,0.5895578674525824,0.541866047647396,0.3460361395779459,0.6863228919532036,0.5387726466069859,0.5155718767118309,0.39495993713981636,0.05783502009574887,,0.3852123061711338
686,rare-sweep-499,run_89ef24fb6271aa30ede07a57ac97ca8c,0.6236119866371155,1.2037396298659861,3.423162765378335,2.039292482627922,0.7531913812379308,1.6876246241493909,0.9838034460753036,3.24493739793141,1.432090966519268,0.7531913812379307,1.3502532046209843,0.5834483962137098,0.45577405347737043,0.43345959837818854,0.6829397666183188,0.4613327019855774,0.583428111649219,0.3059076172734979,0.01163744293641028,,0.41560637647828164
687,stellar-sweep-500,run_fdd9e7dc60fb0f56759dbcf3041c8fa4,0.5945118069648743,1.2952903637523934,3.7303211758301584,1.9658370183196465,0.7482162821424942,2.015516695679697,0.9870070197830245,3.542896026129561,1.1037271004421998,0.7482162821424927,1.6595347365089426,0.5374266835570436,0.5075439911558797,0.4467855888644128,0.5660323299460943,0.45443621647591603,0.5448246563899117,0.2678917401298257,-0.06946729870450902,,0.2835167827356806
688,ancient-sweep-501,run_eab90fe149bcd9e57ed5a23d2da7c239,0.6077855825424194,1.2689980855137208,3.237452367991291,2.1076058117498424,0.6913151743063319,1.734934325051432,0.9624760689215065,3.0039194338595547,1.2542387871130767,0.6913151743063335,1.259234056021522,0.581757271629896,0.42485060018035375,0.4205299620087476,0.6637059305564599,0.4105628324402997,0.5629087257086314,0.30477773159624794,0.007698321294181715,,0.4129156111529594
689,helpful-sweep-502,run_d97b89a427ac8d4069e8b936c0e2b3b0,0.6187619566917419,1.210070197830249,3.295753946652151,2.0856475047378398,0.8424484195548331,1.6351519227725908,0.9738736439055524,3.1125748502994024,1.3910675931775118,0.8424484195548325,1.2387680012660227,0.5753128453865742,0.43257077549773704,0.4334897679021805,0.6651055228677333,0.44646550994855605,0.5825377352193282,0.33049851139228437,0.03866744262221078,,0.44912156939574854
690,usual-sweep-503,run_e3ce23b39058a956209320c851a12750,0.43178045749664307,2.497141033822591,5.90465432770822,3.751547694251422,0.0,2.7869164424750754,2.497141033822591,5.90465432770822,3.751547694251422,0.0,2.7869164424750754,1.0,1.0,1.0,1.0,1.0,,,,,
691,balmy-sweep-504,run_f0924b6c6520b951a2e439aa77052296,0.5406509041786194,1.323739629865986,3.6965432770822,1.3915224257738477,0.8867161296879765,1.7292253521126761,1.323739629865986,3.608682634730539,1.3915224257738472,0.8867161296879759,1.729225352112676,0.8175323290246418,0.759165286756947,0.6940671391629154,0.6515708453861764,0.7120418136450422,0.5556108310412098,0.3876581499911995,0.028435759043070552,,0.4122323441423712
692,lyric-sweep-505,run_865b4e9b13d18fd9024d7eb1fba8e1f2,0.5994894504547119,1.2571027440970008,2.6500816548720745,1.8465824384080862,1.1764864315479218,1.650106820699478,0.9288066368857703,2.2772999455634184,0.847012002526848,1.176486431547922,1.1387126127551834,0.583573847632037,0.37631391689451504,0.3894914280241356,0.5597762201846244,0.4424058048492239,0.5651970772371127,0.31478256297690194,0.03952461785740047,,0.44226619595989464
693,vibrant-sweep-506,run_8ad7c194ddfdcf885d80faa5c830a6b4,0.43178045749664307,2.497141033822591,5.90465432770822,3.751547694251422,0.0,2.7869164424750754,2.497141033822591,5.90465432770822,3.751547694251422,0.0,2.7869164424750754,1.0,1.0,1.0,1.0,1.0,,,,,
694,lyric-sweep-507,run_6f233048f4c9e663563bcb0c54460848,0.5962986350059509,1.3531589023611998,3.7413445835601524,2.1442703727100447,0.5657688789511128,1.9420161417945878,1.0997064454371424,3.633015786608602,1.3448515476942517,0.5657688789511127,1.724552935591074,0.5409183945776104,0.5556589585530483,0.4360412476455001,0.7720876689176464,0.5725910116090283,0.5375829813316746,0.343074005438482,0.02570306787359941,,0.34930087157739437
695,astral-sweep-508,run_6129c3909dbf1b286adf39de1f5ed907,0.5705168843269348,1.3431908104658585,3.6034295046271105,1.7020088439671515,0.8492936274011588,1.7954383605000794,1.0835098915124446,3.5222101252041367,1.0686797220467479,0.8492936274011602,1.6310215223927842,0.542971981144208,0.5866336701530289,0.4919388308910385,0.677697181978337,0.5527833831255697,0.5483073751340555,0.4114743626193311,0.050110174732107715,,0.4070182850166016
696,soft-sweep-509,run_702af4dc3dce7c9606d057172ca9003d,0.5190810561180115,1.5056924058710914,2.503075666848123,1.8548578648136451,1.5157129789612767,1.6340995410666244,0.9963624760689217,2.190446379967339,0.5063802905874928,1.5157129789612749,1.0829759455610073,0.5250752508920734,0.4381316428312007,0.330391246049229,0.5474857808921737,0.44895397468229775,0.5047272267285158,0.4292364279424851,0.09431219131448809,,0.48322009326915893
697,feasible-sweep-510,run_d662ae10c4ddba34293e302c035ac149,0.5626037120819092,1.364798978940651,3.113473053892216,1.7079848389134558,1.1912897652200427,1.7434760246874508,0.9481301850670069,2.915106151333697,0.5282248894504111,1.1912897652200423,1.475197816110144,0.5543151318397501,0.4670000739948658,0.41360725345592697,0.6227478446209913,0.4884785417963023,0.5466047337321224,0.40441722060759444,0.04771108513826358,,0.40492043696771446
698,driven-sweep-511,run_cdb79a5856d879ca52a79859237deee6,0.5891512632369995,1.2759412890874282,3.338894937397932,1.8670120025268482,0.8886624656977337,1.9553766418737144,0.9084365028717283,3.095345672291782,0.7867087807959585,0.8886624656977327,1.538554359867067,0.5357117542770554,0.4351750090797635,0.4140376081473678,0.5357480909292782,0.43598423377210055,0.562911503137355,0.30463934172980706,-0.06806069151723507,,0.31391431954053217
699,bright-sweep-512,run_78cebfa11773790a506587dde656e9fb,0.6820676326751709,1.012954690491385,3.358682634730539,2.013821857233102,0.6289511129179794,1.8628263965817378,0.7863816209317168,3.1175830157866096,1.3565634870499066,0.6289511129179804,1.4032600094951737,0.6516868309040453,0.4349457852386925,0.5280868690738435,0.560928568473835,0.3931099646383542,0.647823319570517,0.269376356762154,-0.16820743722737203,,0.3411402859959457
700,feasible-sweep-513,run_f31cc63ddfefde161f5399efb6f66835,0.6005105376243591,1.2363114231014678,2.757648339684269,1.800998104864182,1.262313243215774,1.662612755182782,0.8761072112316535,2.426891671203049,0.7616045483259621,1.262313243215774,1.145466054755499,0.5960997015369809,0.3730214332462784,0.3899621683746768,0.563119034612588,0.44294998146526143,0.5798649581188429,0.3149399881834407,0.03322098188320191,,0.44048487845360323
701,fragrant-sweep-514,run_cd5dc35f0a16e718b225f11c0c24b013,0.5922144055366516,1.3718698149329933,3.6778443113772465,1.9853695514845233,0.8461429007012908,1.8934839373318564,1.1380982769623498,3.5550353837778994,1.2364876816171835,0.8461429007012905,1.6755855356860259,0.5307788872108454,0.5412061762652131,0.4033050793346742,0.6977500837930791,0.5227601662651866,0.5179864699522935,0.3320952379641675,0.014500600643703843,,0.35575339566889636
702,youthful-sweep-515,run_d5dfa3ecfcde277ee99d9f18a798a203,0.5467773079872131,1.431959157626037,3.8112683723462166,1.9697157296272902,0.7532167903242201,1.8304241177401488,1.179298021697512,3.6770277626565075,1.2559065066329753,0.7532167903242208,1.5803608165849037,0.4797486167097428,0.5348022208933679,0.3959916036139578,0.6991096954994298,0.5193855697855169,0.5082143279567993,0.30474770644083915,0.030948833828098876,,0.3830433265988925
703,fancy-sweep-516,run_f1fb4342adf630ea83076e3198d5fa2c,0.5483088493347168,1.3957626037013402,3.3188350571584113,2.219936828806065,0.829891249110682,1.8497191011235956,1.0169495851946393,3.1311921611322817,1.1146178142766898,0.829891249110682,1.4751978161101442,0.5629654967844936,0.5054553159674794,0.41826293777735213,0.6992392793435017,0.5228874103435749,0.5445341413005713,0.34907363630233135,0.05359242123796154,,0.39550711653660536
704,dutiful-sweep-517,run_6a33a5035710b944f15f5836ecf342db,0.5577536821365356,1.452074026802808,3.564670658682635,1.9584586228679728,0.9215977233458685,1.838087513847128,1.110453095086153,3.458900381056071,0.9994946304485162,0.9215977233458685,1.5405720841905368,0.5250589080104355,0.5397775397789889,0.3617381796124254,0.6777451166283565,0.5298380925954245,0.5031366475295653,0.3730969611613866,0.020527779298240262,,0.39273037909965347
705,distinctive-sweep-518,run_20d1140dc047f161b193279b4ab67129,0.5955328941345215,1.2870708359923422,3.6889765922700057,2.028085912823753,0.7345411119016162,1.8836643456243076,1.0321378430121244,3.5519597169297787,1.171509791535061,0.7345411119016168,1.6348908055072011,0.5128970757190784,0.5317432434164789,0.42117453628324236,0.6991646038627053,0.5036573020379911,0.5511542699357194,0.3181340462801726,-0.03168387897551586,,0.3524346262083423
706,crimson-sweep-519,run_6bc45b566851cd2c06aa596b2895415b,0.5372048616409302,1.5557626037013403,3.22912357103974,2.11943145925458,1.1852576481349733,1.854795062509891,1.0160306317804728,3.040609689711487,0.7196083385975989,1.185257648134973,1.4309147016933057,0.5926289210534685,0.5482983817032686,0.3567067330715449,0.6495485616594558,0.5287006701093943,0.48877345901173846,0.3897573111112077,0.025659495230698076,,0.3902160716723151
707,expert-sweep-520,run_a99672bb3b291126cf7630c08d2845ec,0.609444797039032,1.2548564135290368,3.3060424605334786,1.810802274162982,1.1919148287427583,1.9844358284538695,0.9292661135928519,3.071910724006532,0.8261149715729641,1.191914828742758,1.5570976420319675,0.5719071625524692,0.4442974472590195,0.4572189764709638,0.5135492498661846,0.4264426689009821,0.5554449518795577,0.3194300506978003,-0.10440195224143375,,0.29868013782385405
708,icy-sweep-521,run_1f6a0f52e5a9579b5112308db26d84b3,0.6019144654273987,1.3125462667517551,3.4947468698965714,2.0259254579911565,0.7552190263238134,1.8364179458775123,1.0372176132737714,3.3843494828524765,1.1298547062539488,0.7552190263238141,1.606690140845071,0.5450859738335412,0.5328325400444766,0.3897626344858411,0.7264354706853858,0.5459576297161522,0.5496501584176883,0.3858380189268408,0.0560727076106837,,0.39326167726951017
709,deft-sweep-522,run_9f68e9b77c0e8c6561717d54846e13da,0.6283344030380249,1.186419910657307,3.467120304844856,2.1721415034744163,0.6263085679438968,1.6965263491058713,0.9656668793873655,3.285955362003265,1.5239292482627924,0.6263085679438958,1.3353220446273146,0.5702550834576602,0.453398681294013,0.4624596941544552,0.6990840936640182,0.45162131135152006,0.5940776770788048,0.3012068877582358,-0.005944766705794913,,0.42086523819775934
710,worthy-sweep-523,run_7a60659b9682f44d36a2e9db10f66a8c,0.5862156748771667,1.3516656030631782,3.509580838323354,1.9133922931143401,0.8312176034149812,1.8666482038297203,1.078915124441609,3.3630919978225373,1.0211876184459903,0.8312176034149814,1.6234214274410521,0.5261925087799715,0.5121602413362921,0.37600229863039936,0.7053617420972325,0.513172871727244,0.5262135522802378,0.3580073779102699,0.04001411498550775,,0.36683833659259363
711,honest-sweep-524,run_f7da0084687d549eaf56859d511abe5a,0.5795788168907166,1.3585449904275686,3.4905552531301036,1.865407454200885,0.8101890436019922,1.8032481405285647,1.05271218889598,3.3671475231355474,0.9498294377763743,0.8101890436019912,1.5710041145750915,0.5432562353609791,0.5400621318783227,0.39354244484883316,0.727106208164595,0.5259180358196031,0.5416384079536031,0.38205600676464585,0.06333668993082617,,0.402243460789015
712,sparkling-sweep-525,run_a4ba7cede5c982def37717ec8f9f0387,0.5651563405990601,1.317932354818124,3.5410179640718566,1.9132406822488948,0.8402073381441204,1.7792530463680967,1.0567708998085503,3.4036200326619497,1.0361970941250793,0.8402073381441209,1.5368096217755975,0.5185537228155528,0.5135345503856003,0.3945324521916802,0.6830534483496102,0.4740508404768564,0.5424490389258154,0.3341580091513179,0.015453088936135312,,0.38578418374718354
713,balmy-sweep-526,run_0675eef25d255853ca06933f5775d926,0.5798341035842896,1.307721761327377,3.023462166575939,1.8936070751737213,1.1798353491208458,1.8574774489634438,0.8942693044033184,2.739575394665216,0.6146430827542633,1.1798353491208473,1.4629055230257964,0.5359089552703911,0.4717321540943738,0.3497051687258564,0.6130357879523878,0.45647102432149195,0.5551934289862144,0.34540852471563277,0.009606375957675856,,0.36649116155714545
714,kind-sweep-527,run_c790de622065eb822a920844c223ff00,0.5980855226516724,1.335366943203574,3.7845944474686997,2.1509159823120667,0.5583545075719077,1.8603774331381548,1.0804084237396299,3.6905280348394136,1.4380416929879982,0.5583545075719079,1.645485836366514,0.5529153209626827,0.5503548111443567,0.44808926348050954,0.7709862867449487,0.554506153111698,0.5479871933937293,0.3591964275205568,0.03797978418169187,,0.3860795404050876
715,sweepy-sweep-528,run_709497bb4707fcd3df3be6ba35f18f5e,0.6085513830184937,1.2448500319081048,2.6979586281981494,1.8436512950094759,1.3510519361723752,1.8037308118373163,0.8593490746649651,2.3208219923788787,0.7014908401768806,1.351051936172375,1.2373041620509566,0.6164400339434101,0.4034166115774436,0.38654918111292025,0.5246218550740751,0.3878869232504141,0.5800448691484636,0.31304534492084346,-0.01153917438487212,,0.4049909771673617
716,stellar-sweep-529,run_2a06d5d0a9043b80bc34dd8e203427e1,0.5492023229598999,1.4731461391193363,3.1204953728905838,2.045457991156033,1.163476979367822,1.856444848868492,0.9343586470963623,2.913255307566686,0.47542640555906635,1.163476979367822,1.4884277575565763,0.5984294926553259,0.5191423982412373,0.3122802732816141,0.6601537778908042,0.5227668810444212,0.5249762206028903,0.3900280227881151,0.04440572717906957,,0.3883334083968253
717,faithful-sweep-530,run_d801c522d04576a11edecc7433b3b13e,0.5591576099395752,1.4001403956604979,3.6969243331518786,2.01374605180038,0.6822238032320359,1.9369797436303215,1.1192469687300584,3.5287697332607513,1.210562223626026,0.6822238032320354,1.643175344200032,0.4734614542554392,0.49894061043064947,0.4124695910353414,0.6299719228318545,0.4917188443001206,0.5151670706769726,0.29967521491148885,-0.009263208628026404,,0.3288680151184994
718,genial-sweep-531,run_2749d868d79b2ffa66bd82645ddda90e,0.5521378517150879,1.4331078493937461,3.0657049537289063,1.830814908401769,1.2954263644679338,1.8770018990346575,0.9103509891512449,2.8029395753946664,0.45777637397346815,1.2954263644679345,1.4714313973730027,0.5574732247613976,0.5282554566436591,0.33051144526386367,0.6173966730139772,0.5042775541592828,0.531789384284446,0.37484999967385774,0.03631000554626845,,0.3725961345598496
719,radiant-sweep-532,run_ec48756c93789dc7a9fbb66902dad044,0.5527759790420532,1.4265985960433951,3.2136363636363647,1.835957043588124,1.0886116475251553,1.8105831618927046,0.995481812380346,3.0320359281437135,0.6815413771320286,1.0886116475251535,1.470291976578574,0.5335865780272815,0.49860661242748977,0.36334881716310696,0.6337489356108172,0.5047040727636226,0.5218044563480155,0.3823676761143456,0.037267939575074516,,0.3933687341274422
720,gentle-sweep-533,run_9a04e53c85a9562a7fb617857e1c2924,0.5790683031082153,1.350989151244416,3.0676374523679923,1.8459507264687303,1.118203069417624,1.7509297357176767,0.8796171027440977,2.862955906369081,0.4604548325963362,1.1182030694176246,1.4159874980218383,0.5841777357184785,0.5409301766288485,0.32729192606072216,0.6525685611501336,0.49265073416550365,0.5582840179137221,0.40783729407782787,0.06342586416715462,,0.4151527714732201
721,glorious-sweep-534,run_7c9af5535ead683ede8fafed27aa6818,0.5244415998458862,1.4418889597957882,3.8537016875340235,1.7433101705622243,0.7184978148185791,1.8302025636967876,1.3361072112316534,3.7883777898747963,1.431193935565382,0.7184978148185786,1.7607137205253998,0.5810883005444749,0.6573325335639862,0.5228603582032372,0.722865329898039,0.6068820357890083,0.5184573694825685,0.3945855186322552,0.04832345048561945,,0.41105748720357427
722,gentle-sweep-535,run_e43034aacaf9b622109d088ca9cc2b58,0.4472239911556244,2.1516528398213146,4.579477408818727,3.3393303853442835,0.2899380018294542,2.4942672891280266,1.8662412252712193,4.477245508982036,2.5307643714466224,0.28993800182945406,2.1857928469694574,0.7480813811768842,0.7634208971429105,0.7827471825814896,0.8839602069011546,0.7754469890237439,0.27877774575966935,0.2046022286442393,0.03261241228291076,,0.18315198180380154
723,wandering-sweep-536,run_813e26e077afd240d6570f007406ea02,0.5834077596664429,1.320433950223357,3.370549809471965,1.9605938092229946,0.9618406342107939,1.867075486627631,0.9766432673899167,3.1504627109417536,0.8499431459254584,0.9618406342107948,1.5146225668618458,0.5160411530944568,0.45262789242685236,0.374506273345465,0.6361405923627944,0.45688955514483576,0.5385934364794258,0.30868058202249815,-0.008133839841218043,,0.35715039270474436
724,fearless-sweep-537,run_87fb4b1a29b02b658df2c041f25a77da,0.5991065502166748,1.2940012763241864,3.430130647795319,1.7781174984207204,0.879444049191991,1.795224719101124,1.0210210593490743,3.2882144801306485,0.8963487049905245,0.879444049191991,1.559348789365406,0.550851742483153,0.4908160800640018,0.41892650767806405,0.6397278564448818,0.4918065836952783,0.5417259587578642,0.37189604777153284,0.03958517097425607,,0.3821964860357251
725,still-sweep-538,run_c4a7d100df66b02a3df7a1a2c6aa6bb8,0.6594766974449158,1.059463943841736,3.405307566684813,1.9243714466203412,0.627497713182234,2.0034380439943034,0.7867900446713474,3.1669297768100177,1.1468856601389779,0.6274977131822341,1.6388708656432975,0.6124541879974479,0.42966337173665853,0.5052038438208346,0.5441428759000941,0.4324427083097725,0.6338496518605785,0.2596317531604037,-0.15387319097592,,0.2816736934826268
726,lilac-sweep-539,run_8f99d3ac1275240c73e876daa1f50b02,0.6100829839706421,1.2416081684747926,3.5670386499727824,2.2129627289955787,0.6429413558288446,1.7865880677322363,1.0146266751754947,3.4020413718018507,1.5649526216045486,0.6429413558288452,1.3919844912169639,0.5482096633580475,0.48233623356002714,0.47505507135331865,0.686713939440354,0.43039334446371297,0.5788295196170704,0.2914093302843034,-0.017107709811545385,,0.3897410216747368
727,twilight-sweep-540,run_a25476c986052dfd060629a12ab5bfbf,0.6183790564537048,1.220382897255903,3.3508709853021235,1.9984207201516113,0.8341599756072773,1.6533312232948254,0.9877600510529675,3.164752313554709,1.3360075805432732,0.8341599756072765,1.29094793479981,0.5711816996837975,0.4539769735640881,0.4255395396354117,0.6531887974288112,0.48620423847034766,0.5775479847126632,0.31309119214878,0.014119657851862949,,0.4332495172391321
728,sweet-sweep-541,run_aec8ef230a56c2896dc6604aaf6fb1c4,0.5637524127960205,1.4150350989151248,3.327544910179641,2.0429311433986106,1.0001676999695093,1.8463918341509733,0.9635481812380342,3.1541643984757757,0.7799368288060643,1.0001676999695104,1.4979585377433142,0.5566735304466466,0.5497623325652587,0.35271174536283245,0.6927330356967458,0.540917068692695,0.5263650528736457,0.36637015821074326,0.05012227706426936,,0.38583905561051335
729,desert-sweep-542,run_58d26a87bbcb46fb415be6d283a779c8,0.5509891510009766,1.432099553286535,2.8661132280892767,1.965331648768162,1.2738947047464173,1.7986231998733977,0.8549202297383535,2.607376156777355,0.32775742261528806,1.2738947047464177,1.367597721158411,0.5896321952923831,0.5155995823996271,0.2853704945247901,0.6093011605616587,0.49497981485424764,0.5445404550797618,0.402987038770988,0.060020501491832745,,0.40597869748301774
730,different-sweep-543,run_62e51f90be85d84429b154905ad8d269,0.5974473357200623,1.2851308232291003,3.3406913445835604,1.927555274794694,0.8350137209065963,1.8431436936224088,1.0374984045947677,3.107321720195973,1.2633480732785851,0.8350137209065963,1.4375098908055073,0.5614838533154273,0.4435289215085028,0.45315199693515945,0.588025750814049,0.41382997887557593,0.5499103424393967,0.2592112747415669,-0.0488853410507446,,0.3518378230847979
731,comic-sweep-544,run_2e003eda48fa3c4c68907b6f59672376,0.574984073638916,1.3811997447351627,3.6144529123571045,2.4897789008212263,0.40735338957211104,1.8374703275834785,1.10081684747926,3.4593086554164403,1.815994946304486,0.40735338957211104,1.4192791580946362,0.5740643157063761,0.5403741338738689,0.5519067458417137,0.756423867549293,0.4836665355526697,0.5478477412555729,0.2938867221966829,0.04071212559625101,,0.38607131345064155
732,frosty-sweep-545,run_5fe867b8e1c71c2ef39af7c607455698,0.6121250987052917,1.226649649010849,3.5266739248775187,1.965104232469994,0.8844699664600062,2.0303568602627,0.9174218251435855,3.3150789330430053,1.1343272267845874,0.8844699664600064,1.6684799810096538,0.56388178511825,0.46162784226118436,0.46990390447913677,0.5369727158466432,0.4593522354485946,0.576141648231578,0.28851663194101185,-0.10216538683971976,,0.2787442704252302
733,pleasant-sweep-546,run_e9a002a1612b0386e9a73fcc73383883,0.5548181533813477,1.394167198468411,3.020713119216113,1.8591282375236897,1.1164549242809227,1.7516497863586011,1.0136694320357367,2.6980675013609146,0.8757548957675303,1.1164549242809227,1.2209249881310342,0.5210206313354632,0.4342755839953038,0.37790074386233763,0.5220572961840553,0.3907867382569087,0.5230603617559538,0.30845759519466953,-0.0019787689917408757,,0.40645333894924024
734,astral-sweep-547,run_4fca501f1432c965208e9c3e9fc79e8a,0.5871091485023499,1.3022335673261007,3.4618943930321175,1.8961086544535695,0.8980384185384694,1.792570026902991,1.035966815571155,3.3064779531845394,0.9652684775742271,0.8980384185384711,1.5236588067732242,0.5236655433713957,0.4837479618807244,0.3919166427226,0.6806687963242835,0.4824226860549547,0.5408012349060846,0.32901296703946376,-0.005107654500680847,,0.3869886651502165
735,effortless-sweep-548,run_a5a0295eb113e14f33c3cd44cd308790,0.5352903604507446,1.4589278876834717,2.713255307566685,1.9313329121920408,1.2793322492123183,1.666905364772907,1.0201531589023605,2.459199782253675,0.7159949463044857,1.2793322492123178,1.0959289444532352,0.544098694617529,0.424315417830678,0.34421144207132137,0.5653022957911471,0.4131533549864815,0.5188462161579379,0.39870117184029097,0.06851157586487211,,0.4539497041380999
736,balmy-sweep-549,run_b3254e054eba32324c11af5ad39f020e,0.5867262482643127,1.3090746649649014,3.2590092542188356,1.8645609602021482,0.9967781278585223,1.7694967558157937,1.021697511167838,3.02487751769189,1.1708907138344922,0.9967781278585228,1.3410191485994614,0.555589103413878,0.4622717515182242,0.4334091562110909,0.5683996725169183,0.43552943719066745,0.5456447433201427,0.2921337227341768,-0.018659639599596545,,0.3805358391305877
737,pleasant-sweep-550,run_47c4afa444b8cdefee74ee1b5a8d135b,0.6010210514068604,1.2722016592214422,3.3465704953728914,2.084699936828806,0.9054527899176745,1.798642981484412,0.8995405232929156,3.1883233532934137,0.8973089071383457,0.905452789917674,1.4250712137996508,0.5522253802299351,0.5084010895898171,0.3758340516553331,0.6936153594822538,0.49136127373682514,0.5667914593642785,0.35912971453887294,0.028800461638181146,,0.40179932997048495
738,celestial-sweep-551,run_a8b59b1ea1125cbc7122d5ce36ff7054,0.6190172433853149,1.2331078493937462,3.4962710941752864,1.7188881869867345,0.9711556052444357,1.787050957429973,0.9925973197192096,3.362955906369081,0.8841945672773222,0.9711556052444362,1.5458339927203664,0.5620000889676328,0.5092065819378441,0.42949190690546885,0.6496164708880166,0.4886813145826939,0.5599367690382551,0.36084684971800296,-0.004439187520426685,,0.38720963953078186
739,distinctive-sweep-552,run_cbbe63b3ac731f4ff503940445900e7d,0.5698787569999695,1.2293426930440334,3.453864997278171,2.0581806696146563,0.8160382152657791,1.6945996201930686,0.9977409061901729,3.2835873707131196,1.7013897662665822,0.8160382152657796,1.41652555784143,0.5633150075178049,0.5378029197045608,0.47900919452159757,0.5884345756241289,0.5090263348249314,0.6131673780586486,0.2676048027097747,-0.08721230826568507,,0.4081616776359116
740,breezy-sweep-553,run_eb267304a26acf2aa6859a5f5e5eb983,0.5835354328155518,1.2873516273133379,3.6235982580293964,2.1945420088439676,0.7225480231730868,1.7837316031017565,1.0113337587747293,3.492569406641263,1.6301958307012019,0.7225480231730889,1.4224719101123595,0.5883993809182436,0.4941323072280579,0.4734730070555183,0.5739489696770581,0.4405445126273654,0.582898175800781,0.31884379194764184,-0.07878290800909193,,0.39014795911367817
741,treasured-sweep-554,run_6d35793fcb37f4a30925f114cbd0453b,0.5679642558097839,1.3483216336949586,3.1621393576483405,1.854592545799116,1.2152657790425858,1.7935116315872766,0.8882067645181876,2.981899836690255,0.6057738471257111,1.2152657790425863,1.4510444690615607,0.5633681230227598,0.5153183220406997,0.3393466462343965,0.5966995508320848,0.5052735082979546,0.5610280458246997,0.39741806471248475,0.0358497556288255,,0.40093553341854976
742,easy-sweep-555,run_dfec482126e52e4ec6e735becd5c34c8,0.5849393606185913,1.317970644543714,2.504191616766468,1.8938344914718894,1.2672832604939528,1.6382813736350688,0.9097766432673899,2.1161676646706584,0.7573089071383448,1.2672832604939526,1.0929893970564966,0.5778192090591118,0.4467498263208361,0.332778309868148,0.5859386158677112,0.40854356856953006,0.5556146655848211,0.36770478335574963,0.07717615192649815,,0.45622713107926305
743,clear-sweep-556,run_c8538a8349240e066ca593fb03c9f3fe,0.6141672134399414,1.2481174218251436,3.570876428960262,2.238483891345547,0.6514788088220349,1.7170003165057766,0.9973197192086797,3.389493739793142,1.5528742893240681,0.6514788088220358,1.3656393416679855,0.5710334412994236,0.500701936942746,0.4777714459023721,0.7127857921776191,0.43585181903043596,0.5746349506384483,0.2821154573695663,0.003907464650364567,,0.4128463525885234
744,sweepy-sweep-557,run_e02e66debde96c6b44402b631d692701,0.6082960963249207,1.2526611359285258,3.56151333696244,2.248123815540114,0.6843937392011384,1.7004905839531574,1.010108487555839,3.4112683723462163,1.6177511054958957,0.6843937392011384,1.3180724798227563,0.543030496481086,0.47796479729895586,0.48813284168183124,0.6812704455576049,0.4414655001561104,0.5744181632050734,0.31705395489057686,0.004741441063773499,,0.4268913787417176
745,super-sweep-558,run_2891dcf5d598955fb0bdbf71bcf19bc9,0.593490719795227,1.2794511805998723,3.77974959172564,2.0183575489576757,0.6454416099197073,1.9554162050957429,1.0100957243139763,3.6261295590636906,1.3070751737207849,0.6454416099197081,1.6455887007437884,0.5242637852550167,0.5122024681508668,0.45391629154295565,0.5973256325571319,0.4663733116485608,0.5578178384936625,0.2776547727872102,-0.06089458485613308,,0.3058703363820251
746,feasible-sweep-559,run_3875ccf535b8e619f9d8202762c89807,0.6433950066566467,1.117319719208679,3.202721829069135,1.697258370183197,0.8087762984043095,1.7319196075328376,0.80985322271857,2.999782253674469,0.7061781427668986,0.8087762984043076,1.4269029909795845,0.6315689032226549,0.4507740409915583,0.4293560642339495,0.625348296979372,0.47246461517761584,0.6185071422867292,0.36735936937164904,0.021679864670818144,,0.40205395722218584
747,generous-sweep-560,run_99031d048fa5db37073005be8c50f505,0.6202935576438904,1.1893171665603062,2.9814915623298863,1.7598104864181936,1.128834231121049,1.799940655166957,0.8612252712188907,2.654599891126838,0.8630322173089082,1.128834231121048,1.285428865326793,0.6076130697967583,0.40605782540543905,0.4198577722440379,0.5197403253770425,0.39150950625017344,0.5928669053209878,0.2813057615587235,-0.05251108341961666,,0.37553219515349934
748,noble-sweep-561,run_18bf724cd5fb034843cd83b405f2c2f7,0.5398851037025452,1.4866624122527121,3.186635819270551,2.28008843967151,0.8949486736456959,1.688245766735243,1.139834077855777,2.98745236799129,1.2815792798483892,0.8949486736456956,1.2902872289919292,0.540349062623865,0.5290584045651445,0.45456022730900614,0.6698035052630075,0.44408237255070093,0.508501360604281,0.3668819425307964,0.046748470948890314,,0.4400644609934379
749,peachy-sweep-562,run_05a306c120635f31f5ff1321fc5dab7f,0.5306956171989441,1.39446075303127,3.2238160043549273,1.9532785849652563,0.8289358674662061,1.5172218705491376,1.18713465220166,3.1032389765922703,1.526822488945042,0.8289358674662052,1.2187331856306383,0.5357190355119158,0.5258494052527438,0.46179325096574403,0.6590313743942002,0.5018507764556357,0.5468274889191924,0.40628291521292975,0.08531697005928643,,0.504245828630226
750,rosy-sweep-563,run_ec078220b21423d8bb724dae21ad22cc,0.6140395402908325,1.2422590938098277,3.556178551986936,2.1263423878711314,0.7266134769793678,1.6926887165690774,1.0545883854499043,3.394338595536201,1.5879216677195214,0.7266134769793683,1.3918420636176607,0.5567250719030051,0.4578688623841887,0.46260112377486196,0.6941027648874779,0.4785524000940926,0.5739988138647776,0.2819914675026319,0.002817255326557716,,0.42147680947777955
751,atomic-sweep-564,run_9c36ccdc63838bafeca8deeae7c7254d,0.6070197820663452,1.2256285896617742,3.716439847577573,1.7306253948199628,0.7330978758003863,1.8462098433296408,1.0620293554562867,3.6081110506260208,1.1934680985470634,0.7330978758003868,1.6914780819749968,0.5454072083773673,0.507144710300243,0.4970014047185774,0.6685973758150088,0.5391435692616537,0.565749782401261,0.33711388528473896,-0.022253340602713334,,0.34880455334555727
752,pleasant-sweep-565,run_7cc032863e150879605e7bf251ea1d55,0.6426292061805725,1.1177664326738992,3.3651061513336966,1.8213771320277956,0.5279398312836671,1.7990663079601203,0.8174473516273134,3.1670658682634745,0.8339355653821859,0.5279398312836661,1.4863506884000632,0.6182135485278386,0.48120305385172246,0.3893377071161766,0.6578863512585846,0.4456526827850688,0.6198869456252478,0.3210296602446048,0.005709104473967719,,0.36856540713341995
753,glorious-sweep-566,run_8ab668515efa63352c7f64417d02a2c5,0.5687300562858582,1.3779195915762603,3.2951279259662503,1.8703600758054328,1.0626333977030187,1.8156551669567969,0.9281940012763247,3.131001633097442,0.6693746051800387,1.0626333977030187,1.4954858363665129,0.5583766223140065,0.5500252814949103,0.3331920633400377,0.6800586605618466,0.5343407606320469,0.5452858924332742,0.38621526214278984,0.04099763761918651,,0.3984428643147494
754,northern-sweep-567,run_6b9a07408385f59e49806f93e8272dbb,0.6079131960868835,1.2565028717294193,2.891181273816005,2.052659507264688,1.0455940644374428,1.6020295932900777,0.9219272495213781,2.6206314643440396,1.0896272899557806,1.0455940644374437,1.1037308118373166,0.5968285287088162,0.42039935101882414,0.39168358714043994,0.6158071626011081,0.43416445537926834,0.5714546744560022,0.3451757649180267,0.04415273136976863,,0.4696741858619355
755,lively-sweep-568,run_5f4948fd430b8fa88752c47546d378de,0.5419272780418396,1.4516400765794513,2.7812465977136642,2.0958180669614657,1.1759782498221367,1.601815951891122,0.9796043395022327,2.481682090364725,0.9077700568540757,1.175978249822137,0.967767843013135,0.5633089739510301,0.43001929421939855,0.37780400983303003,0.636320600219338,0.440196276287374,0.5244928716316212,0.3854409490747438,0.08012187504030696,,0.4896835370048489
756,valiant-sweep-569,run_6fe93c8378090f9c741fb1f39e14c128,0.5832801461219788,1.369840459476707,3.9148339684267834,2.1194567277321545,0.5610021343632484,1.8940457350846653,1.188551372048501,3.821910724006532,1.4789766266582436,0.5610021343632493,1.7161536635543595,0.47981193822881346,0.5726981025245523,0.4473983973438049,0.7376852663655235,0.5480938652183276,0.5244377822812821,0.32363868810096136,-0.01596285443211004,,0.3626405916695217
757,vital-sweep-570,run_92e73e6d9c8d8a2bcfa1f2145fb1d4f3,0.6654754281044006,1.0849521378430123,3.390800217746327,1.7825015792798489,1.0941152556154081,2.0406076910903623,0.7867262284620311,3.1318454001088734,0.9237523689197735,1.0941152556154077,1.5788811520810255,0.6507289455251353,0.445006295124079,0.516911853909268,0.5068337726873446,0.4213195586529297,0.6147590879784133,0.26972956642800494,-0.16371291997729884,,0.27615077371821306
758,vague-sweep-571,run_52ef09e81910322de9062298fc575acf,0.5714103579521179,1.3722144224633057,3.142732716385412,1.8774857864813648,1.0643713792052039,1.783593131824656,0.9295086151882581,2.9362547632008718,0.5931648768161722,1.0643713792052034,1.4395276151289769,0.57143025444185,0.4710461807932662,0.33145452223605654,0.6286371127578055,0.45991187069596434,0.5406176779025408,0.38129148842578614,0.06919473231630482,,0.3892310222730926
759,different-sweep-572,run_7686e3796d0da73fb3424f994993da7a,0.5733247995376587,1.3507338864071474,3.2426238432226464,1.858610233733418,1.0117440796828947,1.9140053805981962,1.0190427568602423,2.949700598802396,0.8564876816171836,1.0117440796828954,1.5618927045418574,0.5141495405595394,0.4128377611865092,0.3973058136193851,0.6075373337426359,0.4446234242286284,0.5257048858020732,0.27935563047428946,-0.00181081482986023,,0.3236814513477232
760,smooth-sweep-573,run_8086c0e7b71118f2a301b54aef44cdbb,0.5800893306732178,1.3349074664964902,2.8107784431137723,2.029879974731523,1.0952789917674561,1.6638510840322838,0.9245947670708361,2.4337506804572673,0.9363108022741634,1.0952789917674564,1.09612676056338,0.5509617573800437,0.4542524439435561,0.37095185646330175,0.6053998258064833,0.42754665662939195,0.5480812150673283,0.30276987382587794,0.03822909263570198,,0.44611983178238657
761,silvery-sweep-574,run_06eded2af9b56196bffe88a0ae49d571,0.6912571787834167,1.0082322910019146,3.705606967882417,1.9975994946304492,0.772299014127452,2.0279237221079285,0.7969751116783665,3.507457811649428,1.3724573594440939,0.7722990141274527,1.683256844437411,0.653889768998478,0.49284735868153384,0.56502538071066,0.5532444603897102,0.4497426809255907,0.641943934319898,0.24442266221900008,-0.21510158804891413,,0.2711045652523991
762,grateful-sweep-575,run_a7eb41d4bddd902aeaf3bba35639eda6,0.5897893905639648,1.241174218251436,2.770522591181274,1.9277447883765009,1.2448826100213437,1.6922535211267609,0.8756094447989792,2.5343767011431684,0.9932659507264681,1.2448826100213424,1.1093527456876102,0.5917650580095086,0.4533524074586987,0.3798105226191616,0.5166916544941325,0.40198281333791985,0.6036873441399273,0.38341920513815986,-0.03014913312526915,,0.4474012625062896
763,eager-sweep-576,run_baa453bb700301aed5a7264d82ac1202,0.43178045749664307,2.497141033822591,5.90465432770822,3.751547694251422,0.0,2.7869164424750754,2.497141033822591,5.90465432770822,3.751547694251422,0.0,2.7869164424750754,1.0,1.0,1.0,1.0,1.0,,,,,
764,good-sweep-577,run_9619bb990c60de9064b8c6ff014d8ed0,0.5739629864692688,1.364122527121889,3.034512792596625,1.7881869867340492,1.2728376867567843,1.8237537585060926,0.9026547543075932,2.810669569951007,0.4507012002526854,1.2728376867567857,1.414883684127235,0.5727036601217457,0.46110405890197564,0.3571958305398589,0.6038633970139338,0.45756146330767566,0.5430809679944938,0.37682053691271983,0.03824411813837689,,0.3758978542059609
765,tough-sweep-578,run_a000fef669aa1a0420c111bb713c3926,0.4908742904663086,1.5509636247606895,2.7185900925421884,1.7719772583701834,1.5984551275536134,1.7627987023263174,0.9574218251435861,2.416358192705499,0.25869867340492886,1.5984551275536152,1.2232750435195443,0.4788893350123761,0.48373114040818477,0.3642237333588737,0.552479281834807,0.4280468360111277,0.5004856775060645,0.4080204017733402,0.04245691150183073,,0.41678930199616543
766,firm-sweep-579,run_f1b44f29ad0978fa17e904608d75ecd0,0.5668155550956726,1.3974090619017232,3.4425421883505725,1.8624257738471262,1.00787681674967,1.8032164899509417,1.0634205488194008,3.3171747414262396,0.9717877447883769,1.0078768167496692,1.5656630796012043,0.5305392897464296,0.5125540084673824,0.38582479328289115,0.6704687323069788,0.5168123303356863,0.5237106875299626,0.3886071720325215,0.04245316707242691,,0.40137360742009487
767,dazzling-sweep-580,run_75cf82bde4756906ebf553765e176708,0.5509891510009766,1.5437141033822592,3.56780076211214,2.4220593809223003,0.735089948165464,1.948346257319196,1.179374601148693,3.423380511703865,1.3725584333543905,0.7350899481654641,1.6612834309226152,0.5916733815874451,0.5476956442854995,0.4863924272898509,0.7568393587038109,0.5926976069394174,0.49000191248864267,0.342609463218497,0.041807976628917776,,0.37030486605116375
768,worldly-sweep-581,run_98572988aa37e7beda33740976e902ee,0.5444799065589905,1.469304403318443,3.3259662493195434,1.7792166771951992,1.391010265270861,1.9672020889381232,1.0535800893426939,3.072019597169297,0.675969677826912,1.391010265270861,1.4850925779395467,0.5096763157952173,0.4310587221597224,0.3879875810107589,0.4989206166536515,0.4071745687200802,0.48244416326325973,0.29505471794580884,-0.022620767151053184,,0.3081242102665886
769,fresh-sweep-582,run_e0a71a9492dcead67bb7fbbd1cd2693d,0.5223994851112366,1.4645947670708364,2.8645345672291787,1.8032849020846495,1.3851458481553005,1.7982948251305588,0.9552648372686671,2.6047087642896027,0.2878332280480107,1.3851458481553005,1.3142862794746013,0.4776092935915864,0.4698559482530518,0.333621460268812,0.536759746842777,0.43193847567199467,0.5102804790255986,0.4024015573791033,0.03585607508413624,,0.3950239414242719
770,rose-sweep-583,run_3d9d241b9314390af6dfaa5fdbeb55eb,0.5470325350761414,1.4752265475430761,3.5795590636908003,2.418142766898295,0.6669986787275131,1.6677282797911062,1.1949457562220809,3.4339956450734905,1.6532912192040448,0.6669986787275141,1.3198963443582852,0.5537925584623822,0.5070222123508481,0.5218237397439581,0.758497064383242,0.4912304240772681,0.5168630653777957,0.324634513117268,0.07228382365032665,,0.46239391155613235
771,royal-sweep-584,run_b6e32c2137d6727df76e7fa5607c3183,0.6103382110595703,1.2284365028717292,3.3538377789874807,2.0924068224889454,0.7948368736660231,1.6736627630954264,0.9931589023611992,3.1717474142623856,1.441415034744158,0.7948368736660232,1.279169963601836,0.5615387177269561,0.4389220647533832,0.43972655875873956,0.668335580385804,0.4348139003277699,0.5770797886530037,0.3114905635767452,0.004988292177905779,,0.42877939466859327
772,lyric-sweep-585,run_23563a17d45ab84429fd347e2e96b8eb,0.5591576099395752,1.4103254626675177,3.0354926510615137,1.9080227416298168,1.2019361723752415,1.7735638550403547,0.8633439693682191,2.8241154055525315,0.4557169930511685,1.201936172375241,1.372028802025637,0.5912905539759125,0.5458808643433392,0.30955607700411836,0.6346514874517595,0.5026619992304491,0.5485145882647995,0.41059827430658064,0.06064171500316379,,0.4149582659496161
773,polar-sweep-586,run_43d8c63d829e4bdb89f18bcd0eec92d5,0.5804722309112549,1.4029738353541803,3.733233532934132,2.0914845230574866,0.6839922756377682,1.8670596613388195,1.157000638162093,3.634431137724552,1.30101073910297,0.6839922756377683,1.6292926095901241,0.5234362638791655,0.5685239891071955,0.4222003000989688,0.7492490907514041,0.5833339887524011,0.518948131125942,0.35525360212608614,0.042114257060215154,,0.3971682903820519
774,fresh-sweep-587,run_1ade330e7ad693e7ea15e1953dde9895,0.7275047898292542,0.8469432035737078,3.483941208492107,1.8925837018319651,0.5783616221160688,1.9404098749802186,0.633669432035738,3.2762656505171486,1.2938976626658243,0.5783616221160681,1.6102389618610535,0.6999040611553677,0.44879881861570503,0.6001441432812948,0.5937025445335085,0.4346987198494333,0.7049451926334858,0.2641206449154751,-0.2880230418396634,,0.28761501874524
775,quiet-sweep-588,run_04e67362bd4eb61100c80bc12d7e2c70,0.5985960364341736,1.2596426292278238,2.669515514425695,1.8022488945041064,1.3252007317816852,1.7124861528722897,0.8801148691767708,2.327599346761024,0.7269235628553373,1.325200731781684,1.102579522076279,0.597925682786894,0.3762652030180928,0.3834793921399611,0.5424888993348915,0.41072838933084393,0.573916501903856,0.3277950368836846,0.03649458361796634,,0.4378845162595475
776,neat-sweep-589,run_079b9da8513ec2260f8da319009a59cf,0.5828972458839417,1.3288449266113593,3.894039194338596,1.914592545799116,0.6537198902327472,1.8925542016141799,1.1770389278876834,3.789956450734895,1.3915097915350612,0.6537198902327471,1.7471989238803614,0.5202329391495666,0.5283280853998819,0.4600271366088816,0.6848290764546475,0.5244100007173715,0.5214392752764484,0.2979898155010241,-0.02208487525156891,,0.3354962333541012
777,splendid-sweep-590,run_2e6c52a896aea1685247a32d3e366803,0.5126994252204895,1.6090491384811745,2.7550081654872076,2.045281111813013,1.4735237320865944,1.8315041937015353,0.9322910019144867,2.508845944474688,0.24884396715097892,1.4735237320865933,1.2238368412723537,0.582530071692063,0.6350425055464303,0.454965041662676,0.5948318872210667,0.5548450087623407,0.4867326356209601,0.44072491235391353,0.043157571733478145,,0.40650580547818554
778,rich-sweep-591,run_72f7252740d4a4697b59663f53032263,0.5854499340057373,1.330338225909381,3.206586826347306,2.0656096020214783,0.973737168411424,1.8237933217281215,0.916171027440969,2.9794229722373444,0.7501326595072653,0.9737371684114241,1.4234451653742686,0.5474664761471834,0.48424328087391544,0.35283146569613383,0.6750436931373377,0.4683118669302956,0.5481367839817552,0.335565143295321,0.021558974254740126,,0.38854013998319764
779,good-sweep-592,run_e14a98098634d7875dcbe3707647f1b6,0.5937460064888,1.2927632418634332,3.475068045726729,1.8985723310170566,0.8785445675373513,1.8645988289286282,1.043114231014678,3.3270549809471968,1.0599620972836385,0.8785445675373504,1.627504351954423,0.5176620126153126,0.4730813158586152,0.4154223733358874,0.6736198844406279,0.5069169566885163,0.542625392192452,0.3434367606156069,-0.008918595196023144,,0.36085452297512577
780,effortless-sweep-593,run_951a245dc0b7ecfb8b1fb3eedc6e5803,0.526866614818573,1.4655775366943207,3.8289330430049,2.0530638029058754,0.6817156215062506,1.573789365405919,1.3590299936183787,3.746026129559064,1.8806822488945047,0.6817156215062501,1.4119995252413358,0.546185423514549,0.6308323806709194,0.5140133448264853,0.7148031346717119,0.5692043796851718,0.5120831222968182,0.35739918750109045,0.08946166785046478,,0.4714825205193425
781,royal-sweep-594,run_9fe0012603711832a0c1a50d199710e0,0.6067644953727722,1.2658072750478622,3.2333968426782804,1.9951358180669618,0.9844852119117798,1.8027892071530307,0.9362093171665593,3.009608056614045,0.841301326595073,0.9844852119117786,1.4634633644564017,0.5665071602300601,0.466124310788223,0.3667796826613032,0.6843023693292559,0.4702933281107192,0.5608549329223083,0.3395163310742042,0.018703328213642734,,0.39413250161411756
782,frosty-sweep-595,run_473475771fecd9cdc3cb6e31d755449c,0.5798341035842896,1.36468410976388,3.537697332607513,1.9687934301958312,0.7933174103059255,1.7997388827346097,1.019285258455648,3.4187534022863364,1.0350221099178785,0.7933174103059256,1.5357097642031963,0.541982745938242,0.5009212603435601,0.37795501708010093,0.7099425821603855,0.5315723087411638,0.539765699537236,0.3894377862200773,0.05660130736602112,,0.4040031452396708
783,trim-sweep-596,run_2bfb4081d05d7605446fcef01522bc3a,0.581110417842865,1.3127121888959798,2.7875612411540556,1.7379658875552748,1.3602601890436021,1.7772234530780189,0.9018379068283353,2.4613228089276014,0.4234491471888825,1.3602601890436028,1.369746004114575,0.5613785537126884,0.41527228199842714,0.3719490470261469,0.569916978859956,0.42675025515743226,0.551347582541849,0.3654847016216397,0.034377723600502536,,0.39119918160641065
784,clear-sweep-597,run_cac09564a789e10ef826a39b22e8cd14,0.6999362111091614,0.9486662412252713,3.0328796951551444,1.9430448515476948,1.0411017379815024,1.8002532046209843,0.637855775366943,2.6902014153511162,1.1208843967150983,1.0411017379815026,1.1967795537268562,0.7079578842643033,0.4154079934250421,0.5118682757079462,0.5265315254687712,0.397178433758628,0.6801807868798544,0.27102615987597206,-0.1735832181457073,,0.3938145515168066
785,fluent-sweep-598,run_b451529feae3a98ba0a4702bf7cdf138,0.6759412884712219,1.0617868538608808,3.8172563962983137,1.958597599494631,0.7682081512348817,1.9651843646146543,0.8930567964262919,3.6816004354926526,1.4812002526847756,0.7682081512348821,1.700807089729388,0.6256959461230667,0.5243343871662107,0.5719128116719343,0.5897616590309065,0.5145002353527561,0.6199886187182535,0.2956296062285546,-0.20879576014755552,,0.3159739392503893
786,atomic-sweep-599,run_c6075f5b41a4e7c8fe3495291b12ca7f,0.5395022630691528,1.454256541161455,3.0951823625476327,1.6630574857864817,1.4189653420063015,1.819231682228201,1.015405232929163,2.900244964616223,0.3950094756790917,1.4189653420063022,1.4906037347681595,0.5371051371945117,0.4739602298372129,0.4175468505570986,0.5501630950491657,0.46545732652997224,0.5071290555186483,0.3949054131410134,0.05070997506767724,,0.3687564392939086
787,vague-sweep-600,run_329383199919ac27e50a9e435023a8e0,0.6357370615005493,1.1562093171665604,3.332553075666849,1.7993556538218574,0.9222481959548736,1.750067257477449,0.8286790044671349,3.147033206314644,0.7214782059380929,0.9222481959548736,1.4229585377433145,0.6201207356416252,0.5110829596486454,0.37498754908533666,0.6716485762497181,0.48104438190983023,0.6065195025683066,0.3585296412619902,0.029851745043301514,,0.4073680507396897
788,drawn-sweep-601,run_b8b05d6b062148afeca9204894d2cc90,0.43088704347610474,2.0785960433950224,4.102095808383234,3.098509159823121,0.9591777619676797,2.317645197024846,1.6138353541799624,3.963391399020142,2.007365761212888,0.95917776196768,1.8328137363506887,0.6086465519419066,0.6894539191538911,0.6789095872042907,0.7850967114823862,0.6139792222677489,0.29555228242637704,0.2671696218298414,0.039247890674438485,,0.23699518625820587
789,royal-sweep-602,run_64a95d7dd52c1534027a386b8687e466,0.5544352531433105,1.4373835354179965,3.6453456722917807,2.1439797852179407,0.8975708913507471,2.0031175818958697,1.019004467134653,3.491780076211214,1.0973594440934944,0.8975708913507484,1.7253837632536795,0.573408388497687,0.5078683558747232,0.4032407496089136,0.6869714251048623,0.5548451761008066,0.5296105465537109,0.3185273172363639,0.03317092945069505,,0.3294570966480729
790,fearless-sweep-603,run_f99b28e7acb2b5b6be45e9ee8809076a,0.43178045749664307,2.497141033822591,5.90465432770822,3.751547694251422,0.0,2.7869164424750754,2.497141033822591,5.90465432770822,3.751547694251422,0.0,2.7869164424750754,1.0,1.0,1.0,1.0,1.0,,,,,
791,whole-sweep-604,run_f6a6d06502a1453b7af62169093b9f65,0.46419909596443176,1.6206892150606254,2.6922427871529675,2.0528869235628555,1.40513263543043,1.8773935749327426,0.9210338225909391,2.424632553075668,0.2399999999999997,1.4051326354304305,1.2249010919449281,0.5274949495304282,0.5154763828183578,0.29258452255531076,0.5847784031523247,0.48055514046350156,0.5007609007468947,0.41289766459279736,0.046062329371475946,,0.3948166614597627
792,dutiful-sweep-605,run_8f0425f88ce4aa5d7b97e1aa2374d9a7,0.561582624912262,1.3912699425654118,3.177436037016877,1.8472773215413774,1.1610681979876003,1.7649865485045104,0.9052201659221444,3.0183723462166574,0.6333543903979784,1.1610681979875999,1.4276705174869442,0.5582735255318485,0.5205074228001728,0.35123647160233695,0.6349211220907127,0.5192918840892151,0.5467129574856817,0.41138046646011456,0.047106954553653685,,0.4206808612990427
793,gentle-sweep-606,run_1f81871bfd59e039984d1daecb894c27,0.4902361333370209,1.5895341416719846,3.0707403375068054,2.014403032217309,1.1950553918081108,1.8747270137680012,1.1093809827696244,2.828170930865542,0.7040303221730904,1.1950553918081108,1.4210555467637285,0.4996428745005794,0.45358164039874205,0.33631931807298154,0.6551154359082941,0.4845477011383161,0.4758868687262365,0.3597949895834069,0.06607392285298255,,0.37925182745733826
794,devout-sweep-607,run_9f976b7afa50d33fab0441f91439d624,0.57447350025177,1.2238544990427571,3.3251497005988027,1.9374857864813653,0.9464427279195043,1.6347088146858682,0.9886790044671353,3.13701687534023,1.4778269109286166,0.9464427279195039,1.2950743788574144,0.5712554950345565,0.5203103443649679,0.4625915461481978,0.5773544870713727,0.4719512222630925,0.6118381563743857,0.30027739494489303,-0.08906120793393835,,0.43862949663971257
795,rosy-sweep-608,run_f0cce13df4c13f39bb3a90c9cc0a800e,0.581110417842865,1.3880663688576902,2.886200326619489,2.081566645609602,1.1940390283565405,1.7740069631270772,0.8514231014677727,2.6080838323353293,0.40894504106127666,1.1940390283565403,1.3073033707865163,0.5923664138207613,0.5775823768392411,0.3195613446987836,0.6494933139099989,0.5243654565806479,0.5423218532743646,0.3944493557990053,0.049718932028279234,,0.4167901445738119
796,stellar-sweep-609,run_7e91a6d6afad069a6294268b82df94f4,0.5489470362663269,1.4446585832801533,3.0304028307022324,1.8943651295009478,1.2681979876003662,1.7900815002373796,0.9785194639438421,2.832580293957541,0.5242830069488321,1.2681979876003673,1.40902437094477,0.5386077385296342,0.5415491200747717,0.3118302844555119,0.607747223758354,0.4844996441538732,0.5163623533013619,0.4141999192488084,0.05531317166060867,,0.3961534595775697
797,drawn-sweep-610,run_8a79f68b589a91ef0f9bc4062fb911f0,0.5368219614028931,1.4408423739629865,3.926238432226456,1.9902969046114978,0.6971287732493141,1.9061995568919134,1.2123037651563484,3.834784975503539,1.496576121288692,0.6971287732493138,1.692304953315398,0.49457000459645495,0.5456341259913281,0.4385435622386106,0.5852240783355189,0.5076757114909499,0.5069839425636496,0.3328066356216527,-0.027664540797407988,,0.3388647004002675
798,helpful-sweep-611,run_3b9dc4c9bcac725294193db0884af1fc,0.5910657048225403,1.3008679004467136,3.5621393576483404,1.988742893240683,0.48607582071348715,1.9474125652793164,1.015303126994256,3.3773271638541105,1.104421983575491,0.4860758207134873,1.6688795695521446,0.5063377109827731,0.47361009733393233,0.4133992593302046,0.6895043882638691,0.47746836138522386,0.5411535244163279,0.2847356891836489,-0.030597292359696576,,0.3165614494893716
799,fancy-sweep-612,run_fc1bfac653531e205560595699f15881,0.5527759790420532,1.4633567326100831,3.542542188350573,1.8994188250157933,1.0383169021241996,1.931128343092262,1.1011869814933002,3.392787152966794,0.9346683512318394,1.0383169021241994,1.6376958379490434,0.5193517205775455,0.5248059575885976,0.3719235066883759,0.671228684854377,0.5285455783496865,0.49806992864415217,0.3522286136885072,0.026071527050898297,,0.3507684322524071
800,tough-sweep-613,run_e22688275c59b45dc90a589d1368d574,0.594001293182373,1.3373962986598595,3.6586281981491564,1.9362981680353761,0.7428143103973982,1.8474323468903313,1.0857817485641357,3.5456178551986937,1.1256854074542009,0.742814310397398,1.6504549770533312,0.5218344268557892,0.5092661599873537,0.38587172365354533,0.7271504665381607,0.5425548888600841,0.5325355593291172,0.3624473396445437,0.0458291294450143,,0.3853587302495037
801,sage-sweep-614,run_2982bcdda5beaeb37325005d35ff08a1,0.5777919888496399,1.3110274409700062,2.978470332063147,1.8298420720151614,1.179220449232646,1.8214907422060453,0.9389278876834711,2.7037833424060977,0.6113708149084032,1.179220449232646,1.4590916284222186,0.528398885476561,0.43773832887948744,0.35054145516074453,0.5983526032993929,0.43565249847575027,0.5477157447482072,0.33947753502105216,0.01393949489309479,,0.36717261877662055
802,divine-sweep-615,run_4ac44ee2aa31da0e0d0a7ebe555d1add,0.5562220811843872,1.4141544352265478,3.0516330974414814,1.7767656348704994,1.2664600060981808,1.7626404494382022,0.950644543714103,2.7975231355470878,0.4589387239418824,1.2664600060981814,1.368875613229942,0.5508569842677025,0.53043911499431,0.3521247964754334,0.6199741078086614,0.47029535665869215,0.5290751288053356,0.36904130593978496,0.039255731780796194,,0.4046293868545421
803,snowy-sweep-616,run_73533f2976f76ac5d91d7d3e8ce4bbe8,0.606509268283844,1.2500574345883855,3.245971692977682,1.976234996841441,0.8320764305315583,1.627021680645672,1.0267262284620302,3.0802123026673933,1.347782691092861,0.8320764305315572,1.3079363823389774,0.555082423462967,0.453902320539248,0.42443092934904064,0.6438546099139799,0.49439397989897443,0.5676268192172429,0.3490639536954181,0.018037996941950768,,0.4415942168380388
804,dandy-sweep-617,run_4f8468e0896812576c2660fbc06b0ff8,0.6006381511688232,1.285118059987237,3.7075939031028855,1.9663550221099182,0.7412440288647221,1.825799177084982,1.1070197830248887,3.581518780620578,1.296689829437777,0.7412440288647224,1.6461742364298146,0.5148247943077783,0.5283022415379253,0.4370788238674457,0.7361797133809274,0.5293421117837612,0.5451027106186103,0.32392042490412054,-0.010108220762917425,,0.38147510459102296
805,solar-sweep-618,run_5c453947f9cd7d3f6c37ab677bb2ac78,0.6040842533111572,1.28252712188896,3.4713663581927063,2.2776373973468105,0.6137920520378087,1.6805942395948728,1.0296617740906204,3.314643440391944,1.6459759949463055,0.6137920520378084,1.3112319987339773,0.5621059454749463,0.46794679553804186,0.4940016920473773,0.7228418352390941,0.45869761832208855,0.5709728316273202,0.31115635369230016,0.01751569712481932,,0.4343652539672339
806,hopeful-sweep-619,run_89b1b33e6af9b05ef72b005f0ae6e3f6,0.7151244282722473,0.8941033822590939,3.4257212847033207,2.007934301958308,0.5616170342514483,1.8942277259059979,0.7099553286534784,3.178034839412086,1.4560454832596343,0.561617034251449,1.4770889381231214,0.6891134190588332,0.4483223362646987,0.5732014813395907,0.5744772112330282,0.4031859904294701,0.6939960920504289,0.2422410200522534,-0.23551131686143859,,0.317795045665267
807,sleek-sweep-620,run_610f94b661c25ec98434c1b8c453a70d,0.5258455872535706,1.5692661135928527,4.1237071311921625,1.9728869235628559,0.7567740624047161,1.9695442316822285,1.3826419910657313,4.03154599891127,1.4516993051168674,0.7567740624047168,1.7687529672416513,0.4991814375517653,0.5746000614908557,0.43072135491491875,0.6849960291363766,0.5330109972611455,0.4334615715028546,0.29630994776019237,-0.0038682504703113074,,0.312307821451391
808,worldly-sweep-621,run_cca431773473a41c126ed0118696242d,0.43178045749664307,2.497141033822591,5.90465432770822,3.751547694251422,0.0,2.7869164424750754,2.497141033822591,5.90465432770822,3.751547694251422,0.0,2.7869164424750754,1.0,1.0,1.0,1.0,1.0,,,,,
809,swift-sweep-622,run_38ad75a7e0775ccd2859b7ade31815a3,0.5276324152946472,1.4862029355456288,3.244256940664127,2.065811749842072,0.8997459091371075,1.716687767051749,1.1521378430121259,3.0317365269461085,1.2612634238787115,0.8997459091371095,1.2751859471435354,0.5189952262152259,0.4395315518394544,0.41324489991380137,0.627650978413416,0.4280310402664154,0.4967811846455588,0.31883087702182683,0.05770113066908203,,0.4136966071879434
810,earthy-sweep-623,run_5a1d6fd373216314bca6012e76fb5024,0.5488194227218628,1.449278876834716,3.133151878062058,2.098408085912824,0.8663227970322187,1.6164226934641557,1.1464326738991713,2.9334784975503547,1.31081490840177,0.8663227970322193,1.2090639341667995,0.5359555566025374,0.44014734451342274,0.42531191137502794,0.6551478838112998,0.4624490480062575,0.5146201507297776,0.3725798693238123,0.08331667723891728,,0.4598684248441818
811,prime-sweep-624,run_590c0a2b01db4315d77ea280ea3437cb,0.43178045749664307,2.497141033822591,5.90465432770822,3.751547694251422,0.0,2.7869164424750754,2.497141033822591,5.90465432770822,3.751547694251422,0.0,2.7869164424750754,1.0,1.0,1.0,1.0,1.0,,,,,
812,crimson-sweep-625,run_ebe20ba57af795527bc1ad2315d24a8f,0.6148053407669067,1.2253733248245058,3.4501088731627663,2.058547062539483,0.8096656164244335,1.6715144801392625,1.0025526483726859,3.2689439303211762,1.440328490208465,0.8096656164244334,1.35780186738408,0.5667319933091821,0.44806053709131416,0.43406953356958144,0.6773171535926009,0.4794078992197203,0.5724221201042955,0.2979867488697424,0.016304734007258043,,0.4171661419654377
813,crimson-sweep-626,run_0a372b475711fef6029eb1a70d88cd64,0.625526487827301,1.1857562220804085,3.0877789874795867,1.6603790271636139,1.0950249009045636,1.697467953790157,0.8493682195277594,2.8617038649972795,0.5832849020846502,1.0950249009045652,1.3888827346099064,0.6146648839059841,0.46144586154874134,0.427426810969575,0.6068854892976163,0.47359962882055784,0.5915772994582621,0.3789151609262858,0.03952365193644397,,0.4107234510839022
814,worthy-sweep-627,run_9de3a70c1cfbf88a6aa0194309270610,0.5731971859931946,1.2824377791959158,3.00201415351116,1.87234365129501,1.2198343327573942,1.737490109194493,0.9217996171027436,2.754872074033751,1.006190777005686,1.2198343327573937,1.2611805665453393,0.566748249972084,0.43102918411495733,0.4051918717875044,0.5132933327960699,0.40916356831439155,0.5833461451489403,0.32526504690121405,-0.02050568315805834,,0.40741347425556074
815,sweet-sweep-628,run_ed7ef707373c6ce5c7247b2d6ff162fa,0.43178045749664307,2.497141033822591,5.90465432770822,3.751547694251422,0.0,2.7869164424750754,2.497141033822591,5.90465432770822,3.751547694251422,0.0,2.7869164424750754,1.0,1.0,1.0,1.0,1.0,,,,,
816,proud-sweep-629,run_c0c9b46fed9eb25bccc9e395710e5f24,0.5908104777336121,1.3089342693044033,3.1316820903647256,2.044662034112445,0.8913456652098791,1.6900300680487417,0.9838544990427577,2.9054980947196514,1.1408338597599508,0.8913456652098789,1.2521205887007436,0.553462302700312,0.4441334246324227,0.3966904511062159,0.6360572075962013,0.42789484819346046,0.5559022830964633,0.3166440776164382,0.020460344335554825,,0.4274041121772958
817,woven-sweep-630,run_d6e5c96b9a2bb12d9d7f19419e5f0bfc,0.6020421385765076,1.2547160178685386,2.911350027218291,1.8675047378395455,1.105813598942982,1.622626206678272,0.970580727504787,2.6904463799673386,1.041326595072647,1.1058135989429816,1.1817178351004907,0.5832426520159522,0.4146891639872215,0.4038344028349775,0.5999758765770686,0.45806019614886606,0.5681426365252975,0.36242058735460236,0.03986179254440311,,0.454368098083896
818,curious-sweep-631,run_d822a1f1d20dd1b5c9d0d6100118ffc7,0.5655392408370972,1.4310912571793237,3.5856015242242796,1.9355148452305753,0.8193820510214455,1.8836920398797279,1.1124186343331213,3.480865541643985,1.1231332912192038,0.819382051021445,1.6500791264440564,0.546471667752362,0.5313654338610454,0.39227676148517066,0.7215979922349822,0.5476186665348841,0.5160584223456168,0.3841387719981673,0.03305630866657497,,0.38347831071342553
819,fine-sweep-632,run_89b4061a6b0fadcf066eaff1449762a9,0.590427577495575,1.2644671346522016,3.1920250408274367,1.759292482627922,1.0232137412338653,1.7677441050799176,0.9779323548181236,3.0097713663581933,0.8204674668351246,1.023213741233866,1.454838582054123,0.5153861429305343,0.44947902468478435,0.4109767582926284,0.6145994611295483,0.458050249642954,0.5590544108834734,0.38811471482823456,0.01094226669168441,,0.3940293731020014
820,wandering-sweep-633,run_2773e2c9de3bf6f62177bddf05e21bb9,0.7386087775230408,0.8239438417358009,3.5783070223189997,1.9534049273531275,0.5816139851610936,2.096874505459725,0.6229738353541809,3.306614044637996,1.3809475679090344,0.581613985161092,1.71065833201456,0.7037549685257696,0.42990905511336575,0.6162380678734476,0.5821467916790871,0.40104904584766055,0.7130862092443018,0.1865918134748529,-0.3077954624551354,,0.2205170013172864
821,celestial-sweep-634,run_f51bc534fd03efcf49d5607c4314d70a,0.6132737994194031,1.2332610082961073,3.341616766467066,2.0323057485786484,0.7209777416404107,1.696008070897294,0.9512954690491384,3.1175013609145354,1.2451926721415039,0.7209777416404096,1.2864495964551352,0.5771662773782276,0.43120075332819185,0.4194090604348243,0.672503556219539,0.42117330364578864,0.5722885838924863,0.29098574738368843,-0.008749931835810382,,0.41631630181794277
822,dark-sweep-635,run_090b361b7b8675fd9e521fb72a765049,0.5061901807785034,1.5623994894703257,3.0145345672291786,2.0647378395451677,1.2838499847545484,1.920276151289761,0.9996171027440965,2.7407185628742514,0.47017056222362613,1.2838499847545477,1.3899786358601043,0.517182319450084,0.46588020759972865,0.3182089838138109,0.6430168648155593,0.4706841027396533,0.4911431253623727,0.3628519225518688,0.05341224853163609,,0.36267197133670587
823,robust-sweep-636,run_e529dc84e252a9bf487c2eec6b8f4a04,0.5726866722106934,1.32932992980217,2.9829069134458366,1.9324952621604554,1.0518548632991158,1.7232038297198926,1.007925973197193,2.7231355470876433,1.1077574226152882,1.0518548632991156,1.2770493749010923,0.5500963185482686,0.40785982179682706,0.3935507454586087,0.5823356477692154,0.44512192405537365,0.5471354730816621,0.320596409847232,0.045850673455326646,,0.40607178962664947
824,effortless-sweep-637,run_11ce9c3d6dba30fccb1543123053323f,0.5914486050605774,1.3228334396936823,3.768644529123572,2.0103474415666462,0.6910966561642444,1.884744421585694,1.146700701978302,3.6597169297768106,1.3849273531269735,0.6910966561642449,1.7006804874188945,0.4917005980309053,0.5282021791270624,0.45105784886505124,0.6915158160700444,0.5242961622491357,0.5297736848732671,0.32469906448553376,-0.020200884144370906,,0.35400607466603207
825,snowy-sweep-638,run_404590efed13bccc07f09adb210d1c77,0.5582641959190369,1.3688704530950864,2.9947468698965714,1.8546304485154774,1.1436274011586545,1.719686659281532,0.888819400127632,2.79839412084921,0.5845609602021486,1.1436274011586538,1.3905206520018991,0.576957327251476,0.46539847413063057,0.36219551128563676,0.6291263286025751,0.47499291059119375,0.5617800699664843,0.42718685213510516,0.07578234193280911,,0.42792334502392243
826,light-sweep-639,run_f9a5e37e940012babda736b4423104ff,0.6020421385765076,1.2651308232291003,3.369978225367447,2.078761844598863,0.7432106921435105,1.6346296882418105,1.0314358647096373,3.1820087098530223,1.4253442830069492,0.7432106921435117,1.2838700743788585,0.5410374657817655,0.4537397011764,0.4371688535580883,0.6924233624495186,0.45690763856993827,0.5659102917299721,0.31810562485648536,0.040092595740117476,,0.4424434584017246
827,glamorous-sweep-640,run_eef974b6c07c071aa5eadb705b6dbd7e,0.6195277571678162,1.2346649649010852,3.652449646162222,2.277018319646242,0.6262272588677712,1.732006646621301,1.0019910657306952,3.4655688622754486,1.6688818698673402,0.6262272588677719,1.4154059186580166,0.571737011361041,0.5009555060955634,0.498306994860007,0.7217866938393479,0.44848722333941554,0.5762697522746946,0.25706932862771925,-0.01485489198505735,,0.40708425500890316
828,divine-sweep-641,run_e55f2003c803dcdec31ffb23e60a8726,0.517804741859436,1.5106190172303766,3.4537833424060977,1.9154516740366396,1.0404715926415287,1.8356187687925307,1.1158774728781111,3.245073489384867,0.877346809854707,1.0404715926415293,1.4553212533628743,0.44774510915603777,0.4580487472999811,0.3561801232321298,0.6266969141439113,0.4394778020954967,0.4796935329252083,0.3024418541391943,0.045619597558243824,,0.36278435383910235
829,sparkling-sweep-642,run_a522466dc759037753874cad9e17bcf6,0.6070197820663452,1.260114869176771,3.0334512792596633,2.125041061276059,0.8886014838906394,1.6943464155720842,0.8825781748564143,2.780647795318455,1.079128237523689,0.8886014838906398,1.1301036556417159,0.5991675385464634,0.4232963154782781,0.40236647192159114,0.6553084502930437,0.43567209569082394,0.5761698601408184,0.31654395686743264,0.026424751150525783,,0.4382342232003662
830,comic-sweep-643,run_2c05b6aa8f973117303143f88a2cc68c,0.5954052209854126,1.2718825781748566,3.024605334784976,1.8535944409349343,1.124118304705763,1.8093448330432031,0.9217613273771537,2.767229178007622,0.6826279216677198,1.1241183047057624,1.4270770691565122,0.5692368728463155,0.41736201165663295,0.3761833157743511,0.6034618402453302,0.4331536792168812,0.5603899243781766,0.34863915484815355,-0.0017212105607044836,,0.38043119733500774
831,skilled-sweep-644,run_4931af7e3021e78222638cc2799950db,0.5467773079872131,1.4279387364390557,3.199074578116495,2.1326468730259007,0.9033489175729242,1.5507042253521128,1.090223356732609,2.9817637452367993,1.1568540745420102,0.9033489175729248,1.1041145750909955,0.5215554456962763,0.4523256955851018,0.4137317626025604,0.6723324568580882,0.4413313546345389,0.5275995985510304,0.35905021724204944,0.08908246230567324,,0.48884544156237586
832,whole-sweep-645,run_5372c86962ddd6fc3e563eca368a98cf,0.6075302958488464,1.2492022973835355,3.610125204137181,2.108591282375238,0.6686350238845412,1.7075170121854726,1.0397064454371405,3.432988568317911,1.5899810486418189,0.6686350238845402,1.4074695363190377,0.5442292131950623,0.469093914113869,0.45881636497142675,0.6902700062000533,0.49854463828685447,0.5675769875940995,0.2691167453200314,-8.722137209254965e-05,,0.40422089935182387
833,hearty-sweep-646,run_ec36f2e237e16f6268b4fcece74f18b3,0.6039565801620483,1.2514486279515,3.0315732172019607,1.8141124447252055,1.1642799064945626,1.7300284855198607,0.8172941927249536,2.821611322808928,0.44496525584333607,1.1642799064945628,1.4066545339452452,0.6077694114507478,0.5080366845900248,0.34391852632251063,0.6245669372956263,0.47932498998716677,0.5851007511913868,0.4019876850179221,0.04878961995925396,,0.4163210828521737
834,fluent-sweep-647,run_c28531546070ca80f44bec6223680b2b,0.5774090886116028,1.3289470325462671,2.844175285792053,1.7879595704358815,1.3716332960666737,1.8145315714511792,0.8705679642629226,2.5734621665759394,0.3060644346178152,1.3716332960666737,1.3568958695996205,0.5420299554597683,0.49852888571921133,0.3579377773521055,0.5702011576912919,0.44203824044467876,0.5501652185750192,0.3794227145859664,0.020483732690250445,,0.37994511708745116
835,revived-sweep-648,run_d790ce8247e694f1df32e20cd7bceaa8,0.5821314454078674,1.3630759412890876,3.4607240065323905,2.0700568540745423,0.7863299115763798,1.9217795537268556,1.0474409700063818,3.217719107240066,1.255173720783323,0.7863299115763793,1.4488407975945568,0.5464175724965946,0.43001025818152305,0.44005922165820643,0.5616322740686879,0.39647047110095096,0.5262209209609163,0.2362142677877639,-0.06655526086990929,,0.3311689127797014
836,lilac-sweep-649,run_0c8a140fda64365469d95469d92267b1,0.6160816550254822,1.2195022335673262,3.3265106151333703,1.8910044219835758,0.8429616830978758,1.6497744896344357,1.0131716656030643,3.1301578660860105,1.269879974731524,0.842961683097876,1.351523184048109,0.5672458046340949,0.4467414244307895,0.4288473326309741,0.654061289487474,0.4927645283203651,0.5700083882738951,0.3054253650379106,0.028531086975622094,,0.42653340321799815
837,olive-sweep-650,run_05ae21c5e112de826519f3d73eb30641,0.5766432881355286,1.3639438417358012,3.0197332607512255,2.12367656348705,1.0306687671511332,1.6944809305269823,0.9498787492022978,2.740691344583561,1.0396841440303217,1.0306687671511332,1.0971237537585068,0.563673645572798,0.42737273398684983,0.3995169683619066,0.633849027102034,0.4088185402918367,0.5415453136989327,0.3314456042864079,0.044173136967738835,,0.4396071387421835
838,dainty-sweep-651,run_414cb9ee72c3d622c87a5fe95ebc9070,0.43178045749664307,2.497141033822591,5.90465432770822,3.751547694251422,0.0,2.7869164424750754,2.497141033822591,5.90465432770822,3.751547694251422,0.0,2.7869164424750754,1.0,1.0,1.0,1.0,1.0,,,,,
839,volcanic-sweep-652,run_5734cc0b2a8aad44a94f0674774dbb73,0.7608168721199036,0.7470070197830249,3.2255851932498647,1.9098168035375873,0.7735440593556258,1.9157461623674636,0.5661008296107208,2.932607512248231,1.381933038534428,0.7735440593556251,1.441129925621143,0.7384743412942748,0.39271219294051574,0.6443179133544041,0.5679747994236051,0.42446660350013127,0.7404465018567917,0.2035548855444773,-0.36600535562094705,,0.30483387482358215
840,valiant-sweep-653,run_c96aff842ce20b3735efbd5448409a57,0.5923420786857605,1.27018506700702,3.07022318998367,1.7765003158559702,1.0726344140664703,1.7725470802342143,0.9441097638800261,2.8270549809471968,0.6460138976626651,1.0726344140664699,1.4226736825447064,0.5458490401515602,0.41698822637450794,0.391746639849312,0.6042451232585866,0.4592414003969537,0.5626020172048798,0.35278738334202686,0.012039804905681795,,0.39434640313578095
841,fiery-sweep-654,run_11ffad0d363b6e37986a358191ba6d83,0.43178045749664307,2.497141033822591,5.90465432770822,3.751547694251422,0.0,2.7869164424750754,2.497141033822591,5.90465432770822,3.751547694251422,0.0,2.7869164424750754,1.0,1.0,1.0,1.0,1.0,,,,,
842,wild-sweep-655,run_c071d45791735437fee728d48e8f0209,0.552520751953125,1.4041863433312063,2.979967338051171,1.9875552747946938,1.0600365890842567,1.5514480139262543,1.0306573069559655,2.7444746869896566,0.9630448515476954,1.0600365890842582,1.065026111726539,0.5365648080139195,0.4433471217645115,0.3668159180155157,0.6415549463239355,0.4334384915545001,0.5313529434128215,0.37489227551063486,0.08567832002868261,,0.49217131352584875
843,lyric-sweep-656,run_6fb6b18cb4e12089ff3b50cbb1458683,0.6114869117736816,1.2283982131461393,3.209444746869897,2.057359444093494,0.8469915641833521,1.6663119164424753,0.9427313337587763,2.9991562329885686,1.2313076437144657,0.8469915641833529,1.2792332647570812,0.5649193202363632,0.45048305256735194,0.40966653896497784,0.6417132434732787,0.4332990990028478,0.5786833195164618,0.32514651592546173,0.00248236292164411,,0.432699004417138
844,wandering-sweep-657,run_82af11255e3d25c9927979a80467ef8b,0.5730695724487305,1.37059349074665,3.567637452367992,1.8727858496525591,0.812176034149812,1.9437490109194495,1.0969240587109124,3.38598258029396,1.09658875552748,0.8121760341498123,1.6337157778129452,0.5039700787070452,0.4673051590021169,0.44120007662101335,0.5746185442911196,0.4655020430101341,0.5147618168535527,0.29844347575198577,-0.06329918010321048,,0.31304098672557407
845,desert-sweep-658,run_621c608a2673793bce99b1756696baa0,0.5927249789237976,1.3195277600510529,3.2514697876973324,1.8490966519267218,1.0552952535826814,1.8056535844279158,0.9940906190172305,3.0584376701143174,0.9098168035375874,1.0552952535826823,1.5598868491849975,0.5804442868697101,0.4697982124927112,0.40307409890495804,0.6505532666206815,0.4859455515235106,0.540394055258514,0.3543847500717762,0.01918750179193976,,0.37358733380134257
846,peachy-sweep-659,run_10c7c3335fa471ea67a9f6581453e7c5,0.552520751953125,1.3035864709636251,2.519107240065324,1.8361844598862922,0.9424280922858015,1.5644801392625416,0.8925590299936189,2.2458356015242247,0.8179153506001254,0.9424280922858023,1.08251305586327,0.530563278306856,0.4489555714160755,0.37787791718545477,0.5770529179088076,0.41784668581281603,0.5776916469389783,0.4471640947930933,0.07664451807637016,,0.49655442715187
847,gallant-sweep-660,run_64a3018a501c6750cfb29938ca1b78a5,0.5867262482643127,1.3008679004467134,3.5902014153511157,1.8820467466835127,0.8344648846427484,1.8984728596296883,1.0438672622846212,3.430321175830159,1.1124699936828808,0.8344648846427478,1.6298306694097164,0.5129216550102277,0.4852045567289995,0.4475206717108834,0.5847105291994721,0.5020993141275603,0.5487928380949387,0.3322989217660708,-0.06293256162215438,,0.35033565515162907
848,devout-sweep-661,run_529147974c8d3d7ef2ff351b96442fc1,0.5273771286010742,1.4260114869176772,3.3088459444746876,1.706860391661403,0.6531253176135786,1.6627670517486945,1.207198468410977,3.13502994011976,1.1982817435249533,0.6531253176135791,1.3491731286595978,0.5499041381927999,0.5234806879567254,0.5087421383647799,0.6232235376314934,0.5114920786305397,0.5089124545909386,0.3051220325176921,0.06021223618083166,,0.41224912189423174
849,whole-sweep-662,run_82be19224d96a8787c5eef6bfcd03441,0.5743458867073059,1.2903637523931077,3.5651878062057705,1.9683891345546434,0.6992021546905173,1.8749604367779713,1.047862156987875,3.419515514425695,1.213265950726469,0.6992021546905177,1.6429854407342943,0.5513924746751319,0.4938409700099082,0.415864061552214,0.6673751167083313,0.5024654818538208,0.5652668351647812,0.3256005818791991,0.0002697934486848852,,0.35808963277382444
850,robust-sweep-663,run_4d9daf4af6fdaf8c80e32e1e24074f88,0.6086789965629578,1.258991703892789,3.256287425149701,2.1378900821225524,0.8691584510621,1.7420557050166168,0.8999617102744091,2.971203048448557,1.162173089071384,0.8691584510620989,1.308157936382339,0.5744289586199524,0.4496425991869886,0.41636896210452384,0.6590650456115259,0.4095906370989333,0.5702934968846263,0.26347201610317716,0.012155234967269973,,0.3994721062528446
851,fresh-sweep-664,run_930a8608177ea47249352e787562a4f7,0.5942565202713013,1.2825526483726866,2.9254763200870992,2.0490461149715733,1.0531456448826102,1.6896067415730338,0.9143586470963619,2.6518780620577034,1.0198104864181938,1.0531456448826098,1.124501503402437,0.5747371501400392,0.40612557054095655,0.38300322446764357,0.6289204918627535,0.414669079093327,0.5693315399326745,0.3550885949449835,0.055685180080721625,,0.44525932614067754
852,super-sweep-665,run_c8826a4657e931d759d5e42e9b33a26a,0.5643905401229858,1.4645054243777922,3.798557430593359,2.1889829437776376,0.6311007216180505,1.9676293717360342,1.21115507338864,3.7244148067501373,1.4330764371446634,0.6311007216180511,1.756512106345941,0.5278649745126303,0.5679306269167744,0.4541560514637806,0.7725344624589904,0.5951799549328662,0.5098357671320829,0.3651148432196991,0.037069943536419236,,0.3621730239864681
853,sunny-sweep-666,run_0294b4b2ffe415d18c4896f297b6bec3,0.5384811758995056,1.4088576898532228,3.374741426238433,1.7089197725837022,0.9843937392011384,1.7412050957429972,1.1417230376515641,3.2474142623843223,0.7753253316487679,0.9843937392011392,1.501649786358601,0.47818428164619153,0.5154205704796901,0.4228756824058998,0.6695213978893912,0.523059411562304,0.5150490180133117,0.40502174619701864,0.06271457239848266,,0.41587834062247847
854,ancient-sweep-667,run_4dc7a14e702729ac6838048cccfa62e8,0.5766432881355286,1.33189534141672,3.2409907457811657,1.94433354390398,0.9069061896534202,1.7898639025162209,0.8960561582641992,3.0919978225367446,0.875097915350601,0.9069061896534202,1.4597721158411139,0.5929206175933376,0.5032776245207521,0.3724959295086677,0.6989025306434425,0.5256907999218846,0.5717022174285893,0.4088955077836117,0.07885137386242921,,0.4179615375389935
855,wise-sweep-668,run_527ed9d6bde21bd91135a43ba72f10b5,0.5283982157707214,1.536222080408424,3.39148067501361,2.0708528111181304,0.9061185079784532,1.8183731603101758,1.2290874282067659,3.1857648339684266,1.239848389134556,0.9061185079784528,1.389871815160628,0.5018696139456823,0.44150842138206753,0.41188535580883057,0.5981807441592752,0.4194167329205098,0.46943955989339514,0.2956654586605975,0.025925485705311058,,0.38355996612108334
856,eternal-sweep-669,run_639018898df01328e052726a4810403e,0.5613273978233337,1.4140906190172304,3.3376973326075134,2.2395830701200254,0.6878188840329302,1.5450704225352114,1.1459093809827696,3.1693794229722383,1.5393177511054965,0.6878188840329296,1.1699161259692985,0.5497017529974653,0.4676467943288895,0.4783901605848737,0.7191865952176146,0.4652556112238891,0.5350223360046178,0.36175569398605784,0.09498864050421393,,0.5019310783744673
857,resilient-sweep-670,run_8d633fdb9d627df1f18b6a900b28a50b,0.6635609269142151,1.0782897255903001,3.051224823081111,1.6091977258370185,1.315987397093201,1.8410943187213167,0.7611486917677095,2.8172563962983133,0.577915350600126,1.3159873970932,1.337327899984175,0.6631016893668726,0.42349249260971344,0.46673546595153725,0.5162015642694123,0.3886510575489859,0.6222664122668917,0.34532302449720487,-0.0886886307558718,,0.3643733464859367
858,misunderstood-sweep-671,run_f872a4f1840cd23450e7d7e71c602f57,0.600127637386322,1.2739246968730058,3.504354926510615,2.118168035375869,0.6931852830572214,1.706017566070581,1.0753031269942566,3.328252585737615,1.5647631080227415,0.6931852830572218,1.3710911536635546,0.5383744105177262,0.47199246331102224,0.45833333333333337,0.6755631993844028,0.4838305100413858,0.5631110602312698,0.29902216935047876,0.014994169759585951,,0.4126670153055718
859,earnest-sweep-672,run_524d6009840d1d29863cce7549a344ee,0.5665603280067444,1.3638162093171666,2.985057158410453,1.7846114971572966,1.230165667242606,1.7974679537901568,1.0088959795788128,2.654191616766468,0.6309286165508544,1.230165667242607,1.4227884158885906,0.5251223373832407,0.4163295007046042,0.40247422022156243,0.6132649340530663,0.44603018983055365,0.529043074312754,0.32147132598709394,0.030593786658049543,,0.3878217408501635
860,hearty-sweep-673,run_58e5c065e21d3b1d57280dde70e8cbab,0.7295469045639038,0.8900829610721124,3.4885410996189448,2.2275047378395456,0.6862638479520278,1.8178509257793956,0.6470963624760692,3.295726728361459,1.563272267845863,0.6862638479520268,1.2956243076436145,0.7152973588950491,0.5093829586942643,0.5442122402068768,0.5774477817534026,0.41517303988899773,0.6961947811461198,0.3245222041803959,-0.20908637842255007,,0.3751350283465797
861,radiant-sweep-674,run_7b33e7ba8ba35ffb002fe61a6c8b94a5,0.5592852830886841,1.420906190172304,3.1978497550353846,1.9755780164245107,1.0532828539485721,1.865520652001899,0.9221697511167836,2.9929504627109424,0.6475679090334806,1.053282853948572,1.507805823706283,0.5622256492064698,0.49826235609115743,0.32363008013280975,0.6614300501603951,0.5107283189939652,0.530652252866735,0.3789139168842143,0.048405127297412115,,0.37317022607440314
862,avid-sweep-675,run_83ac6ce03fe84d5e9addfb9068773ff2,0.5492023229598999,1.3943586470963625,2.778089275993468,1.789361970941251,1.2169885150929973,1.7022115841114103,0.9359540523292911,2.4789058247142086,0.30855337965887636,1.216988515092997,1.2176412407026427,0.5210271577880441,0.44551597735075693,0.3227205248539412,0.5844838124709227,0.41665307400911844,0.5346459849403961,0.40618776646907917,0.08959022537720135,,0.42325581757045294
863,skilled-sweep-676,run_c78f2cb2029f8bfd2317476ebd5df1df,0.5812380313873291,1.3347543075941288,2.573598258029396,2.0419583070120026,1.213233052139445,1.6432307327108722,0.9100957243139767,2.2410451823625483,0.8685407454200889,1.213233052139445,1.0367977528089884,0.5810922799108109,0.4197393032176757,0.3646681352360885,0.5914701233366153,0.42422446071959563,0.5507485706619615,0.3749067449117905,0.06195834131802311,,0.4785380333858996
864,curious-sweep-677,run_da846ec5cc870e3e5d4b8b62969b387e,0.5591576099395752,1.4132992980216976,3.000489929232445,1.895047378395452,1.254283971948369,1.760899667668935,0.8630248883216349,2.792651061513337,0.31334175615919213,1.2542839719483683,1.332485361607849,0.5761971714001586,0.5897405787419615,0.3158073939277847,0.6395104981623922,0.5216257234824004,0.5420270220890873,0.4167813126512179,0.06043971222987615,,0.4208286690537044
865,frosty-sweep-678,run_1f29368139969942d5463df3293d2a27,0.6000000238418579,1.2758519463943843,3.72185628742515,1.8597599494630452,0.7559253989226549,1.8709131191644248,1.0974473516273133,3.594583560152423,1.185824384080859,0.7559253989226535,1.7079601202721941,0.5088231551683899,0.5158436805331367,0.44502953101554765,0.6764884315276583,0.523929463067672,0.5412897060432705,0.31526299844041505,-0.035794277759673254,,0.3505247173823944
866,apricot-sweep-679,run_ae0a7ac8caaa30a3b86cb81b962b35cb,0.5703892707824707,1.364033184428845,3.60525313010343,1.897372078332281,0.8581664803333672,1.819152555784143,1.1139757498404594,3.4963799673380516,1.1462160454832604,0.858166480333368,1.580040354486469,0.485417565080742,0.5232673537017672,0.4040144622162628,0.6519640142160323,0.5395542673527522,0.5281525887476562,0.3900880068154424,0.0009213562916223494,,0.40411566102805585
867,young-sweep-680,run_597765432b17759135a0181542039705,0.4798978865146637,1.609840459476707,2.590092542188351,2.07584333543904,1.5279703221872145,1.843594714353537,0.9484237396298661,2.260805661404464,0.26899557801642604,1.527970322187215,1.1939507833517953,0.5102096306002895,0.45196259856259696,0.32586964850110145,0.571874127110493,0.43965102976004916,0.4916271231903576,0.39663506428814305,0.08115859520351845,,0.3998947445733725
868,wise-sweep-681,run_8eddb94528a08cb76f6a340930bdb1a9,0.6139119267463684,1.2544990427568603,3.5586281981491568,2.1299684144030326,0.6089948165463971,1.6615405918658017,1.0967453733248247,3.431845400108873,1.673973468098548,0.6089948165463976,1.4356187687925304,0.5596294582727871,0.5048853490044328,0.47237828432781026,0.7114838684471297,0.5129666606685991,0.5768805335828134,0.3487990144267032,0.013631131386047796,,0.4322324249095332
869,revived-sweep-682,run_c5c55cf74821f09820d66bc949ad2dd8,0.5742182731628418,1.336821952776005,3.1762928688078396,1.7734175615919143,1.02982518548633,1.8520928944453237,1.0897511167836622,2.9078116494284156,0.9300315855969677,1.02982518548633,1.6197301788257634,0.5218899776550866,0.46228761835690596,0.44449062988858024,0.6407621670465973,0.5128505099109041,0.5279368133520077,0.32251841199559406,0.009681123911620015,,0.35762472032414655
870,confused-sweep-683,run_98cd01e80ff0ef9508e6241012987b89,0.5673261284828186,1.3578813018506701,4.046271094175287,1.943499684144031,0.554959853643663,1.9151685393258429,1.2338481174218252,3.9974959172563973,1.6570309538850285,0.5549598536436643,1.861425858521918,0.5978838374820736,0.6506827229459544,0.4888350413434218,0.7675643943702045,0.6296439876874487,0.5613587520141495,0.37661224156848716,0.05548485834088157,,0.3922804998358483
871,iconic-sweep-684,run_4a52715e302ae9f62ca08c6c6e3bb9d7,0.63165283203125,1.1582897255903,3.2547632008709857,1.8368161718256477,0.8215265779042588,1.815556258901725,0.8147798340778557,3.06232988568318,0.8287049905243211,0.8215265779042579,1.513546447222661,0.613762215003058,0.44683430724690293,0.3950304887782141,0.6357140939939782,0.44838520838741736,0.6038523349975335,0.3448604494386303,-0.011779629844970274,,0.3625952136826263
872,sleek-sweep-685,run_046c86331ff25492f16b3b7fae84942f,0.5886406898498535,1.2808423739629868,3.241643984757758,1.7785596967782695,0.969768269133042,1.8325526190852985,0.9727377153797064,3.0426238432226467,0.7554390397978524,0.9697682691330428,1.5052856464630464,0.5403843427369395,0.4303836135372004,0.4061823580116847,0.6030355622488979,0.44519184287566826,0.551107509140156,0.32882852334184476,0.011420795887985336,,0.3565784045417772
873,giddy-sweep-686,run_cd6fe68f7a9eb2ace3d43e637313ab9f,0.5832801461219788,1.3415443522654755,3.392977681001634,1.8617940619077706,0.9293474946640919,1.777773381864219,1.0341799617102752,3.2767011431682085,0.8878205938092233,0.9293474946640903,1.5650340243709449,0.5388538886124611,0.500935810105982,0.3868875905883855,0.6699641284681368,0.5208468921959946,0.5443717488833977,0.41624139751990635,0.049056951028925044,,0.41053871448543944
874,wise-sweep-687,run_6eb87b253984af8378b7d5ed373eb1a0,0.6202935576438904,1.235698787492023,3.5912084921066962,2.2056222362602664,0.5733001321272487,1.7241889539484099,1.0334014039566057,3.451578660860099,1.6042830069488314,0.5733001321272486,1.3723373951574618,0.5683482569604121,0.49965120529841656,0.47787376688056704,0.7168519433903243,0.4581895801265322,0.5747524202658822,0.3140773669931341,-0.0023630338283336105,,0.40787090677770277
875,amber-sweep-688,run_71e1ed24c2dd653abc0eab0c49dbe6a8,0.5857051610946655,1.3431525207402684,3.5157049537289065,1.8605938092229946,0.8551529626994614,1.7839412881785093,1.049546904913848,3.376020685900927,0.9309412507896396,0.8551529626994625,1.5365208102547874,0.5496543881426332,0.4977005324556909,0.387605912588194,0.7076456522835709,0.5144591063392644,0.5408161230355035,0.3636192930218368,0.06099875216662268,,0.40550053962612925
876,brisk-sweep-689,run_cd6fbe09872a623dbc1e7fe2301ee5bf,0.5369495749473572,1.4239948947032548,2.6048448557430595,1.777081490840177,1.2740573228986687,1.597262225035607,1.0202935545628598,2.27550353837779,0.6795198989260903,1.2740573228986694,1.0472226618135787,0.5203818720130439,0.39527386051849506,0.3819310091625962,0.5497978908627823,0.4393159270955459,0.521007608366388,0.38445590992967604,0.09109101731660613,,0.47909906303770805
877,worthy-sweep-690,run_cf3b29541952658970a7d705e7fbffe0,0.5373324751853943,1.4934014039566053,2.9554164398475784,1.9597094125078967,1.363649761154589,1.809740465263491,0.8720102105934916,2.7144256940664127,0.2505243209096665,1.3636497611545904,1.3426491533470486,0.5944162609557019,0.5584661194403105,0.29539763113367173,0.6154722994292904,0.5174101088182239,0.5281782602368321,0.40247593645887864,0.04886035880184744,,0.40107351315721546
878,magic-sweep-691,run_c4cae2d68a8505a851f3af4816225a4d,0.5475430488586426,1.4243650287172944,2.9408818726184,2.0107643714466206,1.1539790629128979,1.5787268555151133,1.0286790044671357,2.693195427327164,1.0244346178142776,1.1539790629128994,1.04315951891122,0.5374548012338863,0.42453087972869047,0.3768922197746065,0.6250417605143263,0.45045384021331336,0.5241706627826772,0.37156666422068896,0.06962571287655217,,0.484863135532696
879,decent-sweep-692,run_ab9ebb12ffc4f477240ca6791200de46,0.586981475353241,1.290274409700064,3.4234077299945573,1.7207833228048015,0.9981553003354001,1.8133763253679382,1.0858583280153167,3.2578660860097983,0.9712697409981056,0.9981553003354006,1.618938914385187,0.5200442293280942,0.46794232768982713,0.47263528397663057,0.6265676136775464,0.5288220042619451,0.5376623151106482,0.32017457627808,-0.021844451332361903,,0.3687653363599066
880,hardy-sweep-693,run_bc63de5b435b4f1a4e82cc03c97d2376,0.5854499340057373,1.3191448627951499,3.0178824169842136,1.8454200884396719,1.2227767049496903,1.7363862952998892,0.8577791959157628,2.7981219379422972,0.5507643714466226,1.2227767049496896,1.3494738091470175,0.6034181562547553,0.5398616542186657,0.33023752514127,0.6473036660217371,0.5056499596896384,0.567991812967113,0.4039144863169699,0.05577686296322623,,0.4209956052522103
881,efficient-sweep-694,run_5baad2179db4b69fe6120dd4d04c0fe7,0.5705168843269348,1.3929802169751118,3.5141262928688084,2.0021351863550225,0.9012145543246266,1.871898243392942,0.9897894065092545,3.380484485574306,0.9243840808591292,0.9012145543246263,1.5812589017249563,0.5876595040615202,0.5484201729658044,0.36157041151869235,0.7169101699860667,0.5598177360217278,0.5407210254110468,0.3598366940207528,0.060002367771209986,,0.39179803106848177
882,legendary-sweep-695,run_80ebf0575b9b8a526de27e78c9f18996,0.5106573104858398,1.5484492661135931,3.853102885138814,1.7944535691724577,0.9952027645085884,1.9925502452919768,1.3407402680280787,3.7343222645617864,1.2966898294377767,0.9952027645085895,1.9099343250514316,0.6190244503200613,0.6269361051351082,0.5246180123232129,0.6629478106575959,0.5887930241956635,0.4636977980522481,0.30015132620165563,0.052709454208774376,,0.31242546922876363
883,expert-sweep-696,run_ba3ded573fa76a01a57ba39dfbc0a665,0.7471601963043213,0.8189789406509255,3.6478769733260754,2.1119267214150352,0.6358166480333368,1.878374742839057,0.6468538608806634,3.436717474142623,1.6139102969046115,0.6358166480333384,1.4594318721316666,0.7300117489756679,0.4896952403315633,0.6275482872010982,0.5765246960981326,0.4083579501996982,0.713830870896816,0.25183163040687373,-0.29317891292654774,,0.3383849993318041
884,woven-sweep-697,run_eacf53608254d1e622a96bbacfa26547,0.5115507245063782,1.5798596043395023,2.479096352749048,2.4143651295009483,1.1875952840735848,1.7075921823073272,0.9300829610721126,2.150517147523136,0.7338597599494623,1.1875952840735866,0.9916877670517487,0.6103478572879272,0.5067165028002392,0.433756345177665,0.644579591397466,0.507008394438929,0.5083046804168868,0.43123895486807173,0.10705803458078433,,0.49167474480161827
885,solar-sweep-698,run_7325e608e32967d821c88c81cc502145,0.5758774876594543,1.3522016592214423,3.3451007076755586,2.29054958938724,0.8081563166988516,1.8584309226143376,0.9017102744097012,3.174442025040827,0.9658243840808591,0.8081563166988529,1.5263530621933852,0.621472270745133,0.47933657607567953,0.41388276984963124,0.7116453105764168,0.522577719790772,0.570585157951498,0.3670693829129812,0.05916373096630456,,0.39696554806294393
886,toasty-sweep-699,run_b83f16ba11a6a5425179a48552d0977b,0.5740906000137329,1.3074920229738354,3.594039194338596,1.8316614024005056,0.8375749568045534,1.8641913277417315,1.128525845564773,3.4598530212302676,1.1988376500315865,0.8375749568045534,1.6970129767368243,0.5592705530095023,0.4882836022423427,0.440109344571082,0.6602008810902548,0.5200142225040851,0.5340214336696482,0.32337891835438115,-0.026239326852244393,,0.3515763349332559
887,solar-sweep-700,run_cc8532745f2ba5df9747df6b474c8b90,0.5965539216995239,1.2639566049776643,3.192542188350572,1.54547062539482,1.3412338652302065,1.8717518594714357,0.9567964262922782,2.9848666303756133,0.6181427668982951,1.3412338652302058,1.4465579996834936,0.5590045614564416,0.4552301022457598,0.4759855377837372,0.5461650668076355,0.40989204175659383,0.5539272125967851,0.3437054652994975,-0.05743152565549148,,0.33958488155763544
888,dauntless-sweep-701,run_2cc30d789b4cca0dc0d269acac4fdb32,0.5352903604507446,1.4229610721123167,3.771529667936853,1.8327858496525589,0.7033743266592134,1.822634119322678,1.2707211231652837,3.707185628742516,1.3812634238787118,0.7033743266592141,1.683466529514164,0.5337378009658527,0.5764215961563028,0.4805242154327491,0.7273611594045659,0.5677011792587475,0.5179649307131494,0.38909516309980585,0.0512281112908205,,0.4055992928694072
889,fanciful-sweep-702,run_9831cfeb0306a331c9760d7125081580,0.5115507245063782,1.5229227823867264,4.1009526401741985,1.7188502842703732,0.703394653928245,1.8804201614179459,1.5229227823867264,4.046407185628743,1.7188502842703728,0.7033946539282447,1.8804201614179459,0.737934741699442,0.709367158075882,0.5977677744788175,0.6989463360754445,0.6585926264799471,0.4827097928418037,0.3612315420800568,0.03892751324578694,,0.37704531745153025
890,wise-sweep-703,run_feeb9120a4d40c4489f19f3ecfcf9f59,0.606509268283844,1.2421314613911936,3.691017964071857,2.0162602653190147,0.7181827421485925,1.7902081025478715,0.9613911933631152,3.567827980402832,1.1039418825015799,0.7181827421485927,1.5032797911061877,0.5468965602811184,0.544822413737394,0.40862608945503304,0.7291953694227027,0.48992763946852735,0.5730029408549678,0.3294646325354895,0.00939500491961806,,0.3974422963425467
891,sweet-sweep-704,run_272afa903d029320d3d58941d2d14e89,0.5923420786857605,1.321110402042119,3.0952912357103974,1.7563992419456729,1.3476318731578414,1.853038455451812,0.8617102744096998,2.84635274904736,0.370625394819963,1.3476318731578414,1.496969457192594,0.6079375078158398,0.46835353729832585,0.3727535676659324,0.5979946388804388,0.45481149831653367,0.5541442277082389,0.3458209890903665,0.006167007754365572,,0.3576636183482008
892,desert-sweep-705,run_a17c78b1f52b33e839b04492e613d282,0.7184428572654724,0.8836247606892152,3.4870440936309204,1.9759444093493372,0.5368736660229699,1.8739278366830199,0.6723931078493944,3.2536200326619498,1.4065950726468741,0.536873666022968,1.4442158569393888,0.6937631679561614,0.43704629844297976,0.5678194936628037,0.5759945999427634,0.39690254198962,0.6977189086900075,0.24277084534093796,-0.21590392416748327,,0.3297088573739829
893,fine-sweep-706,run_8f003f4b4ab08b015fd84963c8e50ab3,0.5580089092254639,1.329100191448628,3.5819814915623307,1.8450157927984843,0.7993851001118001,1.800039563222029,1.1104658583280158,3.469624387588461,1.202893240682249,0.7993851001118011,1.6332884950150346,0.5489908763216832,0.5519293408073506,0.4611956070619034,0.6760539432946359,0.5442624919068935,0.5525456576822613,0.3656046346296125,0.010899728378051726,,0.3985405417812347
894,denim-sweep-707,run_e54d3f964352d63eb42213edb137cc26,0.6022973656654358,1.2300319081046587,3.2987751769188898,1.8702210991787749,1.0916505742453504,1.8104644722266183,0.9653222718570529,3.0719923788786074,1.2241313960833864,1.09165057424535,1.4113190378224396,0.5723958289578681,0.49149616809918867,0.4603099958496951,0.5304610191696065,0.43761457203853354,0.5771985284097854,0.2988951294062878,-0.05661496095569468,,0.36152442101172927
895,golden-sweep-708,run_0352e4dedc2eb0a409fd72de498497f7,0.5669432282447815,1.3572559029993618,3.615732172019597,1.7567530006317122,0.9288139038520176,1.811900617186264,1.0582897255903014,3.4878606423516607,1.024371446620341,0.9288139038520177,1.614258585219181,0.5356318502573859,0.5638958243278781,0.4636029435239281,0.6650263664068703,0.5397786501656505,0.5461534789909905,0.3581684698853411,0.02307741649290798,,0.3975591438766225
896,unique-sweep-709,run_530ef61aee48fb976312d1bdbeaf0a60,0.577919602394104,1.2684747925973197,2.8778715296679374,1.648111181301327,1.1973218823051124,1.7287743313815478,0.9378302488832166,2.6270277626565064,0.48662034112444713,1.197321882305111,1.376630004747587,0.5301042155581626,0.45239894079670684,0.4298078089582735,0.5800260562084475,0.4763917500062501,0.5646939037721327,0.3746957834371356,0.03295786901017814,,0.4037771095754983
897,firm-sweep-710,run_1cf8c113f24b627c116da268c762fc9f,0.7204850316047668,0.8728525845564775,3.2089548176374527,1.868780795957044,0.6386573838804757,1.9348275043519543,0.6563369495851951,2.8968698965704958,1.3284649399873654,0.6386573838804753,1.4904771324576669,0.7072649517369791,0.401040270606271,0.6021958305398589,0.5299645049649421,0.3954361645322137,0.6979519817826432,0.20514860337079588,-0.28035361657096414,,0.2946953145237242
898,dandy-sweep-711,run_2cd5956917f0d844227329aafd533e7e,0.6139119267463684,1.2326738991703896,3.693739793140992,1.8894377763739738,0.7954568553714809,1.7985084665295143,0.9959157626037013,3.5014153511159503,1.0867087807959581,0.7954568553714815,1.5510563380281683,0.5502996112835934,0.5069467720121431,0.4278354563739105,0.6856824863583203,0.49462812898766256,0.5638971524292715,0.26771493078109954,-0.01646107157195173,,0.3785204065712216
899,unique-sweep-712,run_fc30fdef4358418fdd11a51793c4d894,0.6029355525970459,1.2470453095086154,2.664779531845401,1.8211749842072018,1.256367517024088,1.6133209368570978,0.8727504786215711,2.370549809471965,0.7573215413771333,1.2563675170240884,1.0619045735084685,0.6070503729857045,0.4012794947235463,0.376669699581777,0.567902997125918,0.44635923844033387,0.5789472013958485,0.36376465512814626,0.05189103241042792,,0.4696477303525563
900,lively-sweep-713,run_59948365e76b05af1c3848d4a352a40b,0.7410338521003723,0.8184811742182516,3.5402286336418083,1.9249526216045487,0.9065707897144019,1.9997784459566388,0.6040076579451195,3.3158954817637465,1.2673152242577383,0.9065707897144027,1.5947301788257644,0.7430995365567036,0.4750016769911696,0.6204504677074354,0.5292914533081263,0.441019086816303,0.716285776003156,0.2693935935691751,-0.31082286552872707,,0.28458536742491286
901,stoic-sweep-714,run_6f677432fddfaecf3a2f361ed73bf762,0.5973197221755981,1.1806509253350352,3.2256940664126303,1.42516740366393,0.7399939018192907,1.7024647887323943,0.9779451180599876,3.0665215024496466,0.8587744788376509,0.7399939018192911,1.5408965026111736,0.5948668877388885,0.5705627915639342,0.5879021805063371,0.6107308210207028,0.5821102261516139,0.6015350982427174,0.3628501583974589,0.036609978067343674,,0.38371795391125274
902,electric-sweep-715,run_7f02e4f94ed4818b3d7f2a8bae88f252,0.5752393007278442,1.3555456285896619,3.227871529667937,1.9651421351863554,1.056982416912288,1.8049137521759773,0.9852074026802811,3.003048448557431,0.7775489576753002,1.0569824169122868,1.460507991770849,0.5333132113104558,0.4780882594866796,0.347114580340325,0.6645592680606023,0.47263710740788334,0.535737527084811,0.3372049586749997,0.034733875291534655,,0.39530005414433184
903,robust-sweep-716,run_386c007f0018ffc447d1a4a3a330659b,0.596681535243988,1.2539502233567328,3.410451823625477,1.877586860391662,0.8738438865738389,1.7848314606741573,0.9457689853222719,3.232335329341318,0.9090966519267212,0.8738438865738392,1.4881626839689817,0.5473090320775906,0.46871575121500597,0.384988347220892,0.6536333232143396,0.4769562259218336,0.5744433544258118,0.33830894198071615,0.02355111709019292,,0.3905406003021691
904,morning-sweep-717,run_6d25360c4479aedc15e9b3ba6f416177,0.580599844455719,1.3279387364390558,3.5839139902014163,1.8564118761844604,0.7791696310600672,1.8691050799177085,1.0211869814932997,3.42468698965705,0.9948073278584965,0.7791696310600672,1.6136374426333275,0.5352868900798444,0.4963232354049348,0.39523018229416085,0.6645474060614485,0.5043717956301524,0.5456430869052823,0.3256984067173127,0.02889642455155428,,0.3601480469476386
905,distinctive-sweep-718,run_a8c47786e4c5d1d7c1a2868b36807c11,0.6365028619766235,1.1680536056158266,3.611404463799674,2.012899557801643,0.7162465697733511,1.824157303370787,0.94691767708998,3.4027490473598263,1.3809096651926713,0.7162465697733503,1.4538930210476348,0.5953732481166142,0.4748288854826381,0.46946844172014174,0.5698025039107175,0.4330791257006425,0.5927264506121361,0.25492231859390724,-0.06728635306890451,,0.36806757978514715
906,fallen-sweep-719,run_c69681f94157c504652c8e9d4247325d,0.6393107771873474,1.1776898532227187,3.5976864452912367,1.9469488313329126,0.5134668157333063,1.8248140528564647,0.9337332482450534,3.4488023952095817,1.164232469993684,0.5134668157333054,1.5741968665928159,0.5807788543384983,0.4910810340533289,0.41305207036363056,0.7107555459282617,0.4908492057958128,0.5895967632872854,0.3204030179140619,-0.01666167455545217,,0.3747983427325401
907,elated-sweep-720,run_eb930ecbe4867b4d5fd2149454e9bb2c,0.5369495749473572,1.4460497766432676,2.7331518780620585,1.9347062539481998,1.2693820510214453,1.6062351637917391,1.002297383535417,2.440283070223192,0.7805432722678466,1.2693820510214473,1.0145671783510049,0.5286887112371301,0.4233389813182729,0.3471548063723143,0.5908159822973656,0.42657179155931235,0.5204528035579373,0.3799102734507195,0.07466933617238233,,0.4763895327230298
908,stoic-sweep-721,run_e2a63dd62fe762c7325945cb5c4ee5e1,0.631397545337677,1.2123420548819401,3.4701687534022874,2.05829437776374,0.838921638377884,1.8437569235638551,0.9643012125079772,3.247468698965706,1.445255843335441,0.8389216383778834,1.385860104446906,0.6019985408464716,0.44414998400400646,0.4939346486607285,0.5564750958687394,0.3961493317977974,0.5745625390174107,0.2628930310490203,-0.09469157799354,,0.3566713198464102
909,fanciful-sweep-722,run_4b43efddc699279b47459de200a73c91,0.5663050413131714,1.4271091257179327,3.8756940664126307,1.9268603916614029,0.759238743774774,1.9209368570976422,1.204875558391832,3.7856559608056615,1.2729374605180046,0.7592387437747729,1.7749327425225512,0.5066533849775459,0.5459734749485271,0.42003687386265687,0.7306515346760247,0.5792434921632832,0.5047077406936811,0.3360461875781111,0.020641401128704773,,0.364492352902664
910,jumping-sweep-723,run_52bd09ff14b3559b090508ffe93012e8,0.5830248594284058,1.3181620931716658,3.389221556886228,1.8464939987365765,0.8749110681979876,1.8651210634594082,1.0022463305679639,3.186390854654328,0.8249652558433359,0.8749110681979876,1.5597800284855199,0.5117893209515637,0.45577063554947506,0.3913514031223063,0.6233476160508921,0.4596060717158823,0.5355450270207884,0.30903286355429394,-0.012914637948557184,,0.35397331501779367
911,stilted-sweep-724,run_4d5999cf5c30354a68cf2eb4c9d68eaa,0.5517549514770508,1.3888832163369498,2.4260206859009257,1.969463044851548,1.290024392722838,1.610005538851084,0.8705679642629223,2.0297223734349505,0.5278963992419464,1.2900243927228372,1.1081539800601363,0.56054431036059,0.4449672099824867,0.3350223477955496,0.5590451562191128,0.44163933832228697,0.553295679488047,0.39477884481157105,0.1022411732114695,,0.48902331306147384
912,lemon-sweep-725,run_98afb0b47d2d172b076814979f7c3eb4,0.6691767573356628,1.0669432035737079,3.3801306477953186,1.9835375868603922,0.7828996849273301,1.8619995252413357,0.8482833439693691,3.1434403919433866,1.3806822488945047,0.7828996849273302,1.4134000633011543,0.6511745997149954,0.43514241100001877,0.5205676340069597,0.5403142945713584,0.3935582205786229,0.6269791984351065,0.26958249558350733,-0.1445572761352669,,0.3476073111807601
913,wise-sweep-726,run_a22f1e9f7e7cb20c5c0b550741e21987,0.5945118069648743,1.3012252712188896,3.3033750680457272,2.1199747315224267,0.7784073584713894,1.6095386928311444,1.0855009572431404,3.139139902014154,1.4883133291219204,0.7784073584713902,1.2741058711821487,0.5278184823358634,0.46940540959994975,0.45046020496121064,0.6790991349182233,0.47969415280368366,0.5573186840942095,0.3582145870928325,0.04326356521380598,,0.4585503013656943
914,different-sweep-727,run_c32ee8c6e63ce457882f0d2af5297c4a,0.43178045749664307,2.497141033822591,5.90465432770822,3.751547694251422,0.0,2.7869164424750754,2.497141033822591,5.90465432770822,3.751547694251422,0.0,2.7869164424750754,1.0,1.0,1.0,1.0,1.0,,,,,
915,usual-sweep-728,run_4dd4dfb3273c442e3d2801c483b0a762,0.4945756196975708,1.6021186981493303,3.1079477408818725,2.089703095388503,1.1898007927634924,1.856377591391043,1.058506700701978,2.865215024496462,0.5327605811749849,1.1898007927634915,1.258482354802976,0.5041072509438599,0.44578672586902973,0.3315651438240271,0.6561832461857867,0.47100652932434106,0.4764220864568348,0.3737182874964491,0.08945075480134446,,0.39773145828493767
916,dry-sweep-729,run_f34927e988a93267a8b3accf38b7a83f,0.5629866123199463,1.3428079132099555,3.208845944474687,1.6337460518003795,0.9849374936477285,1.8739001424275992,1.0619400127632428,2.9214752313554713,0.7843967150979155,0.9849374936477288,1.6067850925779394,0.5156365498294411,0.4895889489158211,0.47534782747501836,0.5715063503006337,0.5034522485481352,0.5248059148832991,0.2882914214238649,-0.046509551544360844,,0.3248317636391659
917,ancient-sweep-730,run_d9ba1f37ba3a46606c4cba55b567f5a5,0.6396936774253845,1.1382131461391196,3.4949918345127933,1.7844725205306384,0.8500000000000002,1.7904296565912332,0.8798085513720484,3.342841589548176,0.9906127605811752,0.8499999999999989,1.5630123437252734,0.6055691894015944,0.4901560368123396,0.4330329151103023,0.670947944264338,0.4972869102598283,0.6065168169433693,0.3430787695469568,-0.0025395556900300875,,0.38480353417717406
918,vibrant-sweep-731,run_7f2a331798ce44b61f20cc3f35d283b2,0.43178045749664307,2.497141033822591,5.90465432770822,3.7514466203411256,0.0,2.7869164424750754,2.497141033822591,5.90465432770822,3.7507896399241956,0.0,2.7869164424750754,1.0,1.0,0.9998730964467005,1.0,1.0,,,-0.01129074067365322,,
919,dandy-sweep-732,run_0b909c43b11bc3a57154d0e61f721c1c,0.5531588792800903,1.46040842373963,3.2270821992378877,1.6660644346178144,1.1539079174712878,1.8017091311916442,1.051550733886408,3.0802123026673933,0.6151231838281755,1.1539079174712883,1.4653109669251465,0.5325344613024996,0.5262992655269011,0.42878092775276955,0.6075716331781407,0.5148833511529852,0.5044841620943475,0.43377282993521205,0.03207506798368692,,0.39858881596330825
920,northern-sweep-733,run_a9a404e188594368d46ac7f8a5b3a4cf,0.549074649810791,1.4666879387364393,3.405443658138269,1.8781301326595077,0.9218009960361827,1.8282679221395792,1.1983790682833444,3.3006532389765924,1.0263297536323441,0.9218009960361802,1.5813617661022301,0.5042333987920069,0.5320193433942896,0.3936078919643712,0.6784989783956047,0.5328491410144454,0.4957255663435445,0.4112506849601788,0.037667010049615396,,0.3956956526943634
921,wandering-sweep-734,run_5e0a7ef8fd02128233eaba22418fe92c,0.5472878217697144,1.402910019144863,3.369352204681547,1.8409475679090337,0.7402835654029882,1.9199042570026905,1.0308870453095085,3.1206859009254218,0.781768793430197,0.7402835654029889,1.5367344516537436,0.4872739522325945,0.44731568282308515,0.37597484276729565,0.5689014844140506,0.44616773167091217,0.5165494382672797,0.29444433712175844,0.008763399820494677,,0.32858600779325187
922,fancy-sweep-735,run_d7c275bc6c1e0845b5e5564101274882,0.6021697521209717,1.2689725590299938,2.8574033750680465,1.9596967782691097,0.977670494969001,1.607833517961703,0.9833567326100826,2.5934948285247685,1.146152874289324,0.9776704949690008,1.1934483304320307,0.5774141260299774,0.4379864608907765,0.38291095999744595,0.6212908126795438,0.482368177141552,0.5666458537919016,0.39188152621480543,0.07198450074828283,,0.45706002680480595
923,breezy-sweep-736,run_0ca8e8c5cbd77cb99495db32245cd09e,0.6432673931121826,1.1464582003828976,3.385492651061514,1.7690082122552118,1.2573381441203375,2.00634594081342,0.8419527760051059,3.1241426238432233,0.9198357548957684,1.2573381441203362,1.555649628105713,0.6266610154790451,0.44003571629759825,0.5204718577403187,0.49310893120982496,0.42367324383443816,0.594346287197732,0.2650110908107606,-0.1664577175289115,,0.2870773144382345
924,lunar-sweep-737,run_f0fb3b07e45f54286b9941a42d5ed4f1,0.5470325350761414,1.424569240587109,2.901932498639086,1.9008338597599497,1.1477233458684826,1.7153070106029438,1.0175494575622208,2.6011703864997275,0.8125457991156044,1.1477233458684843,1.1476301630004748,0.524705836436673,0.4121315439354803,0.3522063659291894,0.5451183561100079,0.4040144542297183,0.5200463712938085,0.3364476072160165,0.029221905921781977,,0.4262908287194986
925,glad-sweep-738,run_ff5ece6475dcfe1fcf432df476954d3e,0.5152520537376404,1.4712316528398215,2.7594175285792057,1.9373594440934934,1.4030643358064845,1.7326436144959647,0.8931333758774737,2.5116222101252035,0.2126342387871133,1.4030643358064856,1.2199833834467486,0.494308165661423,0.4892521529786376,0.3586790856559078,0.6011192151628003,0.44780373915732474,0.5263415648177465,0.4283035156366606,0.06000886933236785,,0.43458473877578657
926,devoted-sweep-739,run_2706b50af0d87f265900c325d5232322,0.568091869354248,1.347032546266752,3.2683179096352757,1.9858243840808596,0.8590202256326864,1.6069631270770695,1.0413529036375233,3.0597713663581922,1.2451547694251432,0.859020225632686,1.1934404177876243,0.5253584215809383,0.4692509340701803,0.40348561759729273,0.6276368271977085,0.4540933460839297,0.5458768543046464,0.335154222548969,0.05441586668015905,,0.4583743434343924
927,peach-sweep-740,run_f76ceef588ae4a116a6e451bb3f9f5de,0.5678366422653198,1.3952137843012125,3.552313554708765,1.908540745420089,0.802327472304096,1.7808434878936543,1.1149074664964904,3.4593903102885153,1.105660138976626,0.8023274723040958,1.556385504035449,0.509449157867699,0.5196959777021795,0.40717204610030966,0.6917903316880227,0.5113071925115046,0.5200836130875138,0.39486345478171164,0.06935966449309566,,0.40254207817051946
928,visionary-sweep-741,run_20aec40d34d70b18c71a842f4ba3776a,0.43178045749664307,2.497141033822591,5.90465432770822,3.751547694251422,0.0,2.7869164424750754,2.497141033822591,5.90465432770822,3.751547694251422,0.0,2.7869164424750754,1.0,1.0,1.0,1.0,1.0,,,,,
929,colorful-sweep-742,run_9918fe8c4197806d29aa15cbb24d8335,0.5654116272926331,1.2965922144224638,3.4571856287425153,1.9202274162981683,0.8549344445573738,1.7813578097800287,1.0256541161455006,3.245100707675559,1.0632469993682874,0.8549344445573747,1.534325051432188,0.5304137965093013,0.46210081139783393,0.3896122657472145,0.6713575746101463,0.4808118785942114,0.5632190411394182,0.3087966691304408,0.015534593450116235,,0.39344108456159466
930,zesty-sweep-743,run_11bc4db4da7df8c9dd4d82a816e690ce,0.5640076398849487,1.3955966815571157,3.1284158954817647,2.1181554011370816,1.1215723142595795,1.9148915967716411,0.9242501595405236,2.8385410996189453,0.6604421983575485,1.1215723142595797,1.3975945561006493,0.5247833025476325,0.4489009904716774,0.3501988953803914,0.629457647247122,0.45412094481052195,0.5316297827753083,0.32257222368225935,0.028095721176085164,,0.3567918181920514
931,brisk-sweep-744,run_9580e877a97850f82b77205b315e5615,0.6806637048721313,0.9961582641991067,3.4297768100163313,2.18197094125079,0.6282396585018803,1.8759653426175031,0.7263178047223998,3.1745236799129017,1.5207959570435894,0.6282396585018791,1.3508268713404026,0.6460113745084322,0.43847380337088215,0.534415445519267,0.5565100819774063,0.3930147365097922,0.6616630194907152,0.25688446065334186,-0.21451083003882365,,0.3503221320418346
932,glamorous-sweep-745,run_a15dbf447dbe48a2f85e7c1627f9a24b,0.755711555480957,0.7556860242501596,3.2215024496461626,1.8595451674036647,0.8387996747636955,2.0193701535053012,0.573860880663689,2.889493739793142,1.3389134554643083,0.8387996747636967,1.5667668934958066,0.7451961806637739,0.41208149427935475,0.6566577275484469,0.5389451990651262,0.3857773960198754,0.7384528199116493,0.19899002296075552,-0.38788055389819054,,0.23785689000553403
933,sunny-sweep-746,run_b20e957a2064037ba3a2e2067689ed3a,0.5419272780418396,1.4415826419910658,3.272836145890039,2.0644851547694256,0.9735897957109464,1.9129886057920555,1.090491384811742,2.9913445835601524,1.0754011370814909,0.9735897957109472,1.6214472226618146,0.5114529195981818,0.44065282149834034,0.3878456725090189,0.6728964812169276,0.5255299979660786,0.5198549694279812,0.3018552154937221,0.05192813414075684,,0.36590603659870347
934,dashing-sweep-747,run_9c2d08250ae73b1e34b5b5b2d9681d0f,0.6164645552635193,1.2433439693682196,3.0978769733260756,1.8781806696146561,1.1461581461530645,1.8330669409716727,0.920867900446714,2.79248775176919,0.9850915982312068,1.146158146153066,1.2988764044943824,0.6076188613351446,0.40371321356214374,0.45107173642371423,0.5339582259752421,0.37768458458891874,0.5654589848264402,0.2784763051181187,-0.07139933633788981,,0.36826294779225655
935,lively-sweep-748,run_e1d6be6394fcf7eafefb2459cf686c03,0.5687300562858582,1.352188895979579,3.0329885683179105,1.7388629185091602,1.2026781176948877,1.7985836366513688,1.0051308232291,2.796135002721829,0.6037018319646233,1.2026781176948873,1.473381864219022,0.5235499667678184,0.43502571263455403,0.4038735114771893,0.5911973969861584,0.4549532033551663,0.5291651362270281,0.35582822284736054,0.021002292173888132,,0.3726595593671227
936,frosty-sweep-749,run_2878ee8778778aac5e48fd97f70beacd,0.5816209316253662,1.3640714741544353,3.1188350571584116,2.0681869867340494,1.1277009858725482,1.795742997309701,0.876439055520102,2.909635274904736,0.5979658875552754,1.1277009858725493,1.3945877512264602,0.6119468499293856,0.5380146335841779,0.33329151103023336,0.672704728634494,0.5277889248531171,0.5543368275163677,0.39024308740658636,0.06202881077628178,,0.4140302624143815
937,bumbling-sweep-750,run_67dacd49980fe908eba81246cdbd5f17,0.5989789366722107,1.2735545628589666,3.4106695699510072,1.8152242577384716,0.6632127248704137,1.7961346732077863,0.9939374601148689,3.2397387044093633,0.8659380922299436,0.6632127248704152,1.5360777021680643,0.5457184393931589,0.4929174622201565,0.3965629090444721,0.683468724267762,0.47466322654588317,0.5597159979014377,0.3402496115948046,0.008791238136747787,,0.3786698950647862
938,comic-sweep-751,run_fd0edd93affccd9f7e1e81ac8fd35258,0.549329936504364,1.4788002552648374,3.1802939575394675,2.058445988629185,1.1917877833113122,1.880843487893654,0.9335290363752397,3.002340772999456,0.5739987365761223,1.191787783311312,1.4574141478081981,0.5906621127253794,0.5613305856559674,0.3293306835232896,0.6479001884232547,0.5525339677824364,0.5199092464777549,0.38450087960103807,0.0440412203978327,,0.3817976604401016
939,divine-sweep-752,run_b1389c37e890f501f063b831b3362873,0.5794512033462524,1.4175877472878111,3.5498639085465435,2.142425773847126,0.8307348307754855,1.896842854882102,1.1258966177409069,3.434077299945563,1.2833480732785851,0.8307348307754855,1.613498971356228,0.5128550105304478,0.5518900021582762,0.4290794304504677,0.6982554028547835,0.5418332232554122,0.5013127388120892,0.3571296959192951,0.02350328537384866,,0.36144499687055387
940,earthy-sweep-753,run_d09c9075db08bbb599c90664c2178eb9,0.612635612487793,1.2018123803446077,2.9946379967338053,1.718963992419457,0.9905224108141073,1.820845861686976,0.881174218251436,2.6777626565051724,0.8251674036639295,0.9905224108141062,1.347107928469695,0.5871115546479108,0.402320579435101,0.4227955495961434,0.5322436028195336,0.4071334888328335,0.5821483389545059,0.25740712282178063,-0.03937291014569577,,0.3541154581040441
941,classic-sweep-754,run_fe295388b69b2735cc81fcb81f74c99c,0.6049776673316956,1.2468155711550735,3.445046271094176,1.8938597599494638,0.844186401057018,1.7969931951258111,0.982156987874921,3.2649156232988576,1.0184586228679744,0.8441864010570188,1.5165769900300672,0.5279994328200306,0.47108244525340376,0.4037841202949909,0.677973119526349,0.4790606826206615,0.561894158605214,0.31481825841762434,-0.003685989285693747,,0.38222541269298793
942,vague-sweep-755,run_e82806e8b8596e4c5abf315c45aaa3ec,0.558647096157074,1.3792980216975113,3.0123298856831795,2.183866077068857,1.1454466917369652,1.805388510840323,0.9364901084875564,2.7628470332063144,1.0887049905243216,1.1454466917369661,1.1666956796961545,0.5776450352867403,0.4541285518293849,0.41058279858251123,0.5426224924091171,0.41136966749353754,0.5546088271500296,0.3511189912514838,-0.006107095591752459,,0.409341172597337
943,misty-sweep-756,run_9a4dd2c73f291b9e040ab592260cf7ac,0.6117421984672546,1.260906190172304,3.51374523679913,1.9148325963360708,0.7114798251854865,1.809420003165058,0.9853733248245065,3.378089275993467,1.0188881869867343,0.7114798251854854,1.5559067890488998,0.5641337578958547,0.5189172123219336,0.37577083931935,0.708663712648942,0.5060637424471593,0.5704650002692973,0.3680394694249296,0.054568837677517995,,0.3925275589192956
944,fallen-sweep-757,run_9f1f477ceee447547d24fea0272daff8,0.6527121663093567,1.0986726228462032,3.3523135547087652,1.9625268477574227,0.8047362536843177,1.8451258110460516,0.8180344607530302,3.0912357103973873,1.2555653821857247,0.8047362536843158,1.3921506567494857,0.6292156464395262,0.4304190906834731,0.4945584714107844,0.5488335383155987,0.405897755144875,0.6208740315883636,0.2563326682772834,-0.112203629757683,,0.3639521957599935
945,mild-sweep-758,run_d5c5ce239f235d85f1206ec2734e517a,0.6068921685218811,1.2950095724313977,3.656995100707676,2.068325963360708,0.6519666632787886,1.906377591391043,1.009751116783664,3.491943385955362,1.1982059380922303,0.6519666632787887,1.644611489159677,0.547746435639547,0.5240734523952074,0.4063708776298567,0.7213804110538603,0.5154871462466895,0.5524538785091679,0.31658980362260625,0.037538057207769954,,0.3451855637623272
946,glowing-sweep-759,run_b21417f27e59277248a9f1d4e2db251c,0.5813656449317932,1.330121250797703,3.618481219379423,1.8328237523689201,0.8027035267811771,1.959902674473809,1.075596681557116,3.4436309199782267,1.1114087176247645,0.8027035267811767,1.6700625098908048,0.5106733457653825,0.49161866554308514,0.4496293458480988,0.6004742911876875,0.4792195589281391,0.5288334684416355,0.3059935690665513,-0.05759785781300966,,0.30774443655927625
947,glowing-sweep-760,run_357ac12cbf0bfd5bec39ed916722fa4b,0.5789406299591064,1.3438544990427572,3.047305389221558,1.857030953885029,1.067445878646204,1.7469734135147967,0.91914486279515,2.8501360914534573,0.5801137081490838,1.067445878646203,1.3797713245766732,0.5718357459437402,0.5208777901544023,0.3367974012706318,0.6559569743811418,0.5024147963320253,0.554920062467771,0.42293382728858087,0.05648336049641767,,0.42273286019570644
948,pretty-sweep-761,run_0891b84828cd77dc44622ab3db2a5f8e,0.5873643755912781,1.2947925973197194,2.734948285247687,1.9123183828174357,1.2780872039841447,1.7118768792530463,0.8976260370134013,2.4177463255307563,0.8181933038534426,1.2780872039841444,1.12206045260326,0.5770641388503568,0.40248233439556763,0.3675225872362162,0.5452421026676647,0.40590583030491767,0.5625001894627697,0.3384010495176258,0.03283102045590014,,0.4300223399154227
949,rich-sweep-762,run_d4a206862f432428fa3de69a793c8b9b,0.5697511434555054,1.383178047223995,3.1700326619488304,1.9866708780795959,1.1922248195954874,1.8717320778604214,0.8782641991065734,2.966657593903103,0.4856222362602664,1.1922248195954872,1.4865682861212206,0.56193454724133,0.5663115946851002,0.3162149219423427,0.6546029723905611,0.5389083706756538,0.543335484889205,0.37906618437563017,0.029316064751012366,,0.3734287302074723
950,azure-sweep-763,run_b3786931d327b557ab7ad734e7726f31,0.4869176745414734,1.6068793873643907,2.7976047904191628,2.392507896399242,1.1674001422908833,1.8899746795379015,0.9659859604339502,2.5451279259662503,0.5928869235628563,1.1674001422908815,1.3013293242601676,0.5433204833908206,0.4840073260679858,0.3891191776011238,0.6428988370532989,0.5113816477229407,0.49949709964784667,0.4062304915131699,0.05651984255668838,,0.3984852024009499
951,treasured-sweep-764,run_93286146d1aff31b4bd237086bdfa397,0.5031269788742065,1.7482578174856416,3.5812465977136645,2.582678458622868,1.3633041975810554,2.026163158727647,1.0974090619017227,3.34858464888405,0.9710044219835778,1.3633041975810554,1.5092775755657557,0.6096185025843783,0.5372239440005561,0.46618954123168277,0.6605501454835736,0.5571072460699783,0.42912309085293987,0.2827305846193861,0.050015485310590746,,0.326821182820923
952,deep-sweep-765,run_5548e619b4ac5636d07a674d5a72bc0c,0.5920867919921875,1.2808040842373964,2.4387860642351664,1.7379027163613392,1.2980994003455637,1.5561283430922612,0.92256541161455,2.1222917800762113,0.6893872394188251,1.2980994003455635,1.1250158252888114,0.5896222316556072,0.417958691939002,0.3981326820547202,0.5491256748600754,0.42247201816600083,0.5642099386011514,0.41333435393414675,0.07979231739187559,,0.4978813467408087
953,stellar-sweep-766,run_9dbcf1759449753ec32e0012c81abe5d,0.5733247995376587,1.4226037013401405,3.3103973870440946,2.0522299431459254,1.045416200833418,1.9347009020414623,1.0311040204211859,3.0659227000544367,0.9110296904611503,1.0454162008334158,1.6402476657699003,0.5505335773396283,0.4955552535707704,0.3687978482265428,0.6836153737170279,0.5304489747240442,0.5113390211412181,0.31708893167781593,0.032691096350650345,,0.3449353118273014
954,ruby-sweep-767,run_cce7f9ae224c3231b1d855350deefce9,0.6174856424331665,1.2504020421186983,3.5851115949918353,2.271130764371447,0.5595538164447608,1.8077543915176453,0.9721633694958529,3.398992923244421,1.5368540745420103,0.5595538164447602,1.4376246241493917,0.56618670787506,0.4962413936863727,0.4821437921016505,0.7013336771657396,0.434532634302368,0.5694317296172412,0.2849773092374345,-0.012096037194629566,,0.3812342245693917
955,devout-sweep-768,run_be94de11425c7650fe880c6c28c90db6,0.5859604477882385,1.2840459476707085,3.413636363636364,1.762855337965888,0.903353999390182,1.7850292767843017,1.000753031269943,3.242324442025041,0.7900694883133293,0.9033539993901827,1.511671150498496,0.5056782024618066,0.462793710786209,0.4023920122593621,0.6213637589367602,0.4676662092545146,0.5468161049183661,0.3410187093615105,0.004558468784070346,,0.37127275167081264
956,brisk-sweep-769,run_fd3784a07b16e7a1bd4d14e31d3b2e38,0.6132737994194031,1.3126994256541162,3.8981219379422973,2.194125078963993,0.44362740115865434,1.935539642348473,1.098966177409062,3.79251497005988,1.4891345546430832,0.44362740115865446,1.7240346573824985,0.5405926493194227,0.5720951886878178,0.4629253264374421,0.7755818011143083,0.5699650719939233,0.5473336897898606,0.3083716996313277,0.02290821657998174,,0.35303688534254374
957,comic-sweep-770,run_18369267e5c710c321a6bf4f2afa67cb,0.5280153155326843,1.450772176132738,2.7921339139902015,2.054718888186987,1.0549446081918894,1.7916402911853142,0.9480025526483727,2.5620304844855752,0.5958433354390416,1.054944608191891,1.3335614812470333,0.5490841545589191,0.4967041236987913,0.329869584650257,0.6554609925893486,0.5141409607283314,0.5353928609752734,0.4284544336663481,0.06902776406175615,,0.4247300563819894
958,playful-sweep-771,run_638c83888dbd2996d943c716f44ca399,0.5652839541435242,1.3494320357370773,3.0135547087642904,1.9858496525584337,0.9729596503709728,1.5200902041462259,1.0127377153797068,2.786281981491563,1.0695641187618459,0.9729596503709739,1.1714353536952058,0.5142709504095259,0.4805333682167716,0.39571592759314245,0.6264105000841846,0.5291182732214009,0.5486929381620202,0.3997275800259594,0.09420481636552547,,0.4755216408331353
959,unique-sweep-772,run_9542520e6125e22d5b88c3adf20426c1,0.5526483654975891,1.5112699425654117,3.588677191072402,2.048325963360708,0.9119168614696616,1.8932742522551038,1.1749840459476706,3.4630375612411544,1.226620341124448,0.9119168614696614,1.6127630954264922,0.5418601795630008,0.5233436725968107,0.40411231363534783,0.704991636065012,0.5468784296950665,0.48465242948264453,0.37410752038237266,0.0292210746138086,,0.3781498791274247
960,iconic-sweep-773,run_e273c7e32e9be0e2b2ec1169cd288416,0.5238034725189209,1.4255902999361838,3.549836690255853,1.6968540745420093,0.9098638072974895,1.683957113467321,1.1863816209317166,3.465568862275449,1.0512444725205305,0.909863807297489,1.4446075328374741,0.5058858626474808,0.5330635925262577,0.48132698017431286,0.7022922311104174,0.4988046558720506,0.512418471207836,0.40066086727370204,0.07307163289255422,,0.4466572504389677
961,vocal-sweep-774,run_b70580fed9b03b461f67de0a3f336057,0.5673261284828186,1.3903382259093808,3.312221012520415,2.041200252684776,1.0645848155300337,1.8470446273144487,0.9371155073388644,3.1154872074033753,0.6350852811118141,1.0645848155300328,1.5090243709447695,0.5518877757025644,0.5208370482415791,0.33302094307697216,0.6771822957089643,0.52873637755691,0.5355099513647237,0.3556180210709574,0.056480083075105575,,0.38516548102643194
962,playful-sweep-775,run_e71b10a46a60a00bfe024a995f822266,0.6510529518127441,1.1258710912571794,3.5199782253674474,1.9097915350600132,0.7936121557068809,1.9716687767051753,0.8428079132099565,3.32509526401742,1.0770435881238156,0.7936121557068789,1.6121023896186097,0.6064152228584561,0.4679625721452469,0.496378699358299,0.5446534098558726,0.4459669827418408,0.601059520070568,0.292263933129971,-0.1518985320180174,,0.2974212431256592
963,silvery-sweep-776,run_a63cb42b89d1d41f0c12d56392166b37,0.5229099988937378,1.4723292916400768,3.947278170930866,1.8965129500947575,0.6643917064742353,1.8537347681595189,1.3234333120612647,3.8905552531301035,1.5391156032849034,0.6643917064742341,1.7629292609590126,0.5507938258751897,0.6216787567746399,0.4718181527950707,0.7102538228890823,0.582079547077689,0.5051850699689009,0.38465852253637123,0.019668069802310617,,0.39380224185860857
964,clean-sweep-777,run_7c76a9c744c0d79c2259e39f802256c4,0.5374600887298584,1.4581110402042121,2.902885138813283,1.605786481364498,1.574082731984958,1.853497388827346,0.949725590299937,2.594774088187263,0.30953885028427053,1.5740827319849584,1.2801788257635707,0.5259543749902115,0.43210122428898307,0.37921782715576413,0.5073237558778403,0.38567564680758176,0.5119416098014122,0.35144827382384275,0.019923518294565457,,0.37392666821484066
965,driven-sweep-778,run_72b0f7e20f4f4d9d2f06a0729e1db1a6,0.6107211112976074,1.2353541799617103,2.957648339684268,2.0947820593809228,1.0189399329200124,1.7007675265073587,0.8358391831525206,2.682743603701688,1.0184712571067598,1.0189399329200124,1.1767447380914706,0.6022583076682168,0.4111614271649296,0.38993886281646073,0.6309170176456578,0.4346877378855175,0.587164530478016,0.3439993296517637,0.0012889765347404158,,0.4300733300501966
966,fresh-sweep-779,run_90ad5f39ad9b651135698606fae93aa2,0.5553286671638489,1.41531589023612,2.8110778443113777,1.8269993682880608,1.5008130907612565,1.7104605159044155,0.8577153797064456,2.5582199237887875,0.2236133922931164,1.5008130907612582,1.261330906789049,0.5863397306753344,0.5690124682006078,0.3234193723461993,0.5736643425297707,0.488230658151867,0.5488553238101523,0.42947791062195384,0.05727462148022547,,0.42976468880777713
967,skilled-sweep-780,run_7826f5c88cfb1a1017ffd258228ba2f2,0.4917677044868469,1.7249393746011488,4.070332063146434,2.8192798483891353,0.49724057322898674,1.9885424909004588,1.2942820676451823,4.009961894393034,1.792166771951991,0.49724057322898735,1.5769425542016142,0.6181959445628653,0.6754862877575509,0.6076146920793029,0.8548203868849997,0.6071919641630734,0.45187165796596274,0.33113598963574864,0.07146692071522703,,0.3815555430480255
968,solar-sweep-781,run_20fecfdf5be9433f76e7e742228e57df,0.5711550712585449,1.3198340778557756,3.0120849210669567,1.7597094125078967,1.2032320357759938,1.7731207469536319,0.8930823229100192,2.7955362003266204,0.48309538850284334,1.2032320357759947,1.4270533312232956,0.560792307244758,0.5025586050155072,0.3620020432270217,0.5964847901678074,0.47451985515282946,0.5615789225355048,0.378731064397996,0.05082102150008891,,0.3911675440398663
969,pious-sweep-782,run_652ae475f44de2a6f62693deea976fa8,0.5559667944908142,1.3517421825143587,3.6391943385955368,1.7067340492735321,0.7994664091879257,1.8393812312074698,1.1173324824505428,3.5246597713663594,1.1779153506001263,0.7994664091879257,1.63896977369837,0.5353207714232581,0.5468438015191401,0.5121707690834212,0.6018487945029789,0.5339281919235307,0.5389092811002003,0.3526987549080507,-0.01900855385687919,,0.3467698610038032
970,toasty-sweep-783,run_34d5c51a9e4ce284ea2fc97437ebd7b0,0.5387364625930786,1.3921761327377156,2.8015514425694064,1.9143145925457994,1.3396534200630148,1.7292055705016613,0.921289087428208,2.501279259662493,0.7274289324068235,1.3396534200630144,1.1558870074378855,0.5305426653212835,0.452549287667734,0.32436021453883723,0.4981008637429791,0.4363799628821056,0.5517740554463367,0.3409968003044612,0.028737659374295843,,0.43294714604655404
971,proud-sweep-784,run_8a0775ba394abe2fd57154bbad8e4b5c,0.5989789366722107,1.2410465858328015,2.9443658138268916,1.949930511686671,1.0055645898973473,1.734241968665928,0.8702744097000645,2.6413718018508443,0.9899557801642453,1.0055645898973464,1.2295972463997469,0.5623536983533334,0.42408068532004545,0.37641764837339975,0.5761630129662193,0.4041215076748649,0.5788234871213188,0.30776619320971144,0.0349731235943366,,0.40661713007238753
972,fancy-sweep-785,run_438eb6bc44b1c97292f8a90eea2608e5,0.7193363308906555,0.8837268666241225,3.2345127925966257,1.8959444093493374,0.7824423213741234,1.8980060136097483,0.7177281429483098,2.9877517691888955,1.3954769425142144,0.7824423213741238,1.466766893495807,0.7007491021052975,0.4199732342604863,0.6043397822686205,0.5423810572447538,0.3987321519500359,0.6883659961741834,0.26059538873998,-0.25494308849129477,,0.31572181923021575
973,fearless-sweep-786,run_97ae6d4fdc192330a5440edb26cdb965,0.43178045749664307,2.497141033822591,5.90465432770822,3.751547694251422,0.0,2.7869164424750754,2.497141033822591,5.90465432770822,3.751547694251422,0.0,2.7869164424750754,1.0,1.0,1.0,1.0,1.0,,,,,
974,northern-sweep-787,run_a9abe9f4f14f8a652feead4cf6bc7f69,0.5306956171989441,1.5149585194639439,2.930566140446381,1.8741882501579281,1.4801910763288955,1.7848275043519546,0.9530695596681565,2.6930593358737083,0.2502590018951383,1.4801910763288952,1.3117304953315405,0.542906820766599,0.5689951164601745,0.32227835775628133,0.5730818505487281,0.48673473216838814,0.5024418007106773,0.40615960961551284,0.04461215183345188,,0.3992179884759968
975,hearty-sweep-788,run_8127741497e0ceaabf89808ddfec7451,0.5846841335296631,1.3423994894703255,3.6728089275993483,1.9782943777637403,0.7609259071043806,1.8955570501661658,1.1421442246330578,3.5711758301578667,1.291421351863551,0.7609259071043811,1.7037862003481556,0.48982154174334347,0.5143187478523897,0.4230372250423012,0.7114132557240823,0.544808234690027,0.5281188690448586,0.35437444052130257,0.010101156532951266,,0.36496764655592445
976,sunny-sweep-789,run_8316b30a4a5c7c5750410458d7b93083,0.5104020237922668,1.5289853222718572,2.2906096897114874,1.842552116234997,1.6027797540400448,1.6742957746478877,0.9299553286534779,1.908247142079478,0.33480732785849726,1.6027797540400444,1.1570066466213007,0.5511331730446226,0.43716406138821934,0.316553171790697,0.5099614190369319,0.4635109068699451,0.5148016722998691,0.42072029835851976,0.08882048444457014,,0.47980722298968215
977,fearless-sweep-790,run_edc1c89140efcef1be78d7bc6a72df8c,0.5613273978233337,1.3936566687938738,3.246053347849755,2.0005685407454203,0.7819747941864011,1.539804557683178,1.1837013401403953,3.0678824169842134,1.3993809222994325,0.7819747941864017,1.237090520652002,0.5173035034120773,0.5180739524140726,0.4411687897072439,0.6873708228590686,0.5376052403634702,0.5281525673905512,0.3884720946151567,0.09637158622688344,,0.48755740116312307
978,hopeful-sweep-791,run_582aa34e71ebc01c0255565b4151f2ca,0.5970644354820251,1.2778940650925334,3.63236254763201,1.948123815540114,0.785232239048684,1.7906591232790003,1.0628334396936816,3.4870713119216115,1.1875679090334819,0.7852322390486829,1.5726341193226774,0.5088941672203751,0.5108695930417853,0.41560355010695016,0.7174323421057645,0.5121984981909999,0.550906634755075,0.3103964575027134,-0.0029906846351185346,,0.39885259418588126
979,crisp-sweep-792,run_253f478e69e256f5b3cb9031baf0e9d3,0.6504148244857788,1.1214932992980218,2.7643168209036477,1.7649399873657614,1.37291899583291,1.7991691723373953,0.7549074664964904,2.374115405552531,0.7364371446620345,1.3729189958329084,1.242664978635861,0.6718020391946522,0.3963545510350648,0.43932270216773617,0.5091990761226803,0.3989627508872288,0.6188678619734893,0.2799660117372792,-0.08972981597437338,,0.39766078801836924
980,ruby-sweep-793,run_ee23cb40080d0fdd2cda11e06583f257,0.5153797268867493,1.7882961072112318,3.8379695155144264,2.9732659507264687,0.8823813395670291,2.174687450545973,1.307479259731972,3.693222645617856,1.6443967150979169,0.8823813395670282,1.7875771482829563,0.643597164496332,0.6246264492691644,0.6162592982792198,0.7600062207890057,0.652358321755502,0.4130787749178097,0.2957164813042127,0.04189473502821556,,0.3006789145617773
981,colorful-sweep-794,run_06bbf46f8281d915c72701248e6879f2,0.5827696323394775,1.3758902361199747,3.6613500272182904,2.034036639292483,0.7400548836263848,1.8662723532204466,1.0712316528398207,3.552966793685357,1.1451168667087805,0.7400548836263856,1.6275003956322207,0.5488418204056913,0.5733356291051783,0.39315215656227054,0.7532727130230976,0.568741806306047,0.5356544553179376,0.3628617992230765,0.048986440129067416,,0.3937208582765749
982,summer-sweep-795,run_19ef41757377400e1aad183a6a1a05ab,0.6014039516448975,1.2769751116783663,3.7668209036472518,2.064977890082123,0.6937188738692958,1.8489713562272514,1.0270197830248873,3.6827708219923796,1.270663297536324,0.6937188738692968,1.5911853141319836,0.5020631749641018,0.5584013708997149,0.42444609392459215,0.7413219279618251,0.5244779868279642,0.5564517475443556,0.36148869345914125,-0.006824658069557538,,0.39414422433351154
983,vital-sweep-796,run_6a9fd03f77c404267bdcba644eaa9405,0.5799617171287537,1.3550989151244417,3.7796951551442577,1.8258496525584338,0.8399684927330014,1.8649153347048586,1.1864199106573066,3.6871529667936853,1.2326468730259004,0.8399684927330014,1.7119718309859162,0.49657283029477395,0.5252071618659073,0.44765539699262524,0.6944534390686836,0.5437136800575708,0.5137766275583838,0.3364552406046811,-0.004741296341949225,,0.3614723587867949
984,trim-sweep-797,run_814720730cb112c8d4c5745745b0b935,0.5193362832069397,1.5646968730057436,2.733968426782798,2.3768161718256477,1.0611139343429212,1.6871340401962336,1.048704530950862,2.489112683723463,0.9405306380290607,1.061113934342921,0.9222107928469703,0.599375976390132,0.5615010862454393,0.4345613446987836,0.6725087453665016,0.5010714777592365,0.4997062343675384,0.4203820498365049,0.09694286172199487,,0.47929132441585526
985,northern-sweep-798,run_43e7c14a1f66fc8f33b0bb1f91ca9cd9,0.5608168244361877,1.394486279514997,3.272373434948286,2.1408085912823758,0.8475505640817157,1.8170754866276313,1.0543203573707725,3.0090092542188356,1.293809222994316,0.8475505640817151,1.3447301788257633,0.5323436366904074,0.4116895926903627,0.4298593685151486,0.5683350253542447,0.40098695201982204,0.5298739683484499,0.28531564318603053,-0.009627393492470743,,0.38094304792636613
986,fresh-sweep-799,run_35c5af3b157154fd085e1db555a3d2de,0.43178045749664307,2.497141033822591,5.90465432770822,3.751547694251422,0.0,2.7869164424750754,2.497141033822591,5.90465432770822,3.751547694251422,0.0,2.7869164424750754,1.0,1.0,1.0,1.0,1.0,,,,,
987,fiery-sweep-800,run_9128afcb7106b7f39470cd784ef75ca6,0.603318452835083,1.2788130185067006,3.3347033206314647,2.0482880606443468,0.8261052952535828,1.6025083082766263,1.0782003828972562,3.1632825258573765,1.4441440303221742,0.8261052952535825,1.2639104288653271,0.5536901298338878,0.4335466822477471,0.4327518117677106,0.6785603332873962,0.474142761345647,0.554814427135726,0.323912728938938,0.042011434251858604,,0.4538959025821026
988,decent-sweep-801,run_5258e81531c2853d9d3e8da00e75d056,0.6074026823043823,1.342233567326101,3.7818998366902568,2.1717119393556543,0.48851509299725593,1.91120826080076,1.1360816847479267,3.6912629286880794,1.4942387871130776,0.48851509299725676,1.7259969931951264,0.5514648967241567,0.5527351763888378,0.4584014941097596,0.7849114554763716,0.5761698928124982,0.5430741300009643,0.35864196127476794,0.024603570512959777,,0.37830647565760783
989,polished-sweep-802,run_0594095bb0265f3f97d3459e5f97c912,0.6089342832565308,1.2303254626675175,3.4982035928143715,1.8240176879343022,0.6436274011586545,1.8603695204937492,0.9951754945756229,3.3389765922700048,1.0251042324699933,0.6436274011586542,1.619682702959329,0.5263292870781406,0.4633706854745257,0.43572694186380617,0.6447734660880411,0.4872037064633244,0.5652287003793082,0.3244142541905669,-0.04392169301887322,,0.34573319194967217
990,curious-sweep-803,run_b975a0e18321f6789dfb47ade58867e5,0.6243777871131897,1.0962093171665603,3.268263473053892,1.5231711939355657,0.9722736050411628,1.705214432663396,0.8454881940012758,3.143767011431682,0.7248641819330387,0.9722736050411626,1.384815635385346,0.5806879851356136,0.5141834572532499,0.504613383136992,0.5716108087312199,0.4580543605638147,0.630883844252857,0.43179054268431616,-0.06263433506608268,,0.40618890638126987
991,youthful-sweep-804,run_8b384bd7b185f0e1b3de90c2a5721adf,0.5789406299591064,1.3543841735800894,3.383043004899293,1.9280985470625398,0.7814564488261002,1.8599738882734609,1.1153031269942584,3.1593086554164405,1.2989387239418835,0.781456448826102,1.481828612122171,0.5460842203264781,0.4596698808887892,0.45557769051495706,0.5823287748543029,0.42122888828787475,0.5233887557677532,0.26962172764651016,-0.03221432726968365,,0.3437594475483007
992,spring-sweep-805,run_0531f267f30e5c5409360ddb9a348846,0.43178045749664307,2.497141033822591,5.90465432770822,3.751547694251422,0.0,2.7869164424750754,2.497141033822591,5.90465432770822,3.751547694251422,0.0,2.7869164424750754,1.0,1.0,1.0,1.0,1.0,,,,,
993,fine-sweep-806,run_c523057e9909ffd12676ba98c73f976e,0.43178045749664307,2.497141033822591,5.90465432770822,3.751547694251422,0.0,2.7869164424750754,2.497141033822591,5.90465432770822,3.751547694251422,0.0,2.7869164424750754,1.0,1.0,1.0,1.0,1.0,,,,,
994,youthful-sweep-807,run_0b330b6ff745f9a626272feeae784254,0.5835354328155518,1.2898404594767072,3.000816548720741,1.761768793430196,1.1520073178168513,1.7872448172179143,0.9582259093809834,2.765051714752315,0.6464939987365763,1.1520073178168522,1.450751701218547,0.5387607973966582,0.43379132480310734,0.4053337802892443,0.587185755886209,0.47096175243986804,0.5518627642572738,0.37680967504456286,0.038372035662912696,,0.38277891779371387
995,genial-sweep-808,run_49b4e00a1a947bee5e4e2351ed1db310,0.43178045749664307,2.497141033822591,5.90465432770822,3.751547694251422,0.0,2.7869164424750754,2.497141033822591,5.90465432770822,3.751547694251422,0.0,2.7869164424750754,1.0,1.0,1.0,1.0,1.0,,,,,
996,super-sweep-809,run_76ec4ca49d52f8f2567e560abec2ce5c,0.5590299963951111,1.3812763241863435,3.2163581927054983,2.0759444093493373,0.8535979266185589,1.5639222978319356,1.102322910019145,3.049292324442026,1.3070499052432099,0.853597926618559,1.1765825288811522,0.5151309859475565,0.454147220646078,0.42113079845480955,0.6783449838212892,0.45700334520124264,0.5390255284364931,0.38020690368104326,0.07733630272833658,,0.4851559176512991
997,polished-sweep-810,run_2045523b9cd771652dd171b58af6ce6c,0.5587747097015381,1.2848372686662413,3.2534567229178015,1.6468477574226157,1.0825541213537961,1.7436738407975947,1.018570516911295,3.1001633097441488,0.7174226152874303,1.082554121353795,1.4935076752650736,0.599180225933148,0.5497616263838981,0.4145899179516649,0.5753918583744008,0.4796550635501292,0.5517899002426017,0.37663154767354573,0.004471041924304586,,0.39114189150652817
998,peachy-sweep-811,run_b9f96adc556e6f73ffaf185b6f656cd4,0.6298660039901733,1.1912954690491386,3.3378334240609697,1.806317119393557,1.1007317816851308,2.013261592024054,0.836171027440971,3.087098530212304,0.8114971572962727,1.1007317816851296,1.5444769742047795,0.6092659761006869,0.43604647630767096,0.46656849599335953,0.4761235416832261,0.4195872327987687,0.5825213322752777,0.27559708218384926,-0.12307656594086816,,0.28885380455492987
999,divine-sweep-812,run_ab70ba3846bf517f40c1f53270130ca3,0.5360561609268188,1.4777153797064457,2.7886771910724013,2.041718256475048,1.1921536741538774,1.6302777338186423,0.9873771537970648,2.428415895481763,0.7764750473783953,1.192153674153878,0.9936659281531894,0.5564654142200226,0.40656138301267136,0.3531483255116049,0.6181379660790248,0.4266507288155452,0.5145950438266924,0.3325135473068813,0.07552387387008452,,0.4768687376954893
1000,elated-sweep-813,run_d6f18e2eda24027b85257f4c67247cbc,0.5606892108917236,1.4168985322271859,3.011404463799674,1.9073657612128874,1.2895111291797947,1.812122171229625,1.048857689853222,2.717773543821448,0.9646493998736582,1.2895111291797945,1.2674869441367311,0.5465814240650502,0.4123090613491948,0.3927725632921495,0.5206266758210684,0.37901471041760226,0.5108626833607698,0.31602246816021207,-0.0012805451486412878,,0.38632110873936676
1001,hardy-sweep-814,run_b10b110307900d13b6ad55f85b95f581,0.5726866722106934,1.3141033822590937,3.4199510070767554,2.0600884396715102,0.9014686451875191,1.687355594239595,1.0386981493299299,3.269597169297768,1.4891471888818706,0.9014686451875196,1.2520889381231208,0.5943922457254044,0.5344378879271073,0.4325254605242154,0.5755823333532637,0.4513358330166165,0.5740609944428804,0.3252347456619196,-0.037356578970072246,,0.43815792141026993
1002,eager-sweep-815,run_585c577b5b431e5eeae45483a99c8398,0.5411614775657654,1.4815443522654757,3.1145073489384876,1.8928363866077071,1.2845207846325848,1.7988368412723532,0.9815571155073386,2.922400653238977,0.4584459886291861,1.2845207846325852,1.3670833992720366,0.5404960849552561,0.5291958816979103,0.31620151326501295,0.608270582963907,0.4752835504429769,0.5076737220696981,0.40808464544339473,0.05351429627323584,,0.39681628215598386
1003,deep-sweep-816,run_7f39cadc3264cd186c241d3789ffd1fa,0.5678366422653198,1.3672622846202935,3.246624931954274,1.7180543272267847,1.1105905071653626,1.7618373160310175,1.0254626675175504,3.0242514970059893,0.7194693619709418,1.1105905071653612,1.4868570976420332,0.5754238778539829,0.46872425294100023,0.43667241324266515,0.6478961957728524,0.49417683001078927,0.5368780821760195,0.35637385433723245,0.07155616345954427,,0.40707846610372733
1004,peach-sweep-817,run_98cd2ed8816214117c0f49a2bb700326,0.6298660039901733,1.17360561582642,3.358111050626021,1.9402779532533168,0.8003760544770812,1.6407817692672895,0.9393235481812376,3.1655144256940675,1.2090840176879354,0.800376054477082,1.301036556417155,0.5838305166388515,0.43987764591546924,0.41952526897168213,0.6460014336132487,0.4524291470123797,0.5935081280886181,0.30637334406352307,0.0064680202978389945,,0.43607252048377737
1005,youthful-sweep-818,run_603103ad6f2eb46d84ff3ac42def9efe,0.6127632260322571,1.2518187619655392,3.370495372890583,2.22962728995578,0.6436121557068808,1.6944413673049534,0.9937715379706437,3.1901469787697327,1.4596715097915345,0.6436121557068816,1.2664306061085615,0.5554963773952956,0.44991667489618176,0.46719535165852566,0.7089646631803548,0.4330973917115354,0.576765315707118,0.3273319423037707,0.02421678835805932,,0.4341094783086339
1006,celestial-sweep-819,run_a56c7b105ea934057f63c7a8d4fcfda4,0.5758774876594543,1.277613273771538,3.0956995100707676,1.956386607706886,1.0797743673137516,1.7058197499604368,0.947836630504148,2.8677191072400667,1.2253948199620988,1.0797743673137534,1.212355594239594,0.5556287941032866,0.43075984795940575,0.4015306643680363,0.5219866179586513,0.41429557832547964,0.5832507353058485,0.33045903637189794,-0.022384971846990204,,0.42206844753201694
1007,cerulean-sweep-820,run_a2ad027d93fcb108492da879e0ba0824,0.5692405700683594,1.4541289087428206,3.5881056069678827,2.153885028427038,0.7749313954670192,1.8213166640291187,1.1310912571793232,3.4816276537833426,1.2264055590650664,0.7749313954670193,1.5334625731919616,0.5490805148277151,0.5623803621609405,0.4239501324905022,0.7453414100615503,0.573005359736471,0.5058828905331147,0.3735276285856786,0.033856427373188475,,0.4136386070844181
1008,jolly-sweep-821,run_0a2d61639560dec4f341d4b55c06602b,0.6028079390525818,1.252546266751755,3.50748502994012,1.7758433354390402,0.6087661347697937,1.9057722740940024,0.9401276324186347,3.31984213391399,0.9425900189513582,0.6087661347697932,1.6301748694413671,0.568798557822818,0.4810789807690994,0.43257622194553524,0.5877579915653475,0.47050689240451193,0.5662484179867882,0.3090767576922488,-0.004226100374605468,,0.3257171974402493
1009,fiery-sweep-822,run_72aae4e2b79cd835fdf630ae1c57aad4,0.5405232906341553,1.4574856413529038,2.8323625476320093,1.9035754895767532,1.5167344242301048,1.7374109827504354,0.9047351627313336,2.571937942297225,0.23514845230574918,1.516734424230103,1.2515904415255583,0.5738297048542782,0.5224185805748586,0.2723972799540274,0.5731762552406018,0.4734657511647909,0.5404719438306611,0.4018079502024151,0.05048491529235086,,0.4241745793806316
1010,lyric-sweep-823,run_9f4841c3a1f61952da4a85c52e86030e,0.43178045749664307,2.497141033822591,5.90465432770822,3.751547694251422,0.0,2.7869164424750754,2.497141033822591,5.90465432770822,3.751547694251422,0.0,2.7869164424750754,1.0,1.0,1.0,1.0,1.0,,,,,
1011,glorious-sweep-824,run_2974e6235466933e7280d3d2d8ba01f2,0.5430759191513062,1.3435098915124444,3.137152966793685,1.6664687302590022,1.0724921231832505,1.563744263332806,1.0874026802807917,2.9612139357648353,1.0857991156032842,1.07249212318325,1.2097879411299255,0.5165466062922216,0.5148069552403752,0.4945892794432206,0.5895889638644451,0.47327809568268786,0.550681788324543,0.3656715190037252,0.05471514770528785,,0.47023779767684
1012,sweet-sweep-825,run_02be492f7298c16b0bd35d37849e5c57,0.5821314454078674,1.3212890874282068,2.468372346216658,1.7867593177511059,1.4421841650574247,1.6298108877987023,0.890504148053605,2.108655416439848,0.5943903979785228,1.4421841650574252,1.110314131982909,0.5945660800509669,0.4084181322179368,0.36651741531781756,0.5313754842502698,0.4288743214009987,0.5578121913155235,0.38834520060707595,0.053956668636231386,,0.473391934300595
1013,lemon-sweep-826,run_3ee10ef9ccd26fb0b0ffd261edd218e7,0.6084237098693848,1.2577153797064455,3.4900108873162767,2.0681996209728366,0.595898973472914,1.8338740307010604,0.9850414805360564,3.275258573761568,1.3955780164245108,0.5958989734729138,1.4343725272986234,0.5755908072308114,0.4360077440040097,0.46382099415764777,0.5670082286670399,0.4105870545339897,0.5644837311554609,0.25795412619062497,-0.0823718595161766,,0.35625113166460476
1014,likely-sweep-827,run_0529f6b7c2d03ec017988c986534687a,0.5897893905639648,1.3365539246968732,3.781110506260207,2.0135186355022117,0.7476572822441305,1.9117700585535689,1.116694320357372,3.6046815459989126,1.2873025900189512,0.7476572822441317,1.6982473492641228,0.4997343088720987,0.5249386901127371,0.4277813427832583,0.7105793993785121,0.5349521537858685,0.5215646343374603,0.26755078414148903,-0.016834078678182568,,0.34846521976453587
1015,sweepy-sweep-828,run_6d452592702cb3554b7a236a3ae23826,0.561837911605835,1.3781493299298022,3.4818454001088734,1.6296146557169933,0.9887945929464377,1.7699003006804874,1.099706445437142,3.3898475775721284,0.8603663929248277,0.9887945929464375,1.5747191011235966,0.5296149333695324,0.5231637876810185,0.4881529546978259,0.6548391329131844,0.5269934005192607,0.5288545023840092,0.40496576259106754,0.04687349381803321,,0.405168638426186
1016,true-sweep-829,run_b6a5588f6b2dc5ebf3ddf5f695102f41,0.5530312657356262,1.430389278876835,3.680783886771911,2.1683765003158566,0.6770301859945117,1.604850451020731,1.2310019144862803,3.5690255851932506,1.7037144662034112,0.6770301859945116,1.3346652951416367,0.5604456901620051,0.5171571892376383,0.48203348976790217,0.7391362708167339,0.5136398890566619,0.5234131859456231,0.3252636748610228,0.07579345163206347,,0.4670579876430316
1017,fragrant-sweep-830,run_6eec3968a1963241e9b52b34e22bc569,0.6052329540252686,1.3009189534141672,3.7324169842133923,1.9067087807959573,0.69945624555341,1.88407975945561,1.0985705169112958,3.625884594447468,1.2757801642451037,0.6994562455534088,1.6811046051590441,0.5318244482154246,0.5160239999248627,0.42119065862146027,0.7144580148505018,0.5227598959902346,0.5395462368734006,0.3264175189460507,0.0071423263449270635,,0.3632336165585822
1018,hopeful-sweep-831,run_08066a004905f968b27d997d1fd14a9a,0.6066368818283081,1.2578685386088067,3.708927599346762,1.9101326595072652,0.6521800996036183,1.874347206836525,1.0721378430121242,3.566031573217204,1.284384080859129,0.6521800996036188,1.6882418104130392,0.5268383852247667,0.4920486160018089,0.46888133320563163,0.6986996448776528,0.5168533633193957,0.5531720136182197,0.27761775825916674,-0.05481568841933393,,0.3472473633289268
1019,zesty-sweep-832,run_0cdb88134b7b99ec2bacd10368a9727f,0.5783025026321411,1.3954179961710278,3.386853565596081,1.947125710675932,0.9273757495680456,1.8270968507675267,1.0158647096362468,3.2545726728361464,0.8509286165508525,0.9273757495680458,1.5204264915334718,0.5623077090988847,0.574363061314093,0.34560291159850587,0.7054069411267905,0.5548701894033378,0.5291829943544609,0.394601158292133,0.03563706563195382,,0.40560555413181776
1020,rosy-sweep-833,run_fb1ce88257d0f201624f4de976430454,0.5696234703063965,1.3932482450542438,3.515732172019598,1.9195072646873033,0.8805417217196871,1.7933019465105238,1.0930312699425644,3.401197604790419,0.9475552747946943,0.8805417217196878,1.564460357651528,0.5079991157699315,0.5504837104736088,0.37396960699805254,0.7040588330329307,0.5295208710022125,0.5223462229352206,0.3883966904987832,0.04951130487195546,,0.40667963896508635
1021,dry-sweep-834,run_72023b1c627fc33995b4613dd27088d0,0.5189534425735474,1.4496234843650289,3.627191072400654,1.5515603284902089,0.8986329911576382,1.7518436461465423,1.2842373962986608,3.555334784975504,1.1053695514845232,0.8986329911576374,1.6180408292451336,0.5494121057560962,0.6063821843110503,0.5484133065159786,0.6689060732979211,0.5494379447600821,0.500193640742639,0.41900723783555,0.058377384933865795,,0.41870253792263823
1022,true-sweep-835,run_2eb0c40e702a6893a118bdb78d7df448,0.5480536222457886,1.427032546266752,2.5353293413173654,2.0487555274794698,1.3025663177152151,1.5855475549928788,0.9553031269942562,2.192814371257487,0.6476184459886292,1.302566317715215,0.9554162050957433,0.5658958609049065,0.4588878790545982,0.37364364843725056,0.5940039509589305,0.4438700897273158,0.5330469375429276,0.40821030164844363,0.1008466172952315,,0.4999014715222321
1023,fast-sweep-836,run_90da8185a7c5c24df523f38087915918,0.5430759191513062,1.4266368857689855,2.4146978769733267,2.016058117498421,1.3468441914828746,1.641751068206995,0.881723037651564,2.0483396842678285,0.5441945672773233,1.3468441914828744,1.045628263965818,0.5889966018193757,0.4642148057407803,0.35316125530760145,0.5582299013611346,0.4699024395260218,0.5478079044267785,0.40659989642626493,0.08754186681569218,,0.4907331500852007
1024,toasty-sweep-837,run_e1b7a7fd0a601525004c8fea52c132ef,0.5480536222457886,1.447568602425016,3.220658682634731,2.146064434617815,0.8431344648846428,1.6189507833517964,1.1446202935545635,3.041562329885684,1.3630701200252704,0.8431344648846437,1.218665928153189,0.5327865860235946,0.4506163239528589,0.43956485649522714,0.6973254153334503,0.46182428548028015,0.5158188523345026,0.371029323931215,0.07109962455218904,,0.4719296549867871
1025,denim-sweep-838,run_635faa67a9fb1f806da3390dd71a6e1a,0.530312716960907,1.4587619655392472,4.02003266194883,1.8990777005685413,0.6637971338550666,1.8185195442316824,1.276758136566688,3.95949918345128,1.4821983575489575,0.6637971338550668,1.64929973097009,0.5087951920106326,0.5706625233787986,0.4637734252785493,0.7407531628802424,0.5411146164750745,0.496980472024178,0.34361997754772344,0.04398551913432716,,0.3963798451810161
1026,unique-sweep-839,run_173b728d3444d97df89f97a686e5eb8e,0.5760051012039185,1.3238162093171666,2.9038377789874796,1.8936828806064436,1.2610326252667956,1.7833794904257005,0.8623994894703243,2.5905552531301033,0.41186355022110005,1.261032625266795,1.3191604684285478,0.5531071644690929,0.4518371313151974,0.31712272132298946,0.6153509581399156,0.4293785187586239,0.553708700136259,0.35100934204710565,0.036005849977386095,,0.39501057141445567
1027,sage-sweep-840,run_b4599ffa002c09598ea99681f3df4307,0.5698787569999695,1.4042884492661136,3.2678551986935225,2.0900568540745423,1.0091574346986485,1.8842657065991453,0.9090236119974465,3.0270821992378893,0.7302842703727104,1.009157434698649,1.509317138787784,0.5901865728262323,0.5130264528966214,0.35384270344475305,0.6853181171149153,0.5427680093856205,0.5381374197096528,0.33861179195253027,0.0487643873360562,,0.38164701555401725
1028,eager-sweep-841,run_0859f90d1c6c97275c87db97d47b4c9a,0.5595405101776123,1.3262029355456286,2.6685628742514975,2.099014529374606,1.1181776603313345,1.6944294983383448,0.8255264837268664,2.327626565051715,0.8634112444725207,1.1181776603313356,1.0266656116474138,0.578821371614136,0.4442367285522156,0.37219902308208025,0.5882334778335212,0.4407208614162938,0.5849684585078008,0.341961025999688,0.07225160612962836,,0.45844523561756806
1029,noble-sweep-842,run_528b4ce6d0fd62691b2a35c63bf8767f,0.618889570236206,1.1824888321633695,3.077000544365814,1.8656222362602655,0.9626537249720502,1.588115208102548,0.9808296107211234,2.855008165487207,1.2106127605811745,0.9626537249720497,1.2125652793163468,0.5602409574585765,0.4664830170510295,0.42735801168470455,0.6049916655942784,0.49121290950747076,0.5873213889882636,0.3493951851004849,0.02770317866531502,,0.45657102304668296
1030,skilled-sweep-843,run_73fe01a76f29e149d143d98a7ae75dad,0.43178045749664307,2.497141033822591,5.90465432770822,3.751547694251422,0.0,2.7869164424750754,2.497141033822591,5.90465432770822,3.751547694251422,0.0,2.7869164424750754,1.0,1.0,1.0,1.0,1.0,,,,,
1031,young-sweep-844,run_f488577979901624ddc3ae88f9365622,0.5868538618087769,1.3297383535417997,3.439820359281438,2.053695514845231,0.6646457973371278,1.7192119006171864,1.0767708998085508,3.2495645073489388,1.3934554643082762,0.6646457973371271,1.3334546605475546,0.5311020385457308,0.4885456635166833,0.4264899594547138,0.612811930613975,0.4537450782993396,0.5407135199455747,0.3243379999119293,0.005271935200694411,,0.4065652384801314
1032,valiant-sweep-845,run_b655009d0f909ee95cc720a00558d024,0.5409061908721924,1.5123548181238033,2.9870440936309204,2.134756790903348,1.20281532676085,1.8409044152555787,0.9271346522016602,2.7530756668481224,0.4302210991787751,1.2028153267608492,1.4327702168064578,0.5951036634977005,0.5397321535989853,0.32350764613862015,0.6383083004004064,0.5355993372346284,0.5125538377962815,0.39493555701404626,0.04487564179586309,,0.39436157090577806
1033,devoted-sweep-846,run_b07aa951318fa37ebf257633e3741187,0.5733247995376587,1.351831525207403,3.507947740881873,1.9903979785217942,0.9853287935765831,1.835361607849343,0.990784939374601,3.3360370168753413,0.8322425773847135,0.985328793576582,1.497705333122329,0.5027698943747062,0.5119765851491748,0.35637806084985474,0.6853105472255904,0.4764968673129736,0.5353268696383977,0.33384648985193877,-0.006249485270015759,,0.37694233497241314
1034,jumping-sweep-847,run_7d793d6c4e35d6ecba36c96346ad0c62,0.5310785174369812,1.550899808551372,2.976320087098531,2.0558054327226785,1.3212572415895922,1.8750909954106663,0.9699936183790678,2.736635819270551,0.33125710675931874,1.3212572415895927,1.3525953473650887,0.578581038421305,0.5786630764547831,0.3537689557194394,0.6039748947316236,0.5150828563190484,0.4936332139669877,0.39990299538925256,0.030273884914148758,,0.37781665036716783
1035,grateful-sweep-848,run_9f030f30a5a1bdadafc54e147efc8eab,0.6282067894935608,1.2144097000638163,3.394637996733806,2.22459886291851,0.6423671104787074,1.7206520018990346,0.9608806636885775,3.1973053892215573,1.4671257106759317,0.6423671104787073,1.3072163316980532,0.5847785433987962,0.4585161124806076,0.4665016122338218,0.7062470819868938,0.44114568627031364,0.5841484757906046,0.31773255968797126,0.003961123981579218,,0.42258486884223284
1036,twilight-sweep-849,run_c77a3e6fbfc3b9b4252d42ea211102ae,0.5705168843269348,1.340727504786216,3.0493739793140993,1.825521162349969,0.8914777924585832,1.7320224719101125,1.0210082961072107,2.8041916167664676,0.9688186986734055,0.8914777924585842,1.254249090045894,0.5365294540948152,0.4373149375161431,0.40652172524981645,0.565527141107169,0.4243491503267923,0.539450909853994,0.3341717699507304,-0.0011690057052640979,,0.4035444676424099
1037,bright-sweep-850,run_7761c7ee6f098eafa20c4286d0a78411,0.6057434678077698,1.2510784939374602,3.0038649972781717,2.0600252684775744,0.95068604532981,1.6767328691248615,0.9003190810465852,2.750680457267283,1.0832217308907137,0.9506860453298098,1.1729506250989086,0.5827215032472793,0.40169972116097874,0.3930214219583054,0.6300452980642706,0.4091072551197918,0.5760330508356752,0.3340994351129763,0.02724482192383676,,0.4351731295864049
1038,woven-sweep-851,run_7ebbfc4ca0e63c58556294424042d420,0.6082960963249207,1.238379068283344,2.8184267827980407,2.035337965887556,1.029454212826507,1.6582766260484254,0.8753158902361202,2.5247414262384327,1.0040050536955158,1.0294542128265067,1.1304241177401484,0.5915251310572512,0.45014956562314395,0.3801554768061808,0.6280461360290823,0.41279170847329627,0.5838599869505372,0.3447313185289582,0.03357059433613169,,0.4539540859307284
1039,dandy-sweep-852,run_997634d92a65a0ae7f21de8ae89c6186,0.7493299245834351,0.7824633056796427,3.202395209580839,1.896689829437777,0.8072314259579226,1.852247191011236,0.5614039566049774,2.8945019052803493,1.315085281111813,0.8072314259579226,1.3148362082608005,0.7479919057530987,0.39559620652920424,0.6152009705328354,0.558506406919436,0.3781506722338789,0.7317168958343563,0.23136345091215338,-0.2846975803691931,,0.35663687050923165
1040,firm-sweep-853,run_8515617548c6f7efa3018700576ad349,0.6234843730926514,1.2280280791320997,3.175557974959173,1.8822488945041065,1.0454060371989022,1.7617384079759455,0.8579451180599869,2.984648884050083,0.6527858496525574,1.0454060371989016,1.4240267447380919,0.6257378431004162,0.5058947323905261,0.3482270216773617,0.6584273924883841,0.48473035993369246,0.5793954197555491,0.38279286274668534,0.03922319849712991,,0.40775438333684777
1041,noble-sweep-854,run_4aaf5f6b0fbe78924ac2a666bb3d4c0e,0.6285896897315979,1.1996936821952777,3.1213391399020147,1.7612634238787115,1.0071399532472813,1.698943661971831,0.8572559029993615,2.9230266739248774,0.6203916614024011,1.0071399532472813,1.3626246241493916,0.6153052352396978,0.5297892438883314,0.3783160936053379,0.6586256280202742,0.48269854711994503,0.5868626683976461,0.3877220782379247,0.04303515957136145,,0.427055860317184
1042,graceful-sweep-855,run_e96ccd3875aaf16cbba675a4ce3b90d3,0.5523930788040161,1.4541289087428209,3.4504354926510628,1.9357927984838916,0.949115763797134,1.8693028960278528,1.127262284620294,3.3366086009798592,1.0171067593177527,0.9491157637971348,1.6193899351163166,0.4996108140031556,0.5228865657493568,0.3743458480988411,0.6931731626719609,0.5355429324232975,0.5015295269895022,0.3997236434716557,0.027438981352171737,,0.3813059714159337
1043,glad-sweep-856,run_69aa72b0bad4cd4071c6e1e3ad32747b,0.5664326548576355,1.4326483726866626,3.7926510615133378,1.9465319014529379,0.7769031405630654,1.885448646937807,1.1667645181876205,3.688731627653784,1.1974731522425772,0.7769031405630656,1.691074537110302,0.515931927094017,0.5361926593878122,0.40151502091115154,0.7359803067905957,0.5601667733718931,0.5092214467740123,0.34366115402545816,0.038848605513280204,,0.38307048993576254
1044,skilled-sweep-857,run_0e90890e7414989f4fd047466d8ec096,0.5546904802322388,1.3699553286534782,4.060152422427872,1.7970688566013906,0.649969509096453,1.8893851875296725,1.338047223994895,4.003157321720197,1.6865950726468737,0.6499695090964541,1.8595940813419838,0.7008600092713924,0.6519253357429838,0.5518883887239409,0.7265069897428488,0.6300495187883753,0.5414340509027775,0.3539675768613758,0.05472046271023051,,0.38979431555348726
1045,prime-sweep-858,run_2cd8f16ac475df26ce186cdba167a754,0.6125079989433289,1.249125717932355,3.613173652694611,1.899620972836387,0.7908883016566726,1.7605871182149073,1.0185449904275685,3.5208492106695704,1.2124194567277324,0.7908883016566726,1.5699240386137054,0.5594930122983834,0.5142888751676384,0.4213126137343166,0.715896362645165,0.5230673324754532,0.5689538595596464,0.3844430651022229,0.05347280772550389,,0.4141702920629877
1046,chocolate-sweep-859,run_973b447f87231d7805c583b855424fc6,0.43178045749664307,2.497141033822591,5.90465432770822,3.751547694251422,0.0,2.7869164424750754,2.497141033822591,5.90465432770822,3.751547694251422,0.0,2.7869164424750754,1.0,1.0,1.0,1.0,1.0,,,,,
1047,restful-sweep-860,run_c7b68d1dc6590a601f2e3a29d378664b,0.5282706022262573,1.5595915762603703,3.1478225367446924,2.215060012634239,1.1325388759020227,1.8679419211900619,1.013784301212508,2.9757485029940134,0.6535944409349342,1.132538875902023,1.4389420794429515,0.5896770375706648,0.5529101594859801,0.3643220636592919,0.6502035088159864,0.5281509286894096,0.49587692536819405,0.4035193485786057,0.03952634299524416,,0.3831054732696364
1048,cool-sweep-861,run_350f5a3f1f7f1ace25eb465e4bd9c3bd,0.5702616572380066,1.3274664964901086,2.93965704953729,1.7821857233101708,1.2425703831690214,1.7750118689666086,0.9623101467772824,2.6679096352749063,0.6115224257738475,1.2425703831690216,1.420739040987498,0.5386641994888282,0.42003458762061746,0.40034814672924046,0.5917112925722585,0.4463805404429546,0.5448234220500231,0.3513992250279691,0.03529958429883748,,0.3924187604895803
1049,efficient-sweep-862,run_245ae6bd28c2602f9821764610921e46,0.68883216381073,1.0189406509253351,3.5881872618399573,2.066380290587493,0.7161906697835146,1.8414068681753446,0.8108742820676457,3.3927599346761035,1.52310802274163,0.7161906697835135,1.4555705016616545,0.6647964487854903,0.47995884721802157,0.5376376783832966,0.5478006490915794,0.4248183542853534,0.6413817220937306,0.27334924606863487,-0.1618074033438792,,0.36216932123472845
1050,revived-sweep-863,run_7dd861a435e2d88bdb2834ce908e15af,0.5641353130340576,1.4443395022335674,3.6570767555797503,2.0810739102969054,0.7110732798048583,1.8862873872448174,1.1293682195277603,3.532471420794774,1.152356285533797,0.711073279804857,1.6557841430606117,0.5140785550998807,0.5152162353612193,0.4012214666538965,0.7314205908703475,0.5462439996865247,0.5070929596638288,0.33938915458714775,0.0428935384139022,,0.38071047518989
1051,young-sweep-864,run_f2c2188d6472a3ca5fd31bcc371fec49,0.5752393007278442,1.380995532865348,3.7809199782253686,1.965533796588756,0.7682233966866553,1.8710634594081341,1.172035737077218,3.666875340228634,1.3222994314592555,0.7682233966866557,1.6974363032125335,0.5009086233684693,0.5198706835334117,0.41417297193755387,0.7162468206279681,0.5422000637708437,0.5167366787763409,0.3345131180686426,0.04173783510795445,,0.3662578876656293
1052,twilight-sweep-865,run_e9c746fe4327274582e4fa2311888d55,0.6022973656654358,1.257855775366943,3.086336418072946,2.0772331017056227,0.914371379205204,1.709253837632537,0.9429355456285907,2.831028851388134,1.212318382817435,0.9143713792052043,1.245058553568603,0.580056019224816,0.406734613546623,0.4097346997414041,0.647781008281668,0.4370036275941017,0.5768641401261333,0.3320938856004188,0.036005634622539945,,0.42979409674084457
1053,rare-sweep-866,run_a36ec9c8141e89e4938aa1300e26b691,0.5479259490966797,1.4264582003828974,3.214915623298858,1.9344662034112448,1.1980231730866957,1.8294706440892545,0.9247096362476065,3.0229178007621114,0.649665192672142,1.1980231730866966,1.4689389143851888,0.5537297960025238,0.4783558577384961,0.33624110078855796,0.6282186571280906,0.48947726432087035,0.5336936717041298,0.3865679731721101,0.04821933214039456,,0.3860165262655946
1054,faithful-sweep-867,run_b422d4c57b99d95106925b5359be5ede,0.43178045749664307,2.497141033822591,5.90465432770822,3.751547694251422,0.0,2.7869164424750754,2.497141033822591,5.90465432770822,3.751547694251422,0.0,2.7869164424750754,1.0,1.0,1.0,1.0,1.0,,,,,
1055,fragrant-sweep-868,run_1a64d81a0cff3489cd5edd577ec59309,0.533503532409668,1.4450797702616465,3.044447468698966,1.69536323436513,1.471079377985568,1.770113942079443,0.9295724313975743,2.8206042460533483,0.2670878079595715,1.4710793779855698,1.3692672891280269,0.5281047068717589,0.5048227875029617,0.35264581936596107,0.5735114214271541,0.45186455598041525,0.526965168243376,0.3974064501735596,0.039669458678945585,,0.39356575312020475
1056,cosmic-sweep-869,run_3c7fa8e54fd65cd148558543c1477621,0.5760051012039185,1.3975494575622212,3.5821720195971696,2.071459254579912,0.8389165565606262,1.8881626839689827,1.06509253350351,3.4495645073489394,1.0967782691092876,0.8389165565606262,1.5806694097167273,0.5549964005107791,0.5292655366066422,0.3945945471378859,0.6866041262852652,0.5520630181209134,0.5260657048359896,0.3499688148181025,0.026057100949539003,,0.3719055088831736
1057,rural-sweep-870,run_3ad4a1e4bbd7df89da0cfb0754678dd6,0.5896617770195007,1.3217868538608808,3.554327708219924,2.027012002526848,0.5604685435511739,1.9254984965975628,0.9724313975749841,3.3537833424060977,1.0430574857864827,0.5604685435511746,1.5939349580629847,0.5584990245546073,0.4887856612993648,0.38042716214921946,0.658280555537179,0.509228881052449,0.5562032755945955,0.3026298666479312,0.03108951860629175,,0.34091951590300174
1058,youthful-sweep-871,run_8053ccb8fb722a8447a74b5c54f7a3e5,0.5597957968711853,1.4030121250797705,3.545808383233534,1.9258875552747952,0.8575719077141988,1.8792530463680963,1.045768985322273,3.42490473598258,0.9916614024005059,0.8575719077141993,1.6401645830036402,0.5453816446162507,0.5067579599933953,0.3820467388181209,0.6975031256921572,0.5427949592243908,0.5353654565421049,0.3797930514581025,0.057147399974860236,,0.3813019313173125
1059,chocolate-sweep-872,run_639e0a2b319c1d19396f515648d3576a,0.43178045749664307,2.497141033822591,5.90465432770822,3.751547694251422,0.0,2.7869164424750754,2.497141033822591,5.90465432770822,3.751547694251422,0.0,2.7869164424750754,1.0,1.0,1.0,1.0,1.0,,,,,
1060,restful-sweep-873,run_c677fdb589fbe0d8f4c7d50e51bbc2f6,0.5388640761375427,1.4300574345883854,2.6300489929232453,1.8617308907138346,1.4056763898770201,1.7476103813894606,0.9126356094447995,2.3255851932498635,0.1912318382817436,1.4056763898770193,1.2659439784776083,0.5177983859468585,0.4591618736312871,0.33736487565048046,0.5920300701191106,0.44738526957652447,0.528035958068398,0.41689570289820543,0.07075944965607972,,0.41544629537550465
1061,likely-sweep-874,run_1ce34173a70aa4eb54c5c457b459571d,0.6002552509307861,1.2440076579451183,2.8459172563962993,1.7534554643082758,1.121455432462649,1.6680566545339452,0.782693044033185,2.654082743603701,0.4358812381554024,1.12145543246265,1.2857572400696315,0.6118146935780497,0.5205700704891328,0.3663721546467452,0.6265253807877598,0.4641404412662973,0.6006656413791279,0.4605021901812819,0.09083811820012164,,0.44374016167123886
1062,ruby-sweep-875,run_d6a5378c029ed44af4425b9e0fe460c6,0.5902999639511108,1.3001786853860882,3.610533478497551,1.9072899557801648,0.7778890131110886,1.8367067573983225,1.1031397574984054,3.4725367446924342,1.2130385344283003,0.7778890131110893,1.6650577623041622,0.5098732001177586,0.4884257190928025,0.4361507518436931,0.6899382980839579,0.5361179708827868,0.5427317415803331,0.331883564088158,-0.017966601422415768,,0.3685240642665606
1063,grateful-sweep-876,run_2e03a99128f3e9c3ceaae462fd73785f,0.546394407749176,1.4606892150606254,3.1524224278715303,1.9614655716993055,1.1724667140969611,1.8193938914385188,0.9378302488832171,2.950353837778988,0.4460138976626656,1.1724667140969627,1.4240386137047,0.5569471515214834,0.5430226225830753,0.3070604667496728,0.6445238175920038,0.5023349453135966,0.5219907832337969,0.39216420871016544,0.05134884238714291,,0.39145758447174894
1064,apricot-sweep-877,run_635d67e7ded8c517471478aba79799bc,0.5605615973472595,1.4555328653477984,3.6013881328252584,2.0389766266582443,0.7082681166785244,1.8869639183415101,1.1584301212507977,3.4988840500816556,1.1056096020214796,0.7082681166785253,1.6633605000791252,0.5238323427499114,0.5128229958289906,0.38821409188136513,0.7255842452679122,0.5451201594444823,0.5065930493916121,0.3816295879230357,0.042290203289313794,,0.3778487346352457
1065,logical-sweep-878,run_5e0014cbfe2d8fc1526c393ec94399c7,0.6432673931121826,1.1439310784939376,3.5281164942841596,1.8218319646241317,0.7784683402784836,1.7380004747586648,0.937141033822591,3.40078933043005,1.0964497789008216,0.7784683402784828,1.5365920240544393,0.6049599909588473,0.5124121491683923,0.43299268907831306,0.6977883993806583,0.5054049976022544,0.602475625626664,0.36772030649939397,0.00842009608496952,,0.4056824096179272
1066,peach-sweep-879,run_ac877b0cb658b24fc26bd758a3cdfae2,0.520995557308197,1.5180982769623486,3.0432226456178557,2.058749210360076,1.1030592539892268,1.682204462731445,1.109444798978941,2.7802939575394676,0.9907012002526849,1.103059253989227,1.1278366830194657,0.5086893675403978,0.44827958423721515,0.3828522172205727,0.6251733105341133,0.42075767248766893,0.48840282585569605,0.341529109778382,0.08309835620856798,,0.44469765824438195
1067,still-sweep-880,run_31778b173eedef8ce2a3fb06c7e1f643,0.61238032579422,1.2624122527121888,3.777708219923789,2.08310802274163,0.6508588271165768,1.8550996993195128,1.035098915124442,3.6462983124659774,1.3194946304485158,0.6508588271165776,1.616580946352271,0.5291135553945501,0.5479768139074518,0.43893608530472816,0.7196163782331982,0.504169394446205,0.5540282413733286,0.3130040835188957,-0.031215674930712062,,0.3665015569395694
1068,fallen-sweep-881,run_5592961cf55e3fe5552d64d36c21174c,0.6846203207969666,1.026266751754946,3.555770277626566,2.0909286165508534,0.6587610529525358,1.772297831935433,0.8560816847479263,3.364207947740883,1.641124447252053,0.6587610529525366,1.46341984491217,0.6397810626759262,0.4776228136837384,0.5499926571528908,0.6158991609031831,0.44734527467294083,0.650047479586642,0.281103466158548,-0.16496409714816812,,0.37501067381707687
1069,faithful-sweep-882,run_d535bdd0610f26879cc8ae6c82411048,0.4944479763507843,1.5677600510529677,2.814180729450191,1.8517245735944412,1.4789104583799169,1.7869045735084665,1.0112571793235487,2.552340772999456,0.25217940619077667,1.4789104583799173,1.2788574141478073,0.463295887566456,0.4499951037418331,0.297533761133991,0.5820544904791382,0.4333213041080627,0.4823508882569645,0.4014978508461342,0.06441564470363875,,0.40419534869771917
1070,balmy-sweep-883,run_c6d593a5efa69bcf3b1c2c22274d1146,0.5978302359580994,1.3208423739629866,3.9744420250408283,2.149551484523058,0.5447199918690925,1.9714907422060453,1.1410848755583927,3.8613228089275977,1.5874542008843977,0.5447199918690916,1.810460515904415,0.5045548550253294,0.5637644809135304,0.4655518309229639,0.7552995284050535,0.5597974542491493,0.5396379001580077,0.28586145574970206,-0.036162856989698705,,0.3299401329665176
1071,dandy-sweep-884,run_92fc9178e1fdb63d10607b6223ebf3b4,0.43178045749664307,2.497141033822591,5.90465432770822,3.751547694251422,0.0,2.7869164424750754,2.497141033822591,5.90465432770822,3.751547694251422,0.0,2.7869164424750754,1.0,1.0,1.0,1.0,1.0,,,,,
1072,legendary-sweep-885,run_50b4fbc1e3d1f72130de171a5ad61e13,0.580599844455719,1.3038162093171668,3.177626565051715,1.833847125710676,1.089084256530135,1.8546724165216018,0.9372814294830879,2.94229722373435,0.6668730259001905,1.0890842565301362,1.4929063142902357,0.529245168062699,0.47884695733596966,0.35932078664240336,0.6060118275061909,0.4571846582437684,0.546054406362379,0.33418029927010784,-0.022543408328018738,,0.35079218808207413
1073,vital-sweep-886,run_1726934c28d534c3ccd402283a91e14c,0.552265465259552,1.414192724952138,3.2474959172563973,1.7069109286165511,1.2660382152657792,1.8906076910903624,1.0499553286534784,3.031709308655416,0.6587239418825017,1.266038215265778,1.48807564488052,0.49106055693730666,0.465312775458753,0.4079612425374326,0.5160365717952654,0.4259359017894654,0.501422556212484,0.34863816472068904,-0.03285213854712951,,0.3372071257909718
1074,faithful-sweep-887,run_26ab8c423279e1f21c7604962d8e4c67,0.5867262482643127,1.3183024888321635,3.4352204681546006,1.8497662665824388,0.8865890842565303,1.9397214749169174,1.0120357370772175,3.1966793685356567,0.9807075173720796,0.8865890842565299,1.5543440417787626,0.5331498874841926,0.4305884642641093,0.4475731890304249,0.5365796279821902,0.4373691284491661,0.5308177187132511,0.26500487173775894,-0.0742925998965572,,0.3112905562507975
1075,atomic-sweep-888,run_56c24edc071495ffb03dfdb683e80c31,0.7594128847122192,0.7662029355456287,3.407757212847034,1.8966898294377768,0.5586949893281837,2.098385820541225,0.5590555201021059,3.1026401741970604,1.2679595704358826,0.5586949893281834,1.6888748219655008,0.7488526243500107,0.39435586645328974,0.6358880056188743,0.5392754389514128,0.381166906076121,0.7310094296329532,0.15753457415660466,-0.34598989469432073,,0.22202841177632562
1076,sweepy-sweep-889,run_85594b5b48e1a3a5d36b91c5c2c25760,0.5883854627609253,1.3058072750478622,3.0213391399020146,1.946443461781428,1.1111393434292105,1.837877828770375,0.9383535417996174,2.743004899292324,0.7952368919772593,1.1111393434292105,1.488004431080868,0.5373221036641804,0.44774984812804014,0.3651969798550586,0.6424131652504853,0.4592256209379478,0.5501257297753522,0.3436413740011766,0.017387650857252662,,0.3727270555664981
1077,copper-sweep-890,run_d8c27497c92ddb8ada5d6ca708734e91,0.5646458268165588,1.4011231652839822,3.1151061513336975,1.9616550852811123,1.0963512552088628,1.7616869757873082,0.9181365666879382,2.9303483941208492,0.5812886923562854,1.0963512552088626,1.3911774014875775,0.571156104068386,0.5197659002723505,0.3149117262075791,0.6594277028634585,0.49855475057522924,0.538803457386972,0.40681100182436775,0.045793379643098514,,0.42061849719735017
1078,lunar-sweep-891,run_d59b8c6a50112fcd479d024427be5256,0.6079131960868835,1.2563880025526484,3.6704953728905827,2.019001895135818,0.7275434495375547,1.7826119639183415,1.0063560944479903,3.5456722917800767,1.1400631711939353,0.7275434495375553,1.5390212058870076,0.5226503299938412,0.5339025423014262,0.3941356191935639,0.7244186158307933,0.49991363054334415,0.5622899463322442,0.3365062663311721,0.004096301400004471,,0.3998772470313102
1079,classic-sweep-892,run_73533b470b36923d2c079a6eb6771038,0.5527759790420532,1.4541799617102744,2.878660860097986,1.9418445988629185,1.3420215469051735,1.710832410191486,0.8689597957881298,2.669461077844311,0.2994188250157941,1.3420215469051748,1.2685551511315094,0.5918944611162184,0.5259492192111094,0.2921506560674265,0.6274734077713703,0.49689686338483935,0.5333296854225098,0.44073963928321697,0.06326040251292214,,0.43534002076447553
1080,noble-sweep-893,run_81c15b964066cb8e4b715c9568130005,0.6779834032058716,1.0213784301212507,2.8835873707131197,1.7858370183196466,1.221409696107328,1.8651368887482198,0.7057689853222723,2.568780620577027,0.9009349336702455,1.221409696107327,1.286706757398322,0.6940840470678727,0.4234441229777483,0.5090516553331418,0.5382620447170899,0.3737682032990584,0.6523025401831645,0.32700043102999155,-0.17100548197969379,,0.35780711270466653
1081,rosy-sweep-894,run_39b7f8b11646caf3a6f81893f42a4990,0.5326100587844849,1.5213018506700704,3.0004899292324443,2.394301958307012,0.916317715214961,1.7295972463997469,1.1173962986598596,2.7908002177463254,1.2817814276689836,0.9163177152149609,1.1244698528248136,0.5900699992568975,0.49203889703550213,0.4732771445902372,0.6537065372071454,0.46590394654449035,0.5095101873144401,0.37671560120874237,0.05978205425227459,,0.4490635863456905
1082,dainty-sweep-895,run_ed815420a34d25d9b91a1ab6e96ab794,0.5471602082252502,1.3948308870453094,3.824605334784976,1.8959065066329759,0.7643662973879459,1.757758347839848,1.2084875558391823,3.757648339684267,1.3299684144030333,0.764366297387945,1.6246439310017395,0.5110255521164583,0.5444539794093085,0.4268673179452799,0.7422418771734651,0.5646150606542407,0.526057718980583,0.38291680344054746,0.0499284601487093,,0.4282391704228358
1083,snowy-sweep-896,run_982626340c23d8dfd8ba8b4575ad79a4,0.558391809463501,1.420944479897894,3.333206314643441,1.7898041692988,1.041899583290985,1.7769148599461941,1.0407275047862166,3.2084921066956986,0.7824763108022741,1.0418995832909852,1.4908015508783035,0.5238235950100101,0.501703706258156,0.40705296427545257,0.6512399474441388,0.4928100519671902,0.5184106999423288,0.420933220030155,0.032484684143596926,,0.40448177927983375
1084,spring-sweep-897,run_7a4618d116136ba4495b1820e7939a79,0.5723037719726562,1.2963497128270582,3.4447740881872617,1.278269109286166,1.0239607683707694,1.6569077385662287,1.1931716656030622,3.35424605334785,0.9850031585596989,1.0239607683707685,1.5658648520335492,0.6623693029220988,0.6369659262084659,0.6714318551862848,0.6281180887464749,0.6148419799168557,0.5447509869567799,0.42660694991657583,0.05270493918537497,,0.4341999687036248
1085,feasible-sweep-898,run_bc867419ac418ea0b0465bbb057607d7,0.5924696922302246,1.3603701340140395,3.8762928688078393,2.190031585596968,0.6848206118507978,1.958122329482513,1.1621059349074663,3.7345400108873164,1.4637902716361342,0.6848206118507972,1.7839571134673216,0.503379736533428,0.5715832246410526,0.4578721706094563,0.7487957290040153,0.5620958370208373,0.5151650914486076,0.280678318099994,-0.022855706699470124,,0.33918419888905055
1086,confused-sweep-899,run_9836645ca072bfd87f14735e40e55b99,0.5245692133903503,1.486305041480536,3.3693794229722385,1.7729374605180042,0.8141020428905378,1.9838858996676692,1.0769112954690485,3.1765650517147535,0.6679974731522427,0.8141020428905363,1.600470802342143,0.4498830615812886,0.44581002580994306,0.3867258883248731,0.5457367234900329,0.42624966064647585,0.47460277731491846,0.31492639197162675,0.009802595661471292,,0.2911842483507161
1087,atomic-sweep-900,run_c50915bd877ac48b8cd7de99311e615b,0.5258455872535706,1.5010465858328017,3.8879695155144263,1.869197725837019,0.6433783921130197,1.8184048108877986,1.3907721761327378,3.8285247686445287,1.4594188250157945,0.6433783921130186,1.756353853457825,0.5672211172011876,0.5998510192385842,0.4674520320531239,0.7584077876271597,0.5987900979085856,0.49346729224046654,0.4047266713611097,0.06362493591578838,,0.42565070645855224
1088,faithful-sweep-901,run_f885e29a8d93062b116f88dc2dc0d093,0.43178045749664307,2.497141033822591,5.90465432770822,3.751547694251422,0.0,2.7869164424750754,2.497141033822591,5.90465432770822,3.751547694251422,0.0,2.7869164424750754,1.0,1.0,1.0,1.0,1.0,,,,,
1089,major-sweep-902,run_9b166c05d90ecee143bfe2682a675979,0.5850670337677002,1.326534779834078,3.707185628742516,1.9754769425142142,0.6708710234779958,1.8549335337869917,1.118238672622846,3.5933587370713127,1.3012381554011372,0.6708710234779964,1.6464828295616392,0.5026438828890843,0.5153989273100077,0.4254316317083293,0.6834116334674701,0.5272391357909336,0.5410881299584613,0.3494409391063332,-0.0049397585975589076,,0.37083279003747677
1090,azure-sweep-903,run_8ad41f44e93c98586eadb13fa32c8e2e,0.6171027421951294,1.2311167836630506,3.264643440391944,1.9750979153506008,0.8349374936477285,1.628248140528565,0.992495213784302,3.0847305389221567,1.2632849020846495,0.8349374936477285,1.2535448646937797,0.5781982274819039,0.43149165101542303,0.41370111419723526,0.6604385832087222,0.4672812393233137,0.5715264664667914,0.33980766924895567,0.030815085648024876,,0.43960367031453385
1091,glamorous-sweep-904,run_cd4dac7d3363543ae3b967a1197a2413,0.5578812956809998,1.4194256541161456,3.099591725639631,2.046582438408086,1.0024545177355424,1.9273619243551194,1.0050031908104664,2.809662493195428,0.7770688566013894,1.0024545177355422,1.5181357809780027,0.5032606902876197,0.43419454829404985,0.3513499664783067,0.6386701603394636,0.45943189355001296,0.5121450703620898,0.32972713098542483,0.024102287203080913,,0.3413340332405143
1092,misunderstood-sweep-905,run_5a6d55a39ab4be754d1622cc322a786a,0.5876196622848511,1.342858966177409,3.4988568317909645,1.8121288692356288,0.8676999695090966,1.783988764044944,1.0692916400765797,3.3824169842133913,0.9932027795325341,0.8676999695090949,1.5643179300522239,0.5425304999832748,0.5208765678591052,0.414997605593334,0.715661696472728,0.5367242023696815,0.5409158424150542,0.39652266530640173,0.04135837102857151,,0.4167822089695146
1093,smooth-sweep-906,run_4d63b4be639e62ab7ef9fb363b731905,0.520484983921051,1.5876962348436505,3.4273543821448023,2.3920151610865448,0.7517583087712166,1.6835100490583954,1.2969240587109119,3.292242787152968,1.7366519267214147,0.7517583087712167,1.324545022946668,0.5830057640885918,0.502010285266131,0.5249029467164703,0.707069649136941,0.48792450359930944,0.4790667700743528,0.3735571640332286,0.0842403591615126,,0.4503067393935265
1094,resilient-sweep-907,run_11bb87252509c4320cea244f49be6302,0.5448628067970276,1.4664709636247606,3.200244964616223,1.8855843335439042,1.0774164041061085,1.8384633644564012,1.0665730695596685,3.066113228089277,0.7151231838281751,1.0774164041061087,1.527520177243235,0.5453726484006649,0.509212195498338,0.35391373750917854,0.6240492493806569,0.5024819382703578,0.511194413185657,0.4293834878676716,0.046193866878683904,,0.382915628305528
1095,fallen-sweep-908,run_8a741aa66785779baf5f44f34556ae12,0.5379706621170044,1.4803190810465858,3.5634458356015246,1.9191408717624767,0.7758461225734323,1.9811639499920877,1.167772814294831,3.390283070223191,1.0310802274162991,0.7758461225734329,1.6619520493749016,0.45687370913580705,0.47390450368603415,0.4015809469080229,0.5741669786125314,0.46201330004934915,0.4825722467162212,0.3130165626077402,-0.026393373969389483,,0.30190924907602584
1096,clear-sweep-909,run_a84f73687f7ee7565c409a8b355047a1,0.5975750088691711,1.275405232929164,3.218698965704954,1.9646746683512322,0.8144476064640717,1.600573666719418,1.065424377791959,3.041780076211215,1.3497662665824386,0.814447606464072,1.2807445798385833,0.5526512342421656,0.454170878479907,0.41029483127414357,0.6610406335075255,0.5054801745792751,0.5579582359023592,0.3425013693273267,0.040906655185393326,,0.4494163364808389
1097,atomic-sweep-910,run_0c295fa5fde9f969961aa73be50077c8,0.6047223806381226,1.2790938098276963,3.681409907457813,1.7552242577384716,0.8562252261408682,1.8456163949992088,1.0896617740906185,3.587180185084377,1.155224257738471,0.856225226140869,1.6450466846019938,0.585467180287792,0.5177466990242302,0.46851355234172976,0.6826118914098604,0.5251039496879433,0.5458414771001507,0.36151293157271824,0.027294272657974045,,0.3769344750385384
1098,neat-sweep-911,run_643cfb6cf7b0d428adb970f9ebf7d27e,0.5973197221755981,1.3809317166560307,4.1356559608056624,2.1685407454200893,0.48662465697733515,2.003841588858997,1.2523548181238038,4.065432770821992,1.6923310170562236,0.48662465697733587,1.8635899667668934,0.5419339043535337,0.6114981260464071,0.4812577020081091,0.7809075499309326,0.5992878908920705,0.5167271356635683,0.29499937938563964,-0.028589438964349012,,0.33462408045122566
1099,volcanic-sweep-912,run_5221e42710a461236f58111ff9df88a6,0.5479259490966797,1.478519463943842,3.115514425694067,2.1534175615919144,1.1721160687061694,1.8730653584427919,0.8935035098915116,2.9162221012520417,0.5810360075805439,1.172116068706171,1.4403623991137844,0.6039412751874631,0.6048798640932994,0.3472895316540561,0.6612217394500203,0.5764152480170036,0.5277313893410709,0.39442037901737703,0.04824868677232938,,0.3940308860125923
1100,swept-sweep-913,run_4242bd3b486fa82947607e77cb0f6194,0.5728142857551575,1.3922271857051691,2.9082199237887867,2.01168667087808,1.211047870718569,1.7653821807247982,0.9046713465220168,2.643821448013065,0.4876437144662049,1.2110478707185692,1.3902120588700742,0.5820439197985553,0.4819830460767515,0.3104035373367813,0.6275887840613014,0.4772910498282058,0.5338026369757711,0.3863262445319066,0.06475121330946548,,0.4012559976331048
1101,solar-sweep-914,run_8b62fc3d446b279e6295c867e82825a1,0.771155059337616,0.7021825143586471,3.149129014697878,1.9382312065698046,0.6052596808618763,1.8752532046209844,0.5059859604339504,2.8246869896570495,1.3657738471257117,0.6052596808618771,1.3516497863586008,0.7631899169586207,0.4000021647971918,0.649101139737573,0.5851554667995837,0.3948108069419997,0.761700605031724,0.22509934003367726,-0.3617199686992932,,0.33653298001655674
1102,flowing-sweep-915,run_31d9aa4c3bc516ef218647bbf2ce7039,0.43178045749664307,2.497141033822591,5.90465432770822,3.751547694251422,0.0,2.7869164424750754,2.497141033822591,5.90465432770822,3.751547694251422,0.0,2.7869164424750754,1.0,1.0,1.0,1.0,1.0,,,,,
1103,sweepy-sweep-916,run_9b1b1ebc6c74c82543dc06b5f095cd4c,0.536694347858429,1.520561582641991,3.0637996733805126,2.256399241945673,1.1238235593048076,1.8405523025795223,0.891946394384174,2.8307566684812198,0.523385975994948,1.1238235593048058,1.4079284696945733,0.6275325612405118,0.5251436457305781,0.35588209941576476,0.6682384358365892,0.5428732852134288,0.5233931758443569,0.3810132200044782,0.04931447578960224,,0.40392578760278497
1104,light-sweep-917,run_214479be705391a9e2d4ec440c61a343,0.6017868518829346,1.2864199106573073,3.2637452367991293,2.1091977258370185,0.8322695395873566,1.6840243709447698,1.0651563497128271,3.0836690255851935,1.4636133922931143,0.8322695395873559,1.324916917233739,0.5505955499115699,0.42578523980463173,0.4446880886249721,0.664081509448121,0.4547275217343486,0.5577111401444987,0.32476755623985865,0.012651246109349007,,0.4282745183179762
1105,genial-sweep-918,run_a0a1dd9e9c9248dfdfb9858915e1629a,0.6015315651893616,1.3134014039566049,3.482035928143713,1.7990777005685412,0.7928244740319138,1.817945877512265,1.0676579451180603,3.3669025585193246,1.041200252684776,0.7928244740319139,1.5855515113150822,0.5437375915629974,0.5064284252889641,0.4318679564537241,0.6959670840208858,0.5044592451778683,0.5362139126841995,0.39268574042980287,0.039651223198546304,,0.38686933023240727
1106,celestial-sweep-919,run_5b926ec39901fa1c9f2a4ac19f5bb567,0.6349712610244751,1.1857817485641353,3.5304300489929235,1.8607327858496532,0.6612358979571096,1.8046328532995728,0.9633694958519473,3.39575394665215,1.1011876184459892,0.6612358979571118,1.5818523500553885,0.588380079176412,0.4875128990571726,0.4173337483638221,0.7011311663206509,0.5029567690634558,0.5859680996114469,0.35762123545638813,0.0067917430083009045,,0.3845204489777407
1107,driven-sweep-920,run_1d48b85d870c41fc3536398b68c1f8b9,0.5844288468360901,1.302910019144863,2.528143712574851,1.827668982943778,1.4139953247281227,1.6042728279791107,0.9064326738991699,2.20424605334785,0.6408591282375237,1.4139953247281232,1.0578730811837325,0.5856453199558604,0.45542049900220666,0.3442941289148549,0.5409585778854016,0.42837896380534246,0.5617627861367158,0.39902770180818986,0.06160717535513721,,0.48560343527794886
1108,peach-sweep-921,run_c1ca5ddb09ba3d56aa093ef00c7d9d07,0.679770290851593,1.0093809827696236,3.614997278170931,1.852899557801643,0.933453603008436,2.0151171071372054,0.800497766432675,3.417120304844856,1.2744283006948833,0.9334536030084362,1.687367463206204,0.6389737183121835,0.47078137542048876,0.5706565463078249,0.5938621197796423,0.43417149603021377,0.6430817961530406,0.2420001079393007,-0.21622982476984207,,0.2612517783833066
1109,worldly-sweep-922,run_66663bdec313f29f2c86af32cefb23af,0.5382258892059326,1.3892405871091258,3.1344583560152426,1.720075805432723,0.8515499542636449,1.7773342300996995,0.9808423739629868,2.9342950462710937,0.5850915982312074,0.8515499542636455,1.4507635701851562,0.5059475197671891,0.480755665970575,0.38382897551320116,0.597732757596939,0.45160068166589334,0.5354936830756589,0.37441740720031275,0.046514149052525516,,0.38265268781936274
1110,rosy-sweep-923,run_39d1374e71c228c8dd8f4fa8fcdc1f12,0.5652839541435242,1.4070963624760693,3.3822536744692444,2.2509033480732787,0.7386777111495072,1.5801313498971357,1.1053222718570528,3.23053892215569,1.4627542640555913,0.738677711149509,1.2020018990346582,0.5383242932047938,0.48553664040945854,0.4702973853079207,0.7234460780042917,0.4621056145001607,0.5291337933767725,0.3790429526238596,0.07806994163337655,,0.474298782873047
1111,trim-sweep-924,run_40c3fbaaeff5740a6bd4b575b7faa726,0.5678366422653198,1.336439055520102,2.8084921066957005,2.0366266582438413,1.2226649049700171,1.7098195917075487,0.8341544352265483,2.5072945019052804,0.7832596336070762,1.2226649049700173,1.0831302421269198,0.5790306935460324,0.4433408973091184,0.35165964307377967,0.543221023250658,0.41446976791273504,0.5717150916854059,0.3620475299203361,0.03754338408768301,,0.43997203356959463
1112,iconic-sweep-925,run_e0a960372ccfbc3511ba04ed862663e2,0.5788130164146423,1.2986088066368857,3.1218018508437675,1.7333417561591915,1.0843581664803335,1.7963997467953792,0.9256158264199117,2.89207947740882,0.5460265319014533,1.0843581664803332,1.4080550720050635,0.526455954221636,0.43412095024451364,0.38012961721418764,0.5852329853327355,0.4276858779992671,0.5511818286761877,0.35757659466129843,-0.0018468468580990771,,0.37199372882463855
1113,earnest-sweep-926,run_d3928ec300a0f3fcd16915341a557780,0.6308870315551758,1.158404594767071,3.284540010887317,1.7779027163613395,0.5404207744689502,1.8163396106978953,0.8359795788130188,3.088568317909635,0.7743398610233737,0.5404207744689518,1.4876246241493907,0.5995295316546336,0.4672316516895558,0.38921750790154197,0.6660089344501334,0.457533606033472,0.6057821389880291,0.3397957512188433,0.006385325842748479,,0.363921823928555
1114,swept-sweep-927,run_7cfa42c2645e997672c3564ee2ebd415,0.5438417196273804,1.4375877472878111,3.0564507348938497,1.9870625394819965,1.1940593556255719,1.8151052381705968,0.8902999361837913,2.8438214480130655,0.4658243840808586,1.1940593556255725,1.4487339768950798,0.5928082389039457,0.519197594630021,0.3191783992593302,0.6449453497337996,0.5429610917007228,0.5439475400221129,0.380582751104051,0.0547971304100274,,0.4080504174125456
1115,warm-sweep-928,run_24c7359c58cfc4ca6c477ad7b4fe44c2,0.6311423182487488,1.1646458200382896,3.2058791507893307,1.7484775742261534,0.8535775993495275,1.7502096850767528,0.8473516273133378,3.0298856831790966,0.7956790903348074,0.8535775993495267,1.4414978635860094,0.6142676636699913,0.4520956980786246,0.4186061360661495,0.6480162433181632,0.45256868502862035,0.6016471170391875,0.37179534047382345,0.02715475786725341,,0.39026709578979557
1116,vocal-sweep-929,run_48a63f13ae42a41e9ee83af73e11e96f,0.6005105376243591,1.2490491384811744,2.4365541643984767,1.8462792166771955,1.1848104482162825,1.6046645038771958,0.8791959157626033,2.1360097985846482,0.7183449147188888,1.1848104482162816,1.087541541383131,0.5915389201727139,0.39543727225019243,0.35698224946524915,0.5473959499445527,0.43366168019011064,0.57886677969753,0.42834017273096137,0.0552869720898968,,0.4865197613003327
1117,toasty-sweep-930,run_857a11a77bcc9730ff1ffca6b308b2b8,0.5841735601425171,1.309572431397575,3.244039194338596,1.942122552116235,1.0377680658603516,1.9043123912011397,0.9675430759412886,2.971366358192706,0.9093240682248904,1.0377680658603512,1.57232156986865,0.5341743431214341,0.4221436740789322,0.3909925613766242,0.6163888127588402,0.4546732994365626,0.5454884115649508,0.284429106760074,-0.0004957381044315146,,0.33727766164401984
1118,confused-sweep-931,run_b93556db50cff62c07b195eef1ed399d,0.555456280708313,1.3181748564135292,3.2710125204137186,2.0793303853442833,0.8131974794186402,1.5642308909637601,1.0498149329929798,3.114670658682635,1.535628553379659,0.8131974794186412,1.1636057920557064,0.5366991077865219,0.5013584720350361,0.44631931807298153,0.583466573121168,0.45434766392061,0.5766593550134245,0.3635660788458318,0.035147724427857435,,0.4874227343123916
1119,likely-sweep-932,run_8c6a1406f28ffa2f8596aa37f2a3742c,0.6202935576438904,1.2282322910019146,3.09877517691889,1.8445104232469998,0.9836924484195549,1.7939230890963762,0.8347415443522666,2.8720468154599885,0.6790018951358187,0.9836924484195552,1.4233264757081812,0.6118220787340156,0.5100614852446816,0.35380295629409697,0.6488591828415154,0.48668534798902985,0.5813096612950053,0.35858143367262735,0.017994039856941924,,0.3895915564207887
1120,blooming-sweep-933,run_e85248a74ce32b425f947177c2957ffc,0.6130185127258301,1.2562986598596044,3.7022046815459997,2.1221225521162355,0.6927482467730461,1.8422495648045576,0.989623484365029,3.5344311377245523,1.2321162349968415,0.6927482467730446,1.5648876404494385,0.542766972181902,0.5349965602851205,0.4195734763592248,0.7291504594509582,0.4987517603227233,0.5610681640585424,0.29269183463629417,-0.017494521985482236,,0.3785295371638319
1121,good-sweep-934,run_cccda174d248647c82ca040393e2a3d7,0.5243139863014221,1.480995532865348,2.955416439847578,2.026797220467467,1.2499898363654844,1.855839531571451,0.9542310146777283,2.693140990745783,0.5368919772583716,1.2499898363654849,1.3291343567020097,0.5280418843645333,0.4886546666789604,0.3201902755163937,0.5860326339906444,0.46883881056479726,0.51926181304639,0.379045094312367,0.034175842187793765,,0.38465472498292796
1122,ethereal-sweep-935,run_93842027229755ea0b940ad8c579f3ff,0.6109763979911804,1.24721123165284,3.2974414806750145,2.0810107391029695,0.7620896432564286,1.6511710713720524,1.0117804722399495,3.1039194338595544,1.4039671509791531,0.7620896432564283,1.3031650577623042,0.5590524419232441,0.445129661519843,0.4337413402292245,0.6788109623909275,0.4642545368733533,0.576143655010345,0.33596368526334464,0.03124160206787996,,0.43583660746416625
1123,peachy-sweep-936,run_12b3900bdd7c8b55623efb8c372fb8a6,0.6015315651893616,1.2664837268666242,3.5026129559063697,1.894744156664561,0.8863451570281533,1.8559621775597406,1.0439948947032545,3.367882416984213,1.0496904611497169,0.8863451570281545,1.6238764044943828,0.5206943270734525,0.48950826150301197,0.4260565718481627,0.6496983477197371,0.4964757911719794,0.5445855381094037,0.3332722417823223,-0.021361181411190727,,0.35843903787519266
1124,super-sweep-937,run_c8eed42dac119d82c11a35b7eb8ca651,0.5229099988937378,1.469955328653478,3.9632280892759937,1.7093619709412513,0.8667598333163941,1.76722582687134,1.3099808551372054,3.903728905824714,1.3611370814908417,0.8667598333163932,1.6043203038455438,0.5426936819413325,0.5873168409706265,0.5295918334769978,0.708208394203566,0.5551115458398325,0.4829160542603329,0.37766667903204904,0.04437824543925242,,0.4010270865040031
1125,stilted-sweep-938,run_fcd070cdd9620b7b6c6d142bffe828da,0.577919602394104,1.3634460753031272,3.5836690255851935,1.8747441566645613,0.8726140867974389,1.8196708339927206,1.1360561582642001,3.437561241154057,1.1197220467466833,0.8726140867974376,1.6100332331065041,0.5012404377587989,0.507640377581879,0.4002542859879322,0.6753651418478523,0.5227053326863859,0.5137093061996787,0.35074796935918584,0.01911171091021352,,0.3829966728792875
1126,fine-sweep-939,run_e05ee36de4adbac0f58b9474e40c6b3f,0.5535417795181274,1.4537332482450542,3.6041643984757763,2.2514718888186986,0.6633296066673442,1.6151210634594082,1.2246585832801529,3.467147523135546,1.7184838913455471,0.6633296066673458,1.3387877828770374,0.5616160445286882,0.5315056227403461,0.4977192478370527,0.7596556415342484,0.49303250690656053,0.5201634762293754,0.33022836460628335,0.07414505747315592,,0.4679803153718229
1127,valiant-sweep-940,run_d8eb2561fc5cc34d89a8a6419c31236a,0.5975750088691711,1.3097894065092535,3.801415351115951,2.0980543272267855,0.6817816851306028,1.9710397214749171,1.0826547543075942,3.6481763745236813,1.300126342387871,0.6817816851306037,1.7336287387244806,0.5089635481009435,0.5448965369998391,0.4236623248092456,0.7072785781361358,0.5257638021256912,0.5413264407017628,0.28526209475515585,-0.00499921562189462,,0.32230605560257486
1128,distinctive-sweep-941,run_ba66ef8edea6850ebf25893917693cee,0.5520102381706238,1.4149074664964902,3.27427871529668,1.955489576753001,1.124316495578819,1.83574141478082,0.9466496490108499,3.0963255307566695,0.6830953885028432,1.1243164955788194,1.4989634435828456,0.5531479128916851,0.5328407746145302,0.32628499824410173,0.6412445803432998,0.5405714462589861,0.5393551424303695,0.3807533081172364,0.035997092183167684,,0.3921703488866874
1129,denim-sweep-942,run_82dc6dfb114468beea5c3558f9cbe612,0.619144856929779,1.2751116783663052,3.875911812738161,2.821933038534429,0.42134363248297596,2.0046091153663554,0.9640204211869825,3.713636363636364,2.100543272267846,0.421343632482975,1.4456520018990349,0.6577774231365459,0.6186731328918673,0.6412361523481148,0.6700590263417905,0.5552393852703917,0.5955082993956827,0.2784509678389912,-0.09948017452303104,,0.35441253549138674
1130,fallen-sweep-943,run_fff51bb841fac4c614c873ca7fbb6bb8,0.5497128367424011,1.4403701340140396,2.9885138813282532,2.0275047378395454,1.242001219636142,1.8336959962019306,0.8409061901723044,2.7719107240065326,0.2861023373341767,1.2420012196361407,1.3933415097325532,0.5726358465655318,0.5777898622241682,0.32696708488969767,0.6299245422393278,0.5226835897541011,0.5402077193339277,0.4122253002781,0.034090106218085586,,0.3927521805053741
1131,legendary-sweep-944,run_fd2654ce57b9b3e0e130169004159cb6,0.4557753801345825,1.7209572431397575,2.8684540010887325,2.0311307643714467,1.6020784632584615,1.9273658806773224,1.1634588385449907,2.582117583015787,0.46390397978521797,1.6020784632584621,1.330064092419686,0.4513982093100385,0.4596463999794242,0.34889410337451715,0.5205084747561035,0.4271358370672811,0.42504018340696753,0.3475792284868849,0.05519880613765091,,0.34722783943925006
1132,stilted-sweep-945,run_d6bf19bd70703ab3102e217a976952a5,0.5952776074409485,1.3116400765794514,2.7386227544910184,2.16188250157928,1.0462902734017685,1.667047792372211,0.9332865347798343,2.4265378334240615,1.0571699305116864,1.0462902734017687,1.0852943503718944,0.5886922616280874,0.4429262889816661,0.40850365546084344,0.624724643263311,0.413377057712817,0.5580619925832813,0.36180998726955904,0.05128255001729862,,0.4552580747755
1133,solar-sweep-946,run_d1229f7643027f4ae041375bea120e05,0.5957881212234497,1.2793363114231016,3.6661676646706596,1.8960960202147823,0.7718111596706982,1.7826990030068048,1.0891129546904923,3.5660043549265117,1.1829690461149727,0.7718111596706996,1.5922970406709918,0.4950434050457369,0.5258774538462712,0.4216205344315679,0.7069320070236986,0.5145854617624318,0.5468959561526658,0.35520217992015446,0.009077085731279438,,0.398138831203117
1134,avid-sweep-947,run_5182d1dfcb75912dd725334775cac0df,0.43178045749664307,2.497141033822591,5.90465432770822,3.751547694251422,0.0,2.7869164424750754,2.497141033822591,5.90465432770822,3.751547694251422,0.0,2.7869164424750754,1.0,1.0,1.0,1.0,1.0,,,,,
1135,swift-sweep-948,run_48ea49da3385264917e716e01a26a25d,0.5345245599746704,1.5397064454371414,2.9701143168209043,1.9765634870499051,1.393469864823661,1.8891161576198767,0.9479004467134651,2.760860097985846,0.36259001895135806,1.3934698648236614,1.4150617186263654,0.588881721856097,0.5586564345587547,0.30087794911087695,0.6097649373335939,0.5251528783807171,0.5008210147950966,0.41482775589197723,0.05900218324690759,,0.3762028268444824
1136,rosy-sweep-949,run_273752f90b84ed2559ff856818d194d9,0.5993618369102478,1.2340395660497767,2.80729450190528,1.8231332912192044,1.0185994511637364,1.6053291660072797,0.9293554562858963,2.545998911268372,0.9209728363866084,1.0185994511637366,1.1163119164424753,0.5681571076627171,0.44783614404635835,0.38878427992210196,0.5884417576562986,0.42466649462409756,0.5789883544402408,0.3836434708953216,0.05757666867429431,,0.46221511322517356
1137,dazzling-sweep-950,run_3ce3ad85ac2bccf5442a9f3bf5b50a3b,0.6049776673316956,1.2740395660497768,3.5330974414806757,2.0219835754895774,0.7018294542128265,1.6747903149232473,1.1068921506062548,3.3762112139357665,1.5218193303853456,0.7018294542128259,1.403655641715461,0.5406740215888912,0.47610112706140767,0.43865929189413533,0.6826975495663186,0.503634114865655,0.5579712651850506,0.2993404692818633,0.018519511358228352,,0.4269674154097419
1138,dry-sweep-951,run_2b1b483799df3ef6aca2441646e76b9b,0.43178045749664307,2.497141033822591,5.90465432770822,3.751547694251422,0.0,2.7869164424750754,2.497141033822591,5.90465432770822,3.751547694251422,0.0,2.7869164424750754,1.0,1.0,1.0,1.0,1.0,,,,,
1139,rare-sweep-952,run_c3a80b9a4484b647e725b293cd618865,0.5671984553337097,1.355175494575622,3.383233532934132,1.7397473152242582,0.6453298099400347,1.8450348156353855,1.0503382259093814,3.1903647250952645,0.8769804169298802,0.6453298099400343,1.5615485045102067,0.5215599076681939,0.47386113166467886,0.43015787121284677,0.6236626554618874,0.47430576435520777,0.5294921214455569,0.34198744770091927,0.04971192850411493,,0.3522465231084665
1140,misunderstood-sweep-953,run_f0b1d420c4d59dc816c3308e9de1942c,0.596936821937561,1.30040842373963,3.5373707131192162,1.824396715097916,0.9221008232543959,1.849311599936699,1.0135162731333758,3.4039466521502444,0.8892103600758049,0.9221008232543962,1.6088225985124234,0.5484081869388202,0.518284597669927,0.4031859975098171,0.6834323403875582,0.5127012138815231,0.5458400448577136,0.35956437431464483,0.02028587637030027,,0.3684538144290842
1141,driven-sweep-954,run_1440b6387b5f570ad5336d2d85fd0a2c,0.5880025625228882,1.245118059987237,3.301170386499728,1.6456096020214788,1.00451773554223,1.5303093843962654,1.132520740268028,3.1600707675557986,1.331572962728995,1.0045177355422292,1.3514598828928628,0.595021096251836,0.5583473740587973,0.5572909682980558,0.6282347051023308,0.6210936840387682,0.5667662669587281,0.3471376508948795,0.04928290467446572,,0.46228311788085447
1142,clear-sweep-955,run_e9fc6e0aebe59eee8ebff5edca286108,0.7244415879249573,0.870542437779196,3.7465160587915074,1.9463297536323443,0.5753633499339363,2.0077781294508625,0.7008423739629869,3.5564235166031577,1.4890966519267221,0.5753633499339353,1.7086326950466844,0.6901013282986246,0.5001941786432397,0.6463327267503113,0.6034187182360506,0.4491321077238128,0.6935828919722284,0.24028246732051867,-0.34697757169850896,,0.2527471089161422
1143,ethereal-sweep-956,run_eac3b967c10ea366bfcb83d889253cc4,0.5826420187950134,1.3273643905552013,3.178089275993468,1.7902210991787748,1.1123183250330317,1.73990346573825,0.9403828972559032,3.009063690800219,0.6457359444093497,1.1123183250330304,1.4170596613388196,0.579010858561867,0.5199904702417703,0.3813753471889666,0.6513602993845127,0.49964755719768716,0.5543688715889268,0.40745066514633216,0.05724576170347401,,0.42282097559744214
1144,golden-sweep-957,run_e96b2600c3df4d0c9463252d879fdab0,0.5983407497406006,1.260229738353542,2.8650517147523136,1.939380922299432,1.1175322695395873,1.662126127551828,0.9005105296745386,2.5744692433315195,0.9234365129500958,1.117532269539588,1.100272986231999,0.5732048603252814,0.4187184442580975,0.3731617341889346,0.5875143864738813,0.4035289157591628,0.5748209156836949,0.3317319193967425,0.037566543902972954,,0.45195666307899796
1145,young-sweep-958,run_c09a74d6bf0fcce2357bfbbb27aa4e6f,0.6042118668556213,1.2744607530312702,3.348149156232989,1.8069361970941256,0.8462597824982214,1.7050561797752808,0.9912444160816846,3.221311921611323,0.9474036639292495,0.8462597824982209,1.4131903782244026,0.5676608048285161,0.5150446848514282,0.40962966510232096,0.7051158139282038,0.5164958094502639,0.5658206892572875,0.4082409348854356,0.04983765579421992,,0.4394784517109517
1146,fallen-sweep-959,run_7d53b62c586d3d7b3cf962504dd4a404,0.43178045749664307,2.497141033822591,5.90465432770822,3.751547694251422,0.0,2.7869164424750754,2.497141033822591,5.90465432770822,3.751547694251422,0.0,2.7869164424750754,1.0,1.0,1.0,1.0,1.0,,,,,
1147,smart-sweep-960,run_94bf4ced3d6069f0501a9009b55dd3a4,0.5555838942527771,1.4011359285258458,3.602449646162222,2.0011370814908407,0.9184368330114849,1.9789286279474605,1.0970899808551373,3.40342950462711,1.2031332912192032,0.9184368330114842,1.6544469061560374,0.4776193780154609,0.47727321549233914,0.41995578329023403,0.5752705280516939,0.4764108323912064,0.5141527829173365,0.29225018959236443,-0.029127738182712276,,0.3056110737000505
1148,restful-sweep-961,run_fc7ef8111a49f8ef707fe8f7a7e6b8a9,0.5263561010360718,1.4629865985960433,2.762874251497007,1.7989134554643085,1.3556306535216993,1.6231326159202406,1.018544990427568,2.4954273271638545,0.6506127605811748,1.3556306535217006,1.063265548346258,0.5260364593535487,0.4343949311727439,0.3593236599304026,0.5572463257877869,0.43317715398606477,0.5201310063390437,0.39202888545974063,0.10207374438649994,,0.47119196620685927
1149,resilient-sweep-962,run_3345ddca41242fcf9e41734e17079d6f,0.6588385701179504,1.1096745373324826,3.4317637452368,2.16932406822489,0.8456143917064742,1.8552698211742364,0.8285258455647735,3.195781164942841,1.4481364497789022,0.8456143917064753,1.3581104605159044,0.6441591324638409,0.45179506727112956,0.5117180665964307,0.5335537970900531,0.40650620707822716,0.6194820054291684,0.2634520400634531,-0.14944116623924233,,0.3668102043050835
1150,whole-sweep-963,run_608b8856f8f7082ad2aceead11398ca1,0.6042118668556213,1.2921378430121253,3.55968971148612,2.130650663297537,0.6461276552495173,1.7705570501661658,1.0981876196553921,3.3750408274360386,1.6292735312697417,0.6461276552495167,1.4807643614495962,0.5537779379060698,0.4775979340601107,0.4668365099128436,0.69240027743877,0.48511059847127797,0.5468423152647872,0.26456754208529965,-0.025031703412767475,,0.38694513703210187
1151,swift-sweep-964,run_42dbe24385d038bce3b13e4c02488855,0.5164007544517517,1.6400382897255903,2.983070223189984,2.228262792166772,1.3901666836060576,1.9066189270454188,0.9482961072112311,2.777354382144801,0.20216045483259593,1.390166683606058,1.3766616553252091,0.6087136862943233,0.6464050389583625,0.34112217859081184,0.6245159752695735,0.5686012337714238,0.47838952247626115,0.42623338125692795,0.059086538554031176,,0.3793810755108086
1152,gallant-sweep-965,run_2a953618babb63f38e99be045ea75e9d,0.5729418992996216,1.3279642629227824,2.8658138268916717,1.7387618445988633,1.3136751702408782,1.79234847285963,0.9313848117421829,2.5775721284703326,0.4359444093493372,1.313675170240877,1.3942316822282013,0.535676902803923,0.4377424484392573,0.3742433674935351,0.5761417515071047,0.42791135627694604,0.5419521443237805,0.36308886508123217,0.003492041543388863,,0.3885143897934967
1153,drawn-sweep-966,run_8a625c8be055e7e157aff3fdc5de4d76,0.7623484134674072,0.7311933631142311,3.1913173652694615,1.8212381554011379,0.5969610732798049,1.9479229308434878,0.558098276962349,2.9101524224278714,1.3436639292482628,0.5969610732798057,1.5068721316664033,0.7464582688689037,0.39079639089864965,0.6502806244612584,0.6630485614340045,0.40616686718138,0.7480487402713747,0.1964081223663428,-0.35370477026634844,,0.2856986162715131
1154,glad-sweep-967,run_9fcd7372d59532fdca418f2577256525,0.6019144654273987,1.2489342693044034,3.568590092542189,1.8417182564750478,0.8637971338550667,1.8263372369045736,1.046126356094448,3.43984757757213,1.088389134554644,0.8637971338550673,1.6419726222503561,0.5165292599089075,0.4874582233318116,0.42877629856654853,0.6645807858242899,0.5165125038091408,0.5590643272803208,0.3401233200419099,-0.011442060078977634,,0.3704039053397123
1155,hopeful-sweep-968,run_b94b389fb0738477054457b5dacb6e7e,0.5640076398849487,1.4553541799617105,3.8738432226456183,1.9998736576121294,0.6892875292204493,1.928339135939231,1.2362093171665598,3.7932770821992388,1.4033607075173733,0.689287529220451,1.746751859471435,0.5389891921415295,0.5448574655067054,0.4284650256999649,0.7367011195482884,0.5610484271108805,0.5012905236154055,0.3587097704896288,0.035926028160744194,,0.35969605462530635
1156,graceful-sweep-969,run_a7933ab8b4318e4f4b8b50700bcbce91,0.6227185726165771,1.1813401403956607,3.341916167664672,1.7582817435249531,0.8043347901209473,1.7759574299730971,0.9174473516273136,3.1597169297768097,0.9298799747315231,0.8043347901209474,1.523235480297516,0.5792975242390337,0.46908384180413293,0.4344753056859177,0.6584203499852115,0.47020643437176657,0.5914756597062026,0.3546755947736492,0.016108770995480665,,0.38234218489652594
1157,desert-sweep-970,run_de0a742c9c8b980e4e2c3bbb07f8f008,0.5849393606185913,1.302910019144863,3.627436037016876,1.8345420088439677,0.8618812887488567,1.8513055863269503,1.0939502233567329,3.504899292324443,1.1222488945041076,0.8618812887488576,1.6377828770375058,0.5094905938301539,0.4930612403913335,0.42305669954985153,0.6628594211471147,0.506876462141207,0.5374347919543825,0.3294350512484785,-0.001147176448488968,,0.3647619078474215
1158,revived-sweep-971,run_127abd7313d635b0dfbc08d18b25f2b4,0.5660497546195984,1.3425526483726868,3.0737615677735444,1.975944409349337,1.0934190466510825,1.8710278525083086,0.9157243139757502,2.7924333151878065,0.6287807959570442,1.0934190466510814,1.4507081816743153,0.5175309981997319,0.4290144694184952,0.347999553044089,0.6296595361563129,0.4389025168916165,0.5484015630849423,0.33056141502895825,-0.009027105806148683,,0.3592442399502329
1159,likely-sweep-972,run_5c07bb6e4fe04a988332dd83ab6a4856,0.5897893905639648,1.29914486279515,2.69594447468699,2.001351863550221,1.1530694176237424,1.6784934325051435,0.8963880025526488,2.35626020685901,0.8132533164876821,1.1530694176237413,1.076934641557209,0.5776932503759575,0.44215899462541897,0.3514791048111611,0.5931343769619226,0.41237404317063214,0.5621902701331631,0.3469576266310047,0.03385195172431715,,0.450353600430042
1160,wild-sweep-973,run_3a4d64de3b572872410b97c539497d32,0.5042756795883179,1.6255264837268666,2.9081927054980943,1.9252558433354392,1.683179184876512,1.8818444374109828,0.9718953414167198,2.674006532389767,0.24732785849652678,1.683179184876513,1.3423286912486154,0.554925255430695,0.5705964537179553,0.27478051272228077,0.5365291138238946,0.49561400741082723,0.4761949981201016,0.4154650704548409,0.044864680344659236,,0.3650790811238954
1161,glowing-sweep-974,run_9cddb96586064dd029cae5eca51d88f2,0.5859604477882385,1.3477855775366945,3.6566140446379976,1.8160075805432727,0.7958532371175934,1.7753718942870709,1.1057179323548185,3.55606967882417,1.1320151610865457,0.7958532371175949,1.5706480455768321,0.536095344619209,0.5205489520268608,0.4409022124317594,0.7152325167180514,0.5297540200082043,0.5351415668240909,0.3737961169319337,0.029046066690592648,,0.41192288507065056
1162,bright-sweep-975,run_ebf813adddb73d1433515d782639672f,0.5865985751152039,1.3349712827058073,3.8438486663037565,1.921200252684776,0.7616424433377377,1.9001582528881154,1.0848117421825159,3.6906096897114864,1.2500947567909035,0.7616424433377373,1.6161813578097803,0.5140080719034095,0.5203233275876356,0.4381242218178335,0.6022233470596434,0.4803556016843023,0.5234346626032943,0.27093093243744193,-0.03384384999954715,,0.33055834798796296
1163,lilac-sweep-976,run_736f4a62294fb40e938406f848e8d505,0.6114869117736816,1.167058072750479,3.168535655960806,1.9241313960833863,1.2013568452078465,1.7695917075486627,0.8651308232291005,2.923571039738705,1.2440808591282377,1.201356845207846,1.2952207627789207,0.6256425519331901,0.46926406186540986,0.4364599495578329,0.5218845665028536,0.41779500305473116,0.6241155428331252,0.28605475037984074,-0.08093390755513008,,0.3876833063361399
1164,lively-sweep-977,run_0b762c1afa5b8b608fa175f11b1c09ce,0.6148053407669067,1.2126738991703894,2.905198693522048,2.1519772583701835,0.9325337940847648,1.6713285329957275,0.8618634333120614,2.6612683723462176,1.1785344283006955,0.9325337940847646,1.1809423959487255,0.6041145445493309,0.42122595171915383,0.4189316157456182,0.6387331476713362,0.4383726453540529,0.5981918454400781,0.36046639924202484,0.029922667214120513,,0.4458601626675508
1165,daily-sweep-978,run_5719c475e4e17a8fe0eeb83a9af3a9d7,0.6190172433853149,1.2367198468410978,3.405225911812739,2.270524320909666,0.7185842057119628,1.7362636493116002,0.9641991065730688,3.2293957539466525,1.504333543903981,0.7185842057119622,1.2838740307010617,0.5793971999940092,0.4829769965945983,0.4788968170354053,0.711363632224401,0.43623810327318624,0.5793657617926746,0.31324337062892565,0.006948297695977157,,0.4254045800980699
1166,lyric-sweep-979,run_85dd30c4b72b265e9ffbed0d445671c0,0.5839183330535889,1.33613273771538,2.790854654327709,1.9574352495262164,1.159126943795101,1.585642506725748,0.9919336311423111,2.532498639085466,0.9440176879343039,1.1591269437951,1.0273658806773227,0.5675935894307089,0.440902452565338,0.35867286019857614,0.6038192474488092,0.438684878343185,0.5430018895299062,0.3908021321631555,0.07899474164081169,,0.4796310678011819
1167,major-sweep-980,run_0baf2baa36dab1b1c656fb2ce7493c6a,0.5864709615707397,1.2954435226547545,3.1388405008165496,1.9032343651295012,1.0560473625368432,1.7896463047950628,0.9230887045309507,2.892025040827436,0.6876689829437765,1.0560473625368432,1.4044350371894292,0.549767719364614,0.4261961772022051,0.3689565175749449,0.641641681444502,0.442588991146474,0.5548962453820185,0.3307566316520909,0.013108583670426971,,0.3940892111056259
1168,earnest-sweep-981,run_0c51d878a11675c909b57232afab5c9d,0.5703892707824707,1.3347032546266753,3.0477681001633097,1.7820593809222998,1.1236711047870718,1.8644168381072954,0.9221186981493307,2.776837234621667,0.44866708780796105,1.1236711047870724,1.4277338186421906,0.519536019734061,0.4054300455935354,0.3619828879736935,0.5758848287715175,0.4243171784381161,0.5398559194964305,0.3365481213759453,-0.0038500321351935263,,0.3560166718128258
1169,noble-sweep-982,run_80ef7a3227267f4fec500350f0a21a39,0.5363114476203918,1.5237141033822592,3.1667120304844865,2.0953000631711944,1.1272842768574045,1.8455412248773542,1.0247479259731977,2.9575666848121944,0.8198483891345548,1.127284276857405,1.4904850451020728,0.5831587416332795,0.44724191745355596,0.362696900041503,0.6547197321228732,0.508801223423805,0.501977576299222,0.3742312428134895,0.04371089318095897,,0.3886557511297659
1170,ethereal-sweep-983,run_8c1122f9f71927b1870fe7476e895dfa,0.5670708417892456,1.3858710912571794,3.6642351660315735,1.9116614024005056,0.8479825185486332,1.8396581737616713,1.1043139757498421,3.5237887860642356,1.0940492735312697,0.8479825185486342,1.5479664503877193,0.49738171994353214,0.5105120233922854,0.40517000287328797,0.6205738887919057,0.4863619004526413,0.5159346359474969,0.3287019316538268,0.006183183254507674,,0.3703377331242198
1171,misunderstood-sweep-984,run_f7ccb6180fdf8afb56e4db14a81ebd97,0.5803446173667908,1.3577919591576262,3.474768644529125,1.7798231206569808,0.9360605752617136,1.867502769425542,1.096553924696873,3.3459172563962976,0.9966771951989897,0.9360605752617128,1.6764203196708336,0.5383788653389057,0.49662701698438455,0.43784088369568686,0.7004597889454645,0.5428956495483817,0.5299656716930552,0.36627966536999135,0.0459591421454601,,0.37565130358627863
1172,different-sweep-985,run_1ffaf95bc6ef7fb2c645a4340ca73766,0.5502233505249023,1.453746011486918,2.956777354382145,2.0346430827542643,1.1980130094521801,1.761390251622092,0.8473643905552015,2.7168209036472515,0.29452937460518047,1.1980130094521808,1.3112319987339762,0.6076919999756366,0.5228427547025815,0.2900983303004182,0.6574285445925521,0.5012632218654862,0.540192149315541,0.40475044561334966,0.07448499295390704,,0.41777524255580983
1173,cosmic-sweep-986,run_0160ec46c165c221f750c3773b1a74b3,0.5742182731628418,1.4279259731971923,3.8259934676102354,2.0507138344914724,0.6812176034149813,1.987917391992404,1.2196043395022342,3.745318454001089,1.4226658243840802,0.681217603414982,1.8124307643614501,0.519170726662753,0.5509385355009755,0.4281457714778278,0.7392696269388243,0.5933848261195627,0.5095665566344897,0.3682756441593007,0.04033325469691093,,0.34548877388075094
1174,mild-sweep-987,run_cc073af475c6726efd7e35ad9d126049,0.7523931264877319,0.8077983407785578,4.016684812193795,2.097940619077701,0.47986584002439275,2.093246557999684,0.7285896617740918,3.8937125748503,1.8362602653190152,0.4798658400243923,1.8798662763095428,0.7067881213539406,0.5359604667542351,0.7111197841841459,0.6284508120968533,0.5143130093423492,0.7185606784017182,0.23705858483270734,-0.41643482072534194,,0.2421737649643555
1175,likely-sweep-988,run_1270565df9c6f6e43f3a64a47294eefd,0.55520099401474,1.4388385449904277,3.18075666848122,2.123297536323437,0.7976166277060678,1.6575170121854728,1.0811614550095732,2.9343222645617857,1.1666582438408084,0.797616627706067,1.1567257477448964,0.5385691182353668,0.4436565980369594,0.41403649075759025,0.6730334329391267,0.4216680535906127,0.5171562056525405,0.35189089295307957,0.07324090358317079,,0.45034390113265754
1176,magic-sweep-989,run_c13dd2a844512d49f1122e59d9d82abd,0.6010210514068604,1.287977026164646,3.231192161132282,1.8901073910296908,0.8523427177558696,1.7786121221712299,0.9394894703254627,3.0211213935764833,0.7461276058117517,0.8523427177558701,1.458893812312074,0.5708002230244807,0.5190602939162208,0.3407084251189222,0.6745553996000915,0.4896897709755108,0.5583234269935666,0.3640077398936664,0.03429823865776255,,0.3988234103944523
1177,laced-sweep-990,run_887eabff4b198caae6a877258526185c,0.5500957369804382,1.4218761965539248,2.916712030484486,2.0358180669614656,1.1683351966663278,1.7415216015192276,0.8530950861518842,2.73015786608601,0.44673404927353166,1.1683351966663276,1.303430131349898,0.6109489162576978,0.5237539134174943,0.30945982185614407,0.6340970865053197,0.5057906070639356,0.5553729283246954,0.4447581232245225,0.08190568233613707,,0.4351982411258678
1178,noble-sweep-991,run_66b6a16df5a8f86e5af828dc60922f7c,0.5624760985374451,1.3594256541161456,3.018807838867719,1.8302084649399877,1.196625673340787,1.8531650577623044,0.9879387364390559,2.721203048448558,0.6887807959570443,1.196625673340786,1.5304557683177724,0.5005267822707634,0.4060631854584509,0.37657855250135686,0.5729561666035897,0.45958934235755783,0.527974624715953,0.32349325811226665,0.0008995604977749816,,0.3575817505111185
1179,crisp-sweep-992,run_da93b6d5634c1d15dc4ab234b2bb1698,0.6070197820663452,1.2817740906190174,3.666358192705499,2.0661528742893243,0.7089439983738186,1.8482473492641243,1.0389661774090615,3.4930865541643996,1.2082627921667721,0.7089439983738195,1.5779593290077552,0.531914802443314,0.5178854795847972,0.4124315997829071,0.7303928707548135,0.4933120957107854,0.5468848673199644,0.2854415432500711,-0.008125681955374692,,0.37444848876587566
1180,deep-sweep-993,run_4a9c5ea54bbf679958e1fabb743ca773,0.5606892108917236,1.2996681557115508,3.3504354926510627,1.7299810486418197,0.8395873564386626,1.7257912644405762,1.066662412252713,3.2317637452368,0.931876184459887,0.8395873564386617,1.4948449121696454,0.5662261001942461,0.5150929597024304,0.47347284742840723,0.6370685015419512,0.5000000002519865,0.5576572864372253,0.37884132116919583,0.029201737945945605,,0.4121868803557707
1181,robust-sweep-994,run_47b9fd5c20d41371a97244616285630c,0.5469049215316772,1.4770134014039569,3.279667936853566,2.0275679090334813,0.9901412745197683,1.837751226459883,1.07104020421187,3.1265378334240617,0.7814276689829449,0.990141274519767,1.4845861686975794,0.5327888656024463,0.5539429330444632,0.349543626089455,0.6657485449273296,0.5152566340257616,0.5022671932056971,0.3977480509929036,0.04417479874963448,,0.38788769717545724
1182,happy-sweep-995,run_8fc46897a60887431a20055f695ba265,0.49368220567703247,1.5644543714103383,2.954899292324442,1.6796588755527482,1.5180709421689196,1.8066664029118533,1.0630631780472257,2.662030484485575,0.3718382817435256,1.5180709421689202,1.3395434404177877,0.4694091348048962,0.42998617547623114,0.4028622737285701,0.5666405005031017,0.4191733448645887,0.475031846059469,0.3549618894457134,0.05210817231855355,,0.38358122615553547
1183,electric-sweep-996,run_18f2e265dbeeecd9697eec4741790616,0.43178045749664307,2.497141033822591,5.90465432770822,3.751547694251422,0.0,2.7869164424750754,2.497141033822591,5.90465432770822,3.751547694251422,0.0,2.7869164424750754,1.0,1.0,1.0,1.0,1.0,,,,,
1184,unique-sweep-997,run_19e3d195e80963823a90ae730b6cb530,0.5809827446937561,1.3552648372686662,3.5201959716929787,1.8706632975363238,0.8679896330927941,1.8282797911061877,1.0610465858328013,3.4063146434403917,1.061187618445989,0.8679896330927941,1.6203117581895867,0.5423883391512111,0.5273530663051827,0.40401510072470703,0.7057815915795344,0.5337701415872317,0.5393744318104055,0.39086699287524296,0.049834903643499656,,0.3963896453122684
1185,fancy-sweep-998,run_14eb7af7520046de315fcb25c6e64b0f,0.6016592383384705,1.2775877472878112,3.7853293413173654,1.972154137713203,0.6711251143408884,1.7937885741414783,1.1230504148053617,3.7005171475231373,1.4425015792798486,0.6711251143408865,1.6222424434245934,0.5258642456089992,0.5310228388454302,0.4506206302078345,0.7048198964188509,0.5368536704820173,0.555566474470484,0.359918073257341,0.005347095277339509,,0.39452923903348225
1186,feasible-sweep-999,run_d7384ced115a7d7179cf9881be0aa67b,0.6783663034439087,1.0258455647734526,3.658628198149157,1.808995578016425,0.8713029779449133,1.9409400221554045,0.8396043395022339,3.4514425694066424,1.2679722046746702,0.8713029779449144,1.6093606583320148,0.6382719602896825,0.4886228609680652,0.561630112058232,0.5524123254837815,0.4589650117344241,0.635013689132367,0.25213256564779735,-0.1880085944361691,,0.30594903569805887
1187,hearty-sweep-1000,run_286af60a3104ed7d22408ce752af105c,0.628462016582489,1.180319081046586,3.6497278170930874,1.922072015161087,0.7038723447504829,2.0337909479347998,0.8858710912571801,3.4752585737615687,1.144283006948832,0.7038723447504819,1.6717083399272046,0.5775778194624368,0.47358092173156924,0.4973782843278102,0.5472239501958533,0.4478126141542926,0.5855406293808304,0.27017604885281243,-0.14861345017057456,,0.27477068229298107
