,name,model_unique_name,acc_OTI,distance_OTI,distance_P14,distance_OT3,distance_conc,distance_SL,synthetic_EC50_OTI,synthetic_EC50_P14,synthetic_EC50_OT3,synthetic_EC50_conc,synthetic_EC50_SL,SD_OTI,SD_P14,SD_OT3,SD_conc,SD_SL,pearson_corr_OTI,pearson_corr_P14,pearson_corr_OT3,pearson_corr_conc,pearson_corr_SL,composite_score_accuracy,composite_score_distance,composite_score_syntheticEC50,composite_score_distance_withSD,composite_score_syntheticEC50_withSD,composite_score_pearson,composite_score_pearson_SD
0,pious-sweep-1,run_60d5f51817e261163d8d052e5c77946c,-0.09285256266593934,0.30789627500119154,0.3626382775020033,0.4460109249005981,0.269939356980723,0.3422535178329635,0.19104133898266817,0.3073689030418449,-0.03933707405893505,0.2699393569807229,0.22179088119075072,0.33828972821648184,0.2832040177260924,0.1480592535836287,0.4171530582245812,0.2578982949900334,0.7536181827004049,0.7059096328796838,0.5295704248867488,,0.716587233978702,1.6456967132349742,1.2683812772137941,0.9913630133141338,1.595994268077748,1.386076211294967,1.0709339033603842,1.4440588854742868
1,fresh-sweep-2,run_a667d71fd2a2a96417724a091d125c28,0.4910656809806825,0.2504421382180513,0.4412027931274911,0.4926795734086433,0.17081766439678833,0.3438055660142764,0.1790829112638002,0.38908661400934497,0.20379398758871842,0.17081766439678833,0.24569522949811373,0.4222543459341643,0.22892955907147935,0.17634709319030742,0.48470703061864545,0.20943803436418226,0.7829492853313651,0.6547268925482705,0.5055946092696448,,0.7033009554506007,1.5647192558937775,1.5006843349899903,1.2599550033618656,1.7278709249790416,1.5234733573647352,1.2180652242039978,1.489015564229842
2,dazzling-sweep-3,run_9d180089e1a3baab33b711191992f8df,0.709955394268036,0.22192704531258228,0.4844941879221172,0.4073538701646166,0.16788460886946507,0.3809970369989267,0.1618062820001454,0.44123401288335246,0.14241388279885558,0.16788460886946524,0.30110904015447204,0.48182899646220606,0.2664804444008233,0.2845091466334642,0.3503400218829289,0.2340097024456158,0.8017072578793649,0.6630857510268753,0.4490096373432152,,0.6584593240595914,1.6116479858068944,1.6007919822020542,1.411856057875597,1.8936097483676153,1.7368248147094463,1.2157394881016337,1.5815326148265498
3,swift-sweep-4,run_f8835f0e2fcf8d352145819525e06734,0.3111040592193604,0.2674001771061458,0.28532255211097574,0.43008435212366675,0.2272673374665447,0.2978326672232526,0.17155213718953125,0.21211222461573673,0.01460369365686875,0.22726733746654462,0.21409690050287614,0.41835147850028154,0.2982070646686618,0.12942289478445015,0.39932686675246315,0.27116221551812303,0.7774412944798382,0.7276206348461779,0.5597777333419263,,0.7639208561227798,1.2139356468103577,1.0346811064715722,0.6925022468967786,1.4668359729465288,1.2492406258995261,0.992589143140491,1.4374546902497927
4,worthy-sweep-5,run_b11ad40a83f1a82b9b4158b2387bc848,0.37555843591690075,0.2675532008298401,0.34225698021708145,0.5268366095648619,0.19336484060033202,0.3382116444928794,0.1781672775072686,0.2692443778422986,0.15296718813867918,0.19336484060033218,0.20951715009342708,0.42555209661568805,0.2898559863170866,0.1769992231480595,0.4591037000047648,0.2194179746004393,0.7739968798279335,0.6847425774040082,0.5289589314618408,,0.7223682608200257,1.3560540126431184,1.2331017531109296,0.8832145206110861,1.6040973079875123,1.3537563035442552,1.1255352165062442,1.5229634807057237
5,azure-sweep-6,run_7cec8bf5eaa771982962551f35d05cfb,0.30918955802917486,0.2685541264979392,0.33707450074407075,0.4627104158150941,0.1846419012772301,0.29591657760513745,0.19115924250748184,0.2819404118926457,0.11306900523949319,0.18464190127722993,0.19462575059185977,0.4061193508407214,0.28352317530521093,0.13498111079185682,0.4546448186638609,0.26184054440270627,0.774680455173953,0.7213770601312333,0.55726855480732,,0.7598327710473216,1.351855090665545,1.1926501743099247,0.9188201208744995,1.552231031461129,1.3532321128591414,1.011477857421585,1.4177779067271241
6,copper-sweep-7,run_687a6b092685d6bae6605a9e5ca38bce,0.2204850316047669,0.2795693260182976,0.3937175444621358,0.5089108542974992,0.16832842090998412,0.30107474074715024,0.20987078275397553,0.34815751407490675,0.20938278027572382,0.16832842090998415,0.21032630429342852,0.37064780495737787,0.27068245434091825,0.19267630814417522,0.535355563870552,0.2700673986961866,0.7648117618224256,0.6995610406772682,0.5447042063241302,,0.751876124328962,1.5545960542041044,1.3737846679320143,1.1401857042595944,1.6716692794225474,1.4856706586986135,1.0794644273459282,1.4395962336104167
7,deft-sweep-9,run_f5fef8fad19bcaf5c7f6c0b11b190b2a,0.47255903482437145,0.25197237545499473,0.3598909389861904,0.47648173609304734,0.204206897719958,0.328438652002111,0.1673226618100449,0.30297732405065925,0.12605254356954412,0.2042068977199579,0.20988586872213663,0.46537741724732734,0.22736922481648078,0.14377166938032757,0.44440165094266754,0.222391262504657,0.7863836548926367,0.6872637783142481,0.5125042159967257,,0.7281209436693084,1.341806132129102,1.2592616100184646,0.9807337588685995,1.5296907791455658,1.309981978166572,1.123086606571725,1.4196963066788142
8,happy-sweep-10,run_fb039f7440d1f98beeee75a29c304343,0.5887046456336976,0.24010174823332855,0.4607671734673701,0.4325814722604139,0.1646966155097063,0.3414841197641759,0.16936966768766096,0.4226062252193189,0.10895172977592796,0.16469661550970596,0.28290073205848676,0.48013055330940474,0.3424002618832547,0.16278815353999723,0.543638341029553,0.32792883200153383,0.7934484938714843,0.6908070608951489,0.5195825390651022,,0.7065151606915117,1.5745966086961398,1.538778561424217,1.3514868773669289,1.948651889289145,1.8044172201091362,1.108813418649889,1.630604771828362
9,crimson-sweep-12,run_41ea6c13d67f7414fef5170c0677de76,0.2606892585754395,0.27891709375337087,0.4849364677968219,0.48887072200958714,0.14148710912355594,0.3019119580985968,0.23457031690962324,0.45469493095230645,0.32669911931923745,0.14148710912355608,0.24513396646921118,0.3808866529212751,0.30148196143542744,0.2696968149070438,0.583866318043432,0.3604342147871072,0.759117800527602,0.6829153704033486,0.547654577748368,,0.7425621209442349,1.7712167380691979,1.6335308708495786,1.4930607323469038,1.9481139214821819,1.8319266075720322,1.1260849161227247,1.5475115454733206
10,fluent-sweep-13,run_108e0561fefc3e6a531d31f15797f2a4,0.40938109159469616,0.2619389861802017,0.390767277533223,0.46028018282486705,0.2077836500999424,0.3327252983853555,0.1898322007069196,0.33157462041980157,0.12948608375757098,0.20778365009994215,0.23106341414741433,0.42277658302190435,0.2359616773388178,0.1301852738669136,0.40669881759447035,0.22202175914528324,0.7712408290391678,0.6674863887103638,0.5198525169089458,,0.7139152871319604,1.4448803388427829,1.344418287249052,1.0734152036269375,1.5999774709347123,1.3801041901923288,1.178357068441529,1.4632131618992081
11,fallen-sweep-14,run_27f191a08b1586229d0256f29eb9d284,1.011806130409241,0.1843685011953411,0.502497580468921,0.46842183493738615,0.11520733814412033,0.37168396837906453,0.14409065025048243,0.45653169325549214,0.300408754784289,0.11520733814412044,0.28854064596697443,0.5728879351581367,0.24107491903835432,0.4315844587044664,0.4084313143006037,0.20167765470843638,0.8360196377562727,0.6235323630413028,0.39391170926001695,,0.6627183768450409,1.6566824028559444,1.6668680042073882,1.4816272827225887,1.9682697580841892,1.8140717466645009,1.3459239919647592,1.7050361548321562
12,dainty-sweep-15,run_7c4061aecc99bc279a895866df17db82,0.2543076872825623,0.2754075824509383,0.42474998178847573,0.3848500613132176,0.2568816275366738,0.36985830447116164,0.18133060399216322,0.37359120851674954,0.0019880346326776304,0.2568816275366737,0.26916148083013924,0.3528557206201158,0.31058715958941185,0.17243431344379534,0.3219668678509741,0.22626450093459338,0.7639024218484087,0.6852795218109117,0.4983295249204104,,0.6741225990749318,1.583758840616769,1.424108274134155,1.1952358139864778,1.7739698321850697,1.5960805869633525,1.1392563916394378,1.5546027514888408
13,blooming-sweep-16,run_d80c0f6eea35ee843896ffc69c57a4fe,0.33726871013641363,0.2623804972518444,0.43282028867867595,0.3963360707517371,0.19751245045228172,0.35292531070196076,0.1954865527267071,0.380964274192709,0.07054364386310417,0.1975124504522816,0.2895135018837389,0.3521147134131993,0.21327997554357978,0.2221664591514223,0.4058562894451832,0.2832646906568255,0.767406416263402,0.6603406531498284,0.5070158524990016,,0.6850527209086525,1.5715053504401768,1.448882268935601,1.2225093783273124,1.6515102227623706,1.456967867439386,1.2044990095095853,1.441889056259951
14,ancient-sweep-17,run_fe6eeb29ebea6e8c49456810d9b9d7e4,0.19751131534576422,0.2981077738560222,0.524741656520246,0.4885139905614803,0.15707981840973,0.3713947620127828,0.22447576831706503,0.5004318732894174,0.18329307718033497,0.15707981840972993,0.31655312783311146,0.3528736016674185,0.3382508177179127,0.15778884525747858,0.5741171280547869,0.35402455403909716,0.7415112821910749,0.6821481448518569,0.5158581268236996,,0.6845751989378258,1.9068749484034093,1.7552926322080353,1.6088214073486615,2.0915557558892863,1.9702435321688327,1.145210805401486,1.614020149848852
15,bright-sweep-18,run_5f69e1557fa6c506fe0723be06229c46,0.5204212665557862,0.2572253537732891,0.5359079225333792,0.43392664709598294,0.14142189246874684,0.3734441516002623,0.207851371318337,0.5124514792960985,0.18588681208427757,0.14142189246874673,0.33008190542562066,0.3903576569380626,0.35519250251141754,0.2191073651949047,0.5606594201401102,0.3549640409999646,0.7690697661780671,0.6777737001829771,0.49536244062374096,,0.6753959308768488,1.8139076908631104,1.7681714373963229,1.6443300416258793,2.1420631429162493,2.0410354141977614,1.1602955322520117,1.6757953330821878
16,solar-sweep-19,run_a808b19b0ecf392125e5f27a4b4f98af,0.1860243082046509,0.28629484410394573,0.55033665303404,0.4831444390769573,0.12509824846698514,0.34706946643374254,0.237803883792279,0.5328639963368823,0.2286760060941624,0.12509824846698517,0.31341862972308676,0.31713577629425976,0.36797446399672085,0.18327469697453416,0.6695777647490294,0.3924043732354862,0.7533992034329278,0.6935391999818468,0.5218263959454813,,0.7128678656922591,1.9810828585831028,1.828687399064855,1.7170567226597373,2.198252574248963,2.106300207834726,1.1084422258104691,1.6482903095793766
17,magic-sweep-21,run_71d1292e7fb7c2c24cdab303a5d885ca,1.2613272666931155,0.15719299301860618,0.5321147221962057,0.48676749284679127,0.1072339668665515,0.4004089424791144,0.1255396594845859,0.4952025641826148,0.31827877076288547,0.10723396686655166,0.3380136433687943,0.6224882906956594,0.32822560527409333,0.529513350147389,0.39238114452795453,0.2763677256628827,0.857149857482075,0.6520993317938344,0.3251517948151187,,0.6370534927135121,1.7710717964523905,1.7587248235371988,1.602909036019264,2.199615772024495,2.077140803451988,1.298528017657537,1.8523961650399132
18,prime-sweep-22,run_636412f8b249400d28d16d39f76370ba,0.2606892585754395,0.276037237445156,0.43204499807478186,0.498881498272082,0.1546236067351018,0.2961956500556196,0.22184175340101503,0.3936551049504127,0.24853034075285171,0.154623606735102,0.2311421468778574,0.37923219054806534,0.291063621147581,0.2088395109025317,0.5580498967573222,0.33806154970503516,0.7646518396507118,0.6971925812084779,0.5440659207718269,,0.7515726993725931,1.63159183784374,1.4804418628872036,1.288652206905327,1.796195819115013,1.6417173391236655,1.0863645658494567,1.4882201722697477
19,blooming-sweep-23,run_83fe0a672f06897c062294b5f11f3533,0.31174212694168096,0.27885437911251254,0.46215645260320737,0.4039574895024339,0.18764779618524918,0.33462969502370166,0.2113734255489414,0.4363481210910264,0.08724685073018464,0.18764779618524932,0.2771968965272631,0.35469279342726096,0.39957785081489244,0.2127403718247507,0.5217872989931652,0.3314783922558497,0.7541815967434885,0.7187088775545596,0.5193171673986956,,0.7179263107766903,1.665162580644808,1.541696236261586,1.3986735022110484,2.0358087623927235,1.9297610209347609,1.040542948947016,1.6883185898210098
20,fanciful-sweep-24,run_50445bcaa8ceaba43882aae082c77d60,0.5580726265907289,0.2357418264008569,0.6460408146274963,0.522946007208948,0.12442744858894876,0.39830108799279096,0.20384265147467198,0.622906975534118,0.40913381145256594,0.12442744858894901,0.35591013867094473,0.4130238062273812,0.44459265389944685,0.4085064223307686,0.41545287562938915,0.36161011513673164,0.793119283363678,0.6316664669394731,0.40354064527754957,,0.6441816616737477,2.15463678411694,2.1219646737908207,2.022145717777171,2.610905306100885,2.5304477359815443,1.3248619960284098,2.0172634307719837
21,fallen-sweep-25,run_1562d91fad12acb6549d3ac9bcb94d84,0.1796427369117737,0.28364577767408955,0.5257979249268938,0.46656014269257917,0.13933919436257075,0.34124870110483074,0.22844685937621503,0.5072742031157316,0.18855486603990934,0.13933919436257075,0.3033774782296204,0.2928315961673813,0.3507748314226637,0.1618065532249997,0.640181020820663,0.3658887691658352,0.7549291273749781,0.6977768775343132,0.5229972680906594,,0.7131620522533557,1.9118836220924118,1.7500765333310235,1.6312608854910944,2.0988400130768436,2.000843223371002,1.0958921007048366,1.594785573161399
22,fiery-sweep-27,run_e370ace0b84869bf2b5214b7ee896f6b,1.260689198970795,0.15964638976898438,0.5472354906184634,0.47943963435026565,0.09425924043771387,0.38595096276097757,0.1257002089651833,0.5141425494052637,0.3136858533685111,0.09425924043771378,0.3311186829651217,0.6491814021355795,0.3252531890179689,0.4677191414189785,0.48196749771021796,0.30373243245236997,0.856759014173321,0.643408777472692,0.36433707139157445,,0.6503123137143403,1.8145214364592817,1.8027801182275365,1.660609818177305,2.2244348074215394,2.1108574148953956,1.3023664379362823,1.8423496943997493
23,resilient-sweep-28,run_58d3d14066572ed9927250f1ee968602,0.10753035545349124,0.29130950678697837,0.374824388873279,0.42336219389840574,0.2350077921197954,0.33290459074181045,0.18533681525019366,0.3200545305069049,-0.044617442681431314,0.2350077921197953,0.23310734701100155,0.332427831597125,0.262817243256418,0.1530287648054145,0.4564321153769179,0.2580103690679545,0.757089584971184,0.7140924027181497,0.5346176939281546,,0.7225477329786042,1.542942266775304,1.291909439902509,1.0298977989385492,1.579140620881017,1.3730785031693336,1.0454748693149096,1.3848006361842475
24,sandy-sweep-29,run_7078b8d9c8cd3bc8255a17fddb40397a,0.23452460765838629,0.27739939944459907,0.47997252661484185,0.43744937014603685,0.12941440525798692,0.33047790767379076,0.2250953889687456,0.45932586140509724,0.1481327338263164,0.12941440525798706,0.28636419266600743,0.3102994040944573,0.3264245004135046,0.16239398099373195,0.579077114252256,0.3262202926145019,0.7566821208861647,0.7258804256047993,0.5415156463818636,,0.712302015193881,1.7552922237542279,1.6037607805728817,1.4772994654169462,1.9391327214118603,1.8359196007635041,1.0103597891222489,1.486275201105631
25,giddy-sweep-30,run_1babcb914ce257ed9ba3b845cfe8fbb4,0.6799617409706117,0.22508033745493952,0.5664044207174301,0.4900263832633495,0.14279567706745266,0.39352723411917956,0.17952442233544322,0.5329472490191794,0.3132585188212998,0.14279567706745275,0.3329856620682076,0.4327137422671325,0.324963920552302,0.4179825261522418,0.4628088657496752,0.27935301076081914,0.7989565475253959,0.6317345902593341,0.3907886581226381,,0.6437861862341991,1.884327471969561,1.8705418179461972,1.7235682812700233,2.2174067656179206,2.0949113803984085,1.3295679933608247,1.7848577311629614
26,grateful-sweep-31,run_9b78fcb9bd96c3308bc33d2938f7970b,0.08966177701950075,0.3025504790144269,0.3120882894695764,0.5157556389580468,0.22070332350848665,0.31899228341288455,0.1892326487403136,0.2396480492855878,0.0076139868455274585,0.2207033235084865,0.1876146399224833,0.4333042342037543,0.2881714642313125,0.16977790547946667,0.49521235905585925,0.30872003580844093,0.7532317107463048,0.7005567216202631,0.5519489361683154,,0.753729397324058,1.4383012770545598,1.1539201340254635,0.7811394519602975,1.5422505309609806,1.2873165375885285,1.07624677191151,1.4850293393027725
27,earthy-sweep-32,run_964915db92a4dd35e5be2ad20a1108f0,0.25749832391738897,0.2789045508251992,0.3719573746266638,0.44624502991341813,0.24083324863637903,0.36388786900120906,0.1778286184466335,0.31149511410820774,-0.02797740700828669,0.24083324863637925,0.26449130471047794,0.38468224110207067,0.26489091525027003,0.08552480073215636,0.4408141837325627,0.2087858906009691,0.7629540949898191,0.6932126623477016,0.5207696721652917,,0.6852364467585614,1.4608101351987934,1.2885826557054991,1.0013479984373062,1.586635480684168,1.3636952379308374,1.107717100001851,1.443608001369262
28,crimson-sweep-33,run_1ca88cc51509526fcf8bb068d53f15fa,0.31429469585418707,0.2684011027742449,0.42635779921534356,0.43058972167515125,0.14568638411762716,0.2936309898263281,0.21943852836332334,0.3915477714297609,0.19227081862435422,0.1456863841176271,0.2125955219005613,0.38612301493310336,0.32606991851270334,0.2108478327959221,0.5076396929387993,0.30823959246550986,0.768317256712415,0.7069252846748308,0.5561221161290447,,0.7505206129567908,1.5727075386299572,1.4405750205734609,1.2720919418583168,1.8253821788175768,1.695577075035352,1.05339088516861,1.538309483101786
29,lucky-sweep-34,run_b2ebfefc789ec1a210442c2409717518,0.20516902208328253,0.2807282925813597,0.291925530475685,0.4782876890490875,0.20201917539045297,0.30152453070225693,0.19049948448565227,0.2179451156691955,0.10687079632863908,0.20201917539045267,0.2095522290327333,0.39483463423172704,0.24797656107396762,0.13117730315316756,0.4069251842798507,0.25748495177680736,0.7662061214716724,0.726701186795858,0.5586999879595898,,0.7555326843166156,1.3087094980885035,1.0769274075752102,0.7229883506238581,1.395635433363174,1.1448745681558126,0.9981621567922265,1.3357968831092029
30,graceful-sweep-35,run_fb2bccb49b3e4209c72a85bdd12b8306,0.4355457425117494,0.25709741590593804,0.5038504365562528,0.421184645683921,0.16607632889521293,0.33144062967475596,0.193319134738643,0.47644989749513506,0.14997213035561677,0.16607632889521304,0.2833840418889309,0.3996306275402766,0.3514770729282371,0.21920229011695339,0.5305290389784195,0.3225447703277599,0.7760464454526068,0.6964386187365116,0.5300042579302278,,0.7113617426414374,1.742026905284694,1.6679772813814542,1.5264039360440431,2.055544653274998,1.9424274983570204,1.0920376889577108,1.6234721816239608
31,resilient-sweep-36,run_9e61d46c13372cff74cdc08867b04922,0.17262279987335208,0.2923631127533985,0.42410997679331486,0.43968265764928827,0.23895382322051703,0.3611337824996629,0.18155386811361893,0.3782065290916092,-0.029248262792166704,0.23895382322051686,0.28018250402823164,0.39676614605524874,0.34892477105738456,0.0725094446040715,0.4229562422253757,0.2696536845718802,0.7582394547617268,0.6919726088589326,0.5219473691816794,,0.6899933184337639,1.6360215753110388,1.4413499759921802,1.2100491950241523,1.8594772668896673,1.686530464345488,1.1116614664536797,1.6173920887604076
32,good-sweep-37,run_6a4336108a29a03ef8a0d7f4391e850f,0.1547542214393616,0.3078435947028706,0.5200326766778017,0.5667050648433725,0.1616034827387607,0.3868489836072219,0.21413788691797672,0.4944012571155028,0.20019322953439112,0.1616034827387606,0.3232952999678055,0.4459822671986157,0.35862520612711046,0.22640189849844092,0.6246377556311219,0.40658033844504676,0.7438665869570316,0.6852059468330371,0.5224076165183281,,0.6778780819902263,1.9338911305501407,1.7664263804205107,1.5906785954865303,2.1579018848042995,2.0165655905859947,1.1334247964155322,1.6795624894971997
33,unique-sweep-38,run_af49a75bc3c8b94cd90b0b3efe42b565,0.29195904731750494,0.27095986012126494,0.31911793783105963,0.4819776299654416,0.17533539993901817,0.29494138309241896,0.18221613472108292,0.2628391245980456,0.0927464605551636,0.17533539993901817,0.19551831471421183,0.4295204076853982,0.26850387995686575,0.12916770424288862,0.49687217793190436,0.2906092854530513,0.7765955565382467,0.7321655395750237,0.56351200929835,,0.7670399141489168,1.3236264612488373,1.1506886042885451,0.8559489937448794,1.4987326899737787,1.2863763414527611,0.9786645458463289,1.371094345861407
34,fresh-sweep-39,run_b8109f6bd201376c6b1358c1f2a6fa4e,0.23133367300033575,0.29302537936086254,0.5282590823473093,0.4783471442904388,0.16398770200223603,0.3642908870372406,0.23773113480888328,0.5015453779151449,0.22922225112407563,0.16398770200223609,0.3182408145797425,0.30605655881746324,0.3474413089655033,0.17882471879023934,0.5639846403347986,0.3607311140196729,0.7378306958974516,0.6672646618260207,0.5129273242860594,,0.689966313128112,1.9000632867192044,1.762173783775201,1.6200421580774875,2.1066703522921726,1.9893064426956903,1.188739074876516,1.6570769798474947
35,true-sweep-41,run_541f604de42eae32b8c51cd0876d7a7a,0.4138481616973878,0.27065381267387634,0.5728408937175444,0.4892906246516293,0.14621319917335776,0.37687019467252253,0.2067450850535959,0.5487392421924594,0.23743822228828373,0.14621319917335776,0.3292517038620352,0.40100476578333283,0.3710676694489166,0.18872436654641422,0.592652274430439,0.39686516579118464,0.7643089054168775,0.6658810976082532,0.5129797107565837,,0.6834175679431697,1.9658194698569509,1.895817949286808,1.763595191311426,2.2732046891227884,2.164163085497158,1.187052426624531,1.7269705629705976
36,scarlet-sweep-42,run_57932bb11035b85fcf7fd7ff32b723ab,0.5931717157363893,0.24033253811168726,0.5040273485061347,0.511489725391104,0.11699359691025511,0.3226326977809063,0.2010581214205618,0.4728908453269229,0.3360818995949612,0.11699359691025514,0.25581433419003907,0.4234649775907953,0.27359645519401093,0.2607462035352084,0.5847523339611828,0.3091236008765243,0.7902772258430231,0.6577708843973186,0.507819136841703,,0.7212870717521459,1.722662669380975,1.6910993904786076,1.5458437590405572,1.9635881750836655,1.8399712770083998,1.207242030299343,1.5662996815975418
37,pious-sweep-43,run_26fd8d7b5760e206526a69390d4977d9,0.24920225143432623,0.27996317396288795,0.4401048983796947,0.49977704284493324,0.14474624792492463,0.2842680311594525,0.22280755887023337,0.40652284765799784,0.2615398907509943,0.14474624792492458,0.20997083770845645,0.3893840773101987,0.2745272204252763,0.23122008321893395,0.597542604943889,0.3271055220486792,0.7625449096670015,0.6941539344984958,0.549716127654405,,0.7602414489218094,1.6584322619824197,1.5050181683648256,1.330659452836612,1.7954983489825276,1.652086321447581,1.0929586650221956,1.4674103984699944
38,prime-sweep-44,run_5e3f5ae71e31cfc0150dc8a7b8cd584b,0.2504786849021912,0.289606177141266,0.4383513887588065,0.4753335067444538,0.18958227462140465,0.35247006402296194,0.18649327322762135,0.40952514751334634,-0.024514139199583822,0.1895822746214049,0.2789399300447997,0.4461117903022056,0.3768924130489724,0.05381710989794505,0.5663091279698375,0.36149548303438755,0.759478779962711,0.7190733620321211,0.5239952049944482,,0.7087507219988023,1.6459779903412048,1.493764734066279,1.3086210866550063,1.9630904211582512,1.8261654003242174,1.0361605963150018,1.6419560597832816
39,gallant-sweep-45,run_28b8979f398b7b4197ce107771e7dc84,0.47766447067260753,0.2512373598641349,0.5222076530028201,0.45346884173757945,0.13356624995765154,0.36405936603781824,0.19997692101216413,0.4911752156764802,0.20524320909665203,0.13356624995765193,0.3169522482092203,0.3597447271557166,0.3058260245331752,0.22529046813310774,0.5625168994954234,0.31291126485057363,0.7733351973318578,0.6596984488096593,0.4925940181964349,,0.6796879599971717,1.7903845185243552,1.7308271230730876,1.5794449875719527,2.0276168687725744,1.9000300274816198,1.211152022069958,1.606971330525155
40,happy-sweep-47,run_9798cca34b65030f66c271e5587cf453,0.05903005599975587,0.30791132651499764,0.45562632033550826,0.5192114748615806,0.17100738557441475,0.3844620566704163,0.19677596574275477,0.41632064770586813,-0.0009995912452157682,0.17100738557441472,0.31874283317781665,0.4555555838498056,0.30254789325020837,0.08175079015419977,0.5869329856776062,0.3729335898436146,0.7499618279689058,0.6931299008423795,0.5349590131231173,,0.6807185375020154,1.7974866978546773,1.5621598440777165,1.3311463469277098,1.8894204765530311,1.7033839718947559,1.1047510056651475,1.5329843910774572
41,twilight-sweep-48,run_5b2b0e19b09ff812966e6456eb8e612d,0.25877475738525396,0.28378124129834353,0.4934178348058653,0.5063319832038943,0.11034742690652845,0.30241553576064006,0.24177748343706323,0.46600688915946026,0.3258481661773995,0.11034742690652843,0.2501915699852122,0.39294526352980874,0.4120543082347143,0.2627108940182401,0.6371446083062017,0.37574984303553755,0.7601756542266969,0.698187514783756,0.5431891408122941,,0.7491795229454548,1.8001107006374801,1.6647869134436093,1.5284821184230806,2.16629314509541,2.0633875325913382,1.0849422289787867,1.7602301450480051
42,eager-sweep-49,run_7c1fc6c1d67915c0af00f3ccb6cee459,0.6391194462776185,0.22945280221558284,0.49452093284630516,0.4458362751291292,0.15473964156248946,0.36704185541084855,0.18448389613452032,0.45364386583830274,0.2560328490208466,0.15473964156248946,0.2840871797390283,0.46490670403912526,0.249878831680077,0.3065283231704073,0.40088708721343885,0.21491827277434403,0.7966526739491977,0.6388861281870979,0.45765615104572477,,0.6701534741733642,1.665687332156845,1.6422326579682303,1.4688480853505255,1.905628574639241,1.7584103216889087,1.2804371400688126,1.6043725973887073
43,breezy-sweep-50,run_c8ec8b1f54f5af0f4408690928d78b0b,0.5619016289711,0.24699283297084268,0.5175455027941681,0.5143770205492176,0.11938120405190232,0.3332109468117532,0.19919424229425223,0.4840779245106306,0.33077923525695835,0.11938120405190246,0.2673732344574966,0.4189476435108421,0.2728561213458376,0.2588834615671125,0.5609367623846734,0.29140997566719135,0.7825536118082099,0.6460594846171972,0.5026227122727499,,0.7105637403829987,1.7706064996469284,1.7332405065174121,1.5787360826387533,1.9977900434399851,1.8653283954469677,1.243947741016081,1.5919950962908818
44,restful-sweep-51,run_9e3dc9f7494cafd971191f64e1114bf6,0.2874919772148133,0.28686931021420814,0.49647737088029326,0.45038088513990554,0.14564657654910731,0.35246772542700816,0.2357543693290286,0.4761220900585893,0.17114934413436894,0.1456465765491072,0.30425523124426546,0.32036787970731967,0.39472792865963474,0.17549808979557083,0.5857886705652171,0.3746355698005419,0.7459966039904471,0.7119406020124344,0.5211886321214857,,0.7046270429562149,1.78196757046663,1.6583228698912234,1.5335562158176486,2.1075035647214406,2.010803620839753,1.0599812351563904,1.6778250067849692
45,mild-sweep-52,run_ead7e5d40d5729d2bf3fa36b1a501caf,0.24664968252182012,0.26622114185800905,0.44364313737733235,0.39271301698190325,0.13165463969915644,0.2755817062551985,0.23806979386951824,0.4193021343906425,0.2944855263646837,0.13165463969915664,0.22842937557149415,0.44332271504661885,0.4363709770898523,0.38772999606253133,0.5466134650725065,0.4150695594443734,0.7764237771944197,0.7179987563762502,0.5663048795166322,,0.7657109868554199,1.6401074806156848,1.4809758753940714,1.378964013684492,2.1081639925503226,2.0377947951212665,1.0165258476735888,1.8122887945840718
46,azure-sweep-53,run_0ca09761afae446ce76a1723535080a6,0.2747288346290589,0.27922314120075964,0.4351461604903584,0.509018616922448,0.14644865670630486,0.29690970135350137,0.21766746690548408,0.3976200139448244,0.24077143175653068,0.14644865670630505,0.22436645486782616,0.38519317726901264,0.25941456793475476,0.2075275888856963,0.5828376269610492,0.3271150543763581,0.7633122125588603,0.6967957123265506,0.5438621332223389,,0.7504799719538076,1.6366551333702444,1.493515090265468,1.298601849449616,1.7592577950322494,1.597112215194983,1.0878470769680344,1.431017794228625
47,flowing-sweep-54,run_cdb737a20ba27fc49fe6102a8c3cd4b5,0.29195904731750494,0.2816288748240854,0.4428158138470026,0.4338411801865407,0.21647271064132534,0.35205379394319253,0.18112489997014777,0.40301062512357844,0.036932852736799186,0.21647271064132534,0.2678736939916012,0.42909626944041906,0.41371534452463815,0.10616118081494956,0.5031318402104641,0.3454127335488713,0.7643785121308553,0.7003525538485365,0.519991752088848,,0.7028604831202606,1.6280044871655046,1.4927797703245322,1.2877677991879781,2.033565614973186,1.8882117392751687,1.0880309386498832,1.7580696775641333
48,major-sweep-55,run_041bcf21262c4ee2d23f30f1ea9bad32,0.780153274536133,0.22630954441576295,0.6115117646446673,0.48243469213332835,0.12933902496866212,0.3816767888894866,0.19737551770936043,0.5874829592165923,0.34570250083608933,0.1293390249686622,0.32989247915336606,0.47240808205639545,0.38961653304050553,0.388745011652779,0.48641389739221436,0.3422127033370428,0.791754829259201,0.6386654322305994,0.4237520189093125,,0.6608215347298585,2.0051289728741426,2.0058478569063505,1.899955154148173,2.4322269905002605,2.3456624002691355,1.296554852483671,1.890332508782809
49,elated-sweep-56,run_58bb1abfc46aa2d8201e5c76877e3012,0.4655393958091737,0.25446590957552223,0.5199390174102171,0.46150273122514957,0.15419588711589932,0.35924575603299297,0.20244787786198257,0.4871894935114944,0.18734718144996484,0.15419588711589924,0.3083875302945617,0.3700294561012167,0.3017894393039295,0.19862018325192352,0.5609295519226424,0.3333052612841456,0.7727515514463923,0.655480111141703,0.4945969920113702,,0.6899491514381842,1.7894129558643852,1.7265872373903934,1.5651262362914788,2.016988825117973,1.8806277058097707,1.2222984889311241,1.6065970336007411
50,unique-sweep-57,run_e927e5c089a97d3786bcafedfc747af9,0.5236119031906129,0.24592668407625093,0.4509017306151335,0.460287614730036,0.15518430057255142,0.31703487859958646,0.20075709114444193,0.41314663919328143,0.2633346958492809,0.1551843005725513,0.2441533152326005,0.4201416833134948,0.24048227094876987,0.22410156540986925,0.520855946841008,0.31513082407396625,0.7832894190367979,0.6743118764078313,0.5161264402124925,,0.7266933016467773,1.5722385359012037,1.518376873154959,1.347794504533182,1.7636683648053726,1.6191379800786814,1.1583715449944032,1.4652243542666588
51,polished-sweep-58,run_b0dd7ee80b722ec58a16b08402501bff,0.41576266288757335,0.26665512717274875,0.4506103462270925,0.47378395451674027,0.18548463597249046,0.3614853514247117,0.17427395260278294,0.4021052522035944,0.08010850581546569,0.1854846359724904,0.28543421100839494,0.407893030473711,0.41505546106778174,0.0936153412295544,0.5209412979060198,0.359791264982196,0.770058641031942,0.673928790481777,0.5221266513510043,,0.6919038910474118,1.6113042366054717,1.5251468892123266,1.2859530013795006,2.055218710434118,1.8845492924838523,1.1595086470914524,1.8006418901947974
52,swift-sweep-59,run_4bf462003d5ab21a0afc216c797a35eb,0.548500418663025,0.24132092085161466,0.4143642096718804,0.43907324142543935,0.17569705593386864,0.3180654198832106,0.1892175972265076,0.36710790588284264,0.22038943183084997,0.17569705593386845,0.23842219608191634,0.45111690615282357,0.21596043104919338,0.2415013461886367,0.46601887568841577,0.29526723717509656,0.7872788558931212,0.6680316538564006,0.5129470352104981,,0.7258747721045277,1.4538274195561613,1.4028535492867864,1.1966858177398771,1.6420159931510678,1.4697875313789786,1.1766480799599979,1.4535195716229288
53,dazzling-sweep-60,run_c8f30c5b6840cd07ac4368185f1f399e,0.5772176384925843,0.24567833409845194,0.5382702173935666,0.43528296978930536,0.13874716265203105,0.34957800036014375,0.20249554098903494,0.5178524970601398,0.20415071903682455,0.13874716265203105,0.30611597409147484,0.4248480289214151,0.3609063603043996,0.22266747544402943,0.6217192267813672,0.3504209547576321,0.781517442193938,0.6883442049511335,0.5285387524388341,,0.7029933924813373,1.807087285750071,1.7740285727583878,1.6626466994878724,2.163281775068584,2.072921780651319,1.1141380892388615,1.665507233029488
54,olive-sweep-61,run_1e750e94e0e489e9005307f6fcaef6f3,0.2077218890190125,0.2827502126026325,0.5272444402818105,0.43764259968042796,0.13250923196801842,0.3331501433169554,0.23187107876708044,0.5006452082878046,0.18228976998253504,0.13250923196801842,0.2881992109577254,0.3109250381734971,0.34079996965930787,0.2088203556492035,0.6494520045907453,0.3425289489566283,0.7537040617474868,0.6805429650497155,0.5284950167063862,,0.7207046678819498,1.8971301084204641,1.7468101573618908,1.6104192010853222,2.0864017444771217,1.9736201551258008,1.1417121398420313,1.6140734567414123
55,lemon-sweep-62,run_e9aa27cdcbb06272b2d262427e06628a,0.26898533105850225,0.2932335919685122,0.5290083564879855,0.530218126416707,0.1490632516854694,0.3768078321137556,0.20689309160602173,0.504251090089809,0.20776262494890574,0.14906325168546938,0.31295480819225757,0.4511087727228024,0.3982646058963417,0.20260809415871192,0.6495790882789256,0.4289370125556771,0.7534302218844909,0.6857192030696404,0.5134306967397766,,0.6885148818076979,1.9010555278922512,1.7792176970176512,1.6213147992439851,2.235243105598265,2.111719158882484,1.1336977267097654,1.765210090411527
56,hopeful-sweep-63,run_ec4bbc11aea5a3cb362f0622ee3958a9,0.351308286190033,0.2639885006434522,0.4166952847762065,0.46261008509531404,0.1838355862723177,0.3427235756196695,0.18763217110560873,0.37855514969872933,0.06533016238712794,0.18383558627231758,0.27117189381838935,0.37413465748070873,0.27369413367409595,0.11056412221051619,0.5198673346544321,0.26015082013202423,0.7729761056000743,0.7051576181575283,0.5226725054244498,,0.7047651631902148,1.539856692664887,1.4212837939170029,1.213471827190729,1.7091909132614878,1.5407140651367257,1.071775016974971,1.4317777907679066
57,fluent-sweep-64,run_5ab0e4aa0c9a1a735ab957eda7c172f4,0.5223357677459718,0.25198993555443505,0.5769983245397688,0.5060272750919698,0.08975929125588644,0.3789110094081715,0.20827532229053933,0.5531152113057141,0.3009587157667869,0.0897592912558865,0.3312706917021159,0.3523099054608701,0.3727166704943012,0.25112537113303324,0.6457467675192442,0.36128880665574004,0.7769786737670277,0.6524442655958206,0.4902688932306754,,0.6706972190492823,1.9528178069468842,1.9101919264761686,1.7869860459021132,2.2858688899696022,2.1839602822407267,1.2318742623885277,1.7589421776998257
58,scarlet-sweep-65,run_741ea754599277dc9759589a6ba62ebd,0.6397575139999391,0.23700364497492668,0.49571769015432987,0.4772286425625209,0.15938781041433753,0.3417733261304578,0.18997268150244195,0.4593362679903845,0.288383932221025,0.15938781041433744,0.2588077370108535,0.46014865019445156,0.2762185020365724,0.305181496025285,0.4444827829308329,0.20855234352113103,0.7905873369361072,0.6571009363807588,0.4656386535991433,,0.6999958289484012,1.6777610405898131,1.6556805816137694,1.4930348231015351,1.951696011882536,1.8157621312988987,1.226863232103877,1.6040674938273818
59,valiant-sweep-66,run_49bc408d8693255a0a98dcf6ece991f5,0.2370771765708924,0.29583499527131607,0.4956864703984683,0.5314926981531714,0.18179862452146223,0.3733942615532487,0.1957223597763345,0.4550695680226446,0.12116234996841445,0.1817986245214622,0.30032561050996187,0.4247161407458348,0.3840550264199785,0.15918717875043895,0.5811377388647857,0.39180497740446807,0.7496184894389316,0.6689269342671167,0.5239748159394748,,0.6865504323502568,1.8225220141496496,1.6813844301581462,1.45735056680589,2.123148744966141,1.9505326620804155,1.1770236298513297,1.7510258754517203
60,copper-sweep-67,run_e09eab456f0c4b066f95da65a14d800d,0.45596688985824596,0.2692991764313363,0.5553838468983172,0.5238489836869681,0.12534132872581902,0.37082336506808045,0.2151689156136879,0.5397427492117013,0.24380736501802255,0.12534132872581866,0.31856665894929986,0.37717322493708894,0.41818220095138586,0.21976715725398802,0.6505622014223267,0.409399241066341,0.7643888241556956,0.6865578031661015,0.5165687898922859,,0.6912356842107652,1.9117797876837472,1.8524178735080807,1.7375160565443577,2.31749277345898,2.2267201942974,1.127687221107674,1.7919261272697442
61,upbeat-sweep-68,run_da3e1ea814b22a865f2fbd1851985689,0.1796427369117737,0.2999214812696453,0.4142757536969396,0.533242911820445,0.18942558525595418,0.35525611133587615,0.20256828997243068,0.3715255013372464,0.08942439894466965,0.18942558525595413,0.272363798222823,0.4335022326123908,0.4611922624872646,0.14433291830284456,0.5386644912646461,0.38215253677537947,0.7488790370496409,0.7058442170398691,0.5202884139425125,,0.7044418332199085,1.635107960692512,1.445871674439125,1.1955511769338412,2.103873595469167,1.9403818756716047,1.0763183498945756,1.8692780416745778
62,ruby-sweep-70,run_8bdd55aac3b6dbf560af7880bae258f7,0.6978303194046022,0.22369559818478743,0.4784791816261331,0.431046783843038,0.16785411796591798,0.3848214209153109,0.1630630834029467,0.43340826074740096,0.15628181784400413,0.167854117965918,0.2992428405833705,0.48135242323063804,0.222094631712755,0.27123370473241176,0.3671215049218248,0.23571809070668057,0.8031680014781285,0.6474235741703698,0.45768068984068294,,0.6570980706737416,1.6020396743616223,1.5891080274810827,1.389043116896799,1.8231271089240972,1.6516564149021713,1.2553702363533075,1.5409356127401554
63,whole-sweep-71,run_23dcb4df86a07dd3f9e8ac05da29d9f6,0.351308286190033,0.27290401398787356,0.5117178150333531,0.49098138307755185,0.1505022529389843,0.3651249862607488,0.1938835665063683,0.4776570613884466,0.1493292705585077,0.15050225293898414,0.3048079194213379,0.3998215549195338,0.3446551169972161,0.14184699209313711,0.5891260118969259,0.3398405374007649,0.7652721948257717,0.6650281531782006,0.5266770606924566,,0.6882858178051321,1.811191563672807,1.7129187200811744,1.5301806270336935,2.0741118299822507,1.9259548522789984,1.183720038281313,1.6640440110455326
64,scarlet-sweep-72,run_3ad99a921c502d4c84a21c877c7b2633,0.5299934744834901,0.247349052130918,0.49646696429500586,0.48665973022184245,0.13171138665853577,0.33234488677687696,0.208415803086062,0.4644354947810974,0.3148935379584558,0.1317113866585359,0.2748419304018254,0.40243550587893956,0.266332427372238,0.23656248337217592,0.5524073035594563,0.3220263429247469,0.7811206711267354,0.6563061426432456,0.5075928411802978,,0.7073067628260896,1.709543299659498,1.6621713849578346,1.5164426713033465,1.9209527523090668,1.796341876976864,1.2131066097060688,1.5488296904901087
65,dashing-sweep-73,run_cc4a6dfc630f0485b23874d1e25348fc,0.30216962099075323,0.27916293514553553,0.4224709396105856,0.4980677046560885,0.17089050377748416,0.34240084937805043,0.1759246019501743,0.3884622188921148,0.02449184348407691,0.1708905037774843,0.2612016797355204,0.45987803685149337,0.4854486759249454,0.10001979376177254,0.5744861155651385,0.39154259860734664,0.772014087755748,0.7223404857891801,0.5309396884856676,,0.7190233402480354,1.5874053119616565,1.4528662467463982,1.241200334770511,2.1653905579433754,2.02945170145283,1.0212459108058407,1.9029028214370298
66,vague-sweep-74,run_d99889149d68e74c484c4f395481a9ae,0.3934270143508912,0.2609079574844907,0.40507633230308154,0.4236408903422391,0.213372802114036,0.32963211547051374,0.16431737622011353,0.35988053240090334,-0.002333618223031493,0.21337280211403623,0.2504191933247119,0.4495779968926567,0.39892794053278263,0.09786567910693951,0.47300313405161515,0.3010349987571108,0.7826169510313099,0.7132745706322157,0.5321153323628974,,0.7179121638607908,1.4792804807778694,1.3741953704513268,1.1498459122480063,1.9213396368118285,1.767845781092853,1.0432095526068619,1.7004173765474635
67,earthy-sweep-75,run_8c3da659a5f6e2fe24eae7f693500a0e,0.508934259414673,0.251222308350329,0.5027161187599514,0.4503325777563077,0.15295507673544062,0.35397144262527663,0.20246042079015406,0.4698104960819208,0.18843223960462244,0.15295507673544081,0.3006436595596737,0.3612764470826851,0.26756226234747754,0.2196000808777363,0.5349465050264116,0.3233338531764294,0.7719947324101712,0.6688489886325039,0.5006991499563218,,0.6918350737895181,1.7237110989884448,1.6712710849566577,1.5111968611654625,1.9203613067533423,1.7827945653550625,1.1823272238260458,1.51411299884236
68,rare-sweep-76,run_28befb000a6fefd1e04f545b98de385a,0.34939378499984747,0.2788543791125126,0.5588076134577963,0.4611943071606406,0.1427753497984213,0.3879652734091506,0.2286525633982306,0.5314487007378268,0.22066069636951433,0.1427753497984213,0.34588145968923156,0.3470916902829817,0.34462426743667435,0.18880481861039286,0.6001535832734602,0.375904945031105,0.7477229259148397,0.6495495468917567,0.5174216400404101,,0.6611878837504737,1.9387233233595214,1.8474629745387556,1.710365561168168,2.181031453314746,2.0661870948408203,1.2347796550186545,1.6936527254737412
69,cool-sweep-77,run_0d6327bb015c2a9bd863156d8321f89a,0.42469680309295665,0.25632226294492905,0.4363585276763136,0.49311062390843885,0.15118575736016537,0.33894518409037583,0.19003037897203154,0.38480430416367456,0.24449110029356008,0.15118575736016546,0.24876268785746408,0.4053184400493562,0.1830081768353884,0.19576094243846373,0.49326757586955844,0.23613507726851837,0.779519640923308,0.6487675723116848,0.5098044721466682,,0.7074599582788867,1.5742361647927021,1.4875976729784772,1.2556396649054646,1.6584547473372757,1.4540138515153405,1.233914675682346,1.4352946523898276
70,glad-sweep-78,run_2363e1f0001fa1de55f7725cdb8976b0,0.20899802446365362,0.280557708758225,0.310839499235116,0.48466054773141076,0.21507266998678728,0.29656592774829854,0.18574320612295567,0.24725526313050902,0.05880494964884248,0.2150726699867872,0.18200278916544077,0.41075694793481327,0.2567479883621042,0.1435920356713384,0.4357421788728984,0.2755166003060027,0.7685751264646883,0.7218517445102134,0.5455748454728485,,0.7636719972433483,1.3515886632689293,1.1312914820320858,0.8057978730310786,1.4588885000517302,1.2238649641387094,1.0167222892599417,1.3719546099426214
71,rosy-sweep-80,run_8a207e78af5d14aad85ff84dc54df873,0.5402043461799623,0.24537730382233194,0.4627027983307836,0.5083311656943257,0.14608361283328256,0.31898370856105407,0.19351982158938988,0.42660235396959195,0.2845713648693844,0.1460836128332826,0.23806205230503696,0.4213266610244104,0.2775214738782453,0.232326405516713,0.5584245815176653,0.2450931671669824,0.7861716001750388,0.6700082813552038,0.51319080450463,,0.7274844487038644,1.6157819819268087,1.5682950586795352,1.3922379348285205,1.8604361826476277,1.714642780815122,1.1711751026776551,1.5405598072641797
72,clean-sweep-81,run_62992d87ca9184e8d67bfc835cb2351b,0.48915117979049694,0.2502866059087226,0.4385491138792629,0.4916911300211809,0.16009841786089377,0.32346211981250694,0.18598152175821736,0.3889305152300376,0.2277693136635579,0.16009841786089385,0.23366627144395052,0.4325438638764531,0.20049894282746275,0.18720599346593025,0.49410601939615884,0.2432411686008913,0.7835109332138852,0.6542664774200989,0.5162532416704648,,0.7208041421591092,1.5575557573627383,1.492533686481374,1.2645700626905951,1.6887259529591296,1.4910653850080937,1.2149877071753963,1.4492527962723982
73,clean-sweep-82,run_a91b10afb595170c18a1bc15696434d6,0.22622853517532354,0.27339067960093416,0.27366717658934575,0.42721192077589065,0.24587187044753875,0.31127101910554944,0.17200869977497973,0.1944210296275482,-0.0011110698227493102,0.2458718704475389,0.24185993213394552,0.4045850663596191,0.22567405524796316,0.09767561642669387,0.34529696548617544,0.2582531143288847,0.7748461458874173,0.7226060772068685,0.5610270465271161,,0.751642034828726,1.2370002184534137,1.0030900878632627,0.6384227399527604,1.2995026427274734,1.0440790147182104,1.0064121401931092,1.3020686579494316
74,polished-sweep-83,run_5d3b85e4f87dc5f379f23abc314f11db,0.2038928866386414,0.2695851551936503,0.3737889336372058,0.41085801345174827,0.23963478673306912,0.3469010875250717,0.16710441485985789,0.31835305381245255,-0.034067853294191985,0.23963478673306923,0.25596400433107985,0.37444435010004745,0.24337560601346908,0.11814789983930869,0.38701938924851714,0.23694611676670294,0.7812853562037145,0.7014001465439041,0.5265756177219059,,0.7052300228110319,1.4831630093345998,1.2801023913010614,1.021063745713691,1.5443919469477996,1.3375558030951056,1.0786961879910164,1.382052755711181
75,vivid-sweep-84,run_2092db915c1f319dadfacaf2212a79c2,0.15156358480453494,0.31251458115399955,0.421877764249217,0.5121734606666417,0.2166166954636312,0.36591309309716635,0.19900609837167704,0.3729668133995192,0.027189625060384342,0.21661669546363135,0.2666973802268594,0.4553964729381894,0.46479237674879065,0.10187955602379513,0.520737412415623,0.41586887508090814,0.738988726975579,0.6921372784485378,0.5240620304527616,,0.695468579463635,1.6619189162291146,1.4628039844505083,1.1964050910431465,2.125530621577193,1.9517863787341088,1.1146472036986896,1.9027672782164808
76,fine-sweep-85,run_96ad4cad219a448364c1b218a3d96c99,0.08072763681411745,0.3029643956440919,0.3613582675116814,0.5656534502619747,0.18122692007995392,0.3387526396901828,0.2097202676159155,0.3086489130321665,0.1950466352049351,0.1812269200799541,0.19406370803097253,0.4296197722734136,0.27153553220853593,0.22555651331822194,0.48734010614381534,0.332446814723036,0.7526861679720354,0.7002511671781256,0.5478632093214189,,0.7324216857495297,1.5718853261294452,1.3105530228921318,1.0171859690897418,1.6402175367182144,1.4168386067789438,1.0789279108347525,1.4617967638233795
77,noble-sweep-86,run_1a25343d0adb913f700a35af9b98eae0,0.30791312456130987,0.2736164523080242,0.4727295432549719,0.4310096243171937,0.1400421790832402,0.324007792201718,0.22344473962135397,0.44721259613083153,0.15068559325183023,0.14004217908324032,0.27223439591338155,0.3245910998068274,0.3333051009068629,0.18880566995498516,0.5688303650151613,0.3378709800483672,0.7579325765862485,0.7169223683704385,0.5468568511073703,,0.7214279355763682,1.7027876409197598,1.5796732161710603,1.4396613355434997,1.9357937224494035,1.8233361256348732,1.032116663055353,1.5222334486348714
78,dry-sweep-87,run_1e414b9b14e251fe9209b17ce84d1f15,0.30663698911666876,0.285160963397227,0.6139937352356573,0.5205900932704097,0.10378934173527121,0.38332861716482663,0.2331931033963742,0.5898088310282749,0.32331017056222383,0.10378934173527142,0.3313151250252373,0.316243653509543,0.4312980482191889,0.2601864444657281,0.5356975701063841,0.3550821566535512,0.7451203292580831,0.6431499551250008,0.49320644563756366,,0.6675007313259498,2.1264170285150645,2.030323592273722,1.9072632386354034,2.479939714506962,2.3802395172956032,1.2630213373390446,1.9034468726022555
79,pleasant-sweep-88,run_d09a6172294ebe3176b4fd03d8a28229,0.13752400875091556,0.29293757886366084,0.3015099955251684,0.5158671175355801,0.2055688247450622,0.3131832110637416,0.18428070069813937,0.22970455704369724,0.07924268886329021,0.2055688247450621,0.17867496712323866,0.44352748239964734,0.2959286216481593,0.12766720939884432,0.4608387637051363,0.3015718655440695,0.7631261545687803,0.7119470238821175,0.551584839965519,,0.7546539593004151,1.3853037545792726,1.1229488332425668,0.7535785398049052,1.532895011795033,1.2871028128163442,1.0425596121574134,1.4750198574958469
80,breezy-sweep-89,run_53ebefad1cdcf47f87f383af155d4234,0.4125717282295228,0.2709021626516754,0.5413817863944305,0.4806398870350414,0.1185604905647593,0.36933445897751915,0.21205576084148,0.5195591770472353,0.22394188250157945,0.11856049056475944,0.3251755311146294,0.40422225658103655,0.41103722442194934,0.1772265321542211,0.6687452909103836,0.415372116615561,0.7681856175887156,0.6855779203622154,0.5268280469234689,,0.6920061793405237,1.872706346942989,1.79870649888598,1.6716862734928508,2.262667881982359,2.163066312438038,1.1252742095633745,1.7749825130767778
81,zesty-sweep-90,run_dfaf73cfd2523af85bb3a3965bd3545a,0.20070195198059088,0.28484989877856964,0.32739637642700303,0.5090632083534613,0.2176372937629163,0.30677545815043566,0.18468207439963263,0.2572247718356176,0.061677380996618576,0.21763729376291616,0.1865607126793217,0.4190264876039181,0.2500872561126594,0.1638325405186817,0.45564111497958004,0.2749683753130949,0.764854690121144,0.7032159105581236,0.5471805088592621,,0.7537442904691362,1.4035336093738817,1.188347040181697,0.8363954808522156,1.4966727575708294,1.2358875578854576,1.0682447124949495,1.4032132486259843
82,icy-sweep-91,run_a1542d59e23dd3f538f316840f0a0c51,0.48276960849761974,0.2536757051007072,0.3721863195029815,0.4645423804392255,0.2003870650811397,0.3239103507036446,0.18125785500876754,0.3101214448503013,0.13636431199137874,0.20038706508113943,0.20684491445026235,0.4547408723444919,0.21518739549408905,0.14756270685013143,0.46170633146058737,0.24740489740224847,0.7800455772286385,0.6738787688805151,0.5187862852259443,,0.7327285195575457,1.3669504253518494,1.2904950797404215,1.0065797241886238,1.5352516784107744,1.3056886713058777,1.1590932495930661,1.4265753840863356
83,wise-sweep-92,run_bcab4dd0d7298e09d2309dde9eab5f3f,0.47894060611724865,0.25021134833969255,0.3530173894040149,0.43399725019508745,0.20613036555205477,0.32981218735895346,0.18012146571641427,0.2887463186704546,0.11967968488722054,0.20613036555205466,0.21680343555336257,0.45124574235721876,0.18664369182866847,0.16693398886866948,0.4105813016913544,0.21821494954719411,0.7825262316312,0.6797165179333289,0.5128210935106536,,0.7232281221189034,1.3061658690023317,1.2235898431382646,0.9383556547727152,1.4411871696142022,1.2084534283427737,1.144750285304266,1.3748823838182196
84,wandering-sweep-93,run_bb046c76838d097f7619880b0fe00dfb,0.42980223894119274,0.2684337143874912,0.5230818061669424,0.461874326483594,0.14129145915912864,0.3640172713106506,0.21106236093028385,0.49998959341471266,0.19448924231726808,0.14129145915912858,0.31927213539535126,0.3891082900602365,0.3551722943676376,0.17351977779906136,0.6170505995541493,0.38457307493092685,0.7649702534226401,0.6951845758124054,0.5182299644736545,,0.6949713185118516,1.8095853501865717,1.7382549617110967,1.6069440938653428,2.1129406696492925,2.0063043842730997,1.1029350738524486,1.630783167278428
85,glad-sweep-94,run_4d5f39dda7b7eb48b99436d5d3a53cce,0.07243126630783082,0.2847746412095396,0.3550102504865078,0.40703429824235426,0.2246171697665752,0.32059733976914934,0.18415527141642285,0.30266512649204425,-0.04811043811080983,0.22461716976657523,0.23589183525994675,0.2929330895151577,0.29245934589226086,0.16607029977971463,0.4244682468298236,0.2545738611613612,0.7638269840993033,0.7197172219554029,0.5380331843472472,,0.7284214514058677,1.5120791828386073,1.2276385036836364,0.9758532503353781,1.5734707258559686,1.3860026679589157,1.0270225844098775,1.422494013445067
86,silvery-sweep-95,run_46f9907643850b2034e2f38309aae32e,0.46107202768325817,0.26372509915184716,0.5290551861217779,0.45088253873880557,0.13001321272487043,0.3464528566339341,0.2176574325629466,0.5080651035975569,0.22102857567537468,0.13001321272487054,0.3009624881413698,0.3796737533525916,0.3568468813865097,0.20262831359278058,0.6247276507262054,0.3554427513672547,0.7670790278782912,0.6889128278755825,0.5311636048197597,,0.7099202374059921,1.81458874754267,1.7526665088617666,1.6363159487552947,2.1284847312801585,2.033749552958283,1.114366201615696,1.6432952842719624
87,magic-sweep-96,run_43aa4c0b99ba0b6ef026dfe02b04e5f0,0.4151242971420289,0.27084446518208566,0.6019585193510454,0.5753780981754673,0.08199935630314734,0.39388425976812047,0.21945859704839832,0.5818009636497977,0.32986511092118453,0.08199935630314738,0.3493761015761359,0.3211316005975849,0.4572971571804083,0.30481712053975246,0.6500999198145913,0.40326427237369344,0.7601108474275241,0.6563588539437952,0.4928628057698763,,0.6616752357177064,2.0728434899544763,2.006977147446581,1.8819927418191147,2.513006795037005,2.414361729689479,1.2229584260806912,1.9449609747887242
88,scarlet-sweep-97,run_645d0881b2ea20a755b5aebb9705a2ad,0.2708998322486878,0.26601794642162807,0.47163685179981896,0.4110698227490616,0.15166852999966127,0.32313237778302667,0.2133426652718931,0.4483573205124202,0.1253427966259153,0.15166852999966116,0.28130269149008347,0.3368576421869152,0.3358447821659493,0.2064812863816791,0.527384056887712,0.37446585483933514,0.7702016868699857,0.7193624291895373,0.5375158803354597,,0.7228991470596275,1.710256896944544,1.5697634047045972,1.4392598021420913,1.9360221890660936,1.8318006299454621,1.026778109994199,1.5291494554064229
89,dry-sweep-98,run_2a23bdcce97cc6bfd245a17c9fa7e8ee,0.3653478622436524,0.26184867709736576,0.3963348006618589,0.43837092638697917,0.14093827285970797,0.28599937169722045,0.20962995853307928,0.3566961173030294,0.199806770465609,0.14093827285970784,0.19441995414792868,0.4062683903744519,0.28697237603192627,0.22318785982611292,0.5426346293811896,0.2949168109580085,0.7764401865760455,0.7179651010071026,0.5642488964502854,,0.7613168646068301,1.4716538815960887,1.3533464231141163,1.1645551365345663,1.694091146544682,1.5474452939843606,1.01749440142061,1.4400323360145728
90,easy-sweep-99,run_c7cd8315ca9254e91991dc570fb6134b,0.2536693215370179,0.28841710755059186,0.4167837407511475,0.48256103452119936,0.1963275400616594,0.35168429578249816,0.19144020409852716,0.37709302446588194,0.03912898071420586,0.1963275400616593,0.26529500218658736,0.4326405696749438,0.43024720081571016,0.0803226596005066,0.527094236893797,0.3742417999905158,0.7590982509780629,0.7113893951608828,0.5229347775145186,,0.705415030346586,1.589641940563466,1.4328769819880618,1.2083757362200223,2.0243252149253874,1.8721453069024263,1.0576321153609891,1.7785785958777476
91,blooming-sweep-100,run_1217ca98399f2782d4d749be6e9f2839,0.940331816673279,0.1988304973772737,0.54509693734195,0.5354761993236966,0.13265914557712508,0.3900949547910425,0.15559753255517,0.502377904738118,0.3811675523020325,0.13265914557712497,0.30965037210959306,0.5425622783321092,0.2899000297246579,0.4704340793240324,0.36111651426385327,0.20609233204758767,0.8215248497765315,0.611673764823498,0.36450465154347544,,0.6487859111648036,1.805990521331549,1.8159226408977842,1.6411382899548095,2.157238363956829,2.012321348084781,1.3941593762625308,1.8165303982104686
92,honest-sweep-101,run_bf1b36edc019b8e3c6b6dc96605e4f0b,0.17262279987335208,0.2908654871297014,0.4403286399633689,0.43612277507339,0.22121574008198666,0.35232896873375164,0.18439107846604982,0.3967978937071379,-0.008728772620861214,0.22121574008198663,0.26884109318447375,0.37779958256816437,0.3789417658484992,0.09677510668411922,0.4584426022272738,0.29737004742571066,0.7576128180242725,0.6945601309303613,0.5122072695492735,,0.699904397169057,1.677393578724751,1.4878504354473316,1.2682909547077716,1.9498116532544891,1.7879117737460484,1.1088861213125043,1.678599116807131
93,bright-sweep-102,run_6ffeaeec89a24a48279975890544021e,0.12795150279998782,0.28377120695580627,0.3838937279510474,0.45948496897179575,0.19975691974116613,0.3352774861028936,0.17997095057835436,0.33648132538270203,0.02600423618594643,0.1997569197411662,0.24900512230467067,0.3618927911695229,0.28338802691964027,0.08816801285530336,0.49297586921511566,0.27406142481889323,0.7672879475298133,0.7086733272946487,0.5377121252922373,,0.7202729761984614,1.5637579613806416,1.3286822337224562,1.079473291316042,1.645364460238243,1.4515820043904089,1.0566822042423236,1.4347142605995817
94,fallen-sweep-103,run_d784bcda001130fff8fedf0eff2f0fea,0.48149317502975475,0.2515584588253297,0.5461375958706671,0.4191260079521384,0.13734627502795,0.36441015543088245,0.20942425451106417,0.5177588377925552,0.18384675411541768,0.13734627502795,0.3199316194543123,0.34194593836917786,0.3169122560206586,0.24647532696953256,0.5480892223944974,0.3176857596306821,0.7714811811903787,0.6569310768124511,0.4899891556096593,,0.6760299773868115,1.8512640747112612,1.7948846773490468,1.6608432462153868,2.0984808545029288,1.985046896229964,1.2203666549510996,1.6344129417774098
95,winter-sweep-104,run_937b976e3d3bff473d331f46f2531ebe,0.1107209920883179,0.2865457026673791,0.3453321261694401,0.4601426925792425,0.2094123725310838,0.3267119886562506,0.18464193702948353,0.28208090079402237,-0.038107093753483555,0.20941237253108383,0.23347372704375752,0.3412741783408295,0.3072811001900526,0.06523513073460396,0.4872023444148293,0.2728220772470667,0.7634341365124397,0.7104938636381917,0.5392509422233429,,0.7231233708845055,1.4815840256608876,1.2191728798239725,0.911724268313621,1.5972861181774978,1.37701908986632,1.0518512879305286,1.4735438793416953
96,proud-sweep-105,run_7d4090d3beec48ee5e973708816e0163,0.5006381869316102,0.24856822474920415,0.4528685752344083,0.423046337928728,0.1552817020699936,0.3277144667884296,0.17902521379421094,0.4239070483802151,0.10595667199286544,0.1552817020699934,0.26580715470046107,0.44182765746503455,0.33504265989196275,0.18406048803328753,0.553491325572007,0.29227602462060426,0.7879808482886749,0.724817006281099,0.53422046430307,,0.7189100186904414,1.5745570452461501,1.513820937475205,1.3565576656294884,1.9087377013013638,1.7865817870472744,1.0095342970337384,1.539735457316714
97,hearty-sweep-106,run_946b49512759b6b598e83da84cf61674,0.26515632867813116,0.28069568096811337,0.4170074823348216,0.45540113708149066,0.20708151234881592,0.3360476637036656,0.181812252433955,0.37008418927497305,-0.005131730519118644,0.20708151234881597,0.25420460064186645,0.40400580927562874,0.42725504147439697,0.06439208675201395,0.49827850061901957,0.32405421267528084,0.7637684767122822,0.70392998582206,0.5282143572403919,,0.7161267208446807,1.576812550739365,1.423071559761326,1.184358518906488,2.0044870674611883,1.8426993354109593,1.0746913781463905,1.7742032853311396
98,worthy-sweep-107,run_b915462cbb7ff83f8ea9757cb5e593ac,0.31684756278991705,0.2817242010781901,0.47207913167452364,0.5099290253056371,0.17014940542738086,0.37392590236673706,0.18372881185858597,0.4341159085469284,0.08078852513841918,0.1701494054273807,0.2995788188687278,0.4515172174665813,0.3566758496866469,0.118651683001841,0.6080389608139339,0.38782737790379523,0.7642104979235748,0.6842349771372767,0.53161699893194,,0.6872359586680261,1.719102070541757,1.6024928087039967,1.38738937672027,2.0144740849643297,1.8479642636374516,1.1278540781563602,1.6619799814254026
99,smart-sweep-108,run_894ea83b96092fcdc943ba9baa6b3bcb,0.3149330615997315,0.28131028444852507,0.5084969768869742,0.43412730853554304,0.15769471829793005,0.3610082778501444,0.21550004891741975,0.48489484145567313,0.15795028055442017,0.15769471829793008,0.31122892437838157,0.3476739082488696,0.3259117487158755,0.19916142557651995,0.5645167463881974,0.3597480011892495,0.7527437306857294,0.6993849681040127,0.5253883319572912,,0.6948712365292744,1.8009650149676288,1.6891695448310522,1.5564763521858769,2.0189157611475173,1.9092788519069102,1.0909105702007602,1.5533232025566552
100,usual-sweep-109,run_b97d50b472be564c2a389b7e0c6f6701,0.26005119085311895,0.2580857986458655,0.3881135982849947,0.445174835569098,0.16018142087610532,0.3052826543999514,0.19757871314574144,0.34667457567148496,0.2447958084054848,0.16018142087610526,0.22212685947610786,0.3874213512171574,0.28407400721347664,0.2364865008673073,0.4712100528354976,0.26518149922008644,0.7868325126393142,0.6998571880119097,0.535715609621044,,0.7437713022889878,1.5006753566708302,1.3308307801609902,1.1405239804016676,1.668565896103155,1.5211168706203606,1.0778949154246942,1.4747403272824078
101,golden-sweep-110,run_38b97bd413aee1ebf43ead45e2cea10b,0.37938743829727184,0.26705148370297344,0.47876015942888667,0.5358626583924788,0.16471948368736664,0.3690179689917767,0.18381159518451914,0.4272163425015349,0.13332094682471812,0.16471948368736658,0.2869270147588789,0.3797906112491553,0.30556176273975094,0.16996349860060236,0.5788200687917494,0.31475456876470664,0.7703928118286762,0.6550643218543954,0.5124550150894658,,0.6875387524857123,1.7217495877642623,1.6280596383950876,1.3699267171605949,1.9383979451874547,1.7272833056931358,1.2166453031796225,1.608426001246199
102,decent-sweep-111,run_902ee9156e0730ca1a00a94df08ccea2,0.5695596337318422,0.2500533074447296,0.5242057173779566,0.48319646241313946,0.15328454788765797,0.3702020780763645,0.19157817630841562,0.49786665001613034,0.21193935565382163,0.15328454788765764,0.3221174271390942,0.43623214440799557,0.3872745259465691,0.17134842341623302,0.6011337614060843,0.3732056023024655,0.7775131095160364,0.6786872439517906,0.5082889111141716,,0.6842451011880936,1.7795151225878976,1.7446838737060655,1.600103902906138,2.1825206000547688,2.0687694048851557,1.1505212224741757,1.7444693846143866
103,noble-sweep-112,run_1e83c71f3777e59007b33b6bc912dc08,0.4125717282295228,0.2729893058994408,0.5378487506894363,0.5222771357437478,0.13135904732865808,0.37072280544206876,0.2140275091500661,0.512748066976783,0.23953030359332614,0.1313590473286581,0.31718610780459644,0.41358043791831306,0.42385120081026423,0.21679745447966883,0.6507114713432447,0.4380253632012752,0.7638504717350526,0.6787671192674734,0.5214416746978835,,0.6931821802583656,1.8736750431112157,1.8000303758098153,1.6529635031956296,2.2923040097287757,2.1787236314129808,1.147471266329968,1.8251681090336576
104,smart-sweep-113,run_0c07da17c4a0aac00b4fe5d5deeb7d58,0.6633695960044862,0.23151736819263927,0.5663055581572018,0.4586823232135558,0.1525747874106447,0.3746329378767576,0.1856905258246348,0.5388842059255096,0.25648991118873316,0.1525747874106446,0.31154541436412403,0.43364118961655534,0.34704281609772947,0.3239900392682693,0.4324924995348575,0.30159966717043446,0.7922368281004546,0.6534981288512332,0.4497975336604997,,0.6689765283585432,1.8790235109013849,1.863064576819824,1.7332714501434285,2.2289932719342986,2.1217048118929847,1.2435930832309239,1.7446848270066821
105,lunar-sweep-114,run_ecc4bbc476899562c0eb2fde7fdbe29f,0.7629227638244631,0.22529607581949224,0.5375729761793263,0.505417858868121,0.1349425754649863,0.3567777577697902,0.18490282993545396,0.4994952806135723,0.3529374605180038,0.13494257546498611,0.2776225209908475,0.49340863148659714,0.2878933015670007,0.36972256808096277,0.4161967110794637,0.23562659221652948,0.8004792590679212,0.6319641193051999,0.43706629721417667,,0.6875357584321409,1.7892735607386738,1.7877507043839986,1.6290209517091394,2.098815134038923,1.965370613129414,1.3081310999216458,1.7088532296331227
106,comic-sweep-115,run_d5173e0012e9bac2b875a1c3493a5587,0.5733886361122132,0.24198569604471304,0.4920805885964639,0.48966221991007386,0.14401700714842297,0.35852936613915737,0.18552746775840318,0.448862039898848,0.27140202891011106,0.1440170071484229,0.2727278396596253,0.4359134101613609,0.24027700992560397,0.2728946780321169,0.42780078735280086,0.20889794976221912,0.7880103799913105,0.6455123589061524,0.47141602109991165,,0.6853019260447926,1.686178935386124,1.6491692525122852,1.4570006215547473,1.887215314922115,1.721822648432633,1.2573605284977265,1.5565275198558906
107,unique-sweep-116,run_573d073fb827d7246ac0c706ef9ff18d,0.3264197707176209,0.2652503192175219,0.39477381286878327,0.5423618594626731,0.16442643222549716,0.3302877018695516,0.17836294718674658,0.34649766372160296,0.2268328936122776,0.16442643222549722,0.20901902915527584,0.4673891369405732,0.2485123395748375,0.2262610009684045,0.5048173400064431,0.2518436048681614,0.7857522568481541,0.6914933373701921,0.5319461723142119,,0.7306610727289794,1.518660707712385,1.3867147333588032,1.1330811145716582,1.6763675691247575,1.4734664187886413,1.1030594226635289,1.450507002749614
108,misunderstood-sweep-117,run_00f2b9db23b81b9b822e9baecb6bd90c,0.9026801586151125,0.2062408593410949,0.37503252057902253,0.3486752629036452,0.2971262323406851,0.4200882274300156,0.17125110691341097,0.2945063636269029,0.12404592917394376,0.29712623234068486,0.3152988608699109,0.6266512864411279,0.15538166340835838,0.3765565239600293,0.37806330500721613,0.10465524521664153,0.820297376608355,0.6197259198002513,0.3958031647004483,,0.6166097570939186,1.2399756067788814,1.2532372664189446,0.9550153487411138,1.5318371028643658,1.299221143647907,1.357729947138783,1.618441186181366
109,royal-sweep-118,run_fb65ca6f39b54646b73cde9c84b9c8b8,0.5038288235664369,0.25481962014996323,0.4760440406689355,0.5606629259410649,0.14060541382931874,0.33263565220712793,0.1869874645975851,0.4331272829446474,0.2909144959310318,0.14060541382931865,0.23942233561814155,0.4342740822726043,0.299057347466747,0.27850376187891746,0.5788501630019257,0.21875957779716826,0.7813064022598128,0.6580487191588558,0.5168915884152734,,0.7179526600132589,1.6812816656980274,1.6264855492448247,1.4126528194038215,1.9508886530386933,1.7765413822431646,1.2043784337679977,1.6158708817162166
110,absurd-sweep-119,run_79e38bbbd55a003838cce9446e678286,0.3353542089462281,0.2691009981662239,0.4482948810006973,0.45581360781836416,0.13209252295287463,0.2849493421139817,0.22260687201948667,0.41696065270102917,0.24976403701088787,0.13209252295287463,0.21567233464372645,0.40502835494206063,0.3286032985648791,0.25286211410145903,0.5864401693575841,0.3406019105441098,0.7674943213874234,0.7005086998931249,0.5564924374364754,,0.7559042843128136,1.6307063119863678,1.5132297894241789,1.36033001608542,1.8967479777062808,1.777156787679433,1.0713114565966315,1.567002467249914
111,gallant-sweep-120,run_7a21eae120241dbdc6f43f77eee7f1f1,0.4834076762199403,0.25088114070405965,0.4921066050596817,0.41166065920998834,0.15776840464816885,0.334757538269174,0.2012111451442562,0.4644979342928205,0.15785366578722468,0.1577684046481688,0.2879840601299791,0.405871811084977,0.3258145474263448,0.23359512179548578,0.5794294660906402,0.3345904700455928,0.780454531948013,0.7004950734802845,0.5270692084501702,,0.7156089249465858,1.6905683170943846,1.6291393287671339,1.4909684820128497,1.9836695172437906,1.8718538445781732,1.0811548252835559,1.5651663034132515
112,dainty-sweep-121,run_f4aa371d9d1a7b9150cb18ef361c0b74,0.4444798827171327,0.26310046132889814,0.5485259071940726,0.5151610865445356,0.1253836772029678,0.37758268690643515,0.2082025733071436,0.518065832058527,0.25663483333952664,0.12538367720296759,0.32509368025624785,0.3384781766141349,0.36638095084423705,0.22125807447136822,0.61484285601595,0.3622101532490947,0.7664640706267427,0.6620063712962779,0.49748049145976125,,0.6780272066711865,1.8928286384209534,1.8285019842680041,1.6712665295158224,2.202110834960427,2.0734040695575815,1.2039359689015232,1.7191086179159618
113,apricot-sweep-122,run_9470bb670af3aa6a33eb9d5d59f8e46e,0.23133367300033575,0.28259217170766954,0.38567845732779693,0.48677120879937574,0.19016414269742862,0.30884043837760694,0.19778692575339105,0.3302737972589054,0.1672884693991307,0.19016414269742857,0.19245943120669234,0.42094962224088883,0.22963027902666236,0.153430386616863,0.5209129653271235,0.2598159049259394,0.763810822980385,0.6880473212332341,0.5501302722706336,,0.7490099019564833,1.5216020690202328,1.3432361183700934,1.0760636187284869,1.5913275552678432,1.3733000509764142,1.10964536549571,1.3997688936488346
114,ancient-sweep-123,run_9faf1a1881792ffa6d850fc9e54f8134,0.17836630344390872,0.28533154722036164,0.3134983817759879,0.48220430307309264,0.21916692075752955,0.2991726827047577,0.18272036043358414,0.24368060108436634,0.03944112073129977,0.2191669207575299,0.19305655270688582,0.41393983167873777,0.26876848582624757,0.11841394502442289,0.4655037431652727,0.31110811922370935,0.7655645124622181,0.7012644373879491,0.55238876459407,,0.7649431425477999,1.3749237342413814,1.1387481879252335,0.7929342252481606,1.4847492959630626,1.2395473859154025,1.0713286981921497,1.4336939059401395
115,serene-sweep-124,run_bc8923807e98893ebd01ab3ef4294c0a,0.3289726376533509,0.2618361341691941,0.5169054977990073,0.4018802720077292,0.17826337364908362,0.3768811081203068,0.20025035684630652,0.48479077560280126,0.18004533462153027,0.17826337364908362,0.30725798844889507,0.339400610581668,0.3814921906350383,0.29793314816588445,0.35778133627473263,0.2803375541865207,0.7706562999881046,0.6822539018607854,0.4718173988975301,,0.6655334135738131,1.812097792779215,1.7035195480927332,1.556514532226316,2.1357197150207976,2.0204101908835628,1.158102422788879,1.732201221585968
116,frosty-sweep-125,run_eb8f6b2daeb25a7470db44a8bb215135,0.11582642793655398,0.2928748642228025,0.4429823192115972,0.4411355951098063,0.22811091913134807,0.36335544865573605,0.193795766009166,0.3908765466787383,0.02793653152985763,0.22811091913134826,0.27087489213226174,0.32734476649084493,0.236656337378359,0.09791399291255631,0.4004786607049762,0.23756234814268629,0.7524167123109866,0.6713697633701239,0.508144727713067,,0.6865288103817577,1.7142627774495864,1.4975679118848875,1.2514719318274607,1.7086584260985822,1.4976601625610464,1.1760941363230402,1.4352704915324708
117,fancy-sweep-126,run_c43db287b67f96343b88bb9c2e8f72d2,0.2332481741905213,0.2777079554776221,0.3852569906236667,0.41342202073501527,0.23428109225192265,0.3317984348556814,0.16369273839716428,0.33573205124202593,-0.052424659061350506,0.2342810922519227,0.24258255828365766,0.43544393293598205,0.3785250447059476,0.0886651980972449,0.41130507804148947,0.31890182042899634,0.7780751428384033,0.714181315600488,0.5407982221559267,,0.7197664054917997,1.4976834170994993,1.3161568918667046,1.0755016317018977,1.8337268048400777,1.6694276835413449,1.037805433845878,1.6453951347019373
118,effortless-sweep-127,run_b1aa1ba2edc1c59661ad150082fa00f8,0.35832792520523077,0.26713677561454074,0.42097239132923325,0.44692876518895597,0.19048175627604436,0.3459921532310432,0.1650122544408237,0.38259290479015123,0.04041098435583993,0.19048175627604438,0.2558096569981316,0.4442237521448454,0.4432680740202352,0.14047781715246513,0.5257212285076096,0.40664282116860945,0.7809417844121328,0.7112204456570732,0.5328173420303766,,0.7145423507512624,1.5439125348734235,1.42943517539397,1.2217345864507185,2.0555338805748846,1.9169167987337277,1.048895823134546,1.8116614091288554
119,icy-sweep-128,run_461359d9ff73bfc75971277e17173d7b,0.47766447067260753,0.2581259360160148,0.5270311052834235,0.44107242391587087,0.13430396042958295,0.3531755404690132,0.20196372083455638,0.5033873435109738,0.19375348370554815,0.13430396042958295,0.3069477347190295,0.4089064430542984,0.3785827652170844,0.19890431950962548,0.6225309108625776,0.37299547572629477,0.7771239899461346,0.6872803397562518,0.5285669639927253,,0.703017962729198,1.8013875617699315,1.7432130510485044,1.6162666652046394,2.1630553044318774,2.0621189203672934,1.1179707877785627,1.699963291077565
120,deft-sweep-129,run_8638990614b652574f6a75d7d131f0af,0.4527759552001954,0.2669411059350627,0.5525636622854944,0.485463193489651,0.1497552258020802,0.3636368597021721,0.21399489753681994,0.5239247395752032,0.243926275500725,0.1497552258020802,0.31534173512906344,0.3689939651950341,0.35728520450061874,0.18977088188657962,0.6192907707504235,0.36780334245777313,0.7611450757681735,0.6660669488018809,0.5169914198754492,,0.6921936849157823,1.8943058560390422,1.8330843065867386,1.6882728367893902,2.19291923758433,2.073393807011526,1.1855217375183733,1.689425493367919
121,trim-sweep-131,run_4f18104d15d26fd3704cce0512f9de8a,0.1483726501464844,0.2961084311054584,0.4790047141831352,0.4596187432648358,0.20845190906934993,0.3669140121653762,0.19941750641570785,0.44685877223106785,0.04947419270930113,0.20845190906934988,0.2943863563193933,0.3878401348683707,0.3250319330122596,0.09118688077983157,0.48932917058897224,0.31475548303219053,0.751119445700748,0.6933153711867137,0.5230173521775152,,0.684742997400078,1.7974909441428462,1.610398942569435,1.427950510629787,1.9515576718218413,1.8039499031363928,1.109057524268008,1.5637139074502775
122,sandy-sweep-133,run_d4c3138878b857b36778325b46b12d93,0.26643276214599615,0.2906597831076861,0.5490878627995797,0.47887852551001436,0.11617796524036998,0.37179622098484516,0.23221977217025294,0.5228112349494762,0.2481996209728362,0.11617796524037007,0.3227402731947796,0.31613630148251043,0.33796096995100083,0.18609456310059702,0.6261567516396679,0.37691373696872194,0.7423971119401698,0.6725330704749066,0.5184361010358801,,0.6853646215653901,1.9448445555841984,1.8244951527611557,1.6878521701653342,2.146050344722092,2.03115594378292,1.1707300867613402,1.6270705134323684
123,prime-sweep-134,run_601bc48ef2ae58d2d8c963b10539e8e9,0.17007023096084598,0.2789772998085949,0.515292477079496,0.40495708074764963,0.15993918758681439,0.3393692494899912,0.22753122561968342,0.4891511348381256,0.1280294303444688,0.15993918758681447,0.3026829152313536,0.3288804484399633,0.3712249219345236,0.22953420808990202,0.5769527831101313,0.3745305015498426,0.7573529148173315,0.69462573381294,0.523000696245061,,0.7170699208679665,1.8729754478188632,1.702081649158871,1.5687097630857616,2.106183674114355,1.9999445116060215,1.104056324751231,1.6606830212071348
124,golden-sweep-135,run_75c9a345578b19bb0772b99241bab26d,0.4061901569366456,0.2613118397716183,0.40828676386417323,0.4737430790383112,0.20657502456211677,0.3633071176726917,0.17007458025090869,0.34930223845649505,0.04541265653450254,0.20657502456211682,0.2768897609253358,0.4219746680328062,0.2791764320545826,0.10948631995658142,0.500715172516249,0.25104775381534655,0.7758377003290264,0.673277708959195,0.5159899243642898,,0.6864444142449453,1.4980064920161118,1.399891852254423,1.1185294855873156,1.7114735974810187,1.4901519677517883,1.1627506372994125,1.5236251905919946
125,helpful-sweep-136,run_afac8a49fd08de3d5f47478f68401334,0.2874919772148133,0.2740404032802265,0.4728232025225564,0.4887146520010405,0.147811430700952,0.3131091555252058,0.21638808823197406,0.4350160781742688,0.27258741778454926,0.14781143070095207,0.2366339497092734,0.36752002404384515,0.25547752007196256,0.21065904713256497,0.5470220853099677,0.28267761197076874,0.7659809085464906,0.6705214589593977,0.5446148859472234,,0.7340058472368659,1.7268837546432065,1.596733528847989,1.4189847031467084,1.8389382254389461,1.6869064652782446,1.1609055204141396,1.4764272627397579
126,zany-sweep-137,run_815a45aed984228c1503f50ac462cabf,0.5733886361122132,0.2376508600685847,0.46859292560332183,0.4542937832113262,0.1543576582986076,0.33197538861618264,0.18887392099460384,0.4246042895944554,0.24740440711976472,0.15435765829860745,0.2594711187297371,0.44434512472901816,0.2227468720058062,0.23505964733050258,0.5065652083836468,0.28773196285589786,0.7913612423941512,0.6496183430893363,0.4996724342907801,,0.710481541003273,1.6075364370730327,1.5680095892597725,1.3783215612164963,1.7909526486113188,1.6274604891276399,1.2335034897309558,1.5067807327994818
127,deft-sweep-138,run_70b4b106ec94e96d56f95e5b139b4f5b,0.32067656517028814,0.26720701601230207,0.515178004641337,0.5485154769425143,0.13241352440966223,0.33749291600309006,0.20151217542037633,0.48260539269249564,0.33685481773252574,0.13241352440966195,0.24534599916901884,0.4099249471745452,0.2817865639612403,0.28488288690951274,0.47211935735281124,0.2197053432265806,0.7789784370399218,0.6566720438654285,0.49639526564879577,,0.714306701375053,1.8483596301089802,1.7396415097697477,1.57580391408038,2.017321486619012,1.87786883820245,1.2170493475573145,1.5888494303270082
128,usual-sweep-139,run_9532558a418bb80e205a87ea166c7454,0.31684756278991705,0.2733154220319042,0.3909858158242536,0.5330311025231317,0.14168868787478403,0.3045506738664241,0.20141935775190595,0.34550903811932193,0.20789268328936142,0.14168868787478392,0.19776102823386893,0.40916396291400997,0.28615199987123946,0.21515372090795903,0.5390224073717628,0.2376409863357797,0.7716111897314158,0.7106409871635359,0.560568924059233,,0.7468611027069968,1.5098074349004489,1.3738713760520214,1.130289378727338,1.708817866364409,1.5198980301766851,1.0404554302108715,1.454332645829841
129,lemon-sweep-140,run_febecdc30efb00bda8237732fca3614e,0.2977025508880616,0.27923568412893124,0.5506956802264473,0.45337222697038376,0.1504378832537182,0.3717993391127835,0.2269065877967343,0.5257823150489631,0.20623908438928332,0.15043788325371796,0.3283232812683923,0.3274629433062383,0.32515096543265326,0.19677468101182308,0.552194309280618,0.34301510121126794,0.7506635461748442,0.6662401832810215,0.5160742227721712,,0.67364877094954,1.9316897798088377,1.821037140115416,1.690707422263757,2.1258786473417732,2.0153598550238394,1.1875643046313422,1.616630055138923
130,solar-sweep-141,run_e84126791543745017c4f867e19d0e55,0.40938109159469616,0.2700893809061513,0.5017535096208883,0.47346438259447804,0.13338584544499782,0.35088059830638885,0.2151814585418596,0.4794313841799091,0.1958158373899149,0.13338584544499774,0.3065345827671983,0.3825072877210025,0.374341625314533,0.16837872064191384,0.6269282012576621,0.38997600695177354,0.7658602330339053,0.7063000643099322,0.5198357004733636,,0.7101873105691383,1.7580003016837713,1.6777015942749256,1.5437588618821112,2.0953907469941195,1.9897666111369694,1.0714362824070978,1.6504409866500194
131,young-sweep-142,run_d3aac7d50edcb012d23b6aac82407319,0.4834076762199403,0.25788762038075314,0.3953201585963598,0.5640890342239233,0.15319731002473153,0.32652957817185724,0.17882703552909823,0.33937435609253547,0.24129166511835295,0.1531973100247315,0.21111363159786128,0.47414599450636413,0.2764561402366523,0.2538303057391267,0.5896855343742867,0.2687907794957997,0.7831730625732835,0.6742992934493355,0.5334498112443895,,0.7339371068617468,1.4655525734161403,1.3955223900761453,1.1144282444482208,1.7323414686970235,1.5150823525430777,1.1513003526003829,1.5424061478291926
132,splendid-sweep-143,run_e8a022f35013b53f02c03a40299483d6,0.47894060611724865,0.25836676023691085,0.507321032749524,0.474716658615436,0.11958955855947423,0.3392686898639795,0.2038451600603063,0.48678883997793815,0.2196165136932853,0.11958955855947438,0.2915348283197734,0.40083602742671465,0.3591420567433219,0.1855824793282891,0.646360480967996,0.3640719773082668,0.7779708959110792,0.7073863231845996,0.527266854989299,,0.7175187447382922,1.7523142128684859,1.6928838092033245,1.5682531714099837,2.085856212253821,1.986040925150479,1.0625446757894528,1.6167689181771192
133,volcanic-sweep-144,run_7a9c505aabbc2b36a16a68bdd33c6128,0.28685390949249273,0.26895299161379826,0.28228382920712236,0.445516703206867,0.20081309076125622,0.29442455338663776,0.18716808276325717,0.21390215728513012,0.09535505926944363,0.2008130907612563,0.20286540366894534,0.4242926883144234,0.2443828690019859,0.1580870287009546,0.40733902088967094,0.303511557337729,0.7743517124741094,0.7357814129235807,0.5710568335137538,,0.7608744560935963,1.2263376702853157,1.0332775265400316,0.7082837054781637,1.3674458334682513,1.1418894290004058,0.9659316783837293,1.3172963477980963
134,easy-sweep-145,run_2a71eb3d6f1b560df8b348ef267edd85,0.19814938306808477,0.2851735063253986,0.32054884330804545,0.48583478874809544,0.21697496358030968,0.30105759104348934,0.1782325007337615,0.24938861311437888,0.03037048047266917,0.21697496358030968,0.19512698965794908,0.4270900774873924,0.25555612474683126,0.14255296959635624,0.48715077003646856,0.2949128634120421,0.7661809140658637,0.697178884015103,0.551588918789463,,0.7648448309563372,1.3807662594708991,1.1596874493280882,0.80909578784782,1.4834728148888314,1.2290047218372235,1.0829358917142151,1.424277626710456
135,clean-sweep-146,run_565a96ba3d7c2a3a4838458590e66106,0.30216962099075323,0.25890108897702385,0.43156109185892855,0.3758723198691984,0.15952671341938549,0.2775227408968204,0.21472991312767925,0.3993318972245639,0.2059269443721896,0.1595267134193856,0.2081584258442916,0.45994740585663,0.4284434943230028,0.35748023284274605,0.5158431681107064,0.3846445245188835,0.7803128902170078,0.711366643915185,0.5618283837155333,,0.7678717586004749,1.5781942208666042,1.4390133893685797,1.2973721453075768,2.0605197271772586,1.9642190546689495,1.0360255469678257,1.802312665792087
136,absurd-sweep-147,run_65fda312ae3da2d5c89fc6e08a994b63,0.47511160373687755,0.24575610025311628,0.4904935843401706,0.4317490988814982,0.1328725819019548,0.3567902302815436,0.1934219867496505,0.4535814263265795,0.16444576567202984,0.1328725819019546,0.29796986485253996,0.3479264553453949,0.2586176903758793,0.20956102544456154,0.4774181504781936,0.2812575404754183,0.7822348915052854,0.6629624737654681,0.48855031854249914,,0.6824414714376466,1.693444618434668,1.6286936200480697,1.4566453164343696,1.8672018229033023,1.719190308650649,1.2020588005765864,1.5095512907853612
137,decent-sweep-148,run_ced83fb6951c410eaddc89e2680b308d,0.6116783618927003,0.23269640344077602,0.47207392838188017,0.45010962060124105,0.14780465494460818,0.3235618999065341,0.19033642641942033,0.4370453623052667,0.2549031994351754,0.14780465494460845,0.25933314156846515,0.43480929651901024,0.26767908034757953,0.24300631059179092,0.48558541618369233,0.3492452918911848,0.7943857353018386,0.6601354149918834,0.5011791337190346,,0.7159560153207599,1.6068386053860966,1.5764784252602606,1.4181995922400426,1.8573950353102382,1.725086135621602,1.2025717624790844,1.5526786324916375
138,glorious-sweep-149,run_6a4e1727e41a019d07f94bc0cb71f0e9,1.1815571784973147,0.16346194851880558,0.5159532952452313,0.4942700011147858,0.10455246129349192,0.36318551068309607,0.12973652325082588,0.46906122194124444,0.34928096317490964,0.10455246129349176,0.2873167807511725,0.60769293522866,0.2670721569812419,0.5117885685704859,0.3855559295489804,0.21657520457133206,0.8556022060153257,0.6224565114906879,0.34411525623703376,,0.6682057608769268,1.7144514784064446,1.712629753145642,1.529383227314769,2.0682345815095746,1.919246380427516,1.3698271340451915,1.7946921713650075
139,glamorous-sweep-150,run_47ef42cc740c5b1970e143b89d5cea29,0.2996170520782471,0.27697795705803113,0.5117230183259968,0.40503139979933844,0.17306043974658672,0.3458596327936634,0.21771011286126765,0.4849780941379705,0.1429081044925868,0.17306043974658694,0.2978747619504201,0.3248333542347726,0.3572647739375127,0.23678170460471012,0.5312585852428456,0.32928386910489776,0.75565815161369,0.695567767688207,0.5162546428084762,,0.7009598188212297,1.809196281062301,1.6909676810531111,1.5555892573262107,2.073001487937547,1.9641337551536193,1.1047634815563956,1.6304802423843578
140,rural-sweep-151,run_550d2ccb86b539447a72c1b0469b4e32,0.15985965728759768,0.29718461434258747,0.44050034862060716,0.46191891791460726,0.22849374936477287,0.3729203061066197,0.18578836066437396,0.3930150999552515,0.026922076474304345,0.2284937493647727,0.2846476632359463,0.38269718619897003,0.35860335679830263,0.07434834892358122,0.4674603810343454,0.3063614709982459,0.7519354440036257,0.6887764874572533,0.5227999483447823,,0.6786187319863567,1.6910382767782282,1.497362131576099,1.2569211594560763,1.9183435149786126,1.737181421000923,1.121542090532439,1.641890723896768
141,toasty-sweep-152,run_583922142e5b2d4d82d41086677bd5da,0.31429469585418707,0.2685967724537229,0.37585984410935247,0.48093716324179697,0.15928109225192263,0.30061481687624386,0.18842739275169273,0.3298627371400624,0.13087213407156936,0.15928109225192272,0.2054027802787763,0.40300661376546687,0.32343278119285807,0.18055848205259176,0.5241349724267558,0.3082271884661955,0.7750143372843638,0.7118609328894758,0.5611183270537478,,0.7544849018591193,1.454028384612844,1.3100194675266055,1.0680480566673891,1.7196669273379677,1.543317850292772,1.0360872990385157,1.5213744532199307
142,snowy-sweep-154,run_4bd393d446cbc2ffd3d90e5bebf81119,0.24728775024414068,0.2718554251927221,0.5049795510599108,0.41931923748652955,0.14040722295626248,0.3341572986410419,0.22585799900158302,0.4821370963545732,0.17207461632789545,0.14040722295626226,0.30102251210418285,0.33757548420036504,0.3550601424553996,0.23480935202034714,0.5913615431105992,0.37593277032950495,0.7631590017111105,0.7003749439087119,0.5251098016766407,,0.7166542687453484,1.8145103537168097,1.6732535567031346,1.5508653410627182,2.0565862860462487,1.9583036008350172,1.085986234402238,1.6152819531725615
143,tough-sweep-155,run_e31e1a5f5d9c2037c4f554e2312aad4a,0.39597958326339733,0.26521269043300694,0.472401735818426,0.3888930177250937,0.2379442355252905,0.38398966028775644,0.20010485887951523,0.42339712570114385,0.09934599234513758,0.2379442355252905,0.2928155993704501,0.38864037313217653,0.24840951849033188,0.25159084378890917,0.35288157166078477,0.2025242752684453,0.758488519356429,0.6500235274076913,0.4666236192391882,,0.6535843956402281,1.6576225273302148,1.5662725019755226,1.3574103437288714,1.812352540627066,1.6352293485425373,1.2520596920745042,1.5488917501202013
144,vocal-sweep-156,run_8d40da42f2f1efaeb0d6354ecdbaf7bc,0.17007023096084598,0.28977676096440064,0.3471168555461896,0.4791274943331721,0.23662550394687812,0.33175789919248283,0.1852941692944102,0.2809517862903646,0.05575415257701322,0.23662550394687823,0.21146520052290987,0.407911730039577,0.25277905331891354,0.10605157019868254,0.3873893027516213,0.23612820271811064,0.7602800379869292,0.6918696106487893,0.5333478892464667,,0.731588176882497,1.457136812864911,1.2322478813387125,0.9092752701473594,1.5280858137150852,1.2819488796028886,1.1066495475422935,1.4287353268149814
145,swift-sweep-157,run_1e3625950159ece37437ef2e4d817ba6,0.22878110408782965,0.28522618662371974,0.4624062106500995,0.5003084240645088,0.14024460480401127,0.3013171751943568,0.2315123510213705,0.4256709645863903,0.2763330979896695,0.14024460480401127,0.23141966026437036,0.3740164032239117,0.3480982214124002,0.22260554012493486,0.5804778654271227,0.3083326173022279,0.7566324622329927,0.6852681365945736,0.5342960883221698,,0.747770867765516,1.7272180351883029,1.5715780391707133,1.3935263365430488,1.9674914858985524,1.8284093809972426,1.125464059940311,1.6333507168079233
146,smart-sweep-158,run_d970ea3757ffcd0c461c0f9b9d42240c,0.23005753755569464,0.2801086719296793,0.3024986211274494,0.4830441083571772,0.19619202493478335,0.2972261913392438,0.18921759722650786,0.23262880750939166,0.09054290067258734,0.19619202493478363,0.20270014288821264,0.4070444062433429,0.2787508134649856,0.15268056486713708,0.4510504657446841,0.25903977600418915,0.7670041251638802,0.7285670323984954,0.5641437186936054,,0.76319878096549,1.3195443016183515,1.1076310922635166,0.7649594347380748,1.4808319621634747,1.2454636086256599,0.9904626871591288,1.395361242929779
147,quiet-sweep-159,run_6b9fec056927d996f6a85d8ddf841f88,0.28430134057998663,0.2719407171042894,0.4622761283340097,0.4377132027795324,0.14559491140698583,0.32138232847762865,0.21075631348289534,0.4395377394815441,0.09037568280628737,0.14559491140698574,0.26285194894689096,0.3067531277083316,0.2926972186436301,0.1264874586299737,0.5885419498579841,0.2840285757272471,0.7621908263631219,0.7203529416600749,0.533328303997318,,0.724803942416606,1.6854701442796127,1.5500118676260286,1.4087300067795323,1.8355789185835112,1.7179445301195682,1.0277939712304258,1.4223830791542384
148,devoted-sweep-160,run_5c0ca2530a2dee16b3da21d1ac97add1,0.2721762657165528,0.2887281721692493,0.4900773209286838,0.4971721600832373,0.15610665040485144,0.34310398722814806,0.23045372788368187,0.4683171510932117,0.24517111961651353,0.1561066504048516,0.29142569384193134,0.37519876820691184,0.35761746662203714,0.1980976705083591,0.577524441391189,0.3328547417384768,0.7493210920732309,0.7134339292833797,0.521594728428673,,0.7126380857827099,1.782881193415449,1.6529676098013502,1.518692641277399,2.0472472361951914,1.940450119360604,1.0549467510761967,1.6036932295993156
149,charmed-sweep-161,run_6f4c2a8acdaf77dd0d4278eb04ce45bf,0.33343970775604254,0.26583732825595596,0.4000707647799527,0.44602578871093596,0.16249280075888473,0.29832065424560406,0.21250981484129436,0.3572684794938238,0.2162238489836868,0.1624928007588847,0.21126252220691744,0.3753052090161155,0.2645782759054047,0.21010907852589686,0.47462251051008925,0.27890870488792335,0.7683928137438942,0.7017541023694845,0.556724936421318,,0.74508036589667,1.4979345098193462,1.3675432927719837,1.169752468974308,1.6598768397715644,1.50111202256057,1.0675396129654742,1.4229045262612914
150,absurd-sweep-162,run_e9d6129f4e3f1862786288c8ff465766,0.2396297454833985,0.2730796149822768,0.5325257823150489,0.409260153840437,0.1386573838804757,0.32492296275162325,0.23067950059077202,0.5090068995660454,0.18703875738545586,0.1386573838804758,0.2910413845735297,0.3453513501639088,0.3601126461549408,0.2751488256765529,0.6382476684774937,0.3717332012325992,0.7623513872427657,0.6807150309118533,0.5314459541503561,,0.7230012256307874,1.8924835232513089,1.7543954622441642,1.6367885528728154,2.137683102913355,2.0422689287539586,1.1381777857099902,1.6695012076731341
151,valiant-sweep-163,run_eebc783521a70fb7d553ce2be434a095,0.40427565574646007,0.2552987600061209,0.40344249841299595,0.4334695849280963,0.15127723007080665,0.28294984257351574,0.20614553308699024,0.36864287721270017,0.20297647802014054,0.15127723007080668,0.2065650624677955,0.4028270134728378,0.3155271673007572,0.2391028956357948,0.5091112468551625,0.3338045447552336,0.7809520952430454,0.7267853320438636,0.557508729613584,,0.758806035379778,1.473241959303104,1.3713977662135817,1.2011124596130702,1.759473092635653,1.630240740250049,0.9951095702536554,1.485010702770752
152,peach-sweep-164,run_3b7683f142125cb1941186e27530d0d4,0.25494575500488287,0.2710752550604444,0.49255408822703,0.3787670469324811,0.14551360233086022,0.31842790225604356,0.23120379498834762,0.4750398051887237,0.1704953364795065,0.14551360233086016,0.28322735596002874,0.3724007345923705,0.4319642015150908,0.3121063329395865,0.5361283111837544,0.41537997358181905,0.7600454008176302,0.7369966504818033,0.5375358354023608,,0.7242786957506815,1.7676723684322289,1.6257433893575106,1.529428657935923,2.178316999917891,2.1074096430944107,0.9814066087935579,1.7507662082286441
153,rich-sweep-165,run_991080440297268b6d627a1e84532225,0.20708352327346807,0.28088382489068836,0.29464164923563635,0.4585894243989445,0.21197106752041198,0.2941680873637086,0.18591378994609037,0.22679071316328983,0.022217680502397075,0.21197106752041217,0.19593302573001214,0.4005774898173935,0.25593547270260414,0.1159348295714544,0.4305534191922695,0.2848121276141307,0.7668216543812387,0.7269794487784826,0.5521537229216491,,0.7667551574500697,1.3065824940959259,1.075795983399611,0.7412137602541938,1.4093508682474907,1.1740233005870802,1.0001703068235195,1.3525063824554298
154,fancy-sweep-166,run_1f022f2877f72ff0a0681d709a16b943,0.6308233737945558,0.23704629093071036,0.4786144672348664,0.46767864442049706,0.1821967002066606,0.360401022434151,0.18167177163843246,0.42419843276825586,0.2525621493069749,0.1821967002066608,0.26957151465403184,0.4710630166648331,0.2133166491204778,0.2902161351083868,0.3935294985724192,0.19904745315893888,0.7897193936513822,0.62773093342946,0.46386036633206806,,0.6800461856264279,1.6265708648099466,1.601759139495121,1.3770386252764482,1.823951216349457,1.6301536964868566,1.3105366150737408,1.5743798519148582
155,unique-sweep-167,run_5b5c17522addf2a186459e4f56f1432d,0.3289726376533509,0.260323457031691,0.39120435411528426,0.4490877336405187,0.17271402920350987,0.2800219204394066,0.1980202242173841,0.3525542963587359,0.1627438593883544,0.17271402920350984,0.1964576507556394,0.3692496473686111,0.3193131496421993,0.1981417275910141,0.4720849621832602,0.3177770297828964,0.7792122648283963,0.7251569772073151,0.5553074765617795,,0.7668764874534989,1.4772833107809231,1.3415873290900133,1.143959305123112,1.7306273091609548,1.5823581179418786,1.0009423241037725,1.4822617372856497
156,rural-sweep-168,run_d50b955632b6b29856066e94b1de7db7,0.5057433247566224,0.2519046436428677,0.48878170106043123,0.4126936940284641,0.14206474235186506,0.3303064106371817,0.20146200370768944,0.46750023414816916,0.16103452119950953,0.1420647423518651,0.28731833981514193,0.416766511522842,0.35590468514987456,0.23929295831604044,0.5796412898954539,0.3243303948929352,0.7809508272322963,0.7159903633301159,0.5354573041375592,,0.7196047408912365,1.6744196782852214,1.6195207771112377,1.5006944210070892,2.0298976431430877,1.9364195411595797,1.0346000162299223,1.6025086856943491
157,serene-sweep-169,run_e923eab3b40c9dad478d8ee66d7e1352,0.24601161479949957,0.2801613522280003,0.41767870708584415,0.5155289658503956,0.15830453636887218,0.2923081240484838,0.21448156314988054,0.37464747692339717,0.23298279513953424,0.158304536368872,0.21499102368919748,0.3753599016049914,0.25397150836739485,0.20816120209856445,0.5638154957348883,0.3155540238877584,0.7627601560402738,0.6929829629485373,0.5387085322025623,,0.7554540550328745,1.6058716085593707,1.445273510945947,1.22633219129766,1.7082321077236984,1.5274593467025712,1.1007575447042557,1.4286037185446028
158,balmy-sweep-170,run_66e6ebe216a90f14a9785d8970a41419,0.34684121608734136,0.26299008356098746,0.3793304403026236,0.4341198766303741,0.14721262323406853,0.2921358474798901,0.20802697231274042,0.3409301405929671,0.1770056854074541,0.1472126232340685,0.19861071809706898,0.39883998210695254,0.27304959515571253,0.2081852525832987,0.5050871668001008,0.2902966617475478,0.7759213842120621,0.731411742582414,0.5631951630241187,,0.7556046391630311,1.433175597646589,1.3025128332338263,1.1121779720546399,1.6261964597200549,1.4781458271736259,0.9810230435036268,1.3821654954282248
159,helpful-sweep-171,run_390e1483e68a9047343b4e1c537c8c6c,0.2530312538146973,0.27630314752239543,0.394477225188099,0.4877856638549292,0.16865958600128741,0.29098447873865496,0.20822515057785287,0.3543598389060597,0.19815688751811542,0.1686595860012876,0.20821377261519722,0.3875250519034223,0.26252856689795717,0.18082601709074275,0.5111869511713526,0.3469181739188338,0.7674588246211564,0.7103955108769018,0.5454259605185477,,0.7567629101686206,1.5336296728875125,1.3676260801528313,1.1568633539443294,1.65604567986478,1.4867477991858356,1.0485325730846735,1.4041035415894974
160,worldly-sweep-172,run_c0633a94877064eb60619bab0a506a89,0.2511167526245118,0.2745070002082126,0.33751157732613213,0.4549626546765262,0.1953069417623742,0.30504021995274483,0.18656602221101729,0.27526979072356983,0.06749284679127497,0.19530694176237418,0.21138101106857468,0.38930428400972855,0.22464307730429015,0.1170573274164884,0.4563770969256935,0.2559149306347361,0.7706408880112843,0.7176183739445205,0.5545975765665487,,0.7545004456165129,1.3809264222404123,1.192260776258852,0.892802745213976,1.4461642796940433,1.2111986241402533,1.0239056345142408,1.3108348918333084
161,jolly-sweep-173,run_ed49f6c98acf9da2b319f3e273b55de6,0.2204850316047669,0.28528388409330935,0.44948123172343457,0.49130467095239866,0.1452239387471627,0.29731739658144046,0.22539892783049975,0.41315184248592524,0.2487421500501654,0.1452239387471625,0.2158718948317808,0.3908091992188125,0.29292116086820147,0.2123168278900489,0.5891752757700776,0.3010169910754292,0.7580081819532514,0.6888956710230666,0.5428795351969259,,0.7551179285072865,1.6939178381397444,1.5307190960261678,1.34893357263205,1.8436212413026323,1.6957181705156537,1.1114756832361332,1.5136764928042976
162,balmy-sweep-174,run_579e94a8f25a6f8b7e86f679cdb2d1b6,0.5019146203994752,0.24865602524640582,0.41842798122652036,0.4337742930400207,0.1691889419656469,0.3254171860298514,0.17730683263469238,0.37979873664054614,0.07479840957229408,0.16918894196564674,0.2541258679114233,0.44765098682522586,0.40254570376784143,0.11679873149655735,0.552943781780585,0.33499091607667575,0.7880199686944371,0.7175112779256969,0.5391932849835557,,0.7276759923782186,1.4788742128413699,1.4144998094473975,1.2163483540955857,1.9583854311220237,1.8204304722826719,1.0272668315818838,1.6999238009900777
163,efficient-sweep-175,run_1ff69f3e0357f157060f6fad9327a5c6,0.47255903482437145,0.2534549495648858,0.43987075021073335,0.4277098584222064,0.15661906697835146,0.32250173640749563,0.17672233218189254,0.4065384575359287,0.08617665638586454,0.15661906697835143,0.25740302037462753,0.44222781322392973,0.3947503579636855,0.1544085815534911,0.5708126955823284,0.31431881797138234,0.7858629394046025,0.7196065265780189,0.5454279433561003,,0.7291305172633248,1.5478993712920994,1.4771722659730706,1.3005354179546882,1.9899054759788906,1.8625461801859662,1.0191640862875486,1.6782077746063186
164,different-sweep-176,run_6feff6bd2dc525233f90c0493757aa76,0.3742820024490357,0.26380035672087715,0.3919120019148118,0.4737765226115714,0.14357658298607584,0.2839297142781418,0.20768329608083677,0.35729969924968524,0.21934524915462114,0.1435765829860756,0.20099998362982832,0.3993457078691393,0.27165293490186665,0.22741712692483693,0.5089205803898765,0.340941251150106,0.7769835070050525,0.7309324562603461,0.5643000718676344,,0.7601019674944587,1.466948321613906,1.3527767716932197,1.169562072160712,1.6670793947658757,1.522177438755774,0.9816028802235759,1.3830014204198957
165,glorious-sweep-177,run_d9e690898a7f99e5d1fc0e329718f796,0.3666239976882935,0.2677915164651018,0.39996149563443756,0.5117535580245995,0.12838110241555714,0.29339790976293656,0.20605522400415408,0.3636112932263537,0.22318011222176792,0.12838110241555736,0.195518314714212,0.41008469136128295,0.2828205897236798,0.20354563739105455,0.5663914260160768,0.27861188217378996,0.7759920563345131,0.7240013643146508,0.560346410246879,,0.7577270356386713,1.5042436120378102,1.3904301422016418,1.1892854339678667,1.7154507048146816,1.5568798873883773,1.0026102467109475,1.4194021442551423
166,generous-sweep-178,run_e85bfae5c20370f935f1085f047b06ee,0.3251436352729798,0.2789396710240799,0.5045736942337112,0.4525584333543903,0.14850594572619172,0.3470071038749756,0.21788069668440235,0.4818040856253838,0.1732674371075025,0.14850594572619175,0.29615979158432876,0.33137407824140336,0.40565936472106773,0.17094148070108228,0.6025939874526389,0.3665456256137918,0.7554301254931972,0.699534179986585,0.5190352357999205,,0.7096054494664508,1.7905826922371657,1.6818331084854257,1.5488206390678698,2.147833228211951,2.0453533541704294,1.0926749827289222,1.7258515548259854
167,misunderstood-sweep-179,run_a62aaf9846da4d84d99a8b16cb209dd7,0.25749832391738897,0.2821782550780044,0.3983744913781442,0.5168927204488869,0.1596690043026053,0.29283508767006466,0.20847600914128592,0.35153445100059305,0.2227156181487122,0.1596690043026052,0.1881517374598639,0.4212117181076807,0.2453117686069033,0.20250061190392574,0.5856038129507565,0.3258063450641979,0.76264170894408,0.6917751771693588,0.5512674220366998,,0.7594758384372002,1.5509703985719678,1.3906203672821238,1.1527485395166301,1.6595268763605566,1.4659582677623813,1.0989655585815135,1.4240539829695835
168,fearless-sweep-180,run_ca3a8338f6adc6f4dc01888c1d56e66b,0.20708352327346807,0.2807107324819194,0.31004859875329116,0.43905466166251705,0.22749517227360505,0.2982099607037927,0.18281066951641992,0.23900284099778332,0.040496451265281896,0.2274951722736049,0.20426700217723287,0.39860884362961685,0.24312534720162313,0.12364375485532464,0.4309134129777494,0.2790398303739337,0.7666844410363625,0.7069699677659453,0.5528252017525112,,0.7616683828016917,1.3352104219488394,1.1103462735322331,0.7786419482048472,1.4135575616155427,1.171135951270305,1.0550201174163023,1.3705267531159944
169,zany-sweep-181,run_905b4a817524ff6d520a02727f432d8a,0.16177415847778323,0.3035137758980109,0.40606495790536246,0.5324811415406339,0.19235948775282044,0.35554921536208095,0.18822921448658037,0.3536261746433143,0.03539816431942319,0.19235948775282055,0.2720800485804332,0.4522849706050412,0.38158776287150414,0.11148697974864048,0.5578686783662968,0.38594151970189694,0.7505588470897689,0.6942990753238985,0.5179832408148071,,0.7084075529997835,1.623282547149104,1.422864813902966,1.1345474785799219,1.9229216124596946,1.7205467823263418,1.1086440359190215,1.7035770741003433
170,vital-sweep-182,run_3dedf999f96e44e4bc8a51291b8ce439,0.4655393958091737,0.25152835579771765,0.4227415108280521,0.4526439002638325,0.1729723549141173,0.32458230727435866,0.16650235430761792,0.38583975939974824,0.06640035673144855,0.1729723549141173,0.25152768780679446,0.46705336116137647,0.37483591351209666,0.1164409539316158,0.5624445246799551,0.3221257238135939,0.7917953786787015,0.7157284253472329,0.5419549869953038,,0.7301392136300049,1.5091847095865762,1.4336167074878134,1.2332295977232297,1.9214509680180034,1.7769558799277272,1.0301736163548623,1.642551258969649
171,clean-sweep-183,run_ab19037abea59a088e37e87f44dee76b,0.27664333581924444,0.2853516159054364,0.4045768162092972,0.4736873397495447,0.20018379239082565,0.34497174586321866,0.17745233060148372,0.3637830018835919,-0.019701980602727914,0.20018379239082576,0.25708263272896215,0.4475126040956707,0.48676588597348375,0.08136704657919107,0.5194781778373839,0.37550012925090065,0.7643762258674094,0.7192801684085038,0.5273852477874641,,0.712857345595886,1.5441659760512227,1.3937823512583873,1.164155583360722,2.1257769514340805,1.9828153284758914,1.0329179567772953,1.908721538098734
172,vague-sweep-184,run_6c9088f034b2d21e2c7095e4678b91c3,0.39597958326339733,0.266732893327413,0.4858782637653108,0.4305414142915535,0.1439094420164651,0.3337753279685943,0.20688305726348416,0.4619743373606819,0.16506632975363209,0.1439094420164653,0.28156071657698134,0.35111855583492196,0.39022217075573823,0.19787717225893645,0.5764692386855229,0.3393786562335534,0.7673869779782141,0.7111233454082889,0.5292411987087066,,0.7163202759996781,1.7061604394812229,1.6178038254989118,1.4846718076394634,2.074237753692887,1.972162117434931,1.0536697218238318,1.6719428589919902
173,vocal-sweep-185,run_317becb9dd7b6096d427c90bcd4ff045,0.16815572977066043,0.28206286013882514,0.30361732904582023,0.4622756493627141,0.2266177118270827,0.30002003397200394,0.19041920974535342,0.23740022686355935,0.054732265616290444,0.22661771182708268,0.19348139763848587,0.38460179835284974,0.2231299438002979,0.10848003064840528,0.4121168825513113,0.3022564812333432,0.7656542826973186,0.7151186116239161,0.5516478755905821,,0.7602050061895922,1.3518500252898915,1.1023125954249966,0.7764301472046481,1.3684477471140641,1.122675354693955,1.0332045282089108,1.313418355155875
174,stellar-sweep-186,run_db6a999097db8609f2fcb0ef022b58fc,0.43873637914657604,0.2622851709977398,0.4869969716836815,0.43311285347998957,0.15079191652268184,0.3479191562969425,0.20050874116664283,0.46282247406158633,0.1425773847125708,0.15079191652268184,0.2943808995955009,0.4082840642467452,0.3373915724319792,0.18966510232097825,0.5968179514977138,0.35085355003163193,0.7728723668579083,0.7106280949520648,0.5292038858603353,,0.7095853283526954,1.6953654768909976,1.6211233016231854,1.4841086519795594,1.9922450197461052,1.8824393617107795,1.053848631035999,1.5657574514508787
175,treasured-sweep-187,run_113b0edd89836f6c5f700e402089369b,0.2938735485076905,0.27683998484814276,0.4261236510463822,0.47519973245141384,0.1356608056374293,0.2915831593028178,0.22061254644019165,0.38874319669486834,0.21902196127977439,0.13566080563742938,0.2081888275916905,0.3710583402276404,0.3089627008316771,0.1925869169619768,0.5637369124378614,0.30170722479273304,0.7618329574393612,0.7102705728376673,0.5500714332733293,,0.7551621589392485,1.5938139825682311,1.4554273677321052,1.2680115318620393,1.8021160729079186,1.6544505923189639,1.0481367587089636,1.4926299549608357
176,spring-sweep-188,run_4f028de5f75debb229694e1b110f79a0,0.2281430363655091,0.2702624733149203,0.2496643876244887,0.41153060086953275,0.25404004471999186,0.3010061419325066,0.16989396208523663,0.16766049556159132,-0.049418453420534345,0.2540400447199919,0.2312816831030986,0.4095554417794074,0.2266277081018908,0.12823101235513837,0.331857603725147,0.2688882505213049,0.7792725829551413,0.728166100691481,0.5657176592890504,,0.7639049458468112,1.1783223974117627,0.9304419941154022,0.5589334125019555,1.2504008707727907,1.0050803912259898,0.9880579093461155,1.2938463840183363
177,deep-sweep-189,run_c267af9d0f35f222c1ac9b6fea96b69a,0.24026811122894293,0.2693593824865602,0.27626361961849466,0.3955520047564192,0.23169529423721924,0.3019431393779803,0.18197531050018684,0.20817333208454308,0.006848500613131798,0.23169529423721943,0.22892593744567627,0.40285925787697874,0.22115861637439482,0.15782843278102354,0.36480887870667855,0.27575686063472943,0.7748882267880327,0.7413919771428658,0.5684413255714278,,0.7608599078864111,1.2234663078849304,0.9961082976501533,0.6830250928802705,1.2917230633789727,1.0690369541422662,0.9516823497228176,1.257782185671118
178,zany-sweep-190,run_406a8fc590dc09f6f97e94abdd99b743,0.13497114181518557,0.29563430842056937,0.4554650182635573,0.5181412805172604,0.15153470881187114,0.3445967909786323,0.21193785731666645,0.41559739002841006,0.11035264390026371,0.15153470881187128,0.27398054755885676,0.3647870701584777,0.32274692188165505,0.14089880705338995,0.6347058381911209,0.34942015083941413,0.7520322639301077,0.6871064254208304,0.5337818618934487,,0.714655080553544,1.7581891652171038,1.558959223170895,1.335779647757826,1.9039253388025243,1.7259446988790597,1.1215485903697935,1.566029717720956
179,devoted-sweep-191,run_049156f1141a2f06ac2de6c71e34866b,0.22750467061996466,0.27623541571026844,0.3439896766673951,0.44037382482999504,0.21292390825625915,0.29886476757084585,0.19881544586346775,0.28356904249008785,0.10473412359258268,0.2129239082562592,0.19405513317914197,0.3813995418729858,0.22740975534669436,0.14585363258095754,0.4051149401548965,0.32381140865154534,0.7653867390658717,0.7090589079411749,0.5411971037636514,,0.7546591580858346,1.4049794005773746,1.205621867347061,0.9244516411073368,1.4619900642520907,1.2403635344899764,1.0545191654421575,1.3401125069303856
180,bumbling-sweep-192,run_1bbbc2d9009432026532e06fc8388b6e,0.4795786738395692,0.261505000865462,0.5369954106958884,0.4918434840771432,0.10908628925703832,0.3494704249462708,0.21881389054037437,0.520032676677802,0.2799227081862433,0.10908628925703817,0.3076173526937897,0.3917803822545724,0.3756979713915096,0.21681682256914514,0.65754375477403,0.37977426156339594,0.7745258137841097,0.6986637077607409,0.5272594104142361,,0.7078685325683837,1.8429294833596275,1.787158523856025,1.6824316002080228,2.1922423791489667,2.1077398200261825,1.0873628115291856,1.6716306241039407
181,ethereal-sweep-194,run_baa94bad32084fd605c76549a52fdea1,0.2306956052780152,0.2772614272347108,0.3406855858387188,0.4626026531901451,0.17705898295897282,0.3005594701053382,0.19180394901550568,0.28146170896943584,0.09681914458771543,0.17705898295897274,0.19590574211055153,0.38068881720162223,0.26600869435798064,0.13358277729889645,0.4454844931011929,0.25212872899803246,0.7680257517872224,0.7168785777531177,0.5534101779157229,,0.7524871711357131,1.402318491092459,1.2047994844593437,0.9156252714820587,1.5237835759802416,1.3071894378590374,1.0270501050942569,1.387518110529645
182,twilight-sweep-195,run_6d3a84d69c4c3fd441c525d16ba8a052,0.17708986997604373,0.2875466283354781,0.27733029461042946,0.4884248076994537,0.21028221025171934,0.3058883507519755,0.18768485140393007,0.2049212741823025,0.059150533239195835,0.21028221025171945,0.2048625646134572,0.42336384731514265,0.26828132010210637,0.1325869169619768,0.43726272088957313,0.2763980564693786,0.762855215607564,0.7307242128968074,0.556665295106434,,0.7602916806245235,1.2980218788446398,1.044204376226429,0.6772382705916585,1.4166607512918101,1.172696286373514,0.9888770421685595,1.3763875578659845
183,eternal-sweep-196,run_f83fa0179440a4c0decd219182b16c4b,0.36726236343383795,0.26830075934887154,0.4258582831215594,0.4378172494518968,0.1904343259816377,0.3386037490811267,0.18409255677556452,0.3847106448960903,0.049173200549960494,0.1904343259816377,0.2684318388925656,0.43002538556863873,0.404516795968457,0.11593036001234447,0.5540079028031227,0.3528796021599209,0.7732524344418698,0.7041874008828302,0.5285885842430216,,0.7154124097161729,1.5509976252971438,1.4412570951836552,1.231393875279615,1.9778579517319081,1.830582131150651,1.071771486538568,1.7272504688576589
184,vibrant-sweep-197,run_d5e01fe1232dc16ff908fd8c1b729ef3,0.3666239976882935,0.26957010367984424,0.4054249529102016,0.4149381293894689,0.19502574787410645,0.3280340749021103,0.1780318138830145,0.36062460324893586,0.02836015012448446,0.1950257478741064,0.2423791004356804,0.4229726112683522,0.3846552674335603,0.13401589886026244,0.4878750603508726,0.32684186267676124,0.7700423506767734,0.7198147815176562,0.5298731693165816,,0.7222919173017082,1.4889703610038658,1.374240014132024,1.1545564817513623,1.8881203497436059,1.7347805360414945,1.0290468035860598,1.6539045204137446
185,graceful-sweep-198,run_2ce439296fc7b2bddef9691ef68a7ad2,0.5676451325416566,0.2437868605301645,0.49688843099913643,0.5208539259039054,0.1269192329843819,0.33657462732524646,0.19064999962371226,0.4590396803097001,0.30105533053398237,0.12691923298438204,0.25707327834514715,0.43411789268026874,0.25752290100152186,0.24921793357383817,0.5673327152343682,0.23890048094501562,0.7873633069808825,0.6417544430633431,0.49686246220818137,,0.7078718650734713,1.7109063890675809,1.6732309984292368,1.4947093414399215,1.9270314846070546,1.7742334637668549,1.2576806175662703,1.5797179825412646
186,wandering-sweep-199,run_280aa13df5fb1fb642e731230102d699,0.2945119142532349,0.2732301301203368,0.46973764998491047,0.48239753260748386,0.1345622861401904,0.28380265056465404,0.2270119483933765,0.4390902563141958,0.2905280368622499,0.13456228614019058,0.22176437710327468,0.4074282532827758,0.3207104013292534,0.26457299747789165,0.6025348199679854,0.36288939817069066,0.767180323240819,0.6872779690956644,0.5460627882399273,,0.7584242616354612,1.7137547714681602,1.5855272566578056,1.4366431348170816,1.9438222525169386,1.8244154583296672,1.1127509515772525,1.5820123096901866
187,helpful-sweep-200,run_47fa8273f4092fbff271c33f60b9806b,0.330248773097992,0.26673038474177874,0.3200493272142611,0.4345137676043253,0.19286089372226178,0.29504428131438454,0.19868750799611662,0.25649631086551566,0.12629779644011743,0.19286089372226153,0.2016438770490974,0.39612993720704354,0.24134865151408724,0.17303004182230305,0.4157280204360614,0.30177766083435453,0.7698973335900783,0.7265598286907519,0.5667699856245886,,0.7501364730920712,1.2890634734866482,1.1332532951133276,0.8445895062665227,1.433043289397282,1.2176540857307943,0.9941482561977286,1.325775544239051
188,amber-sweep-1,run_e60fd6f022d84c6cf9962606129d16c1,0.24154424667358404,0.39963023447749924,0.9586650432393619,0.9901898851770652,0.029830267303587763,0.5544849982967226,0.3996302344774991,0.9486747213636791,0.9623202407937272,0.029830267303587624,0.5420093684153909,1.0,0.9582230335674843,0.971541465802552,0.9695335204900318,0.9565906707752895,,0.48895947468909784,0.5062285769157736,,0.4925083966001673,3.2781271771778755,3.214119939315704,3.1757836575708964,4.632102505846916,4.605584488429332,,
189,laced-sweep-2,run_0b16d1a43bb6b76f0e0c28b29c27bf2b,0.7654753327369692,0.22124972719131225,0.572461053354563,0.48557467206718447,0.09628010976725276,0.3918457836284252,0.1781572431647312,0.54309366967417,0.3119207758908996,0.09628010976725299,0.3318654746063558,0.47110206835742163,0.3566601866480978,0.36493183922357364,0.42444539564404654,0.2952795328166058,0.8009002446699796,0.6382772572017402,0.4288717045549303,,0.6446132100738248,1.8888888685643068,1.8872866184057846,1.7545774175356306,2.2779438258003295,2.1692669747207933,1.2939326369658604,1.8169862306835804
190,stellar-sweep-3,run_11f6039c62cc56d6428c14315941a4ed,1.3098275661468508,0.14130612019637206,0.5084345373752512,0.4201478949128609,0.15179811633973642,0.39506914838469287,0.1163607446485596,0.46461240673097925,0.2737542268960649,0.1517981163397364,0.3275585603915122,0.6652699635598047,0.2873777244699313,0.574538837276123,0.4519568137356041,0.22939692034824408,0.8772473029311043,0.6248208786569045,0.2871594098078362,,0.6268532691513746,1.6904360864297847,1.6677974880555844,1.4990423891678841,2.0928657449375816,1.9610371362344923,1.3895336133325356,1.8786543662285495
191,chocolate-sweep-4,run_c050d64aafd79b1eff334698dbb6f9fb,0.41448622941970836,0.2523662233995851,0.456921940203761,0.37196313775036216,0.18485787851068877,0.3016172950084229,0.21203820074203963,0.4206758036485489,0.20742818921630554,0.18485787851068872,0.24427804035013456,0.39969849181448014,0.39842451359690445,0.35501133352488584,0.4774239302577999,0.39063404576005833,0.7763020951056536,0.6895544768311738,0.518822668817003,,0.7336559367447226,1.60279741258212,1.5132157417082859,1.362962937870653,2.0403516222928206,1.9315488167913821,1.1159465064483036,1.7659415241998702
192,zany-sweep-5,run_4f146e84fcfac2961475c91343748dbe,0.25622218847274786,0.26161036146210404,0.45388842059255097,0.44362899929396893,0.16313226276383103,0.314870118278388,0.20907556110789197,0.423105741313103,0.28590910779978446,0.16313226276383103,0.24324671953452573,0.37296786639529156,0.3268735495311192,0.2772820823888729,0.4357248769596766,0.2950227152010958,0.7806605625920703,0.677489448999038,0.49912580051506894,,0.7308653493407886,1.67635291791879,1.5249241468738388,1.3840669389507696,1.8999597917132354,1.7888808925986799,1.1572014982627437,1.6197434562268296
193,crimson-sweep-6,run_cca096b6565b7a04bae03d8879a10ca9,0.39853215217590343,0.26236795432367277,0.34865182687604723,0.4764631563301252,0.1922654741335502,0.31445618679457227,0.19199209293808045,0.2828197683494116,0.19952807402177572,0.19226547413354997,0.20562572642636828,0.4306175124080592,0.23520499904015954,0.15969777266971028,0.46765224685010737,0.3048872977728488,0.7724488061666899,0.6850854511358102,0.5369467570245731,,0.7394386323543267,1.3432653033359672,1.2294043462734732,0.9362385538770192,1.5085038226531253,1.2808947521512912,1.1215656835461694,1.4219909700245539
194,olive-sweep-7,run_d8be429c4131de1a2ee3f80e5d3a7f3d,0.8254626393318178,0.2103223281681555,0.5206414619171013,0.43197205603656486,0.1353660602364739,0.3725632804576789,0.15907694082999058,0.4895778048348996,0.1970123741221065,0.13536606023647377,0.3128308626067083,0.5404667775713708,0.2946381615675823,0.28387191520607863,0.4031900217598173,0.30100798695046077,0.8157857978561347,0.6754522460649651,0.4588274475902807,,0.6693309511963434,1.7110635482463055,1.7150832800754297,1.568752248932459,2.0450708354515967,1.924003036107543,1.1747829797864415,1.6189252959961764
195,legendary-sweep-8,run_ebae88ebca00f61c789f5616705f04c0,0.42342066764831554,0.26251094370482975,0.5811453487767058,0.5009512838616179,0.12466544703052479,0.3804326558420856,0.22376332999691467,0.5623406491627904,0.28469770725725524,0.12466544703052475,0.344776862867072,0.3098996302030675,0.4042828998050408,0.2436848322319062,0.6297778138587188,0.381858092918133,0.7628793340182742,0.6559742719548146,0.4816743208976814,,0.6703803572741325,1.990149511807017,1.9228009123191598,1.814770748435496,2.3424410467337298,2.2546085199840675,1.2281794394235297,1.8161198871303381
196,crisp-sweep-9,run_42f8958827aa9b85d096c49cee0f19e6,0.2951499819755555,0.25477195702291094,0.40732935801775366,0.44190851324737096,0.1594979164549243,0.3056919086918596,0.19573490270450636,0.36944938757245593,0.2417970346698376,0.1594979164549242,0.2351520594065735,0.36900340933890696,0.26648663136508,0.23178005512456235,0.45923804558320747,0.29631562159229136,0.7895158525835515,0.6949489108361172,0.5248551966072537,,0.740282638969447,1.533384733529428,1.385411109814462,1.2090105284440233,1.6791071139798384,1.536796412967202,1.0957316416465632,1.449366960961176
197,frosty-sweep-10,run_875d89658f52b4b7ce59da9d103de04c,0.26005119085311895,0.29011792861067,0.49723705160625653,0.5005611088402512,0.1810854761662771,0.3670878477979391,0.19373305136830793,0.4654969664803887,0.1192969417710231,0.1810854761662767,0.2951573134521499,0.4238083671317116,0.3525135618162148,0.1325764879907204,0.5648054282692728,0.3756844182663082,0.7544726722304347,0.6872401742211659,0.5248805530625125,,0.6940798505145865,1.808461367777067,1.6754631273428724,1.4895094875605308,2.060831109273126,1.912717094448413,1.1243705989360957,1.6444018406746748
198,wild-sweep-11,run_c7ad5f68881890dab0c4d9b8b42ba23f,0.4189532995224,0.2616755846885967,0.5392744528737786,0.41956449035710297,0.13563200867296812,0.36277703592317245,0.21602936048626425,0.5230505864110813,0.22548771877670884,0.1356320086729683,0.3277557819836129,0.3673967667592352,0.35665715635327794,0.277689876448616,0.6073454677959212,0.3969615317069752,0.7731457114374458,0.6983535941947727,0.5303480698086095,,0.6976373644927181,1.8498159327153756,1.7755781673623574,1.6832505919681087,2.1533260672506427,2.0778517461186303,1.0871712584150852,1.6328125025890428
199,deft-sweep-12,run_4b20bdce25688642e1d7fbc135b4794e,0.5025526881217958,0.24335287521542476,0.4962172062481139,0.4024525287057336,0.17098536436629744,0.3471435219722783,0.19503249872689296,0.46339483625238065,0.15828471628701998,0.17098536436629755,0.3012290880800984,0.37162594831070317,0.27023010937328823,0.2530564335046664,0.5180166589638909,0.3159522932160945,0.7801756836662398,0.6698164371208475,0.5008889829787753,,0.6937032076342481,1.694620023404457,1.6381403534203305,1.4867546770141415,1.9015494581048922,1.772801735597737,1.177984036105447,1.523165425498558
200,lyric-sweep-13,run_45acb30a6c93c60fe9f9334f6ddd51f5,-0.044352263212203986,0.3335540888691547,0.5726223554265137,0.6124670209208131,0.12386675475149915,0.38418064562398035,0.26501451216789473,0.5575536199306925,0.3163204637508829,0.12386675475149939,0.31683999560343956,0.38741300940580414,0.44187784134791724,0.3291594036331131,0.675803839848295,0.40303542041672397,0.7174766575991818,0.6795417106700012,0.526260010069154,,0.6854438349086337,2.1782449634359664,1.9404478352326386,1.8107875961650919,2.444653926603713,2.3430635369159902,1.1537695476411658,1.8820677959797356
201,fluent-sweep-14,run_7db5900b56456b32274bbacef32ae1e8,0.4476708173751832,0.25112949068185864,0.3484020688291552,0.4228233807736612,0.20982738760714167,0.32269038314776577,0.18170689183731337,0.2890741261070007,0.11112184608524418,0.20982738760714167,0.23800826459810048,0.43850259900668115,0.23263983998425744,0.1793404207770648,0.4041507590128095,0.2545985118153928,0.7821199339804631,0.694064303007637,0.5374467076895062,,0.7267925399650124,1.3029532428111994,1.206517984973018,0.9386181135391705,1.490418100870514,1.283224232315985,1.0942548964194698,1.4010903774122148
202,frosty-sweep-15,run_66ab9d9966a5ebe2779e6efd5a4e5394,0.20453095436096197,0.2995000388830773,0.44978302269676257,0.5328341570361561,0.18920198529660873,0.3774875840043156,0.20372725653549262,0.41147638225469085,0.07247222325443108,0.18920198529660884,0.30519378775370815,0.4605943749168433,0.3564389306423883,0.13342102182634705,0.5555008135705434,0.34782624818261443,0.7487024724610295,0.7030581639766429,0.5257207130551277,,0.6784124115734613,1.7145643518213824,1.5481150432890187,1.3190470612275376,1.9741062907814457,1.800089056068649,1.0815894919891553,1.6340964748834375
203,crisp-sweep-16,run_88f853839785a2b7f3e8ee12db7aab01,0.4444798827171327,0.260790053959677,0.49749201294579215,0.42761695960759527,0.16703933326557577,0.35369938596265577,0.1912620945184896,0.47433736068183957,0.105756010553305,0.16703933326557588,0.2975886737120768,0.39932461227244626,0.3767535037547954,0.17336696144473182,0.5730301871091689,0.34802182434113976,0.774289235382821,0.7066131385973374,0.5198827519971982,,0.7003030385100699,1.7223361734279916,1.65101506529677,1.515824805165124,2.0820180165020576,1.9765305753152798,1.068745257547797,1.6586635284870683
204,fine-sweep-17,run_44d2242235c0a8213636800da03c224f,-0.3410977125167847,0.49080728794298484,0.982704255252724,1.0,0.0,0.5491187001148251,0.49080728794298484,0.982704255252724,1.0,0.0,0.5491187001148251,1.0,1.0,1.0,1.0,1.0,,,,,,3.5292519897898846,3.301207101473044,3.301207101473044,4.785182162344089,4.785182162344089,,
205,silvery-sweep-18,run_8e44eff42072ed93b79bb89f3857cd67,0.45213788747787487,0.25337467482458714,0.3863080557376709,0.4830069488313327,0.1947403191381238,0.3256222029417978,0.18001861370540664,0.3339629317432072,0.18858459366058486,0.19474031913812395,0.2164409531805294,0.45814577540104473,0.23247804306741812,0.17648862922878816,0.4583753810186346,0.27040138872667313,0.7839708994023418,0.6757320684245266,0.5219198486945057,,0.7292688262535116,1.4233017059761974,1.3378466196616163,1.0877882367592162,1.6035397627091938,1.401709470925116,1.1518359769774846,1.451975313395211
206,scarlet-sweep-19,run_fe1dfe97e722605c49b68b166a379d97,1.2332481145858767,0.15881103075275127,0.46530444465257614,0.44234327969975096,0.15607954737947624,0.364527864760555,0.1182020465041606,0.41620617526770937,0.26752257441195015,0.15607954737947619,0.2670816894952606,0.6584364098548822,0.21052602089763028,0.4912005022933095,0.41138451782357705,0.17818615778278332,0.8584789783947138,0.6450843998141282,0.3533354261070275,,0.6731006873881247,1.5540767426957465,1.5446587916814205,1.3482640152905963,1.8718972398997726,1.713430578971089,1.303017307343751,1.6780591757333947
207,fanciful-sweep-20,run_4a77155bc8d0ad4375e322ef58ca562c,-0.07689848542213441,0.3196740845543874,0.3319648673680705,0.5024562446583181,0.2908739031744419,0.34061883926128433,0.18201795645597055,0.26162675741209057,-0.057188510274608854,0.29087390317444206,0.2386186381420322,0.4505345482813519,0.43767054423083956,0.36496844704104553,0.40402365486946373,0.379847705861426,0.7471721715949584,0.7001253041583428,0.540799357636998,,0.7377947915973148,1.5856163966633394,1.206921923654895,0.8490504485126226,1.9257203663052065,1.7241302339218207,1.0835291748835685,1.85088461883168
208,swept-sweep-21,run_9bc9096eb268fbb326ad9768d30c23a8,0.6805998086929322,0.23225990954040204,0.5372191522795626,0.4916316747798297,0.10667835484635975,0.3649784342476464,0.17853603959551564,0.5085698229839841,0.2395265876407418,0.10667835484635953,0.3097813334830036,0.45125780868947213,0.36907216268326454,0.21070097585373895,0.6012349237804256,0.3650488483566237,0.7959401965469923,0.6631041102248735,0.4910311108277667,,0.6842630036565454,1.7971539615774523,1.7837293923087816,1.6357508221366965,2.189032130598411,2.0702299089537957,1.1981978713902972,1.7452361624749249
209,jolly-sweep-22,run_4d0ea673376750259549676f765bf1b7,-0.34045949578285195,0.4907219960314176,0.982704255252724,0.9998736576121289,2.8796964461157978e-05,0.5490921960273492,0.49072199603141753,0.982704255252724,0.9998736576121291,2.8796964461154427e-05,0.5490921960273492,0.9998568155784651,1.0,0.9998307952622674,0.999644254713625,0.9999243284146804,0.5021988232923591,,0.4943546296631734,,0.5033463090285903,3.5289737210610084,3.301156152243305,3.3011561522433053,4.785081735175201,4.785081735175201,,
210,glorious-sweep-23,run_056ad3d4e3a2364368636488879fe88d,0.49872368574142467,0.2566784821050044,0.44180117178150335,0.5028649994426071,0.15314903276078193,0.32310353509959694,0.20566890181646683,0.4010593903822338,0.26842555088997067,0.15314903276078196,0.24524232141506883,0.39528735016405375,0.27356783959970127,0.2211669805999851,0.5276930027452978,0.26012378173718403,0.7736315293547915,0.6834280460209093,0.5344103655654848,,0.7235954395078564,1.5671738591414066,1.506864229025043,1.3125693580465245,1.7956058464638474,1.635970314774256,1.1270290203257904,1.4912259935356624
211,prime-sweep-24,run_072a5733c13b3a3be71316485b1db3fa,0.46745359897613536,0.2515434073115237,0.4910087103118854,0.4735609973616737,0.1420562726564353,0.3444876565007901,0.19370043975506174,0.4486747213636791,0.24010999219649953,0.14205627265643517,0.2593191099927426,0.41985015321430036,0.2764507496009831,0.20981089508242082,0.4105805717478533,0.22160690193964552,0.7792993939865317,0.6488207006314968,0.4963014844024847,,0.7001648257518522,1.708438241051477,1.6426897576856943,1.4519857866458812,1.919107754245263,1.7586380119343692,1.2392295812961296,1.5875247675416575
212,winter-sweep-25,run_ba1328680ac1e610c32f3d7a2ff7bf4c,0.05966812372207643,0.3041333965496913,0.47228726338026705,0.5082754264055589,0.20136108005556122,0.3901027501108884,0.18664629695131596,0.42434412496227597,0.010181710081379566,0.2013610800555613,0.3169732955728038,0.41000083203262755,0.3722448122747862,0.19624173929700225,0.5583465606737542,0.390996805564267,0.7515102374225084,0.6642587729701621,0.5335582058420436,,0.6691959168391641,1.8366057111270047,1.6066715978994655,1.3548504977619549,2.0429554886637864,1.8514570954927592,1.1859750523169208,1.7317073453337288
213,sweepy-sweep-26,run_ea65777b8490d807e552f6553d694663,0.15411615371704104,0.2941442085537753,0.361451926779266,0.562275649362714,0.18509587695226484,0.33477234937688116,0.19113666523677286,0.30430936696741706,0.1485266248002678,0.1850958769522647,0.19142888992306809,0.4670773549173042,0.3608044754030579,0.22173269908161206,0.5247626011053558,0.3227327542011988,0.7616663433642196,0.6996497998868355,0.547926385717304,,0.7355202377752069,1.5291005006189597,1.3073445127495764,0.9922879074711607,1.810600733194303,1.598049007803207,1.0785526930549947,1.6529976562970383
214,jumping-sweep-27,run_8d26ba4228150233ba90e77134aedf98,0.387045443058014,0.26173328215818636,0.4359110445089653,0.4833451005165173,0.18616221160687063,0.36184471566960624,0.18385674972593716,0.38001727493157694,0.11347404407119777,0.18616221160687071,0.28773928708681895,0.37431043620327803,0.2800389677985478,0.13194372612244468,0.511241627615513,0.2854299989003621,0.7733711756046746,0.666641969110547,0.5143810877895443,,0.6876601913396693,1.5841465091077402,1.4840185930208525,1.2209876967282984,1.773146037077069,1.5596623480524237,1.1825659049406967,1.5297705069384535
215,upbeat-sweep-28,run_28d0983c8fac69c8e1a17e49bd7343aa,0.28047233819961553,0.2787766129578482,0.5664408437659351,0.45818810151982453,0.14075786834705425,0.3673544477366679,0.21307173802338503,0.5471990675699584,0.23419047972947862,0.14075786834705403,0.32415902140672787,0.37078812397312344,0.40833982022668147,0.21556321765688682,0.5837806531782664,0.40265088965285606,0.7636971896925047,0.6768841666598558,0.514353753758385,,0.6935078592436049,1.9839880764089572,1.8698141702236712,1.7591227762252832,2.3124814491543324,2.223933084278444,1.1557377350414537,1.7852437182951895
216,fast-sweep-29,run_9ce4dc2704079a502fbf63f30b31a22d,0.4980856180191041,0.2469476784294247,0.40999864714391276,0.474950763628256,0.176709184537724,0.33285937788670444,0.16997423682553528,0.35121184685669093,0.15845565010590457,0.1767091845377238,0.22805753881484642,0.44120884608000877,0.21655893415904015,0.1543600549117262,0.46569294784675047,0.20087491570674035,0.7886438427834526,0.6627807716026404,0.5108410983756383,,0.7166757006381381,1.4691784034992874,1.4026939403701482,1.1346792709659348,1.629423297490168,1.4053352055692563,1.1921056732692803,1.4520970795003352
217,glowing-sweep-30,run_52e4f3356b881561cb0a99153c29c553,0.4795786738395692,0.24753217888222445,0.3904758931451824,0.4623090929359741,0.1867517024087814,0.3247436703951682,0.18056297678805705,0.33995192157597337,0.1826093419047975,0.18675170240878147,0.22036121953101795,0.44402840969719487,0.20597751736923064,0.16900403324500632,0.44374986439903275,0.24996540228526035,0.7878124262777313,0.6913874162165509,0.5256680607840125,,0.7250849747782702,1.4174915468563274,1.3415349821263491,1.105270215906244,1.5651540105548591,1.3680691571176697,1.1056362981096028,1.3683649338479567
218,fragrant-sweep-31,run_47306595b1e6fee071ae5e2a7b9bed0e,0.6046587228775026,0.24099731330478563,0.4116793106677906,0.425677232358515,0.20685198360266965,0.33926167407611824,0.1523539313299769,0.36709749929755553,0.012493032588904145,0.20685198360266965,0.26179022638388366,0.5209179983782756,0.38253219307437175,0.10956528216752333,0.5199583597256585,0.2978874857161138,0.79551612475476,0.7008469097818812,0.5258063071134079,,0.7115449330970983,1.4255856269843372,1.3907118175551694,1.17088579125385,1.9185276278858652,1.7656846931527488,1.0777750356541171,1.7053644557551315
219,sweet-sweep-32,run_b338167c84eaa6501384ce06e541aaec,0.655711591243744,0.237111514157203,0.5455756402651599,0.45834417152837126,0.1219873293356371,0.35340082521255894,0.19007051634218086,0.523326360921191,0.2325183010664786,0.12198732933563701,0.30867907525679733,0.4350262601619865,0.35169997685895416,0.23600485266417648,0.6155942899373583,0.3370237251443033,0.788778878129393,0.6775440074217718,0.4853547102883181,,0.6966187638773487,1.8180048626132264,1.800785673595651,1.6819323297515842,2.1736384052930227,2.076239686693481,1.161573419135787,1.682595519660104
220,spring-sweep-33,run_2d095052e0994a9ffe749128a650b206,0.41959166526794445,0.2613820801693797,0.5664616569365094,0.43783211326223465,0.12954483856760513,0.36030903765996974,0.216072006442048,0.5507893394940321,0.2437850693025156,0.1295448385676052,0.3214976992113476,0.385471887204521,0.3811011818405916,0.2513452308740116,0.635011116935947,0.3895863028779858,0.772057952810279,0.6862912774180229,0.519807229487787,,0.6988458692207447,1.9332249952405096,1.8624729901477506,1.7719501226009287,2.2656014097676107,2.1917918117139976,1.1254662589208948,1.7119633199576667
221,restful-sweep-34,run_cf162d2676b28d71f49473e34366180d,0.44001281261444103,0.26700883774718975,0.5498163237696815,0.4608115640444427,0.14965020157875122,0.3759947802538312,0.21344050011163218,0.5195643803398792,0.2152837129798224,0.1496502015787514,0.33251872240943986,0.38734669221676327,0.3491620395695844,0.2067300918387979,0.5952550953876604,0.3662930578476584,0.7608803177665879,0.6623517785408436,0.49894724414246266,,0.6767310788295928,1.8838558454481455,1.8184116464179014,1.6707409665600195,2.172219373229861,2.0501930316311134,1.2034514120350501,1.6912159503552533
222,worldly-sweep-35,run_9a5abadf9e96beb5eb9143e82e7f3a9e,0.5178683996200563,0.24792853541244908,0.42498933325008065,0.5099847645944038,0.16105295253582685,0.3200594626997843,0.18028201519701184,0.3742884497309898,0.233071978001561,0.16105295253582677,0.22045086570924552,0.44508016621531804,0.19893896478038506,0.20660047462461026,0.5291475632284631,0.23729608924697265,0.7880059778831467,0.6641949593365872,0.5227757369477473,,0.73382869246773,1.516144674484205,1.4586680062830104,1.2197305390754682,1.6626062612975854,1.4574943620836462,1.1833573914961657,1.4271937302135587
223,super-sweep-36,run_f578a732da841e8ae7c7c6c84b422aed,0.34939378499984747,0.27613005511362637,0.5633240714724278,0.45334621530229263,0.14956889250262564,0.3797451086316798,0.21838743098253766,0.5361732904582023,0.24269629519527303,0.1495688925026258,0.33646549284740407,0.34206134863731963,0.35384922929883683,0.23231895625152976,0.5745291827958431,0.38960457678271726,0.7564356039053741,0.6639324429220999,0.5147539415174684,,0.6743523423952386,1.9499105961372862,1.8587928053628509,1.7266767316786373,2.2086605732180504,2.098686105671739,1.193399087280047,1.6873862082937738
224,smart-sweep-37,run_744746f53d90a8a72ad30b95e981739c,0.44256538152694713,0.2642669536488632,0.4756225739648051,0.5192040429564119,0.13458091947013587,0.3287769688834218,0.21577599333719671,0.44164507300219563,0.306956263238081,0.13458091947013567,0.25920373925902374,0.3746774739235814,0.25984600447472633,0.25330779299556233,0.543990219357097,0.26688526628882214,0.7680125189542415,0.6755164760048407,0.525807593247112,,0.7150402657683673,1.685963973738332,1.6129408512596484,1.4461276333411541,1.8658311010204094,1.7236683671129203,1.153937694776986,1.4870506754310888
225,curious-sweep-38,run_625121b3fc3cf22e720966ea9321c2ed,-0.3410977125167847,0.49080728794298484,0.982704255252724,1.0,0.0,0.5491187001148251,0.49080728794298484,0.982704255252724,1.0,0.0,0.5491187001148251,1.0,1.0,1.0,1.0,1.0,,,,,,3.5292519897898846,3.301207101473044,3.301207101473044,4.785182162344089,4.785182162344089,,
226,vivid-sweep-39,run_f021d872e2b1b36039f6498999759da7,-0.3410977125167847,0.49080728794298484,0.982704255252724,1.0,0.0,0.5491187001148251,0.49080728794298484,0.982704255252724,1.0,0.0,0.5491187001148251,1.0,1.0,1.0,1.0,1.0,,,,,,3.5292519897898846,3.301207101473044,3.301207101473044,4.785182162344089,4.785182162344089,,
227,gallant-sweep-40,run_55d62acd3133c8fa4f05b5acb2b63851,0.6691130995750428,0.23418650330757015,0.5486351763395878,0.48603173423507107,0.09496476606701225,0.3581933878538004,0.18104462522984927,0.5210785384991622,0.2303667645200846,0.09496476606701244,0.3051820947739395,0.45857324604135,0.3520844485472048,0.18349838776617813,0.6141311116703747,0.3154880247448539,0.7944397850523264,0.661045521438651,0.5133400186766146,,0.687316673948014,1.8318620457687562,1.8168862738726064,1.673641071246848,2.187389174694861,2.069944469001494,1.194987165102191,1.7063381828185618
228,denim-sweep-41,run_3a32a2254122011b780a8f5d9b59ad6f,0.13560950756073,0.2980400420438952,0.4723132798434848,0.4599866225706958,0.1542145204458448,0.37653265732319635,0.20869927326274185,0.4294069287044841,0.08698673404927346,0.15421452044584488,0.3068331435172951,0.31670867693844135,0.28202909673449206,0.09440475050282544,0.5050724297670884,0.3121540446929391,0.7406601265896466,0.6679988965107984,0.5153158840513984,,0.6683042294624759,1.7859330781214897,1.5909789133645431,1.3765991365517902,1.8536004585090489,1.67321425399423,1.1850836212579479,1.5195538642602258
229,lunar-sweep-42,run_654aa784c3bedbc5ce5ccee13f599eda,0.581684708595276,0.24314717119340942,0.451708240974889,0.40622050462636095,0.2340879831961243,0.3791339555557635,0.16853180008579363,0.4025059057371505,0.0734197911634648,0.23408798319612434,0.2767798469155089,0.4783758293838227,0.245461758764511,0.23313709840479305,0.3539893984446845,0.21613976449321534,0.7850210462713114,0.6733270589968547,0.4676009171553309,,0.6683990518936734,1.5428564842681247,1.5048385278442786,1.2860417858325923,1.7748943872336382,1.5936168190178026,1.1818700596074725,1.5108037360112356
230,misty-sweep-43,run_0fc0d36497ddaaec16b6da0a51641f6a,0.6442245841026307,0.2334439619598074,0.5010718782845786,0.4525732971647281,0.17822526001964975,0.390685060503375,0.17052361707945424,0.46147482126689754,0.19658875552747956,0.17822526001964947,0.3050830942118973,0.4621411401443633,0.26181873246838633,0.2786959529206441,0.3774436932635507,0.2419876039765211,0.7921588625530014,0.6564320293713914,0.4597294053328587,,0.6517408090039798,1.6858615031905364,1.66434640167196,1.4823344930935305,1.9356614629268734,1.7815869060241367,1.2310482355683114,1.5786754297820866
231,fiery-sweep-44,run_1f40783386bd8cbed6803eac9e88eb02,0.9894701838493349,0.18630011213377784,0.512659611001842,0.4816469101854261,0.13784852796693434,0.3573281073509087,0.14304707862659943,0.47011749034789213,0.31808554122849375,0.13784852796693417,0.27877466926406735,0.5691873039117228,0.2522469080040371,0.40588321680554235,0.42974447957144246,0.23965695421153047,0.8395273527441797,0.6363996076424185,0.4004565651200964,,0.6771142779794719,1.691240193066891,1.7014376995346687,1.5270053783638853,2.004966494481269,1.8592325901153182,1.3066201644130386,1.6829309708497964
232,solar-sweep-45,run_2906f92f4bfabc012f13ee6647c784ed,-0.1821953058242801,0.39861676588122846,0.7521151384596173,0.7803426108282859,0.09937493647728429,0.5036501585178291,0.32558682089451135,0.7352564702944026,0.48734718144996475,0.09937493647728414,0.4536587723462586,0.6794874705994361,0.6764078880488315,0.5456652725898966,0.7910360471151202,0.6743837761403707,0.6645499538255643,0.5946484784672563,0.5286282768311179,,0.5658285298243227,2.76826518715035,2.5346798084407447,2.3978187638571136,3.429188220829565,3.3293039733350103,1.4063486747498772,2.704172094658505
233,zesty-sweep-46,run_6bf82a0714bc3628199afd8f3f6cece2,-0.3410977125167847,0.49080728794298484,0.982704255252724,1.0,0.0,0.5491187001148251,0.49080728794298484,0.982704255252724,1.0,0.0,0.5491187001148251,1.0,1.0,1.0,1.0,1.0,,,,,,3.5292519897898846,3.301207101473044,3.301207101473044,4.785182162344089,4.785182162344089,,
234,azure-sweep-47,run_4cb1701b21c3e47418644d2e15b9955a,0.37492036819458013,0.26702890643226446,0.5539633480066186,0.4384749730593437,0.13400243927228378,0.3641217285965852,0.2306393632206225,0.5388113598284996,0.2513693285273683,0.13400243927228356,0.33508883936262335,0.38110438617789627,0.35950526379599346,0.2541993636199173,0.6197696986144773,0.41187605191510296,0.765246167800529,0.6993407089495842,0.5189126235297381,,0.6951803899182298,1.9109523168944882,1.8254639542365179,1.737687506427287,2.1987762198131704,2.1264656325914495,1.0911070151368119,1.640979200075319
235,sweet-sweep-48,run_99827edb0edc2793a71376e1fa795d85,0.3002551198005677,0.27165975551324406,0.4439657415212345,0.47317453829289124,0.19841277907646446,0.37042034703204896,0.18208819685373173,0.39222419947342657,0.07755193043736755,0.1984127790764645,0.2801131256816031,0.3414501440792928,0.28456715500649526,0.09791931381625855,0.5045643149416499,0.2699729530585424,0.7657900732547256,0.6681002262999448,0.5141004434234698,,0.6779084017779449,1.638472714908309,1.5062366888703789,1.2560129935130881,1.7901703865537846,1.5854115206685715,1.1800539253308613,1.5259385035720467
236,summer-sweep-49,run_0d1f9a0c6c3863c7c029706822815f87,0.4808551073074342,0.25748373809362546,0.4084324560581937,0.5228345286314146,0.18149964427279197,0.3425084247919234,0.15385406553930833,0.36171729470408887,0.016781241871353967,0.1814996442727919,0.25320991782953345,0.4979778786175751,0.4316079959532086,0.13363130394066122,0.5770765442805027,0.3669588538372312,0.7888810144780499,0.706870579901287,0.5370371469260924,,0.7184952193569281,1.4869559763339641,1.416977251521415,1.1542732330094834,2.033843269778174,1.8603872207513565,1.0574282002331068,1.8019013051055317
237,stoic-sweep-50,run_5b0ea95e041ac389391091c6b88fa8a8,0.4470324516296388,0.2533370460400721,0.4081931045965888,0.4530972464791348,0.18913168682454184,0.31546334211865884,0.18773251453098241,0.3569822983984265,0.15371781056073733,0.1891316868245421,0.21758686519787268,0.42460825733754337,0.23853465847802288,0.13476274090391507,0.4619868242268012,0.23447870853496902,0.7792706619794405,0.6718222219295458,0.5311719210669575,,0.7316699412499142,1.4755630554875379,1.3912918026299517,1.1546585105536376,1.64412100575132,1.4493713387125384,1.1599688566731627,1.4536054313117697
238,pious-sweep-51,run_ce6ed88217cdf5b2291d0d33c94d91a2,0.35194635391235357,0.28153856574124947,0.5835180502221807,0.4820965404481438,0.10753294711522175,0.3618977238445582,0.239163537206088,0.5698750169107011,0.3001932295343909,0.10753294711522147,0.32880815016280535,0.34151195631444314,0.383442030332038,0.23073119858676794,0.6733277916790725,0.41173795001392505,0.7532835173943935,0.685824354071777,0.5264460579661077,,0.6997249054714995,2.0142799586627764,1.9278522214274265,1.8425228686713588,2.3144674109222674,2.243888528901446,1.1279121081668035,1.7065552825232013
239,absurd-sweep-52,run_3b04a50e69b760109ce5a4a99cfec242,-0.3410977125167847,0.49080728794298484,0.982704255252724,1.0,0.0,0.5491187001148251,0.49080728794298484,0.982704255252724,1.0,0.0,0.5491187001148251,1.0,1.0,1.0,1.0,1.0,,,,,,3.5292519897898846,3.301207101473044,3.301207101473044,4.785182162344089,4.785182162344089,,
240,light-sweep-53,run_7f7bdec4add490ca0bcad4bf87f2386c,0.4151242971420289,0.2610032837385954,0.41894831049087866,0.4191520196202296,0.22024765389436596,0.34596876727150555,0.16821571829586765,0.3706201284172625,-0.020824198283229838,0.22024765389436599,0.27100429444170293,0.4484194588925747,0.3843316614679182,0.10727324968872713,0.4584301380181553,0.3115699051592992,0.7788125660058868,0.6963728641557794,0.5266548962671093,,0.7027343721024347,1.5076288906680382,1.413855720469972,1.1841971841700247,1.9205946525971735,1.7584137147655012,1.093102851699898,1.698402091871546
241,mild-sweep-54,run_82f12195f19b9d127837ed07c45ad32f,0.688895881175995,0.2260335999959863,0.4776518580958032,0.4582735684292669,0.1161534031236237,0.3775881436303272,0.1746226460059553,0.42295484582643894,0.26569060978781944,0.11615340312362381,0.28834888109876594,0.48470897480221503,0.208229203681792,0.33104747310283184,0.39950895300388495,0.19707808989193967,0.7985573378675486,0.615384129630593,0.44026283204504973,,0.6590651772740702,1.6088236111189715,1.5945591325729418,1.3747700115685575,1.822291979797115,1.6334386480885434,1.353949231218587,1.6159541308708363
242,quiet-sweep-55,run_8fbf654b13b7293e92d37f28fb96377a,0.4655393958091737,0.25257694459286906,0.4996617859781669,0.44407119765151787,0.0902462987430972,0.3788065521222369,0.19316861960058285,0.45578762240745957,0.17933930363048547,0.09024629874309693,0.32118510688552787,0.34710749103232885,0.2319137625408946,0.21891134310251248,0.5244313837586733,0.27242958477666473,0.7728057834714848,0.6368556392429169,0.4780318368698798,,0.6578675338277379,1.7261130813723042,1.6606063185452589,1.4652304490500845,1.8611445575830174,1.689125805809609,1.2817200329409473,1.5326617245402168
243,splendid-sweep-56,run_a9f9d1b372171f603b4096da73325a8a,0.3455647826194764,0.27665685809683643,0.4736817458087479,0.5006391438445245,0.1673188332147576,0.3592535513528388,0.18277554931753937,0.44103628776289616,0.09807513656125744,0.1673188332147579,0.28468196264326834,0.4237797350522278,0.4359905015354954,0.12364439336376891,0.5722138342866826,0.40147194630308825,0.7660989082039069,0.6987673340154674,0.5233854832892175,,0.7016289900956575,1.7095815187412107,1.6034096583860358,1.410019753434894,2.160249269586402,2.0208686447217588,1.0905422086486827,1.8124670156963703
244,deft-sweep-57,run_97eed736a0a68865a02d58fb727428a7,0.5127632617950441,0.2604614292415793,0.6012144485030128,0.5069116718070678,0.09573296744249077,0.38721692270394703,0.22782974731016897,0.5731999209099519,0.3453197577198915,0.09573296744249092,0.3580078592414688,0.3423695425299081,0.3799022985365846,0.2787319222296715,0.6601732814510708,0.40242663297358644,0.7630308733152696,0.6279078968847824,0.4838874337787994,,0.6641370147594107,2.0270538258661652,1.984789089557029,1.8592293086499285,2.3616845010458976,2.257188422484636,1.30654195494068,1.8289936666035786
245,glad-sweep-58,run_5e197610517e3abd3a99fddc5e602e00,-0.35322278738021856,0.4650491306496484,0.952244180117178,0.912065698041693,0.043684995087576665,0.5304333184442726,0.4650491306496483,0.9506831923241028,0.9120656980416929,0.043684995087576756,0.5304333184442726,0.8404231077272128,0.9392807054698884,0.8826983366855027,0.8885791972447299,0.8942828171540608,0.5473683870901891,0.5246485800191594,0.4832528051754995,,0.534695676272315,3.4250205160699014,3.1805383690709723,3.1758652133139633,4.519266987842384,4.51597936702628,1.6527228337329714,3.611016831227968
246,sleek-sweep-59,run_a4510b8ff412c3f5422689bd34d862d0,0.5172303318977357,0.2443312236128148,0.3429802378945398,0.4812530192114748,0.17846071755259682,0.3146845896660564,0.1672674729260894,0.2862955678353262,0.16766378061015946,0.1784607175525967,0.2011972052219289,0.46760717005923097,0.22559720734877234,0.14956932605433707,0.4561272835702355,0.25498118799174874,0.7946164632363412,0.7026231687823381,0.5383602619294328,,0.7398355157777373,1.281025158535804,1.2114687991005986,0.9358103827427278,1.4891692649316424,1.2750331450091372,1.067531471381518,1.3746242725969848
247,magic-sweep-60,run_66aa2d4c7bb7b481255dbb9ca1a0b184,1.2721762061119082,0.15012129011542005,0.5457941785561903,0.47085949983278197,0.08605125859674088,0.3966929135085877,0.11666177492467972,0.5089652732248966,0.31956820630968763,0.08605125859674068,0.33225991779055697,0.6245123546786365,0.27966849909187536,0.5395426151177517,0.434255659118052,0.25612246508263237,0.8686726287488682,0.6163202404734046,0.31997235515139116,,0.6320649140635572,1.809613607711468,1.7953155499206708,1.645050242910989,2.1648151265880284,2.0419248052313006,1.397063368248534,1.847986110180301
248,prime-sweep-61,run_2486cc184b07e44e91619df430ea336f,0.25622218847274786,0.27816451806307085,0.4801702517352982,0.446233882055665,0.1718272520920148,0.33728166283526695,0.2198950909487721,0.43982392057694114,0.2233956374716655,0.17182725209201502,0.2547697613306923,0.348754478914274,0.28488269085758566,0.21529100022347794,0.3975631569686297,0.2425044231387922,0.7542890685680184,0.6601817477453643,0.5046660248316202,,0.7032243434263031,1.7487037533356342,1.606902263088557,1.4257314869853492,1.8872456808697975,1.7355897124101751,1.2085090212469385,1.5620676782002159
249,golden-sweep-62,run_ca24218f06904cae5f09622064b712db,0.38194000720977794,0.26829825076323716,0.4575515386136348,0.4185500353015495,0.19253565741775927,0.34744987804222105,0.17824002649066428,0.4200878315798237,0.035635985284827976,0.19253565741775938,0.2775149455769744,0.4435426714534816,0.37507401003078816,0.14403707605699756,0.5404738509771784,0.34857133729795525,0.7734375653497678,0.6941341732024728,0.5281142502665948,,0.7054060451817359,1.6281020826765817,1.5299353542848098,1.3408121765948415,1.9912267824071381,1.8498808619989273,1.0997934977173887,1.6833976500834096
250,trim-sweep-63,run_75c5872a96eed77ec5d0218ff8f96d31,0.8273771405220034,0.2078689314177773,0.5130706711206852,0.4823083497454573,0.09517566148321306,0.3614276660578522,0.15936793676357353,0.4595912293299199,0.2851993608561551,0.0951756614832132,0.27216501756675315,0.5067023775825922,0.23181948269551356,0.35667507369451634,0.41501273800589383,0.1971960439849366,0.8167688722581143,0.6140339545599574,0.4227537906617948,,0.6797280328530735,1.7014215031822213,1.7053580188703068,1.4896233736991735,1.9569397297158269,1.772101839253575,1.3625287940792814,1.6666888875582437
251,misty-sweep-64,run_58d79ff33a4ee9bd6bcb63e4e96602d2,0.20708352327346807,0.28760934297633645,0.4051647882780224,0.43936308572702604,0.23598519497238882,0.3424172195497268,0.17343357641528132,0.35523399207018197,-0.03201293151499364,0.2359851949723889,0.24444875785475922,0.40254821552029246,0.4052815322497037,0.11694111887963055,0.43918120764587903,0.3449237139951767,0.7636861070706029,0.6986553558591803,0.5242193330531295,,0.7116515964880668,1.5695035892815723,1.3846819533274062,1.1371085807580383,1.9327688963765608,1.7638785160445796,1.0910075364338363,1.73451691818947
252,lively-sweep-65,run_33f7c24c9fd83102d9d6bfb7b7445dc3,-0.3410977125167847,0.49080728794298484,0.982704255252724,1.0,0.0,0.5491187001148251,0.49080728794298484,0.982704255252724,1.0,0.0,0.5491187001148251,1.0,1.0,1.0,1.0,1.0,,,,,,3.5292519897898846,3.301207101473044,3.301207101473044,4.785182162344089,4.785182162344089,,
253,radiant-sweep-66,run_36d781e09dd22102be00524466fca135,0.42086780071258556,0.27320504426399356,0.559749409426285,0.45761584482182,0.11658789849916999,0.36167789582490467,0.22526095562061174,0.5432653783314081,0.24754561331797406,0.11658789849916995,0.32505392412503376,0.3889151900087078,0.3804043188387241,0.22787493747938145,0.6788508257126186,0.4207042043913501,0.7642803348082683,0.6935841485796389,0.5281475537530498,,0.7050691160193172,1.9178113513101893,1.8485797984328476,1.7502554218558395,2.251111667873521,2.1710943120458954,1.1032294555549091,1.693331539204966
254,absurd-sweep-67,run_e9ebd2152c4ea2c3cdb511eea675443f,0.1432675123214722,0.28905177971607826,0.5022009927882366,0.5588978484634536,0.15198953145644886,0.348273063817945,0.21872107287190415,0.47061700644167626,0.31874326483594023,0.15198953145644886,0.23716013379886997,0.4406009529728278,0.29614918882795543,0.2833383349828134,0.517482017665182,0.2940598676913146,0.7625960731518286,0.6670845761181452,0.524542573957028,,0.7139937942218261,1.8890250744857309,1.708208449794408,1.5376084820648455,2.0172826624484164,1.8750181536144432,1.179299445877378,1.5944279272869777
255,solar-sweep-68,run_4b4f00713c470e00fb2bb2050cb4e569,0.475749969482422,0.25037440640592423,0.42774187505853695,0.3822303147411838,0.21725531049903446,0.335688299458771,0.17026523275911812,0.3816302956510879,0.023982757980008255,0.21725531049903446,0.27391818500008974,0.4761218030048238,0.3160534757933162,0.21407676999861658,0.4534595762124374,0.28949591942056463,0.7866076636309833,0.6901165915656033,0.527363519650804,,0.7061666777520029,1.500189729597812,1.4277319334091376,1.219008715208473,1.819295826421905,1.6605424047925363,1.108692382948081,1.5813341298938255
256,dashing-sweep-69,run_ed575dd8df97499029160784394d382a,0.41321009397506725,0.26446764049960986,0.3798143465184769,0.4972427631823417,0.19160907273774433,0.33252651772928565,0.18211579129570957,0.323223335726848,0.14557987440080294,0.19160907273774427,0.20496702189939223,0.4483071606152909,0.23405718489843955,0.1485004629186221,0.4702468818655727,0.23773997276918882,0.7745015643776121,0.6864378846121222,0.5286209709644345,,0.72686093774534,1.42624056090217,1.3265680821658636,1.0483763202465626,1.5907992432714537,1.367461979224847,1.12082993158992,1.4237693251786532
257,ethereal-sweep-70,run_5303e0096d5d6ebade7cb0dfb26495e0,-0.3410977125167847,0.49080728794298484,0.982704255252724,1.0,0.0,0.5491187001148251,0.49080728794298484,0.982704255252724,1.0,0.0,0.5491187001148251,1.0,1.0,1.0,1.0,1.0,,,,,,3.5292519897898846,3.301207101473044,3.301207101473044,4.785182162344089,4.785182162344089,,
258,elated-sweep-71,run_166ec90b35da4a2c4d286585c74ab95a,1.3525846600532534,0.1393168117883456,0.5238987231119852,0.4729069897068112,0.07804824338516789,0.40213482629299024,0.1038855482890192,0.477776737119249,0.32381554011370794,0.07804824338516765,0.3362191607402748,0.6636142220962501,0.2900009609188889,0.5560323085272803,0.41589329966094396,0.23627304808432217,0.8790641928169405,0.6293555888938058,0.3036745036627304,,0.6228456786767769,1.7585948038710086,1.7285106061994853,1.5486622667598,2.1396986360180468,1.9972271162086146,1.3686736138140962,1.861136426591107
259,vague-sweep-72,run_8403a4ea33180d4737add1cf5f7c3043,0.8784300088882449,0.20974535347225884,0.5731166682276545,0.5294489242317267,0.12643137852762817,0.40240064669973447,0.16519287260649584,0.5426878128479705,0.33340269778157633,0.1264313785276283,0.3371787646133014,0.5076388771497146,0.3834453025921247,0.3939756728282731,0.39662265586973183,0.33145734898922896,0.8109232081290185,0.6378556934757031,0.4045382581603321,,0.6413808161673269,1.8920154809389693,1.8997200927181377,1.7560030370660407,2.343534401678581,2.2286237294256592,1.3045342872836239,1.893416691558561
260,usual-sweep-73,run_1bec2484add6daac6591dbd2579f72a4,0.12603700160980227,0.2968283951825121,0.38608431415399663,0.4884210917468693,0.2224811125791917,0.33227784702620244,0.2050091437946371,0.3240402526718906,0.13087213407156925,0.22248111257919176,0.2087344999809015,0.40045590014471594,0.23669348207982988,0.13365875980376507,0.44093711954766973,0.2279148530062162,0.7507089603317982,0.6812440464581475,0.5393604616735735,,0.7275403718308635,1.5789165468054378,1.3480627713157312,1.0531747803819098,1.5986684684546675,1.359280969724886,1.1359526336569639,1.4243791709148008
261,clean-sweep-74,run_e535acbeba13563954ca9dfcee478bac,0.28940647840499883,0.26995391728189727,0.3086385064468796,0.5327784177473894,0.1889783853372633,0.3086814138527511,0.1750340540499861,0.24566825887421556,0.12798483891345547,0.1889783853372632,0.2097073558976662,0.44475590960490347,0.3045986466174921,0.16900020219434073,0.48495422241794034,0.2777808113145461,0.7803783490562104,0.7255149440166049,0.5627475469718035,,0.7560775316274222,1.319611030557036,1.144248765125337,0.8065643019944303,1.5695469025082207,1.3433980109908061,0.9964154940708854,1.4652699681310668
262,sparkling-sweep-75,run_2a79304d340c52c0040357564455830e,0.32961070537567144,0.2722317130378721,0.4000759680725963,0.44288209282449537,0.22290798522885122,0.3494751021381784,0.171100591775351,0.35364178452124506,0.002772100627995841,0.2229079852288515,0.2667807901492102,0.4464817525469747,0.38229258174526953,0.07535761793783058,0.48666802217453736,0.3411069922139669,0.774757344574766,0.7077111921257287,0.5320074035474681,,0.706947040692311,1.498724176352594,1.3677947419186807,1.131330285390378,1.8807879632041749,1.7165107401804371,1.0602258232296644,1.6705028293170705
263,legendary-sweep-76,run_8862d73a32e1b87d50b4db46c04927b4,0.4189532995224,0.25648281242552634,0.5120404191772555,0.4406042138902307,0.12186113087373379,0.39018849862919297,0.19552418151122208,0.471413110216145,0.18465683177882625,0.12186113087373367,0.32280107668957697,0.36794593341198273,0.28083033373912064,0.22667688280177511,0.4231009123664444,0.2518782708189744,0.7727839504548885,0.6528953440701313,0.4752744824264622,,0.6466622493168805,1.7758381824214529,1.6975775137176303,1.5148039661668502,1.9639737263189483,1.8083291842212312,1.2376511720374321,1.583415234939033
264,avid-sweep-77,run_661b1b7774b1255791cdfac77a7cf520,0.4604339599609376,0.2721138095130584,0.5063688301957479,0.4836200810077664,0.1691381237930684,0.38009355942879014,0.21288108551517562,0.4770326662712166,0.2051317305191185,0.16913812379306845,0.31775906381326774,0.4050125437057031,0.38433166753389986,0.1996288137577286,0.5521139213114536,0.35763039406789243,0.7512463878253729,0.6725203860727307,0.4846123011784155,,0.6682636153224549,1.75758749889031,1.6947059420500565,1.5372049409022035,2.1337814697280817,2.0109684634198794,1.1831871428671235,1.7552569457436227
265,fearless-sweep-78,run_3f1e5a466b4a26863953da7dee936f96,0.5625399947166444,0.23802714791373472,0.5426409832141779,0.43423878711307634,0.16671240302198734,0.3820283578145354,0.18796079582370664,0.5119623697876017,0.23885400022295714,0.16671240302198734,0.3156558865188518,0.41251632955538,0.3298946867406445,0.3394725920250295,0.42596306356907937,0.283331974065387,0.7872273778264849,0.6524154138360396,0.43786798792850323,,0.6583680090369728,1.823328535150055,1.786004651173641,1.647250792980401,2.1362417981813278,2.0216704927504074,1.2527629596734806,1.7155557232025351
266,northern-sweep-79,run_0e556845137cd6f6376511fa213cbcd4,0.9352266788482668,0.20273636520993096,0.5520693494843538,0.44306045854854886,0.16207778568282685,0.39289425414769485,0.16383321919268698,0.5245647445703643,0.25057411467429674,0.16207778568282669,0.32829132045702414,0.5375318894284323,0.3410201880451608,0.40965105513520417,0.3811688662855934,0.30853123662646603,0.8131550071145115,0.6614004463746143,0.3919892604435328,,0.649424688432549,1.8023051404973165,1.8125149020376523,1.6856187063264223,2.2147036993191698,2.112110941401284,1.2454255047715561,1.7806703495046297
267,driven-sweep-80,run_05ffe4019714a13faf19c345288d4ffa,0.3289726376533509,0.26403867235613887,0.3492502055300595,0.43938538144253264,0.22071179320391643,0.3335165233497114,0.17734195283357274,0.27949486435016085,0.07141689272044892,0.22071179320391612,0.24161437955880047,0.39064359735720816,0.320711083415187,0.1397503431982888,0.38057750481438984,0.2772200916630993,0.7756819040941388,0.6790000557239235,0.5420680115177066,,0.7202593104958204,1.3649521218970242,1.2175931153521198,0.9042811138035657,1.6380542003812117,1.4207085913780728,1.1359709311767712,1.578327762320701
268,stellar-sweep-81,run_df53c7efc9fbc6982bb1cd12669edd70,1.3104659318923952,0.14333556597454788,0.4283246438346187,0.4285162201330311,0.15846630755158048,0.3504962890379874,0.09859243260057571,0.35973484020688284,0.2220653264464343,0.1584663075515804,0.25392007146749235,0.7021901958861617,0.15461084227354557,0.45390373421021835,0.41855694070373745,0.18814991332425768,0.877812585429643,0.6169805466217834,0.37258074350455994,,0.7007025018155292,1.4541785485088974,1.4278624725620022,1.1632390251201925,1.725379968924194,1.5136940992738772,1.3695341194589339,1.6774291344125796
269,treasured-sweep-82,run_a071eaf7884ff4cf13224324331cae9b,0.48915117979049694,0.2474970586833437,0.47046611095501234,0.41113299394299724,0.17815834942575462,0.3519680454248878,0.19466122805301136,0.4290583080973642,0.12918137564564647,0.17815834942575473,0.30218557382518674,0.3795158137366677,0.24043753332330162,0.22781427917717542,0.4923237260421933,0.3234891290538509,0.7761245404422279,0.6645261797637863,0.4988016249823693,,0.6921349908849228,1.6258476162879822,1.563223831809373,1.37676836795248,1.7937955349804888,1.6338680521920044,1.1944650991767451,1.4835027961316658
270,distinctive-sweep-83,run_6148cc7a5e9d9635da8c7213ea9552c0,0.7093170285224916,0.22734057311147404,0.5003121975586153,0.41463713723012885,0.1408383304536369,0.3521559126331733,0.1673051017106044,0.47385865775862973,0.1315335736316002,0.14083833045363697,0.29065551624115915,0.4958604804838709,0.35545104239917613,0.2055492768891868,0.5772863314565998,0.33099365937752756,0.8003691683188019,0.6921181491387212,0.5112095444833011,,0.6959896875334705,1.661187375264061,1.6512815150701468,1.513509944922331,2.0684083733088907,1.9601772649790554,1.1075562826599903,1.6668123697709916
271,deft-sweep-84,run_2d249feb9fa330b879c3202ec693ea26,0.45851945877075206,0.250958906858724,0.5387801400726381,0.44024748244212397,0.14602093708710237,0.3563825350536045,0.20495646349631616,0.5112130956469253,0.22731596744825527,0.14602093708710231,0.3161508893290646,0.33757871709463894,0.2997080662094076,0.22550436846193955,0.5596364890902051,0.3567003632261838,0.7771252340383503,0.6621752750737939,0.4970234236597366,,0.6945777362133374,1.841157086099245,1.7775372322669556,1.645316988484279,2.0549207945893624,1.9416819648272692,1.2016297455389913,1.5833429525231129
272,leafy-sweep-85,run_7e4066ed1a0f3bed8ed57e1d679a98d6,0.508934259414673,0.2575941158615361,0.6013809538676074,0.47213778752183116,0.09576091743740896,0.37409428127540795,0.21285098248756346,0.5820767381599076,0.2650849095165547,0.09576091743740917,0.3374173014005852,0.3731757536782882,0.4187687769933655,0.21640839000095777,0.6583382907803516,0.3844795094884675,0.7691002394417752,0.65274755721463,0.5039997210515365,,0.678295372721643,2.020061922003818,1.976324704009852,1.8718196604021706,2.4177727262753597,2.333125470545777,1.2268551529609621,1.8560547369590752
273,pretty-sweep-86,run_9c73836fe78dc3c6e285e63ea35b387e,0.7188895344734193,0.2218919251137016,0.47436858043770114,0.4362342536509233,0.19646644306670732,0.38228326477349533,0.153482794865427,0.42736203469555534,0.14099438891159713,0.19646644306670705,0.2918528773694848,0.5026187943409454,0.2496720679784635,0.27542955655588547,0.32350883545145276,0.2636223472237267,0.8056061161457635,0.663330576785444,0.4571547362475912,,0.6632470351505946,1.5873181530341502,1.577907428068529,1.3674134243218135,1.8551658577845762,1.6797821231788514,1.2107571877691146,1.554921694514009
274,polished-sweep-87,run_b2c313b7caa95652d47bb7e762f8e02c,0.15539258718490603,0.2874387591532018,0.3472053115211307,0.4804578053584035,0.2147508215604567,0.3244544640288864,0.18902694471829834,0.28419343760731786,0.07498049124893166,0.2147508215604569,0.20919598291577718,0.38111079394078057,0.2904737553215677,0.15064797965286422,0.42064347359260196,0.25859054612042454,0.761352039650145,0.6969868368075312,0.5492956267153088,,0.7362807820717157,1.466191211267096,1.2324674545310315,0.9214186668871596,1.5908068087659175,1.3640757442407339,1.0854754956958492,1.4798470624000142
275,dainty-sweep-88,run_181be64aa437d79ccfb5b10a722b9d56,0.48978954553604137,0.25491745498970225,0.4791452030845119,0.5017725093827803,0.14302944066131382,0.3303173240849659,0.2107061417702085,0.44742593112921875,0.30545873434654985,0.14302944066131348,0.26591395058234923,0.3959304644650343,0.2512477029981088,0.23773499771201134,0.5377571221707562,0.27743987186665336,0.7747978576272405,0.6717921222393954,0.5151139473680775,,0.7121993013210169,1.6756764650151275,1.6163414912758074,1.462737760173288,1.8593258888281494,1.7274648185950572,1.1674907276751485,1.4857885258859465
276,pleasant-sweep-89,run_7410178237b0f242c57ed28507b506f3,0.4910656809806825,0.24747448141263476,0.35517675585110253,0.4055070417301474,0.21516329572788565,0.32498844343832856,0.1776806118942077,0.28865786269551363,0.10977667124967501,0.21516329572788565,0.2224207430342972,0.44627460768524746,0.22226321376703914,0.2080277538337111,0.38142872045041304,0.22314008761903636,0.7849388188125402,0.6745230186975665,0.5132685719810985,,0.72559324500412,1.298058311840238,1.2195018896304857,0.936405325888944,1.4911843590188876,1.2701578122908292,1.1586679629007228,1.4418590021298048
277,driven-sweep-90,run_65d60bfabcd55624bc0d8f7752a7e624,0.4719209671020509,0.25404195860331985,0.5947051294058884,0.458842109174687,0.1107963207643053,0.3787332761156857,0.22009076062825028,0.5742353761460254,0.3033369254208316,0.1107963207643055,0.3454800007171694,0.3767366996419619,0.37058318994363776,0.29655865232151024,0.579759901652683,0.3803206257872498,0.7709479876279048,0.6501918591390304,0.4749012127042181,,0.6651494039628821,2.0065257176410807,1.9523870792697924,1.8541617797304952,2.3270178102265398,2.2452421889910337,1.245733083335787,1.7762453368634576
278,dauntless-sweep-91,run_37fa79a9793b2b0cdfa523df91fae1f8,-0.3410977125167847,0.49080728794298484,0.982704255252724,1.0,0.0,0.5491187001148251,0.49080728794298484,0.982704255252724,1.0,0.0,0.5491187001148251,1.0,1.0,1.0,1.0,1.0,,,,,,3.5292519897898846,3.301207101473044,3.301207101473044,4.785182162344089,4.785182162344089,,
279,skilled-sweep-92,run_d6a5a6ee1a24b429f9c793d6ec0fae6b,0.35067021846771246,0.2767822873785531,0.530158284162218,0.4869978819070268,0.13601145102822104,0.3566990250393469,0.22472913546613293,0.5126648142944856,0.2389877745159972,0.13601145102822096,0.30904155762963054,0.34990478224775634,0.41069831769166054,0.18798412242335236,0.6275995357645323,0.38387957908692893,0.7577809239471052,0.6984436732946278,0.5174900407033685,,0.7008079038349513,1.8626524541161644,1.7676123540659885,1.6540466918595311,2.2291154978415615,2.1401805828766385,1.09583216022561,1.7450932903015401
280,stellar-sweep-93,run_cadecc4ec58bbec2286b2e96f04b49d5,0.5306318402290345,0.24540991543557827,0.40104898379694676,0.4708855115008732,0.17803638581156622,0.3270479669416076,0.17137151902385905,0.3472885642034281,0.15308981457396598,0.17803638581156622,0.22439607708324072,0.4449067771870583,0.24939577094049978,0.134001000329896,0.46524461967490477,0.22270147986411595,0.7877886419645069,0.6813443536869674,0.5236019339959291,,0.7213978729300318,1.431936628623578,1.3749043841595578,1.1220063088608825,1.6517393498029957,1.4480258876242758,1.1346378219693949,1.4578353134527584
281,eternal-sweep-94,run_14b2e6801b195443f72daf8f1fa35f28,0.31812369823455816,0.2751517067162363,0.5508725921763293,0.4595704358812381,0.13566758139377308,0.36672146776518316,0.2171782927067892,0.530996014277835,0.23718553751254148,0.13566758139377272,0.32470001660403125,0.3485761403345702,0.3531243232639252,0.207554619076504,0.5986691019873099,0.39046752940564816,0.7627505538645531,0.6835161602181585,0.515008802678214,,0.6928213339962609,1.9263349668622205,1.8225036557866252,1.7096757183213478,2.1755623865272637,2.081956575948261,1.1371560884952332,1.644589946436001
282,fresh-sweep-95,run_0553858b6ac9bbea9dcb5f8e935c0bf8,1.1668795347213747,0.16255885769044554,0.47228726338026705,0.4592545799115602,0.10279245858318935,0.3677371979411002,0.12683158108626774,0.4192761179274244,0.31154546467987065,0.10279245858318929,0.2838283751201455,0.6197955901370515,0.22903806499176285,0.46633634496482895,0.5062449494342903,0.22945462647079706,0.8579802341264604,0.6166538042896361,0.36931102462803217,,0.6601562575475589,1.5714057845734128,1.570952813707523,1.3678711405561395,1.8958093931711029,1.7312631138872439,1.37385634445913,1.735995900787443
283,northern-sweep-96,run_dcad49d11a9ad0232db2a053e543af1d,0.5963623523712159,0.2362811723122386,0.4867628235147202,0.44922150793355875,0.13124724734898535,0.3206316391764713,0.1987978857640273,0.45101620305329226,0.2885660138976627,0.13124724734898505,0.25716682218329756,0.4225736468412477,0.311936734008903,0.26559333397184176,0.5088429186792752,0.3459986460787749,0.7917502165362291,0.6570253796456443,0.4942427227504501,,0.717934833747021,1.653512557355893,1.6208051144846418,1.4686548600427258,1.9619283334097537,1.8382330277262235,1.214691029799648,1.6424456959583564
284,stilted-sweep-97,run_b48f47c23b6c995497e565b777c97bcb,-0.3410977125167847,0.49080728794298484,0.982704255252724,1.0,0.0,0.5491187001148251,0.49080728794298484,0.982704255252724,1.0,0.0,0.5491187001148251,1.0,1.0,1.0,1.0,1.0,,,,,,3.5292519897898846,3.301207101473044,3.301207101473044,4.785182162344089,4.785182162344089,,
285,toasty-sweep-98,run_c26f28a4e949de6548b8c02ec1ab89e8,0.3589662909507752,0.27705572321269545,0.5858543286191502,0.47239047229757347,0.1236016532845479,0.37014595177347426,0.2299846223700615,0.5695159897182938,0.2759206272527961,0.12360165328454792,0.33368568179036673,0.3590368472632264,0.4006611707659964,0.2116363907246006,0.6594309357850315,0.4285093687942186,0.7600683024932019,0.6744370375685926,0.5181234787294781,,0.6953909852011346,2.0165142990003524,1.9318813565279795,1.8364394203235654,2.3475852983156607,2.2696918076438917,1.1617592806994972,1.7688063159822942
286,clean-sweep-99,run_641b1c4786a4417e72c3cc953b2cb876,0.600191354751587,0.24120301732680097,0.4874496581436733,0.5142581100665156,0.1309414913439713,0.3374274353163847,0.18985728656326292,0.4488308201429865,0.3027089294340599,0.13094149134397093,0.2581318827802163,0.4594317940929333,0.24656237822120639,0.25463397503431984,0.5624136805504696,0.27640818569600806,0.7876911585989096,0.6514512619602595,0.49386203233684034,,0.7104393202753504,1.6734336105231051,1.6427756972820657,1.4636152282353918,1.8927646683586365,1.739544662987628,1.2313053700598497,1.5491801097820825
287,dry-sweep-100,run_db83cdf3f9c1e229c5bd6d3cbee762c8,0.36981493234634405,0.27436150224142125,0.5057028087373691,0.4692616402214707,0.14253057560050145,0.35452413080234896,0.21255998655398092,0.48246490379111895,0.16043625283341365,0.14253057560050172,0.3054463561167147,0.3778645784012535,0.34757952404178355,0.1683608424054741,0.6108809068524965,0.3671898214923754,0.7627613370409017,0.7035179019729203,0.5326034480912754,,0.7041794673991866,1.7817668237245938,1.6890334598651842,1.5487560727915783,2.0572010832053147,1.9436788935433131,1.0741313068913756,1.5915402390895244
288,autumn-sweep-101,run_0499c71789841ee2bd9c4a382c21ad7f,0.35067021846771246,0.2597991626341153,0.4885475528914697,0.5110289472706327,0.13300555612020193,0.3267782488749405,0.20213681324332528,0.4493875724558501,0.3225112407565677,0.13300555612020207,0.24380954162739799,0.4022862706073716,0.31198311955937896,0.24875863316625693,0.5330031172164665,0.2527449234618097,0.7822831567740498,0.6627518853448138,0.5155894219684182,,0.7230191681262215,1.7520179406888885,1.6478571856251236,1.4711779955056856,1.9779997659783235,1.8334160641965795,1.1913929411902442,1.6175496623942927
289,crimson-sweep-102,run_4ac7e6fb78f4061c7aba389ed0dfcc2b,1.3647097349166872,0.1404908298652137,0.4819081514782555,0.47370220355988263,0.10243419046651082,0.3526470177834632,0.10984093058492683,0.43864797643949094,0.3342796625915056,0.1024341904665107,0.2587508311759786,0.6746682970094177,0.24602345518286298,0.5063463482637891,0.5136688909263226,0.20447731549093043,0.8781517025388885,0.6552474741315122,0.34709359888876873,,0.688691642325455,1.6369977498495167,1.6020256288666537,1.4310584876931673,1.9706155018004912,1.834330323466703,1.2765879590271934,1.7165419183707746
290,zesty-sweep-103,run_2f7ebc46c04962564a70787e84f2bc54,0.2734524011611939,0.28101427134367374,0.4724121424037132,0.44262197614358423,0.17578429379679505,0.3637358602642146,0.1945734275558097,0.4387780587555804,0.09010441826762301,0.17578429379679492,0.30091649575427903,0.41030858867595504,0.3058547799820612,0.13647798742138365,0.5469394473647357,0.33761914347206307,0.7626382475745723,0.6942346059556728,0.5301115708263825,,0.6908433860409418,1.719161990636237,1.5832294708502397,1.4040083594321362,1.90501086630479,1.758888943829574,1.1009361922184895,1.5279107770767058
291,sweet-sweep-104,run_6ddfe849679412cecb5f29ef364e651b,0.4068282246589662,0.26362475572647387,0.34353699020740325,0.44238043922559533,0.23163007758241017,0.3333536011649326,0.17534261008300878,0.2756132080380466,0.07041358552264904,0.2316300775824102,0.22899453626031993,0.46242664769368275,0.22620142629830298,0.11484191595100517,0.40111466352705943,0.21809827384046412,0.7747437579111746,0.6775815400353775,0.5330992359319195,,0.7277375499736319,1.3144313768615992,1.2022375394442184,0.8918124849917235,1.4778609623368735,1.238558610295651,1.1437977668044843,1.4307240314251057
292,fancy-sweep-105,run_e53e510bc17972406d053f6915f159fe,0.08710920810699464,0.33152715167661323,0.5170251735298096,0.6799227081862435,0.15258325710607448,0.39456790931860336,0.2418903697906082,0.4931004339546068,0.2748541488610606,0.15258325710607448,0.3186508484036355,0.48167633894674083,0.43477387253924854,0.3591288616458619,0.6341495616247185,0.4532576239490414,0.7233956384508731,0.6848879469353488,0.5227574724584952,,0.6772197917053733,1.9921884418060587,1.8014870085685941,1.6017291074978286,2.3444880633599645,2.194722071470947,1.1389584991510444,1.8837450198963592
293,dulcet-sweep-106,run_1a994117ff42909488b8e6230bf82b5c,1.2058073282241824,0.1610587234811141,0.50220619608088,0.461439560031214,0.13823220516990212,0.35676450572605223,0.1319139755814273,0.4629005234512399,0.3337445654193453,0.13823220516990203,0.2765584598318861,0.6321770949677724,0.24914423254353046,0.5020632336195979,0.4640909892119627,0.22351554403654825,0.857930314124234,0.6312220594295832,0.3585403354958543,,0.6794869664613085,1.6665514566711854,1.6616187931626916,1.5071680987915594,2.008337837576872,1.8825513363694681,1.3385163395880486,1.7504484703628653
294,logical-sweep-107,run_53501badc3d50f4d7de3d483837e7a99,1.3589662313461306,0.1396755395340553,0.4722300271611877,0.46650811935639697,0.1220804959853644,0.3638660421056406,0.10655217481831566,0.42521307483375487,0.3358329307718032,0.12208049598536443,0.27653351480837934,0.6696415985438566,0.2567401534728398,0.5575670699911672,0.4686874953690408,0.2066212651467579,0.8778905533567534,0.6478548454354127,0.29589865982767394,,0.6694667200146149,1.6051475216312197,1.570716736810343,1.3900355079799422,1.9711943180182954,1.8304793594948117,1.3231521125800905,1.7802211899414735
295,colorful-sweep-108,run_d2390348850a58a252d34ccc9cdb456c,0.28047233819961553,0.27848812560989983,0.6144620315735797,0.503481847571625,0.11729088321983944,0.3792656964611587,0.2311260288336831,0.5888202054259939,0.3148377986696894,0.11729088321983927,0.3264648770171364,0.31116775484966847,0.4204793561772,0.2399048622418031,0.536437330598362,0.3571864855509868,0.756389053232038,0.6494117854141925,0.502519395268389,,0.6730827070807288,2.13233438029437,2.026495864638061,1.9025336853403412,2.455421367849626,2.3541544189266914,1.2393361963300975,1.8596673927967124
296,trim-sweep-109,run_700393efaf0c49739d8f5227fcab45e2,0.507657825946808,0.24871372271599546,0.5618463363616496,0.43968265764928827,0.10660128061794899,0.3646596056659503,0.20808968695359867,0.5391912001914813,0.24477351268997788,0.10660128061794888,0.324039753013086,0.35107239818086944,0.33961697855315576,0.271371622556375,0.5660980382692159,0.35335658426393673,0.7761542707914594,0.6593260012333593,0.4742629875167551,,0.6825321510494904,1.895371919339063,1.8471308595047804,1.7350754721251573,2.1822428186716443,2.0882476389258606,1.2194646576003103,1.6844540239036907
297,laced-sweep-110,run_4e472a61dff57d48a552089f19ec0a7c,0.40555208921432506,0.25945799498784594,0.38147940016442394,0.4722232544312734,0.16947437070162955,0.32897185187956857,0.19249381006494753,0.3222243035392798,0.1967002341050127,0.16947437070162966,0.2243321554605047,0.4045926577515111,0.18935102502485676,0.16488948483010354,0.4541060228159086,0.22033786906307715,0.7773092990293873,0.6732935029618058,0.5266257019553773,,0.7222450527263513,1.4253520435882512,1.3212034592320985,1.0554761328064344,1.5149258887419117,1.289748709872444,1.1580352872074746,1.3749427603036084
298,blooming-sweep-111,run_d6c57689bd21f76c3bd50a6795ad0191,0.420229732990265,0.26004500402627995,0.5367820756975014,0.5296235740031957,0.09387471626520312,0.3597010027119918,0.20416876760713557,0.4977990072117636,0.32310579317007926,0.09387471626520284,0.2860492617442341,0.3882546796994359,0.27030264806653376,0.2664336110845065,0.4508405708942651,0.23172292509417303,0.7748081488038637,0.6254614380271035,0.4929299070326042,,0.6810769340007248,1.8702899937040882,1.7970738722045143,1.6199138109962696,2.044954347437119,1.8911595744405874,1.3079077922676194,1.6318659791834023
299,dandy-sweep-112,run_35d636f01883402d79e294d91e66eb99,0.46107202768325817,0.2616279215615444,0.5600355905216822,0.494154806584668,0.14084680014906667,0.38505294191473327,0.2095647353065866,0.5361628838729148,0.26122403478131606,0.14084680014906678,0.33724580436397583,0.36407992490323665,0.38658173625136155,0.2055941853164341,0.6254390918504779,0.41441041917879023,0.7709430064348249,0.6651653248560805,0.5131096894533034,,0.6751291763063807,1.9159934652095916,1.8571582508556015,1.7282539613901529,2.2623691824071694,2.1578089127273072,1.1877170865120685,1.7549784689213037
300,still-sweep-113,run_f86f916b4e2d8dfb3af0c460255c9b47,-0.3410977125167847,0.49080728794298484,0.982704255252724,1.0,0.0,0.5491187001148251,0.49080728794298484,0.982704255252724,1.0,0.0,0.5491187001148251,1.0,1.0,1.0,1.0,1.0,,,,,,3.5292519897898846,3.301207101473044,3.301207101473044,4.785182162344089,4.785182162344089,,
301,divine-sweep-114,run_0f7ac556f0b968062bd019d34a0e8fa0,0.3564134240150452,0.2810644430563604,0.5942888659944012,0.5232061238898592,0.11594674255513775,0.38909481525481737,0.22377336433945172,0.5767745829560947,0.2975288915313444,0.11594674255513769,0.35244745759540885,0.3912682780709755,0.4276804052927658,0.24540433547233662,0.6881475038590037,0.46148745980792344,0.7573309147532286,0.6714553085236374,0.5145846186245688,,0.678444857862629,2.0542007913816516,1.9709222287232813,1.8615281774191432,2.4345336053713935,2.3468503572517205,1.1721486767400042,1.8483376218619887
302,distinctive-sweep-115,run_bc69a1fe03d25d88657972504b1fac21,0.3238672018051148,0.27573871575467035,0.5229621304361401,0.44232098398424435,0.16184656299759462,0.35606994272778514,0.21158916391349392,0.4993287752489777,0.16713983129575294,0.16184656299759445,0.30300408240900323,0.35438381303103234,0.3171064294404142,0.20808458108525155,0.5576854276575608,0.34507932893623455,0.7603204335447751,0.6897357263949093,0.5213309827281091,,0.6970757066714264,1.84056983360336,1.7339474014346252,1.601873264464959,2.044755620285762,1.9340242788434552,1.1176804182901068,1.5568113158560577
303,grateful-sweep-116,run_282627d764ab5301cb3e652464ca0b59,0.6078493595123292,0.23560636277660288,0.5207403244773293,0.3983575489576753,0.1344022088965681,0.34743740553046765,0.19714974500227017,0.5014673285254909,0.21288692356285507,0.13440220889656823,0.31303509998667006,0.4153582634506286,0.3463312248924808,0.31017271653417616,0.5614603042629639,0.3394248317671524,0.7910255857651691,0.6989788286989786,0.5207042750540981,,0.6987747508643438,1.7390157322502862,1.7105273895380713,1.6121053563472345,2.096207700781128,2.0166969168463607,1.0860626839508836,1.6271800539352645
304,genial-sweep-117,run_1b70e8c9f3f136ac682d5bac5a8af19c,0.7769623398780825,0.20946439188121346,0.46324394076571657,0.3990970235219798,0.19507825998577097,0.3760049141696309,0.1476729105363106,0.41756943794032886,0.1010924900598268,0.195078259985771,0.29596256999222803,0.5200551321302131,0.2390165666810915,0.2656937926337409,0.360228810337836,0.227919450930505,0.8171001043518056,0.6658248035658898,0.44989180174108745,,0.6639371550893919,1.5345923623484743,1.5326784568890428,1.3325424327468087,1.805946559450478,1.6395148850955956,1.2053223721218937,1.5379017342199697
305,lunar-sweep-118,run_5fedfeaf63db00c5978cd739cee96c43,0.23580104112625128,0.29317840308455695,0.5397791722602064,0.5969231912600794,0.11568841684453028,0.33284378724701263,0.2381952231512351,0.5107968322354384,0.4049645126528188,0.11568841684453009,0.2573118151324308,0.3938868300511973,0.3322306339189392,0.365661441539231,0.6739843635394065,0.30307834091831326,0.7533203632239269,0.660116683111972,0.5406986252726963,,0.7295202569188047,1.9631436251754417,1.8319078635014547,1.6822209305135243,2.1791084154343023,2.0548708779181037,1.1945774512414182,1.6791790711155776
306,serene-sweep-119,run_03b8eaf34a8a238fe086df41fe60660d,0.7227185368537904,0.21244710020043597,0.4612042500494314,0.39182490431422096,0.21464833824575671,0.39663912580165117,0.14543274356485045,0.41275118895236895,0.11397569767009771,0.2146483382457567,0.29962169312787995,0.5413819521421356,0.21104648043590846,0.26678436505656117,0.3670395839994504,0.17319414005083456,0.8238628421461822,0.6440401410160554,0.4066635935765759,,0.6362821566214975,1.5354170013654063,1.5250423366782337,1.318247542146818,1.7707141534558062,1.5960736408336025,1.284580321211165,1.5683816774722554
307,lively-sweep-120,run_72fdb6c55ae8d7998903b1281945cc74,0.635928511619568,0.2408894441225093,0.575770347475883,0.4573445802831555,0.10982315275942678,0.3686445731711595,0.20250306674593804,0.5553526271424557,0.270826056259522,0.10982315275942667,0.33226693357841847,0.43890201376965415,0.3809290936489294,0.23734955144781797,0.6649155817356883,0.39326081308700456,0.7874220976504291,0.6697514676400558,0.5128319494691295,,0.6879692271707079,1.9122832018534568,1.8926982643118309,1.7884405636002751,2.298335539227139,2.2132688902788917,1.171820380981814,1.753055200622573
308,chocolate-sweep-121,run_0d2385939927118213c4c8782cf2ffeb,0.14901071786880496,0.2939485388742973,0.40176183488911776,0.4279811229608709,0.25530541721719685,0.3553449779821191,0.1750064596080083,0.3512482699051958,-0.025744119505034833,0.255305417217197,0.26112606513301534,0.42575135168576006,0.3647201504535986,0.06830912322148792,0.40082062396044327,0.30022981736212345,0.7643003763026113,0.7055378797340397,0.5196186597581596,,0.6972651130947802,1.5879157155364771,1.3724792547983702,1.1247415221763406,1.8438648367216035,1.6676875375663296,1.073964593168176,1.6338721426798923
309,azure-sweep-122,run_1dd4a5e7de175a764bd75606d5406669,0.30536055564880377,0.28270254947558016,0.6012560748441614,0.438460109249006,0.10759901073957383,0.37532594181105555,0.2543806176639546,0.5910159949215864,0.3216379918992231,0.10759901073957358,0.3542130975404986,0.42592783275740204,0.45691666342810633,0.31707222594685475,0.6720865222659725,0.48029489462795844,0.7579553173467488,0.6934575800441414,0.5334021389425753,,0.6970126923301211,2.07119769708767,1.9716127089904654,1.9134156785726375,2.5013864880541283,2.4557763023888457,1.1027156227550314,1.893583753900276
310,eager-sweep-123,run_fcdbd0413de8c3b936eba7dc7dddc8b8,1.3059988617897036,0.14475542544358064,0.4513388071971944,0.46914272973876864,0.11844360876782872,0.36193670044378756,0.10901309732559679,0.3985670132059569,0.3265690609787817,0.11844360876782888,0.272775391110685,0.6664889850538662,0.1888827757274086,0.541567112558397,0.4530692963621332,0.19816758569227985,0.8754189674581474,0.6149628701559231,0.31932592830967504,,0.6692048724075988,1.5332310305708008,1.5093429772202067,1.3065557191089316,1.836405662469988,1.6737255991960376,1.400490463775575,1.748039780266514
311,earthy-sweep-124,run_aa5299189f752fd87ccedb57d52af49f,0.36726236343383795,0.26928412491753023,0.521822609347195,0.4513284530489391,0.16513619270251043,0.36032852595958437,0.2004886724815683,0.49587899222628085,0.1584816617739958,0.16513619270251054,0.3072860516003403,0.37167903371350636,0.35162112482683483,0.16684991859017337,0.5538694410272104,0.3394427645913982,0.7675876756232703,0.682406658188563,0.5133011261549265,,0.6928563011788795,1.8240182689649889,1.7318197564190396,1.5887957370995138,2.097989042489007,1.9815726703571148,1.139976574300463,1.6437472261982553
312,rosy-sweep-125,run_88fd6c5a52155f04ce24360a449629c9,1.354499161243439,0.14176769995308944,0.5446910805157504,0.4778603545018766,0.08136497611545891,0.3847341133330371,0.10725457879592912,0.5078101422580211,0.31180186540819765,0.08136497611545913,0.31446710024235663,0.6572826360372539,0.30963760565406645,0.5260047462461025,0.4168527184514767,0.26602647717344935,0.8756943348479249,0.6412388302096359,0.3209866754779117,,0.6555643436721799,1.8223347402881607,1.7931347777255355,1.6393399140342555,2.2097032054441486,2.0868376263636756,1.328008570288966,1.8523127942716053
313,faithful-sweep-126,run_5980ca5557545d555eace5f2333ef298,0.5491384863853456,0.24156927082941365,0.5292060816084421,0.43519007097469425,0.12852847511603485,0.359317472975575,0.20034317451477673,0.4952181740605455,0.2248448589795996,0.12852847511603507,0.31624833082713816,0.3663674677681488,0.3058475243940419,0.25655907799380645,0.537835738219878,0.33583183697986013,0.7808449551858696,0.6586452220007539,0.47777408221326967,,0.676111269241163,1.7869687379603112,1.7459487044577298,1.594710944774263,2.045436785216581,1.9179618768636513,1.2190076650722186,1.6190906247719243
314,comfy-sweep-127,run_088b864695afbab129429626806c3529,0.3889599442481996,0.26772880182424347,0.5721072294547991,0.45264018431124814,0.11216248263712437,0.3588536514447457,0.2334063331752924,0.5580687459024072,0.2758797517743669,0.11216248263712424,0.32963679266242135,0.37669640679689714,0.37316634137503213,0.24472091860081516,0.666544995841417,0.41180077090520495,0.7669103445007717,0.6936496187613073,0.5254185393991742,,0.7029570399629247,1.9624780014387284,1.8840458242102358,1.8013870781529095,2.268027416494522,2.199844335307175,1.103659327463727,1.6770162805842037
315,fancy-sweep-128,run_25ac29bd0e219224394f9f8c11b15e23,-0.06860241293907167,0.32793234846261327,0.4948175205269896,0.6179369031251161,0.12994714910051836,0.3804919002729142,0.2462327315236394,0.470434891199151,0.2831147114562818,0.12994714910051844,0.304319152867002,0.45848031165251335,0.32650428188880815,0.3105415615788185,0.650750528461499,0.39672239397091263,0.731054394373931,0.6861965637095357,0.5362017188355731,,0.6877440041718089,1.993038112878889,1.7140097513190644,1.534234130272214,2.076179218221515,1.930431320987669,1.127903608768801,1.6263017153135344
316,gallant-sweep-129,run_6b30381d2ad96b58b455b9fd9e505dbc,0.387045443058014,0.25302096425014614,0.3694649974503867,0.41234067853294176,0.1963614188433784,0.321094681175316,0.17633350140857107,0.3206372992829864,0.12507524803983466,0.19636141884337846,0.21616967604989315,0.41890477196894976,0.24201654877970577,0.20493375474890652,0.40825469982262214,0.2258808589005831,0.788984024847073,0.7063892066474016,0.5445258067729741,,0.7300079865578742,1.3823103730563175,1.2645506264808946,1.0367353077358303,1.54993142996052,1.3704084241394412,1.0554892051541662,1.3846503576149516
317,olive-sweep-130,run_298f3fce0fcd0541fbb7fa08d8e2e007,0.24026811122894293,0.24937097215219087,0.5335976605996274,0.41174241016684626,0.18244994410001017,0.34625173738191073,0.20132654008343545,0.5103701622386645,0.2587492103600756,0.18244994410001017,0.30489912466353436,0.4256473751098788,0.4220541645383496,0.3157758409688302,0.4127019044995808,0.32515961761743667,0.7929954560680679,0.6839997056417122,0.46498234278526385,,0.6976342300906326,1.8957818938684885,1.7547029173213577,1.646894214768859,2.267414733959191,2.1850509839265264,1.152239834012545,1.841152867853292
318,skilled-sweep-131,run_ef62674ab50befe50a790506a3f6c008,0.5810466408729554,0.24393235849695585,0.5734132559083389,0.47593549106313404,0.1113028085510045,0.38170173391299334,0.18753935343713865,0.5478963087841986,0.24221693731187996,0.11130280855100466,0.3274525440416083,0.4608658725437378,0.367994086773274,0.22042758782151553,0.4787810581175127,0.3466908249166057,0.788657140485806,0.6564113942154531,0.48745266724056463,,0.667142044375635,1.92095396334513,1.8905145351700992,1.759472564606185,2.2779875681484056,2.1704667374901505,1.2197958324392386,1.7615572729222877
319,snowy-sweep-132,run_06f42425619db8d6553a5c513dc4ca7d,0.4655393958091737,0.25611906750854796,0.5384055030023,0.4964958567128684,0.13221533353660603,0.36636756024418066,0.2052549851868019,0.5136378300188361,0.23791758017167722,0.132215333536606,0.319486506691113,0.34809928496549086,0.3409530022436987,0.21071736423714205,0.6024330294356135,0.3608494323966351,0.7735000850334827,0.6650221595024373,0.49788724083811753,,0.6873303377310158,1.8522853802253756,1.7919012163359032,1.6543798198005706,2.130486889488067,2.016193692415939,1.193951829278344,1.6593930781498258
320,jolly-sweep-133,run_c43c641242be5ea156bb7c4e5b20a9c7,0.3353542089462281,0.27023738745857695,0.41835513512951,0.5127605811749841,0.18899108988040791,0.3691769935166325,0.17837799870055274,0.35883987387218635,0.07892311694102795,0.18899108988040825,0.2805831834683093,0.36864612194626006,0.2583967784461277,0.12374208515574285,0.5370085584030212,0.29221779739069415,0.7688790820322261,0.6719358757752321,0.5249375115760233,,0.6857387739222729,1.566808103139854,1.4443551675677455,1.1513939897420726,1.704424497611358,1.4644484072824988,1.1642001299877471,1.4745382194577281
321,fast-sweep-134,run_85da24bf173ff64b990981fef29b9657,0.453414022922516,0.2596963106231076,0.5788038670870926,0.5060347069971386,0.11924314801639735,0.3641115946807856,0.21663392962413847,0.553557491180419,0.2779866968897479,0.11924314801639742,0.3182283420679893,0.3342094801617737,0.39037963959468946,0.22365971756643152,0.6019283929524862,0.335498545436039,0.7679880992053644,0.6491927698585948,0.4982844771513888,,0.6827297462792632,1.9760988134638298,1.9166774543429737,1.785627571340582,2.315023701818052,2.2077472906844116,1.2394374188205082,1.79496166843895
322,icy-sweep-135,run_6bca03331c1ddbc056bef4f0beeb4306,0.31301856040954595,0.2741608153906746,0.47631461188640184,0.5317602467392517,0.13006657180607786,0.30477907673790816,0.21764238104914085,0.4452613613894871,0.310438110809706,0.13006657180607764,0.22744170854702248,0.3761484723974373,0.27980519261776515,0.26497163958326686,0.6091614113403474,0.2596984402367639,0.7680626619501932,0.6857048983535008,0.5502600070381032,,0.7425589265331478,1.7388123973905,1.6207063915690607,1.4581895713987372,1.9029703909682418,1.7666136893404425,1.115291486222696,1.4961558075514219
323,resilient-sweep-136,run_66ef2e0ed7b0970e99c618dfbc6dbfa2,0.41576266288757335,0.2735612634240689,0.520719511306755,0.506789045371781,0.1468755293559644,0.36619060648367935,0.20512704731945078,0.4997606485383953,0.1962543197948795,0.14687552935596454,0.3108407174500575,0.3936854000046653,0.39761190121869755,0.1808387872596282,0.6005994840470875,0.3709502167509691,0.7610324842343217,0.6898959469248428,0.5159092397133478,,0.688712736911123,1.8192461342931356,1.7444652464037427,1.605677402797748,2.1935820242179935,2.084908396768827,1.1194170693367722,1.7383146079419476
324,vocal-sweep-137,run_027a3ada69519779a76b808b6c8f5143,0.674218237400055,0.23076980967360794,0.5518872342418284,0.4752071643565828,0.10352169935969104,0.35752065175110165,0.1813205696496257,0.5246115742041564,0.25346884173757955,0.10352169935969074,0.3124496714662449,0.4426471242905395,0.3534084430591899,0.18824803924698572,0.6243784462533225,0.34218894916173054,0.798587424651485,0.6654465101303513,0.5182315496717185,,0.6922508509060111,1.837865827281605,1.8234230851076678,1.687985971683262,2.1920813909346046,2.080780074341763,1.1798000852177655,1.6947794305625945
325,clean-sweep-138,run_caf3a8f7709d8c9bfd36df7191713514,0.24154424667358404,0.29197929915134546,0.5034966126564892,0.49942774330199546,0.14078835925060137,0.3339553998570338,0.24110016531579315,0.46998740803180233,0.2972576269926794,0.14078835925060143,0.25652760595593627,0.34713616746743625,0.2623556635057645,0.23041811661292547,0.5212961637490632,0.2371068562042183,0.7411692741677669,0.6637082413867168,0.5252999366159551,,0.7116610236483518,1.8329679730151458,1.694039070233689,1.5347224581679713,1.9317529190973541,1.7936761113891402,1.1930024995463355,1.511673222917814
326,jolly-sweep-139,run_9d1d8003c8ff2944c0f1e7b2a91930be,0.5567964911460878,0.2501912796546179,0.5230193666552194,0.5398796031362639,0.10783446827252095,0.34583780589809493,0.20763061578251552,0.48897942618088736,0.3501876556055145,0.10783446827252081,0.27468524447292336,0.4028304866230479,0.27843352690419904,0.29151549979248476,0.6010596551909108,0.25831216426394416,0.7787790561292116,0.6448665877268622,0.49959724299256336,,0.697448811590238,1.7953807159227424,1.7577139247505704,1.5989842585312126,2.02782253115932,1.8918923425094643,1.2492153658818606,1.6071854301762094
327,rosy-sweep-140,run_e7c2f2a948f6b162cab155e8dd7e171f,0.14135301113128665,0.29565688569127835,0.3714110288990874,0.5136041024116531,0.20641748822712339,0.3291074904448868,0.1985846559851091,0.3094294069287045,0.13106164765337597,0.20641748822712358,0.20411265484428456,0.41379791182082243,0.3171532618515363,0.17519309559535592,0.48691757824402365,0.2469544680065392,0.753876053550701,0.6900756637081689,0.5403133349399664,,0.7300254520196297,1.5428951193733733,1.3155469174261831,1.0070146969140221,1.7141898784999814,1.4905911067100488,1.1101440308847828,1.5621149179594187
328,polished-sweep-141,run_618cb8a55f614d8d1598bf96e72fd732,0.32833427190780645,0.27074412175671236,0.5380672889804669,0.4672030024896882,0.11624826371243692,0.3768358952652007,0.21374403897338648,0.5044332053323344,0.2181895879008584,0.11624826371243678,0.3166061360080636,0.32590688963002684,0.3085275215810439,0.21067628686056036,0.43996176938260917,0.31041357364711697,0.7594005454217772,0.6560169129858406,0.4910826044040567,,0.6689281221697911,1.8880088904814216,1.7851456802482775,1.6241372469355948,2.0710473712573965,1.933989118678443,1.2247973932864993,1.6132640109059924
329,still-sweep-142,run_7bba2d262c755a217b23a458723a2e06,0.18091887235641482,0.28258966312203515,0.3879835159689053,0.42503437256140597,0.23403547108445985,0.3411699683743874,0.16621637554530377,0.34433829727451526,-0.036494370331834385,0.23403547108445988,0.24969188998309202,0.4413833604014332,0.3583949391056998,0.16378188551543596,0.4369084603736903,0.3377259349882837,0.7743223219391117,0.7146984593336718,0.5281931754099417,,0.715241966067748,1.5352068909943355,1.328842813201784,1.1021108620571975,1.8088494472526084,1.6494730834095155,1.0428335366541073,1.610470392710946
330,grateful-sweep-143,run_07016aeab316d1dc05d54b4bb2f58ff4,0.3098276257514954,0.2794664740072899,0.5456172666063085,0.46818772992456614,0.13398211200325236,0.35485699095976764,0.22628445855941934,0.5211305714255982,0.2342610828285832,0.13398211200325244,0.3120357399824294,0.31498691481714863,0.325759982910647,0.17797720524853947,0.5911426473577839,0.3689668155001078,0.7528103208639925,0.6764327043449849,0.5191630492927976,,0.6988473505659261,1.9163819224823457,1.8094980731505024,1.679837383753932,2.1133791859221427,2.0034824537816176,1.1572661140860223,1.5910226791486408
331,olive-sweep-144,run_f4e2014d84f630097f0a6de86d107beb,0.8229100704193117,0.2066648103132972,0.5411372316401818,0.4571959421797777,0.10189890571535049,0.39330974469547975,0.15105448397139215,0.49873039659496526,0.23984987551558842,0.1018989057153507,0.3132081560872484,0.49872299220551214,0.29310609343895205,0.374513084102204,0.39735928406479326,0.2053560871862806,0.8166098176916505,0.617814791368825,0.4045200764082636,,0.6405824630808944,1.7800797755652822,1.7832648451756916,1.6023936797149507,2.104312239490158,1.953397552475947,1.3597366051307354,1.759823891348523
332,robust-sweep-145,run_e8b1fea66e64b1cd052f193f7a252ff6,0.5242502689361573,0.24219140006672837,0.3418303102203074,0.4951469659247147,0.1744367652539215,0.32430245529189194,0.15858525804566131,0.2866545950277335,0.13902493404184144,0.17443676525392174,0.20824417436259632,0.45999124257275953,0.24950418081607437,0.1464863944492333,0.46884206216818436,0.23689792599934192,0.7975087487276487,0.7060967574295891,0.5308280175665254,,0.7363039053484908,1.2806201366232242,1.2133865014841103,0.9306910254536068,1.525739286848582,1.3121582809666132,1.0606206748297984,1.4072987548227944
333,floral-sweep-146,run_4957d38d5f5a6af220382ab4dbfec87d,0.5516910552978517,0.241511573359824,0.41586796124587655,0.4660324774255879,0.1674983907578684,0.3166833096745376,0.18392949870933253,0.3691944262329203,0.21906283675820293,0.16749839075786843,0.23143992809596972,0.4584659286214525,0.21876684329322357,0.181597548127574,0.5113400801600406,0.28047359966056695,0.7908011334711305,0.6725283753552136,0.5252909980333015,,0.728770677731716,1.4654790315195245,1.4159716529613817,1.2020248876618862,1.65128244598787,1.4719449123510246,1.1582268567858982,1.4364008654333362
334,leafy-sweep-147,run_9d6b2e1fd65c04d75a42ebe2e1017811,0.46107202768325817,0.24797368995386707,0.525558573465289,0.43232135557950274,0.15284073584713895,0.3652161915029455,0.20114843050339795,0.4973255075811972,0.19567463119170603,0.15284073584713886,0.3226038550974767,0.34301606038279725,0.2949391030038863,0.23008928476412435,0.5320951023754413,0.35962172180914687,0.7798391497394654,0.6688819797923808,0.49507656383989396,,0.6830933068366906,1.7998508980646786,1.7350823746520312,1.5975217861722404,2.0127102842384703,1.8954070008170056,1.1831356259674133,1.5621465202997045
335,frosty-sweep-148,run_8f3d0cc2863d9aff75008bc3af0acd03,0.34301221370697027,0.266710316056704,0.38052199431800454,0.4950540671101036,0.19737270047769084,0.35646438591198615,0.17393780212778243,0.3210795791576909,0.050774776113856834,0.19737270047769084,0.2648865274266635,0.4054491645581753,0.28946777798415596,0.09354531813683235,0.5063914752348659,0.29623898001529664,0.7748234295053985,0.6934941878032038,0.5239620633715757,,0.6995228423078544,1.4576286777838812,1.328225434047563,1.031384214742137,1.6659047092039587,1.4404197634427072,1.1030751262327219,1.4925918499745416
336,crisp-sweep-149,run_4c38848d82f963945a251db368e09a3c,0.5082961916923524,0.2486334479756968,0.3621231515302884,0.4757980008175095,0.18677033573872684,0.31668876639842974,0.17091244785277607,0.30562580000624423,0.14958938723941909,0.18677033573872684,0.2039809139388893,0.4589591770418071,0.2605591044244043,0.14745692728453,0.4687464095835985,0.22523970135532903,0.7873427069767361,0.6932003522343503,0.5185922421650552,,0.7397454661705407,1.3339745655103266,1.2647268866346222,0.9928037801601386,1.5845603927765166,1.377300579568536,1.1037376464862103,1.459292408275491
337,deep-sweep-150,run_04c9033678146a3cf072bb95db576ac8,0.35960435867309576,0.27287391096026153,0.41184581603238524,0.4493181227007542,0.20543754446590104,0.34508399846899923,0.17530498129849428,0.3632886890824517,0.0046449407305562025,0.20543754446590112,0.26564813017560523,0.4512176526186584,0.37447631538149223,0.06664985261096741,0.5250003462240085,0.3395221546587597,0.7709038622041031,0.7028138543517597,0.5296120161503416,,0.7097806127250843,1.5192640042637884,1.4044631388911182,1.1621274147419975,1.8928500704516025,1.720727988032874,1.0756142186470548,1.6635235580118661
338,dainty-sweep-151,run_5f87a45dc97d37670e9b3113b51b7001,0.2798339724540711,0.270560995005406,0.3874527801192594,0.40694883133291204,0.236594166073788,0.32455502365489813,0.17148189679177,0.3462218892114931,-0.027750733900635552,0.23659416607378791,0.24638667436844278,0.4361339433168814,0.34334642998985726,0.12906426587491623,0.4092224418746723,0.28928755788706056,0.7785633880324678,0.7256218067078332,0.5345210255600257,,0.724448717023785,1.4783243983564427,1.3190933141984191,1.108545041868431,1.7679777381714208,1.616975640186903,1.0092268220316414,1.5505730841901164
339,dazzling-sweep-152,run_993a3bcf7ff6036cc01298544277653a,0.2555838227272034,0.27723634137836745,0.4505583133006567,0.4395377354984949,0.2051919232984382,0.3492490378626481,0.18502575063153645,0.4117417501795137,0.031645052209133676,0.20519192329843808,0.2797428479889245,0.3771442311295914,0.34306710265707396,0.10188487692749737,0.48705095516830915,0.30700250435718485,0.7661253955956084,0.7032818059242609,0.5229584499516193,,0.7013219174229794,1.6665463698187084,1.5166019078028798,1.3155031836278364,1.9051640389287716,1.7493190945653763,1.0782777184072534,1.578686639738744
340,quiet-sweep-153,run_e0cd73c69f7f1dc2357dbcbe9a456f2d,0.5006381869316102,0.2558882776301893,0.4369673129156131,0.4622570695997918,0.1964986279093404,0.34686522905378075,0.16351212023149225,0.39559072981382615,0.05508528111181305,0.1964986279093407,0.27636123823978564,0.4891569729923524,0.32433542015233124,0.10190637337845458,0.522837962191489,0.30455077420655713,0.7839822893432019,0.7014273362258615,0.522805165596278,,0.7089355597197698,1.5402753469145865,1.479379847973618,1.2628106971371922,1.8681966800651713,1.701847513034057,1.0797383557282973,1.570805213146089
341,warm-sweep-154,run_0efd35a8c26d971c4b65d9f556c524b0,0.4355457425117494,0.2600500211975486,0.5251787331023072,0.47649288395080075,0.08449114069858049,0.3782936200763786,0.18670399442090552,0.4941462957759672,0.1582512727137601,0.08449114069858064,0.320477291843523,0.39467894563047495,0.3372771865535089,0.13709436090625635,0.5978766084875575,0.33169759262701043,0.7749937971498041,0.6673706771224077,0.5237667875505027,,0.6675024104719196,1.817630626470023,1.7472259438922149,1.581678685175767,2.0892400146035937,1.9529036849650638,1.1763709144402912,1.6419421024968783
342,still-sweep-155,run_bb922f68652105d41d940cfe564f2ef3,0.5325463414192201,0.2521655365488384,0.4637434568595009,0.5478577533350673,0.13837364908357894,0.3396272745768896,0.19072525719274208,0.4178712289136565,0.29769982535022843,0.13837364908357863,0.23913312925185987,0.44833120245637775,0.23610093610093608,0.26864817120539747,0.5870720801736903,0.2532055206213724,0.7814570945697539,0.6516372696252166,0.5067691210634395,,0.7170167699104077,1.633781190554568,1.5856593308502016,1.3679053144435434,1.8289135410887192,1.643707448589395,1.226622851813941,1.5281403233530402
343,efficient-sweep-156,run_01eecce990ccedd2fbcb295a82027429,1.191767752170563,0.15868811005666894,0.49984390122069255,0.46418193303853433,0.1181674966968188,0.33598763974085244,0.1257905180480195,0.46469045612063303,0.3294043328007134,0.11816749669681892,0.264559123993137,0.6191563075608065,0.3209702019301926,0.4460883908523024,0.4490012567783837,0.3130225249403297,0.8643234951299048,0.6546286562627651,0.3780790347659954,,0.6987135680369996,1.6585171068177607,1.6550184407153785,1.5111924659005853,2.086061871092173,1.9738973529318353,1.2641231948350578,1.7918078978050653
344,solar-sweep-157,run_a63991cc92105fd1b21b1f13b5a38a0b,0.2594128251075745,0.28466426344162893,0.46963358413203876,0.46462784734866774,0.19266270284920559,0.36669262508175343,0.19302061304815735,0.43326256855338047,0.06482107688305927,0.1926627028492057,0.30375633077412967,0.39424522547775265,0.29141072504103666,0.10468452361949154,0.539383698272273,0.31888654286922663,0.7564395211611052,0.6918535447755574,0.5250030475629087,,0.6851485334230616,1.7233413572458731,1.5819196606843438,1.385143769492717,1.8756492387561539,1.7129546159053262,1.1110743406049166,1.5000254812294094
345,amber-sweep-158,run_11c661f571cc20c9df581e481087f246,0.3551372885704041,0.27999076840486564,0.574339441998897,0.4924900598268366,0.12827014940542739,0.3729553850459262,0.22272979271556895,0.5543275784916698,0.29356025417115705,0.12827014940542758,0.33192238044123074,0.38668836841227777,0.3774556175377559,0.22809543572880417,0.645825202303568,0.4076489323575195,0.7589907890413735,0.6768888935606703,0.5268105247233126,,0.6910528605234237,1.9892341043669584,1.902524437629181,1.7912500735956824,2.2903890695578295,2.1988314351787603,1.1515214241706513,1.7182213025386905
346,genial-sweep-159,run_f09389514e619a168b5c99cd1092a977,0.11646449565887454,0.2933690555927662,0.32716743155068534,0.4459477537066625,0.25857641359216726,0.33224900434277266,0.1873813125421754,0.25569500379840354,0.012437293300137374,0.25857641359216715,0.22834362705318975,0.37820819523704685,0.301774006098684,0.15999680745777858,0.35559333373631147,0.25014845846888095,0.7559248648254691,0.696551290418212,0.5362291295366728,,0.727211123888946,1.4317435766023427,1.1641821526248086,0.8300998688286357,1.5603320189625556,1.329805142544933,1.0933742659168915,1.5082384460949576
347,avid-sweep-160,run_50741a084e89117bce97e6a3562dad3c,0.5925336480140687,0.25060519628428296,0.5974524679217009,0.5014715172234402,0.11538858962631704,0.38332393997291914,0.20807463543979277,0.5724454434766323,0.2898182899186204,0.11538858962631693,0.34622133563451185,0.4060383720723242,0.3952255898799799,0.24184145835328671,0.6334355643031987,0.3879586930783973,0.7747296445032252,0.6458005727385295,0.48383947136706607,,0.6679871849673095,1.9967466100746016,1.9707285863985367,1.845054891502239,2.380999428975518,2.2780725783411087,1.2536908578703962,1.8322466773448325
348,vocal-sweep-161,run_f9ce88ca5b6b8e5cc2684faec96cd8e5,0.38066357374191295,0.25836174306564214,0.4986731603758861,0.455285942551373,0.13579462682521937,0.34106239296051444,0.2241596865271391,0.4810756246552819,0.22611571476347958,0.1357946268252193,0.3030383818163252,0.39116856674694017,0.36687092983585545,0.19374006321233597,0.5624041205573315,0.33112927696811734,0.7691985395111183,0.7043159025154015,0.5230571026410844,,0.7081657142283826,1.7543124314579126,1.661561099856864,1.55425655794069,2.072987250285968,1.9880151657349772,1.0747254051885686,1.6405869522364123
349,peach-sweep-162,run_751bc90652875a4cdea3da193497efe2,0.4068282246589662,0.2683960856029762,0.4965189972214417,0.51429526959236,0.1511120710099265,0.357501163451487,0.19909891604014746,0.45317556950037996,0.26586154360670367,0.15111207100992644,0.2557317037996729,0.4007173081817754,0.25575602613823395,0.2251229660845598,0.4150266732335475,0.18111207152068123,0.763796843745647,0.644487160494366,0.4936146514102572,,0.6894497262304011,1.7554667542862132,1.6738719273319385,1.471055303738523,1.9149969684324062,1.7405085080667104,1.2554329304365328,1.5625229607336424
350,distinctive-sweep-163,run_82c426594a83ac6906135d2765e3b20a,0.34684121608734136,0.27827489583098153,0.5108124421133694,0.5769945375497009,0.13102618829826881,0.3866127854158921,0.20791910313046405,0.4690612219412446,0.25844821820073555,0.13102618829826893,0.3251014755760937,0.37406041334497725,0.32728386061608994,0.2667571220296055,0.6200540885541406,0.372354037594512,0.7596777682133191,0.6540863710039502,0.49788615272552683,,0.674100428365713,1.8354379868420234,1.7377149145329278,1.5199375428707085,2.0740976190558715,1.8953727716232767,1.2273693323396475,1.6699291263855862
351,graceful-sweep-164,run_c1629bf897f160e89f601ee689b5cd52,0.6499680876731874,0.2324906994187607,0.45487184290218863,0.4235517074802125,0.17450452281735954,0.3416509396088776,0.16568204680519058,0.4175122017212492,0.10738359778529205,0.17450452281735973,0.2765085697848728,0.5048558967083677,0.3402064949112278,0.1798339878044887,0.535642647311184,0.30745163895336686,0.7986527233894019,0.6936646095091087,0.5311769739774749,,0.7071384249401672,1.5398059368663646,1.5174096048456926,1.3349704729199525,1.9357572782471126,1.7963213785335934,1.0948741800770947,1.6258455651162562
352,young-sweep-165,run_c15e093fe9b21dfc9fef1431e7a86d45,0.5778557062149049,0.24697527287140236,0.5165464706066,0.5680836832522017,0.10388420232408445,0.34272747327959246,0.19042171833098795,0.47290125191221016,0.3380216268440416,0.10388420232408441,0.2598320420386011,0.4168024894873909,0.27847955624675397,0.30656429247943473,0.602875601551445,0.2290609109472217,0.785610357107258,0.6405925905769719,0.5029249357863657,,0.7051946910138077,1.780204325046441,1.7469740752365621,1.5449514528384944,2.0236435043477483,1.852050108600728,1.2588818045886545,1.6211101168842852
353,misty-sweep-166,run_8c2fd57dfbfc8a4dcb8153b6fcec07ff,0.3034460544586182,0.27733668480374074,0.5533649693526064,0.4709561145999776,0.13223566080563745,0.3666458531626782,0.2152190873263745,0.5279833078371995,0.21390881052357752,0.13223566080563753,0.3195745938053711,0.37465422332006,0.35311801599103293,0.189715757324224,0.6205361160862921,0.39441063336565474,0.7629611433843124,0.6727130774116856,0.5237498003096028,,0.6960933337663051,1.9414208595753997,1.8332602629422663,1.6969796605487995,2.1872641311662027,2.074372472850383,1.1636876596510373,1.6665683775432687
354,comic-sweep-167,run_85fba7cddb0327511a9c0c48806fd007,0.05073398351669313,0.29194167036683044,0.41871936561456097,0.4332503437256139,0.22061777958464615,0.34817796091582537,0.1931686196005831,0.37614602520474955,0.010337780089926186,0.22061777958464612,0.26103875755074174,0.3004669240548214,0.24396943696947004,0.10246400408645402,0.46061179853511974,0.2590308342931449,0.7557623181973617,0.7014006624568458,0.5215460173047444,,0.7055729841967406,1.6858442697340261,1.4234447199106615,1.2051055174004073,1.6499045357165179,1.4656975862725912,1.086363614348982,1.3697357441922076
355,golden-sweep-168,run_118e9c5fcc3c5eb34c80752977501126,1.3238671422004702,0.14542020063667904,0.48370849073293587,0.44937014603693654,0.14717789748280655,0.39327934294808087,0.10275417616793478,0.43734715327859475,0.24342462190182462,0.14717789748280638,0.3100580673375322,0.6963710931383518,0.25255661377278976,0.5190858687439475,0.4177474067589652,0.1940602512706072,0.8724351603063579,0.6465940852260407,0.31512979132325525,,0.638081621367771,1.626825895422649,1.60088088344318,1.4080267369893598,1.9887309705100789,1.8370548609578992,1.316919662329932,1.7681936169784476
356,dazzling-sweep-169,run_9f484b0f5f87772d126370340d5ace25,-0.20261645317077642,0.3838462136662728,0.7048588346705797,0.6431645052209134,0.13636379035809873,0.4616552114441532,0.32541623707137685,0.6897276596630346,0.4149306974843002,0.13636379035809873,0.421699520042157,0.5539517568980719,0.5705859388443101,0.39803041428556235,0.6899108132142447,0.5604360357487272,0.6629389879407234,0.6160371552988003,0.5187819438487746,,0.5962289884921268,2.613083749584922,2.3514374889955447,2.2439486750162025,3.0414194318424577,2.9591011391708455,1.3488719748466729,2.3538116960075604
357,deep-sweep-170,run_7e9f0bccb393d9d615db8b80d38efed8,0.297064483165741,0.2819951283266981,0.4188962775644428,0.459001895135818,0.20514110512585973,0.34643025020638113,0.1834478502675407,0.37766538665667654,-0.024740812307234537,0.20514110512585973,0.26995660345441796,0.4076438350331622,0.46691347797895677,0.12419606465962178,0.4869354774425722,0.34473278704834814,0.7620483568931716,0.712858370277057,0.5234338492708983,,0.7059181684630922,1.5682927004034632,1.4300157012116093,1.208543199205876,2.0991962803923956,1.9550592784486898,1.0527295168643602,1.8627720079438084
358,fallen-sweep-171,run_988e77391a4ac378e49a0de3783f12dc,0.43873637914657604,0.2701571127182783,0.5488120882894695,0.4820891085429749,0.12530999085272895,0.3668134525393645,0.22892599923237264,0.5313602447628859,0.2903905466166252,0.12530999085272887,0.3236024355697326,0.4143563890409914,0.3793107069387995,0.21183539252306613,0.6403510723407804,0.3863994892589016,0.7558824536633131,0.6879548634804135,0.5121233977311679,,0.689602217033644,1.886630287893137,1.82135714692493,1.720514713634726,2.2299491992651155,2.1483720475006636,1.1275365305506064,1.7107513560931955
359,chocolate-sweep-172,run_6a64e61c7ef9c1cb947b6eba8b05eff4,-0.3410977125167847,0.49080728794298484,0.982704255252724,1.0,0.0,0.5491187001148251,0.49080728794298484,0.982704255252724,1.0,0.0,0.5491187001148251,1.0,1.0,1.0,1.0,1.0,,,,,,3.5292519897898846,3.301207101473044,3.301207101473044,4.785182162344089,4.785182162344089,,
360,legendary-sweep-173,run_fba5f9eeed3ce24d912076c36c800a98,0.8733248710632326,0.20778865667747864,0.5652857127990593,0.44021403886886395,0.1658383304536369,0.3983049856527138,0.16643211390985674,0.5238883165266983,0.2626286648582364,0.1658383304536367,0.3279226018283143,0.5213522998954172,0.3360603230059726,0.42501888920814307,0.38712837931211236,0.27553768638953785,0.8096219237541953,0.6197531371736598,0.394691884435699,,0.6366532809168226,1.8453493867709143,1.8526855903818311,1.6856046826220863,2.239254023237923,2.1031114639638706,1.3596023292035782,1.85211586499186
361,proud-sweep-174,run_617a2675d795441aad41a7ecd81a1094,0.474473536014557,0.25552453271321096,0.502091723642721,0.39667050648433716,0.14594809770640652,0.3386294736366181,0.19716981368734512,0.48254815647341637,0.1585671286834381,0.14594809770640652,0.2942600721378898,0.4116667315617654,0.3532804171470419,0.2714859155679001,0.5774979130490677,0.3397503141459988,0.7777938612409911,0.7154990211773873,0.5257569389370511,,0.713503105139963,1.718861991135056,1.6563819810170692,1.5467859266515647,2.0578741211892426,1.9707337046160516,1.0410043797116277,1.6046603223739153
362,atomic-sweep-175,run_6331107eefb56766fe6ce32d3f1e5cf7,0.3047224879264832,0.27675971010784406,0.5515490202199953,0.43583664672438777,0.13445895585594744,0.35976726293068173,0.2249724682726632,0.5306734101339325,0.2168778566385489,0.13445895585594755,0.3208343174924638,0.3493058689757458,0.3499609030634434,0.24173035788398303,0.5952914378857382,0.3594598948610792,0.7567907261073612,0.6776324130496325,0.5167226916944391,,0.6906557779958256,1.9275444530488697,1.818959245509174,1.706983098455458,2.171125797731843,2.078212162212035,1.154086789973995,1.654415549838041
363,light-sweep-176,run_a08f66d6d3295c5750247d88d49e8c55,0.5931717157363893,0.21798354869541,0.47904634052428385,0.44625989372375596,0.15284497069485384,0.3779225628517151,0.1580333692061081,0.4345685950069203,0.20397978521794077,0.15284497069485392,0.3045233902469635,0.4423789797301983,0.26044520180246994,0.2454535006225457,0.37978658541235744,0.2346472749367372,0.820503612000982,0.6589127762613294,0.448158534731559,,0.6614798519843366,1.6308007570884595,1.594214127382286,1.3982420878456916,1.8643450050995256,1.6998072097497896,1.2248072901774603,1.5602616806696687
364,atomic-sweep-177,run_ca84b588a1508f4a2e95a7332d6c3699,0.35960435867309576,0.26757577810054917,0.38716659902386225,0.4557875961502731,0.21809381034657996,0.3501236727493548,0.17976022938507052,0.31918037734278254,0.10603470699713888,0.2180938103465796,0.22947394843084112,0.4323290704686264,0.20163027873010328,0.15379646479158016,0.3430914934886958,0.20532667181837758,0.7725244643314217,0.6613353902783916,0.4981394627708882,,0.7068289351213215,1.4549325290995396,1.3335362326639648,1.0306882321843753,1.5477171429528218,1.2959273524105426,1.2043862739729694,1.437934549170072
365,radiant-sweep-178,run_d1a4832fd93ec0d4e65e3fac3ef57c6a,0.33599227666854864,0.2593927717613532,0.532577815241485,0.39411764705882346,0.1584688484602094,0.3580842533759582,0.19910142462578173,0.5083304715223795,0.17355356545650474,0.15846884846020937,0.31480775571962133,0.36144588421393004,0.37828683327060436,0.2967787248986367,0.5242864254424312,0.36282792784066337,0.7779640948151046,0.6779139723088162,0.5178943619727917,,0.692733140646376,1.8527348081257968,1.7490010356312409,1.6290368013499046,2.1699618991276837,2.074485700403596,1.1485294431348974,1.723035084603453
366,leafy-sweep-179,run_87d060488ea018275746b7d20d354941,0.5095723271369935,0.2546941908682466,0.5745059473634917,0.5117349782616772,0.11866043297083038,0.3676982213418708,0.20930384240061606,0.5490826595069361,0.2733417561591913,0.11866043297083036,0.32321189004545464,0.35974986407016,0.4016899396813615,0.22681501346188634,0.6440375408414827,0.3566916487027713,0.7724612915817506,0.6536373502992392,0.49505397666181905,,0.6850254139555406,1.9501186696830872,1.9045505124303583,1.7701529549211144,2.3284599515218454,2.2198771531907626,1.2273610721344421,1.8168181782537791
367,polished-sweep-180,run_8926cbd4b765e684f927bbb7a9051d3b,0.037332475185394294,0.29086046995843273,0.35905320887057335,0.4242763182341791,0.24001084121015007,0.3420344693452944,0.17497886516603076,0.3063750741469202,-0.04825164430901862,0.24001084121015,0.23890394684839103,0.32761763564886737,0.2592886300682809,0.07349785567580798,0.44832628038228456,0.2517059334547282,0.7655148529444002,0.7153279668697687,0.537056136331681,,0.715540041164275,1.5478795901327678,1.2465160549312417,0.9856990844160426,1.5293277810872659,1.3253844241662789,1.0390774608097475,1.3655486649573445
368,visionary-sweep-181,run_97d1f95adc1025d12c9c16b0be1e2053,0.47255903482437145,0.26243568613579976,0.6222929870021751,0.4967113819627661,0.1100272724192838,0.37700115604593315,0.23717924596933002,0.606152373221775,0.35969677826910906,0.11002727241928374,0.3498796792381791,0.3733799219571428,0.42726461965938006,0.30693100916259625,0.6409849268054542,0.4113516628491712,0.7599625297265671,0.6579637216571678,0.47451684039712094,,0.6752194738715586,2.096998279788911,2.046479978658433,1.9646482541767256,2.4994499526261493,2.432902078850009,1.2262294626976014,1.8875403195218603
369,floral-sweep-182,run_ea7d7c56e1527a1462f8b0998d8e97aa,1.0443523526191714,0.18069091465540812,0.48381255658580774,0.4780201404630076,0.15105532405054717,0.36204193726170686,0.13237555533814482,0.42399550435515576,0.27432648359406947,0.1510553240505471,0.26303513896326924,0.593274161629084,0.21230820933152592,0.3895239919547935,0.35833114634815333,0.18211302535136262,0.8394685761615044,0.617924406214228,0.39368192155818627,,0.6757917371892707,1.6035012581760213,1.6130400988283693,1.3749546117548748,1.8858285418056746,1.686698287497405,1.3613263914111455,1.675607493601402
370,solar-sweep-183,run_92297382b9f3aef036b1ccf9f4c32b44,0.3353542089462281,0.28231873587352707,0.5109008980883104,0.4702017762253352,0.16417572924077653,0.3601305248354993,0.2108441139800969,0.48748608119217846,0.16444576567203026,0.16417572924077645,0.30571607418338176,0.37173803652282517,0.41374327870701205,0.14108674137215468,0.5871372388724555,0.3774688425294716,0.7530601567968995,0.6973342785793971,0.513687747080761,,0.6953712942745001,1.8091547790626914,1.706162611143823,1.5645844316650297,2.1865316139507907,2.0779446785104088,1.1016098595832817,1.7559823250455109
371,woven-sweep-184,run_1ecdeebcf87625615484c8828caf43f1,0.31812369823455816,0.270831922253914,0.40161093940245385,0.42597822451785505,0.22819815699427456,0.3486597116823002,0.19341195240711348,0.34177307400122775,0.10326260636914271,0.22819815699427448,0.2398853776169863,0.3994380962318284,0.22591625001123897,0.16447722121125055,0.3323383750580981,0.18935847934306618,0.765562553712287,0.6686100050098545,0.5150775981440966,,0.7007253641351748,1.503105520297865,1.366645837205949,1.1027963050040415,1.6014699227779576,1.383164762253816,1.1782631029779764,1.4440529800008646
372,solar-sweep-185,run_5fe06a4e7bfb70dcf99b2c8ddaf89da2,0.6486916542053224,0.23002977691147952,0.4851445995025653,0.43269666679053165,0.15115103160890336,0.345713080780561,0.18745907869683984,0.43986554691808993,0.25534911374530866,0.15115103160890328,0.26628033061510537,0.4687214690629333,0.2520192055448573,0.2990437271866253,0.45383872006957837,0.25257271480592086,0.7951839503027538,0.6319060159700671,0.46864012352950857,,0.6905505887178498,1.6322673750160155,1.61052566821601,1.4265907155634676,1.8809722735722127,1.7261010502565253,1.2958490434177146,1.6197186512760169
373,royal-sweep-186,run_06cbbb83d2c18ec92644790de660744b,0.9435227513313296,0.19094099555729485,0.4038067288980467,0.42502322470365284,0.19144221973777828,0.3737918228653881,0.13144737865344158,0.3416169752219206,0.20114451339600914,0.19144221973777853,0.2757173448205167,0.6009616447214859,0.18009626402797005,0.37283955346976133,0.33611336393891794,0.15893286350516797,0.8359299695899528,0.6465910919275697,0.39509083339279516,,0.6702774706008924,1.34700896960194,1.3593020077802094,1.1066883509922392,1.6346904363155477,1.4315271497418864,1.281332368190881,1.5704532823359818
374,trim-sweep-187,run_1e4d836ee2ed14ffc8b2c5df21b136e1,0.5114868283271791,0.24173483748127966,0.39830164528113404,0.43449147188881854,0.1496781515736694,0.3335710905886324,0.18286334981474128,0.3495467932107438,0.18663743450633574,0.1496781515736694,0.23822497448981586,0.4289325624191573,0.2776663221054305,0.2131494429013824,0.4264523649543393,0.25307525197100755,0.7914802184166907,0.6864800638634742,0.5226546282198122,,0.7085645115139102,1.4191088627651276,1.3541272381622032,1.1358266342641028,1.6834673354600609,1.5134410578320916,1.119949376901487,1.5015619531841602
375,daily-sweep-188,run_3e923b471f1195897931cb5a02f817b9,0.6155073642730714,0.2357970152848123,0.4935479171219548,0.4910928616550853,0.13676948876918388,0.3441742846429861,0.1919068010265133,0.4555742874090726,0.30380141949388706,0.1367694887691839,0.2754975168008629,0.43696569599288165,0.25894947530674356,0.26939203354297697,0.5063558058540208,0.2795708169034292,0.7917826694991704,0.6472106353862065,0.48797193695533064,,0.6955948732391172,1.6807445524680487,1.653078309137231,1.4847905024782362,1.9148700454514787,1.7716270011142061,1.2450423896045504,1.576131322808969
376,earnest-sweep-189,run_c3b5bebc6ea4cafbccec85f18545d8a7,-0.027760118246078498,0.31299121242452294,0.2656541059182251,0.42789565605142865,0.3267049496900091,0.347512240600988,0.20558360990489957,0.17047547688177084,-0.05627066998625103,0.326704949690009,0.2503155155707617,0.42566942622094306,0.27894241019054716,0.22975555768391706,0.3243230576729054,0.294530044087249,0.7540005251329646,0.7025341274907568,0.5438689315148055,,0.7360513169630062,1.3946707830298128,0.9933676214950691,0.5796981034494622,1.4138069140338083,1.1610859786759689,1.073978931985705,1.4715643054532768
377,soft-sweep-190,run_6490a94da9a16ba1d8ecf22c8f3f59b6,0.47000646591186535,0.2572077936738487,0.5536043208142112,0.5136561257478355,0.1331707151810821,0.37508428689583356,0.2016325875308244,0.5263702871176882,0.23702575155140992,0.13317071518108206,0.3238175863974787,0.3677532738148995,0.3731307060919886,0.21366173950983836,0.5732379634323032,0.33754684711457444,0.7692226541540033,0.6555521842924477,0.4897307861973607,,0.6747322758555482,1.8998718909271615,1.8424917652153798,1.6933675616523607,2.228886482642284,2.1072856347622806,1.2247758290264898,1.7530644252241652
378,distinctive-sweep-191,run_713d9a82a64d6e461a7743de5606d9e5,0.7310146093368531,0.22424999560997516,0.5214948019106491,0.44540894058191816,0.11490242910864928,0.3560761789836618,0.18161407416884282,0.493147263588399,0.22489688231578142,0.114902429108649,0.3094476937936002,0.4710902941401103,0.3192781111843477,0.2158999244431674,0.5897104425605392,0.3188039139824304,0.8005416685037912,0.676734296364941,0.5079014677143208,,0.6886368972883062,1.7292514417917322,1.7228596777101879,1.5860342100531195,2.063048577833707,1.950238057489611,1.1519339143143887,1.6170577319223012
379,good-sweep-192,run_19bf7b5379afdd93540267d791809945,0.4553285241127015,0.2504697326600289,0.52730167650089,0.5038794544981606,0.13656875698749874,0.3399071265593563,0.2201409323409369,0.4978406335529124,0.4049979562260788,0.1365687569874989,0.2849625941577196,0.4818949752974504,0.4172548040249162,0.3192114420713214,0.490582084533054,0.3642574002983678,0.7905676050344641,0.6542230350887238,0.4673647555327638,,0.70128150750576,1.8251115313090058,1.759857997694883,1.6404079793767432,2.274254734816559,2.1831337030946556,1.2341715141511782,1.8969221789855026
380,dutiful-sweep-193,run_5705e76bdd7d36e1a608da609dace8c1,0.9173581004142763,0.19880290293529607,0.5043967822838292,0.4722232544312734,0.10779720161263003,0.3664735765940845,0.15042733756280902,0.44948123172343457,0.2760729813087586,0.10779720161263007,0.2783926985916196,0.5493031299871767,0.2318073264683406,0.37189754067830894,0.4334334592382403,0.2010409644674999,0.8217521435753594,0.6085446050389763,0.4147977949043954,,0.6693002532481329,1.665528632409424,1.6753144588476427,1.455739829643711,1.945267748009063,1.7597063752317834,1.3807994719037402,1.6982329807861847
381,glorious-sweep-194,run_8a8960d3e763fb9ce39dd4f9388640f7,0.6684747338294984,0.22943524211614247,0.47636664481283747,0.456872654304931,0.17073212047294783,0.3457481597198674,0.18155135952798457,0.4296202637028713,0.2721972427631828,0.17073212047294786,0.2563592270472656,0.48166705416111794,0.2821885454424453,0.3289044259276996,0.41775581851731386,0.2093828581721974,0.7974794381899692,0.644411373947599,0.4551212827846995,,0.6986006387161274,1.6086930805046236,1.5907938129999522,1.3974218922557302,1.9149699683617067,1.7576327742745055,1.265835733501146,1.6549396147463187
382,visionary-sweep-195,run_e84a2ea25d9fdcfca90510a6c198a4d5,-0.12922778725624087,0.3420280911419332,0.48119009709344085,0.588818698673405,0.1994486228275231,0.3969150801241951,0.2398383467417234,0.44626559686969924,0.1691241499758462,0.19944862282752315,0.2925747239872126,0.36022792955164135,0.32994107835710196,0.2265472655875874,0.5805707166068214,0.37007193873134686,0.7082494877231582,0.6784954431329936,0.5198587028068482,,0.6725054972791303,1.9842635789700467,1.6670722151261435,1.441407381751441,2.0121701585835963,1.8295776061201372,1.1615962411899514,1.618333959414858
383,clean-sweep-196,run_c611c23528aecbb52f4e0d16911463d2,-0.02584561705589295,0.3285043059872413,0.4000083252682296,0.5594738211140424,0.24692126571128503,0.3906328318604077,0.1825096392402997,0.34643522420988015,-0.05167403663929271,0.24692126571128525,0.2894589346448181,0.4273923381838675,0.27390593786943934,0.18704657919100978,0.4611380349294614,0.2772389504036714,0.7364122742197903,0.6910797940362385,0.534244836785959,,0.6650926732881073,1.7220443633610811,1.421616206436549,1.111824455663628,1.7288400446339007,1.4846039477714001,1.1138775955056501,1.4861421733118783
384,ethereal-sweep-197,run_f17de933d59c17239e09cb4fd1c5d971,-0.3410977125167847,0.49080728794298484,0.982704255252724,1.0,0.0,0.5491187001148251,0.49080728794298484,0.982704255252724,1.0,0.0,0.5491187001148251,1.0,1.0,1.0,1.0,1.0,,,,,,3.5292519897898846,3.301207101473044,3.301207101473044,4.785182162344089,4.785182162344089,,
385,golden-sweep-198,run_3f2134c471e8fa750b9fb2083b71bf32,0.5255264043807985,0.23004231983965123,0.5558989728700323,0.44967857010144535,0.1234508927058983,0.3451377861759357,0.18334248967089845,0.5253244252963274,0.3166326037679758,0.12345089270589828,0.2757687939314995,0.4539275146974777,0.308127259805629,0.3243567559514308,0.4192863163161295,0.23594482642388867,0.8038616799613063,0.6277300711437245,0.4444615573344043,,0.6916182172606277,1.8755193120114395,1.8290344353525054,1.7010373871307995,2.14617066930598,2.0381878638881155,1.3164126257270101,1.7302091715331709
386,light-sweep-199,run_12a5feafcf0c8d3d1bbcb5af3b777fe2,0.10306328535079959,0.2874839136946198,0.40711602301936667,0.4415220541785886,0.21948284039705934,0.350957771972863,0.1936979311694274,0.3572372597379621,0.014455055553491379,0.21948284039705945,0.26461369123205797,0.3146961755567179,0.2608012991876801,0.10075854803179778,0.49002220764583804,0.27834735105206193,0.7574999873889519,0.6922726949437741,0.528085144627871,,0.7034641013418725,1.629991336296864,1.3910511446206106,1.1462601949911952,1.650570335199815,1.4502660373574814,1.108364032982364,1.4205034227696354
387,glamorous-sweep-200,run_7c888d91a10b38fd98dab43f9d384a42,0.4406508803367616,0.2652277419468129,0.5016546470606602,0.4683958232692951,0.14157519395602533,0.3598109167218186,0.1976966166705549,0.479884070639901,0.17032440266062177,0.14157519395602566,0.305466623948314,0.42389336856228965,0.39917059968065177,0.14815609403101027,0.6382641360234462,0.40544060836427676,0.7732732069583653,0.7080656490223647,0.5201499713679398,,0.7039307175729359,1.7460927621692144,1.6752057340905568,1.5397991969487115,2.1450691700114484,2.0410754663969723,1.064855737397543,1.7114103055878176
388,efficient-sweep-201,run_7d4a8054b3aabb3f56db65ef33c8a22d,0.5025526881217958,0.2451866513141226,0.38718220890179306,0.42776559771097306,0.20192516177118278,0.3265880430707013,0.17695312206025132,0.33271414150874684,0.13603359221136319,0.20192516177118283,0.23148202282313762,0.4530889614166525,0.18972533855288135,0.1869248369143016,0.42856301061430296,0.24009255294462428,0.7872740127379717,0.672376370520446,0.5073681141304127,,0.7198801158216599,1.3890780624502694,1.3199244408178736,1.0755484857577653,1.53048622077152,1.3255157817690952,1.1667523072895942,1.400535072416505
389,stellar-sweep-202,run_8e733114c0371852b253e83da719c42f,0.5121251940727235,0.24697025570013365,0.528612906247073,0.42255211623499683,0.14326574516380394,0.35359492867672115,0.20903040656647376,0.5096937341949986,0.19830180966890848,0.14326574516380378,0.31491766972944785,0.3439283560402073,0.3254586913324038,0.2520724919920399,0.5640416739894034,0.3532148087464262,0.7763639073139018,0.6934859283151711,0.4910491520364888,,0.6943801140735153,1.7918951318933316,1.7417981067405695,1.6373436857800283,2.0675883288485255,1.98039268790544,1.1173866067761895,1.5778509694988345
390,soft-sweep-203,run_d8271420543295a4d67004fbe21ae83f,0.47894060611724865,0.2528177688137651,0.528076967104784,0.4627773029616141,0.14487414032591386,0.3584662240484059,0.20377491966254535,0.503246854609597,0.2056705436438629,0.14487414032591386,0.3123397574564183,0.35571356209190075,0.3460688280514068,0.20568357649863253,0.5910205408574488,0.33710336752920655,0.7736929587005288,0.6699458617880026,0.5035913803803429,,0.6918695546716929,1.8095078214685223,1.7512088648217456,1.6175285336434615,2.1055181541882715,1.9957135983243903,1.1777069822681092,1.6593576906348961
391,confused-sweep-204,run_5f67ed62885fd6336ffb6d901507e5b8,0.473197102546692,0.2569719866242214,0.552142195581364,0.498848054698822,0.08327743334349698,0.38825993649932455,0.1978697090793239,0.5251475133464457,0.23007320426591346,0.08327743334349708,0.3341370308094429,0.3432880204425482,0.353963131920771,0.2319433004501484,0.6121458172498917,0.3411249451107339,0.7713815035135339,0.6546599034994685,0.4797742516986552,,0.660377470675217,1.8907619405562648,1.8339831037936227,1.6881603030612569,2.1881584431195042,2.0674691185182326,1.2310560785932503,1.7146551886125891
392,lively-sweep-205,run_79c0d0514a78a16b56a7503147ded7e6,-0.3410977125167847,0.49080728794298484,0.982704255252724,1.0,0.0,0.5491187001148251,0.49080728794298484,0.982704255252724,1.0,0.0,0.5491187001148251,1.0,1.0,1.0,1.0,1.0,,,,,,3.5292519897898846,3.301207101473044,3.301207101473044,4.785182162344089,4.785182162344089,,
393,daily-sweep-206,run_b117c442c5096478712e80bc68b745b9,0.5414804816246034,0.24577616893819096,0.46970643022904895,0.48495410798558203,0.141620083341803,0.32153979393851523,0.20049118106720257,0.43303362367706294,0.2752926312660248,0.14162008334180293,0.24945335319580828,0.4345750184670245,0.23665060940671187,0.22344794559908054,0.5199165321425872,0.2995247658303681,0.7826674946881866,0.6656318069202042,0.5087180142378058,,0.7217154822459262,1.6283924408963772,1.581716699682718,1.4110860848523648,1.8167683557484524,1.670324363486841,1.1860068687971543,1.4850696391845655
394,silver-sweep-207,run_68b0fef5e1895d4c9572a0cda58b2857,0.4923421144485475,0.2396727800898575,0.5088820205425995,0.4855115008732489,0.15092997255818683,0.34853732516072006,0.191031304640131,0.4759659912792816,0.330184682843447,0.15092997255818683,0.27840595063535767,0.4611277362414081,0.32783561590155846,0.29634858304334405,0.39851796088231506,0.28249453998724955,0.7985796272628962,0.6538411397746858,0.4524693521484431,,0.6924143055585794,1.7558607731132765,1.6978732483054741,1.5527237786166699,2.063491398007234,1.9458094241266524,1.2404110375255395,1.7069981617897692
395,splendid-sweep-208,run_218bc61db06e107eb93786fbd5dfd137,0.3449267148971558,0.26525784497442495,0.4412652326392142,0.5277953253316486,0.10130518006572485,0.34783964403451456,0.197857166151152,0.39810912345332133,0.2838876295938462,0.10130518006572486,0.26050088048137665,0.3499276164504896,0.25362254558757064,0.24537900797071374,0.5159672307398494,0.21464356014101682,0.7746202571651515,0.6810512684340622,0.5148634908210526,,0.697048090722987,1.6293676594491409,1.5152820480438007,1.3056218388957408,1.7669136469376259,1.5907710510353468,1.1416813893087001,1.4592260089871103
396,hearty-sweep-209,run_67c8b480f4e95705905896f9f105ce84,0.5044671893119813,0.24591163256244503,0.38190086686855446,0.47316710638772236,0.19620727038655694,0.3253992567942059,0.16774912136788167,0.3261944158263351,0.15340195459105962,0.19620727038655686,0.2230404709620439,0.438952403929493,0.32481765423341274,0.13800529962008748,0.437897952556279,0.25432934403026325,0.7899662747805737,0.6832590603963062,0.5162333400859975,,0.7254761727262644,1.3884965243691578,1.3201675510125184,1.0562669627300165,1.734829133777177,1.543531553681548,1.1319861196959118,1.5963027080851198
397,helpful-sweep-210,run_a005fab6dfefae7e993cb99631f372c3,0.5580726265907289,0.24536476089416023,0.4059504854672037,0.40902604882761684,0.2058703459023614,0.3338914782342977,0.16085552804473327,0.3604008616652617,-0.0039649214076027586,0.20587034590236153,0.25199852512548526,0.5044843484509483,0.40106574916133414,0.13873192222967154,0.4875644765475881,0.28937547516387624,0.7909567170055349,0.708057122510465,0.5308135291313301,,0.7151255976578601,1.4179421985745868,1.36947586361307,1.1509900227173777,1.9384923256489057,1.7908284083004404,1.05647597028044,1.7315974796011158
398,fluent-sweep-211,run_b5d5c2e55e9620ced0296e37d8e0cb8a,0.6040203571319581,0.23516986887622887,0.4890834920337589,0.43642376723273,0.13937646102246165,0.3533688644011909,0.16375043586675378,0.4516926310969581,0.1272936717327489,0.13937646102246165,0.28710240945541143,0.4743630025714311,0.2965127588285274,0.15979844416775743,0.5469503248501623,0.3045789718876781,0.8001635190083102,0.6722772116359017,0.523576966777692,,0.6925243064127278,1.655080724306482,1.6241296726654033,1.4433572717739303,1.941018072064321,1.792493842787402,1.1579878176609986,1.5718427873993461
399,avid-sweep-212,run_0a7abae62a4fe0ad44d9a53403f9c19b,0.1432675123214722,0.2938005323218716,0.4311708449106595,0.4606294823678048,0.2225344716603991,0.358579256186171,0.1779841507559625,0.39606943273703604,-0.03637174389654781,0.2225344716603992,0.2697578227983483,0.41696147581775217,0.4072373297516543,0.04907788738839406,0.45282626534097403,0.3367250149322869,0.7617112572761813,0.7096797573890405,0.5272505008641415,,0.6981044717661659,1.6748889666124112,1.468870738979018,1.2655873012798335,1.998066361912929,1.8537527224362946,1.0597792442480496,1.719831382815818
400,northern-sweep-213,run_281c993e364eb049aabba68d4826e84a,0.5465859174728395,0.24144885871896568,0.3971933439480504,0.45172234402289013,0.15820290002371515,0.32507575102060227,0.1804751762908554,0.35075916039669913,0.18337854408977716,0.15820290002371515,0.23065727798344424,0.44979437850654397,0.21780231986322796,0.17779225063584794,0.4755451269258841,0.24015208299022373,0.79015067510593,0.68667780761363,0.5207636391343797,,0.7200315332333017,1.4097031358019403,1.3564572061928706,1.138647823390391,1.5963332123754284,1.4159175252859757,1.1204517799317535,1.4013264301555586
401,devoted-sweep-214,run_0129f2135a27de17cb33467f118b66a3,-0.001595467329025269,0.31506079557284805,0.45313394315923117,0.4923414217234586,0.21137564793170038,0.37199811976885316,0.20577175382747454,0.4128396449273101,0.04911746126119419,0.2113756479317006,0.2702239829251315,0.33542596292781157,0.3097317705827957,0.08894018240057895,0.5315323544867404,0.2814874703560242,0.7342911738220539,0.6892979150085753,0.5248281472145933,,0.6860634432028889,1.816286667943433,1.5475681196257585,1.322543104745949,1.8640616177093072,1.6819271368421667,1.1232752673181063,1.5301980119917804
402,swift-sweep-215,run_a56f40fc26d4b45cb963665fec1aed78,0.2281430363655091,0.2840571857181203,0.4832610075655877,0.5133291219204044,0.14313954670190063,0.31163428101036705,0.22830136140942386,0.45197881219235525,0.2968674519713129,0.14313954670190074,0.2508276680846353,0.37120000084222227,0.3509043916911634,0.24033330140791112,0.5764887158193975,0.3338556980161303,0.7589612306953031,0.6864059526612901,0.5397813811841956,,0.7371481911246656,1.7873673304767825,1.636950606005796,1.4775318143341143,2.026449047959284,1.8999970315349983,1.119514685332613,1.6371321229967133
403,smart-sweep-216,run_bb688ee54881aebe3be6744220ebee5b,0.2396297454833985,0.2752946960973934,0.5394305516530862,0.46708780795957033,0.1395314564488261,0.3462829186612942,0.22067776966668434,0.5202304017982577,0.2086284419010812,0.13953145644882606,0.2975855555841384,0.29633084737257936,0.34278181145335784,0.1814962381210825,0.6232684513868821,0.36918102006894493,0.7633931049882683,0.6954762590800783,0.5247581612298754,,0.713554024804131,1.9251460061163275,1.7899193810368559,1.6729080113224704,2.121216148533777,2.0234544157296974,1.0996293538839974,1.5826974676521244
404,devout-sweep-217,run_4ccb17d0ab5ac5b67106afd91ed1c21b,1.1483725905418398,0.17243515933281656,0.5787206144047956,0.4874549440749136,0.08890469898702442,0.38710233150221274,0.15319430751747867,0.5576993121247125,0.3510125970792615,0.08890469898702458,0.3369534798697559,0.5751341076597994,0.37222145352755104,0.4985390926795006,0.4400771653316795,0.362656485358636,0.8491594129193614,0.6609487371952308,0.35647435568496827,,0.657528247215631,1.8996847747712815,1.9017154629564992,1.8047059501779958,2.362483920671803,2.2851197211509127,1.2595379016516315,1.8844745419033808
405,easy-sweep-218,run_beae86e16c99b842232e9f5508c9405e,0.5995532870292665,0.245919158319348,0.5311208933012812,0.4304708111924492,0.14291509977301217,0.36383797895419556,0.2014118319950032,0.5086010427398459,0.22205789454126565,0.14291509977301217,0.320396220517126,0.42636308628093583,0.3526843582907902,0.24732071214975151,0.5916882368434213,0.34520819526912544,0.7785798662826939,0.6785295904079687,0.5017695153974902,,0.6850700078945023,1.779482150017038,1.7511925607221757,1.6360399265776702,2.133891039055139,2.0404514753327017,1.1535565585767025,1.6785435102095074
406,dry-sweep-219,run_78c91a2a79ad6257443c12704880f61e,0.46490103006362926,0.24956162466040016,0.5471834576920276,0.3964103898034261,0.152291899583291,0.34957644129617466,0.21222383607898024,0.5152144276898422,0.20436252833413862,0.15229189958329103,0.31164753305410475,0.3591342179308046,0.3036854154431076,0.3038433951622344,0.5574181496778597,0.36634856280475797,0.7730928894476237,0.6472338411055689,0.5003781154224572,,0.6888283893828095,1.8540683559375848,1.7926292325423214,1.655675712386008,2.087358636211393,1.9709917745606975,1.2432009061207097,1.6398460305102935
407,eternal-sweep-220,run_756323b2310e65f44b4baac27f82e00a,0.5599871277809144,0.23781642672045072,0.509839426389019,0.45152168258333014,0.13961276552495175,0.35436432674550855,0.1874992160669891,0.47369735568667853,0.1910482702240715,0.13961276552495164,0.2970250720872202,0.3987616079944269,0.28372681266729555,0.22666198427140868,0.541538264380033,0.29189401225162803,0.7879102502454003,0.657601591671971,0.4861681302178932,,0.6878547948148137,1.7311399609991707,1.6910916266328695,1.5216922308492153,1.9685493153729687,1.8250870562289463,1.2171162444936892,1.5801162836949694
408,warm-sweep-221,run_7f82870344ace04aa640210feceb46f0,0.12667506933212283,0.3006715483743111,0.40930660922231593,0.5253985359146816,0.21586882135718402,0.35332521061005395,0.1727888699072576,0.37205103389424815,-0.04462859053918483,0.2158688213571839,0.25391305567963113,0.45265567815131497,0.4115945995023928,0.07754834041013521,0.502955485087114,0.3418942394883289,0.7589950053389012,0.716287571312542,0.5307179105820232,,0.707673814253402,1.647440153571,1.428903777402031,1.1899863120536853,1.9866499582292139,1.8223829110078582,1.0407864857008173,1.7286551305207762
409,noble-sweep-222,run_2aeafd274570392253de1ac4b0e0eb88,0.07753670215606691,0.29038383868790935,0.4396522119197029,0.41244844115789076,0.21162550394687807,0.35562171183664754,0.2048661544134801,0.3910742717991948,0.05656423024042188,0.21162550394687815,0.27218528539835246,0.28193058812496835,0.25223044863690053,0.17796975598335626,0.44646549488795956,0.2611412014012653,0.7497945591868388,0.6794634612677197,0.5192025270219616,,0.6920279856291364,1.7187183966378996,1.4789784193299012,1.2548149321711008,1.7131074827939314,1.5237849575187934,1.1494371227950149,1.4382509454265167
410,peach-sweep-223,run_1442e5042f10e4d067113e306fe9a4c4,0.28940647840499883,0.25490491206153054,0.4062678863184624,0.48375757125339075,0.14815953518311484,0.3017147365064963,0.18489028700728255,0.3703131341512909,0.24187135372152677,0.14815953518311495,0.20323334276567054,0.3531251370332876,0.28639360994128654,0.18905745511817726,0.4857547003961205,0.26853314272719336,0.7923029829401249,0.7038907020755578,0.5341262331686972,,0.752823451260502,1.5458009235391457,1.3962570882451364,1.2099604717635362,1.711778881271569,1.5635400299073883,1.0662943217940428,1.4552101781470521
411,glamorous-sweep-224,run_3d92dc935731965af10d1215b7fc4571,-0.3410977125167847,0.49080728794298484,0.982704255252724,1.0,0.0,0.5491187001148251,0.49080728794298484,0.982704255252724,1.0,0.0,0.5491187001148251,1.0,1.0,1.0,1.0,1.0,,,,,,3.5292519897898846,3.301207101473044,3.301207101473044,4.785182162344089,4.785182162344089,,
412,swept-sweep-225,run_9134792dce7012e806aca1be59c37473,0.11582642793655398,0.28309138024890185,0.5723673940869783,0.4237263572516815,0.1372039841447302,0.3478677071859598,0.2466767511809167,0.5591094044311241,0.2865854111701534,0.1372039841447301,0.3183047362024789,0.4040317919595857,0.45479228454586984,0.3045487341570092,0.5572413418448333,0.3849756798009296,0.755578746638099,0.6961715811404035,0.5101583827301397,,0.7075277610956641,2.058482759098166,1.8803534490994482,1.8080414482809848,2.4207604042439677,2.3650297503239206,1.105804521681739,1.883389360006848
413,legendary-sweep-226,run_ff4ed3d714420bf3b2d0b8f160585ace,0.2128270268440247,0.29907859649650925,0.5246479972526615,0.4907881535431608,0.1607810753125318,0.37845888085711105,0.22045952271649738,0.5019928610824932,0.16993051168667123,0.16078107531253158,0.32366713672445324,0.39659499400974535,0.3845481492750727,0.1549808979557088,0.6030361071873785,0.40815683612847947,0.7452771414236607,0.6856052327933139,0.5212486480351688,,0.6860145508213806,1.9008075945602203,1.7558121279775107,1.611659736339018,2.177832796122443,2.0633774654313584,1.1324872132430102,1.7154027944691306
414,icy-sweep-227,run_5423c889f6dbd7aec15adba4b5967629,1.3162094354629519,0.1450313698633573,0.47956666978864215,0.49345249154620785,0.08971609580919471,0.36935862446904133,0.11119556682746701,0.42873050066081825,0.33542789194009875,0.08971609580919475,0.27592236173246315,0.6524371751008496,0.23616552566226331,0.5163094211920952,0.4075509892311821,0.18849878129557687,0.8735720998900213,0.625931120285365,0.3286108288650802,,0.6646031496317508,1.6258307649354666,1.601365469647478,1.401062006744248,1.9530393258605707,1.7924748220605062,1.3660244144059337,1.7652234820927628
415,cool-sweep-228,run_c16c880bdbf059fa17ebe96efdf8bdde,0.18155723810195926,0.2841424776296876,0.5889606943273704,0.46406673850841657,0.12643984822305793,0.3591319443632432,0.2437291630605747,0.5761814075947259,0.28350117052506435,0.1264398482230577,0.3275983165227262,0.3348035303189401,0.4161621579640656,0.22086219923591824,0.6369539337266747,0.4168341076107976,0.7521356545391311,0.6884670144336124,0.5187099648209323,,0.7006659483555455,2.086612922158519,1.9403200457680065,1.8600072481562233,2.378576215341352,2.3135275869053555,1.1241017937324378,1.7766225752395794
416,neat-sweep-229,run_bee8317b1b043d535f94507beafebf2c,0.3927886486053468,0.2700969066630543,0.5432757849166954,0.48459737653747537,0.13532879357658298,0.36310521888868363,0.2062132648991172,0.5217861862986898,0.21664746757831366,0.13532879357658287,0.31417867340805905,0.39032286026140683,0.3900744971291125,0.1733258840681501,0.6232562652758978,0.37252901123092785,0.7675836766437579,0.6840242656115714,0.5225000098240249,,0.6951062281504593,1.8854776655739094,1.8053456015689817,1.6769222635381045,2.2278347496033946,2.125098399694873,1.1315609728174427,1.7275431009498745
417,crisp-sweep-230,run_a5c80334c8b9c2e6b7d6cddb0a7e7017,1.1860242486000063,0.15926759333819998,0.4847751657248709,0.4440080264575824,0.12426228952806857,0.37151013274650174,0.1223813501709603,0.4361451926779266,0.2913046709523987,0.12426228952806861,0.2779507039563588,0.637826012528146,0.20452253843106027,0.49644137960391194,0.4478401616685952,0.21019621103295857,0.8606423164072831,0.6097124253155859,0.3540184581696665,,0.6629252980511742,1.606803585277838,1.6039260914650213,1.4149423653099833,1.9089655994243833,1.7531778717667086,1.3999845091615277,1.7411281913735355
418,glowing-sweep-231,run_0302912f6c819cba0868c8de53b5627e,0.5893427133560182,0.242700642950498,0.4953638662545658,0.5461744268143138,0.12488820002032729,0.33261460484354405,0.18736124385710104,0.45766080775915013,0.30818995949611677,0.12488820002032743,0.2481367236738409,0.43994150266400184,0.27035311972963094,0.2753731549766412,0.5895937390284899,0.2314704082918281,0.7893120755420523,0.6544227132250002,0.5042019334171443,,0.7175624124009967,1.7090346724061671,1.676622708453289,1.4915158183611315,1.9522680912786374,1.7958024474159084,1.218376680541531,1.576302232889014
419,dulcet-sweep-232,run_2f269621374abf1b8a9f6e002df92852,0.3040841221809388,0.27689266514646377,0.4789162582081944,0.5429787075916912,0.12166971575702139,0.30341957295678823,0.2267259696310624,0.44805032624644875,0.3488127531492699,0.12166971575702129,0.23032285876205633,0.3819677991389316,0.31692919257834967,0.29296129574646956,0.6006119183486326,0.30269879615836653,0.7669727346931869,0.6885589524030845,0.5532078666778434,,0.7450060887458254,1.7529211647019376,1.6325143946291054,1.4766739486292195,1.9751633097390633,1.848440640655887,1.1062911814064043,1.5684537065293682
420,deep-sweep-233,run_d95630395421fe360ee40172b559fa98,-0.014358609914779667,0.32551407191111587,0.48341190305225146,0.6480249712013675,0.11942524646813701,0.3706230253480416,0.254756905509105,0.4368216207215928,0.3626100850953145,0.11942524646813711,0.26746911689160086,0.39946835537100833,0.33135362541681884,0.3854741457289106,0.5522912990656672,0.33293315168650633,0.7273463361666785,0.6485575732153728,0.5306974293505288,,0.6872044997775337,1.9456953597453972,1.6919711742339707,1.4506958461427388,2.0661277765848918,1.8736691204032647,1.2368115121806622,1.7134235469957693
421,silver-sweep-234,run_48f87d44fbc8071d52a1f87ef27cb0ac,0.019463896751403812,0.28961370289816896,0.3810423235823629,0.40760283898777433,0.2332291560795474,0.34620262686688175,0.19167350256252025,0.32935281446099113,-0.042436178514361884,0.23322915607954753,0.26208800760199596,0.3031643579478243,0.24331974978068435,0.10397045834264491,0.40104721365180707,0.2490718607847182,0.7615538878308846,0.6921976085920859,0.533306567402268,,0.7057063470349282,1.6060895515927176,1.3045875573788615,1.0598454249395275,1.548131837195718,1.3483455844984595,1.1054783715671364,1.3845020478402956
422,young-sweep-235,run_7d98d6678a28f104ff519fdc18f35edc,0.20899802446365362,0.28237141617184813,0.3397958227966657,0.5052320612388985,0.22385489717789744,0.3143041780575778,0.17990071018059306,0.26488922189961805,0.09583813310542172,0.22385489717789744,0.18999533060341225,0.42760736562927626,0.259527649964175,0.14558141514754866,0.4467335337452741,0.2673574177237849,0.7684564961852066,0.6857823508750363,0.5445483470829614,,0.7459687550747988,1.4267289766829365,1.2204937788760875,0.8620975652827615,1.5385685174249724,1.273106527594023,1.1173074386756237,1.458068561850206
423,true-sweep-236,run_7b42c4c02a73c12137013ee3e0b7c9d7,0.30216962099075323,0.28545697650207835,0.5590001352856089,0.5145591022258555,0.150513263543043,0.37715082618697393,0.21373651321648351,0.5338474186465194,0.24010627624391492,0.15051326354304267,0.32391502789555204,0.3776142684204185,0.36676729355081966,0.2100173461460694,0.5855494659770519,0.3933384424192969,0.7516458638723142,0.6657017625605469,0.5176434961632499,,0.6842705275208238,1.9688955838349982,1.8630803170047385,1.7185066147469963,2.2367276466287382,2.1178166309933535,1.1882342737341787,1.7157456066851657
424,ancient-sweep-237,run_7d6e40f2f17202f44581ff4699325679,0.47511160373687755,0.26165551600352205,0.47661640285972984,0.560555163316116,0.13729122200765664,0.3358909777747636,0.1948669320750269,0.4433673628672224,0.28654825164430914,0.13729122200765667,0.23808465873259008,0.4409605504102001,0.31644928244222786,0.27618853025997936,0.5778530680599111,0.23332499830375109,0.7749455002931768,0.6795567379235118,0.5235735261509541,,0.7190575543465438,1.6915560512148313,1.629207677039643,1.444240009934324,1.9815260406495174,1.8324729196204619,1.1421342105570316,1.605178603698659
425,glamorous-sweep-238,run_16fa4a1678ed7fec9fab987874c3bdb9,0.5229738354682923,0.2505199043727156,0.4822047391589397,0.5305042547657092,0.12622302402005625,0.33130888876936065,0.19378573166662913,0.44597941577430206,0.30001114785775307,0.12622302402005628,0.24780698164436027,0.4195032792607156,0.2540387956055495,0.25592269791101324,0.5936555688534648,0.25581328416963284,0.7834194691578266,0.6641425770416044,0.5145672003065648,,0.7151229842157503,1.6835090824363743,1.6338326387622588,1.4548319461643586,1.885801054413899,1.7330240958867544,1.1876675523565636,1.515714597232724
426,icy-sweep-239,run_182c9a588cc897246594545a716e79ec,0.20134001970291143,0.290238340721118,0.421539550227384,0.46101965738917156,0.2183555239353593,0.3524973476424225,0.17520965504438943,0.36979800817957625,-0.016361339229311208,0.2183555239353595,0.2616522492226119,0.4377512400346643,0.40368346792600757,0.05747853015356127,0.4824337392069807,0.3625699449755384,0.7641690399752874,0.6903033771362,0.5252997457758626,,0.7056141483753877,1.6209111057323369,1.440046298902514,1.1825699916613688,1.9744028705740397,1.795272998049642,1.1135872463345948,1.7506027269335684
427,dry-sweep-240,run_e6cf8c40ccb0d895f4a614c67f1a9fef,0.38959801197052013,0.2719908888169761,0.48714266387770183,0.4940061684812901,0.16604245011349394,0.3687498099890788,0.1774021588887969,0.44769129905404126,0.10358589424398923,0.16604245011349392,0.29476442933191777,0.41696310044032625,0.34684865480993726,0.11952835509582949,0.5598115898323375,0.36373743008949894,0.7679856299858926,0.6760455529336583,0.5182996907519999,,0.6863949687147433,1.7290784919102262,1.640457523923021,1.4305511371327078,2.0204667866686163,1.8540932296373442,1.1555650970686395,1.65121647333068
428,curious-sweep-241,run_59c8e1d928d65533bf9f77843ddbf1ee,0.5548819899559022,0.24596431286076598,0.4751126512857337,0.5261565902419083,0.13033760205982994,0.3266363740537457,0.1946085477546907,0.4383253722955886,0.3153877596521869,0.13033760205983017,0.2452657073746066,0.4393847834729983,0.24459175714516354,0.2605293235003033,0.5445582202064833,0.268251525982336,0.786620661212716,0.6610265713177631,0.5005878941049424,,0.7224714317183025,1.6529643415507187,1.6107946842393206,1.434793799045103,1.8584523958816859,1.7081624743457529,1.201654296069277,1.517616170263903
429,rich-sweep-242,run_f61be0c3cc1347b335074cf3dba957dd,0.020740330219268802,0.29691870426534817,0.4540393160792149,0.4546542306120172,0.22049496900091473,0.3503941703480065,0.20504426399351783,0.422517769244378,0.046204154434989514,0.22049496900091492,0.25003878171623334,0.317669866089416,0.28356291557281854,0.08883142312890424,0.3834620763597821,0.22815167359799457,0.7522125285644203,0.6952757051609043,0.5292666309172045,,0.702673928935512,1.7964345175177645,1.5350531560219112,1.352549676483696,1.8081130020689464,1.6559816012848991,1.1007077243393537,1.4575465450057734
430,morning-sweep-243,run_0a4194dae66ccbf0ae26ca9e913686cc,0.6110402941703797,0.24097473603407665,0.4876473832641296,0.4743041878785625,0.16233272351526243,0.3594320641773093,0.1704634110242303,0.4452197350483386,0.13283044108357167,0.1623327235152621,0.2958986483694919,0.48559486624953774,0.33274351333918123,0.1473249688727134,0.53107703952289,0.29853389401235414,0.7889425715486764,0.660643323018377,0.5097041549757283,,0.6848628845391175,1.6595944743947952,1.6312672957211412,1.4243973551441327,2.0064203117401984,1.8421718982266209,1.1985678102938715,1.6736947968930647
431,earthy-sweep-244,run_e5ed52fed53524205ece0f3c4e8337c4,0.28302490711212164,0.27764774942239817,0.42687292518705844,0.4283973096503287,0.2072754683741573,0.3460334684262263,0.18834210084012537,0.38299876161635077,0.045914310133402685,0.20727546837415767,0.28074454658911885,0.3947158868934156,0.3300290516035887,0.13899818025093383,0.47807287144692784,0.3102085304083337,0.7631956419126829,0.6965134128778832,0.5305986323370333,,0.7036169486777564,1.5873822732142315,1.4431969616973708,1.226564871835355,1.8295164237457096,1.6639634188657062,1.094282885548025,1.5690022014344278
432,autumn-sweep-245,run_e85b3f770de43387858598c91e93757d,0.21601796150207525,0.2866886920485361,0.31177088861831764,0.49641782170859494,0.22658213910627778,0.3142511698826259,0.1803647985229448,0.2368226613801214,0.07071829363457316,0.22658213910627764,0.19654339927394404,0.43948396964151426,0.2815147099178166,0.12084687503325564,0.4451416858972732,0.29279136483525275,0.7636081588366828,0.7024368131753729,0.5462770999464552,,0.7470481140808586,1.3539089187592428,1.1404525109608734,0.7735517222735947,1.516867619647559,1.2643724581035192,1.0710667925642459,1.4654144532903148
433,major-sweep-246,run_18eed2f55ba27c80f5f3125a5d6ed156,0.1081684231758118,0.30850084413906587,0.4151811266169233,0.5645832559176542,0.21811752549378324,0.377209291085818,0.17151199981938184,0.3628255960371723,-0.03057114191222924,0.21811752549378305,0.2826380297796809,0.4797408403015047,0.3845604143529158,0.10090157392331515,0.5204890960551788,0.4033179396050966,0.755619198339494,0.6913547915158459,0.5258852482772522,,0.6884823850241037,1.684598318078311,1.4620809494299805,1.1605063947248007,1.9638941486323371,1.7509924661583824,1.1122613996824775,1.7193966806906087
434,genial-sweep-247,run_308f7877db4203566d4f3912eebaa9d5,0.2862158417701722,0.2764963086162391,0.44847699624322274,0.43305711419122295,0.2017244299894976,0.35343668368384995,0.188023510464565,0.40655927070650305,0.0785329419196609,0.2017244299894976,0.28559557412920455,0.39789379296298294,0.3487116812109359,0.14944119869318606,0.4915522920610469,0.31470433316546714,0.7664302222824033,0.6914605882747908,0.5201863275535026,,0.6945671536153621,1.6457042414373642,1.5084113611424017,1.3017006835013998,1.916234678451043,1.7581453801955376,1.1120888845802854,1.6227729957335137
435,visionary-sweep-248,run_04df1d90b5847cc51fbd7ac1047ea680,0.37555843591690075,0.2646206642233042,0.43232077258489193,0.4326223477388428,0.19810024731510656,0.3332507029429671,0.17944414759514438,0.39607463602967946,0.0699676712125152,0.19810024731510645,0.26571361086231055,0.44748038523700134,0.33920436239516816,0.1507799380646809,0.5122637704062503,0.3118090807401463,0.7774570069087253,0.7125523196153624,0.531715839279836,,0.7199649354380494,1.5640018755748326,1.4581490650070825,1.2672201269635364,1.8707666811643828,1.7260985284030723,1.046459329616063,1.5711926705895334
436,efficient-sweep-249,run_333558b4e387025e974b050d71f74185,-0.05264833569526674,0.3427957183460393,0.49663346965960065,0.7293708892274534,0.13186638208490023,0.351240742083268,0.26710165541566006,0.46016879481335804,0.48943926275500726,0.1318663820849004,0.21494425177012236,0.5689745470075045,0.32898776957913173,0.5145873639178878,0.6475506639905254,0.36962929880829964,0.7200273289505336,0.6608994862033273,0.5472895312233095,,0.7238306403686203,2.0264497142924114,1.7652022066692978,1.5583476131632938,2.187875806805092,2.024675035412994,1.1971729405755285,1.7618412996689379
437,lucky-sweep-250,run_8063a34be4d30d4e2496fb52710bf6b6,-0.3410977125167847,0.49080728794298484,0.982704255252724,1.0,0.0,0.5491187001148251,0.49080728794298484,0.982704255252724,1.0,0.0,0.5491187001148251,1.0,1.0,1.0,1.0,1.0,,,,,,3.5292519897898846,3.301207101473044,3.301207101473044,4.785182162344089,4.785182162344089,,
438,glorious-sweep-251,run_6395fb05ed4a191f6d0dfe14af4c2420,0.42597323656082164,0.2505926533561113,0.39657935541610745,0.4026680539556313,0.2177380831385303,0.34064690241272955,0.17254553710072718,0.34548302165610395,0.02835271821931541,0.21773808313853024,0.2582550488337813,0.42332992002643693,0.2678426461720603,0.20049399269972015,0.4380845811036549,0.2478256909990999,0.7830186237583066,0.6888022512922825,0.5132738670815123,,0.7041613726613221,1.4368020525609735,1.3407796578912674,1.1064181043033063,1.6536302441591362,1.4700217396055413,1.1191173459959602,1.479603503473759
439,autumn-sweep-252,run_93ca9aa25a56875c279d83e07768ff03,0.5031907558441163,0.25300340415070577,0.5435515594268052,0.47980008175095684,0.09873208659416609,0.37055988325729,0.1879357099673632,0.5160469545128156,0.1934562074987921,0.09873208659416631,0.31656482081288045,0.4119268699098632,0.3354793411470456,0.1759124817759048,0.603373385997814,0.33034288187096994,0.7792049790900202,0.661855408611971,0.5014363923806285,,0.6795019926421046,1.8524336752175727,1.8024155510073665,1.6540222876129185,2.1388769598263573,2.0154112629146255,1.2003056939591896,1.6633780657787047
440,trim-sweep-253,run_9627b49e8f09b4ca2f2421fa650e7e0b,0.3704530000686646,0.2641891874941989,0.4250205530059422,0.49928282115120215,0.12964393400413324,0.29563360749473233,0.20352155251347728,0.3837584423423143,0.2406971127048418,0.12964393400413332,0.2010093380136432,0.4040859118395188,0.2530620138376903,0.202282242015984,0.563922453330458,0.2706293887198927,0.7782502329193727,0.6965563317886916,0.5512269205811503,,0.7544014981333498,1.5658982934386312,1.4579108227392779,1.253818783992303,1.7234010923515104,1.5545638941999134,1.082289625648669,1.4198444252258053
441,proud-sweep-254,run_07a718bb26bbb47a11ae1a8a4c393f46,0.6940013170242311,0.22501511422844686,0.5347736047370778,0.4693173795102374,0.11396652776366163,0.3941524187708184,0.1604641886857771,0.4955199650338735,0.22038571587826536,0.11396652776366145,0.3139479319406216,0.4741072409476709,0.30027771243367574,0.30704721769945403,0.3610136380679128,0.22687263801769442,0.8020512874527357,0.6325119107993393,0.43805919583231245,,0.6423036046059538,1.7814943390109732,1.76938370275542,1.5905090308091534,2.0860108828183237,1.9366057143222195,1.3059234729612887,1.7106018919933637
442,azure-sweep-255,run_422a9cdf8253cf929de18f642dd37fe2,0.3213146328926087,0.28266492069106514,0.5517415420478079,0.46303741964252526,0.13881830809364099,0.3751497675825388,0.22593074798497845,0.5308555253764583,0.23598528482776568,0.13881830809364099,0.3294239804306291,0.37703363700630216,0.36580990472620983,0.20215794570549864,0.6282247651904149,0.4057833559158106,0.754657019678173,0.6799265490276705,0.5247447720456865,,0.6875529627075059,1.92852398785388,1.82715363382268,1.7102074861745429,2.204468521888094,2.1085541748248975,1.1447841935773158,1.6827720916002022
443,fanciful-sweep-256,run_c06af4eefbeda037f676ca93fdc6ac12,0.6180599331855775,0.2360403480913426,0.49397458711872894,0.42845676489167994,0.08948402615441949,0.35807256039618934,0.17662700592778782,0.4618494583372359,0.16524841143026983,0.08948402615441954,0.300123711725954,0.4527116028974709,0.2932599654877998,0.20429333077929956,0.5336780421623372,0.2708301079116822,0.7914208679601501,0.6778000482844869,0.507215930910246,,0.6790287491540873,1.6642002106750369,1.636887037183603,1.4803895968180891,1.9457895072380433,1.816108750142782,1.1508559779251017,1.5592200344736133
444,easy-sweep-257,run_a1ce0323cc83600805c3be13598b5606,0.5976387858390809,0.227190057973414,0.5473343531786915,0.5059343762773587,0.11629823491547246,0.3529143972541766,0.1741184202934543,0.512784490025288,0.3420980268291775,0.11629823491547252,0.2673326987942979,0.4413409593349007,0.3192050899085643,0.3278938798965616,0.3991459021677173,0.2302093546690925,0.805995169327413,0.6266049601470322,0.4401908768655143,,0.6914919891772306,1.8475965689120488,1.8175075948222306,1.666381593858637,2.150476456586332,2.0243623068626992,1.3210839059412145,1.7511361510837793
445,firm-sweep-258,run_2fe646297942e6a3766e1b603c53b459,0.3251436352729798,0.26688089987983876,0.5646300979259676,0.4188733231763962,0.11427143679913272,0.35878271403414824,0.23586474709693953,0.5511327568085084,0.2946861878042432,0.11427143679913265,0.3353749276009666,0.4253324298054076,0.4697253701633855,0.3380625525439241,0.5916317036018538,0.42080434568201125,0.7698974306827625,0.6960434605890318,0.5196307566739269,,0.6973692840404413,1.9542153025499225,1.853308325786184,1.783240108476468,2.436465667612899,2.3836019977142042,1.0989074487175765,1.925931146192655
446,earthy-sweep-259,run_826bed2c84ef1f47123e07568a500bda,-0.3410977125167847,0.49080728794298484,0.982704255252724,1.0,0.0,0.5491187001148251,0.49080728794298484,0.982704255252724,1.0,0.0,0.5491187001148251,1.0,1.0,1.0,1.0,1.0,,,,,,3.5292519897898846,3.301207101473044,3.301207101473044,4.785182162344089,4.785182162344089,,
447,ethereal-sweep-260,run_1718bfbd5178df71cab3343d3f0f5c8f,0.22495210170745855,0.27916042655990125,0.5338890449876682,0.4716621455910222,0.14856099874648507,0.3528691843990705,0.2194912086616446,0.5123370068579397,0.20632826725130998,0.14856099874648504,0.30117062318125454,0.2886231048231795,0.32917364979101144,0.15983271078760017,0.6070858848757129,0.3674820319498589,0.7583107394461368,0.6917201603500368,0.521904372820797,,0.7074237358982178,1.9166479978884114,1.7750410831637324,1.6479198495400809,2.0840282042625806,1.9768769662654886,1.1123640243827642,1.5587676003766109
448,usual-sweep-261,run_1e9d3381e18dd479801d8f0c5740bd30,0.759093761444092,0.227649129144497,0.5857502627662785,0.5306491769165025,0.11416387166717484,0.4077388817301869,0.17771824067872305,0.5548947373898201,0.3336665304150719,0.114163871667175,0.34247334585261696,0.47328548587860625,0.3944793117068148,0.3759378092775278,0.3922326957351596,0.3146760375868752,0.7952022198210342,0.639646440235076,0.40772520431038994,,0.6337601147338656,1.9418182376435136,1.9402181264667262,1.7949927081797148,2.3845154726913833,2.2679211810935813,1.300491616554266,1.900722522085348
449,zesty-sweep-262,run_4ddb16ba65d5298827f3a183e5d87a7f,-0.3410977125167847,0.49080728794298484,0.982704255252724,1.0,0.0,0.5491187001148251,0.49080728794298484,0.982704255252724,1.0,0.0,0.5491187001148251,1.0,1.0,1.0,1.0,1.0,,,,,,3.5292519897898846,3.301207101473044,3.301207101473044,4.785182162344089,4.785182162344089,,
450,playful-sweep-263,run_b515e8661271f1bf7816f1ccf324e6a2,0.11391192674636844,0.29945237575602496,0.3511702205155423,0.5088811266768235,0.22841667513636213,0.3329661737685928,0.19703184147745648,0.27521255450449045,0.08617665638586437,0.22841667513636213,0.19891161744311953,0.39571949826957437,0.25278045995265214,0.13597399142270325,0.44423627292119255,0.2736483472991642,0.7492661395377066,0.6742122060160503,0.5401841858826973,,0.7308328471211044,1.5090782989691267,1.2577110018613764,0.8964750215319534,1.5478693165755422,1.2719001223459352,1.15571402984647,1.4661982730097782
451,olive-sweep-264,run_5bee068e1d7009e71404c6264eea63a7,-0.3410977125167847,0.49080728794298484,0.982704255252724,1.0,0.0,0.5491187001148251,0.49080728794298484,0.982704255252724,1.0,0.0,0.5491187001148251,1.0,1.0,1.0,1.0,1.0,,,,,,3.5292519897898846,3.301207101473044,3.301207101473044,4.785182162344089,4.785182162344089,,
452,volcanic-sweep-265,run_a0422c2f532acb3a773b236b3a0fee46,0.6123164296150209,0.21838492239690338,0.4936519829748266,0.37797554903199426,0.14951383948233224,0.3516258308836541,0.1710780145046422,0.46427419270914644,0.21283861617925753,0.1495138394823322,0.3023625275856881,0.452992889853362,0.43035069118018815,0.386802456129149,0.46056139864620116,0.3960509369229189,0.8170375784676598,0.6831863366180173,0.4612561383471879,,0.6829017097063907,1.652297451841607,1.620950428898467,1.4933429692275142,2.1987078399059805,2.106397183832894,1.1521411238284502,1.8799641064484671
453,good-sweep-266,run_72e06f9c00088010429168d0b8d0ce13,0.24154424667358404,0.275487857191237,0.5352210879044259,0.4102188696072238,0.13597503133787311,0.3497892535279669,0.23425172653406257,0.5197256824118299,0.1939429972873545,0.13597503133787317,0.31706761894293906,0.32978902143754824,0.39075325890481727,0.269333929274548,0.6209877835786495,0.4074820613407472,0.760176275565777,0.7091522439213107,0.5238800606197755,,0.7086742863635567,1.8995133008514948,1.7631758873741497,1.6714172450843672,2.19476009335512,2.1217488693839264,1.0630756264899588,1.6847291904646198
454,pleasant-sweep-267,run_fd803afd144a42adbccbe09e1e46c0b8,1.117740869522095,0.17007458025090874,0.48895861301031307,0.41294266285162196,0.12377443507131486,0.3721852074451542,0.13103095343814186,0.4458857565067176,0.20860986213815852,0.12377443507131464,0.29207114632516934,0.6166297158959956,0.27708908295716506,0.4157445540550606,0.45536235844742884,0.21700667432288764,0.8486792642980532,0.6516366354784481,0.38479483947093884,,0.6618202312456227,1.6047397943369193,1.6094260647883774,1.4313728598432653,1.977653052917282,1.835670886512267,1.2708051353385077,1.7134191056760069
455,lyric-sweep-268,run_497513d3ff09526a579dc19af351d888,0.5446714162826539,0.24960176203054957,0.629026047682974,0.5066515551261566,0.09072991835213608,0.3758490077727135,0.21901708597675557,0.6118135556179951,0.3535543086470215,0.09072991835213619,0.3449140604963593,0.3544832384215537,0.4433671335221363,0.3043556917706904,0.6546066772477636,0.38200614189509396,0.775565708909891,0.6413551618477099,0.47175955676250936,,0.6703457039076022,2.1025597742034416,2.067784931891404,1.9789207668554996,2.541607646523858,2.469850664676584,1.2710900503983515,1.9492831555556749
456,happy-sweep-269,run_6bc1cdf2c65fcc0e42500f41ea9af27c,0.24601161479949957,0.2798753734656863,0.5104273984577442,0.4696443833376685,0.1812142155368093,0.36405390931392617,0.20727690520807465,0.47209994484509776,0.1677083720411727,0.18121421553680916,0.2830012916844985,0.3298712307384772,0.2895604220364927,0.15744447636986666,0.47703585251888897,0.2533621819290637,0.7560055348289663,0.6667409449314754,0.5011038030869285,,0.6818006774722611,1.8423967061361364,1.704188182812152,1.5165333470493754,1.9688355783417772,1.8088475792118577,1.1912374625489597,1.5463191340366649
457,twilight-sweep-270,run_b15baac3d60635d19357e7746fbccb78,0.44256538152694713,0.25872047081135185,0.3901428824159928,0.5403961205455018,0.18089829589727957,0.33268320365818776,0.16121174720480858,0.32707897557574456,0.14451339600906724,0.1808982958972796,0.2059780748834016,0.45755517285600195,0.33871799299961464,0.1862399301897434,0.4999694678664344,0.32748475228083923,0.7840225003587854,0.6732941297675495,0.5243641697647559,,0.7271668803311112,1.4576954441759837,1.371524311164796,1.056730765947356,1.8089830766862647,1.5836731819794518,1.1576886368096857,1.6527503790407991
458,sunny-sweep-271,run_b90a589e64b745dd8ded7cea9c24b391,0.4164007306098939,0.23996879319470887,0.4541433819320866,0.44488499126751135,0.1254726090049802,0.31281137430709355,0.18277805790317356,0.4187505853704223,0.24448366838839142,0.12547260900498022,0.23761304188191493,0.43869137528589075,0.29071839433843866,0.245009311581479,0.5108322157450536,0.2843185719689196,0.8024648670690812,0.6838394065177689,0.517751091742142,,0.7344596107996697,1.6127531975522138,1.5224880264519485,1.3589336297406927,1.8481399633871363,1.715911461474417,1.127457026661459,1.5390941753341003
459,solar-sweep-272,run_22921a2fa461b601423e666a199bf8fa,0.4061901569366456,0.25713002751918435,0.4215863798611762,0.47070342982423524,0.1982247518379239,0.35257452130889655,0.1719785967473678,0.3707918370745009,0.04706253948199626,0.19822475183792412,0.26761956656462593,0.39899939335325935,0.28016852739304965,0.09390458555481063,0.4964938328509154,0.28602783460414694,0.7795731285790763,0.675001560570739,0.5102078656648329,,0.7002449331119949,1.533467510386752,1.4370206424212684,1.18602587862682,1.7372365847072255,1.5361054681475848,1.1596224371818462,1.5158122645354057
460,absurd-sweep-273,run_f762561458b7219fb5276e92cbaea531,0.45979589223861705,0.24915021661636952,0.4458753499214302,0.42312437293300126,0.16965392824474032,0.3656535089462989,0.18653090201213668,0.40077320928683685,0.11669205900932712,0.16965392824474015,0.30227288140746045,0.38959137239466024,0.22652819499936375,0.20511466547478419,0.45325910126282326,0.2728799341436494,0.7785505201212548,0.6662948175744896,0.49415306388119484,,0.673566257500274,1.5680889610247868,1.4930366177979384,1.2863135181059107,1.7135232816683268,1.5367518217317624,1.191013216843449,1.457915010358857
461,earnest-sweep-274,run_a5394a46e78c26566518de376462627f,0.2128270268440247,0.2504747498312976,0.43227394295109955,0.38776708409200683,0.15186417996408852,0.3241948798780188,0.19213508231923754,0.403489328046788,0.12269332243320553,0.1518641799640883,0.2759995353989374,0.443565866003193,0.3574795956217147,0.22090391512094412,0.48162277925878555,0.3397833965908846,0.7911620642686022,0.7170178731292924,0.527108136328113,,0.7211239922440739,1.624380564620662,1.4428127145798146,1.2961504232549568,1.898729669913741,1.7898245025034087,1.0334548076284296,1.6098119981749064
462,fresh-sweep-275,run_c3926904f8b58487de7b64a7e45c95d1,0.5082961916923524,0.24860334494808484,0.5203708906996347,0.45616290736130194,0.13538215265779044,0.355656790775954,0.20508941853493567,0.49367799943804436,0.21262680688194416,0.1353821526577905,0.30555782919051067,0.36692416978113346,0.31756286658664695,0.2261439410869542,0.5915109124472409,0.32827463499845444,0.775699864260595,0.680126283244639,0.5005691830714012,,0.6929872768872485,1.7769963061390621,1.7256149222949493,1.588852258673319,2.042543275148461,1.9283899166658454,1.1501885230254962,1.5865591099315435
463,curious-sweep-276,run_96355d8147475d2234adc31f1943bd22,0.28557747602462774,0.2759067909921707,0.4216228029096812,0.45408197391401284,0.21268252193651116,0.33120754961136434,0.1982459969244738,0.3610460699530662,0.1567091523912154,0.21268252193651108,0.21902510170943593,0.40663137849129666,0.18688575954332917,0.15416914088688824,0.3915119807801723,0.229826175796669,0.7617678214854536,0.6537115705687053,0.51696780627675,,0.7175641942220587,1.5793187965484188,1.4352605602061954,1.1693596025283648,1.6119407398722219,1.3805006168784204,1.2203407043251526,1.4239422417391843
464,earthy-sweep-277,run_b5e866c30de91bf8f568c90267e3a97c,0.37811100482940685,0.27209123224234943,0.4553453425327547,0.49406190777005676,0.15897787715553752,0.3568837741196941,0.1843760269522441,0.41831871208100485,0.09131953476273641,0.1589778771555374,0.28440600832072443,0.45456069659561854,0.3329443441737681,0.1145788504719641,0.6094621638334745,0.3652775990008689,0.771324459056183,0.6990569348030624,0.5351060921918932,,0.7024482753602479,1.6444564149549223,1.5464555011494077,1.3387453923413084,1.9286777128575012,1.7664971917761603,1.0835525522300808,1.5818847102372218
465,sweepy-sweep-278,run_0d7fe19494ccbb80233214966ba5f062,0.3915125131607057,0.2443136635133745,0.4654553401392403,0.2703355505183753,0.19649015821391067,0.3220885844556646,0.2167693932483929,0.43953253618890037,0.12320612388985906,0.19649015821391058,0.2936263126344205,0.4794781482112335,0.4740260780054772,0.514559908054784,0.4690579075345666,0.4954195927087344,0.7802588483706764,0.7122854330128213,0.5223834125766724,,0.7129424099913675,1.6154953011864295,1.5163301793127901,1.412110910127002,2.245202804331209,2.17617454317931,1.050809449361531,1.9610912571192225
466,rose-sweep-279,run_83cd5a6c6bad2a559cd3433e013f0595,0.6786853075027467,0.22729541857005603,0.5044592217955521,0.43718182155995683,0.0872708947386252,0.3649191898168178,0.16547383419754116,0.46822349182562745,0.16816915016164424,0.08727089473862505,0.30691733297163065,0.47391678485614763,0.28394318016581455,0.20466153731549763,0.5413475340841828,0.27826268411666194,0.8022591485576345,0.6631815023499333,0.500888314001791,,0.6761205757789445,1.6849813474524953,1.669605407559271,1.4993314629673986,1.9647653743901974,1.8222830722188725,1.1927618886523856,1.579684045141021
467,ethereal-sweep-280,run_adceca80e7142e02e15620b736d58968,0.41576266288757335,0.2555972816966066,0.5610346227092503,0.3976366541562929,0.14424992377274115,0.3514613496349062,0.22406436027303436,0.5395033977500965,0.2296235740031957,0.1442499237727411,0.32175806289419967,0.390894750013657,0.32483086021240565,0.3287605486915898,0.5531965745927526,0.41385327043308767,0.7673857939470757,0.6555083270989935,0.4923069483110837,,0.6896843452234515,1.9097242349590529,1.8360401297151472,1.7359639930371695,2.1649656901096526,2.0807700657566905,1.2241759393862377,1.6776888305045505
468,leafy-sweep-281,run_3422ae9632ddde2aba8e6a0e362e316f,0.5153158307075502,0.24672943147923765,0.3986866889367593,0.4454944074913604,0.19988481214215537,0.330447505926392,0.16910375761042154,0.33999354791712194,0.11907026866337198,0.19988481214215548,0.21539638032118286,0.46195195749349266,0.24424628904475232,0.15433238621247428,0.38468368303570716,0.22633236596111095,0.7893059473423985,0.6695209817714403,0.5016936854368186,,0.7225208907145846,1.4222850524498782,1.3597247658323022,1.0948652592763433,1.6378742419383552,1.4256614358106512,1.1768028644815374,1.4895118581063342
469,graceful-sweep-282,run_5d43fd78f14cb0381f28a40949cb1394,0.4374602437019349,0.2499755412900652,0.48914593154548214,0.44897253911040086,0.1539468780702646,0.35813804108289465,0.19541380374331135,0.45487704619483205,0.1702017762253353,0.15394687807026464,0.30158611372903943,0.3491635764596929,0.3116800840114191,0.20066255892900844,0.5258347058698712,0.29385206725886964,0.7786240423730607,0.6676813224636647,0.4882487196336028,,0.6878675213381813,1.7060670390597499,1.6299391202107754,1.461604074595115,1.9468762027846536,1.8082897677774867,1.1896443678540571,1.5965209473547766
470,pleasant-sweep-283,run_4593eae73101e4d5882cb4a048e3a509,0.4304403066635133,0.265528772222933,0.5097197506582166,0.49417710230017464,0.13411254531287056,0.3545171150144876,0.20290444044743125,0.4861800547386386,0.21079112630522798,0.13411254531287056,0.30085413319551196,0.39917759360781596,0.3736340059792516,0.17979142057487044,0.6132810121916292,0.38549179614273915,0.7710092394682952,0.6974657884902759,0.5328469446460037,,0.7026469217951017,1.7795368764996402,1.7067099283202054,1.5650282959547308,2.1214500205799456,2.0092299464050547,1.0890079140546076,1.665421762577113
471,graceful-sweep-284,run_97119be3d0cd47ed65702fffc92cf584,0.27153789997100836,0.26681316806771177,0.5449980747817219,0.3988443387462376,0.1465934884981536,0.3427266937476078,0.2300473370109197,0.5263390673618265,0.21372301289435564,0.14659348849815343,0.3152902860180805,0.36447738313713485,0.4058620544420233,0.3084449126839703,0.5990628951674926,0.4056549039550242,0.7672069052399098,0.6949975315792821,0.5236354675320314,,0.7108337278478777,1.9131029383926015,1.788992758051884,1.6937908494910547,2.252935238239262,2.178106870922027,1.1006274802078662,1.756873060163093
472,icy-sweep-285,run_8811a87685adc0dbe76ece3edf5b1a18,0.5867901444435121,0.24089446129377795,0.4954106958883584,0.5231652484114302,0.13275231222685233,0.33385250163506835,0.18988488100524042,0.4618286451666614,0.32048976255062994,0.13275231222685255,0.2558556493852222,0.4414510444098325,0.26364250118431537,0.26101756962402495,0.5696658813830918,0.2453522442256888,0.7903388480829387,0.6557090134437241,0.49573344842982003,,0.7135294670158724,1.702575060865242,1.6691463670491238,1.5071917366078125,1.9349760916361396,1.797139341138871,1.2180334100075445,1.5625902433026992
473,snowy-sweep-286,run_2240c4d7c0209af597fd9642f7531d86,-0.3410977125167847,0.49080728794298484,0.982704255252724,1.0,0.0,0.5491187001148251,0.49080728794298484,0.982704255252724,1.0,0.0,0.5491187001148251,1.0,1.0,1.0,1.0,1.0,,,,,,3.5292519897898846,3.301207101473044,3.301207101473044,4.785182162344089,4.785182162344089,,
474,zesty-sweep-287,run_dcff52a3dcb5e50fef6fbde9553a8286,0.903318524360657,0.20245038644761693,0.4908526115325779,0.4549775184868641,0.1628730900836806,0.39814674065984273,0.14657415002847252,0.4426389018971205,0.18802348482033376,0.16287309008368062,0.312169039951794,0.5461476624203225,0.2804939922450603,0.3704208834828506,0.3364848882288891,0.23678688961486194,0.8177034219888287,0.6426914023784192,0.38315755015535125,,0.6379930430937782,1.6204057246701469,1.6301391240580578,1.419904499263045,1.9696728816551976,1.7995517452884082,1.3001619090051588,1.7066571672632602
475,comic-sweep-288,run_f11fcb1074829dcd705043d45c93b6bc,0.33343970775604254,0.2588534258499715,0.3939464893384535,0.48629928282115126,0.17154859911237594,0.32520203520210533,0.1774698907009238,0.33953045487184286,0.20188027200772893,0.17154859911237572,0.2193665367186848,0.41835107770446056,0.19569632959988348,0.17557173110281044,0.4524069437969332,0.2079290635386751,0.7892969809752675,0.6804153235654118,0.5357790436186625,,0.7286844138927904,1.4942315684958738,1.362141862350451,1.1068245137265968,1.56340783045728,1.3468014313007324,1.1319189514659365,1.3674992153033685
476,desert-sweep-289,run_c37cda272689282cd833701e0ebf78fc,0.5197829008102418,0.25074818566543994,0.3760575692298086,0.5024525287057336,0.16454077311379883,0.32940838979093734,0.18172696052238813,0.312671058245658,0.1991639106685,0.1645407731137988,0.22662397949519064,0.4526401249988116,0.20907727205958584,0.18134193191371617,0.48497477556774965,0.23076842270363299,0.7842010702433513,0.6770434411849607,0.522806204284148,,0.7218778776053858,1.377410599533536,1.3151145007061624,1.0248526031279193,1.5506215482559045,1.3134777859126479,1.1477336300598395,1.4114508569263955
477,charmed-sweep-290,run_48e729ace1be3ff194d53e382a21b90d,0.20899802446365362,0.28037959917818733,0.4618442550445924,0.5238006763033703,0.15725598807466884,0.3223091920073026,0.21525169893962098,0.4228611865588545,0.2868195161829734,0.15725598807466878,0.23659809123798253,0.3792475100765591,0.3097918157128902,0.24362800498036585,0.5075028965455912,0.2583793996444908,0.7669235589326501,0.6761734037688059,0.5276690247755693,,0.7289492880605654,1.7415660863071538,1.576699409306712,1.3844546073235668,1.9102026062292479,1.754881058441377,1.1515458400792788,1.5776408942914633
478,treasured-sweep-291,run_be501db3da008d3a8a5d117dd500bf28,0.5299934744834901,0.24310452523762577,0.4283974899316287,0.4868306640407267,0.1596385133990582,0.3327673931125231,0.17891483602630012,0.3787476715265422,0.2227007543383743,0.15963851339905807,0.24001867758635084,0.4404133563493781,0.21079414571035135,0.1920607860038949,0.4735996078174087,0.22992749515437247,0.789371740468026,0.6694690741205935,0.506769705829639,,0.7146303695973489,1.514316454138842,1.459913695887036,1.2313018035400476,1.6752734069600315,1.480303050064378,1.1747967128094232,1.4336458087884723
479,celestial-sweep-292,run_3cd0e14f7a4277e80be4e6febd865311,0.2543076872825623,0.2646482586652819,0.4395845691153362,0.4068485006131321,0.1720389944777586,0.2843771656372947,0.21553516911630038,0.4069807374106333,0.21716398498755163,0.17203899447775847,0.22213933198786118,0.37104886768021617,0.38175351885234976,0.2868963168704573,0.48892847943120127,0.3844780217450648,0.7740256312614874,0.7050945120095593,0.5504750611187017,,0.7557664833133957,1.6290882915729867,1.4723825376949013,1.322856308045093,1.9609320711618228,1.8512949689708587,1.0596365199783386,1.6733719864016854
480,splendid-sweep-293,run_9eb4b87724e01f0ed710e00eeece2114,0.5944478511810304,0.2372670464665317,0.4543827333936915,0.4830441083571772,0.13925280346918728,0.31815116840151514,0.17920332337424835,0.410258811776092,0.22153766117944346,0.1392528034691872,0.23128012403912948,0.4382223070686962,0.23434562603161288,0.17891794102310335,0.5138484885318073,0.2458539464624825,0.7947626072209115,0.6699990842727016,0.5112141183565093,,0.7283674811474098,1.5692166326207129,1.53436108723493,1.3282754581895062,1.768471964848411,1.592967305773281,1.1704871077023091,1.4639908516556241
481,super-sweep-294,run_cef3d702ad3f25f28808fc17606f6526,0.5765795707702638,0.24232435510534805,0.5131279073397647,0.40454461001077624,0.1810295761764407,0.383054221906252,0.18899182451941748,0.4697012269364053,0.17148006391438433,0.1810295761764409,0.315648091199006,0.42996310239286,0.28047657849681507,0.2963311304792005,0.39725351449844065,0.2611287365745832,0.7790034067570389,0.6396123761598417,0.45021995842363616,,0.653586290805437,1.7250923726823228,1.689786947361961,1.5070885003578607,1.9785680293176753,1.8250115799835571,1.2844804329036148,1.6459773697336886
482,fresh-sweep-295,run_7c21a9925d2d0d12ec6b91b2706704f2,1.0028716921806338,0.18338011845541363,0.49664907953753135,0.48612091709709776,0.10196412237015957,0.3906476429681148,0.1294354929747058,0.4559801442352721,0.235673144810672,0.10196412237015956,0.3113817126473605,0.5541624622771467,0.24501537160183204,0.3633494024625142,0.38797917211303695,0.2165240772737933,0.8392691068363143,0.6490005488442859,0.39169348126347137,,0.6440006402692235,1.644057442643071,1.6542505541600452,1.4667904749468317,1.9431904286553057,1.7863142062564266,1.2758829836120065,1.6331936608833169
483,lively-sweep-296,run_a21feea6698a7616902c34b791abec17,0.56445449590683,0.24767265967774707,0.5200534898483761,0.5384415294860838,0.1291696310600671,0.3257874637225303,0.204535021109748,0.48487923157774243,0.35814351008881107,0.12916963106006715,0.2551182121278028,0.42218975374759066,0.2671229848522598,0.2936293884153285,0.5903913821755636,0.2898227109538644,0.7815795595318207,0.6374869027544747,0.509317560639772,,0.7198111950400574,1.784425815170201,1.7480896287267171,1.5878224210639298,2.0084388580029837,1.8706120220686429,1.2659518955537978,1.6064381401506476
484,trim-sweep-297,run_7c2a61232218b12aaea4fdd737585720,1.0966816544532778,0.17648401654663085,0.5039180793606195,0.49283935936977447,0.1101001117999797,0.3642121543067974,0.13291490124952643,0.45955480628141493,0.2997807587975178,0.1101001117999798,0.2703549442985422,0.6028978936384789,0.24596645315354948,0.3914620779193137,0.4285031802732244,0.18011594495374972,0.8456607365068092,0.6326277729548644,0.396677164883516,,0.6773110013344493,1.6707998933196007,1.6773108087964488,1.4897788675111736,1.9837073722395124,1.8278852435136264,1.318120853210979,1.6909068493094566
485,ancient-sweep-298,run_890a7a0ca6a30c6dadbf567b7282d05e,-0.3410977125167847,0.49080728794298484,0.982704255252724,1.0,0.0,0.5491187001148251,0.49080728794298484,0.982704255252724,1.0,0.0,0.5491187001148251,1.0,1.0,1.0,1.0,1.0,,,,,,3.5292519897898846,3.301207101473044,3.301207101473044,4.785182162344089,4.785182162344089,,
486,pretty-sweep-299,run_84af64996507bbb13bc7f5c0c2e93695,0.28047233819961553,0.2635469895718095,0.45568875984723134,0.45477314109471945,0.23213317749093743,0.36996743894900386,0.16660018914735703,0.41472844015693133,0.07862212478168794,0.23213317749093734,0.27412086331608226,0.3927315804009968,0.2597172533407753,0.1156634634826379,0.3684976862421263,0.25426508952766236,0.7847161520761637,0.6837523289783132,0.4813092197348099,,0.6810101645406311,1.6736370946140513,1.5338833345742426,1.3243616772917948,1.7874408331305478,1.6112357059527216,1.1469582184959555,1.468897478666651
487,easy-sweep-300,run_98088f23e75122e34a899c71ff866897,0.4974472522735597,0.246641630982036,0.40551861217778606,0.45360633198320377,0.18543127689128294,0.3306930585015369,0.18147861054458903,0.35290291696585596,0.1850395748950244,0.1854312768912829,0.21311780833023478,0.4509343923914016,0.21157816069219373,0.20177462780278602,0.47212220207627115,0.2366076023430225,0.7864142400171757,0.6662746544595677,0.5199239955244614,,0.7270773848393466,1.4500935890102502,1.3824052397089328,1.1456783223892404,1.6133047617421776,1.4157283729154746,1.178905386153379,1.4427494297301664
488,cosmic-sweep-301,run_1a91c9f4d93a81a1c5f6363b612bb52d,-0.18474787473678592,0.36675020256828994,0.44359110445089667,0.6403701088774106,0.20160416031439513,0.4297700146785873,0.23551605369376688,0.40633552912282894,0.0005053695514843554,0.20160416031439496,0.3154999801219343,0.45496413939721164,0.38651269830351076,0.22528833977162677,0.5885749141434685,0.40146868171036143,0.6988268330115107,0.6984171761334866,0.5359936607643245,,0.6451634530829671,1.9445904665293052,1.585026897849753,1.3063512885978115,2.0649402244569504,1.8596294127847817,1.1025103881042453,1.7225553748866484
489,fancy-sweep-302,run_f4dca68026872e5f2ef17ba84144bb8d,0.3640714287757874,0.26602547217853106,0.4272683754279709,0.46286276987105635,0.17821001456787613,0.35649790578732343,0.1866337540231443,0.3809694774853527,0.09410649920107002,0.1782100145678763,0.27262961862956725,0.3733477978212892,0.24371673997001056,0.11980333939916354,0.49538513182099625,0.24271051783353173,0.7684487713673696,0.6882573424388088,0.5256027936354077,,0.6944854983883854,1.5634032550306878,1.4527884023453284,1.2227287594095753,1.6906549185668809,1.4975932461027506,1.1182591498936871,1.4135853133101823
490,cosmic-sweep-303,run_90bb852733b26a2971da994059d6436d,0.2945119142532349,0.26559650403505997,0.43032270820975527,0.3854780572999888,0.2161669546363113,0.34708427754144966,0.18688210400094324,0.3811307795573039,0.01853517149121162,0.21616695463631141,0.27296481738293976,0.335718941098541,0.24932708313458818,0.19565792974278753,0.4251379494640733,0.2669420384239296,0.768082978107602,0.6757166597303264,0.5100342926599997,,0.6927294272690183,1.5805325380390594,1.439066074794761,1.2197848927731518,1.6862800314161284,1.5034973765740955,1.1599348029855796,1.4553617845418276
491,northern-sweep-304,run_ea4a7abf2561498bfd6aed9da1be754f,0.507657825946808,0.2454425270488246,0.5657852288928434,0.40079149790048674,0.12887657959819768,0.3563669444139128,0.21903715466183007,0.5454091349005653,0.26621455910222586,0.12887657959819768,0.33048492346165215,0.42509965563505486,0.4266641312885476,0.35731294363034616,0.5433649618581212,0.42759002497530574,0.7779039469861682,0.6666355007468903,0.47869740639367075,,0.6848457674858488,1.8984635612710643,1.8498662414365805,1.7588515318042548,2.356015742179079,2.285249171779548,1.196829956379675,1.8871160564937997
492,comic-sweep-305,run_69fb2d8312fd49b4e703e223a667057e,-0.3455647826194764,0.4746018247451904,0.9690091890148087,0.9500947567909035,0.026205237659653765,0.5400808062855225,0.4746018247451904,0.9681974753624094,0.9500947567909035,0.026205237659653876,0.5400808062855221,0.8965737319945332,0.9731401181364748,0.9334039949344998,0.9390607730788506,0.9472683333224513,0.5313467469781288,0.5137706110392996,0.47831503576209927,,0.5242724610010387,3.4789384465751527,3.2431026846038042,3.240677468048072,4.654333399404625,4.6526438528908995,1.6899648695670697,3.7418024574127178
493,eager-sweep-306,run_be6ce3da5ed86af9d6327a915188d090,-0.33280149102211004,0.47886642032355736,0.9728492189857744,0.9781427668982945,0.016039909204864995,0.5443479643691521,0.4788664203235573,0.9719126263099289,0.9781427668982946,0.016039909204865036,0.5443479643691519,0.9316091525071148,0.9766161655498588,0.970861667145548,0.972801328612995,0.9613529862741136,0.5330187278815163,0.4958138673717304,0.5026937721167105,,0.5028026822123756,3.4924889571362314,3.263500015284397,3.2607081827044233,4.690276291186055,4.6883341594489965,1.7341919029183057,3.7888891372073905
494,solar-sweep-307,run_a78c48b5ce5f22e34e92cc98af356724,0.4878750443458558,0.25025148570984196,0.535871499484874,0.449340418416261,0.14393061625503947,0.3634030001067959,0.2013491173541445,0.5092514543202938,0.19360856155475456,0.14393061625503936,0.31805762456336484,0.3577539912100261,0.34291101483993874,0.2086315699858464,0.5816532427008493,0.3345471055521802,0.7750512189298411,0.6711152142826285,0.4990231454915288,,0.682996864436295,1.8264066966116645,1.7709080318650534,1.6344406319716656,2.117430033916395,2.0046922134449883,1.1761087473621499,1.6524607338235893
495,legendary-sweep-308,run_372eb43e9b683bf45b2de7e1da4d907d,0.19368231296539312,0.2874462849101048,0.4163986970955221,0.46686856675708804,0.2181158315546973,0.35247240261891566,0.18026445509757166,0.36483406699759613,0.025903905466166582,0.2181158315546973,0.27127791016829333,0.3988341778346028,0.3358352039809662,0.06681607764262676,0.4684378108414832,0.30869288889619617,0.763099173125416,0.68895303545018,0.527275473446028,,0.7022332254046262,1.6130695026808795,1.4263486161394494,1.1679919736496862,1.8236930407096594,1.6295984727778834,1.1167330125576607,1.5932603532712504
496,rosy-sweep-309,run_43ba7aed17ae5f6b53334adcdeb2a973,0.3615188598632813,0.26322087343934614,0.4633740230818063,0.4931366355765299,0.13013517633905888,0.2998415211475335,0.21559788375715885,0.43113442186215434,0.2901936011296496,0.13013517633905866,0.2380994698402973,0.39605995398064947,0.34469448285895804,0.24195681554555226,0.562368246166557,0.3652881582690594,0.776311622630979,0.6983531359106794,0.5469551922931783,,0.7387865621592398,1.6727213636252176,1.5683187884585503,1.4104834882980022,1.9654956817816311,1.8420133342708036,1.0794417048221303,1.6027301229400572
497,lucky-sweep-310,run_587c2633af7c746a37326124b7f30796,0.6104019284248353,0.23607295970458897,0.49466662504032566,0.5039946490282784,0.1278365009994241,0.3419066260998222,0.19006048199964384,0.4575463353209912,0.294563561368957,0.12783650099942404,0.27383789320567725,0.41240066682353554,0.24109456001285223,0.23557343379199525,0.5529289901407366,0.2475862485606617,0.7923345735876052,0.649586438806212,0.4937080936392645,,0.7009914313194938,1.6890079818970918,1.6603288071465494,1.488750203412577,1.8877305870339762,1.7387386777615392,1.2358612634347577,1.527804988812876
498,laced-sweep-311,run_55d131800cb71391b94d411404669142,0.4910656809806825,0.24677207743502133,0.4624062106500995,0.41826762290513164,0.18894789443371618,0.35327532056304045,0.18227634077630667,0.4191980685377708,0.09161309501690756,0.18894789443371604,0.28595805650203737,0.41981939902913784,0.2391865607610979,0.2067411593184986,0.48196341316589625,0.28267099324877015,0.7817371786348808,0.6714338812197346,0.513132382749655,,0.6905753631682033,1.603794557268545,1.540791776668784,1.3412262412595994,1.7790816851103028,1.609341534133796,1.1680049999981015,1.4681035465066257
499,bumbling-sweep-312,run_b97e2123d664ce9e02ab0d59fc71771a,0.13497114181518557,0.29217246024518917,0.5880032884809508,0.4857158782653933,0.11848765118406344,0.3463756829674601,0.24587400377793012,0.5738087061492514,0.2998216342759469,0.11848765118406361,0.2953194561049438,0.3240372858574833,0.39791587834180486,0.2502740265406677,0.6710848985292835,0.35725227341263227,0.7476331247659243,0.6870852878367264,0.5359952125159615,,0.7133270117235104,2.107527820109564,1.943904147217391,1.8555083806440944,2.3515465223807577,2.2790171267440122,1.1216709202817745,1.7346911444859072
500,floral-sweep-313,run_293766fd7bd23375f0b1844477ccb648,0.12795150279998782,0.29405139088530496,0.44522493834098226,0.4967485414886106,0.1746891621777281,0.3312504238705166,0.21850784309298582,0.3986866889367593,0.21298353833005093,0.17468916217772798,0.2349766647100414,0.3605330523379429,0.22980622417164,0.1838731922229672,0.48747630810125875,0.21870017762470137,0.7510390079447894,0.6711608185330514,0.5409257006493375,,0.7189739097190555,1.729011322157023,1.5216694092870364,1.2971578255733955,1.7341799879154982,1.5409480405818161,1.1636506608806372,1.4303794251507473
501,warm-sweep-314,run_548ed80b87b216b50d58c7a3afac0524,0.420229732990265,0.2571450790329904,0.43174841039409745,0.4218720969120433,0.20248839651726125,0.3549341646262417,0.1846268855156772,0.37813368299459915,0.07297387685333141,0.20248839651726128,0.2871413860546405,0.39944294018202964,0.2241922599530323,0.17406144579595395,0.46316952708203846,0.27819849606875735,0.77290687169752,0.6679724254830263,0.5012652481367228,,0.6885799167877313,1.542133757959991,1.4519526702348624,1.2121316329957008,1.6735113684120793,1.4702846116691648,1.1843693444338117,1.4474821199714003
502,different-sweep-315,run_535e8744b94ceb1818743cb0880a8a1c,0.36470949649810797,0.2572228451876547,0.4216488193728991,0.39011185017279176,0.22209828234576687,0.35284891656747125,0.1844738617919829,0.37144745194759254,0.05032514585113883,0.2220982823457671,0.2827627548972149,0.3740901669807051,0.24505965090868878,0.21478849407783418,0.4057980716869567,0.27483189397444,0.7750110676219367,0.6728285937229634,0.505822482845796,,0.6882675385417156,1.527631679519158,1.412879370830103,1.1900820650581105,1.6681870374067853,1.4842220847392538,1.16843601836226,1.4669228351419892
503,autumn-sweep-316,run_e5b95de1d001afc4dc4bd25706c3137c,0.4795786738395692,0.25695944369604967,0.5760461219859929,0.5005165174092377,0.10456516583663651,0.36239038805881724,0.21553266053066644,0.556065478234627,0.2871762476310799,0.10456516583663648,0.31974063411808806,0.3299509437320787,0.4040410733816491,0.22417031148570277,0.6457084888452528,0.3641710081742979,0.7714853690176537,0.6680199126640947,0.49871036125490004,,0.6905649034605532,1.9595015915974827,1.9065246619058116,1.7947179961770985,2.3294737882342242,2.2388891284333794,1.1855876274496728,1.7880799383632102
504,valiant-sweep-317,run_928ce8485db9440b20e2050c2a3e3f75,0.48276960849761974,0.25817109055743276,0.5854953014267429,0.49643268551893277,0.1272749601924315,0.3723691769935167,0.2150836237021205,0.5638391974441429,0.2814871242242949,0.12727496019243176,0.3303352533206114,0.34816495309719747,0.38787943843999884,0.2292196362630229,0.6084101477309316,0.352435826482065,0.7661572596824053,0.6519483086252733,0.49542466890512254,,0.6771246290265025,1.9854521321535734,1.9342040231524384,1.8178675342371486,2.32796268592048,2.232242691978734,1.2331579341823282,1.7885590721292495
505,hopeful-sweep-318,run_a49b002a766b3b9eba1d59bb95b7656a,0.4572430253028871,0.26390070014625056,0.5526156952119302,0.4796068522165656,0.10637344581088866,0.37159432220083716,0.20845092328494266,0.5298877129447517,0.2177808331165691,0.10637344581088871,0.3284425496620342,0.3594631681948339,0.35511106637112677,0.171045770413647,0.6034898871852693,0.3702092973777016,0.7653329299827363,0.6664289965803875,0.5135946501985879,,0.6813287097533622,1.8916788660396602,1.8312584138172343,1.7025540114749627,2.1847234373333997,2.07802773837284,1.1850548262800304,1.6804356758730894
506,atomic-sweep-319,run_5e39cd1f1dc90526b4739eb9277f3920,0.6397575139999391,0.23035589304394288,0.5058276877608152,0.46227564936271426,0.1538283023342481,0.3549622277776869,0.1836962002453396,0.4635041053978961,0.28180669614655735,0.15382830233424785,0.2716785896083708,0.46981766636376765,0.26555155086188775,0.32145047834924284,0.42671198001209376,0.20689838417575665,0.797139501599624,0.630496060883782,0.4567679235314041,,0.6857244894582771,1.7035521482384246,1.680886406188211,1.5038350525189437,1.963317198472603,1.8140438739166826,1.3044481902090435,1.6525194075258662
507,dandy-sweep-320,run_127334d0acc27ff2e010455caeb3e643,-0.3410977125167847,0.49080728794298484,0.982704255252724,1.0,0.0,0.5491187001148251,0.49080728794298484,0.982704255252724,1.0,0.0,0.5491187001148251,1.0,1.0,1.0,1.0,1.0,,,,,,3.5292519897898846,3.301207101473044,3.301207101473044,4.785182162344089,4.785182162344089,,
508,summer-sweep-321,run_8f1599a2017a79de68cc6d643507a5ca,0.6263560056686402,0.2381550857810858,0.5087155151780048,0.45099773326892334,0.20117135887793478,0.3857607569567384,0.17263082901229465,0.4672973057350694,0.1283267065512244,0.20117135887793466,0.29953828320552917,0.47696629280511055,0.26776460866647334,0.2289563579478339,0.3802151550842252,0.2653604190989098,0.788519739359313,0.6528414836317553,0.45881013343988364,,0.6585889828158362,1.7119940256151096,1.6876111975586474,1.4932973134015561,1.960848864391495,1.7963389382497916,1.2420952971402868,1.5936428213492824
509,olive-sweep-322,run_1a3c65f6f659fc2d9d9e75eef005212f,0.21601796150207525,0.29036878717410336,0.5011759441374503,0.5312362974248449,0.12097011891452386,0.32256253990229344,0.23987597552623874,0.4725370214271592,0.34039240459291725,0.1209701189145237,0.26015009108831244,0.3912668862674222,0.30925780544566356,0.27817641988315295,0.5880437301402712,0.29870101425523393,0.7530480527474536,0.6782019955404314,0.5341075114216611,,0.7276105187491565,1.846242971607385,1.6965551291034622,1.5512317167115066,2.0162279398040184,1.8955726412065614,1.1461154531316413,1.5812831596732568
510,wandering-sweep-323,run_f4bb4d5b442089f27fc8cacc5572ce87,0.45596688985824596,0.2612315650313197,0.5256626393181606,0.438252015904277,0.13182657451638038,0.36072452820775464,0.20795422332934485,0.5054426441051897,0.1891345546430824,0.1318265745163803,0.3123124738369577,0.3843792910618931,0.3578215629767314,0.20754270025221086,0.5854533762806842,0.32614906261102034,0.7686164517352572,0.6882384584964513,0.5284802865332592,,0.6862852430606708,1.8031220031168214,1.738826864228357,1.6228800028224524,2.1200714574982027,2.0260611108002973,1.117059431812842,1.6489408404604338
511,rose-sweep-324,run_8242208bdd20ab9947b6c427c37a45cb,-0.3410977125167847,0.49080728794298484,0.982704255252724,1.0,0.0,0.5491187001148251,0.49080728794298484,0.982704255252724,1.0,0.0,0.5491187001148251,1.0,1.0,1.0,1.0,1.0,,,,,,3.5292519897898846,3.301207101473044,3.301207101473044,4.785182162344089,4.785182162344089,,
512,crimson-sweep-325,run_940470cc1196f6f61e80061b74cdd58b,0.8694958686828616,0.18941577549162006,0.49101391360452906,0.49439262755007246,0.11547074567198566,0.3446108225543548,0.1456108531448884,0.4508340878107666,0.33816654899483495,0.11547074567198568,0.24885934982355298,0.5092993170155795,0.257292862465419,0.38303014824037723,0.43291052089708276,0.22625613305574918,0.8416821344229791,0.6492685828101874,0.4002604298922226,,0.6981376365202805,1.6347483084557894,1.6405026789716972,1.4724377347563185,1.9389025502183925,1.7989349466460398,1.270778253100701,1.6379778472506092
513,sweepy-sweep-326,run_54f43c63c6959e077b42b5f720f5182a,0.5255264043807985,0.2502289084391329,0.5703537198339108,0.4565270707145776,0.12275553071111563,0.3903366097062646,0.2014118319950032,0.5387281071462021,0.2575229460072091,0.12275553071111578,0.33267618787032643,0.3865596756288306,0.3340599021212077,0.3083210420457811,0.44433395642345497,0.3004914244259264,0.7740533270852502,0.6355919009637166,0.4512041630194555,,0.6484942936163541,1.920045785005878,1.877249352163336,1.734694361575293,2.2100940161089158,2.090362398705996,1.2962103980916055,1.7437350217173395
514,expert-sweep-327,run_fc39a8ad5e1a1b59b8dbb8c48cce1aa2,0.4317167401313783,0.260248199462661,0.5228424547053375,0.485429749916391,0.1316563336382424,0.36452084897269377,0.20851112934016694,0.49286108249300165,0.21818587194827374,0.1316563336382425,0.31383567933484097,0.33528933918750026,0.30563080675358356,0.21566750736945162,0.5596053044091414,0.32468612041979794,0.7665995803601089,0.6644333065156844,0.48839047088534315,,0.6829588874827264,1.8144503933626366,1.7427029270218364,1.5875145454887254,2.03225165934898,1.9008513217015373,1.2009455124729698,1.5922636210769783
515,ancient-sweep-328,run_f42745ea80c3fb495fcf3bbffcb5e611,-0.008615255355834963,0.3015018902192754,0.3770774145879513,0.4698524766823973,0.2463173764271437,0.36185562911739055,0.18228386653320974,0.3204864037963223,-0.027676414848946198,0.24631737642714358,0.2523407396667188,0.3233826536801339,0.33141589103318636,0.030729921569879377,0.4619861926500291,0.2875015524004232,0.7548086566122598,0.6978252899841089,0.520101276909575,,0.6991111499550198,1.630932202485571,1.3166390946549156,1.0301013261423273,1.7138915084239787,1.504989813651337,1.097049284685052,1.5515807198151468
516,absurd-sweep-329,run_84ba9d7de47571c25b79fb87f9dc9755,0.37109136581420904,0.2722593074798497,0.5453623052667729,0.46434171899966553,0.1409619880069113,0.36367661583338595,0.21772767296070797,0.5278376156431788,0.2395488833562485,0.14096198800691115,0.32489489960017826,0.3676900004142216,0.37624401690327564,0.19374687396907495,0.613263035225874,0.3956243358605209,0.7634855058350387,0.6944723098136625,0.5147067819560566,,0.696782153237987,1.8934993377912466,1.8066374297494943,1.700268946951885,2.202786460986262,2.1164224252500716,1.106761179358736,1.6772744850703665
517,rich-sweep-330,run_df8de3707bfdc9c4ab7862a25bc256b7,0.4808551073074342,0.2561215760941823,0.5499203896225534,0.4831147114562817,0.1383931293830674,0.3760758515802283,0.2028040970220581,0.5173165579178506,0.21677752591876914,0.13839312938306744,0.32430401435586115,0.36438268772811916,0.34513736927624256,0.21602528493439324,0.5720103509424982,0.33052590768733997,0.7692380218378021,0.6464798680921611,0.49209424387767586,,0.67241869534773,1.878040359859306,1.822943343988689,1.6626142692976393,2.1665092058306312,2.033451723554885,1.2493935265995575,1.7121985538672455
518,volcanic-sweep-331,run_086a0536a8a0574e7f42e38594f0e7ba,0.47511160373687755,0.25972390506508525,0.5395606339691756,0.5068187729924567,0.11311786428160046,0.3678681593145108,0.2092461449310264,0.5051252432539315,0.25515960016350187,0.11311786428160037,0.31481477150748255,0.3640477027876859,0.34593961859884415,0.21154401983632898,0.6264913704143075,0.3485468064678372,0.7700807497104661,0.6562965147577782,0.5044718511513652,,0.6819016551990843,1.8557019896743763,1.7987714009323206,1.6310749475261794,2.1469984518412364,2.0085888787514907,1.2164422985212073,1.6893062673855799
519,fallen-sweep-332,run_c1fb85fc4c47ea46ad392269189fc417,0.7878109812736513,0.2131068582222657,0.544961651733217,0.41656571662145586,0.1442456889250263,0.3874679320029841,0.1694123136434446,0.5145952358652555,0.22370034558359045,0.1442456889250263,0.32552787957166285,0.482675736442635,0.3114666379570497,0.3695627281337462,0.40049530110543907,0.26864307775871793,0.8070463820719606,0.6496166901333796,0.4222825932916346,,0.6464747187440552,1.7856044339467683,1.7857137362644866,1.651310069121006,2.1280133199917826,2.016554508700223,1.2643864674284677,1.7141587677910748
520,ancient-sweep-333,run_6ec67fe9afd4e2f98647b7d85326c766,0.7712188363075259,0.21385190815566277,0.5434318836960028,0.43146668648508035,0.10940898465291189,0.38920940645655167,0.1668510477107902,0.5111610627204897,0.22882092824495592,0.1094089846529116,0.32373495600711233,0.47483572107330724,0.30786511099580355,0.3570013515095403,0.39789252926215335,0.2294844411349272,0.8077372117809385,0.6406520675977765,0.4284357976252134,,0.639124275943644,1.7865291614134813,1.784678756062864,1.6410528966917781,2.1179722507656993,1.9984450961714975,1.2864524796461094,1.719211498059228
521,wise-sweep-334,run_23f3491191a3642de29c2d341f26656f,0.39597958326339733,0.2537860828686178,0.42295484582643894,0.3960164988294749,0.20673848968391098,0.34621198125069674,0.1924110267390143,0.3732946208360651,0.09179889264612957,0.20673848968391081,0.2799502034968248,0.3755920378106084,0.23768802773787367,0.2311104726026668,0.4309180524525802,0.29792747106003575,0.7754268241927305,0.6783483343093588,0.513018864148483,,0.6957617595649519,1.5200584683690566,1.4177956338216096,1.1995573264138875,1.6642060791849593,1.4826918742833217,1.1498615909678158,1.4427817205300295
522,ruby-sweep-335,run_b7e9bf4423828ec919502cd5673bcc65,0.6869813799858094,0.22935496737584382,0.5086947020074303,0.49018616922448066,0.11504217908324017,0.35348189653895595,0.18132056964962565,0.46311385844962694,0.29140500167217886,0.11504217908324016,0.2703307788070198,0.48063784772897805,0.2605990617193545,0.2951298832593728,0.42119188758162984,0.21811536981533433,0.7972431274978475,0.6356153106204087,0.4537899057383278,,0.6875800876261045,1.7105455666186862,1.6972298548114302,1.5041736877297909,1.96921869745733,1.8054837526853995,1.2912078976535157,1.6323145938559536
523,quiet-sweep-336,run_401eb7176be34b38b26dbdd77a48e9da,0.773771405220032,0.2164307341877576,0.5645468452436703,0.4296570175764557,0.10371226750686047,0.3901838214372855,0.16970581816266148,0.5305589376957741,0.23621195793541663,0.10371226750686043,0.32267011531616646,0.47239710739979096,0.33837582074921846,0.351436963253839,0.39221470277006,0.2590842202684091,0.8024083410416595,0.635394607847237,0.4253262578566446,,0.643890002486207,1.850112411340084,1.8489399179528665,1.7027988775773328,2.2159033704332405,2.095512573185011,1.3033277766807772,1.7861445127328024
524,different-sweep-337,run_14a463939fe595be30d84ba0f410258b,0.42980223894119274,0.25161615629491935,0.39789578845493434,0.4314035152911449,0.19835179726937022,0.3159489905450566,0.18522894606791743,0.34496789568438907,0.16071866522983153,0.19835179726937027,0.21589606032330316,0.4081317455946567,0.255830213430485,0.1905102746650491,0.43521247693498744,0.2497113054500281,0.7821578857884441,0.6697429079128345,0.5265073629077078,,0.7316194991798165,1.4472197706028522,1.3537467517286699,1.1181094500735809,1.6401179638580554,1.4517318657031038,1.167196612762168,1.489867309661316
525,earnest-sweep-338,run_578c5004da3eea57408f902bcc2c2c85,0.29195904731750494,0.2726330867393655,0.42990124150562486,0.45919140871762465,0.2048658400243927,0.35522415052450806,0.16455318326974078,0.3866098467109989,0.015172234402288995,0.20486584002439268,0.27434614805962826,0.42725840007835103,0.3634649707961404,0.07702284796049759,0.49767000563374203,0.34040194118891137,0.7789065827815889,0.6920465225460817,0.5283791611578879,,0.6995741951532032,1.6001029701229816,1.4605945105695444,1.233685406641411,1.9086347041300848,1.7411288843919148,1.10438306647968,1.652032707615352
526,sparkling-sweep-339,run_b651517710ce4a13449976858fd50410,0.19623488187789923,0.290027619527834,0.4189743269540966,0.4675114265541969,0.22635769217738932,0.35025619318673457,0.17804435681118633,0.37476715265419946,-0.03762030396492105,0.22635769217738955,0.26385598614303946,0.4032864796649533,0.3801124797448449,0.03561451116857691,0.46530511383112244,0.3119580365344532,0.760371671815223,0.7000862000467659,0.5274368541265189,,0.7027631711165462,1.6186414567577827,1.4346002302084384,1.1990076177189546,1.914899780975021,1.7453889589464469,1.086379554543603,1.6700251157376156
527,comic-sweep-340,run_fe11a923bf8614a376f350c9744f9b71,1.122846305370331,0.17113571197423177,0.5179097332792191,0.4513470328118613,0.1440322526001965,0.3850053904636735,0.12519347466704792,0.47762584163258526,0.2211809297313366,0.14403225260019667,0.30324183966430235,0.6176039589823702,0.2950970557733715,0.4278238568038395,0.3930434837256917,0.24843481205261483,0.8477261169956147,0.6472635658474352,0.3813952750741898,,0.6593656140460554,1.703264593956186,1.7074268634979706,1.5316196837754408,2.085808505126214,1.9445178018189275,1.2845579243196616,1.7565248893183296
528,twilight-sweep-341,run_39c9b98ece029befd465e902673d8d00,0.616145431995392,0.23439220732958554,0.4908317983620036,0.4733306083014381,0.12716400718230172,0.317962521661245,0.1915907192365871,0.45487704619483205,0.2837204117275464,0.1271640071823019,0.25598816982260214,0.44353847926360457,0.2618203682614308,0.23764177547914742,0.5537311571528057,0.32774832808721305,0.7943069836587776,0.6584143400471754,0.501683024844565,,0.7232110252009906,1.6674965478122583,1.6395548525269383,1.4786262365039364,1.9044262030466015,1.7677767380762932,1.2072435775574373,1.5479457690628393
529,gentle-sweep-342,run_63546e879e89b7c23eaead20e0efe091,0.6608167290687562,0.23253334537454434,0.5510286909556369,0.4378729887406636,0.11923637226005353,0.36263048391007013,0.1896716512263222,0.5285192469794888,0.23791014826650778,0.1192363722600537,0.3209005777111539,0.4319337597234039,0.33953601960341934,0.2429914120614245,0.5773697307033508,0.3200244008360192,0.7912811717699088,0.6713725469288523,0.5040375931566967,,0.6785269421668716,1.8284157700345747,1.8116651714769445,1.698794430825805,2.163466981201313,2.0698698518048197,1.170257359464079,1.663719018520127
530,easy-sweep-343,run_d9ab543090ff5b88d6b752b9118d6ad9,0.34620285034179693,0.2813454046474057,0.5414754456620151,0.525409683772435,0.13292424704407632,0.3682992405019874,0.1998464745591788,0.5187058370536874,0.20847608784511915,0.13292424704407657,0.3067972850460043,0.44321643691162826,0.39324411035983253,0.20111653843288746,0.6469161361964368,0.4144758112785274,0.763979223063503,0.6823464024540938,0.5204278787102689,,0.6980918654147552,1.9066889183219742,1.8130546475677012,1.6655204431446056,2.2517693332963016,2.1347731312341907,1.1378634834647807,1.7544318973130402
531,proud-sweep-344,run_a9e90195541a62025be3551aa05ac45e,1.0558390617370608,0.18708780802295857,0.513398478557231,0.5013340269778158,0.13393637564793173,0.36735444773666787,0.14683002576317436,0.4635405284464009,0.30938278027572347,0.13393637564793207,0.27376071953920317,0.6026111295237316,0.2649023590616013,0.39497515137971034,0.3979471206900917,0.19701836803592218,0.8318140384634959,0.6274615467676229,0.40106439221938905,,0.6753056676521598,1.7000687589830783,1.7094202620670624,1.5053155736656807,2.035435033196278,1.867311735709318,1.3322384813888273,1.7308198962603005
532,balmy-sweep-345,run_a16cc8181ec41c0b5f42a05b94d252d9,0.5229738354682923,0.2547418539952989,0.5515750366832133,0.4406748169893352,0.1407807365247146,0.37657163392242565,0.20864408437878643,0.5254024746859812,0.2071866522983168,0.1407807365247145,0.33677808517322366,0.4202597006450894,0.32710277893267325,0.2264778810033096,0.573937222739641,0.3578804096489991,0.7702476723076438,0.6592551961999161,0.5009799066704391,,0.6711194811873651,1.8612088724528735,1.8169859431009439,1.6872866581877477,2.144600345950557,2.0358803975978548,1.2094946873774501,1.6615505184071588
533,serene-sweep-346,run_7e1c7920dbf1b79715882ceb4edae5f6,0.5561581254005433,0.23760821411280106,0.5118531006420863,0.4228493924417523,0.10896009079513501,0.37929921633649594,0.1809743848320878,0.47020594632283313,0.1937980751365617,0.10896009079513493,0.315061103614612,0.4099486174800477,0.28709327340467006,0.28003980035969306,0.42482581755558746,0.24734003226041223,0.789512134920097,0.640762759123814,0.4606116024055024,,0.653222356426094,1.7308186458163364,1.6897322978718883,1.5103793369433718,1.981388622550558,1.830833519620745,1.2750525232823957,1.642091523706943
534,jolly-sweep-347,run_21806a77973c66555ac72bcc7c405120,0.400446653366089,0.26852151488469284,0.5435879824753106,0.4601426925792427,0.1591523528813904,0.3672811717301167,0.2125900895815929,0.5185081119332314,0.22258927576084145,0.15915235288139054,0.3267517447874644,0.3864381589959664,0.3220461891205109,0.2061882110057572,0.5610504315571303,0.3719784834043418,0.7629983625616102,0.6707280240438319,0.5147726730750848,,0.6821407222956,1.877784455125184,1.7996427557728873,1.6683066724309683,2.113693345015359,2.0030558308829227,1.1729516939942455,1.613939647198852
535,sweepy-sweep-348,run_2dcdabd00a75f1af4a23e2815746f2b6,0.5453094840049745,0.24750709302588111,0.4248904706898526,0.5050797071829363,0.15792763492224823,0.3540571911435812,0.17580168125409212,0.37254534669538897,0.21356322693322408,0.15792763492224812,0.2553637647029477,0.46431277152849343,0.20040466904806328,0.1999061392586917,0.5132564347759626,0.24686787673722232,0.784812728000025,0.6630043407477352,0.4991364993604173,,0.6964222090476049,1.505711823947155,1.4566002857807516,1.2101305039018613,1.6669893582794677,1.4565661552274916,1.197009002410765,1.4456831187825494
536,warm-sweep-349,run_02b00fc0e83e58dee0dde336dfe4d443,0.5906191468238832,0.23650945360496298,0.5838354510734394,0.4557504366244286,0.10835281363282179,0.3528169557561032,0.20596491492131833,0.5636674887869044,0.2797406265096058,0.10835281363282183,0.32005010831596936,0.37566196456962003,0.37624774680797596,0.2788726069235599,0.6086485041105071,0.3741809904255737,0.7877462894588683,0.6639914649959107,0.48283502756299346,,0.6932480604378392,1.9452350713298965,1.916320307628435,1.8160084645870687,2.3036490691350053,2.2209012260227423,1.200636748692206,1.7538654779108995
537,sweet-sweep-350,run_404edfd6bc56c19e3e2ad1cde0531bf5,0.4355457425117494,0.25976153384960027,0.5327183041428616,0.4835308981457396,0.14097384558051293,0.37753981264728287,0.21027215645546873,0.5044019855764729,0.22731596744825558,0.1409738455805129,0.3288112682907437,0.33467790039987594,0.3209621560795674,0.2020095989102789,0.5712190861820267,0.3512482624292117,0.7682891441423826,0.6629276508728826,0.4969180813286191,,0.671695873806664,1.8412763654450959,1.7717692004372314,1.624838625640175,2.0789781939785694,1.9552710274518619,1.2012322935540323,1.6204762431141926
538,logical-sweep-351,run_b158507da235997978486541687bb903,0.9294831752777102,0.20088502901179284,0.48729355936436575,0.47109360484560214,0.14595317952366435,0.3416743255684152,0.16277459605499833,0.4436587472552632,0.29664449481624616,0.14595317952366416,0.25619864345844046,0.5601759612857674,0.2692340239669091,0.3629952431120902,0.4101520715717622,0.22857384504406006,0.8212182447644101,0.6504792142813035,0.4291642828692972,,0.7037686824464273,1.6129017133958488,1.623833153186441,1.4431993506050191,1.951221760878553,1.8036786344372242,1.2567673326640025,1.6582811520336267
539,bright-sweep-352,run_81032501b0cc997f34259fa4060751d7,0.2281430363655091,0.28772222932988145,0.4684628432872322,0.5434171899966554,0.13706254023105333,0.3309923987836183,0.2180036173804848,0.4255252723923698,0.2641559213704433,0.13706254023105338,0.2439062035934867,0.4011672046148325,0.2563067491958295,0.24905894497121395,0.5906225249314597,0.2587880677155648,0.7581125472583526,0.6741313940383833,0.5378483960298593,,0.7203497600383033,1.7565989212402744,1.6039515825117654,1.3885321395027377,1.8581059334720365,1.675684482053242,1.1549879342918221,1.4879160289887605
540,summer-sweep-353,run_42cf1062a35a2293e8f7da80efd11d2b,0.4974472522735597,0.25183189465947203,0.5450501077081578,0.4767678644420497,0.13260070467865978,0.36393853858020725,0.1980879560295111,0.5183468098612803,0.2198543346586899,0.13260070467865984,0.3178401351396651,0.35567294089262536,0.3529785213296292,0.21888984665155528,0.5904357275495737,0.3498511158620918,0.775205171300288,0.6644815889058924,0.4875996097198422,,0.68774499445564,1.8575960432609593,1.8059687424922823,1.6656557026366006,2.163764652153746,2.048112128467749,1.1995052800219501,1.690907238097762
541,graceful-sweep-354,run_3a35a237da7b66886f57c43530cf1acb,-0.3410977125167847,0.49080728794298484,0.982704255252724,1.0,0.0,0.5491187001148251,0.49080728794298484,0.982704255252724,1.0,0.0,0.5491187001148251,1.0,1.0,1.0,1.0,1.0,,,,,,3.5292519897898846,3.301207101473044,3.301207101473044,4.785182162344089,4.785182162344089,,
542,breezy-sweep-355,run_c9cb34d17ac833c12038202edda63eca,0.6978303194046022,0.2335643740702555,0.5185393316890928,0.4850693025156998,0.09976454246705291,0.3549154558586116,0.17488855608319445,0.4877254326537832,0.19307718033517882,0.0997645424670529,0.29007398538065743,0.4699316614024423,0.3819881328235913,0.16794794027817686,0.6457399748572294,0.3660581092755937,0.7962658097743716,0.6788586230914759,0.5091102470747924,,0.699241077645879,1.7364991014106235,1.7258838113162798,1.564169358218044,2.1649172139775428,2.0383369187651303,1.1462103687460217,1.7383871325552225
543,still-sweep-356,run_b88e7027670d9e9c9fb60e7a68dd96d1,0.5421185493469239,0.23762577421224138,0.42288720302207244,0.37661551038608737,0.2252540908628926,0.3699518483093121,0.1590117176034981,0.3725297368174581,0.028668574188993302,0.22525409086289241,0.2800640151665744,0.46053435639623536,0.2499442667718427,0.21693515946748398,0.3643692252947761,0.21234222966758245,0.7964630673983778,0.6790453926035951,0.4873324268693626,,0.6739119284572104,1.462815959139718,1.4094825703185034,1.1890713442069363,1.6942594954100962,1.5158379805802824,1.1551510392854862,1.4893784090411535
544,grateful-sweep-357,run_d99b50f12fa8d00da9fad7e7154fa9c5,0.37811100482940685,0.26769869879663144,0.4060337381495011,0.5188510274608895,0.1778881661415456,0.33172593838111475,0.19458346189834705,0.3413359974191669,0.20693396752257434,0.1778881661415457,0.2189370145951774,0.41617881469211254,0.2145815346855323,0.19846885675063053,0.509821358820347,0.22636546495173038,0.770778499874862,0.6508788624578985,0.5384243336988235,,0.720497653556898,1.5180863862666338,1.4104974112671056,1.1161482974499197,1.6317322054705004,1.385219861638856,1.2183801864064858,1.4688421704888244
545,smooth-sweep-358,run_40a1a4389296548ced219e123ea64ac4,-0.008615255355834963,0.3150683213297511,0.4790567471095709,0.514923265579131,0.204891249110682,0.3785126685640475,0.2108717084220746,0.43637934084688806,0.08477202630894425,0.20489124911068202,0.27991746315347177,0.3217913047289938,0.30542613109764444,0.12852451340335644,0.5383785395791859,0.293181501935503,0.7329230449080485,0.6722979695964297,0.5264935208198992,,0.6783694441233782,1.8914027525313657,1.6307567832304908,1.398542979331352,1.9267296374867364,1.7346013590893232,1.1702242063266972,1.5563881594867206
546,magic-sweep-359,run_d1f4f54e7be6d9f150ae46dc28ba5d94,0.27026176452636724,0.2828279787572968,0.5209692693536471,0.44335773475530443,0.15433394315140433,0.37312454348658153,0.2220298973235902,0.502195789495593,0.2013154472148934,0.15433394315140433,0.3245674961666515,0.3294271614719479,0.3931218002873685,0.18900169204737738,0.5983812483445151,0.40756298805392505,0.7543391191382303,0.6998116489728017,0.5216088413100219,,0.6884938170600231,1.8555790927331162,1.7293488782325044,1.6161161141650298,2.1634091003710036,2.0740112553667416,1.0910260446125035,1.6970648847191605
547,peach-sweep-360,run_e024515153deddc54da491c8c6cfd033,-0.3410977125167847,0.49080728794298484,0.982704255252724,1.0,0.0,0.5491187001148251,0.49080728794298484,0.982704255252724,1.0,0.0,0.5491187001148251,1.0,1.0,1.0,1.0,1.0,,,,,,3.5292519897898846,3.301207101473044,3.301207101473044,4.785182162344089,4.785182162344089,,
548,deep-sweep-361,run_195e2ae4ecf435b984f58525367c3697,0.23388653993606573,0.28194997378528014,0.5451021406345938,0.4429861394968599,0.10679777755191926,0.3771609601027735,0.21920021272806164,0.5084397406678945,0.19253093530526544,0.10679777755191926,0.3143758950001598,0.29761698043196533,0.29436501513307395,0.2032438357330609,0.4408556368529801,0.26318292099598634,0.7457473477625949,0.6364856851400702,0.49709151807680807,,0.6597939936606492,1.9376609586616618,1.8019700177161706,1.634082798763241,2.0599726915412964,1.9148415439304065,1.2802296369952095,1.6233851879910581
549,bright-sweep-362,run_15002097f36ffac09b79a94be1b0e0c1,0.2543076872825623,0.27039291976790564,0.48529549498922925,0.4563784326111999,0.13535504963241524,0.29675613355253777,0.23012008599431547,0.46251547979561486,0.3417189996655639,0.13535504963241524,0.2365871777901984,0.4429778496879007,0.4086998584779528,0.30597920590833144,0.5594312997760705,0.35137899915868837,0.7733315726728982,0.6867954119585991,0.5447432094199534,,0.7508826661491437,1.7661980278459568,1.6237335924903689,1.5195172980970446,2.1439960756361183,2.0661900232499284,1.11337705249301,1.788803190398379
550,honest-sweep-363,run_d18d73022baa7689ad59aaaacdd6fe30,0.4266113042831422,0.2535628187471622,0.523076602874299,0.5076622942291257,0.13423450892705902,0.369289246122413,0.20152973551981643,0.49532223991341706,0.22278993720040152,0.134234508927059,0.31985444578783795,0.3433884578739049,0.3482448311332491,0.197473209249859,0.6077277193574941,0.3558967278022049,0.7777466955496415,0.6668309914516042,0.49290155392545554,,0.684631321746054,1.8227964576723947,1.7487442445303878,1.594895232905564,2.1042248830058226,1.9782180692298819,1.1901937858691465,1.6691965652385703
551,dauntless-sweep-364,run_db19e3d9415fad76c268df4f37eaf166,-0.09731978178024295,0.32593802288331813,0.4390278168024727,0.4834788748095572,0.25946996646000614,0.39025631791185206,0.21109998971479896,0.3784718970164321,0.029225967076660458,0.25946996646000636,0.2679571039139522,0.3118335672659565,0.2375820681818761,0.06967319009460571,0.4194263764490791,0.24152770452185135,0.7258767954796196,0.6632830014232887,0.5170825190145767,,0.6691813674959528,1.8344799713098017,1.5058026618424,1.2156591344292702,1.712888955746754,1.4643681399937891,1.2008897518102646,1.4521305431366929
552,charmed-sweep-365,run_f542a5748a04ea349fcc0030b64c937a,0.5382898449897767,0.246528744628491,0.4521297076790194,0.45097543755341674,0.16040247992682186,0.3394526594123421,0.17115578065930662,0.41279281529351775,0.11517966630745798,0.16040247992682158,0.2775734104758183,0.4666679285893321,0.3227663215648842,0.14343772946397215,0.5485270966753785,0.31772319813488864,0.7888909410967297,0.6975956442577941,0.532475594571673,,0.7106357621981156,1.5686834729081631,1.5193314295649092,1.3215671531796167,1.8943342667113032,1.7397339053821355,1.0851866420762473,1.567725859107268
553,rural-sweep-366,run_d7c47e28ff964e7dbdd008228d8cc1c1,0.297064483165741,0.26679309938263707,0.3905435359495489,0.43627884508193654,0.20509790967916797,0.3515977677322089,0.18174702920746258,0.3372618192792399,0.02948608375757134,0.20509790967916788,0.2638224662677023,0.362224859908632,0.21576639681001622,0.11781012887228763,0.4566142632009765,0.24205430015339932,0.7717231591535825,0.6928318480900055,0.5261924430632574,,0.7017068216510196,1.4865060061139481,1.336697543673956,1.0822923630870374,1.548353247417557,1.3349135607675242,1.1045934331486855,1.3530573188448842
554,earthy-sweep-367,run_f324fdfa64fa8fdf574bfa2c3d9ca02a,0.3353542089462281,0.25831658852422407,0.4075739127720022,0.37795325331648766,0.20885676051089205,0.33475831780115856,0.19292779537968682,0.35165933002403926,0.11363754598491314,0.20885676051089194,0.24421411872739843,0.37674601206307345,0.20087382352476912,0.27764049846225886,0.39097471887805674,0.2532477105823318,0.7737071317518183,0.6479659192644747,0.521438091284669,,0.704640662993406,1.4985885469270104,1.3677503665954935,1.1343621423589123,1.5790078527634082,1.3817750192355855,1.2326840238626902,1.4635691430379076
555,swift-sweep-368,run_1afe8f3c9ac2e8b5b066cb58d4c4f9bc,0.12348443269729617,0.3067874801508161,0.46990415534950525,0.5681022630151239,0.18737591896195416,0.3873361910975889,0.19064498245244332,0.43378289781773915,0.06890862472594833,0.18737591896195419,0.298932586853505,0.4618798857346243,0.36471338418809696,0.15886366780534003,0.56372421413018,0.40025655798722476,0.750839972083321,0.6892961139857955,0.5274712550184043,,0.6776530933205585,1.8163476740740483,1.6201721795437398,1.3866397990420818,2.047849386849934,1.8685553650190845,1.1183618297262297,1.6791254872828114
556,breezy-sweep-369,run_25306cfceac5c0d6d00944d27eb2f24d,0.45979589223861705,0.2529557410236534,0.5845014725318182,0.41564787633309797,0.11083189348511029,0.3530617287992635,0.228838198735171,0.5701716045913855,0.2939875887183679,0.11083189348511034,0.33162927641502593,0.43110926772920033,0.4127181187137137,0.34302844555119244,0.641292979205159,0.42032610031275947,0.7821013238504961,0.6887759701395717,0.5313378404474327,,0.7047025773860994,1.970026230551544,1.911326627747251,1.8411279722887137,2.379087145999663,2.323066589805186,1.1116330421905558,1.8007260176981328
557,vivid-sweep-370,run_0b94b6e0a985e40f01f67163f6dcbade,0.5899807810783387,0.24456201349117349,0.48463467682349387,0.4761918917914607,0.16551817596639226,0.3633507714638286,0.19214260807614056,0.4393244044831568,0.24275575043662478,0.16551817596639204,0.26882472301279775,0.4568694088355592,0.2507333094414537,0.27972693122199876,0.4007319537010427,0.18351113942406036,0.7838661443787551,0.6519695764254875,0.4654313075663143,,0.6808405568837698,1.6563762185841666,1.6233536263084858,1.4233441115742722,1.8843900162822393,1.7150968478101818,1.2424690289140055,1.5682404232852116
558,sleek-sweep-371,run_ed7f900d6be549445d78eb76f362ec25,0.3889599442481996,0.2733154220319042,0.3874163570707544,0.5455464308275426,0.1966519293966189,0.34095637661061057,0.18692474995672673,0.31796280686418366,0.19247891196908312,0.1966519293966186,0.2313962743048329,0.44295527129437423,0.3154625534755035,0.214541178473752,0.5162183005561837,0.24482407519265958,0.7655647197170048,0.6598144790035273,0.5229890017154623,,0.7155162586049335,1.4737385097708402,1.3686623270072467,1.0406692362074936,1.7637006779638429,1.5232846008773004,1.199900529244901,1.636204387038313
559,autumn-sweep-372,run_fbc273ef03b9c6ea515d5d476b8a24fc,0.46107202768325817,0.25952070962870416,0.5257615018783889,0.46007952138530706,0.12915692651692248,0.35004182189097316,0.20635876286590843,0.5035642554608557,0.2118613206495484,0.12915692651692248,0.30075825076140794,0.3971062956563924,0.3651591920495309,0.1817825027402654,0.6255518083296266,0.35431542641009894,0.7752811514283324,0.6938467892484517,0.5220348952444688,,0.7057278250102496,1.8073096286795354,1.7444987054447794,1.6196415504602795,2.1371538028493946,2.036514030325472,1.102835929230709,1.6554146702676282
560,autumn-sweep-373,run_ef97e519e9b910fdfda208d290b37f5f,-0.3410977125167847,0.49080728794298484,0.982704255252724,1.0,0.0,0.5491187001148251,0.49080728794298484,0.982704255252724,1.0,0.0,0.5491187001148251,1.0,1.0,1.0,1.0,1.0,,,,,,3.5292519897898846,3.301207101473044,3.301207101473044,4.785182162344089,4.785182162344089,,
561,autumn-sweep-374,run_3f54e394b8a5d7ae9982b99f589c6ec0,0.5925336480140687,0.24281352930404307,0.4888805636206593,0.49826093419047973,0.1656536910932683,0.3561697228218123,0.18628004344870314,0.441478567637601,0.25320872505666836,0.1656536910932682,0.2543316643553543,0.4613774382562659,0.21469052992833348,0.25700433121561367,0.3659545033698852,0.1889251995192617,0.7867167069571281,0.6323861801646171,0.4724789410226513,,0.6879215992539907,1.674614833745846,1.6423350521175604,1.4310304573507695,1.8539431023142474,1.6696373178238857,1.2942825951450512,1.554029613392227
562,playful-sweep-375,run_41315ca9d9c7a0b1aec54522e03f9c98,1.0296744108200075,0.17397543091229734,0.46682380610450297,0.39536620712719706,0.1525248162076092,0.3891906976889215,0.1218570557733843,0.40831798362003496,0.15333878339712398,0.15252481620760924,0.3106232280263576,0.5934688735636845,0.22269813824644422,0.39997488533452524,0.43255814526819797,0.22087237772846482,0.8505246977078099,0.6199193307211032,0.3791242373219067,,0.6360361820122403,1.5285416801169036,1.5381243603032269,1.3059853299370476,1.836833244562459,1.6473395225582423,1.361044720158521,1.6913227222629708
563,winter-sweep-376,run_e0961c0cb5e48c862ea42c66b3e99593,0.18538594245910647,0.29062215432317107,0.3893311687635937,0.44588829846531153,0.2543068401260291,0.3435116824560871,0.17904528247928544,0.34060753644906483,-0.047820593809222975,0.254306840126029,0.24363180833491185,0.4714715838186126,0.42456616571229233,0.11695154785088697,0.43324454292716147,0.36988025361891747,0.7709030357429338,0.7169549495451297,0.535948935722768,,0.7149039680234929,1.5421413771635166,1.341292362238744,1.0929222118839768,1.9589774400358766,1.7980562757597134,1.0339118991280813,1.7628106037598485
564,comfy-sweep-377,run_08dd94c8c685c14ad96dd2d4ab5e2a04,0.955009460449219,0.19641472941141055,0.555513929214407,0.5135409312177177,0.1118270826981062,0.4018635491623539,0.14694040353108523,0.5209952858168653,0.3156218646650069,0.11182708269810625,0.3221891440816762,0.5429393414056154,0.35368065465853027,0.43517223765284285,0.4248597672195665,0.2520891718462175,0.8266945116608932,0.6465953633944178,0.3741941317643783,,0.6375225175523069,1.8307664220750073,1.8407227627967258,1.683914939086433,2.263474839521001,2.1379026127831633,1.2925231714556737,1.8454468858291326
565,morning-sweep-378,run_229435fa669681d2bef310efb89df698,1.010529696941376,0.19127212886102687,0.5745944033384327,0.46966296310059086,0.13774265677406242,0.3938211176773689,0.16069246997850134,0.5530423652087042,0.33079781501988065,0.13774265677406244,0.34471060264838205,0.5359234414729578,0.35999488051370926,0.4686411476125105,0.42243776662293797,0.34373060453744647,0.8247412892800317,0.6597997519542413,0.3717174706992653,,0.6466050836215878,1.8767742157501524,1.886466434810318,1.7871227829911678,2.3155036622693,2.235309697067206,1.2581004093520165,1.8400049566042749
566,visionary-sweep-379,run_c95d56875c1a5c963a9bee98a1a0e9dd,0.3136566281318665,0.2782222155326605,0.5073470492127418,0.4445356917245735,0.15809448792221434,0.36047975516459435,0.21727361896089362,0.48444215499568133,0.1831778826502175,0.15809448792221412,0.3133211882250136,0.34246296597531495,0.3800015046330418,0.17382392065468397,0.5863899265190572,0.3908650137833473,0.7555196796654221,0.6936151693301009,0.5173548163854346,,0.6957389075278445,1.8007469252432797,1.6879069482295845,1.558077012717015,2.1072581568407425,2.004772069649642,1.109699799469867,1.680160920457798
567,blooming-sweep-380,run_62737e6ffefcabf529943a69422700f5,0.31812369823455816,0.26979336780129987,0.47084595131799417,0.40936048456021695,0.2162152319002609,0.34723550674645964,0.18700000752575674,0.4394805032624645,0.07809074356211201,0.21621523190026096,0.281299573362145,0.3965815599423664,0.3827838396480135,0.18250401728229523,0.4896346407425434,0.3284608969207558,0.7693532634235323,0.6970631130109655,0.5155979111826181,,0.705156567698684,1.6880433631735179,1.5675852660555383,1.4044565833527953,2.0280884831095687,1.9048143278257506,1.0979758083537579,1.69155851353045
568,volcanic-sweep-381,run_b8dbdcf5596bf6a79aab07902b4b720e,0.5721122026443483,0.2302404981047636,0.47614810652180706,0.4274534576938797,0.11362096419012772,0.34155817530271176,0.17900012793786746,0.43339785416211374,0.2381405373267435,0.11362096419012747,0.2594298035345539,0.4436928847274116,0.2467182180070929,0.2695669848567081,0.42119703465206326,0.23170920959131328,0.8013422357342235,0.6477282465609748,0.47507172599376857,,0.6970257614576049,1.622644329193353,1.5820547837875287,1.4025294867642857,1.8387838005468253,1.686806890990108,1.247384657138403,1.5601913373406207
569,serene-sweep-382,run_a0a8aa98a12ea2ff9caa0a15f0d418d3,0.4061901569366456,0.2603084055178849,0.49023341970799117,0.42843446917617317,0.1955923704983569,0.37449885837540864,0.18790058976848256,0.4460678717492429,0.1262755007246108,0.19559237049835673,0.28766211342034476,0.38777579507903265,0.251126786753422,0.21614809139184196,0.38745501723924747,0.2298392084623906,0.7709117638426765,0.6592279069896659,0.47780380916844484,,0.6699750514285036,1.7144836779867896,1.6292957430581618,1.4286418710746178,1.8661032429262714,1.6937397352309131,1.219190910157674,1.5212373813194298
570,pleasant-sweep-383,run_1f02b6a47c1514902a888e0c73c4dccd,0.4923421144485475,0.25683903158560173,0.542250736265909,0.5106684998699416,0.12922299014127453,0.3584264679171919,0.20338608888922322,0.5179305464497935,0.20989186577979294,0.1292229901412747,0.3012618284234511,0.3758054591186455,0.3831567398023199,0.19046792027157888,0.6082238134318071,0.32052144216599876,0.7705055416428407,0.6762805052751152,0.4995590490448738,,0.6929733154822592,1.85980038050625,1.8075140980679654,1.663713017900622,2.2164624650622518,2.100842604824878,1.1623476091337153,1.7310836515819352
571,curious-sweep-384,run_eb08f9c38dacba8d6a34e843b2aee003,0.38321644067764293,0.27533232488190834,0.5441395314955303,0.49973988331908875,0.12658552698444966,0.37200591508869907,0.21447403739297752,0.5263650838250445,0.23715580989186555,0.12658552698444972,0.32750711128052945,0.4132355135443122,0.38579643561841426,0.19541721205929616,0.6506786676102999,0.4083872359945162,0.7648499460498678,0.6943643614134702,0.5204231890696578,,0.6928909360020462,1.895004012500207,1.8128502799366542,1.694946608475492,2.232435107959109,2.1377989567226767,1.1042739248922007,1.7078528259129409
572,ethereal-sweep-385,run_528261ad8d09cef66debecd3dc6d6e52,0.12603700160980227,0.28264986917725915,0.39639724017358197,0.48341570361562164,0.18979232306806249,0.34465057868556875,0.1823967528867549,0.3517425827063364,0.045208279142358254,0.1897923230680623,0.2513515135782779,0.36533236956358756,0.27784064358932703,0.09816897061796974,0.4911346829559851,0.28995282893348023,0.7699093217294197,0.7081488417439389,0.5346329121471314,,0.7159104124186059,1.6027506934110793,1.3729127471257714,1.1280695053301832,1.6733046735621355,1.479053727286584,1.0589047324654468,1.427003276724399
573,royal-sweep-386,run_1c6c26471a3eb7dbc5ea81a818b61b6e,0.6576260924339296,0.23218966914264066,0.5193406387562051,0.4720634684701422,0.12020361147813124,0.3761319778831186,0.16947502828430303,0.48562330242577484,0.18082940061684846,0.1202036114781314,0.31946156166760625,0.4708561470428232,0.33822955375633157,0.19181027785759133,0.5821081835640842,0.31682154748741076,0.7985755226605529,0.655823062973252,0.49944020189502025,,0.6678805202903422,1.7427595363340154,1.7245007832290657,1.5555452342920053,2.091982780904172,1.9550473089340985,1.2147878709311795,1.6965254420737106
574,summer-sweep-387,run_3b41686933b6d09b0648db468a18f494,0.514039695262909,0.25162117346618806,0.4952337839384764,0.42079818661513874,0.14003625029643937,0.350385595496176,0.20340114040302937,0.46936301291457233,0.18414403032217325,0.14003625029643924,0.303432825000526,0.43664961699086674,0.342093712783939,0.23845736359863365,0.6062981923964158,0.3641372292916709,0.7818434144548219,0.7024891014806872,0.5328954709355048,,0.7063609662989493,1.6928654817140583,1.6410208214204065,1.5094030034232064,2.027499746453989,1.9225252435998543,1.072803003475933,1.602720240654203
575,radiant-sweep-388,run_f9f7e3be35308ba38cc1b09ae845da5b,0.3813019394874574,0.2708745682096977,0.5125971714901191,0.47995986771208804,0.14010908967713523,0.36549760254938146,0.22345226537825705,0.4745090693390778,0.28800862100999586,0.14010908967713534,0.2907513986752634,0.37042315034760565,0.26796495017854277,0.26135661760793455,0.42168510723571667,0.227730609435991,0.7572414869764793,0.639163755264526,0.4860151885975417,,0.6765588743952203,1.8001964800801307,1.712101956226235,1.5441724157389718,1.963381227789574,1.8188021296039671,1.2748098043025087,1.5964688453798885
576,fallen-sweep-389,run_853eda0918789fb8d5fad85595a2c015,0.39534151554107677,0.26418918749419884,0.3510609513700271,0.4798298093716323,0.19907934410678593,0.3253431304913156,0.18057301113059449,0.2888191647674649,0.1327301103637919,0.19907934410678596,0.20346642282906188,0.442619559353008,0.2181420478600288,0.1281443880428652,0.45614510348514087,0.23255508028965335,0.7758585063181715,0.6922747175281938,0.5312730974818934,,0.7328637439166708,1.352141429199647,1.237929920681598,0.9404195839707479,1.4901889401928703,1.2540261491971039,1.103128647555519,1.3802483117222317
577,fragrant-sweep-390,run_d8f73d27dae76f1c7ec7a872af8248c8,0.38576900959014904,0.22936500171838115,0.5506852736411603,0.4315893129203672,0.14591167801605856,0.3582931679478275,0.18656351362538298,0.5297680372139489,0.2853442830069487,0.14591167801605848,0.3186882659388956,0.4401978998670721,0.4077278691725749,0.3027879407038491,0.43915388918765413,0.33187661469020946,0.8135000629381696,0.6659490078307436,0.42316707403682596,,0.6768968557830755,1.896336402292414,1.8087068156815087,1.7096107852362765,2.2845776909914632,2.206953537816177,1.2179569387675202,1.8523752281260648
578,youthful-sweep-391,run_405421e49af94079a0d672968d4a1b36,0.37811100482940685,0.27448944010877224,0.5661806791337559,0.5022109917877448,0.11602805163126334,0.3696369173875389,0.22410198905754955,0.5478963087841989,0.2844041470030843,0.11602805163126347,0.3259114093080799,0.36411864869211313,0.41275994096101404,0.2251906479796529,0.6621097637214092,0.423719382138958,0.7618379658182994,0.682876082490879,0.5207983025644408,,0.6943214936869798,1.9607568479621156,1.8796717658270203,1.7700313760285733,2.328125180081933,2.240538323486092,1.136675508627684,1.782984048946672
579,jumping-sweep-392,run_725c44bc6cd1ab6e630f9ff6e3c86a1b,0.510210692882538,0.24833743487084542,0.4137085947987887,0.483133291219204,0.17494410001016367,0.339035609800588,0.18432836382519174,0.3655677312603416,0.22406450893686616,0.17494410001016358,0.2386007089063869,0.45469932373898797,0.21929267459522825,0.21051751109408423,0.47519570513468556,0.2618880048212118,0.7839940946109841,0.6714273306863867,0.5099832992711865,,0.7116962873920147,1.4781269757888822,1.4165582489775754,1.1918806615026205,1.654871336854815,1.4671541773314596,1.1689204029166447,1.4485636945443712
580,rosy-sweep-393,run_a53b24bea05dba105baa261a31ff3c7a,0.5638161301612855,0.2500608332016325,0.5564349120123216,0.5539259039054661,0.10923027407934412,0.35375863039348443,0.2137866849291702,0.5240600251839366,0.391784028835792,0.10923027407934388,0.2837223587702414,0.40195504177441926,0.3125935308651501,0.3238538241334908,0.6052704267206499,0.24987011973788875,0.7774090638580605,0.6336138432689786,0.4989978140645642,,0.691416437729823,1.895597106029276,1.8616021165599763,1.7162717068872548,2.1700596191768002,2.0467498338250496,1.2817714591946239,1.69898039541576
581,dainty-sweep-394,run_d22aac6dd8eebf80eda80df621f85a5a,0.3455647826194764,0.27689266514646377,0.5103389424828033,0.4686336442346995,0.11816495578818988,0.36985362727925414,0.2195865349157492,0.4569531599596227,0.24311248188473078,0.11816495578819002,0.28274248706561567,0.3807228691232793,0.22476925107004933,0.24301759090763975,0.41274499395898,0.17899652037504188,0.7491852714371393,0.6076296240716358,0.4770108751485708,,0.6682123539280245,1.8034304279348423,1.7031574802892617,1.4816827693994772,1.899990794055379,1.7042897183182288,1.3696608236489,1.6078527254287025
582,rose-sweep-395,run_f5cd4b5bfbf0019990264df8e2f35d28,0.5178683996200563,0.24610479365628865,0.5305745475737048,0.44328713165619993,0.13721075990107398,0.35279045166862727,0.19802524138865252,0.49593102515271653,0.191315818810152,0.1372107599010738,0.30207877794329835,0.3706559162317431,0.3087753051353887,0.21742425693579795,0.5834477865650843,0.3000664972157388,0.7776730697024853,0.653913424299724,0.4932888401393188,,0.6911263185239562,1.801124056390154,1.7527591266009717,1.5922598895419922,2.051888291851972,1.9166044355057925,1.2263542075038116,1.6254309116718872
583,spring-sweep-396,run_a351bf07864a928aed2394f7682869c8,0.2128270268440247,0.2968008007405345,0.4652888347746453,0.5279179517669353,0.1782947115221737,0.3778602002929481,0.19211250504852845,0.42919879699874086,0.08918286202668065,0.1782947115221737,0.2899445830712156,0.4668969963694966,0.34756386706921605,0.13728144388042862,0.5794448991721176,0.37866147520454846,0.7557709496852772,0.689481967663324,0.5267284356590745,,0.6856167173505179,1.750221600576477,1.591139552892043,1.3736727670471431,1.9941340210104532,1.8253279946083072,1.1170712988407443,1.6409429312646975
584,effortless-sweep-397,run_a68d44a42b59774a8a548dcfbe01de1b,0.5497765541076661,0.25300842132197443,0.5439157899118562,0.5664412322098769,0.11608310465155673,0.3567917893455128,0.20726687086553697,0.5090433226145504,0.3720002972762069,0.11608310465155662,0.29126121259318327,0.40221629075602267,0.3219080950268643,0.32231310325745727,0.5960306256188815,0.2794263926288523,0.7775011106092342,0.637406091031177,0.48859568614365295,,0.6898831189908711,1.8660119736842515,1.8284728042718235,1.665111053328453,2.155278333181332,2.018540739602702,1.2750621773952502,1.7110509792940563
585,fluent-sweep-398,run_5602cc6e28e99e08206aeb316c055556,-0.3410977125167847,0.49080728794298484,0.982704255252724,1.0,0.0,0.5491187001148251,0.49080728794298484,0.982704255252724,1.0,0.0,0.5491187001148251,1.0,1.0,1.0,1.0,1.0,,,,,,3.5292519897898846,3.301207101473044,3.301207101473044,4.785182162344089,4.785182162344089,,
586,earthy-sweep-399,run_f805cfde18cad64bf977588d974dc848,0.20070195198059088,0.2798653391231489,0.4684992663357372,0.47135000557392875,0.1422095741437138,0.3058844530920526,0.2245359743722893,0.44427273578720633,0.2788710936048456,0.14220957414371374,0.23724822091312797,0.34309863582810074,0.3184006187516935,0.2374532026519384,0.5375334404656124,0.2790329952480984,0.7639313390237952,0.701640773325791,0.541828437984453,,0.7443018081996877,1.7481315233395398,1.5796870137366763,1.4498165843561608,1.9191928769510576,1.813796671582993,1.0750962163226065,1.5309219810044417
587,dainty-sweep-400,run_039a3a2a4a149627b36a0ce3fc012257,0.5950862169265748,0.23755804240011438,0.4710853027795989,0.4611237040615361,0.11966155097062713,0.34034366447072506,0.19104886473957122,0.4301145765040117,0.2693136635576527,0.1196615509706272,0.2745776690590505,0.4101704472879632,0.2730021531134372,0.24781044812650985,0.507249387597331,0.3017305794552596,0.7892494503535767,0.6583497843041314,0.4897402573316212,,0.6936340102263012,1.6111498586784931,1.5774290852224926,1.3996481726881855,1.8609766492303619,1.7128825346135597,1.2132722274966181,1.5642829245662055
588,dutiful-sweep-401,run_e5074fa904434d20ccb736d6d3303460,0.2906829118728638,0.2714540514912287,0.349156546262475,0.48830589721675144,0.19729308534065115,0.31891900740633344,0.19136494652949707,0.29852850884039417,0.167024636765635,0.19729308534065124,0.20014327797876713,0.4074007325605491,0.24334814902164945,0.1528601985761262,0.47282699947513745,0.2482385683177053,0.7707739258477989,0.697615029797348,0.5467098043675318,,0.7380854267659843,1.4002415215759083,1.237429953293138,0.9776044588439757,1.5207753623823907,1.3180422191545522,1.0827665014084702,1.3978226318437446
589,desert-sweep-402,run_7feaba5deaed7c3ab6613815e4173054,0.48532217741012584,0.2528152602281307,0.5531724475247937,0.4521385307123481,0.1366348206118508,0.3629812733031343,0.21497575451984405,0.532504969144475,0.26015012448441144,0.1366348206118509,0.32313471637898,0.342785513815973,0.32500797002585496,0.2591724930562207,0.5666737470043334,0.3590489147932295,0.7716125575103977,0.6698480957217285,0.48817735686216485,,0.6888113880692202,1.8786484713820946,1.8243745157627707,1.7174131954588603,2.1375959555554394,2.0470667256781208,1.1849582443703366,1.6263763821279371
590,winter-sweep-403,run_6cd120f04313ad9a09d9656cfaa0d64a,0.20453095436096197,0.29149263353828475,0.4498870885496343,0.45178551521682575,0.21426212013416002,0.3617675420031322,0.1894734729612099,0.4118406127397416,0.002028910111106883,0.21426212013415988,0.274884025128993,0.40052814363946104,0.3895261162144214,0.07008992327256862,0.49293393092347443,0.30575037235269664,0.7556693393267938,0.7024764276162503,0.5200952746448105,,0.6904392235570741,1.6914091990900013,1.5208754162006441,1.3160665699160812,1.9989255551235565,1.8478832646499117,1.0840704674527062,1.6905177081964167
591,classic-sweep-404,run_b661ca7150c5fa4c19091f2bf806de0e,0.4566049575805665,0.24301672474042407,0.3383545107343928,0.36020586377317815,0.23396263170376397,0.3135371185847441,0.17833535274476897,0.27814200826282864,-0.029508379473077828,0.23396263170376405,0.24518307698424022,0.4361482744667808,0.21644620294555708,0.2199295512349817,0.37517367823409753,0.30781569130787495,0.7881162107854081,0.7119841603359558,0.5325117110642309,,0.7236029220454367,1.2529422116624944,1.1548346817372812,0.8979443246117894,1.4285401830769449,1.230198326541207,1.0454526672202196,1.34166135515641
592,ruby-sweep-405,run_c5ab31937a6e55e3e54ab6900135f181,0.6052967905998231,0.23720433182567335,0.5143350712330764,0.5128683437999331,0.12757732831927363,0.33956803014606096,0.19359006198715092,0.4834795458566182,0.33049682286054005,0.1275773283192737,0.26655550540566464,0.42922946519851807,0.26957902768272723,0.2692609264757526,0.5535487207965768,0.25078071246604106,0.7894552990533201,0.6515157497453603,0.49005222961278566,,0.7036184993067436,1.7504942777930537,1.7218320150677557,1.5761440209061854,1.9870011047045548,1.862175576207343,1.2323913852242725,1.5818522144498308
593,ethereal-sweep-406,run_313d818d9d00d4cbc0be8fb6e0c8af58,0.03797054290771485,0.30488597223999137,0.5443008335674816,0.43944855263646837,0.11724006504726092,0.39311330263536387,0.23475093507529543,0.5045788975263549,0.16243171937126102,0.11724006504726107,0.325011829397866,0.25138650620979863,0.29802015829489087,0.1921814640998627,0.5104436321726128,0.27595039821860307,0.7267005699014182,0.6376669377340509,0.5107910945583666,,0.6432397843745039,2.020210306119172,1.8024162839659335,1.62095364007295,2.058395855722271,1.9015203762817798,1.2754883032649935,1.6171454634369988
594,dry-sweep-407,run_30341f7857dac5b1d9f6c1c21e77ed8f,0.4502233862876893,0.26204434677684374,0.54895778048349,0.45076362825610333,0.13045024900904567,0.3585371614590033,0.20976040498606494,0.5328379798736642,0.23377429304002106,0.13045024900904587,0.321319186386877,0.3803471889098267,0.36707350464015914,0.21964796901105688,0.6152113020521609,0.3884938092296257,0.7722673266985527,0.6988400269301271,0.5209211149218401,,0.6982921545197278,1.875896751177201,1.8125676637769705,1.7140049520187373,2.1967567749435264,2.116164400049092,1.0901156096539586,1.6518749452974946
595,pleasant-sweep-408,run_7d12b30d8d2d9606839902b916331582,0.2696233987808228,0.27046065158003263,0.41215801359100046,0.35473226561629057,0.22327133516278755,0.33930376880328594,0.2161748584530554,0.35705514449543685,0.05732228456764899,0.22327133516278744,0.2842345112841153,0.38556948358653936,0.2573071256102091,0.3067669124924177,0.443513678181656,0.3422591560649284,0.7557572821834304,0.6810621638238327,0.5221380583905084,,0.7015086785600217,1.535586937151569,1.37757984378226,1.1510435160504688,1.6740864852708048,1.493231566105213,1.1424622417798214,1.4866268220585068
596,cool-sweep-409,run_859880c531aa59fc99fdd8a35cd7ce75,0.4553285241127015,0.2541974909126485,0.36416284224657364,0.4631711939355652,0.2106269268557103,0.3355362907217765,0.16888551066023466,0.3034924500223742,0.11887332317639615,0.21062692685571036,0.2195559629909397,0.45704494357265685,0.2198392994082392,0.13995892262341836,0.4231332289254981,0.20381409524334523,0.7835079006255388,0.6808070410256695,0.5158719975517457,,0.7206745842444722,1.3554852740874663,1.2670002667754303,0.9816974355063789,1.5221896833572703,1.2944116852802654,1.1402149807970359,1.4184011980198976
597,peach-sweep-410,run_cc598f37a9ccf733c1433297f9645cbd,0.44001281261444103,0.25873803091079217,0.5046985732571573,0.4730704916205269,0.15939373920113833,0.36959092500044827,0.19112663089423537,0.46425858283121557,0.14426071123332465,0.15939373920113842,0.31054449529591444,0.38213118768002036,0.29422505541307914,0.17449392884887568,0.5595707629522774,0.3095112023546282,0.7706965693996665,0.6561383009442426,0.4999109223291523,,0.6747595540360076,1.7562994729134829,1.6846208941954217,1.4875149946024115,1.969797899605677,1.8041222428921404,1.2186376941757069,1.5897276615184872
598,worthy-sweep-411,run_b76e9f9e3cda4468ba95930d0be858f5,0.27409076690673834,0.28162636623845105,0.5550612427544153,0.48489093679164647,0.11890266626012129,0.3649846705035231,0.21870100418682936,0.5334051387718147,0.2564564676154729,0.11890266626012126,0.3199854071612487,0.37328895005725266,0.3882717510834956,0.20762762187529926,0.6430562511856716,0.3953128098946405,0.7618007855496128,0.6825587626830849,0.5218843241524169,,0.6965662531863791,1.9603553931247995,1.842650933525966,1.7201193184473929,2.255075577296467,2.156110819552372,1.1371116289744436,1.727143958459685
599,colorful-sweep-412,run_a41b8ebfad2202173db45373c49fedb8,0.36598592996597296,0.2761676838981414,0.5417616267574122,0.5127085578388018,0.12842599180133482,0.36811137329370197,0.21214356133868154,0.5194186881458587,0.2174835569098141,0.12842599180133482,0.3160183688916846,0.3699930176091975,0.43000818091981613,0.19761091423767407,0.6629892219175614,0.41912224267403236,0.7607067957229673,0.6809003931364392,0.5246807863402132,,0.6929154761526743,1.8973403776209037,1.8094737514479684,1.6704076520703715,2.302001416216829,2.1943739396876625,1.1408046210864147,1.8238559281306241
600,resilient-sweep-413,run_d591de75f7a0673526f5d1a903580566,0.2696233987808228,0.28193241368583977,0.45361784937508465,0.4741444019174313,0.20537486871972085,0.3544547524557206,0.18325468917369692,0.40972287263380286,0.05005759726505893,0.2053748687197211,0.2843701498494336,0.41093697336494434,0.35444353205340856,0.07979120773872239,0.5347653600636325,0.3222250534230457,0.7628578758830843,0.6892404660946196,0.5223551136202027,,0.6986347879919627,1.678080577980356,1.536876811092266,1.309509972371747,1.9476982157225573,1.7737965990487057,1.1180768773417795,1.6375695132427346
601,rare-sweep-414,run_950bfc88b1b3dbdaf3d773befd262d25,0.28430134057998663,0.2715644292591394,0.5091734049306402,0.4493812938946898,0.15698665176000273,0.343032270285566,0.22227072154448585,0.46871260133412423,0.26093790643231385,0.1569866517600028,0.269442891876575,0.3694710542102788,0.2762591535494195,0.24195681554555226,0.437556973535907,0.25343741886265625,0.7601006482940798,0.6343042356131898,0.4997996883094216,,0.695079741097764,1.818445402338131,1.6935956865284951,1.521317813989964,1.9561465970408611,1.8090470007298924,1.2826090486460815,1.6134835392266706
602,feasible-sweep-415,run_ac45959c16f4698c3c1c85150a7cfdfa,0.33726871013641363,0.2584018804357915,0.46451874746339483,0.4769499461186875,0.14619625978249826,0.3153963023679844,0.1945232558431229,0.4330492335549938,0.26418193303853454,0.14619625978249837,0.22916447423296024,0.38047448075420504,0.2965494324054255,0.21504730283391327,0.5173128449083139,0.2580764913986437,0.785562207460516,0.685521567755739,0.5299656856797446,,0.7317021586896144,1.6806161611493813,1.5658957341933668,1.4081717855551081,1.8768194590652842,1.7473893696582294,1.1206617094269804,1.5252227701345547
603,clear-sweep-416,run_1524879af57e77fb15740e159723e6b9,0.350031852722168,0.2632559936382268,0.4100975097041409,0.40957600981011477,0.22646525730934716,0.35501757454859256,0.18003617380484718,0.3471584818873384,0.01781799264241374,0.2264652573093476,0.2718290392813962,0.3871226043929883,0.2172999743570736,0.1632308527280273,0.42972543032058025,0.23259028233709764,0.7703585042666878,0.6575132208213909,0.5110135289703716,,0.6845891533793563,1.5073190687253752,1.3852277432443392,1.1126188117245317,1.6023597945917085,1.3735434579486323,1.2102953873059323,1.453793635700815
604,brisk-sweep-417,run_00f35a4d397f496d445fa2cddf5ce3ae,0.43618381023406994,0.2638655799473698,0.47917642284037326,0.43436141354836305,0.14288206796083616,0.3449288716040664,0.19624414558827596,0.45246271840820873,0.13531641336256567,0.1428820679608362,0.2868007305773761,0.41175402119159177,0.39451553909706466,0.17514925134884907,0.6190719896262742,0.37685352748884543,0.7738600272749521,0.7119569058046865,0.5264903443249381,,0.7150831324892224,1.6741143854237874,1.5982475790445159,1.4505334921663964,2.0763041838872356,1.9648641561193039,1.051208315424542,1.6916508689808565
605,peach-sweep-418,run_a3d1076e194e3915e92123bed0f0e649,0.24728775024414068,0.2863701016729757,0.50468816667187,0.4672736055887926,0.16953027069146595,0.362477695641091,0.2154724544754423,0.48217872269572176,0.16901638735089733,0.16953027069146595,0.2991235721897288,0.3588065381090291,0.37588945320041933,0.14680394598218557,0.5562158582945965,0.3749645081547115,0.7551856273719393,0.7019042471035393,0.5136307479298057,,0.6968893667500341,1.8253826473368837,1.6874400473493192,1.549179823014616,2.1001610066890355,1.9907738356363904,1.0886229399354346,1.6578064561258343
606,honest-sweep-419,run_6b2d858116723cd4d5511f4b1fcd9f31,0.5536055564880372,0.24913265651692917,0.5502742135223171,0.5418416261008508,0.10837398787139617,0.34819433108750175,0.2058194169545267,0.5197100725338994,0.3602727509196982,0.10837398787139603,0.28601418280492763,0.3999873807600521,0.3182649810436053,0.2979020740882632,0.6056205154166868,0.283415544979342,0.781337242051173,0.6352876722272158,0.4950297899761795,,0.6973492717625457,1.8764001299429756,1.839477243402278,1.69503500919086,2.155304633014805,2.033422045342014,1.2778728947042097,1.7013584769589143
607,graceful-sweep-420,run_42d1865a9a78d473cc5e7abf999dc2be,0.4566049575805665,0.26239053159438175,0.5170511899930276,0.48422206532644635,0.1324524850086391,0.3649106149649874,0.19118181977819104,0.4925957145681788,0.18742893240682248,0.13245248500863896,0.3130343204546854,0.457929618327348,0.3879428875967809,0.16727026998265382,0.6491207545478778,0.38786119886581377,0.778634653264379,0.6927204947426835,0.5301521479140751,,0.6969513302235397,1.7897397887422313,1.7253229061110418,1.5805649221168387,2.172421425341372,2.0593351334731786,1.101801508601686,1.7194889599202832
608,frosty-sweep-421,run_c44944b3d4cf0af0bcf435fa92e30be2,0.47511160373687755,0.25346498390742317,0.551226416076093,0.47400319571922256,0.12723345868482572,0.359594986362088,0.20457264989426327,0.5190284411975898,0.22455873063059728,0.12723345868482594,0.3124613644460138,0.3372433344675618,0.35086256270388355,0.2012172099309347,0.5899764790801241,0.33650135159039934,0.7702545472124125,0.6540164622186,0.5036520620436912,,0.687374626284662,1.8811412695182275,1.8241242132651398,1.6691859753506155,2.170874468205548,2.0424124538382893,1.2231885924694474,1.6974855357362972
609,fluent-sweep-422,run_419bca58626470808083f538a3991499,0.23516267538070684,0.27711843785355383,0.5255169471241401,0.4362119579354166,0.14460226310261884,0.35185189515918436,0.22919943506651497,0.5029762833921305,0.18890044963026262,0.14460226310261895,0.3102124146704802,0.3116498062592527,0.33483972820574026,0.2080518043184454,0.610883871492215,0.3894319329891995,0.758243001489412,0.6919009613356758,0.5261626207797532,,0.7055889089911294,1.8806747785099396,1.7403321861044247,1.6180442445912697,2.071314488160003,1.9696839259956058,1.1100533701286475,1.579178924442857
610,radiant-sweep-423,run_86dea0eb6b50ea9ce3309a4a3a3e94ff,0.5574345588684083,0.23508708555029584,0.3820777788184363,0.48245698784883495,0.14524680692482297,0.3186937226627878,0.17321532946509424,0.3329899160188566,0.21846828434469182,0.1452468069248229,0.21669819873544316,0.43377217150024744,0.20545039435013934,0.1757835030701614,0.4903400705545362,0.24625887490390963,0.8003027390762718,0.6902819717458673,0.5240997317122568,,0.7320106951747145,1.3742136680576533,1.32206844512113,1.0892909543958704,1.5456460641721756,1.3519288314976499,1.1070739052263239,1.366297703188803
611,trim-sweep-424,run_9eece292ddefe1eb432da756e6236453,-0.3410977125167847,0.49080728794298484,0.982704255252724,1.0,0.0,0.5491187001148251,0.49080728794298484,0.982704255252724,1.0,0.0,0.5491187001148251,1.0,1.0,1.0,1.0,1.0,,,,,,3.5292519897898846,3.301207101473044,3.301207101473044,4.785182162344089,4.785182162344089,,
612,hardy-sweep-425,run_cf0330dab7cfee136e2686aa9782c90d,0.18793880939483648,0.29063971442261144,0.518502908640588,0.44841514622273404,0.1832528712267507,0.37554576983070903,0.22236103062732193,0.4774281165121289,0.17634796180000722,0.1832528712267506,0.3007434396537008,0.29449915377413416,0.27291325716374576,0.1993431876469899,0.39168419747140043,0.2539332552997416,0.7375078026500269,0.64687767958832,0.4903795939927049,,0.6681316068218187,1.8838715941742237,1.7245289935658121,1.5362028173180295,1.960939613308198,1.7975547316641136,1.2552166520636785,1.5642419125602478
613,drawn-sweep-426,run_c2203ab27cc4ba30182b103cdd5e5c13,0.921825170516968,0.2006115931776505,0.5231234325080911,0.5009661476719557,0.10784801978520854,0.3663028590894599,0.1536508701029273,0.47067424266075575,0.3125747835457618,0.10784801978520836,0.27513347536406096,0.5480983189685401,0.25687475356107153,0.38654918111292025,0.4279478756848574,0.19144107079747222,0.8216450235428832,0.6121516346522962,0.40084383504278964,,0.6769269652811888,1.7302195356279082,1.7400555591190268,1.5286117925211837,2.034077622822406,1.8564300253660646,1.376612564471976,1.733418754804485
614,hearty-sweep-427,run_ed547ac5f3b0acf8c03e6dda198a5cd7,0.4948946833610536,0.24441400693874785,0.5074615216509009,0.41283118427408866,0.1544059355625572,0.3496403629189107,0.19815067067036943,0.4745246792170087,0.16742967559733932,0.15440593556255724,0.3077514321951388,0.36410919217799903,0.2774713516830895,0.2531675339739701,0.5004752405051027,0.35688976441669623,0.7792820415186206,0.6671354267964646,0.49462636935514526,,0.6857381634524062,1.73226237249689,1.6749148494951849,1.5228371864443675,1.942141232556186,1.8126240400461373,1.1883211538498621,1.542296981395753
615,bumbling-sweep-428,run_5884356ec59239c095321571ebcb770f,0.7622846961021426,0.22202738873795563,0.5762490503990927,0.5022481513135892,0.11458481553003354,0.40973916080263734,0.17018997519008808,0.5397115294558398,0.30042733454721116,0.11458481553003363,0.3416454828849854,0.4592905012179333,0.37157282889654636,0.3797914205748705,0.37495730693647583,0.29461678705525535,0.8000182663453735,0.6245261218149292,0.4054054257710844,,0.6290745901960356,1.9050961792160859,1.903202313918905,1.7412945073346906,2.3147423198056827,2.1835657811632516,1.3428855995546864,1.881274752098818
616,fine-sweep-429,run_8fd007ae68040b52a083c367f054564f,0.3410977125167847,0.27683496767687404,0.41060222909056865,0.4670060570027126,0.21458396856049064,0.3614822332967733,0.18074610353936327,0.36115013580593797,0.007758908996321167,0.21458396856049047,0.2814913382303532,0.43421672653692456,0.37082724426728,0.05198714469665525,0.48070937674078146,0.34534458189655376,0.7657946091151495,0.6919310794875454,0.5223953494746024,,0.6919122010397781,1.5291137260090475,1.4073642605762429,1.1562973495342581,1.8833612084977531,1.7039362782295449,1.1099652990882658,1.6728413687217643
617,zany-sweep-430,run_f161bff7d497ed1ab2d0150b6b824eb3,0.42852580547332775,0.25860507587217246,0.4312072679591645,0.4806138753669503,0.1739810956398008,0.3251248615356313,0.19467627956681754,0.3858761824482533,0.20111478577533326,0.17398109563980088,0.23833021130773482,0.40015743108600904,0.3162237950773373,0.16750438974555437,0.49763041207734604,0.23006522958070943,0.7748571222016583,0.669633807429331,0.5192069132693237,,0.7191116664637573,1.5546605840546721,1.468762527391735,1.2519386137873585,1.829049462928403,1.6599725505743568,1.1718658283300758,1.6004462176456469
618,different-sweep-431,run_43e9d0e8ee0d2b5715e617e43a15bd6f,0.5280792713165284,0.2512022396652543,0.4628797102806656,0.5657797926498458,0.11894755564589898,0.3439193776840261,0.1836460285326528,0.41859968988375856,0.28228976998253485,0.11894755564589897,0.24651997433780712,0.43202261767828204,0.2517278611654792,0.2765933446136492,0.5858778784451123,0.25078694484462466,0.7847427764425166,0.6678313836185983,0.5107982327094652,,0.7120449495249173,1.6387166350004416,1.589272034888575,1.365895450516033,1.8500276166096816,1.662073091978817,1.1785643548407558,1.5118963323723074
619,fancy-sweep-432,run_2d108905c73f189e53c67df1146ee271,0.04052340984344483,0.3052622600851414,0.4572913739814556,0.4183679536249117,0.2289985432123861,0.37998988167484016,0.21923784151257703,0.4126887494406462,0.041510906320835414,0.2289985432123861,0.2870494012804594,0.26913761607584696,0.29105311284541574,0.13566090944886078,0.3982816728515126,0.23890540130989035,0.733414275196928,0.6796883007931184,0.5089352565470361,,0.6659396746416844,1.7851557575901384,1.536024348515042,1.3239744807372669,1.81585486285127,1.6403860854545984,1.1568095683470563,1.5086969414461102
620,splendid-sweep-433,run_16201b00e36a1bea26c3260620c6eea7,-0.3410977125167847,0.49080728794298484,0.982704255252724,1.0,0.0,0.5491187001148251,0.49080728794298484,0.982704255252724,1.0,0.0,0.5491187001148251,1.0,1.0,1.0,1.0,1.0,,,,,,3.5292519897898846,3.301207101473044,3.301207101473044,4.785182162344089,4.785182162344089,,
621,honest-sweep-434,run_c69e5efe02ffacc24350ff4140042a53,0.3876835107803346,0.2550729872990309,0.5431352960153186,0.40320686708037606,0.13127435037436055,0.35276940430504344,0.21431348791238022,0.5281290000312199,0.22989483854186005,0.1312743503743604,0.3239828471782112,0.41386958470402685,0.4208759780266422,0.32809884110717363,0.5766943668052606,0.38810445295037094,0.782111995943042,0.6958581397372576,0.5227786722572785,,0.7048284303320026,1.8674760395805743,1.7825816963850216,1.6994070479520555,2.286460206468654,2.2222257054824337,1.0955537821600845,1.8029256393659294
622,celestial-sweep-435,run_1db08a6004db053ea03e4a56aed3b7bd,-0.028398185968399055,0.30802672145417687,0.44412704359318583,0.4871390881052357,0.1829852288511705,0.3634185907464877,0.22300071996407722,0.4154777142976075,0.10837204117275459,0.18298522885117052,0.26997765081800185,0.2968078989964617,0.3359293689096954,0.1213187327735743,0.5212025355631726,0.28147024963092204,0.7401186647888589,0.7133857972720961,0.5336009387079657,,0.691804478472452,1.807593878218039,1.5181150354298074,1.3370456728145412,1.8804179943797568,1.7375240153681997,1.051923668722563,1.5290003196886124
623,cosmic-sweep-436,run_41467f3d6f948dc7dc48240810709187,0.42597323656082164,0.2599195747445633,0.44045872227945854,0.4237672327301103,0.20684181996815398,0.3468176776027209,0.17588697316565963,0.3994463696627225,0.04155178179926411,0.2068418199681539,0.28288825954673336,0.4520356184427657,0.3405898019310068,0.14688290819312755,0.49252881170246443,0.299104514696314,0.7778920376641896,0.6910485341875238,0.5257619653653336,,0.700033415129486,1.5649678121292865,1.4789103127612784,1.27602382433376,1.8902646994656307,1.7361341310859548,1.1084871414246957,1.6169937116631352
624,summer-sweep-437,run_c9cf977ff671eb890e378adfb6acde26,0.9447988867759707,0.1969289894664489,0.4649037911190201,0.42042287540410983,0.18263119558220686,0.3563186134308684,0.15221595912008842,0.4151811266169233,0.23536843669874769,0.18263119558220683,0.26529266359063347,0.5710360708804081,0.2280644520253039,0.3708627313262885,0.41525426361029466,0.19814483687760878,0.8232609697098447,0.6506173343509354,0.41879067608892917,,0.6836166533184478,1.530084281022652,1.5417171501360782,1.3425057460561716,1.833206773261833,1.669154570644429,1.2608423508073994,1.604206575257339
625,playful-sweep-438,run_71df669fcab308cc7f3a0a7db896fde3,0.4240587353706361,0.2582338051982911,0.4222784177827729,0.46882315781650613,0.19426347528542873,0.3550230312724847,0.17747239928655834,0.37551122350223237,0.06970755453160389,0.19426347528542884,0.276968493655779,0.40196863136711974,0.2713984999986722,0.11184177760750884,0.5005937468349391,0.2719092211670843,0.7758389783929929,0.6918631968062248,0.5218426963023639,,0.6969335755161488,1.527970587039925,1.4386349337839153,1.2026813316206166,1.7263630251312456,1.5352853830039532,1.1083165006044455,1.4625403540924742
626,skilled-sweep-439,run_ae3329034adcd4f42ec87fea2aee7857,0.42150616645813,0.25948057225855486,0.45949236676969185,0.4286648582364089,0.1970423823559305,0.35558273523741823,0.18328980937257758,0.416388290510235,0.08447103414960433,0.1970423823559304,0.29581445891515656,0.42619771364175074,0.28812253164255286,0.17361363854036962,0.5079189923437504,0.30154672842534214,0.7753288263778971,0.6778164413426767,0.5149771438176274,,0.6902916267355355,1.6216476273620417,1.5370153152335853,1.3321120803335198,1.8450875855266107,1.6782296367220784,1.1505419427239532,1.538076357327174
627,stoic-sweep-440,run_3e831139e7c3df5105552440096d4b05,-0.3410977125167847,0.49080728794298484,0.982704255252724,1.0,0.0,0.5491187001148251,0.49080728794298484,0.982704255252724,1.0,0.0,0.5491187001148251,1.0,1.0,1.0,1.0,1.0,,,,,,3.5292519897898846,3.301207101473044,3.301207101473044,4.785182162344089,4.785182162344089,,
628,ancient-sweep-441,run_029d77f471659914be42112c78378c16,0.33599227666854864,0.2754075824509384,0.4254160032468547,0.49041655828471625,0.2149312260731104,0.3551329452823114,0.17631343272349606,0.3772127001966845,0.04260711233324649,0.21493122607311008,0.27637994700741575,0.4071761048477434,0.47272278095978953,0.1419574540539965,0.4984646813249891,0.3856983644689622,0.7668176196745426,0.6917342979476477,0.5277174684914757,,0.6996739005521154,1.5783543377419795,1.4581308224218346,1.2065637175370636,2.1323128454334794,1.9688597156681589,1.1080172573929716,1.9100562342990552
629,unique-sweep-442,run_985316914f6e50bcc673a2d3814de54c,0.5255264043807985,0.24945375547812385,0.5500712851092171,0.49206272527962536,0.10824863637903581,0.3716956613588334,0.20275894248064005,0.528852257708678,0.2473226561629073,0.1082486363790357,0.32563779358148953,0.3528830901152185,0.3662241694832031,0.24273366748608582,0.6181339174874002,0.3522017879282487,0.7786248594740961,0.673578155754448,0.4833219094317305,,0.6824191742230267,1.8689663200728048,1.8248663207886784,1.7026822339599963,2.2033575789022395,2.103277043472907,1.1753618192381488,1.7047354451292258
630,earnest-sweep-443,run_33d403b9e337bd8c8d86d47689ac8476,0.038608908653259284,0.31624735657788783,0.48060732831735925,0.5441195050351156,0.18339854998814245,0.3789780491588461,0.21783052497171568,0.4390746464362649,0.15362491174612605,0.1833985499881424,0.2779460267644513,0.36016234757589655,0.3350373963049087,0.1878506741584991,0.5916447329133838,0.3170178044459198,0.733031190156264,0.6786176676963741,0.5332070913014902,,0.6838133180328401,1.8788754366918623,1.6449657949713303,1.4138303301845552,1.9983537795512007,1.8128490185811603,1.1497973735444773,1.6154068719151489
631,decent-sweep-444,run_0c236fedc50a192e31e7b373f09169c9,0.18666237592697146,0.2930002935045192,0.5468296337922637,0.487607298130876,0.09651048548294205,0.3022214322964779,0.27765276659366694,0.5326766778017131,0.4609564861952364,0.096510485482942,0.28328815945482644,0.45502499627308035,0.6032245039614298,0.38592599687130863,0.6340052130360064,0.545798783055627,0.7583249272458837,0.7085136895069637,0.5533300116923611,,0.748613199831767,1.9721829154155717,1.820394609176274,1.7683371770398533,2.703446166878046,2.668670271088363,1.0524084811962897,2.258837810774258
632,hopeful-sweep-445,run_f733a7d5dee51b60d78e0969707bfbe2,0.3379067778587342,0.2672421362111828,0.43144661942076945,0.4131656200066886,0.2209065961988007,0.3366572577156127,0.17591456760763705,0.398114326745965,0.02425402251867288,0.2209065961988007,0.261312373277332,0.42790096736356453,0.3705296947257004,0.1415466802881801,0.4592522126281242,0.2983868835470433,0.7759598429037247,0.7182530227039122,0.5322331583337684,,0.7103846956385507,1.5717935991907517,1.450374449243481,1.2714103839079056,1.9182396331858063,1.786768482936537,1.0309284176454478,1.6244601101952096
633,sunny-sweep-446,run_e1b26d5a256e09a6f236342dbc2076c6,0.4087427258491517,0.25763676181731976,0.44883602343563006,0.4279588272453642,0.18191635328793576,0.35827367964821283,0.1931059049597247,0.4006119072148855,0.10420274237300745,0.18191635328793573,0.29391240087276393,0.38445804329023314,0.23619697272199502,0.20132511785801702,0.49191889141630146,0.2770207210359769,0.7715795955281418,0.6643992491419665,0.5024894371904971,,0.6861600055841227,1.5960174439487225,1.5046804372331144,1.2857087944289134,1.7350196274260081,1.5489599715400324,1.1941403941961242,1.4738389228176607
634,sandy-sweep-447,run_b371ce6a71b48df1fadb9de9a5113b21,0.18410980701446536,0.2677890078794675,0.39725058016712983,0.27324885734458015,0.26667090151438155,0.3296118476389146,0.2091131898924067,0.35073314393348115,-0.010642488201850762,0.2666709015143816,0.2689704954939154,0.47803815747186995,0.2817068724646641,0.47412870201875085,0.38136297357273047,0.37410962306153417,0.7631089468152337,0.6839160480654799,0.5229539260240915,,0.7036695258425371,1.5226365224443108,1.3131854877405555,1.1287067693944004,1.7237639778193856,1.5877295416071513,1.1325992117603896,1.5904990099008445
635,rich-sweep-448,run_e748dac6a8288dcbb2eaa9bad143a115,0.8988514542579653,0.198125584814026,0.4844057319471762,0.4731076511463713,0.09315140427550227,0.35142549116361527,0.15083874560683924,0.43766975742249686,0.2783471442904386,0.09315140427550218,0.2663941422848552,0.5283845483464807,0.2330308541706879,0.32437846523853614,0.4175728939455314,0.21321014097222646,0.8251971722887861,0.6405354252661407,0.44049845549942446,,0.6869221932323313,1.6064093529707053,1.6154175089938612,1.4197808371483112,1.880696450244153,1.7155824186353117,1.2789627874806637,1.600996946079953
636,honest-sweep-449,run_6fbd65af488cffe3dd23ba206aeab078,0.4240587353706361,0.2709698944638024,0.5375573663013956,0.5183976812455872,0.11369803841853848,0.3811817860792738,0.21387448542637186,0.510229673337288,0.2512355542343281,0.11369803841853841,0.32867562972542536,0.36557147043666377,0.39137932785715385,0.21976268769487808,0.6398465076571851,0.39519996355504583,0.7618641899604713,0.6684249528447636,0.5137224600849879,,0.674924068901358,1.8681872809952969,1.7977319211371459,1.6468772858858007,2.223860603076265,2.103787231733727,1.180082466952607,1.762472850981889
637,dandy-sweep-450,run_6b64eea35adb33e12ccf616704516716,0.45851945877075206,0.2625862012738598,0.5919421810121445,0.4908661885474341,0.11663024697631873,0.38443087539103277,0.22270470685922575,0.5658008387707743,0.28698673404927333,0.11663024697631862,0.3445905547227554,0.3335675276812499,0.3943366597019762,0.26364205216613995,0.6034545207356378,0.38212627941853333,0.7589568924745018,0.6490525256737562,0.4792238008605946,,0.6631661724090718,2.0095039806387915,1.952909773843294,1.825723052249338,2.3557684571739097,2.2514557740620877,1.2493802170017463,1.8156925306004337
638,comic-sweep-451,run_d917f4d9b936439110b75f7c6459a725,0.47255903482437145,0.25259701327794376,0.3910534586286203,0.5077106016127234,0.17660754819256705,0.32331712686337377,0.18225627209123213,0.3444319565420999,0.2131321764334289,0.17660754819256688,0.21835314513872167,0.4448017804982977,0.252130797027793,0.1936298140876246,0.5047650773364029,0.23448472181850719,0.7841747888386853,0.6883032036133215,0.5240908771721003,,0.7325680729291552,1.4370776255266844,1.360442347606451,1.1247116964902755,1.6498011692618348,1.4615118600814703,1.1156249117605934,1.4545306668054812
639,visionary-sweep-452,run_dcbec6cf9b3f21cae8ccdce72a5be4c1,0.41576266288757335,0.260775002445871,0.4518799496321272,0.45260302478540365,0.1867381508960938,0.3594718203085232,0.19191432678341627,0.40077320928683685,0.17932443982014762,0.18673815089609377,0.26409296386635395,0.39287289505500683,0.24375504327397154,0.2154512658429908,0.38176593565804745,0.19368181868360082,0.7712722720552585,0.6569808650395932,0.4791884062935923,,0.6826247547968506,1.6087689868083779,1.5214493053470033,1.2942874550741226,1.7634459332732846,1.5716595010368677,1.224819316944189,1.5149640028716316
640,vibrant-sweep-453,run_66d6c445197dbbb6f28bb9e71a120444,1.3091894984245303,0.14870143064638724,0.5625123578200286,0.47616959607595405,0.12397855473117188,0.3851223202613615,0.11226171572205879,0.5191793366842538,0.3136041024116529,0.12397855473117199,0.311490847125203,0.6776016620986952,0.319012329188529,0.5572092924262257,0.39403308751461347,0.2074980748105495,0.8685026619055565,0.6091035044554929,0.30991804098991654,,0.6465941967512706,1.867227130577753,1.8474444854192231,1.675237912138242,2.2804310988262397,2.1433004763805865,1.42179652635913,1.9516198995078013
641,stoic-sweep-454,run_19432abf3ce29bd76bb6346fb3d982b2,0.2798339724540711,0.2893503014065639,0.45573038618838013,0.49175430121511654,0.19816800487854458,0.3659559673563187,0.1869548529843389,0.4087654667873831,0.07425216454238051,0.19816800487854447,0.28088876000626756,0.45065775557541626,0.37357874185367307,0.1020696187040407,0.5411857290739167,0.38226988166281917,0.7565817913866979,0.682893968730385,0.5234755552751286,,0.6966026764105169,1.6844474610236297,1.5499831414056535,1.3081886597019166,2.0028901922007933,1.8222181408231808,1.1366135321121762,1.703235657433495
642,hopeful-sweep-455,run_5190f8c2376047140be4827246caf86c,-0.3410977125167847,0.49080728794298484,0.982704255252724,1.0,0.00015245451773554224,0.5491124638589485,0.49080728794298484,0.982704255252724,1.0,0.00015245451773558954,0.54907192819575,1.0,1.0,1.0,0.9999408773796855,0.9999572868614385,,,,,0.5008163544891625,3.5292519897898846,3.301207101473044,3.301207101473044,4.785182162344089,4.785182162344089,,
643,peach-sweep-456,run_3844a68346c225ea86a5f79891cfd88f,0.6129547953605653,0.23712907425664334,0.5139604341627382,0.5213481475976366,0.11965054036656843,0.334564993868981,0.18861804525990225,0.48082586660838955,0.31624986065177824,0.11965054036656854,0.26017581564380393,0.4449450922262333,0.2815705466046605,0.2580225393480829,0.5891632998388382,0.25267647993058423,0.7936804089714273,0.6489484756541215,0.5031826922704399,,0.7118581927987119,1.7501888927442582,1.7232490730329157,1.5644570564119118,2.0067283973595234,1.8721371142139513,1.2335991805920978,1.6059696234418048
644,easy-sweep-457,run_45767ace83cdec1e16652fec670e5476,0.39087414741516124,0.27173501308227405,0.44033904654865597,0.46957378023856405,0.2087187044753871,0.35992628745553745,0.18325719775933139,0.3904394700966772,0.07770428449332988,0.20871870447538732,0.2880721472442376,0.42595178359043845,0.38989305991177287,0.09391054496695721,0.4995249852665786,0.35374171800507553,0.7653266429927642,0.6774559631306742,0.5169117179515575,,0.6921870036867392,1.5907603837563142,1.4944310661841025,1.2506202279081222,1.985886277119028,1.8095499574553016,1.1527325925561274,1.7433337385637584
645,absurd-sweep-458,run_7309a74c9f5a2703ffcc51f7d34365b1,-0.3410977125167847,0.49080728794298484,0.982704255252724,1.0,0.0,0.5491187001148251,0.49080728794298484,0.982704255252724,1.0,0.0,0.5491187001148251,1.0,1.0,1.0,1.0,1.0,,,,,,3.5292519897898846,3.301207101473044,3.301207101473044,4.785182162344089,4.785182162344089,,
646,earthy-sweep-459,run_1bbc16ea518918956c2d4c0c13a8cf13,-0.3410977125167847,0.49080728794298484,0.982704255252724,1.0,0.0,0.5491187001148251,0.49080728794298484,0.982704255252724,1.0,0.0,0.5491187001148251,1.0,1.0,1.0,1.0,1.0,,,,,,3.5292519897898846,3.301207101473044,3.301207101473044,4.785182162344089,4.785182162344089,,
647,restful-sweep-460,run_96368d4b356244fd2d8f4be349c2cb0a,0.4061901569366456,0.2616053442908354,0.4446473728575443,0.432600052023336,0.20084442863434634,0.34896762681621213,0.18245946752761324,0.4067674024122464,0.042402734941102166,0.2008444286343463,0.2855324320384528,0.4381613614594242,0.339754615002189,0.13021209122157304,0.491337388987849,0.30332200158529776,0.7747862089110996,0.6986703258547919,0.5309527134161215,,0.6992416176003385,1.586463298226807,1.4942198710575627,1.2998794735947672,1.8963031336240541,1.7472719300103627,1.0856897963750543,1.5943634734532883
648,northern-sweep-461,run_be0797cc9fa79c9254603bc3d30c39d9,0.6040203571319581,0.23688574145011296,0.4971225791680976,0.5015904277061425,0.11687671511332454,0.3280106889425727,0.1928951837664406,0.4616777496799975,0.31985805061127426,0.11687671511332458,0.26273423961721865,0.4431512891202785,0.26985427496887104,0.25805829582096224,0.5673239026624749,0.29434785285431997,0.7912092651315994,0.6519880771354136,0.4972585795826777,,0.7145786279966317,1.696968303157059,1.6670382115765119,1.5069774948409143,1.9417020484968723,1.806148281907588,1.2277888626833124,1.5807137430951614
649,devout-sweep-462,run_0b4f5bc4cd73d063c1b96300b37a2591,-0.3410977125167847,0.49080728794298484,0.982704255252724,1.0,0.0,0.5491187001148251,0.49080728794298484,0.982704255252724,1.0,0.0,0.5491187001148251,1.0,1.0,1.0,1.0,1.0,,,,,,3.5292519897898846,3.301207101473044,3.301207101473044,4.785182162344089,4.785182162344089,,
650,smart-sweep-463,run_598b2f9c9b6d80058fcafe37b73ca7d0,0.3289726376533509,0.2797800472115816,0.559723392963067,0.4802980193972724,0.14483433275739407,0.37615926150257917,0.22640236208423337,0.5353615768058028,0.25289658503957485,0.14483433275739396,0.33258030543622236,0.3368020803060971,0.34405684911265677,0.1949640839000096,0.5440585756617425,0.3684731615482419,0.7498366561646992,0.6705073656249199,0.508890249226194,,0.6764460081634667,1.952912357161919,1.8552266245813571,1.7266542478104743,2.185649472829144,2.0776266943329196,1.1787384981319102,1.6506429766915225
651,fluent-sweep-464,run_9f4dd6c02913d5572a5367af5ab0db27,0.33599227666854864,0.26882254516081283,0.42144589095979934,0.4412842332131841,0.21771775586949893,0.35155645253702583,0.16396366564567214,0.3725765664512505,-0.04261454423841535,0.21771775586949885,0.2616530287545962,0.4260232364679766,0.38087161510305956,0.0930921899775458,0.45479092563238216,0.3009880327970742,0.7767378826598792,0.6867413270446617,0.5355943066651162,,0.699009776501865,1.5529985258187968,1.4293927820365808,1.1903079692746092,1.9193638402074455,1.748607127823812,1.116614787139434,1.6993005645311958
652,silvery-sweep-465,run_ae909e3414bff5320d85f8df7300592e,0.1445436477661133,0.2934568560899679,0.3481627173675503,0.49395786109769235,0.23256259104922591,0.3272475271296619,0.18508595668676023,0.28260123005838106,0.07580171677009404,0.23256259104922586,0.20043014574909526,0.41851895637730596,0.27028548908951655,0.11479126094775942,0.4454753208607232,0.29350402030759987,0.7588335896363039,0.695100780153294,0.5471195296809526,,0.7400481308196293,1.4791797445763926,1.2418873026865127,0.9157714037537135,1.5688090002083426,1.325712966857368,1.0921983796524384,1.453194724417939
653,ethereal-sweep-466,run_8c44bd0a190879574249c0560ba69bd5,0.19878745079040533,0.27917798665934157,0.5445974212481658,0.4544052617888595,0.14530609479283127,0.36086874162490323,0.2303007041599876,0.5193614519267794,0.2307049162052695,0.14530609479283113,0.31881143199246054,0.3159282633121097,0.3557266330872797,0.20203194670582855,0.5893886915907588,0.39507153265199735,0.7566575141029666,0.6801495898390852,0.5141403196098032,,0.6951119418999986,1.9530205332391823,1.8028555134780178,1.6744032818209569,2.1578530886979683,2.051747620955868,1.1481803182742971,1.6505635380674504
654,divine-sweep-467,run_1d28ab8f47b8b6e99281e3f8aa4f96cb,0.3040841221809388,0.28517601491103306,0.5418708959029276,0.4745717364646427,0.13026222177050514,0.3639588064118065,0.2190848177888824,0.51902844119759,0.22169373118798977,0.13026222177050514,0.31597081744062494,0.3700247468943312,0.36365142356928537,0.1825487128733944,0.632018103297626,0.36945747475154844,0.7517863941543543,0.682357947033797,0.5240827785150833,,0.6918916641494535,1.9093867916999308,1.8007732702364332,1.6706440361590023,2.1761089805714335,2.0697143329646406,1.138890659351749,1.6702508369955353
655,playful-sweep-468,run_3e87d68ecf1d56ae24ae1f7bf7b25a8d,0.20644545555114752,0.30468026821797595,0.4171895975773471,0.5231095091226635,0.20245028288782738,0.36087887554070297,0.1993698432886555,0.37170241328712816,0.07664523800676316,0.20245028288782738,0.2692043550892916,0.4504453164202344,0.40722611509962886,0.12956208962530194,0.5151693931946939,0.3779469887820193,0.7430628890665977,0.7044969033691373,0.52790124245054,,0.6987696150248499,1.625990152743081,1.4515320277704586,1.1946755489909413,1.9962373691492155,1.8180396237984386,1.078014247140935,1.7435977527466588
656,sandy-sweep-469,run_ebf5411679de3b6561bb0c15076b06cd,0.08838534355163576,0.3042563172457737,0.3557647279198276,0.6214633421277544,0.1694565843412271,0.3310921788776454,0.1927195827720374,0.3010469024798894,0.18474973059343794,0.1694565843412269,0.17934692369395266,0.4772305257769607,0.31929130570537523,0.27050027136608884,0.5842282895397867,0.3366861503986014,0.7581346281360615,0.7085554234375531,0.545971511281337,,0.7447436889556976,1.5757358229661331,1.3207853756425565,0.9887192096169349,1.7506749438557019,1.5159005330160855,1.0554809987639162,1.5602656470244385
657,dark-sweep-470,run_3b00ec9f8822271aa4c9b1264584be57,0.06541162729263307,0.30806435023869194,0.46703714110289,0.42811489725391094,0.2150049124233493,0.3658881480736596,0.22661559186315158,0.43310126648142966,0.06748913083869025,0.21500491242334904,0.29420706396293805,0.3266651249570571,0.27712531641339644,0.16701763347486942,0.444509300482379,0.2649840590602813,0.7291875210313454,0.6919808605380455,0.5115563975581311,,0.6791495193070318,1.799437329652283,1.5682547372268072,1.3898476461594744,1.8335791023463723,1.6835278088769543,1.1227976016541752,1.4708038135684087
658,usual-sweep-471,run_3fb2ab98aa810dbb92ce767b523defff,0.7418635487556459,0.2188339592254491,0.5131279073397647,0.46151016313031834,0.1332291560795474,0.38244462789430483,0.17288168757572817,0.46355093503168804,0.2679387611014083,0.13322915607954727,0.302060848707653,0.481264477136103,0.24370911604210713,0.37750513467207264,0.4273437267625136,0.1993844385954393,0.8039669099299407,0.6091536562844327,0.40565421856069406,,0.648094368389432,1.706642478975155,1.7011415065454487,1.5001579754436238,1.965184312314964,1.79402923815757,1.3853824469349207,1.6992208450794462
659,sandy-sweep-472,run_01281e7f5d92e47ffacc0e2cc5b64ad4,-0.3410977125167847,0.49080728794298484,0.982704255252724,1.0,0.0,0.5491187001148251,0.49080728794298484,0.982704255252724,1.0,0.0,0.5491187001148251,1.0,1.0,1.0,1.0,1.0,,,,,,3.5292519897898846,3.301207101473044,3.301207101473044,4.785182162344089,4.785182162344089,,
660,flowing-sweep-473,run_943567c19b455af53f30d7a59e14d0e8,0.1821953058242798,0.2879254247662626,0.5907818467526251,0.4474973059343762,0.12949232645594067,0.349073643166116,0.2526848137751455,0.5752552215041679,0.289636208241983,0.12949232645594067,0.31857835192906897,0.33227914196767333,0.4076986796690038,0.2605725292383658,0.6570008288758302,0.4035673414659473,0.7442252738955493,0.6844476862561232,0.5263537883297797,,0.708698308611566,2.0878913432357513,1.9425207318249604,1.8592806261873072,2.369362023581184,2.3016111861334023,1.1337963094994172,1.7680451568479354
661,colorful-sweep-474,run_739f909d1119bec1ee8bb77a87ffc778,0.23516267538070684,0.2984288728172169,0.5317452884185113,0.4885511500873248,0.17152996578243052,0.38691602335789643,0.2308024212868542,0.5080182739637644,0.24202742373007322,0.17152996578243043,0.3236102308895785,0.37056015342229226,0.3911705660885934,0.1888182272877225,0.570410786007035,0.4095353692635196,0.7375151186390004,0.6841762859536247,0.5141049748074553,,0.6700968951184534,1.9108084354365051,1.7763086826155698,1.6409365308629444,2.2041741773137162,2.0966124978931258,1.1412442648225787,1.7336521392688804
662,twilight-sweep-475,run_0353d32df49db7543c867879fd96d188,0.27536690235137945,0.28476209828136795,0.5464654033072127,0.48514733751997324,0.14842633058915203,0.38310800961318847,0.21775777598832008,0.5046205238675033,0.22099513210211466,0.14842633058915192,0.30832282913984105,0.3220102236677133,0.31131323635877667,0.21044450829528882,0.4357028208480953,0.2670446577996281,0.7435439643296637,0.6278501691545948,0.4930603308038916,,0.6585539901135684,1.935640833271426,1.8173336957855244,1.6256309631953205,2.102341206459457,1.9390236757294321,1.3067947399722122,1.6807287939935383
663,glowing-sweep-476,run_a42d0b208cd6c79d77fe6bcb06833d6d,0.014358758926391605,0.3298062619314604,0.4310563724725007,0.5734235071160491,0.2180548497476031,0.3864280363355449,0.19477913157782503,0.39218777642492153,-0.008635873806250092,0.21805484974760306,0.2765249399565488,0.4560508823847269,0.3784625492562763,0.11790931051729829,0.5104300190092109,0.35340406835802857,0.7324927884425836,0.7029792221443221,0.5211380886942399,,0.6803322703080941,1.777188548553559,1.5151510325422959,1.2554385720479722,1.9874372131315574,1.7973174546840627,1.0876958504630556,1.684430552988367
664,magic-sweep-477,run_c1ba42e81c95ab84d9bab0c490a6228c,0.4266113042831422,0.26240809169382207,0.43779983973858666,0.4553305339823863,0.20284327675576788,0.3568307659447421,0.16924925557721274,0.39430031323821735,0.02216937311879872,0.20284327675576777,0.28109611551416774,0.4555977657599721,0.39530305482430145,0.07295959305728483,0.5301792239471516,0.3716355763694546,0.7787302220460115,0.6923306154998897,0.5185388288016387,,0.7004459028208924,1.566137761598221,1.48083452772901,1.2585166513858623,1.9920864379923904,1.8328670545716876,1.107867174165871,1.7328898272865132
665,zany-sweep-478,run_837b84f1315c4d4c5f45a141d3e39a3e,0.06732612848281862,0.3300044401965727,0.4333354146503908,0.6330125227602095,0.20981044821628214,0.3822131068948825,0.17782360127536506,0.3911263047256305,-0.04267399947976671,0.20981044821628236,0.264591084804505,0.5340474839456348,0.5113380832935034,0.1479219742681097,0.5713765370256584,0.46626467423263884,0.7396571364638901,0.7010223344137481,0.526709637994045,,0.691541780861038,1.774367836860315,1.545122519550783,1.2502960313003504,2.304160927597232,2.117780476283645,1.0888795243533402,2.0266752572621822
666,generous-sweep-479,run_18ce4fcfa0b82fc940fce0c0533baa8b,0.16177415847778323,0.31871580484207196,0.4956396407646759,0.5994611868752554,0.17667615272554796,0.38685755845905245,0.2025833414862364,0.46145400809632325,0.11627587231986906,0.17667615272554804,0.3026369228442626,0.5172179076117098,0.404427779036132,0.20687098936883438,0.6287536074761171,0.46695974991949346,0.7397428878548433,0.6813913216256349,0.5213233359399023,,0.6864606066671823,1.875783252654445,1.7080749438474268,1.4778220815149201,2.205322713018902,2.032212183648831,1.1454169601033664,1.8049676637685497
667,peachy-sweep-480,run_060ccbc1b70c8612c30f361f91bc0dd7,0.17708986997604373,0.27874149275896754,0.37639057995899816,0.48348630671472614,0.1960641325337941,0.32000801358880154,0.19723252832820334,0.32021583257885583,0.14932555460592328,0.19606413253379407,0.2126290417758986,0.3790267533040006,0.24212216425974584,0.13972629271355444,0.4402179763151559,0.21860037484922157,0.7693867729285058,0.6923779324853099,0.5383050417439539,,0.7358999129254441,1.5256601121139008,1.3145929086165242,1.0423917621656458,1.574030068403629,1.3549895670021521,1.1012075459237949,1.4007405898500214
668,neat-sweep-481,run_ccadd8a470f4babd02c9a08e29d6f4a8,0.24984031915664678,0.28550965680039936,0.3945396646998221,0.4599643268551892,0.22976928549649356,0.3392242565408581,0.16872997835090597,0.3440781326423361,-0.04325740403552443,0.22976928549649353,0.2531000038197069,0.44714747129653337,0.3655117644254198,0.04166565569496328,0.4687278054414407,0.28614218354921056,0.7671480502354118,0.7133647628547941,0.5318719090060419,,0.711387825047741,1.5267357986753403,1.3600361819893283,1.1019249621569338,1.8404792320494467,1.6588863763108586,1.0464040958538448,1.6225371857387163
669,classic-sweep-482,run_54156ee0c9269b0b8b3b3017071a9886,0.3978940844535829,0.25485975752011253,0.42979717565275316,0.446092675857456,0.18602246163227973,0.3578605276963817,0.17826762093264203,0.37555805313602436,0.07949908959161713,0.18602246163227987,0.28136193592091174,0.3717540930444529,0.217251137813023,0.14433504666432548,0.49263094060593565,0.2520400475985805,0.7788211429809135,0.6669578319933614,0.5119219936717991,,0.6930388054302912,1.5520265239294366,1.4529997568642987,1.2035522268153092,1.6559657525592548,1.4420652699768888,1.181656076766502,1.4238417622617443
670,crimson-sweep-483,run_f95ed94309e795b392364e608486a764,0.6978303194046022,0.22956819715476218,0.5124722924666729,0.4463639403961205,0.12319341396483385,0.3765186257474738,0.17460006873524622,0.47689217736983974,0.1889227453457693,0.12319341396483385,0.31347475602597713,0.485295494355225,0.2737362999973539,0.2577920377996999,0.43565585552922165,0.3025122921204739,0.7972771473456612,0.6584126093045783,0.4580586416875017,,0.6641918717617927,1.7078717131616026,1.6965320008450506,1.529849167753737,1.9822978839841725,1.8416629841080097,1.2254046048791292,1.5977798711386346
671,atomic-sweep-484,run_464e7e681b2a999f21e56b7096932093,0.39597958326339733,0.2640662667981165,0.4811848938007974,0.45357288840994375,0.15875173628756314,0.3722350974921677,0.19472394269386972,0.437872685835597,0.11657314852662476,0.158751736287563,0.30061169874830557,0.37394688440961305,0.25873860662056597,0.17275037512371103,0.47933517883597876,0.26248634059351805,0.7647154776126024,0.6586707903003148,0.49695874114621585,,0.6713509177660657,1.6988107749705512,1.6096112507627671,1.403150598768518,1.8520216004697783,1.6756990281219983,1.2138639168071446,1.520723919240748
672,wise-sweep-485,run_09950160047388f1c670fdfb7b5ebc88,0.2619653940200806,0.2599873065566903,0.3528925103805689,0.37931329196239444,0.2118643493579971,0.3220901435196338,0.16840887938971116,0.2975294766528261,-0.048927947679387525,0.21186434935799695,0.23304264585628076,0.3714809037002718,0.23309079651609377,0.1442837531526354,0.4137009324109493,0.2448905248774563,0.7875835566896703,0.7169772550662048,0.5398299923352821,,0.7267277436988699,1.3906490901411048,1.2069810321032184,0.957075435634235,1.4693305514076136,1.2720544198018071,1.0285406763183254,1.3266593309076031
673,fast-sweep-486,run_f6d072254cb9074b49a95c0f225ac785,0.3602424263954163,0.2647310419912149,0.5211409780108852,0.4232098398424436,0.15457194159298032,0.35860342167769316,0.22476425566501346,0.49624842600397556,0.2199620972836385,0.15457194159298035,0.32311288948341205,0.3567939467901118,0.29972197314627674,0.2698502697698177,0.5123225841785449,0.3573784118449967,0.756716557624735,0.671546746933565,0.48994230851900883,,0.6808298964496418,1.8177666272504043,1.7219373631914259,1.600477209453573,2.015817943957867,1.9131076808188763,1.1824386142511216,1.580067965911592
674,classic-sweep-487,run_91b64cd4ccd1c5fe84d57dde62008dd1,0.13497114181518557,0.28852497673286825,0.406673743144662,0.46429341161606763,0.21248179015482604,0.355836083132409,0.18702760196773469,0.3466381526229798,0.024733380402066105,0.21248179015482602,0.2586112949507374,0.3479513676157479,0.2829105610371136,0.07422086007087447,0.5081178493404304,0.3005355234638291,0.7600856240953746,0.6784918342772932,0.5317489726599809,,0.7028100016717282,1.6179241734999563,1.3973726660779129,1.1122819573033795,1.6969422835383552,1.4710995541775242,1.14476763521445,1.495812717018129
675,celestial-sweep-488,run_d3399d838df79f788d63b917f1a254e0,0.04945755004882814,0.3066771023829054,0.5003590271924074,0.516718070677418,0.1676898058745808,0.3968082842423067,0.21244459161480186,0.4645395606339693,0.12781390509457083,0.16768980587458082,0.3432092240460673,0.41736222672927,0.28685483887600266,0.151129415019847,0.6116833887911634,0.41662425612050047,0.7455988312687478,0.669705835817152,0.5309763846027006,,0.6640609957184826,1.9167994351661033,1.6925247326464365,1.4897782159710606,1.9709206693498147,1.799813170035253,1.1728791307652473,1.547751197587995
676,unique-sweep-489,run_106ba107a019f1b5f1582c99970d340f,0.7163369655609132,0.2272552811999067,0.48499370401590136,0.44965627438593886,0.1614637327641698,0.35247396168288486,0.18159400548376803,0.44453290041938537,0.24831853145553884,0.16146373276416984,0.2645973210603818,0.49275222825255643,0.2873627859791872,0.31883110387468205,0.4194218459812378,0.20481180020387,0.7978735121801782,0.660807790270366,0.45617135281079685,,0.6897052634949942,1.6232203829278606,1.6143186356102468,1.439004333365465,1.9432592200171181,1.800268094020331,1.2194745860388956,1.6301380324677248
677,generous-sweep-490,run_e7aff4222d04598c03ef5adbce4e7284,0.4936182498931886,0.24802887883782243,0.3678103503897267,0.42777302961614194,0.21898482230578994,0.33378624141637847,0.171421690736546,0.30831590230297706,0.13755713277098602,0.2189848223057899,0.22325016506589807,0.4785649127035014,0.18659030478740343,0.20096883014611203,0.40250152009451395,0.24628840445123287,0.7867010962529867,0.6712384222087,0.5100007608321372,,0.719739346924214,1.3387519487367125,1.2638641652260953,0.9994470055786548,1.488262373679595,1.2714033906388278,1.168947144674648,1.4085487892901616
678,frosty-sweep-491,run_15710e6b74ed29c14bfed3e7d456f6ee,0.3410977125167847,0.2726782412807835,0.3867295224418013,0.4143101334026977,0.24282278009282787,0.34056816968228615,0.17489357325446372,0.3289001280009991,-0.02871316562000674,0.24282278009282784,0.25082221136074306,0.4374421862884432,0.3754429268571619,0.09944215645585253,0.43022447978842787,0.32496810911778207,0.7697979417436349,0.7002881438919974,0.5223418732945777,,0.7099270789895156,1.4496214493347606,1.3196982780881317,1.055066419632609,1.830962005964325,1.6504494757285053,1.0860120812174423,1.670401317841424
679,crimson-sweep-492,run_7ce473b6b49362a8b5c5d78b211ae4f9,0.31940013170242315,0.2740253517664205,0.39575203188577734,0.4665118353089813,0.2217645763458346,0.32784542816184015,0.18866319980132001,0.33584132038754133,0.12969046114971555,0.2217645763458346,0.21382640290422444,0.4224342190884703,0.2162457215789114,0.11566197362960125,0.3860665278794119,0.2278651257703137,0.7654620146575595,0.6731359990995027,0.5232924634590651,,0.725291879688183,1.4990150701801654,1.363422125869783,1.0864195062078785,1.5869374202922744,1.3563767271969804,1.162178511593731,1.417783261088535
680,frosty-sweep-493,run_026476ee20f24b501f5db9d43b3c8920,0.36981493234634405,0.2723370736345141,0.5313758546408168,0.4355282226598788,0.1455517159602941,0.3513997666081239,0.21771513003253634,0.5120924521036911,0.2047972947865187,0.1455517159602939,0.307088050476255,0.34061584754254187,0.35438733781064774,0.2180595728378508,0.6070635889439884,0.37326416081590325,0.7596831598726383,0.6944251479405951,0.522968542120594,,0.705289999225253,1.8467325310340696,1.7571156203738183,1.64673270594006,2.122952728694212,2.0325357536144852,1.1041155272735836,1.6243595914929534
681,deft-sweep-494,run_982fdfaf487550a862ded0d8b2801353,0.580408275127411,0.24250999044228871,0.5566690601812827,0.47503623053769833,0.11913473591489654,0.36685009054264006,0.20559866141870556,0.528425587711904,0.26937311879900405,0.11913473591489643,0.3315684729202283,0.35793828107224385,0.3382648328314543,0.23156083389202822,0.6237545107024564,0.40003414642087815,0.7819234808002034,0.6617948720873834,0.496897177909775,,0.6878336455051766,1.8709679477575625,1.839368082092029,1.7050421414719863,2.1700797555789397,2.057459576358675,1.20187224915352,1.6644723210194823
682,whole-sweep-495,run_2be5c079a19c300673ae1e413977b60c,0.27664333581924444,0.2839367736076723,0.5363449991154403,0.46109397644086053,0.14309042246840806,0.36478744891142256,0.21954138037433107,0.5123266002726524,0.18493181227007557,0.14309042246840808,0.3214345571205961,0.327946271561061,0.36839912887920717,0.15806915046451486,0.6003655018149958,0.37829630698126193,0.7514110945837849,0.6769960582528952,0.5230214631986294,,0.6921157316781748,1.9006609638455174,1.7804177395426601,1.645352134454963,2.1586109242351106,2.0486330665359436,1.154391801905609,1.6799804246644783
683,fragrant-sweep-496,run_ce0008fa5508528068f2eed544159187,0.350031852722168,0.2628797057930768,0.4623801941868814,0.43802534279662586,0.10692736389199446,0.3490393437587941,0.20636628862281153,0.41919286524512706,0.21176098992976827,0.10692736389199452,0.2698685163401596,0.36478649465053703,0.2786421744301053,0.22124296310485372,0.4254638149311183,0.24840910470958955,0.7682558486201447,0.6618157506536216,0.4980581490703363,,0.6895339467682651,1.658999467501681,1.5488467904905694,1.358181263550702,1.8323096434629034,1.6742426926149014,1.20388406355147,1.5516987747586237
684,lemon-sweep-497,run_ccb2fa0f21a1cc33aa5cb770b5978071,0.2900445461273194,0.2778208418311671,0.47194384606579043,0.5604362528334137,0.13259054104414406,0.31565276839091355,0.21683712506051958,0.43434485342324625,0.32682917765969316,0.1325905410441439,0.23595185922275963,0.4149274105426152,0.26421156743334073,0.295205014419649,0.614854506207103,0.286266686754818,0.7684981599837089,0.673369405332783,0.5367264894480438,,0.7388005531360273,1.7451176116145373,1.6182036806408029,1.4284222649926859,1.8910239110739384,1.7314093817872098,1.1554613369718,1.5140935180663684
685,treasured-sweep-498,run_6a017b1d089431d4ca74afe50659c722,0.2632418274879456,0.29107871690861975,0.4806333447805772,0.5129575266619598,0.17362706237083717,0.36700365834360366,0.18991749261848692,0.44956968769837574,0.09274274460257897,0.17362706237083725,0.3003443192775923,0.4527438232701099,0.38915473019652796,0.12804818610392785,0.5817638559376048,0.38503019547598116,0.7577859383559155,0.6974799685699082,0.5289175100478745,,0.692606153085567,1.7652258071057396,1.6303178723015876,1.4372887363543427,2.096121111139107,1.9497656934791243,1.0935127151351538,1.712179139570192
686,rare-sweep-499,run_89ef24fb6271aa30ede07a57ac97ca8c,0.6180599331855775,0.236592236930896,0.5083200649370924,0.49639552599308834,0.12553189687298846,0.332520281473409,0.19336428928006108,0.4742489047068984,0.3178068447846606,0.12553189687298846,0.26604647101972917,0.44459786161827974,0.2743654046364939,0.24461279783758472,0.5772530221577584,0.28177693598076986,0.7917140558246095,0.652953808636749,0.5058187214682052,,0.7078031882391408,1.7251607510723916,1.6989047321667032,1.5451573302151766,1.9739664943998838,1.8433061620774343,1.2214781045887542,1.5818581453545966
687,stellar-sweep-500,run_fdd9e7dc60fb0f56759dbcf3041c8fa4,0.47255903482437145,0.25458632168597023,0.5670392224199474,0.4747909776671248,0.1247027136904157,0.3971263332920183,0.19399394427427863,0.5312093492762223,0.22122923711493467,0.12470271369041545,0.3269856043828409,0.3832355780760581,0.34339198820783956,0.26238078515255037,0.42137643992812573,0.27258162196788804,0.7724123281949559,0.6339458700649129,0.46526635064774546,,0.6417583913678403,1.928459292244897,1.8723182062058474,1.7054060376796556,2.213700346854509,2.0744405302944005,1.2952576903969948,1.7528794153924128
688,ancient-sweep-501,run_eab90fe149bcd9e57ed5a23d2da7c239,0.5389279127120973,0.24941863527924324,0.47281799922991274,0.5164876816171825,0.11521919571772199,0.3418419249451014,0.1891724426850898,0.4281737483479548,0.26549738025342784,0.11521919571772225,0.24811255818231845,0.4423430288398613,0.233134133573805,0.22737328267833012,0.5516079074086132,0.21408377658706623,0.7814543628543157,0.6523888657981239,0.5038491606470908,,0.7064578055764796,1.6477000937355357,1.6014174299178305,1.3926961835720861,1.8317802794155906,1.652417582497682,1.2256683307963685,1.514313066815573
689,helpful-sweep-502,run_d97b89a427ac8d4069e8b936c0e2b3b0,0.5938097834587098,0.2378364954055254,0.4839634520724715,0.510029356025417,0.1404080699258055,0.3221813487618304,0.1914126096565496,0.44894529258114557,0.3057411467429676,0.14040806992580543,0.2440800392260494,0.4337504605154323,0.24342770066364938,0.24465302386957402,0.5534740304903111,0.2619540132647414,0.7912688676096641,0.6652492556961422,0.5193337213111053,,0.7245607846978743,1.663528378309368,1.6306141088478041,1.4647986869378808,1.8706863421117146,1.7280625601652067,1.1811813430703388,1.4952439211738124
690,usual-sweep-503,run_e3ce23b39058a956209320c851a12750,-0.3410977125167847,0.49080728794298484,0.982704255252724,1.0,0.0,0.5491187001148251,0.49080728794298484,0.982704255252724,1.0,0.0,0.5491187001148251,1.0,1.0,1.0,1.0,1.0,,,,,,3.5292519897898846,3.301207101473044,3.301207101473044,4.785182162344089,4.785182162344089,,
691,balmy-sweep-504,run_f0924b6c6520b951a2e439aa77052296,0.20325452089309698,0.2601779590648996,0.5605819362492586,0.30587492103600755,0.14778602161466275,0.3407170602913423,0.2601779590648996,0.5437857075957666,0.3058749210360074,0.14778602161466264,0.34071706029134224,0.7567097720328557,0.6788870490092628,0.5920895188838872,0.5354277938482351,0.6160557515267229,0.7778054155206049,0.6938290749955998,0.5142178795215353,,0.7061161720711856,1.9674561998392113,1.817628430178082,1.765865508909511,2.9725122440082328,2.9411455125755794,1.105785266283208,2.599003075357212
692,lyric-sweep-505,run_865b4e9b13d18fd9024d7eb1fba8e1f2,0.4974472522735597,0.2470806334680444,0.36053094398135144,0.4397161012225483,0.19608107192465363,0.32512797966356966,0.18255479378171816,0.28926664793481305,0.14572479655159593,0.19608107192465365,0.224365675335842,0.44476513017604935,0.1684185558593534,0.18598857069884747,0.4130349602461658,0.25654107313229857,0.7825985386185563,0.6573912814884509,0.5197623089287002,,0.7211330979799473,1.3212627027213768,1.246685487518874,0.94409422471336,1.4388469598323486,1.1863261668553635,1.2048647124625813,1.4027668531748811
693,vibrant-sweep-506,run_8ad7c194ddfdcf885d80faa5c830a6b4,-0.3410977125167847,0.49080728794298484,0.982704255252724,1.0,0.0,0.5491187001148251,0.49080728794298484,0.982704255252724,1.0,0.0,0.5491187001148251,1.0,1.0,1.0,1.0,1.0,,,,,,3.5292519897898846,3.301207101473044,3.301207101473044,4.785182162344089,4.785182162344089,,
694,lyric-sweep-507,run_6f233048f4c9e663563bcb0c54460848,0.48149317502975475,0.26596024895203835,0.5691465559405993,0.527271376017242,0.0942948131585188,0.3826441880823591,0.2161447554254438,0.5484374512191317,0.29214819218906757,0.09429481315851879,0.33979643301754486,0.38789119277014716,0.407545278070731,0.24805499686066682,0.6961168918901951,0.4301213488120377,0.7687914906658373,0.671537002719241,0.5128515339367997,,0.6746504357886972,1.9458012367398416,1.8942090643274314,1.7719778498882652,2.336867641749077,2.2389345448601947,1.1703206435002562,1.800714526035857
695,astral-sweep-508,run_6129c3909dbf1b286adf39de1f5ed907,0.35258442163467413,0.2640010435716239,0.5427814721155549,0.397194455798744,0.14154893790019313,0.35376330758539193,0.2129613602554744,0.5272548468670974,0.2109211846456841,0.14154893790019338,0.3213675173699216,0.3906293081922773,0.4488448935373719,0.322585107854718,0.5702629093044492,0.40371117750075963,0.7741536875670277,0.7057371813096656,0.5250550873660539,,0.7035091425083008,1.876972997021177,1.7814536905133,1.6940534296599574,2.3334196031184833,2.2673964839253036,1.0688710359590836,1.8476349975810724
696,soft-sweep-509,run_702af4dc3dce7c9606d057172ca9003d,0.0954052805900574,0.2959403558679581,0.33242796041334965,0.4421500501653598,0.25261882982687944,0.32197399325393017,0.19583273754424518,0.27266294110913397,0.0455389989223738,0.25261882982687917,0.21338362873697905,0.36676700118943123,0.25084219044160094,0.10718832806563865,0.3966477078562316,0.26527196624306365,0.7523636133642579,0.7146182139712426,0.5471560956572441,,0.7416100466345794,1.455634487737694,1.178202380636824,0.8853671871374926,1.470845425470902,1.2486394483397338,1.0396244608780771,1.3623672175835824
697,feasible-sweep-510,run_d662ae10c4ddba34293e302c035ac149,0.31301856040954595,0.2682480790505505,0.4491170012383836,0.3989521013711864,0.19854829420334044,0.3435249344998251,0.1863527924320988,0.4111954044519373,0.05196388094087919,0.1985482942033404,0.2906648706249742,0.40575350911966684,0.2893334319931544,0.21814300460790262,0.49699712616132175,0.3179713890617364,0.7733023668660612,0.7022086103037972,0.5238555425691318,,0.7024602184838572,1.627318987028616,1.4993934170578376,1.3146270248985457,1.8159133372570506,1.6666147856974214,1.0793064805617647,1.4880400224101107
698,driven-sweep-511,run_cdb79a5856d879ca52a79859237deee6,0.44575631618499767,0.2507833058643206,0.49221067091255355,0.4457247965515959,0.14811041094962227,0.3852766675943098,0.1785510911093214,0.44565160833775647,0.1279885548660402,0.1481104109496221,0.30314829582615177,0.38094900570274054,0.2469000121063513,0.21871681086315706,0.38099745457237094,0.24797897836280072,0.7814557515686775,0.6523196708649035,0.4659696542413825,,0.6569571597702661,1.7113065479076643,1.6383761187111647,1.4262941921123138,1.8673059884347507,1.684301181658001,1.2416787472564594,1.5311177157454587
699,bright-sweep-512,run_78cebfa11773790a506587dde656e9fb,0.9103381633758547,0.19909389886887877,0.4959934646644396,0.48890416558284705,0.10482518548632991,0.36704107587886386,0.15456148668819034,0.44990269842756514,0.2955928802348485,0.10482518548633007,0.2764906405492272,0.5355824412053938,0.24659438031825665,0.370782492098458,0.41457142463178,0.19081328618447224,0.8239116597852585,0.6346881783810769,0.41589628138631396,,0.6705701429979729,1.645345464627238,1.6549201894923569,1.4612969528938475,1.9419518339570474,1.779832822586595,1.3064116991987162,1.6550310026168693
700,feasible-sweep-513,run_f31cc63ddfefde161f5399efb6f66835,0.5025526881217958,0.24299414746971507,0.3810943565087989,0.42630894429787064,0.21038554053596234,0.3275920802668494,0.17219684369755497,0.3178639443039556,0.12060495708074713,0.21038554053596234,0.22569633643353196,0.4614662687159745,0.16402857766170453,0.18661622449956905,0.4174920461501174,0.25726664195368193,0.7899324790594214,0.6574699940917204,0.5166104909416009,,0.7202424392268016,1.3716859078199248,1.301197355254557,1.02692364834808,1.4865883870889716,1.2535560038717324,1.2046002782239018,1.4028158487853768
701,fragrant-sweep-514,run_cd5dc35f0a16e718b225f11c0c24b013,0.46107202768325817,0.2696378354919713,0.5570072742031159,0.4805358403626769,0.14102381678354847,0.37308166922742925,0.223690581013519,0.5335300177952609,0.2602764668722828,0.14102381678354842,0.3301481656443104,0.3743718496144606,0.3882749016869507,0.20440677244623226,0.5970001117241055,0.3636802216869155,0.7589932349761468,0.6660476189820838,0.5072503003218519,,0.6778766978344481,1.903662020520016,1.8455867065390645,1.7217212649345417,2.257365875209303,2.1572747894817548,1.1900119559044449,1.762282286809146
702,youthful-sweep-515,run_d5dfa3ecfcde277ee99d9f18a798a203,0.23388653993606573,0.2814482566584134,0.5825138147419687,0.47593177511054946,0.12553613172070335,0.36065670892509555,0.23178829544114746,0.5568511754238086,0.2659878859945745,0.12553613172070346,0.3113856103072839,0.3063314889463237,0.3797362945244906,0.19465547148527707,0.5988129273325731,0.35918075971402247,0.7541071639783996,0.6523738532204195,0.5154744169140495,,0.6915216632994463,2.051015439216248,1.9232648333987563,1.7959141641816148,2.2962303645060267,2.1906697497795697,1.226241292209535,1.7542502598577103
703,fancy-sweep-516,run_f1fb4342adf630ea83076e3198d5fa2c,0.24154424667358404,0.27433390779944355,0.48837584423423147,0.5495262160454832,0.13831520818511367,0.36445848641392686,0.19987908617242506,0.4525043447493575,0.22443238824272585,0.13831520818511367,0.2906648706249742,0.4172873290459915,0.3406070879566392,0.22435058370313618,0.5989857057913356,0.36384988045809985,0.7722670706502857,0.6745368181511657,0.5267962106189807,,0.6977535582683027,1.8061959595210568,1.6620312293710862,1.4621639327216054,2.036404083294388,1.8768370065632243,1.1554423139155117,1.6491333250649338
704,dutiful-sweep-517,run_6a33a5035710b944f15f5836ecf342db,0.2887684106826783,0.285401787618123,0.5353719833910898,0.472620861357809,0.15359962055764476,0.36216666237924083,0.2182569845295526,0.5151519881781192,0.19057262829326302,0.15359962055764476,0.3035458571382914,0.3667452106805807,0.38637005303865185,0.14898423948323383,0.570326822171142,0.3731174567938993,0.7515683237647827,0.6865484805806933,0.5102638896491202,,0.6963651895498267,1.8961678349330089,1.7807459855260972,1.6546207260847505,2.1955802870744123,2.094584989732256,1.133171790065994,1.7127740183175995
705,distinctive-sweep-518,run_20d1140dc047f161b193279b4ab67129,0.47766447067260753,0.25297079253745947,0.5591354208943419,0.4930994760506856,0.12242351865026936,0.3711468708416841,0.20286430307728184,0.532942045726536,0.24116532273048208,0.12242351865026946,0.32212989965084776,0.35052943429210454,0.3756576578886386,0.22823271504432316,0.5988861384836071,0.3382097360506548,0.7755771349678597,0.6590670231400864,0.4841580605122421,,0.6762173131041711,1.908482561478128,1.852961279721036,1.714522347297515,2.240449356707453,2.127377421899556,1.2160639275915348,1.750702513796896
706,crimson-sweep-519,run_6bc45b566851cd2c06aa596b2895415b,0.1860243082046509,0.3057815373114484,0.47122579168097595,0.519965813236223,0.19754294135582887,0.3654586259501521,0.1996984680067532,0.43518778683150705,0.10825313069005206,0.19754294135582884,0.2819395691214908,0.4568385614046247,0.39773117560435817,0.14227564409539317,0.5327314155459412,0.37160089347919234,0.7443867295058693,0.6948786555556039,0.512829747615349,,0.6951080358361575,1.7757979449311652,1.6076082429959684,1.394805476222937,2.096484908964011,1.9381246159797743,1.1107039872156703,1.7448518727336262
707,expert-sweep-520,run_a99672bb3b291126cf7630c08d2845ec,0.54722398519516,0.24663912239640173,0.4859302966917465,0.4291925235034,0.1986524714571264,0.39100233002110196,0.1826451028645538,0.4411715733716294,0.13957861097692417,0.1986524714571263,0.30680196223791173,0.4292095500699589,0.259063263012026,0.27629196862795175,0.3513989998215794,0.23525689186797613,0.7777224759397788,0.6597150253489001,0.4477990238792831,,0.6493400689119271,1.658461598663972,1.614409988620292,1.4139183122637038,1.8809613083689198,1.711975708349446,1.2297446301830357,1.563319445183216
708,icy-sweep-521,run_1f6a0f52e5a9579b5112308db26d84b3,0.5095723271369935,0.2579779294635891,0.5220047245897206,0.49246404815874545,0.12586983772063556,0.361837699881745,0.20386272015974669,0.50090016962734,0.22891382705956673,0.12586983772063567,0.31657339566471093,0.39344796511138824,0.3771100533926354,0.18635017931445477,0.6352472942471811,0.39461017295486966,0.7748250792088441,0.6929190094634203,0.5280363538053419,,0.6966308386347551,1.7910693638099624,1.7418274242183465,1.6133726625355247,2.155367808527794,2.0529537165985388,1.102923739780738,1.6816921210645885
709,deft-sweep-522,run_9f68e9b77c0e8c6561717d54846e13da,0.6416720151901246,0.2331880862251054,0.5167233825564818,0.5354687674185278,0.10438476132398279,0.33427422843873,0.18979958909367328,0.4820902667207806,0.34481810412099134,0.10438476132398262,0.26310451730989753,0.4270067779435469,0.2711982417253507,0.2832795922059403,0.5987787915520243,0.2688284151353601,0.7970388385394024,0.650603443879118,0.49702761664710254,,0.7104326190988797,1.7564612965803563,1.7352619471550015,1.574494732166118,2.002298929771346,1.8646985387826545,1.2308346703633497,1.585251073075734
710,worthy-sweep-523,run_7a60659b9682f44d36a2e9db10f66a8c,0.43107837438583385,0.26566674443282134,0.5248405190804742,0.4593660584890935,0.1385362672358302,0.36779410377597505,0.21205826942711445,0.4968363980727004,0.1969529188807554,0.13853626723583023,0.3198700364275299,0.3682566783732953,0.3495469884483895,0.16800306484053248,0.6071489894629766,0.350897162302992,0.7631067761401189,0.679003688955135,0.5200070574927539,,0.6834191682962968,1.8136330104158027,1.742461391100519,1.597567909788695,2.102817320114062,1.984412308136177,1.1475617375163785,1.643948576965636
711,honest-sweep-524,run_f7da0084687d549eaf56859d511abe5a,0.3978940844535829,0.2670188720897271,0.5212034175226083,0.44525287057337143,0.1350315072669987,0.35530210372296683,0.20690814311982766,0.4976116886765945,0.17596521868380952,0.13503150726699853,0.30954201716373536,0.3910083138146388,0.386749509171097,0.19138992646511088,0.6361416108861268,0.3678907144261374,0.7708192039768016,0.691028003382323,0.531668344965413,,0.7011217303945075,1.810334686366662,1.7280275522046404,1.5968558685590433,2.161330297535222,2.057964552371296,1.1074724932531737,1.7063893920139486
712,sparkling-sweep-525,run_a4ba7cede5c982def37717ec8f9f0387,0.32578170299530035,0.2590365526012779,0.5308503220838147,0.45932146705808025,0.1400345563573534,0.3505742422364462,0.20770587335154544,0.5045841008189983,0.2013674705510757,0.14003455635735348,0.302804522220949,0.35807163042073703,0.3513794005141337,0.19270993625557362,0.5774045977994803,0.2987344539691419,0.7712245194629077,0.6670790045756589,0.5077265444680676,,0.6928920918735918,1.8664316667591134,1.7595728999529514,1.6216478458697612,2.120406572652837,2.007428449313835,1.1844978967730033,1.6742349030408428
713,balmy-sweep-526,run_0675eef25d255853ca06933f5775d926,0.39917051792144786,0.257029684093811,0.4319097124660484,0.45354687674185273,0.1966392248534743,0.36598714863570214,0.17576656105521143,0.37763937019345856,0.07738099661848276,0.19663922485347454,0.2882428647488623,0.3812119403605214,0.29564287212583173,0.13294022496780852,0.48404771726985035,0.2752946990953226,0.7775967144931072,0.6727042623578163,0.5048031879788379,,0.6832455807785727,1.5595386603614918,1.4619264773348555,1.2095439809382564,1.7816486046380566,1.5811512790052695,1.1687207120726466,1.5501454215987698
714,kind-sweep-527,run_c790de622065eb822a920844c223ff00,0.4904276132583619,0.26246328057777746,0.5774145879512556,0.5292259670766603,0.09305908459531796,0.36655854558040446,0.21235177394633128,0.5594320085750265,0.3195570584519342,0.09305908459531798,0.3242174863055719,0.40388709461691025,0.4004730815258089,0.2641190179740127,0.6946483823265983,0.40600820414893074,0.7739935966968646,0.6795982137602784,0.5189898920908459,,0.6930397702025438,1.9682022775484684,1.919125624254196,1.8102076432518706,2.349407093883577,2.2613098511280825,1.14412528356856,1.7736102152452369
715,sweepy-sweep-528,run_709497bb4707fcd3df3be6ba35f18f5e,0.5427569150924684,0.24467239125908422,0.36968353574141716,0.43885400022295706,0.22517532269539586,0.3553972066250865,0.168903070759675,0.2975867128719053,0.10292445468395843,0.22517532269539584,0.2437916123917521,0.4885867119245468,0.2045554821032581,0.182065574817227,0.3661624734321001,0.1838492310005521,0.7900224345742318,0.6565226724604217,0.49423041280756397,,0.7024954885836808,1.3297831545745358,1.2724451180852108,0.9616133357348451,1.5196745966576586,1.270824342169612,1.2164128405472572,1.4730765424226868
716,stellar-sweep-529,run_2a06d5d0a9043b80bc34dd8e203427e1,0.24601161479949957,0.28954346250040763,0.45045945074042876,0.4982089108542974,0.19391282989463698,0.3657836907877249,0.18364602853265294,0.41084158055217357,0.036434915090483674,0.19391282989463698,0.2932716255814336,0.4645726568737678,0.35885653098831644,0.0830403643754855,0.5468717038544056,0.36368917472589485,0.7624881103014451,0.6950140113940575,0.5222028635895348,,0.6941667041984126,1.6869640694115484,1.5366146892259744,1.3126162462576592,1.967660605161644,1.7981837959173133,1.1022098410782133,1.6508694944573026
717,faithful-sweep-530,run_d801c522d04576a11edecc7433b3b13e,0.29578804969787603,0.27519435267201997,0.5606547823462688,0.48888186986734056,0.11370396720533932,0.38165184386597983,0.21998540003160832,0.5285088403942013,0.2526513321690012,0.11370396720533922,0.3237622396265731,0.2979486056739189,0.33192081390753264,0.21662612138045523,0.5066292304424728,0.32229179240016076,0.7575835353384863,0.6498376074557444,0.4953683956859868,,0.6644340075592496,1.9693292775233724,1.859590079588773,1.7045357771610636,2.1669078843464344,2.035400877163964,1.2407883824144614,1.6664244132490549
718,genial-sweep-531,run_2749d868d79b2ffa66bd82645ddda90e,0.2606892585754395,0.2816740293655034,0.4399852226488923,0.43507859239716096,0.21590439407798898,0.36983413897963946,0.17892737895447175,0.3897526354677241,0.031243729330013615,0.2159043940779891,0.2899227561756474,0.4099642996818635,0.37100727552487883,0.10734859368515155,0.4898622306853029,0.3390367388790437,0.7658946921422229,0.6874249998369288,0.5181550027731342,,0.6862980672799248,1.63454694501014,1.484757085140612,1.245817942599291,1.9392168611011509,1.7629863239985968,1.1242825284550064,1.6793062961511624
719,radiant-sweep-532,run_ec48756c93789dc7a9fbb66902dad044,0.26387989521026617,0.2803946506919933,0.4682651181667761,0.43659098509903,0.18143527458752587,0.3567473560223913,0.19565964513547643,0.4335487496487778,0.09705696555311961,0.1814352745875256,0.28969825096408647,0.37811543736970865,0.33147548323665305,0.15113175621747596,0.5116652474810897,0.3396054303514968,0.7609022281740078,0.6911838380571728,0.5186339697875373,,0.696684367063721,1.7103235675926465,1.5690618398660627,1.3882895715653512,1.9304214847820838,1.7865945220170967,1.1146996090004002,1.5833910666320044
720,gentle-sweep-533,run_9a04e53c85a9562a7fb617857e1c2924,0.39534151554107677,0.26553378939420164,0.44035465642658683,0.439530303593326,0.18636717823627066,0.34499357275878706,0.1728867047469967,0.40122589574682876,0.03203151127791598,0.18636717823627078,0.27899839494364365,0.4455703142913047,0.38790690217179796,0.10305590141429621,0.5367580815335115,0.3235343122206715,0.779142008956861,0.7039186470389139,0.5317129320835773,,0.7075763857366101,1.580481257393069,1.4841891104076523,1.2809129652601199,1.979062501987199,1.8315591980306416,1.069912475811944,1.6907346856373466
721,glorious-sweep-534,run_7c9af5535ead683ede8fafed27aa6818,0.12220799922943118,0.2833999362819249,0.5906257479733176,0.40934190479729476,0.11974963580309651,0.3606130551339587,0.2626087785445689,0.5781378456287138,0.31754301215116476,0.11974963580309643,0.346921355356671,0.44145106739263323,0.5431100447519817,0.3638138109376496,0.6304871065307186,0.4758427143853445,0.7592286847412842,0.6972927593161276,0.5241617252428097,,0.7055287436017872,2.103917140319524,1.932941815109313,1.8740946135712602,2.6482425873839714,2.60560076789459,1.0957689654300993,2.116042146705924
722,gentle-sweep-535,run_e43034aacaf9b622109d088ca9cc2b58,-0.2638800442218781,0.42290238340721115,0.729371546314508,0.8787596150273121,0.048323000304909026,0.4914567192149178,0.36680539145224533,0.709827979145203,0.6409460815280001,0.04832300030490901,0.4306766103766621,0.6641085082358456,0.6845611961905473,0.7103295767753194,0.8452802758682062,0.7005959853649918,0.6393888728798347,0.6023011143221196,0.5163062061414554,,0.5915759909019007,2.7729839077999374,2.5041751960728735,2.3630310354284725,3.4500350642099264,3.3489945067213136,1.3948634728583387,2.7527245847643025
723,wandering-sweep-536,run_813e26e077afd240d6570f007406ea02,0.41703879833221447,0.25952823538560726,0.49826210025704265,0.4732488573445802,0.16030677236846566,0.3678782932303104,0.19195697273919982,0.4561882759410155,0.1465868975511872,0.1603067723684658,0.2984329068513847,0.35472153745927565,0.27017052323580315,0.16600836446061998,0.5148541231503926,0.27585274019311434,0.7692967182397129,0.654340291011249,0.49593308007939096,,0.6785751963523722,1.7454109685553978,1.6655241191486572,1.462673110772616,1.9124010703639938,1.7385971044036281,1.2256075261498258,1.544480841777759
724,fearless-sweep-537,run_87fb4b1a29b02b658df2c041f25a77da,0.49553275108337413,0.2543329545369025,0.5096521078538498,0.4195793541674407,0.14657400819866517,0.3537212128582243,0.20067932498977742,0.4825221400101986,0.1602355913938537,0.14657400819866517,0.3072455159371417,0.4011356566442041,0.3210881067520024,0.22523534357075206,0.5196371419265091,0.32240877826037107,0.7708629793789321,0.6859480238857665,0.519792585487128,,0.6910982430178625,1.74011113152919,1.684691306027831,1.5473279523836916,2.020099327906037,1.9070501540936389,1.126671812101815,1.5849308723680828
725,still-sweep-538,run_c4a7d100df66b02a3df7a1a2c6aa6bb8,0.7973834872245791,0.20823518492039003,0.5049067049629007,0.4625952212849762,0.104582952197039,0.39474642214307387,0.15464176142848915,0.4593362679903845,0.2339229311433988,0.10458295219703902,0.3229141088273422,0.48327225066326385,0.2395511623155447,0.34027179176111283,0.3921905012001255,0.24325694441303,0.8169248259302893,0.6298158765802019,0.42306340451204,,0.6408368467413134,1.6746210309111447,1.6753101319336254,1.4793688123675477,1.9312815932318623,1.7640058495374973,1.3178524981555166,1.6309260440288134
726,lilac-sweep-539,run_8f99d3ac1275240c73e876daa1f50b02,0.5504149198532106,0.24403521050796348,0.5358246698510818,0.5474750102188696,0.10715689263814077,0.3520194945358706,0.1994225235869764,0.5042823098456704,0.35688380216268434,0.10715689263814086,0.2742689743931537,0.39761288447739673,0.30978164474670283,0.30007342847109153,0.5822852525871386,0.24052445928495061,0.7894147598085353,0.6457046651421516,0.4914461450942273,,0.6948705108373684,1.8365555802411628,1.7973210172342684,1.6462508531183024,2.10669161995499,1.9793758142377342,1.2482888326610824,1.6631331132362563
727,twilight-sweep-540,run_a25476c986052dfd060629a12ab5bfbf,0.5918952822685243,0.23986343259806686,0.4945001196757309,0.4843744193824086,0.13902666260121288,0.32576329823100814,0.19414195082670438,0.45892000457889753,0.28954702537995625,0.13902666260121274,0.2543612865707686,0.42824226624506334,0.27196929808545084,0.23405271951388226,0.5375850632384149,0.3149389846271302,0.7887739923563316,0.65654559607439,0.5070598289259315,,0.716624758619566,1.6871489923476986,1.654526133986071,1.4925160913719266,1.9275118243902876,1.7903768843809431,1.21128680101889,1.5636690249039453
728,sweet-sweep-541,run_aec8ef230a56c2896dc6604aaf6fb1c4,0.3187620639801026,0.2781218721072872,0.4900408978801786,0.49746572033740843,0.1666946166615849,0.3638029000148891,0.18938316387837367,0.4568959237405429,0.12599680428077717,0.16669461666158505,0.29514951813230383,0.40889804059552876,0.3996831100870117,0.13694899381710993,0.5903107142623277,0.3878894249235933,0.7631825264368228,0.6831850791053716,0.5250611385321347,,0.6929195278052567,1.7643576973889346,1.6511283216659436,1.462627782026853,2.123592063934606,1.980580356399466,1.1337399961772252,1.7517947648998666
729,desert-sweep-542,run_58d26a87bbcb46fb415be6d283a779c8,0.25494575500488287,0.2814758511003911,0.4018294776934845,0.474642339563747,0.21231578412440288,0.3543908308329845,0.1680325915445612,0.3523669778235668,-0.006997138716509936,0.21231578412440297,0.269463939240159,0.4528429270565108,0.35413277653283615,0.04716065936638677,0.4790682140822116,0.32663975313899685,0.772270227539881,0.701493519385494,0.5300102507459163,,0.7029893487415089,1.5475982908771826,1.3853459122881266,1.1269022949557514,1.8386338339155404,1.6526644731772013,1.0788013734498296,1.6202479692574145
730,different-sweep-543,run_62e51f90be85d84429b154905ad8d269,0.4872366786003114,0.25258948752104077,0.49255408822703,0.4635316413362565,0.13916895348443273,0.3631629042555431,0.20391790904370216,0.44794105710093357,0.2681765820668127,0.13916895348443273,0.28323904893979757,0.4153118044205697,0.25803856201133707,0.2708693292468793,0.4507010010853986,0.21843997183410124,0.7749551712196984,0.6296056373707835,0.4755573294746277,,0.6759189115423989,1.7040783739559437,1.6446149488611717,1.4560264761208197,1.9016969825090813,1.7411795376787893,1.3029217659950174,1.6153322294717225
731,comic-sweep-544,run_2e003eda48fa3c4c68907b6f59672376,0.37492036819458013,0.271471611590669,0.5448888056362066,0.6288915313440601,0.06789223159535183,0.3620450553896452,0.2163630023756306,0.5152300375677729,0.430719780015607,0.06789223159535183,0.2796469655548204,0.4320857542751681,0.3871655118318252,0.40254232778895166,0.6752318233990574,0.31155538073689293,0.7739238706277864,0.6469433610983415,0.5203560627981255,,0.6930356567253207,1.9378511834944379,1.854249039145613,1.6991034088055312,2.299119235577335,2.175927883465777,1.2359848807699059,1.837217566245511
732,frosty-sweep-545,run_5fe867b8e1c71c2ef39af7c607455698,0.5606254935264589,0.24109514814452465,0.5281081868606456,0.4745754524172271,0.1474116610766677,0.4000503577662044,0.18031713539589223,0.4876577898494167,0.23022927427446044,0.14741166107666773,0.3287481261999921,0.4185090468243334,0.28217045634824583,0.29320520597218236,0.38263028779552427,0.2791363139314595,0.788070824115789,0.644258315970506,0.4489173065801401,,0.6393721352126152,1.7908808970080254,1.7528066923617767,1.5695926185028086,2.032154541423709,1.8764172690260765,1.270483202619874,1.6344565909133306
733,pleasant-sweep-546,run_e9a002a1612b0386e9a73fcc73383883,0.27409076690673834,0.27402033459515185,0.4313841799090463,0.4434060421389023,0.18607582071348713,0.34513544757998194,0.1992343796644013,0.36970434891199144,0.15417858868120835,0.18607582071348713,0.24056434997556184,0.36136084178061756,0.24570077866040507,0.1705343251497835,0.36274306157874037,0.1877156510092116,0.7615301808779769,0.6542287975973348,0.49901061550412956,,0.7032266694746201,1.607630629110225,1.4603489886787093,1.1959424866156327,1.7017554198841005,1.4810910747359074,1.2261465907955258,1.5055855347636256
734,astral-sweep-547,run_4fca501f1432c965208e9c3e9fc79e8a,0.4355457425117494,0.2559509922710476,0.5157243503689134,0.45428263535357283,0.14967306975641156,0.35319814689656626,0.203616878767582,0.4860135493740437,0.1805061127420015,0.14967306975641184,0.30021335790418163,0.3648873911618609,0.3116639491742992,0.1892221902968,0.5742250617657113,0.3098969147399396,0.7704006174530422,0.6645064835197318,0.4974461727496596,,0.6934943325751083,1.7845720431562233,1.7121914842863513,1.5608119655512127,2.0178928852992986,1.8911441006667549,1.1961752470908553,1.6034734919641476
735,effortless-sweep-548,run_a5a0295eb113e14f33c3cd44cd308790,0.17645180225372317,0.2867488981037601,0.3726077862071119,0.4646427111590056,0.21322204153538638,0.3284378724701264,0.20050874116664266,0.32404025267189085,0.10719036825090111,0.2132220415353863,0.21593581645451684,0.392131592823372,0.23242055710757067,0.12561525609509516,0.4204030610548628,0.21753780664864197,0.759423108078969,0.6993505859201454,0.5342557879324361,,0.72697485206905,1.5107912186883996,1.2986467583675554,1.0496258304017791,1.5479738161010752,1.3459026399270457,1.085677490724763,1.3742034588016379
736,balmy-sweep-549,run_b3254e054eba32324c11af5ad39f020e,0.43363124132156383,0.25729559417105047,0.476939007003632,0.44500390175021354,0.1661296879764204,0.34865191636245435,0.2008122800283974,0.4321802836835151,0.2409832410538442,0.16612968797642047,0.2642270433677028,0.4074521378851707,0.2830290020242989,0.24454554161478784,0.42453289668922434,0.24737258292088993,0.7728223716600713,0.6460668613670884,0.4906701802002017,,0.6902679195652939,1.6713797316576422,1.5934044242968741,1.4022112787760104,1.8883356655606611,1.730049246925135,1.250485188389246,1.6095300969042052
737,pleasant-sweep-550,run_47c4afa444b8cdefee74ee1b5a8d135b,0.5051052570343019,0.25004829027346087,0.4936779994380445,0.5097506595815836,0.15090879831961243,0.35439472849290743,0.17680260692219102,0.463426056008242,0.1605180037902717,0.15090879831961232,0.28078820038025554,0.4029671736399134,0.34453478611975613,0.16777873554044417,0.5914871459763384,0.3218150316491002,0.7833957296821392,0.6795648572694365,0.5144002308190906,,0.7008996649852425,1.7152102532489837,1.6611891986477758,1.4848105216588543,2.033992131081335,1.8926797723929927,1.1443388277586546,1.639233292827108
738,celestial-sweep-551,run_a8b59b1ea1125cbc7122d5ce36ff7054,0.5950862169265748,0.24236449247549738,0.5222961089777611,0.40215896845156246,0.1618592675407393,0.35211069977806725,0.19509270478211696,0.49681038160948265,0.15666084500761773,0.16185926754073937,0.304582634677792,0.41600011862351033,0.3456087759171254,0.23932254254062513,0.532821961184022,0.31824175277692524,0.7799683845191275,0.6804234248590015,0.49778040623978664,,0.6936048197653909,1.7474608041847322,1.7170919129889417,1.5908517644857112,2.0912174147190545,1.988867761953902,1.1497522802570554,1.6573219192204394
739,distinctive-sweep-552,run_cbbe63b3ac731f4ff503940445900e7d,0.34939378499984747,0.24162445971336902,0.5141893790390559,0.5019508751068337,0.13600636921096318,0.33389459636223606,0.1961036647927533,0.481637580260789,0.39701237412210594,0.13600636921096326,0.27910441129354746,0.41775334335707326,0.3837372262727478,0.3053455926954634,0.4512461008321719,0.3453684464332419,0.8065836890293243,0.6338024013548873,0.4563938458671575,,0.7040808388179558,1.8218535350524312,1.7187915044350182,1.5861346285060103,2.1666888588021975,2.063036459902121,1.2938022772800624,1.8477609985695262
740,breezy-sweep-553,run_eb267304a26acf2aa6859a5f5e5eb983,0.4176771640777589,0.2530259814214148,0.5466371119644511,0.5420571513507487,0.1204246705288478,0.35145667244299866,0.19877530849331845,0.5215884611782335,0.37607298130875877,0.12042467052884814,0.280276047866382,0.4511991745576582,0.32550974297074386,0.29796400940735773,0.43193195956941083,0.2540593501698205,0.7914490879003905,0.659421895973821,0.46060854599545403,,0.695073979556839,1.902904927298095,1.829199121028959,1.703375395759798,2.1674636324712657,2.062381369337947,1.222444711637866,1.6870981734101318
741,treasured-sweep-554,run_6d35793fcb37f4a30925f114cbd0453b,0.33982127904891973,0.26500949499662596,0.4584204884851135,0.44207201516108646,0.20254429650709763,0.353383675508898,0.17457498287890302,0.4239642845992942,0.07477239790420273,0.2025442965070977,0.28590582785907004,0.41782416403034645,0.35375776272093296,0.11912886164586196,0.46226606777611307,0.34036467773060614,0.7805140229123498,0.6987090323562424,0.5179248778144128,,0.7004677667092749,1.6531052757808529,1.538554887436991,1.3540769853643577,1.9512471412494492,1.8093476025549438,1.0901068706349333,1.621279511368531
742,easy-sweep-555,run_dfec482126e52e4ec6e735becd5c34c8,0.42469680309295665,0.25904407835818083,0.3326412954117367,0.4536137638883728,0.21121387674899214,0.32279795856163873,0.17881449260092666,0.25846315548479065,0.11934153320203614,0.21121387674899209,0.2153566241899689,0.43709227874548234,0.2623331017611148,0.11037107982419732,0.44791815449028166,0.21139142475937342,0.7778073327924105,0.6838523916778748,0.5385880759632491,,0.7281135655396316,1.2818898272833057,1.1744665152542233,0.8451325645972295,1.506913930405433,1.2671491821957044,1.1232825323497724,1.4673723609495546
743,clear-sweep-556,run_c8538a8349240e066ca593fb03c9f3fe,0.5708360671997071,0.24531458918147356,0.5365583341138273,0.5549812344394486,0.10857980147033915,0.33830830645896826,0.19602088146682028,0.5018835919369778,0.3533313514919547,0.1085798014703393,0.2690780709077884,0.42804458839923143,0.3342692492569947,0.30369526120316276,0.6170477229034921,0.24780242537391461,0.7873174753192241,0.6410577286847832,0.5019537323251823,,0.7064231762942617,1.8360648983264733,1.8019799880451681,1.637723611747046,2.154052963285429,2.0186507671703056,1.257648393796403,1.7246714973414925
744,sweepy-sweep-557,run_e02e66debde96c6b44402b631d692701,0.5414804816246034,0.24620764566729628,0.5347684014444342,0.5578165062613801,0.11406562320018974,0.3350553194872863,0.19853448427242232,0.5060462260518456,0.37241276801308054,0.11406562320018974,0.25970575785709765,0.390707328641448,0.3039530630652745,0.317510455575775,0.5750272607434731,0.25528733354148053,0.7872090816025368,0.6585269774452884,0.5023707205318868,,0.7134456893708588,1.838796300633437,1.7976512151351942,1.6549728216008976,2.0997356125947713,1.9789580065679355,1.2078713201591031,1.623666492105012
745,super-sweep-558,run_2891dcf5d598955fb0bdbf71bcf19bc9,0.46745359897613536,0.2514731669137623,0.5764884018606974,0.49023819256066287,0.10757360165328456,0.3852844629141556,0.19853197568678813,0.5471210181803045,0.28103749396157734,0.10757360165328468,0.3242377541371711,0.36568504700668897,0.3496032908678224,0.2718883887239409,0.4631008434095092,0.2884977488647477,0.7789089192468313,0.6388273863936051,0.46955270757193346,,0.6529351681910125,1.9614606622330273,1.9044581943224146,1.7640326254717722,2.2487406416270175,2.1311228409249736,1.278558627605951,1.750595791040556
746,feasible-sweep-559,run_3875ccf535b8e619f9d8202762c89807,0.7169750332832338,0.2196066036008238,0.4661785978166985,0.3957972576269926,0.1347960497340516,0.3412479215728461,0.1591747756697295,0.4273828478661297,0.10430307309278727,0.13479604973405127,0.2811491236891194,0.5087585376302065,0.2676987213220778,0.23914141897859933,0.500464395972496,0.2966194869034878,0.8092535711433646,0.6836796846858245,0.510839932335409,,0.701026978611093,1.55241213972112,1.5421113384297414,1.3648357874732555,1.8468235708835448,1.7015953245778563,1.1297111094097378,1.519505548716838
747,generous-sweep-560,run_99031d048fa5db37073005be8c50f505,0.601467788219452,0.23375753516409906,0.42388623520964075,0.4141949388725799,0.18813903852017486,0.354650414983852,0.16927183284792222,0.3613946905601865,0.15043662442867245,0.18813903852017466,0.2532738394522698,0.47681742639567776,0.2080771005405854,0.22647702965871722,0.35965376716939,0.18867934166689793,0.7964334526604939,0.6406528807793618,0.4737444582901917,,0.6877660975767497,1.458485781629833,1.4223204409118515,1.1650516533682609,1.653663489772658,1.4383855031901287,1.268734706429097,1.5235797504788282
748,noble-sweep-561,run_18bf724cd5fb034843cd83b405f2c2f7,0.19942551851272589,0.29220005468716675,0.4631034518643399,0.5672178663000259,0.14915811227428263,0.3326426679949892,0.2240317486597884,0.42502575629858563,0.27353870164616684,0.1491581122742826,0.2542311047293426,0.3871320834984866,0.37207787275352605,0.2727469697453415,0.5597380070173433,0.2587764967342679,0.7542506803021405,0.6834409712653982,0.5233742354744452,,0.7200322304967189,1.7627545715570394,1.597424505601378,1.3897778890447496,2.0397172952649205,1.8815324005673453,1.1356324380165772,1.7024519458071385
749,peachy-sweep-562,run_05a306c120635f31f5ff1321fc5dab7f,0.1534780859947205,0.2740780320647416,0.4702111496154767,0.4710973207981866,0.13815597791103434,0.29894505936525834,0.2333285670206282,0.4471605632043957,0.3456690572628294,0.1381559779110342,0.24013248925610053,0.3809587140158877,0.3677992070036584,0.2823910012876587,0.5453751658589336,0.3358010352741809,0.7734137444595962,0.7031414576064648,0.5426584850296432,,0.752122914315113,1.774687941239663,1.5836782203310096,1.4742642267211115,2.0213048982449133,1.9367735531826331,1.0685282094710207,1.649057100452689
750,rosy-sweep-563,run_ec078220b21423d8bb724dae21ad22cc,0.5701977014541627,0.24416314837531447,0.5337485560862915,0.5219984392999145,0.12110224616322797,0.3335180824136805,0.20727690520807462,0.5028097780275359,0.36363940396120564,0.12110224616322805,0.27424091124170863,0.40896676253734016,0.2771584831789183,0.28346816503314926,0.5921370198499706,0.30473653345879015,0.7869994069323888,0.6409957337513159,0.5014086276632789,,0.7107384047388898,1.8182649965582138,1.7835283078488278,1.6441940458312387,2.0485969555591024,1.928509870800463,1.258095084269599,1.6120110119013613
751,atomic-sweep-564,run_9c36ccdc63838bafeca8deeae7c7254d,0.5350989103317262,0.24089446129377795,0.5643855431717191,0.40561108840251203,0.12218297930006439,0.36376704154359807,0.2087394106328912,0.5436764384502513,0.24762364832224748,0.12218297930006446,0.333279545626397,0.39387627783648976,0.3428596137336573,0.32933520629143653,0.5581298344200117,0.38552475901553834,0.7828748912006305,0.6685569426423694,0.48887332969864333,,0.6744022766727786,1.8883759667031834,1.8460392492927806,1.7494943012251527,2.2015876674733463,2.1212867928831693,1.186144505812941,1.6870287894139517
752,pleasant-sweep-565,run_7cc032863e150879605e7bf251ea1d55,0.7131460309028627,0.21969440409802546,0.49722144172832566,0.43230277581658044,0.08798997188061118,0.35447813841525827,0.16066738412215809,0.4593622844536024,0.14187878562669531,0.08798997188061101,0.2928623712895252,0.4909513980371181,0.3082707384689633,0.18578360948823547,0.5438484683447795,0.2608702437134251,0.8099434728126239,0.6605148301223024,0.5028545522369838,,0.68428270356671,1.6557362443062753,1.6454309290622486,1.46835986117705,1.9832549632020924,1.839004618990111,1.1982390769069868,1.6314515598625616
753,glorious-sweep-566,run_8ab668515efa63352c7f64417d02a2c5,0.3436502814292908,0.2708269050826453,0.4838437763416691,0.4467095239864738,0.17710556628383645,0.35774671602663194,0.18243438167127,0.45246792170085237,0.09347850321429906,0.17710556628383645,0.29466231064193665,0.4111688297520087,0.40003370865988036,0.11092275112005028,0.5734115474157955,0.3791210141760626,0.7726429462166371,0.693107631071395,0.5204988188095933,,0.6992214321573746,1.723772708605674,1.6167698074811196,1.4454385963650793,2.0965633675851523,1.9674669196149928,1.106093067392684,1.7335152775939455
754,northern-sweep-567,run_6b9a07408385f59e49806f93e8272dbb,0.5395659804344178,0.24696272994323068,0.40662171021822613,0.5003270038274311,0.17426567740624047,0.3156551069868673,0.18120266612481206,0.35490098134099257,0.21708223403069374,0.17426567740624063,0.2174730535281229,0.4624380382784216,0.22719913469176553,0.18891144952058658,0.48774288346814415,0.2455526071723578,0.7857273372280011,0.6725878824590134,0.5220763656848844,,0.7348370929309678,1.4545579223049883,1.401688215313198,1.1573703677347595,1.6524106015157165,1.4509435244571467,1.1603063049794653,1.4532865045918282
755,lively-sweep-568,run_5f4948fd430b8fa88752c47546d378de,0.20963639020919805,0.28531649570655565,0.38560561123078696,0.5130206978558952,0.19599637497035613,0.3156130122596995,0.19253896460636508,0.32833817239549185,0.1635948125301923,0.19599637497035616,0.19068365734580273,0.41774529860137344,0.24002572562586474,0.17040534644404004,0.515094133625784,0.253595035049832,0.7622464358158105,0.6927204745373718,0.5400609375201535,,0.7448417685024245,1.541032688244083,1.3533338883208041,1.068594436677731,1.6159162167327858,1.386205856401238,1.1010348614655692,1.411364719831482
756,valiant-sweep-569,run_6fe93c8378090f9c741fb1f39e14c128,0.4164007306098939,0.2692389703761122,0.6023123432508093,0.519973245141392,0.09350035572720806,0.3731923627692406,0.23360702002603922,0.5845483021656103,0.33159674482553575,0.09350035572720822,0.33814148661426646,0.30641591763841797,0.4302641366994031,0.26319786312507315,0.6502470218206979,0.39745848695777014,0.7622188911406411,0.6618193440504807,0.492018572783945,,0.6813202958347608,2.0588253620009502,1.9926523497978432,1.89248403338874,2.4464462982431256,2.365572218230494,1.2075787952391834,1.8635135228229343
757,vital-sweep-570,run_92e73e6d9c8d8a2bcfa1f2145fb1d4f3,0.8273771405220034,0.21324483043215403,0.50213334998387,0.42086878971424324,0.18235254260256803,0.4020701251382695,0.15462921850031766,0.45262922377280335,0.16829549254951517,0.18235254260256795,0.3110940653450482,0.5343052607001804,0.26000839349877203,0.35588247187902394,0.34244503024979284,0.22842607820390626,0.8073795439892066,0.6348647832140024,0.41814354001135057,,0.6380753868591065,1.651759123307672,1.6564971800524766,1.4494708379812986,1.9575906108843448,1.7858174045682673,1.3072478133383523,1.6724457951690506
758,vague-sweep-571,run_52ef09e81910322de9062298fc575acf,0.35705178976058966,0.2697055673040982,0.4547105408302375,0.4488053212441008,0.17739522986753398,0.3514293888235382,0.1826927659916063,0.41523836283600274,0.07106387722492657,0.1773952298675339,0.2836366102519371,0.42857367258913337,0.2947282410576883,0.10860602964807538,0.504849483677074,0.2798824942612858,0.7703088389512704,0.690645744212893,0.5345973661581525,,0.6946155111365463,1.6378111542080644,1.5302888841108129,1.3276504438665855,1.845508626941408,1.6813011997798568,1.1074105818470357,1.5134319344023488
759,different-sweep-572,run_7686e3796d0da73fb3424f994993da7a,0.3666239976882935,0.26548361768151496,0.4738066248321939,0.44325368808294,0.16862401328048246,0.37712510163148255,0.20029049421645576,0.4178087894019336,0.1485117609899299,0.16862401328048257,0.30774675500323107,0.3521993874127192,0.21711701491534563,0.19640775149251347,0.4767164449901811,0.2594978989715045,0.7628524429010366,0.6396778152371447,0.4990945925850699,,0.6618407256738617,1.6859911534916903,1.5848919712728518,1.3445496905064147,1.7736687840752259,1.5626363189298524,1.2670698320685783,1.496490679668951
760,smooth-sweep-573,run_8086c0e7b71118f2a301b54aef44cdbb,0.400446653366089,0.26237297149494143,0.3912511837490763,0.4936271413176767,0.18254649862790936,0.3278360737780252,0.18172696052238788,0.31917517405013884,0.1719891494184534,0.1825464986279094,0.21597479305374634,0.4012823431733916,0.2723365919247414,0.161269141951069,0.47386643440864445,0.23672887550585595,0.7740406075336641,0.651384936912939,0.519114546317851,,0.7230599158911932,1.4607898062198814,1.3576752994243806,1.0398715656261366,1.6649293278596766,1.4177589079592996,1.2237782024201924,1.5576715112047823
761,silvery-sweep-574,run_06eded2af9b56196bffe88a0ae49d571,0.956285893917084,0.19816572218417533,0.5623146326995723,0.48413288246441977,0.12871650235457535,0.3995709455956833,0.15664361276468716,0.5244346622542744,0.30026754858608,0.12871650235457546,0.33165967816242486,0.5385196919979706,0.3237964782420451,0.42003384094754664,0.4043259471862803,0.2663235745674543,0.820971967159949,0.6222113311095,0.39244920597554295,,0.6355522826261996,1.843440542147884,1.853545727197641,1.6926355106435098,2.2249730879817133,2.092818303465847,1.3521877781147429,1.8284652763214113
762,grateful-sweep-575,run_a7eb41d4bddd902aeaf3bba35639eda6,0.44894695281982433,0.24394991859639617,0.3835555139292144,0.46358738062502314,0.20748043500355728,0.33343233389537597,0.1720990088578159,0.33841174695347215,0.18874066366913123,0.20748043500355706,0.21858076847822133,0.45568674401267817,0.2711365432782649,0.1730806968255488,0.35558887265884326,0.20264375111722646,0.8018436720699637,0.6917096025690799,0.48492543343736544,,0.7237006312531448,1.4105747207916228,1.3212014021007532,1.1002118940154735,1.6487361014438768,1.477573618817172,1.1202666784741697,1.4925665875232859
763,eager-sweep-576,run_baa453bb700301aed5a7264d82ac1202,-0.3410977125167847,0.49080728794298484,0.982704255252724,1.0,0.0,0.5491187001148251,0.49080728794298484,0.982704255252724,1.0,0.0,0.5491187001148251,1.0,1.0,1.0,1.0,1.0,,,,,,3.5292519897898846,3.301207101473044,3.301207101473044,4.785182162344089,4.785182162344089,,
764,good-sweep-577,run_9619bb990c60de9064b8c6ff014d8ed0,0.36981493234634405,0.2681151240119308,0.4340222492793439,0.4225409683772433,0.21213961445946405,0.3593424179990817,0.17741470181696836,0.39123037057850196,0.02916279588272457,0.21213961445946428,0.2787809055199439,0.4302715468289942,0.2814720785359675,0.14292777405314525,0.471817862685245,0.27674861774356757,0.7715404839972468,0.6884102684563599,0.5191220590691884,,0.6879489271029804,1.5682561073197934,1.4608831980607213,1.2501753771829058,1.7697477167483793,1.600239274694382,1.1199638175228905,1.5007152345200028
765,tough-sweep-578,run_a000fef669aa1a0420c111bb713c3926,-0.04562854766845704,0.304838309112939,0.37362763156525447,0.4177734012114004,0.26640918792560225,0.34733216871254835,0.18817904277389355,0.3158502700508883,-0.02730853554308617,0.26640918792560253,0.24102739197440642,0.3051857800165015,0.3116415205442464,0.15229831114516493,0.403305709113076,0.23739578134817027,0.7502428387530322,0.7040102008866701,0.5212284557509154,,0.7083946509980827,1.6321304314145986,1.2897430287282785,1.0167453167657068,1.6586062188857373,1.4564712658814272,1.0806018892118832,1.5017449690748226
766,firm-sweep-579,run_f1b44f29ad0978fa17e904608d75ecd0,0.3340777754783631,0.27465751534627264,0.5120248092993248,0.4443759057634424,0.16797946945827832,0.35529586746709013,0.20901284646703353,0.48805844338297294,0.182423544275575,0.1679794694582782,0.308489648984543,0.3740523863285728,0.3500720112898432,0.18109972437718821,0.5606249764093051,0.35574977378091505,0.7618553437649813,0.6943035860162607,0.5212265835362134,,0.7006868037100474,1.8062714104239774,1.701352623573187,1.5681119733834126,2.0719114794102866,1.9639734188224582,1.1047351885546504,1.6182262714477333
767,dazzling-sweep-580,run_75cf82bde4756906ebf553765e176708,0.25494575500488287,0.3034134324726376,0.5359703620451023,0.6089740254914349,0.12251499136091067,0.3838914392576985,0.23180334695495353,0.5083616912782407,0.30029727620675545,0.1225149913609107,0.3273301575200283,0.4555645087832601,0.3969275257139994,0.3151899030531345,0.6757858116050812,0.4569301425858899,0.7450009562443214,0.6713047316092485,0.5209039883144588,,0.6851524330255818,1.9489990973871865,1.8263491902250377,1.6517346449564614,2.2842831847167298,2.1472367453761128,1.1725882889377601,1.804816222970621
768,worldly-sweep-581,run_98572988aa37e7beda33740976e902ee,0.22239953279495245,0.28878837822447323,0.4897391069068508,0.4199026420422874,0.23183504421181014,0.3876066886962406,0.20707872694296242,0.4411923865422037,0.09541823046337944,0.23183504421181014,0.2926144801184264,0.34623508772695644,0.24141162954629655,0.18398344134767855,0.331894155538202,0.20956609162677356,0.7412220816316298,0.6475273589729045,0.4886896164244734,,0.6540621051332943,1.7830941208278377,1.630386728518977,1.4136808187441512,1.8424671709412421,1.6537889371835042,1.2533052086835739,1.5189793736515278
769,fresh-sweep-582,run_e0a71a9492dcead67bb7fbbd1cd2693d,0.11199742555618289,0.2878627101254042,0.4015276867201566,0.4269815317156551,0.23085764135921674,0.3543261296782638,0.18775509180169142,0.3518570551444954,-0.018739548883356216,0.23085764135921674,0.2589597457478481,0.3034790581221152,0.29314126433740245,0.11149528035841601,0.38234632912370276,0.24258463422932622,0.7551402395127993,0.7012007786895517,0.5179280375420681,,0.697511970712136,1.6072046019948725,1.3701908627397104,1.1285552789914095,1.6856072333641632,1.4958227711107939,1.0886502771097768,1.4659495798578444
770,rose-sweep-583,run_3d9d241b9314390af6dfaa5fdbeb55eb,0.23516267538070684,0.28995236195880403,0.5382181844671308,0.6078220801902569,0.11116644645458551,0.32860001512292053,0.23486382142884027,0.5103909754092392,0.38286574263312434,0.11116644645458568,0.26006512210199256,0.4050567446165096,0.34269628313446415,0.3624316529919442,0.6779960858443227,0.32164056543635744,0.7584315326888978,0.6623172565586339,0.5361419118251634,,0.7311969557780662,1.9624504975179764,1.8303847120983185,1.6753318087143565,2.1954824728234135,2.067987370242305,1.1890399499365545,1.6981316488236975
771,royal-sweep-584,run_b6e32c2137d6727df76e7fa5607c3183,0.5516910552978517,0.24144635013333127,0.4950672785738818,0.5120173906580952,0.13247281227767052,0.3297693130998011,0.19520308255002733,0.46025725078829904,0.3205492177919812,0.13247281227767052,0.25204061985265297,0.41538495696927474,0.25189608633784427,0.25296874501165273,0.5577807738477386,0.24641853377035985,0.7885398943265018,0.6557452817883727,0.5024941460889529,,0.7143896973342967,1.707061457997858,1.6647445003586965,1.503071326815902,1.9085147322006426,1.7692590666853965,1.215458991935506,1.5324473213227396
772,lyric-sweep-585,run_23563a17d45ab84429fd347e2e96b8eb,0.29578804969787603,0.2771962040082181,0.434209567814513,0.45778677864070433,0.20032269539587358,0.3494532752426099,0.16968825806322127,0.393800797144433,0.030638029058749003,0.20032269539587352,0.27033701506289654,0.4550540719678833,0.3945078191244522,0.07940810267215781,0.5128686499356793,0.33688266564059877,0.7742572941323997,0.7052991371532903,0.5303208575015819,,0.707479132974808,1.6096156974455784,1.4736980552445131,1.2571887177607997,1.9853286898444094,1.8303736014139032,1.0677285477950036,1.7058101595618094
773,polar-sweep-586,run_43d8c63d829e4bdb89f18bcd0eec92d5,0.4023611545562745,0.27575125868284206,0.567595974732811,0.5117461261194308,0.1139987126062947,0.36787517510237205,0.22740579633796662,0.548708022436598,0.27925383672104354,0.11399871260629472,0.3210268618926567,0.3645816851722207,0.4246986521429273,0.2296004001319584,0.6656654543352055,0.4444453183365347,0.759474065562971,0.6776268010630431,0.5210571285301075,,0.698584145191026,1.9597724848845213,1.8866835345633124,1.7721458857538646,2.3556104006851974,2.2649120602394945,1.1517307815618631,1.8209364056498687
774,fresh-sweep-587,run_1ade330e7ad693e7ea15e1953dde9895,1.137523949146271,0.16646472552310282,0.5199390174102171,0.4532458845825127,0.09639360368601146,0.3823276980966168,0.12454625957339009,0.48023789453966487,0.2771617554160007,0.09639360368601135,0.31727263585488535,0.5998720815404903,0.2650650914876067,0.46685885770839314,0.4582700593780113,0.24626495979924443,0.8524725963167429,0.6320603224577376,0.3559884790801683,,0.64380750937262,1.7110553722000905,1.7136242747432957,1.5487461906193358,2.05351086909111,1.9180754670877118,1.338025125703564,1.7523441361501677
775,quiet-sweep-588,run_04e67362bd4eb61100c80bc12d7e2c70,0.49298018217086803,0.24757984200927668,0.3642460949288711,0.4266768236037307,0.22086678863028086,0.33741886046455427,0.17298453958673557,0.298882332740158,0.11040466723644572,0.22086678863028067,0.21724620972060818,0.4639009103825253,0.16835360402412372,0.17797252285328144,0.3899851991131887,0.2143045191077919,0.786958250951928,0.6638975184418423,0.5182472918089832,,0.7189422581297737,1.3288620636399313,1.2530367379607148,0.9671707862242378,1.4492786826910968,1.2106721121547412,1.1862214126301878,1.3919155409743689
776,neat-sweep-589,run_079b9da8513ec2260f8da319009a59cf,0.41448622941970836,0.261181393318633,0.5983370276711103,0.4597190739846159,0.1089533150387912,0.37289847921105135,0.23134427578387023,0.5784396366020419,0.3058712050834233,0.10895331503879119,0.3442584740973216,0.36031058553275547,0.37110411386650916,0.2800361821451755,0.57977210193953,0.36588000095649537,0.7607196376382241,0.648994907750512,0.48895756237421556,,0.6677481166770506,2.03328305686823,1.9645939361669946,1.8689573296253106,2.3334643662734598,2.2535368012535417,1.2451767797052762,1.7708449472952381
777,splendid-sweep-590,run_2e6c52a896aea1685247a32d3e366803,0.06349712610244752,0.3162548823347908,0.38058963712237104,0.4981568875181151,0.24558728868109905,0.36086952115688786,0.183239637659891,0.33353105845378966,-0.0302069785589538,0.2455872886810989,0.24113808551621788,0.4433734289227506,0.5133900073952403,0.2732867222169013,0.459775849628089,0.4064600116831209,0.74336631781048,0.7203624561769568,0.5215787858667391,,0.7032529027390928,1.6042701257112193,1.3403962675387115,1.070942993765981,2.1687832489622685,2.0134243275683508,1.0376508392136243,1.9959153015767885
778,rich-sweep-591,run_72f7252740d4a4697b59663f53032263,0.42724967002868663,0.26147489783785,0.46691746537208745,0.5041358552264872,0.16228952806857067,0.3593502133189276,0.18007129400372754,0.4234907849687283,0.11723087213407159,0.1622895280685707,0.28046781273459054,0.39662196819624446,0.31232437449855394,0.13710862092817844,0.5667249241831169,0.2910824892403941,0.7740683919908776,0.6677825716476605,0.5107794871273701,,0.6942700699915988,1.6620213884610915,1.5819738548469124,1.3563234119633076,1.9115999021937147,1.7295045841187031,1.1807057206278644,1.5955058468621117
779,good-sweep-592,run_e14a98098634d7875dcbe3707647f1b6,0.46873003244400036,0.25408962173037214,0.5182427440084086,0.4550072461075396,0.14642409458955855,0.3673903062079589,0.20502168672280882,0.489947238612594,0.20835717736241666,0.1464240945895584,0.3206745134356235,0.3568826834870835,0.2974417544781536,0.22056316444784985,0.5648265125875039,0.3425559422513551,0.771312696096226,0.6717183803078035,0.49554070240198844,,0.6804272614875628,1.781862730294051,1.719694317910919,1.5766830916915928,2.004514374957115,1.8832575246048462,1.1766330286785152,1.5637118073774938
780,effortless-sweep-593,run_951a245dc0b7ecfb8b1fb3eedc6e5803,0.13433307409286502,0.2880558712192479,0.5858907516676554,0.5004459143101334,0.11361927025104178,0.3100908076808846,0.26711419834383165,0.5700415222752959,0.44974545724796555,0.11361927025104168,0.27821262670318,0.3949138980193987,0.5077765075612258,0.3520177931019804,0.6197375128956158,0.4256058395802291,0.756041561148409,0.6786995937505452,0.5447308339252324,,0.7357412602596712,2.1053515308983717,1.9406447451789024,1.8769907678119828,2.5737803629701017,2.5261309689466693,1.1397917546753735,2.038962621983539
781,royal-sweep-594,run_9fe0012603711832a0c1a50d199710e0,0.5338224768638612,0.2487914888706598,0.47204270862601866,0.48340827171045286,0.1640808686519633,0.3552116780127548,0.18400977344963115,0.42926123651046383,0.14404518598342678,0.1640808686519631,0.2883527787586889,0.4220095469734135,0.28816574771763065,0.15570624354840423,0.5790698257723412,0.29372443748095894,0.7804274664611541,0.6697581655371021,0.5093516641068214,,0.6970662508070588,1.636840929322491,1.5886547610360315,1.3774108697243928,1.8858831945154297,1.7117219919216382,1.1745401565266356,1.5531503639013469
782,frosty-sweep-595,run_473475771fecd9cdc3cb6e31d755449c,0.39917051792144786,0.26822550177984145,0.5302155203812975,0.4756605105718851,0.13221956838432092,0.35461065885263804,0.20033815734350818,0.5074771315288313,0.2010218869607225,0.13221956838432095,0.3025878123292337,0.389310327917656,0.33456168045808016,0.17060668944013457,0.6132567762138473,0.3754297449882184,0.769882849768618,0.6947188931100386,0.5283006536830106,,0.7020015726198354,1.8435113149596856,1.7633725702909908,1.6296857263203695,2.0998731332795026,1.9889343681446028,1.0988265187854211,1.5834784724146105
783,trim-sweep-596,run_2bfb4081d05d7605446fcef01522bc3a,0.40555208921432506,0.25801054107683546,0.3868127751240985,0.4077700568540743,0.226710031507267,0.3501743423283529,0.17725415233637137,0.3244461094980907,0.021147486158076656,0.22671003150726712,0.2698872251077898,0.41517140495025123,0.22036304266456952,0.16259872936819586,0.4265559718132746,0.23566700687657635,0.7756737912709245,0.6827423508108199,0.5171888618002513,,0.6955995908032053,1.4198189912437054,1.3149475611466794,1.0414024344007278,1.5535415786421638,1.3300087888356784,1.1357609796004378,1.4051182693237365
784,clear-sweep-597,run_cac09564a789e10ef826a39b22e8cd14,0.9996810555458071,0.18645815302874086,0.4337100517207288,0.4680873992047861,0.1735169563302504,0.35471199801063436,0.12536907566145128,0.3682005973379955,0.2262755007246107,0.17351695633025044,0.2358068662736268,0.6106105123524044,0.22054399123338944,0.34915770094392834,0.3687087006250283,0.19623791167817065,0.8400903934399272,0.635513079937986,0.41320839092714634,,0.6969072757584033,1.449189430218092,1.4611353618885428,1.1927425565313525,1.7652391805011614,1.5504153071923006,1.3032277712324258,1.6369347703334685
785,fluent-sweep-598,run_b451529feae3a98ba0a4702bf7cdf138,0.8797064423561098,0.20869174750583874,0.5836585391235576,0.47266173683623797,0.1280346918724803,0.3872091273841012,0.17552824541994969,0.5577253285879308,0.33225075248039815,0.12803469187248034,0.3351176820460533,0.5009279281640889,0.365779182888281,0.42921708222924576,0.453015545374542,0.3526669804703415,0.8099943093591268,0.6478148031142773,0.39560211992622224,,0.6579869696251947,1.9090449340961377,1.9166466199757701,1.8032681855312456,2.3338025762906516,2.241623596455366,1.2813052286508255,1.847929459747932
786,atomic-sweep-599,run_c6075f5b41a4e7c8fe3495291b12ca7f,0.19751131534576422,0.285830755761594,0.44562038858189473,0.3857381739808999,0.2364942236677169,0.35845141294069877,0.19957554731067054,0.40835440666853995,0.01278287689049114,0.23649422366771702,0.29370036817295636,0.38280684959268224,0.2986136397829506,0.22339580074279816,0.4002174600655543,0.28727643537329633,0.7535645277593241,0.6974527065705067,0.5253549875338386,,0.6843782196469543,1.6669005174463751,1.4887136954445443,1.306723771683252,1.8178053508373662,1.6720271654524372,1.0960688744110045,1.5131142732726481
787,vague-sweep-600,run_329383199919ac27e50a9e435023a8e0,0.6786853075027467,0.227250264028638,0.49099830372659836,0.4258258704618928,0.1537080326591456,0.3448236347861471,0.1628749394803716,0.4555326610679238,0.10880309167255028,0.1537080326591456,0.28037193030048635,0.49349431418883355,0.3481106128648605,0.16665006544711555,0.5621981016662908,0.30805917587977366,0.8032597512841533,0.6792648206309951,0.5149258725216508,,0.7036840253698449,1.6417564210909008,1.6259654661399436,1.4537766030805694,2.0314730043545763,1.8964665254114565,1.1413650544248901,1.669081501246735
788,drawn-sweep-601,run_b8b05d6b062148afeca9204894d2cc90,-0.3455647826194764,0.40854323923628616,0.638110996638673,0.8079298428152055,0.1598629603279466,0.4566560728269962,0.317195601947666,0.6115950173269645,0.48700531381219586,0.15986296032794667,0.36112754624378623,0.47819540258920884,0.5859385588718548,0.571879449605721,0.713462281976515,0.4853056296903319,0.6477761412131885,0.6335848109149207,0.5196239453372192,,0.6184975931291029,2.556394268388428,2.2116768863351366,2.019473168370394,2.9800120042067184,2.8402867414109823,1.3028521437655904,2.384613302861001
789,royal-sweep-602,run_64a95d7dd52c1534027a386b8687e466,0.2721762657165528,0.28251440555300517,0.5507945427866755,0.5271859091077996,0.14959514855845785,0.3946832800523222,0.20028296845955296,0.5214375656915696,0.21935639701237425,0.14959514855845807,0.33996013473430825,0.4312111846635827,0.343824474499631,0.20432099947855145,0.5826285668064831,0.4064602348010755,0.7648052732768554,0.6592636586181819,0.5165854647253475,,0.6647285483240364,1.9599486357004228,1.8415986684787253,1.6754706340335304,2.1911933974432682,2.0535444223987653,1.204167229157085,1.6911125228772361
790,fearless-sweep-603,run_f99b28e7acb2b5b6be45e9ee8809076a,-0.3410977125167847,0.49080728794298484,0.982704255252724,1.0,0.0,0.5491187001148251,0.49080728794298484,0.982704255252724,1.0,0.0,0.5491187001148251,1.0,1.0,1.0,1.0,1.0,,,,,,3.5292519897898846,3.301207101473044,3.301207101473044,4.785182162344089,4.785182162344089,,
791,whole-sweep-604,run_f6a6d06502a1453b7af62169093b9f65,-0.17900452017784121,0.31854271243330295,0.36859084428626443,0.500393890973951,0.23418877257173834,0.36991131264611354,0.181027065130409,0.31743207101453813,-0.03280814536806533,0.23418877257173842,0.24134777962007173,0.3699932660405709,0.35396851042447713,0.05677936340708101,0.44637120420309956,0.30740685395133543,0.7503804503734474,0.7064488322963987,0.523031164685738,,0.6974083307298813,1.7317730248622203,1.3078438785592983,1.0205284757408828,1.7616786277384824,1.560299441307188,1.0730946230497502,1.5951764939227882
792,dutiful-sweep-605,run_8f0425f88ce4aa5d7b97e1aa2374d9a7,0.30791312456130987,0.2734508856561582,0.46134473895080824,0.43992047861469274,0.19351136633126673,0.34776324990002505,0.1779189275294696,0.430936696741698,0.08288432239604603,0.19351136633126664,0.2813003528941294,0.411031367375798,0.36067656373356377,0.13498196213644928,0.513228162787617,0.3590558454522868,0.7733564787428409,0.7056902332300573,0.5235534772768269,,0.7103404306495213,1.673590138664471,1.5481263178263625,1.37680402441987,1.9709738322164885,1.8394651594945444,1.06983688612079,1.6225269533170066
793,gentle-sweep-606,run_1f81871bfd59e039984d1daecb894c27,-0.048819333314895644,0.3124192548998948,0.4409478317879555,0.4890750994017315,0.19917589863468513,0.3693859080885018,0.21804626333626853,0.39457608774832714,0.10367136115343191,0.19917589863468513,0.2799969754158998,0.3328571660007726,0.27144218719832275,0.11509242409730873,0.5401539145443922,0.31273026818442146,0.7379434343631183,0.6798974947917035,0.5330369614264913,,0.6896259137286691,1.812061353921248,1.5103476908553242,1.2709031490660767,1.7725684517740814,1.5735449098321992,1.1451568719583691,1.4738497312637509
794,devout-sweep-607,run_9f976b7afa50d33fab0441f91439d624,0.37236750125885015,0.2405457678906056,0.4895830081275431,0.46645238006763035,0.15774045465325073,0.32209404117955664,0.19432256899237652,0.4536178493750848,0.33125859314035133,0.15774045465325065,0.25517433843069304,0.42834066004607535,0.3604137924866239,0.28345539486426374,0.43647264942849695,0.29593496301745664,0.8059190781871928,0.6501386974724466,0.4554693960330308,,0.7193147483198563,1.7344784792031742,1.6347340174453389,1.4849865484461107,2.0579501956717157,1.941130791352857,1.2482829378514728,1.766639180195939
795,rosy-sweep-608,run_f0cce13df4c13f39bb3a90c9cc0a800e,0.40555208921432506,0.27282123066194053,0.40566950766445015,0.5088291033406411,0.19900650472609008,0.34954058282488365,0.16734523908075383,0.3525022634322999,0.016881572591133764,0.19900650472609005,0.2575838717950516,0.45648855176101505,0.4367765024523214,0.09274845959837814,0.5326577518799985,0.36582060877419725,0.7711609266371823,0.6972246778995026,0.5248594660141396,,0.7083950722869059,1.5026486181177119,1.4067750263611842,1.1273277579236172,2.02576829385423,1.8427124244918571,1.0930941429101708,1.8219703649774575
796,stellar-sweep-609,run_7e91a6d6afad069a6294268b82df94f4,0.24473518133163458,0.28394429936457527,0.4332365520901627,0.4537698338969194,0.2113663312667277,0.352707821278261,0.192325734827447,0.3954190211565881,0.05080450373453243,0.21136633126672788,0.27762641865077053,0.3848103180395122,0.38873216009969563,0.08244037927401589,0.476996298344472,0.3126661922051643,0.758181176650681,0.7070999596244042,0.5276565858303044,,0.6980767297887849,1.6288864629380158,1.470874069377185,1.266148612446806,1.956903893380681,1.8080748404762566,1.0674684916922794,1.6749600892911025
797,drawn-sweep-610,run_8a79f68b589a91ef0f9bc4062fb911f0,0.18410980701446536,0.2831942322599095,0.6044925228684711,0.48198506187061047,0.11618812887488568,0.3755870850258922,0.2382754978915335,0.5870094595860261,0.3367730667756677,0.11618812887488562,0.33344246781117554,0.3260933394619399,0.3941788346551041,0.25139141631814743,0.4469654377806919,0.34356761532126656,0.7534919712818249,0.6664033178108264,0.486167729601296,,0.6694323502001338,2.1335647421428954,1.991637686701722,1.90157628504242,2.3853563092819132,2.310691761134785,1.1990234668270061,1.7779092555983547
798,helpful-sweep-611,run_3b9dc4c9bcac725294193db0884af1fc,0.4553285241127015,0.255682573608174,0.5348880771752366,0.48152799970272386,0.0810126367855812,0.38370746970933595,0.19955547862559597,0.49955772012529537,0.22143361450707913,0.08101263678558122,0.3288268589304354,0.3417836146436975,0.2981467964452431,0.21786567910693946,0.5860058510184921,0.3032911485136318,0.770576762208164,0.6423678445918244,0.4847013538201517,,0.6582807247446858,1.8410835891358035,1.777159346819194,1.607617613753653,2.0521919889874036,1.9072574571169572,1.263794011147643,1.6279962893968463
799,fancy-sweep-612,run_fc1bfac653531e205560595699f15881,0.26387989521026617,0.2876193773188738,0.5311417064718557,0.45525621493069746,0.17305281702069994,0.3804989160607755,0.2164357513590264,0.5025131903468515,0.17150607558247574,0.17305281702069988,0.32268258782792003,0.3591356274367274,0.3664079434514635,0.16256467558450124,0.5616382464725027,0.3713941044662487,0.7490349643220761,0.6761143068442537,0.5130357635254491,,0.6753842161262036,1.8895095007559564,1.763830561868308,1.6129023011806256,2.146870218216799,2.0246993149698382,1.1615235852309873,1.6873323685431454
800,tough-sweep-613,run_e22688275c59b45dc90a589d1368d574,0.47000646591186535,0.2628621456936364,0.5533337495967449,0.4661030805246924,0.12380238506623303,0.3640079169268356,0.21340788849838577,0.5317296785405805,0.22768756270669968,0.12380238506623299,0.32519657847821326,0.3624459024743856,0.3456882133164716,0.1811622982047271,0.636200622050881,0.39007318514677874,0.7662677796645586,0.6812236698222718,0.5229145647225072,,0.6926793651247518,1.8867770436057807,1.8297898714719134,1.7101897741167054,2.169636188975432,2.0697679295669795,1.1394844229706038,1.6302193008804933
801,sage-sweep-614,run_2982bcdda5beaeb37325005d35ff08a1,0.3889599442481996,0.2576794077731034,0.42330866972620285,0.4347924640481586,0.19653674153877432,0.3588965257038979,0.1845441021897443,0.37079704036714445,0.07641856489911214,0.19653674153877432,0.2874913959157201,0.371198513968748,0.2503177718393166,0.13405527354765936,0.4644701377325238,0.2475366646343337,0.7738578723741036,0.6697387675105261,0.5069697474465474,,0.6835863093883103,1.5343782894644682,1.4308548013816922,1.1894539815245464,1.6821695766959963,1.4822785825509124,1.176836398432149,1.4721728603663695
802,divine-sweep-615,run_4ac44ee2aa31da0e0d0a7ebe555d1add,0.2811104059219361,0.2779487796985182,0.4372951203521589,0.4191817472409052,0.21107666768303013,0.3473009874331649,0.18684698380206247,0.3887171802316506,0.031585596967782514,0.21107666768303024,0.2697157280711807,0.40114264569026997,0.3739188199924133,0.13616639530057784,0.4932988104115485,0.2937271422115895,0.7645375644026677,0.6845206529698925,0.5196278658903981,,0.702314693427271,1.6139348836095442,1.4714751388297136,1.243752349691929,1.9346443169326126,1.7676338580740993,1.1320212585600462,1.6908819233398888
803,snowy-sweep-616,run_73533f2976f76ac5d91d7d3e8ce4bbe8,0.5325463414192201,0.24569589419789226,0.4744466298273549,0.47784920664412317,0.13867940508859306,0.320579410533504,0.20180066276832473,0.4427585776279231,0.2930102931886585,0.13867940508859286,0.2577085969125856,0.40677656461728934,0.2718697607189973,0.2325745724653875,0.5251394798853065,0.3258586398652992,0.7838134096086214,0.674531976847709,0.5090189984709754,,0.7207971084190194,1.6425129627361623,1.593644371326762,1.4446210991257378,1.87039892950002,1.7451704481948473,1.1606434968042925,1.5184805233810033
804,dandy-sweep-617,run_4f8468e0896812576c2660fbc06b0ff8,0.5031907558441163,0.25258697893540644,0.562694473062554,0.47494333172308706,0.12354067147745368,0.3597454360351133,0.21758217499391672,0.538592821537469,0.2779829809371633,0.12354067147745373,0.32435312487088996,0.35309972574370435,0.37106965538390035,0.2494384318232609,0.6482396178412365,0.37245614904501495,0.7725513553093051,0.6619602124520603,0.4949458896185413,,0.6907375522955115,1.9075222917644816,1.8589303511501973,1.739378858869658,2.240412437361788,2.142256906568562,1.203960763496636,1.7358995820891816
805,solar-sweep-618,run_5c453947f9cd7d3f6c37ab677bb2ac78,0.5204212665557862,0.25207773605163675,0.517535096208881,0.5664969714986436,0.10229867533963478,0.33113505313679775,0.20237763746422155,0.48757453716711946,0.3807142060867304,0.10229867533963473,0.2583579470557468,0.41614126063326173,0.2905957273840558,0.3253355893965031,0.6304557803187921,0.2782634910961181,0.7854864158136601,0.65557817684615,0.5087578485624097,,0.717182626983617,1.7970365434148659,1.7501107855817046,1.600996348465279,2.0460604399864404,1.9200689753410558,1.2139187995066725,1.611544108631165
806,hopeful-sweep-619,run_89b1b33e6af9b05ef72b005f0ae6e3f6,1.0756221413612368,0.17573394944196513,0.508809174445589,0.48717253167849583,0.09360283904190804,0.3732282212405316,0.13954007590980136,0.461459211388967,0.3248522908847683,0.09360283904190818,0.2910374869136069,0.5854845587451109,0.2644297816862649,0.4309353084527876,0.4326362816440376,0.2042479872392935,0.8469980460252144,0.6211205100261267,0.3822443415692807,,0.6588975228326335,1.6828320010880804,1.6902920625171631,1.5014814289345269,2.0210927142600954,1.8660586765860236,1.3566607279168577,1.7516440373827702
807,sleek-sweep-620,run_610f94b661c25ec98434c1b8c453a70d,0.1292279362678528,0.30843562091257326,0.6422424109976795,0.4768644792092453,0.12612901040078603,0.3880681716311162,0.2717550817673488,0.6246240621065011,0.3235740031957193,0.12612901040078614,0.34850536434935175,0.3322419167356871,0.43280008198780767,0.240961806553225,0.5799947055151687,0.37734799634819405,0.7167307857514273,0.6481549738800962,0.4980658747648443,,0.6561539107256955,2.2606186903918517,2.1088587929542255,2.019926520850386,2.5473303283556454,2.4742088720992963,1.25304769975837,1.9004565059505756
808,worldly-sweep-621,run_cca431773473a41c126ed0118696242d,-0.3410977125167847,0.49080728794298484,0.982704255252724,1.0,0.0,0.5491187001148251,0.49080728794298484,0.982704255252724,1.0,0.0,0.5491187001148251,1.0,1.0,1.0,1.0,1.0,,,,,,3.5292519897898846,3.301207101473044,3.301207101473044,4.785182162344089,4.785182162344089,,
809,swift-sweep-622,run_38ad75a7e0775ccd2859b7ade31815a3,0.1381620764732361,0.29210974560433084,0.47411882239080894,0.5041953104678383,0.14995765152285126,0.33824672343218587,0.22645002521128574,0.4334915134296983,0.2675634498903793,0.1499576515228516,0.25125563114417365,0.35866030162030116,0.2527087357859392,0.21765986655173516,0.5035346378845547,0.23737472035522056,0.7483905923227794,0.6594154385109134,0.528850565334541,,0.7068483035939717,1.8013506307710219,1.6085482871295038,1.4149271132433419,1.8444667719745516,1.678287465448663,1.2021927961289725,1.5032955797032592
810,earthy-sweep-623,run_5a1d6fd373216314bca6012e76fb5024,0.24409711360931402,0.284852407364204,0.45287898181969555,0.5137824681357065,0.1443871328387031,0.3184910443467951,0.22532868743273868,0.41470762698635705,0.28213741592657293,0.14438713283870322,0.23822731308576975,0.3812740754700498,0.25352979268456366,0.2337492151667039,0.5401971784150664,0.2832653973416767,0.7573100753648888,0.6862899346619061,0.5416583386194587,,0.7299342124220909,1.6989276970953855,1.5479363812137894,1.360220091622102,1.7996914219633906,1.6410304298384624,1.1194264285877755,1.4477215557641432
811,prime-sweep-624,run_590c0a2b01db4315d77ea280ea3437cb,-0.3410977125167847,0.49080728794298484,0.982704255252724,1.0,0.0,0.5491187001148251,0.49080728794298484,0.982704255252724,1.0,0.0,0.5491187001148251,1.0,1.0,1.0,1.0,1.0,,,,,,3.5292519897898846,3.301207101473044,3.301207101473044,4.785182162344089,4.785182162344089,,
812,crimson-sweep-625,run_ebe20ba57af795527bc1ad2315d24a8f,0.5740267038345338,0.24084428958109133,0.5134713246542413,0.5020586377317826,0.13494426940407225,0.3293460272321704,0.19704940157689674,0.47883820881854045,0.3202296458697186,0.13494426940407223,0.26753381804632137,0.42230932441224284,0.2640807161217522,0.24542604475944194,0.5697562047901346,0.3058771989596271,0.7862110600521477,0.6489933744348713,0.508152367003629,,0.7085830709827189,1.7521541419603979,1.7165654254839011,1.5602037671410551,1.970421836859379,1.8358107610008998,1.232751522746715,1.5670487139970817
813,crimson-sweep-626,run_0a372b475711fef6029eb1a70d88cd64,0.6276324391365052,0.23305763977212007,0.4442050929828396,0.38495039203299763,0.1825041501507606,0.33445975705106173,0.16694135679362604,0.40098654428522384,0.06815800230389069,0.18250415015076085,0.27365782131723754,0.48621984520797873,0.2819278153983218,0.2365690812927667,0.4758473190634884,0.29813283842741045,0.7957886497291311,0.6894575804631429,0.519761825968222,,0.7053617255419511,1.5033383022555897,1.4750201063380262,1.2807876548687576,1.8063476722801508,1.6515521838303169,1.1120687580787807,1.524435804402848
814,worthy-sweep-627,run_9de3a70c1cfbf88a6aa0194309270610,0.36598592996597296,0.2520601759521964,0.42780951786290367,0.44729292854223174,0.20330572212623235,0.34234550260714475,0.18117758026846872,0.3805636206591531,0.19254208316301882,0.2033057221262323,0.24849608791873531,0.4223309999627786,0.24137224548660977,0.2069224957166725,0.35105777706142655,0.2122180910858554,0.7916730725744702,0.662632523450607,0.48974715842097083,,0.7037067371277803,1.5595687354733356,1.4470021188532654,1.2321462831469039,1.7022341594626453,1.5238013206282468,1.2008023206852527,1.4985700567670326
815,sweet-sweep-628,run_ed7ef707373c6ce5c7247b2d6ff162fa,-0.3410977125167847,0.49080728794298484,0.982704255252724,1.0,0.0,0.5491187001148251,0.49080728794298484,0.982704255252724,1.0,0.0,0.5491187001148251,1.0,1.0,1.0,1.0,1.0,,,,,,3.5292519897898846,3.301207101473044,3.301207101473044,4.785182162344089,4.785182162344089,,
816,proud-sweep-629,run_c0c9b46fed9eb25bccc9e395710e5f24,0.4540523886680604,0.2572679997290727,0.452598004016942,0.4979748058414774,0.14855761086831318,0.33299423692003793,0.1933743236225985,0.40935864214875156,0.23214298985544965,0.14855761086831315,0.24671095967403087,0.40461640360041606,0.25884456617656365,0.19558726814162122,0.5147429434616018,0.23719313092461394,0.7779511415482316,0.6583220388082192,0.5102301721677774,,0.7137020560886479,1.6107412063932263,1.5370801096034823,1.3292964213425917,1.798496363980652,1.6245008106206635,1.2069044997166343,1.5259726011135426
817,woven-sweep-630,run_d6e5c96b9a2bb12d9d7f19419e5f0bfc,0.510210692882538,0.24661152795442398,0.4104773500671225,0.44586971870238923,0.184302266490497,0.31971335049862765,0.19076539456289163,0.3682474269717878,0.2028761473003603,0.18430226649049694,0.2328391880083036,0.44432353602126956,0.219585551982962,0.20511253711330335,0.4666345021027582,0.27741359486515477,0.7840713182626488,0.6812102936773012,0.5199308962722016,,0.727184049041948,1.4572611024122004,1.3944653459147107,1.197335308766761,1.6328521993423517,1.4680887389935655,1.137260000406225,1.419518584754736
818,curious-sweep-631,run_d822a1f1d20dd1b5c9d0d6100118ffc7,0.3276962041854859,0.2812776728352787,0.5393733154340067,0.46587269146445687,0.1365636751702409,0.3711523275655762,0.21864330671723986,0.5193510453414921,0.22693694028464173,0.13656367517024084,0.32512252293967725,0.39529555700314933,0.3751539118147272,0.1897023486468942,0.6287973229799763,0.39682488871317884,0.7580292111728084,0.6920693859990836,0.5165281543332875,,0.6917391553567127,1.891630379472075,1.7903603625836595,1.6722919462256016,2.19204022816147,2.096714212137293,1.1137807318264419,1.6852767287764177
819,fine-sweep-632,run_89b4061a6b0fadcf066eaff1449762a9,0.45213788747787487,0.24852808737905477,0.4641337038077696,0.41404258481661765,0.17053562353897755,0.3483065836932822,0.19221033988826752,0.42929245626632534,0.13791758017167727,0.17053562353897767,0.2866533990322891,0.35384819057404576,0.2659720329130458,0.21463567772350456,0.4861326148393978,0.277400332857272,0.7795272054417367,0.6940573574141173,0.5054711333458421,,0.6970146865510007,1.6204274456087244,1.5451208439345774,1.3780007996195514,1.8072317674843033,1.6666056650556125,1.1086821269502396,1.4518485794538782
820,wandering-sweep-633,run_2773e2c9de3bf6f62177bddf05e21bb9,1.193043887615204,0.16194425421003383,0.5379788330055261,0.47113448032403105,0.09693566419351561,0.4131566290230672,0.12244406481181862,0.4860395658372616,0.3027646687228272,0.09693566419351533,0.33705871668767523,0.6050066247010261,0.23987874015115432,0.4883174238312635,0.4428623889054495,0.20139872779688073,0.8565431046221509,0.5932959067374265,0.34610226877243233,,0.6102585006586432,1.7757944387556976,1.7726832451517434,1.5713063320776195,2.0790168132451687,1.9102116666332039,1.4499118312853827,1.8116703178602096
821,celestial-sweep-634,run_f51bc534fd03efcf49d5607c4314d70a,0.5663689970970155,0.24239459550310938,0.49273100017691185,0.49434060421389014,0.12016295694006845,0.33417210974874906,0.18697492166941354,0.4498870885496343,0.26283675820296526,0.12016295694006827,0.2534749587042931,0.4362217031709701,0.24160100443758914,0.2258787472464324,0.5633380749593853,0.22823107152771818,0.7861442919462431,0.6454928736918442,0.4956250340820948,,0.7081581509089714,1.691226438123116,1.6525635111114698,1.4587757563219208,1.8857325352458096,1.7184434071159025,1.247750534419653,1.543341320762212
822,dark-sweep-635,run_090b361b7b8675fd9e521fb72a765049,0.030950903892517097,0.30708600184130186,0.4302030324789527,0.5038794544981605,0.2139749974590914,0.378360659827053,0.1964724268810001,0.3778579084844889,0.0348890788153542,0.2139749974590913,0.27387375167696815,0.35624309260011194,0.2878402767996382,0.09094531175174787,0.5240224864207458,0.2942454703195377,0.7455715626811863,0.6814259612759344,0.5267061242658181,,0.681335985668353,1.7446194848370122,1.482883275491739,1.211439083234406,1.7783821999134342,1.5592578659810108,1.1417684108494164,1.5057674270117014
823,robust-sweep-636,run_e529dc84e252a9bf487c2eec6b8f4a04,0.36343336105346685,0.2612767195727377,0.42415680642710724,0.4649845787967746,0.17530914388318597,0.3395306126108008,0.1981055161289515,0.3744965814367332,0.22241462598937242,0.17530914388318594,0.25162279070891425,0.4001284247310248,0.2104797623957694,0.19140099394481158,0.44311419702562055,0.26016256540716487,0.7735677365408311,0.660298204923616,0.5229253367276633,,0.7030358948133247,1.5558013075977681,1.4434563197734562,1.2211432989017743,1.6502486320662466,1.4597757899743704,1.1970149957510272,1.4396524929980221
824,effortless-sweep-637,run_11ce9c3d6dba30fccb1543123053323f,0.4572430253028871,0.25999984948486193,0.5743654584621151,0.4878822786221248,0.11518277602737408,0.3713596830734764,0.22538136773105943,0.5535418813024883,0.3039351937869269,0.11518277602737415,0.33509273702254627,0.3222674640412071,0.3709362388360831,0.2680771318200683,0.5886877547600592,0.3657282163321809,0.7648868424366335,0.6623495322427668,0.48989955792781453,,0.677003037333016,1.957439922480339,1.8985746859867334,1.7908823262575349,2.270736540876692,2.181494466255787,1.206465516137299,1.734133109490578
825,snowy-sweep-638,run_404590efed13bccc07f09adb210d1c77,0.2913209795951844,0.2690483178679029,0.42642023872706664,0.4420831630188399,0.19060456685977575,0.33883760867650287,0.17469539498935097,0.38888368559624503,0.06853331351491963,0.19060456685977564,0.27398054755885665,0.435943103001968,0.2871979655075074,0.14959401504751568,0.5055017714701001,0.299990547454925,0.7808900349832422,0.7135934260675526,0.5378911709664046,,0.7139616725119612,1.5861921942019372,1.4443568535278168,1.2439937722195442,1.7673194936519856,1.607722605933793,1.0401158601606217,1.4557102990867397
826,light-sweep-639,run_f9a5e37e940012babda736b4423104ff,0.510210692882538,0.24865853383204015,0.4981528311115273,0.5080041618668945,0.1238684486905851,0.3220784505398649,0.20272633086739383,0.46221889211493045,0.3158225261045668,0.12386844869058528,0.25296670385034253,0.3880499543756873,0.27165293490186665,0.24955847141078444,0.5898978165993581,0.27587685142658436,0.782955145864986,0.6590528124282427,0.5200462978700587,,0.7212217292008622,1.7261298402162533,1.6737567703719332,1.5090741782634685,1.9370795271536279,1.7966970372473487,1.1999641128073943,1.546198318514632
827,glamorous-sweep-640,run_eef974b6c07c071aa5eadb705b6dbd7e,0.5976387858390809,0.24267053992288612,0.5521526021666512,0.5663148898220058,0.1043712098112952,0.34126507127650707,0.19693902380898615,0.5164267948757972,0.3874512281223289,0.10437120981129532,0.27888380374190963,0.4289826818147214,0.33460734146075116,0.331075993146676,0.6290489251191306,0.26464963111922074,0.7881348761373472,0.6285346643138596,0.49257255400747135,,0.7035421275044516,1.8791838818724478,1.851574061757892,1.6899318855886545,2.2003601274118614,2.0661868168339836,1.2970097917209444,1.759401200394422
828,divine-sweep-641,run_e55f2003c803dcdec31ffb23e60a8726,0.08902370929718019,0.2969086699228108,0.5141737691611252,0.45997175876035806,0.17341193210692143,0.36168023442085845,0.2193231334241441,0.4742749211701165,0.15464679870684855,0.17341193210692155,0.2867485019344087,0.2636601455413837,0.2773983297333081,0.1415734976428397,0.5022625521918817,0.2526370694606623,0.7398467664626042,0.6512209270695971,0.5228097987791219,,0.6813921769195512,1.919687076065614,1.7156559754408838,1.523609292999509,1.9500085864005914,1.7833797516750283,1.2295765979405666,1.5397781240078454
829,sparkling-sweep-642,run_a522466dc759037753874cad9e17bcf6,0.5350989103317262,0.24767265967774707,0.4338193208662443,0.5216156961837167,0.14810024731510657,0.3338447063152225,0.17346869661416212,0.3854911387926282,0.21399427743301974,0.14810024731510663,0.22266941373738044,0.46555671806195126,0.23106175397103748,0.20315529589545486,0.5404112670573916,0.24756279425443192,0.7880849300704091,0.6582719784337163,0.5132123755752629,,0.7191171116001831,1.5395479821195786,1.4884275973071606,1.2497676265432185,1.73416469399255,1.5342195389904854,1.2040143667715957,1.497184380381092
830,comic-sweep-643,run_2c05b6aa8f973117303143f88a2cc68c,0.4770261049270631,0.2499855756326026,0.43212825075707906,0.44177845490691536,0.18735305078429385,0.35650336251121556,0.1811700545115658,0.3829259155193408,0.09737653747538173,0.18735305078429373,0.2811834230964414,0.4256491637950874,0.2231493488755106,0.16824442103246814,0.4712824536604403,0.24420490562250827,0.7801949621890882,0.6743195774240768,0.49913939471964774,,0.6902155986675038,1.5284037912709556,1.4577411437796615,1.2282619209540249,1.6829881036869174,1.4886460497207934,1.1661273417003721,1.4378082945736637
831,skilled-sweep-644,run_4931af7e3021e78222638cc2799950db,0.23388653993606573,0.28065805218359835,0.46548135660245815,0.5238526996395526,0.15055815292882072,0.3055422385508189,0.21428087629913353,0.42393826813607643,0.23685481773252595,0.1505581529288208,0.21754866813062776,0.3620739275950351,0.269767594113469,0.21830901680341386,0.5631099424774509,0.2551084728460518,0.7637997992755152,0.6795251086210248,0.5445412311528366,,0.744422720781188,1.7401380456893152,1.58742543970411,1.3781339015250988,1.851059542753622,1.6750387920081888,1.1359026300637394,1.482152721275774
832,whole-sweep-645,run_5372c86962ddd6fc3e563eca368a98cf,0.5376514792442323,0.2455278189603919,0.5440614821058767,0.5167775259187695,0.11143917064742354,0.33643976829191297,0.20435189435844164,0.5101984535814265,0.3642451042324697,0.11143917064742337,0.2773200625808277,0.3923056175934165,0.292125218818492,0.27842181996190235,0.5870266749334044,0.3313928510491393,0.7837884937970497,0.6345583726600157,0.4999563893139537,,0.702110449675912,1.85495394256898,1.8131111064384893,1.666570974502435,2.0909724355941113,1.9652614724707154,1.277601995118764,1.6483509031924042
833,hearty-sweep-646,run_ec36f2e237e16f6268b4fcece74f18b3,0.5197829008102418,0.24596933003203467,0.433460293673837,0.4301661030805245,0.1940466510824271,0.34087530528421345,0.16063728109454636,0.39332209422122316,0.027475753409386534,0.19404665108242714,0.27715947899200294,0.47702588193433043,0.34404891278669975,0.12522470176334752,0.49942258306083503,0.3057666533162224,0.7925503755956934,0.700993842508961,0.524394809979627,,0.7081605414260869,1.514770477832137,1.45753972483565,1.2544249483841388,1.8845035185263064,1.7321990107931005,1.0785557313441727,1.6094141566046352
834,fluent-sweep-647,run_c28531546070ca80f44bec6223680b2b,0.387045443058014,0.26120146200370775,0.3976356238227551,0.4224740812307234,0.22860554934444563,0.35752532894300926,0.17110811753225408,0.34588367518966,-0.013377429304001959,0.22860554934444563,0.26735530522185097,0.38937327394635773,0.3313718476256151,0.14391703646947404,0.4269348769217225,0.2560509872595717,0.7750826092875096,0.6897113572929832,0.5102418663451253,,0.6899725585437255,1.461279758128746,1.351980564355026,1.1071639946851946,1.76018411543558,1.5799394877542865,1.1194825947979936,1.58859622116309
835,revived-sweep-648,run_d790ce8247e694f1df32e20cd7bceaa8,0.41065722703933727,0.26790941998991546,0.5155006087852394,0.5054438705362119,0.13105498526272996,0.3786568819811962,0.20587209725284789,0.46904561206331374,0.26577236074467675,0.13105498526272988,0.2854716285436551,0.3952234299954595,0.24001367757536407,0.25341229554427525,0.4155096987582505,0.19529396146793462,0.7631104604804582,0.6181071338938819,0.46672236956504537,,0.6655844563898508,1.8056043827159687,1.7276162016378187,1.5208734760398614,1.9445160697573027,1.7633891049636419,1.3412394629161322,1.6110270954476396
836,lilac-sweep-649,run_0c8a140fda64365469d95469d92267b1,0.580408275127411,0.23969034018929786,0.4898431727597225,0.45278139050945704,0.14049361384964595,0.3250624989768643,0.1991365448246626,0.45230661962890123,0.2700977295529712,0.140493613849646,0.2662967007867817,0.4229944061787932,0.2623218992410527,0.2384631101746321,0.5387483859832987,0.3236860377604868,0.7850041941369476,0.6527126825189553,0.5142655434878111,,0.7132667016089991,1.6674925913377683,1.6315409237174692,1.4691565364506296,1.8936320911285516,1.7556587479868202,1.2199368703394837,1.55311386524
837,olive-sweep-650,run_05ae21c5e112de826519f3d73eb30641,0.38321644067764293,0.2680800038130502,0.4311968613738774,0.5212143733045965,0.1717781278585222,0.33387121040269846,0.1866964686640026,0.37785270519184544,0.2023930734643823,0.1717781278585222,0.2161712351138625,0.4182315274303973,0.2364969786491331,0.19935595781587545,0.5117987028027119,0.2117580537224489,0.7707726568494664,0.665722802143204,0.5220865684838694,,0.7198035693710918,1.584737743153891,1.4841962956329384,1.226191337355604,1.7253426504685005,1.509143403842411,1.1825222505057955,1.4738817762956515
838,dainty-sweep-651,run_414cb9ee72c3d622c87a5fe95ebc9070,-0.3410977125167847,0.49080728794298484,0.982704255252724,1.0,0.0,0.5491187001148251,0.49080728794298484,0.982704255252724,1.0,0.0,0.5491187001148251,1.0,1.0,1.0,1.0,1.0,,,,,,3.5292519897898846,3.301207101473044,3.301207101473044,4.785182162344089,4.785182162344089,,
839,volcanic-sweep-652,run_5734cc0b2a8aad44a94f0674774dbb73,1.304084360599518,0.14682250000627145,0.47054936363730976,0.4583144439076957,0.1289240098926043,0.3774680957047009,0.11126580722522827,0.41454112162176227,0.3030545130244135,0.1289240098926042,0.2839523207056948,0.6512991217256997,0.19028292392068766,0.5257572178058721,0.42396639923147345,0.23262213800017503,0.8702232509283958,0.6017774427722387,0.3169973221895265,,0.6524169374117911,1.5864067776110924,1.5638976987633442,1.3500613070806202,1.8730891921077824,1.6986325801273017,1.4384528888170263,1.7696987943544937
840,valiant-sweep-653,run_c96aff842ce20b3735efbd5448409a57,0.4617103934288026,0.24965193374323624,0.4408489692277274,0.41910371223663184,0.17877240234441172,0.349252935522571,0.1855625879572839,0.3943627527499401,0.08660770688565979,0.17877240234441164,0.2803158039975959,0.39446538686874694,0.22265096849934393,0.1889955197990827,0.4723268310114488,0.27898853386260497,0.7813010086024399,0.6763936916710134,0.5060199024528409,,0.6971732015678904,1.5520572666124783,1.4769739829542565,1.263785652912115,1.6936673026312914,1.5113606327363085,1.1571758783841644,1.423415891155061
841,fiery-sweep-654,run_11ffad0d363b6e37986a358191ba6d83,-0.3410977125167847,0.49080728794298484,0.982704255252724,1.0,0.0,0.5491187001148251,0.49080728794298484,0.982704255252724,1.0,0.0,0.5491187001148251,1.0,1.0,1.0,1.0,1.0,,,,,,3.5292519897898846,3.301207101473044,3.301207101473044,4.785182162344089,4.785182162344089,,
842,wild-sweep-655,run_c071d45791735437fee728d48e8f0209,0.26260375976562506,0.2759895743181037,0.4235948508216,0.4811787001597858,0.17667276484737612,0.3056887905639213,0.202573307143699,0.37857596286930356,0.17985210508713925,0.17667276484737637,0.20984689212290725,0.382086410685226,0.25779616235268205,0.15575455735402097,0.5220732617652474,0.24458465540600013,0.7656764717064107,0.6874461377553174,0.5428391600143413,,0.7460856567629244,1.6030009772376899,1.449837633338811,1.2274283364398972,1.7137290578297535,1.5301694160125485,1.113913245081963,1.4407084500944665
843,lyric-sweep-656,run_6fb6b18cb4e12089ff3b50cbb1458683,0.5574345588684083,0.24143882437642833,0.46746381109966384,0.5017093381888447,0.14116526069722535,0.3283209426724384,0.18529166070877606,0.4272631721353273,0.2587529263126599,0.1411652606972255,0.25205309236440615,0.41989242698181756,0.26731073675646927,0.21288871861997047,0.5222843246310384,0.24439879867046374,0.7893416597582309,0.6625732579627308,0.5012411814608221,,0.716349502208569,1.622590699032911,1.579629422624301,1.388100954194256,1.8524067235425326,1.6920419071761201,1.1965389077680975,1.5387939804951376
844,wandering-sweep-657,run_82af11255e3d25c9927979a80467ef8b,0.3653478622436524,0.2693869769285379,0.5359391422892408,0.44742298688268733,0.135362672358302,0.38298562309160833,0.2155978837571588,0.5012123671859556,0.21912972390472296,0.13536267235830204,0.3218983786514253,0.33862677160939364,0.2897402120028225,0.25493343549468445,0.4328247257214928,0.2873360573468455,0.7573809084267764,0.6492217378759929,0.4683504099483948,,0.6565204933627871,1.8642098346288698,1.7734329180735855,1.6145087963775908,2.0406414105386377,1.9041511770546857,1.2537819595070119,1.609696323373875
845,desert-sweep-658,run_621c608a2673793bce99b1756696baa0,0.46362489461898815,0.2593501258055695,0.47549769494135874,0.4404555757868529,0.17588254226378022,0.35577605916959576,0.19538620930133382,0.4385959435130551,0.1641967968488722,0.1758825422637804,0.3073515322870455,0.44059238249294674,0.29306428332361495,0.20409879853994406,0.5340710221609086,0.31459406869801415,0.770197027629257,0.6771923750358881,0.5095937508959699,,0.6867936669006713,1.6561038454335146,1.5881574798937754,1.4102483382516868,1.9018120016496498,1.7559741126274455,1.1555757537350893,1.558845736850353
846,peachy-sweep-659,run_10c7c3335fa471ea67a9f6581453e7c5,0.26260375976562506,0.25621690234828703,0.335492699780421,0.43665787224555,0.15707134871430026,0.30825656892115116,0.17543041058021086,0.28325164163882904,0.13716695774961868,0.15707134871430037,0.2132924234947823,0.374084371075808,0.265274095221434,0.17050388958060636,0.43607055721174354,0.22379558108375472,0.7888458234694892,0.7235820473965466,0.5383222590381851,,0.748277213575935,1.3638096746120258,1.1755299717584913,0.9229872849425085,1.5015275100721006,1.3132477592466496,1.0108418610152297,1.3764139700618907
847,gallant-sweep-660,run_64a3018a501c6750cfb29938ca1b78a5,0.43363124132156383,0.2556825736081739,0.5402526718907723,0.45014678012708553,0.1390774807737914,0.3740646590599936,0.20516969327523465,0.5096885309023552,0.22380067630337025,0.1390774807737913,0.3211328782425607,0.3505622066803036,0.313606075638666,0.2633608956145112,0.4462807055992961,0.336132418836747,0.7743964190474694,0.6661494608830354,0.46853371918892284,,0.6751678275758145,1.8552992182709829,1.7851429065923172,1.6401235718952736,2.0886540464670436,1.9661500095244002,1.2032934837622296,1.6197702728877732
848,devout-sweep-661,run_529147974c8d3d7ef2ff351b96442fc1,0.13688564300537112,0.280279255752814,0.4864662358340358,0.39862138159117083,0.1088542196022631,0.3276224820142483,0.23727206363780048,0.4532380090121027,0.249039426256921,0.10885421960226317,0.26583365878793686,0.39987218425706655,0.3646409172756339,0.3449895178197065,0.4976313835086579,0.34865610484071957,0.7544562272954694,0.652561016258846,0.5301061180904159,,0.7061245609471158,1.8084134995009473,1.6136757583642267,1.4739625490988113,2.0524363497552147,1.9445079359082116,1.2199305221203751,1.7597658922325545
849,whole-sweep-662,run_82be19224d96a8787c5eef6bfcd03441,0.3717294335365296,0.25361800763111747,0.535470845951318,0.4755416000891827,0.11653369244841955,0.3694319004755925,0.20595488057878086,0.507622823722852,0.2534465460220726,0.11653369244841962,0.323724822091313,0.4018566329001758,0.3251212933465442,0.22115208206961867,0.5565001556111083,0.33662064247176104,0.7826334175823906,0.6628002909395996,0.5001348967243424,,0.6790448163869123,1.8676600297532502,1.7770065210483497,1.6381275518616842,2.10361301729459,1.9876864508395797,1.19755993191526,1.6436500056921401
850,robust-sweep-663,run_4d9daf4af6fdaf8c80e32e1e24074f88,0.5433949828147889,0.24745190414192575,0.4764186777392735,0.5253948199620972,0.14485974184368333,0.3432450825173583,0.17688539024812405,0.42191939059036543,0.23841923377057705,0.14485974184368314,0.25775225070372254,0.43257194482660316,0.26619013224931815,0.22182528280603178,0.5454200608153679,0.21278751613191105,0.7851467484423131,0.6317360080515886,0.506077617483635,,0.6997360531264223,1.6596009832336471,1.614626807251399,1.3668547449807655,1.8846528951791062,1.6772563019671662,1.28308414272539,1.6097210087234028
851,fresh-sweep-664,run_930a8608177ea47249352e787562a4f7,0.47128260135650646,0.25208275322290535,0.41317785894914316,0.4992642413882798,0.1755242741471017,0.33291082699768715,0.17971507484365226,0.36087436129582806,0.19654788004905055,0.17552427414710162,0.22156559644720503,0.43298286685338566,0.20816742738794206,0.17733763262352475,0.5052273224836713,0.219558772124436,0.7846657699663373,0.6775442974724918,0.5278425900403608,,0.7226296630703388,1.4953147834537508,1.421256461184763,1.1718496591647556,1.63469553912821,1.423197527004171,1.1441495755927518,1.4004777143943805
852,super-sweep-665,run_c8826a4657e931d759d5e42e9b33a26a,0.32195270061492925,0.2878451500259639,0.5800838770774145,0.5404221322135928,0.10518345360300842,0.38769087815057596,0.2380497251844436,0.5659101079162896,0.3180966890862475,0.10518345360300851,0.3460934923890395,0.370486632683507,0.42390750255569926,0.2722080686183741,0.6967126166119871,0.46023993991048834,0.7549178835660415,0.6825574216098496,0.5185349717682096,,0.6810865119932341,2.0289842940844376,1.9338779578431016,1.8331382047424267,2.397544001823453,2.317051782445636,1.1399875977201923,1.8187646928077492
853,sunny-sweep-666,run_0294b4b2ffe415d18c4896f297b6bec3,0.19240587949752813,0.27690771666026975,0.49906340732415483,0.3992270818624354,0.16406562320018972,0.343077483140672,0.22440301933366957,0.47472240433746465,0.12464048158745472,0.16406562320018986,0.29587682147392347,0.3042457088615887,0.3538940939729202,0.23050090987453306,0.5593618638525216,0.36407921541640526,0.7575245090066558,0.7025108730985093,0.5313572861992413,,0.7079391703112392,1.8172048238056462,1.6512731426806264,1.5229923100711482,2.030962680612613,1.9281109913173233,1.07861863657973,1.6004763608001007
854,ancient-sweep-667,run_4dc7a14e702729ac6838048cccfa62e8,0.38321644067764293,0.2617809452852387,0.47349442727357877,0.4684664263683994,0.15115103160890336,0.35266494701910867,0.17611776304401813,0.4450116033425951,0.15398535914681738,0.15115103160890336,0.28762547541706907,0.45722749012445013,0.3377034993610028,0.16332790601155697,0.5985367075245901,0.3675877332291795,0.7858511087142946,0.7044477538918059,0.5394256869312146,,0.7089807687694968,1.6857794868475764,1.5905847297582596,1.426563082512188,1.9763930024047465,1.8469574293418265,1.0637197691561748,1.583562207400757
855,wise-sweep-668,run_527ed9d6bde21bd91135a43ba72f10b5,0.1419910788536072,0.30194089270528385,0.5022634322999595,0.5056779755490319,0.15101975132974219,0.3582822545000433,0.24157428800068256,0.46293694649974493,0.2612649102597453,0.15101975132974213,0.2738527043133846,0.3358261519275764,0.2553445618427567,0.21584714107844075,0.464240992212367,0.22588897722734638,0.7347197799466976,0.6478327293302988,0.5129627428526555,,0.6917799830605417,1.8747199998878565,1.6939787696132416,1.5065602059994636,1.9185780456257977,1.75530661126712,1.2441047987652016,1.5359604147137116
856,eternal-sweep-669,run_639018898df01328e052726a4810403e,0.30663698911666876,0.2779362367703465,0.49198172603623586,0.5553045223142952,0.11463648067215504,0.3044321850047669,0.22522583542173083,0.45980456432830713,0.3493441343688455,0.11463648067215493,0.23051384409828019,0.3996023373299537,0.29019572577185265,0.30452021411316493,0.6255821269568195,0.28700748163185213,0.7675111680023089,0.6808778469930289,0.547494320252107,,0.7509655391872336,1.7915288345153266,1.6751333832709285,1.512273247442663,1.9749992488895587,1.838891121381685,1.1301335906014829,1.540049386861153
857,resilient-sweep-670,run_8d633fdb9d627df1f18b6a900b28a50b,0.8178046345710757,0.21193534873103195,0.4372170709625051,0.3698970681134108,0.21933123284886683,0.362759106687527,0.14960201288911307,0.39248956739824975,0.06657872245550121,0.21933123284886666,0.2634997400260832,0.5508022524891635,0.23132332347961793,0.2889806212687163,0.3549354190258831,0.18486807673198116,0.8111332061334459,0.6726615122486024,0.45565568462206407,,0.6821866732429683,1.4427774130450612,1.4468338206065559,1.2519161688024216,1.7364693562293325,1.5777489706482088,1.1846882523024462,1.524953761861642
858,misunderstood-sweep-671,run_f872a4f1840cd23450e7d7e71c602f57,0.5006381869316102,0.25038694933409594,0.5238414868929058,0.5195942179777786,0.1155308805095369,0.33614432566975444,0.2113483396925979,0.4901761834889115,0.35682806287391755,0.11553088050953697,0.27015226598254943,0.3844992140236349,0.295989951081363,0.27777777777777785,0.5674175991792038,0.31177401338851435,0.7815555301156349,0.6495110846752394,0.507497084879793,,0.7063335076527859,1.8064992127340085,1.7540726352276514,1.6045938102032928,2.0439842123847014,1.9172433196039962,1.232356241303721,1.618580413913274
859,earnest-sweep-672,run_524d6009840d1d29863cce7549a344ee,0.332801640033722,0.26805491795670683,0.4245678665459504,0.4214893537958455,0.205027611207101,0.3541632074934851,0.19829616863716062,0.36131664117053286,0.0821708594998331,0.20502761120710114,0.28033841042514906,0.3668297831776542,0.22177266760613898,0.20329896029541658,0.48435324540408836,0.2613735864407382,0.7645215371563769,0.660735662993547,0.5152968933290247,,0.6939108704250818,1.5573649732605168,1.4325101910415212,1.162570674202078,1.6491850003843134,1.42101945467663,1.2005790734991058,1.4522795288024835
860,hearty-sweep-673,run_58e5c065e21d3b1d57280dde70e8cbab,1.1477345228195193,0.17494374496715007,0.520818373866983,0.5517520716435658,0.11437730799200463,0.3581793562780778,0.1271852916607088,0.48395824877982785,0.35638958046895325,0.11437730799200446,0.2552826933765506,0.6203964785267321,0.34584394492568576,0.39228298694250235,0.43659704233787017,0.22023071985199696,0.8480973905730599,0.662261102090198,0.39545681078872497,,0.6875675141732899,1.7432078543220721,1.7457243333472163,1.576497858261163,2.186872543810245,2.0543134064530033,1.2366173628029529,1.8066766663728844
861,radiant-sweep-674,run_7b33e7ba8ba35ffb002fe61a6c8b94a5,0.29642641544342047,0.2792758214990806,0.4652472084334969,0.477655977109732,0.175547142324762,0.3675719371603677,0.18125032925186446,0.42607682141259,0.08706476905354668,0.17554714232476198,0.2970897732419411,0.4163008656086264,0.3310164747882099,0.09817344017707967,0.5485734002138601,0.3476377586586203,0.7653261264333675,0.6894569584421071,0.5242025636487061,,0.6865851130372016,1.6993294768543457,1.5718460059733128,1.3622945838968963,1.9363272882880842,1.77045475349969,1.1161652359635215,1.5888638503183126
862,avid-sweep-675,run_83ac6ce03fe84d5e9addfb9068773ff2,0.24601161479949957,0.27405796337966687,0.3850020292841311,0.4228865519675968,0.2028314191821662,0.33539441590058167,0.18395960173694456,0.32780743654584626,-0.01264538664486632,0.20283141918216618,0.23991733842835436,0.3613695437173921,0.2606879698010092,0.09696069980525494,0.445978416627897,0.2222040986788246,0.7673229924701981,0.7030938832345396,0.5447951126886007,,0.7116279087852264,1.4931835608461843,1.3176518617054518,1.0528904004796529,1.5986800583852927,1.388578300221188,1.0690568277657926,1.4008761549172073
863,skilled-sweep-676,run_c78f2cb2029f8bfd2317476ebd5df1df,0.4061901569366456,0.2623428684673294,0.34590969165287794,0.4971795919884061,0.2022055086899075,0.3237731530743573,0.17887720724178516,0.28233586213355816,0.15205677975549028,0.2022055086899075,0.2042849314128783,0.44145637321441455,0.22631907095690096,0.1528908469814513,0.4552934977821537,0.23229928095946084,0.7753742853309807,0.6874533724558952,0.5309791706590116,,0.7392690166929499,1.3402734139729007,1.229856282302658,0.9231758824878528,1.4976678651989543,1.2580605189487124,1.1168219168418076,1.4063263324237683
864,curious-sweep-677,run_da846ec5cc870e3e5d4b8b62969b387e,0.29578804969787603,0.2777807044610178,0.42751813347486306,0.4539704953364794,0.2090473286580615,0.3469579933599466,0.16962554342236325,0.3877857908484488,-0.01123704061536168,0.2090473286580614,0.26254559287694845,0.4349295618668781,0.45298743832261534,0.0877431919037129,0.5193473308831896,0.36216763130986723,0.7710135110445436,0.7083906563256089,0.530219856114938,,0.7104143345268522,1.5905097378144777,1.4529173668537436,1.2380134457681353,2.0880152440049944,1.944612063161882,1.0599473047726986,1.8363896844588643
865,frosty-sweep-678,run_1f29368139969942d5463df3293d2a27,0.5000001192092897,0.2507657457648803,0.5654209984077925,0.44359183976812444,0.12598756648710915,0.3686344392553599,0.2157007357681665,0.5410904020063897,0.245375497008658,0.12598756648710893,0.3365270758741865,0.34509754022451994,0.3544582407108489,0.26003937468739685,0.5686512420368777,0.36523928409022927,0.7706448530216352,0.6576314992202075,0.4821028611201634,,0.6752623586911972,1.9088694705254843,1.8592111859502498,1.7419885686701673,2.213545903453927,2.1160442826445447,1.2218768895299625,1.7135058698185262
866,apricot-sweep-679,run_ae0a7ac8caaa30a3b86cb81b962b35cb,0.35194635391235357,0.26809756391249046,0.543130092722675,0.4546542306120174,0.14302774672222787,0.3584358223010069,0.2189493541646284,0.5223169221483355,0.23372598565642308,0.14302774672222798,0.3113224682165321,0.3138900867743227,0.36435647160235635,0.20535261628835041,0.5359520189547098,0.38607235647033633,0.7640762943738282,0.6950440034077212,0.5004606781458112,,0.7020578305140279,1.8911866575857375,1.7967998634791336,1.682473276960225,2.1671969954241543,2.073395619572427,1.111387028685699,1.6442123327319
867,young-sweep-680,run_597765432b17759135a0181542039705,-0.10051056742668155,0.31641041464411945,0.34906288699489035,0.5071457768198877,0.25466172036453577,0.363251770901786,0.18641048990168854,0.2861134525928007,-0.02428003418676347,0.2546617203645358,0.2352495009046467,0.34694617413371925,0.26928346475012926,0.10115953133480193,0.4291655028139907,0.25286803968006555,0.7458135615951789,0.6983175321440716,0.5405792976017593,,0.6999473722866862,1.6391367663304122,1.2552933442879344,0.9240927812461398,1.559327458431304,1.3075504620302303,1.088945013018313,1.4288253860362703
868,wise-sweep-681,run_8eddb94528a08cb76f6a340930bdb1a9,0.5695596337318422,0.24656888199864033,0.5342168524242141,0.5230649176916502,0.10149913609106619,0.32738082709902633,0.21556276355827822,0.5099799152903957,0.38894875701386067,0.10149913609106627,0.2828664326511649,0.4128392776970495,0.33984713200591044,0.296504379103747,0.615311824596173,0.3506222142247988,0.7884402667914068,0.6743995072133516,0.5068155656930239,,0.7161162124547666,1.8200967752219068,1.7855726184701022,1.672884807932543,2.14512969845502,2.052280543194582,1.1610965575640406,1.6617632392584127
869,revived-sweep-682,run_c5c55cf74821f09820d66bc949ad2dd8,0.37109136581420904,0.2627492593400914,0.4611262006597776,0.41819701980602714,0.17163753091438835,0.3649262056046791,0.21418805863066326,0.4098009220234563,0.17014232098398407,0.17163753091438835,0.31914273308590985,0.3625199702067821,0.28305015780920795,0.25932083985144033,0.5210162227287963,0.3504673465478721,0.7639684066760039,0.6612592059977971,0.5048405619558101,,0.6788123601620732,1.642190167695963,1.539577750556179,1.32445947116646,1.835794540558878,1.6595284980682605,1.2034729067759402,1.5646689689777478
870,confused-sweep-683,run_98cd01e80ff0ef9508e6241012987b89,0.3366306424140931,0.2668884256367417,0.6274390434266806,0.46822117349782616,0.09249330894061049,0.37735428403495114,0.24250999044228871,0.6181147430093765,0.3839656645981196,0.09249330894061071,0.36676512155632,0.46384511664276484,0.5342436305946059,0.31844672179122907,0.6900858591602727,0.5061919835832649,0.7806793760070747,0.6883061207842436,0.5277424291704408,,0.6961402499179241,2.143848759604441,2.0560296766370905,2.0067135027975644,2.7199230147881757,2.6828384702534827,1.1147463804472064,2.1008052427300647
871,iconic-sweep-684,run_4a52715e302ae9f62ca08c6c6e3bb9d7,0.6582641601562501,0.22765916348703436,0.4761272933512327,0.4368436698747723,0.13692109631737645,0.35772722772701726,0.16014308972458235,0.4393400143610878,0.14034038125673506,0.1369210963173763,0.2982208741515767,0.4850162866707441,0.2624457429958706,0.19337398503761882,0.5142854586586375,0.26451361118322314,0.8019261674987668,0.6724302247193151,0.49411018507751486,,0.6812976068413131,1.6045522026045398,1.5841821490500967,1.4055382292865002,1.8630740881566508,1.713753100822164,1.1696911236469296,1.526299217496415
872,sleek-sweep-685,run_046c86331ff25492f16b3b7fae84942f,0.4432034492492677,0.2517466027479047,0.47361930629702476,0.4197094125078963,0.161628044855507,0.3610760971328035,0.19118934553509384,0.43557283048713247,0.1187915722195384,0.16162804485550714,0.29659321136775874,0.3871791236492526,0.24051148471626718,0.20824314401557956,0.4707140829985305,0.26025579050089104,0.775553754570078,0.6644142616709223,0.5057103979439926,,0.6782892022708886,1.6520686616628215,1.5756537741253895,1.3956724938402454,1.80399984466161,1.6491307812559253,1.1920051197402621,1.4807453626841198
873,giddy-sweep-686,run_cd6fe68f7a9eb2ace3d43e637313ab9f,0.4164007306098939,0.2636774360247948,0.5025496133953566,0.4441901081342202,0.154891249110682,0.3502826972742105,0.20326567677877547,0.48032114722196195,0.15772732339935336,0.15489124911068172,0.30836570339899333,0.3851385181499481,0.33458108014130933,0.1825167874511807,0.5599521712908491,0.3611291895946594,0.7721858744416988,0.7081206987599532,0.5245284755144626,,0.7052693572427198,1.7502725783817732,1.6710451165875577,1.5405449972620968,2.0232352382806638,1.9168640891671909,1.062971171445526,1.559165404655248
874,wise-sweep-687,run_6eb87b253984af8378b7d5ed373eb1a0,0.601467788219452,0.2428737353592671,0.5404451937185852,0.5453160417673072,0.09555002202120812,0.33972471607496296,0.20311265305508114,0.513752302456995,0.3684515625580616,0.0955500220212081,0.27039781855769435,0.42446434261388283,0.3328682737312221,0.30383168917408937,0.6224692578537657,0.27758610683537627,0.7873762101329411,0.657038683496567,0.4988184830858332,,0.7039354533888513,1.83766362084323,1.8102948132476429,1.678220958807626,2.1581621488980787,2.0486390938001358,1.2135140852464366,1.6891160366169489
875,amber-sweep-688,run_71e1ed24c2dd653abc0eab0c49dbe6a8,0.42852580547332775,0.2639935178147209,0.5260112599252809,0.44383709263869786,0.14252549378324356,0.3514979876381818,0.20628601388251283,0.49930796207840356,0.17040986957006404,0.14252549378324375,0.30274761638607417,0.39953918419017764,0.33026737660758787,0.18347455011759198,0.6101942030447612,0.35261214178568584,0.7704080615177518,0.6818096465109185,0.5304993760833113,,0.7027502698130647,1.8139604669048592,1.7417124900315715,1.601461161914115,2.077888897099353,1.9618200029248596,1.1338405110990095,1.603014090819557
876,brisk-sweep-689,run_cd6fbe09872a623dbc1e7fe2301ee5bf,0.18474787473678592,0.2798828992225893,0.3518830716077133,0.4192746460555162,0.21234288714977811,0.3147157709454398,0.20053633560862064,0.2889232306203365,0.09646241313960836,0.21234288714977823,0.20633899819226545,0.36050916268405847,0.19369848069132675,0.17590801221679495,0.3997305211503764,0.25242123612739453,0.760503804183194,0.692227954964838,0.5455455086583031,,0.739549531518854,1.441750400524292,1.221614762084599,0.9403649030929276,1.4242345755898216,1.1918001721477804,1.1005106221943612,1.3218264367628332
877,worthy-sweep-690,run_cf3b29541952658970a7d705e7fbffe0,0.18666237592697146,0.29352458790209496,0.41890148085708645,0.47298874066366897,0.2272749601924315,0.3565813157096742,0.17139158770893398,0.37283152779078593,-0.029712756865222165,0.22727496019243174,0.26454821054535277,0.45922168127426916,0.4112881592537474,0.060530174844895646,0.4872963992390538,0.35654681175763187,0.7640891301184161,0.7012379682294393,0.5244301794009237,,0.7005367565786077,1.6248141266526344,1.4368923199531334,1.1917597935012059,1.9926834904677604,1.8238474057465761,1.0837011161153514,1.7551455959868791
878,magic-sweep-691,run_c4cae2d68a8505a851f3af4816225a4d,0.23771524429321295,0.279955648205985,0.416122922585412,0.48800490505741134,0.19232984381881632,0.31106366359764925,0.20218447637037779,0.3687729595287898,0.19790791869495755,0.19232984381881657,0.20553841884409435,0.38327306831184843,0.23270783963825395,0.16918962636614202,0.5000556806857683,0.2672717869510845,0.7620853313913386,0.6857833321103445,0.5348128564382761,,0.742431567766348,1.5971254500361882,1.4311208262521982,1.1999921097922095,1.6628768986870017,1.4686843855701894,1.122641354962067,1.4061921535569712
879,decent-sweep-692,run_ab9ebb12ffc4f477240ca6791200de46,0.43490737676620495,0.25360044753167715,0.5083668945708846,0.4027163613392293,0.16635921672256668,0.3572977056035098,0.21342294001219186,0.4767204687126012,0.18227119021961286,0.16635921672256676,0.31898682668899236,0.360058972437459,0.29058977025310284,0.2968470453021741,0.5020901515700619,0.3717626723492602,0.7688311575553242,0.66008728813904,0.48907777433381905,,0.6843826681799533,1.7509652011048105,1.6765627484931855,1.5334262913499115,1.9680059520565187,1.8475878784777746,1.2123889933695435,1.591248518911636
880,hardy-sweep-693,run_bc63de5b435b4f1a4e82cc03c97d2376,0.42724967002868663,0.2592748682365395,0.43084303747411357,0.4393742335847794,0.20379611749161505,0.34212801318344493,0.168594514726652,0.38883165266980935,0.05859314035152963,0.20379611749161494,0.26589290321876563,0.47122420833967366,0.3864822056248876,0.1069833668550267,0.5297382213623161,0.3408666129195179,0.7839959064835564,0.701957243158485,0.5278884314816131,,0.7104978026261052,1.5418657162735232,1.4548300257543805,1.2424805059523154,1.9605389697203828,1.8085741498836287,1.0760306457539472,1.6985360162673695
881,efficient-sweep-694,run_5baad2179db4b69fe6120dd4d04c0fe7,0.35258442163467413,0.27378703613115885,0.5257094689519528,0.4854669094422355,0.1502024257207711,0.3688285427195221,0.19454081594256362,0.5001613020719511,0.16848129017873742,0.15020242572077105,0.311562564067785,0.450212672082027,0.39789356395440584,0.1487605486915898,0.6225468933147557,0.41309031469563706,0.7703605127055234,0.6799183470103765,0.530001183885605,,0.6958990155342408,1.8489265828396073,1.7533801409775127,1.6024497980002324,2.2096053837932175,2.0918554893741192,1.1393664147584397,1.7624329378427852
882,legendary-sweep-695,run_80ebf0575b9b8a526de27e78c9f18996,0.05328655242919923,0.3043441177429754,0.5905112755351588,0.4243840808591281,0.16586712741809806,0.3926011501214901,0.26351939512983175,0.5678041064385544,0.27798298093716317,0.16586712741809825,0.3763229632193423,0.49203260042674835,0.5025814735134776,0.3661573497642839,0.5505970808767945,0.45172403226088464,0.731848899026124,0.6500756631008278,0.5263547271043871,,0.6562127346143818,2.136212504700701,1.9390107930161191,1.8359553486360052,2.581048530208585,2.5045519962747935,1.2331728479954118,2.10303683583812
883,expert-sweep-696,run_ba3ded573fa76a01a57ba39dfbc0a665,1.2358009815216067,0.1609684143982781,0.5512784490025289,0.5177585374010627,0.10596944133888947,0.3701046365782912,0.12713762853365637,0.5109113046735974,0.37128311842740863,0.10596944133888973,0.28755843566639466,0.6400156653008905,0.31959365377541776,0.503397716268131,0.43536626146417684,0.21114393359959763,0.856915435448408,0.6259158152034369,0.35341054353672613,,0.669192499665902,1.8337816907376348,1.8256681014992626,1.6626240534321395,2.239976420577156,2.1092057962562225,1.3557067865034396,1.8767981348246299
884,woven-sweep-697,run_eacf53608254d1e622a96bbacfa26547,0.05775362253189088,0.3105177469890701,0.32784385959435136,0.6067110103675077,0.19793254734559748,0.3364545793996201,0.1828056523451513,0.2650297108009949,0.112444725205306,0.19793254734559776,0.1953967077246163,0.48046380971723623,0.3422886704003189,0.24500846023688663,0.526106121863288,0.3426778592519053,0.7541523402084434,0.7156194774340359,0.5535290172903922,,0.7458373724008092,1.5266769300314142,1.2406995945971522,0.8651411438767799,1.7325776868335139,1.486929438711957,1.0336828461262073,1.5909086030490276
885,solar-sweep-698,run_7325e608e32967d821c88c81cc502145,0.37938743829727184,0.2657721050294633,0.4933970216352908,0.5702946750399465,0.1346927194498086,0.3661750158439876,0.1772290664800281,0.4607723767600136,0.18066961465571682,0.13469271944980882,0.30074421918568534,0.49529636099351065,0.3057821014342394,0.2185103597995083,0.6155270807685557,0.3634369597210294,0.785292578975749,0.6835346914564906,0.5295818654831523,,0.698482774031472,1.7733590098194718,1.682342723043217,1.4789061780640267,2.0145394600019593,1.8480410389502897,1.1264525791353055,1.5801859419603443
886,toasty-sweep-699,run_b83f16ba11a6a5425179a48552d0977b,0.3704530000686646,0.25698452955239304,0.540986336153518,0.4353275612203187,0.13959582613409224,0.36731001441354644,0.22180914178776853,0.5153341034206448,0.24920292817063663,0.13959582613409224,0.33437011087283397,0.41236073734600315,0.3177114696564569,0.25347912609477596,0.5469345081203397,0.3600189633387802,0.7670107168348241,0.6616894591771906,0.4868803365738778,,0.675788167466628,1.8741669268580765,1.783875918620846,1.6634283201487956,2.10378518808797,2.0026713661647064,1.209179893722426,1.6449361203297668
887,solar-sweep-700,run_cc8532745f2ba5df9747df6b474c8b90,0.48276960849761974,0.24842774395368142,0.46423256636799765,0.35115380327747,0.22353897753836774,0.3687997000360924,0.18805612207781128,0.42453144349744526,0.07841031548437447,0.22353897753836763,0.2850218385885481,0.4120060819419222,0.27364013632767975,0.30131405037831627,0.39488675574351406,0.21318938900879178,0.7769636062983926,0.6718527326497488,0.47128423717225426,,0.6697924407788177,1.5956049098119844,1.5297529520443232,1.3578596200659145,1.8301564154178607,1.689115495877171,1.1857874520639506,1.5541622476688681
888,dauntless-sweep-701,run_2cc30d789b4cca0dc0d269acac4fdb32,0.17645180225372317,0.2796797037862083,0.5749170074823348,0.4356582810003344,0.11722905444320224,0.3591218104474437,0.24975729433987814,0.5626164236729003,0.3028575675374382,0.11722905444320235,0.33170099335760805,0.37831706795447023,0.43522879487507043,0.3073656205769988,0.6364815458727545,0.4236015723449967,0.7589824653565747,0.6945475815499029,0.5256140556454103,,0.7027996464347036,2.042871857640546,1.8903212767777167,1.8219423191076922,2.388546209923716,2.3348045489200864,1.102788862646392,1.8297490929303217
889,fanciful-sweep-702,run_9831cfeb0306a331c9760d7125081580,0.05775362253189088,0.2993269464743083,0.6378924583476426,0.4021478205938092,0.11723244232137416,0.37050765461432267,0.2993269464743083,0.6274650598898983,0.4021478205938091,0.11723244232137413,0.37050765461432267,0.6505796555992559,0.6124895441011761,0.4636903659717566,0.5985951147672594,0.5447901686399295,0.7413548964209018,0.6806157710400285,0.5194637566228935,,0.6885226587257651,2.2624365161542355,2.078554154854276,2.046568714780992,2.951285217455153,2.9288462855581296,1.1479874685239293,2.3890525921367476
890,wise-sweep-703,run_feeb9120a4d40c4489f19f3ecfcf9f59,0.5325463414192201,0.2441380625189712,0.5595256678426109,0.48962134443164496,0.11969712369143208,0.35273276630176775,0.18895921290617154,0.5359755653377459,0.22129240830886998,0.11969712369143211,0.2961979886515734,0.39586208037482457,0.39309655164985874,0.21150145260671072,0.6389271592302702,0.3199035192913698,0.786501470427484,0.6647323162677448,0.504697502459809,,0.6987211481712734,1.8944476011731772,1.8520319069175797,1.7197017126549659,2.275238630246133,2.168885110104257,1.189516869889239,1.7780998352383441
891,sweet-sweep-704,run_272afa903d029320d3d58941d2d14e89,0.4617103934288026,0.2596611904242269,0.44564120175246885,0.4131916316747797,0.22460531219297356,0.3651125137489954,0.16936715910202663,0.3980518872342419,0.005611088402512098,0.22460531219297356,0.294954635136157,0.4772500104211197,0.29113804973110113,0.1636714235545765,0.4639928518405851,0.2730819977553782,0.7770721138541195,0.6729104945451833,0.5030835038771828,,0.6788318091741004,1.5641111955428513,1.4913457229269274,1.2701062035132213,1.823809642654647,1.6478286669282096,1.1689731786175483,1.5711994907314748
892,desert-sweep-705,run_a17c78b1f52b33e839b04492e613d282,1.0922142863273623,0.17367440063617734,0.5205321927715859,0.477763739734681,0.08947894433716165,0.36922844262761534,0.1321573083879579,0.47590875506020225,0.31030805246925064,0.08947894433716135,0.2845603556536726,0.5916842239415486,0.24939506459063968,0.4237593248837383,0.43465946659035115,0.19587005598616,0.8488594543450038,0.6213854226704689,0.39204803791625836,,0.6648544286869915,1.7164787510260904,1.7227764293597583,1.5422866377613225,2.0296797270176605,1.8789063951474678,1.3512731161414246,1.7255666324762666
893,fine-sweep-706,run_8f003f4b4ab08b015fd84963c8e50ab3,0.2900445461273194,0.26123156503131967,0.53868127751241,0.43925532310207716,0.13323085001863336,0.3546699032834667,0.2182594931151868,0.5172020854796918,0.25039574895024325,0.13323085001863352,0.32181418919709,0.39865450176224426,0.4025724544098008,0.2815941427492045,0.5680719243928478,0.3923499892091913,0.7762728288411307,0.6828023173148062,0.5054498641890258,,0.6992702708906173,1.8970390541001245,1.778471916243336,1.6689263643650296,2.240943738777821,2.1550363554181518,1.1405162791271204,1.7775387102550666
894,denim-sweep-707,run_e54d3f964352d63eb42213edb137cc26,0.5114868283271791,0.241759923337623,0.48454101755590945,0.446668648508045,0.18194176237422507,0.3567239700628537,0.1897318572815463,0.4411871832495604,0.2566422652446954,0.181941762374225,0.27807854720183084,0.4298611052771575,0.32199489079891824,0.2804133277995935,0.37394802555947537,0.2501527627180447,0.7885992642048927,0.6494475647031439,0.47169251952215263,,0.6807622105058646,1.6691189224854543,1.614236884423528,1.4311969594064422,1.9763552363573693,1.8299027399996046,1.24606146074306,1.6890495745219982
895,golden-sweep-708,run_0352e4dedc2eb0a409fd72de498497f7,0.3347161412239075,0.26676550494065937,0.545133360390455,0.4132956783471442,0.15480231730866958,0.35700694017325885,0.2080043950420316,0.5206882915508935,0.19788933893203506,0.1548023173086696,0.3180646403512261,0.38084246700984786,0.41852776577050416,0.2848039246985708,0.5533684885424938,0.3863715335542007,0.7730767394954953,0.6790842349426706,0.511538708246454,,0.6987795719383112,1.893441241917565,1.792674247729511,1.671403299147648,2.2784841728401197,2.184353029116859,1.1488941997951112,1.8159755091226326
896,unique-sweep-709,run_530ef61aee48fb976312d1bdbeaf0a60,0.38959801197052013,0.2493157832682355,0.4040773001155132,0.3813422020735015,0.19955364705085207,0.3406281936450994,0.18432836382519174,0.3561237551122352,0.03972724908030155,0.19955364705085185,0.2712436107609714,0.3734722874108834,0.2698652543956091,0.23974374527769796,0.4400347416112633,0.30185566667500013,0.7823469518860664,0.6873478917185678,0.5164789345050891,,0.7018885547877491,1.46655961582168,1.356600486346421,1.1418390821750468,1.6630081321867038,1.4929928525435467,1.1219085873006163,1.4778058216229315
897,firm-sweep-710,run_1cf8c113f24b627c116da268c762fc9f,1.1024251580238345,0.17155715436079985,0.4673701518320794,0.44624502991341825,0.10644289731341261,0.38122777846636435,0.1290015076599663,0.4077091983807353,0.28732860168704216,0.10644289731341255,0.29367542314944944,0.6096866023159722,0.201387027475028,0.4695944407198119,0.3732860066199228,0.1939148860429516,0.8489759908913216,0.6025743016853979,0.35982319171451793,,0.6473476572618622,1.5472472743404801,1.553356067413461,1.3272027044760697,1.8468132315751469,1.661105372611689,1.4184873823909523,1.7349093619417586
898,dandy-sweep-711,run_2cd5956917f0d844227329aafd533e7e,0.5695596337318422,0.24227920056393007,0.5600459971069695,0.4523206123889858,0.1325761425619135,0.35436822440543153,0.19574493704704346,0.5232795312873987,0.21622384898368713,0.13257614256191358,0.305611616897447,0.40039948171145784,0.34259569601619083,0.2371139418318807,0.5809099818110938,0.32617083865021673,0.7819485762146358,0.6338574653905498,0.4917694642140241,,0.6892602032856108,1.8778679490476453,1.8438569185740092,1.6802629293930365,2.1886226746123416,2.0526919855512924,1.2831399991514756,1.7426156010653893
899,unique-sweep-712,run_fc30fdef4358418fdd11a51793c4d894,0.5146777629852296,0.2451038679881896,0.3633407220088873,0.4322433205752293,0.20939458617068132,0.31787989127087884,0.17153708567572537,0.3070931285317348,0.11934524915462098,0.2093945861706814,0.2092318413870684,0.47606716398093935,0.20170599296472838,0.16889293277570264,0.42387066283455727,0.2618123179204452,0.7894736006979243,0.6818823275640731,0.525945516205214,,0.7348238651762782,1.320051803764654,1.2518286611929235,0.993342919727113,1.4930146818854029,1.2840358248558679,1.131829295242686,1.3939352197684292
900,lively-sweep-713,run_59948365e76b05af1c3848d4a352a40b,1.2051692605018618,0.16087057955853912,0.5306994265971507,0.46276615510386077,0.15109513161906699,0.3940253550573307,0.11871630655919911,0.4878138886287244,0.26934339117832834,0.15109513161906712,0.3142168704753042,0.6574660487422714,0.3000022359882261,0.4939339569432472,0.3723886044108351,0.2546921157550706,0.858142888001578,0.6346967967845876,0.34458856723563647,,0.6422926837124564,1.7529020947189085,1.7482707660950454,1.5704341193457543,2.152369960446461,2.0105991888626176,1.3357214863949662,1.833138746594736
901,stoic-sweep-714,run_6f677432fddfaecf3a2f361ed73bf762,0.48659861087799083,0.23205420551838668,0.4705701768078842,0.3157705027683847,0.12333231696988178,0.33544430594759517,0.192212848473902,0.44014132142819984,0.1491843484077144,0.12333231696988185,0.3036097787610276,0.45982251698518467,0.42741705541857894,0.45053624067511616,0.48097442802760365,0.44281363486881853,0.8007675491213587,0.6814250791987294,0.5183049890336718,,0.6918589769556264,1.605507679763956,1.5388057309899137,1.4129563253030524,2.146903845458046,2.058571985899217,1.134294254022438,1.8782695489794488
902,electric-sweep-715,run_7f02e4f94ed4818b3d7f2a8bae88f252,0.3761965036392213,0.2664293544656587,0.47098644021937086,0.4745866002749804,0.17616373615204797,0.355630286688478,0.1936402336998377,0.42800724298335985,0.12529448924231715,0.1761637361520478,0.2877704683662021,0.37775094841394113,0.3041176793155728,0.12948610712043332,0.5527456907474697,0.29684947654384447,0.7678687635424055,0.6686024793374998,0.5173669376457674,,0.697650027072166,1.6830464972595518,1.5857172858951567,1.3729884375347046,1.8970601915791796,1.7232049527817987,1.1768868895647018,1.5714327254187532
903,robust-sweep-716,run_386c007f0018ffc447d1a4a3a330659b,0.4834076762199403,0.246461012816364,0.5058901272725381,0.4488350488647765,0.14564064776230648,0.3516733823347139,0.18588870408974714,0.4718397802129189,0.1639849875515586,0.14564064776230654,0.29321939693846594,0.3964120427701208,0.291621001620008,0.1799844629611893,0.5381777642857862,0.3026083012291115,0.7872216772129059,0.6691544709903581,0.5117755585450965,,0.6952703001510845,1.7399910168722643,1.67971549395907,1.512538749376097,1.9650468546742943,1.8242089981094223,1.173978432740031,1.5550531698170047
904,morning-sweep-717,run_6d25360c4479aedc15e9b3ba6f416177,0.4029992222785951,0.2610032837385954,0.5390507112901045,0.44260711233324657,0.12986160517667786,0.3682781931384036,0.2007119366030239,0.5086114493251329,0.1891940098844337,0.12986160517667786,0.31794225382964564,0.38038252010645923,0.32843098053991304,0.19364024305888114,0.5527298747485979,0.3391623941735366,0.7728215434526411,0.6628492033586564,0.5144482122757772,,0.6800740234738193,1.8595880398388278,1.7803877283990646,1.6318503971618261,2.1049078266167647,1.9808564344332833,1.1933470519678488,1.6385767243430764
905,distinctive-sweep-718,run_a8c47786e4c5d1d7c1a2868b36807c11,0.6825143098831178,0.2295782314972995,0.5443060368601252,0.4886329010441827,0.11937442829555851,0.3594219302615097,0.186114476796837,0.5044175954544036,0.3027535208650733,0.11937442829555839,0.28646709088797284,0.4604976641554856,0.2997718473101841,0.292624588960189,0.42640333854762336,0.24410550093419,0.7963632253060681,0.6274611592969537,0.46635682346554774,,0.6840337898925736,1.8172093696202447,1.8039287386102705,1.634218283739838,2.1096155448655622,1.966465929545682,1.3092344534854041,1.7059934663847944
906,fallen-sweep-719,run_c69681f94157c504652c8e9d4247325d,0.6965538859367372,0.2314722136512213,0.5416835773677585,0.46923562855337964,0.08557780262221772,0.35955133257095107,0.18352310783657047,0.5132215666073493,0.23902493404184175,0.08557780262221758,0.31017109947529714,0.44103847245133104,0.3214413787377719,0.21740276048484075,0.614340727904349,0.3211322743944171,0.7947983816436427,0.660201508957031,0.4916691627222739,,0.68739917136627,1.8017970471568945,1.791081360713635,1.6506899813449885,2.1173088897921426,1.9999504765392937,1.2062910467438315,1.6523203634741535
907,elated-sweep-720,run_eb930ecbe4867b4d5fd2149454e9bb2c,0.18474787473678592,0.2842177351987176,0.3764113931295725,0.4656348704990523,0.21156367517024088,0.3164837494864833,0.19699922986421003,0.3204239642845996,0.1261751700048308,0.21156367517024122,0.19990474119148346,0.3715849483161735,0.23111864175769722,0.12953974182975236,0.45442130972982087,0.23542905541241646,0.7602264017789686,0.6899551367253598,0.5373346680861911,,0.7381947663615149,1.5160168960629403,1.3093704297881532,1.0399250160330906,1.5503112934540897,1.3305856692370859,1.110328221828428,1.386305501827198
908,stoic-sweep-721,run_e2a63dd62fe762c7325945cb5c4ee5e1,0.6569877266883851,0.23828302364843676,0.5173061513325633,0.5019843186800935,0.13982027306298067,0.3632837317131541,0.18953117043079942,0.47473281092275205,0.32167886737765267,0.13982027306298056,0.27306225888101304,0.46933138779529554,0.25886664533867526,0.32524619821430467,0.4086334611583193,0.1948657757303965,0.7872812695087054,0.6314465155245101,0.45265421100323,,0.6783356599232051,1.7451940344581196,1.7276642027966107,1.546968576264047,1.9952443557961916,1.8410019602542862,1.3050491868985536,1.6429637311688556
909,fanciful-sweep-722,run_4b43efddc699279b47459de200a73c91,0.331525206565857,0.2804949941173667,0.5948300084293343,0.46332726394411206,0.12653979062912898,0.3784908416684791,0.23681550105235175,0.5776175163643553,0.27099699007840666,0.12653979062912882,0.34972299330927703,0.34220451330339446,0.3946312999313695,0.22671583181687582,0.6408687129013663,0.4389913228843776,0.7523538703468405,0.6680230937890556,0.5103207005643524,,0.682246176451332,2.0493311328946273,1.957441438337111,1.8617037632984188,2.357417996600542,2.2785485574058657,1.1845678893173992,1.7689103172797467
910,jumping-sweep-723,run_52bd09ff14b3559b090508ffe93012e8,0.4151242971420289,0.25908170714269585,0.5018315590105419,0.43969008955445715,0.14581851136633125,0.3674932044299244,0.19698919552167282,0.46305662223054744,0.13924045929173942,0.14581851136633125,0.30733048492346166,0.3490524279354183,0.27436084739930006,0.18846853749640843,0.4977968214011894,0.27947476228784307,0.7677725135103942,0.654516431777147,0.4935426810257214,,0.6769866575088969,1.7474999567483607,1.6669732577392746,1.4840508760051625,1.9206500396866046,1.7642289351164024,1.2263839449959548,1.5537420356912879
911,stilted-sweep-724,run_4d5999cf5c30354a68cf2eb4c9d68eaa,0.25877475738525396,0.2729817801425378,0.3176974389393608,0.4758574560588606,0.21500406545380635,0.31722664346779483,0.17110811753225402,0.2419374980487656,0.051867266173683695,0.2150040654538062,0.21834457028689122,0.4140590804807867,0.2599562799766489,0.11336313039406616,0.41206020829215034,0.2555191177630493,0.7766478397440235,0.6973894224057855,0.5511205866057347,,0.7445116565307369,1.3361032167697182,1.14467287810225,0.7856880620238086,1.47320901243415,1.2154729644303255,1.0803288999092973,1.423790479120277
912,lemon-sweep-725,run_98afb0b47d2d172b076814979f7c3eb4,0.8458837866783144,0.20970521610210946,0.5000936592675845,0.47999702723793236,0.13048328082122168,0.36687815369408516,0.166728127014708,0.4548458264389707,0.3026866337185538,0.1304832808212217,0.2784885810257236,0.5348994662866605,0.24685654800002502,0.36075684534261293,0.3870857260951445,0.1914109607714972,0.8134895992175533,0.6347912477917537,0.42772136193236654,,0.67380365559038,1.6598450631797828,1.6659262001103512,1.479278447371963,1.9496037027084012,1.7927379112015789,1.302329949008168,1.6497599187408487
913,wise-sweep-726,run_a22f1e9f7e7cb20c5c0b550741e21987,0.47255903482437145,0.2557528140059353,0.48542037401267524,0.5201255991973543,0.12973455974523157,0.31713465869361357,0.21335269961443049,0.4540237062012842,0.33434283378544066,0.1297345597452317,0.25104281891238134,0.3704246431144845,0.29254054613326635,0.2672802732816142,0.5721321798909643,0.30625887040491157,0.7786593420471047,0.6791072935464162,0.521631782606903,,0.7292751506828472,1.7044218978151684,1.640813681037069,1.489523334111938,1.9382266141785127,1.8119416753569717,1.1434811449367799,1.540130514228393
914,different-sweep-727,run_c32ee8c6e63ce457882f0d2af5297c4a,-0.3410977125167847,0.49080728794298484,0.982704255252724,1.0,0.0,0.5491187001148251,0.49080728794298484,0.982704255252724,1.0,0.0,0.5491187001148251,1.0,1.0,1.0,1.0,1.0,,,,,,3.5292519897898846,3.301207101473044,3.301207101473044,4.785182162344089,4.785182162344089,,
915,usual-sweep-728,run_4dd4dfb3273c442e3d2801c483b0a762,-0.027121901512146003,0.31489272033534776,0.4480607328317358,0.5112221768050238,0.19830013212724873,0.3657704387439869,0.20804704099781493,0.40165776903624606,0.053297907918695014,0.1983001321272486,0.24796444710524712,0.3388096679251465,0.26104896782537296,0.10875352509870277,0.5415776615810489,0.29467537243245473,0.7382110432284175,0.6868591437482245,0.5447253774006722,,0.6988657291424688,1.8231598168236143,1.538859883951292,1.2881823910177472,1.7821825660583857,1.5708274344612358,1.120883757760574,1.4368247473993943
916,dry-sweep-729,run_f34927e988a93267a8b3accf38b7a83f,0.3149330615997315,0.26392578600259387,0.4673493386615049,0.3771171639849875,0.16415624894128808,0.3692229859037231,0.20872185053345088,0.4124129749305361,0.12730853554308635,0.16415624894128814,0.3165921044323409,0.35418206643925476,0.3194519318877615,0.30046376996669116,0.42867513373417826,0.3379363313975136,0.7624029574416495,0.6441457107119324,0.47674522422781956,,0.6624158818195829,1.6720311327647752,1.5479109210037336,1.3268823960784102,1.905845481795582,1.7311371043741135,1.2635547740592912,1.6830892573378378
917,ancient-sweep-730,run_d9ba1f37ba3a46606c4cba55b567f5a5,0.6984683871269227,0.2237131582842278,0.5220515542235128,0.42144847831741655,0.1416666666666667,0.3527764200929047,0.17292433353151154,0.4929651483458732,0.18796031362639803,0.14166666666666647,0.3079673625548694,0.4740922525354592,0.32020804908311945,0.24404388681373637,0.561263925685784,0.32971588034643773,0.8032584084716847,0.6715393847734784,0.49873022215498497,,0.692401767088587,1.7302943062120266,1.7184425069630416,1.5796766376263653,2.0646301071424147,1.95064889435388,1.169975385026427,1.6366108979073835
918,vibrant-sweep-731,run_7f2a331798ce44b61f20cc3f35d283b2,-0.3410977125167847,0.49080728794298484,0.982704255252724,0.9999702723793246,0.0,0.5491187001148251,0.49080728794298484,0.982704255252724,0.9997770428449334,0.0,0.5491187001148251,1.0,1.0,0.9998307952622674,1.0,1.0,,,0.4943546296631734,,,3.529243566697861,3.301198096518662,3.3011395702417397,4.785140592669479,4.785100216439631,,
919,dandy-sweep-732,run_0b909c43b11bc3a57154d0e61f721c1c,0.2657943964004517,0.2870398940373428,0.4708355447327067,0.38662257069599776,0.19231798624521465,0.35499886578096246,0.2066798618271034,0.4427585776279231,0.07752220281669225,0.1923179862452147,0.28871682019549105,0.3767126150699995,0.3683990207025348,0.23837457033702605,0.4767621775708542,0.35317780153731365,0.7522420810471737,0.716886414967606,0.5160375339918435,,0.6992944079816541,1.7045222152750035,1.564841849765655,1.4174194290489455,2.001160470691969,1.8881183894363045,1.0474429221716461,1.628818556466491
920,northern-sweep-733,run_a9a404e188594368d46ac7f8a5b3a4cf,0.24537324905395513,0.2882741181694349,0.5049327214261184,0.4489948348259075,0.1536334993393638,0.3602318639934956,0.23553863096447597,0.4849000447483167,0.19846531158262418,0.15363349933936335,0.311582831899384,0.3389778650560092,0.3760257911923861,0.19147718928582824,0.5713319711941396,0.37713218801926046,0.7478627831717722,0.7056253424800893,0.5188335050248077,,0.6978478263471817,1.8222591546241684,1.683528693124822,1.5640164514951251,2.0975681929338794,2.0029156058058795,1.0778027472113083,1.6514182466381961
921,wandering-sweep-734,run_5e0a7ef8fd02128233eaba22418fe92c,0.23643910884857183,0.27573871575467035,0.4980331553807251,0.43805878636988577,0.12338059423383137,0.3782873838205019,0.20261846168511727,0.4504958737889336,0.1265356174055221,0.12338059423383148,0.302789711113242,0.31636526964345935,0.26308757709744685,0.16796645702306087,0.4252019792187342,0.2615569755612162,0.7582747191336399,0.6472221685608792,0.5043816999102473,,0.6642930038966259,1.8042424929583705,1.6577990162461513,1.4444828924208093,1.8891130260040598,1.7049871768573206,1.2444238001350922,1.5391689449485955
922,fancy-sweep-735,run_d7c275bc6c1e0845b5e5564101274882,0.5108487606048585,0.24941361810797455,0.4001644240475373,0.47298502471108467,0.1629450824948335,0.31679868040825654,0.19327648878285925,0.3497132985753384,0.23370740589350064,0.16294508249483347,0.23515050034260437,0.43655216803996993,0.2506486145210353,0.17721461332992794,0.4950544169060584,0.309824236188736,0.7833229268959507,0.6959407631074027,0.5359922503741414,,0.728530013402403,1.4367670066283262,1.3737676838649353,1.1467209183973832,1.6545294628512508,1.4714615043898898,1.08939081193063,1.4272359424181051
923,breezy-sweep-736,run_0ca8e8c5cbd77cb99495db32245cd09e,0.7163369655609132,0.22533370460400726,0.5011187079183708,0.4169001523540558,0.2095563573533896,0.39531937815174534,0.16548386854007852,0.45115669195466895,0.16714354724833722,0.20955635735338937,0.3065166535315528,0.5022146873053934,0.2533809550634643,0.36062914365375826,0.32414524161309993,0.2315643251125842,0.797173143598866,0.6325055454053803,0.41677114123554426,,0.6435386572191173,1.6629702488011624,1.6540195312393307,1.4459410372102135,1.9390906799341812,1.7649468939248507,1.3159849455640538,1.6601531351768897
924,lunar-sweep-737,run_f0fb3b07e45f54286b9941a42d5ed4f1,0.23516267538070684,0.2799957855761343,0.4086770108124421,0.45567240162015515,0.19128722431141376,0.33797466676956495,0.19999698969723878,0.3511806271008293,0.13558767790123016,0.19128722431141407,0.2261227404291012,0.3662744485822307,0.21617539191397372,0.13627515457225256,0.3934911414800106,0.20535260563962443,0.7600231856469042,0.6682238036080083,0.514610952960891,,0.7131454143597493,1.5693254800693857,1.3986436176541206,1.1365127112337645,1.6050700481082174,1.3826449410189994,1.1806548366630991,1.4191517654801686
925,glad-sweep-738,run_ff5ece6475dcfe1fcf432df476954d3e,0.07626026868820192,0.2891671746552576,0.38143257053063184,0.46641522054178575,0.2338440559677474,0.34139057592602556,0.17554329693375592,0.334061794303435,-0.0408568986659731,0.2338440559677476,0.2403788213632301,0.3257442208818973,0.3190028706381835,0.14490544754121037,0.46815895355040044,0.263738318876433,0.7631707824088733,0.7141517578183303,0.530004434666184,,0.7172923693878933,1.5892596728581172,1.3251674880811108,1.0716611215301597,1.7031747040119785,1.5143291453044045,1.0459809201518848,1.4962657806154869
926,devoted-sweep-739,run_2706b50af0d87f265900c325d5232322,0.3404593467712403,0.2647561278475583,0.47871853308773804,0.48066961465571695,0.14317003760544775,0.3166271833716474,0.20467550190527065,0.43885090485259054,0.2628256103452121,0.14317003760544766,0.2351489412786351,0.3671445621079177,0.29233457876024044,0.20464749012972364,0.5035157695969447,0.2721244614452396,0.7729384271523232,0.6675771112744845,0.5272079333400795,,0.7291871717171962,1.7198114695894582,1.6102339658890772,1.427189731406754,1.903713268586934,1.751611062286364,1.1747932012259792,1.552871485261374
927,peach-sweep-740,run_f76ceef588ae4a116a6e451bb3f9f5de,0.3391832113265992,0.2742260386171672,0.5330096885309024,0.4579391326966667,0.133721245384016,0.3508876140942502,0.21913248091593482,0.5152456474457039,0.22179777786035415,0.13372124538401597,0.306661646480686,0.3459322104902653,0.3595946369362393,0.2095627281337462,0.5890537755840303,0.34840959001533944,0.7600418065437569,0.6974317273908558,0.5346798322465478,,0.7012710390852597,1.8674529065349135,1.7680219031982423,1.6589135211256762,2.1406938385951717,2.051502554466893,1.0906779492690308,1.626728941597922
928,visionary-sweep-741,run_20aec40d34d70b18c71a842f4ba3776a,-0.3410977125167847,0.49080728794298484,0.982704255252724,1.0,0.0,0.5491187001148251,0.49080728794298484,0.982704255252724,1.0,0.0,0.5491187001148251,1.0,1.0,1.0,1.0,1.0,,,,,,3.5292519897898846,3.301207101473044,3.301207101473044,4.785182162344089,4.785182162344089,,
929,colorful-sweep-742,run_9918fe8c4197806d29aa15cbb24d8335,0.32705813646316534,0.2548421974206723,0.5148241807415733,0.4613763888372783,0.14248907409289563,0.35098895325224644,0.20158994157504048,0.47428012446276013,0.2093233250343722,0.14248907409289577,0.30231497613462815,0.37388506201240174,0.28280108186377856,0.1861496876629527,0.5618100994801951,0.3077491714589485,0.7816095205697091,0.6543983345652205,0.5077672967250582,,0.6967205422807974,1.8210322058215436,1.711213630300158,1.5277012546803075,1.9754640855685819,1.8188120816615592,1.2183564942955252,1.5679919681039027
930,zesty-sweep-743,run_11bc4db4da7df8c9dd4d82a816e690ce,0.3200381994247437,0.27430129618619725,0.45197360889971183,0.519590502025194,0.18692871904326325,0.37729971679603,0.1816592287102609,0.3965585422455331,0.09085132473709606,0.18692871904326328,0.27537435074729844,0.36637773673017665,0.2652013206289032,0.1335985271738552,0.5059435296628294,0.2721612597473626,0.7658148913876541,0.6612861118411297,0.5140478605880425,,0.6783959090960257,1.6658702744975775,1.5453209771120424,1.2703703447660901,1.8009485110269563,1.5713813763465596,1.199276084649332,1.5144839861416577
931,brisk-sweep-744,run_9580e877a97850f82b77205b315e5615,0.903318524360657,0.19579260017409583,0.5095844650494834,0.5383597785292259,0.10470660975031339,0.3696299015996777,0.1427560826930169,0.46078798663794446,0.34389654788004925,0.10470660975031319,0.2661595031574944,0.5280151660112429,0.2512984044945095,0.37922059402568936,0.40868010930320836,0.19068631534638958,0.8308315097453576,0.6284422303266709,0.3927445849805882,,0.6751610660209173,1.701746699443698,1.710242457553505,1.5039613761956039,1.9947547265527634,1.8209934037700723,1.333389995167063,1.6828683949428602
932,glamorous-sweep-745,run_a15dbf447dbe48a2f85e7c1627f9a24b,1.2785577774047854,0.14852833823761824,0.46976886974077203,0.443528668574189,0.13979994579394925,0.39788559744500596,0.11279102729090319,0.40629910607432396,0.29040169447437836,0.13979994579394944,0.30870713840824254,0.6602615742183652,0.21610865903913967,0.5422103033979292,0.3852602654201682,0.1810365280265005,0.8692264099558247,0.5994950114803778,0.30605972305090473,,0.618928445002767,1.575163491506552,1.5574357954285132,1.3220607383773542,1.9033058454959848,1.7160453026001423,1.4500680322371968,1.8164977794463157
933,sunny-sweep-746,run_b20e957a2064037ba3a2e2067689ed3a,0.20963639020919805,0.28333973022670084,0.4795822796665732,0.5038051354464717,0.1622649659518244,0.3769247619114436,0.2143335565974547,0.4257698271466184,0.21289807142060851,0.16226496595182452,0.3194810499672209,0.3486038927975758,0.2542037619977871,0.18379423001202522,0.5638619749559034,0.3673733306214381,0.7599274847139905,0.6509276077468611,0.5259640670703785,,0.6829530182993517,1.7828308612668946,1.622988800617259,1.3798782262877192,1.8535353155865852,1.6448600057696565,1.2250960079265218,1.5173532047071683
934,dashing-sweep-747,run_9c2d08250ae73b1e34b5b5b2d9681d0f,0.5823227763175965,0.24437637815423283,0.4461355145536096,0.44900969863624535,0.19102635769217743,0.36117743629079974,0.18099445351716256,0.3877545710925876,0.18633644234699556,0.19102635769217768,0.25592346866788124,0.4768251484468595,0.20495095141619166,0.2680956485649523,0.3786109679669895,0.17024611278522497,0.7827294924132201,0.6392381525590594,0.4643003318310551,,0.6841314738961283,1.5383214703411614,1.5005660589022174,1.2534019052093694,1.7236545248292032,1.5133746263953716,1.2789338190982908,1.534587285711762
935,lively-sweep-748,run_e1d6be6394fcf7eafefb2459cf686c03,0.3436502814292908,0.26576959644382897,0.4337308648913033,0.40803388948757,0.20044635294914795,0.3543830355131386,0.19755613587503226,0.38845181230682774,0.07416298168035337,0.2004463529491479,0.2903070654440487,0.36473328902375785,0.24670095017940538,0.20516468196958573,0.45492986264821117,0.27327093780688844,0.7645825681135141,0.6779141114236803,0.5105011460869441,,0.6863297796835613,1.5743288219529563,1.4554551744927944,1.2463854458064665,1.7035510770158417,1.5287946842405518,1.1543065846724594,1.4547027869850877
936,frosty-sweep-749,run_2878ee8778778aac5e48fd97f70beacd,0.40810465812683117,0.2681050896693935,0.45014204988917006,0.5048939095537139,0.18795016431209136,0.3538233315482051,0.17226206692404752,0.41014954263057657,0.07247593920701573,0.18795016431209155,0.27478190643901224,0.4825957999058475,0.3840195114455705,0.11105534804031114,0.5636063048459921,0.3703852331374895,0.7771684137581838,0.6951215437032932,0.5310144053881409,,0.7070151312071907,1.6222011608983116,1.5339742011504978,1.3104020202463043,2.0181721180115866,1.8539404798400787,1.0950388737022594,1.708523334064589
937,bumbling-sweep-750,run_67dacd49980fe908eba81246cdbd5f17,0.4948946833610536,0.25031420035070034,0.5059317536136868,0.4304931069079558,0.11053545414506895,0.35390050521467925,0.19535610627372174,0.47325507581197385,0.15129129352309462,0.1105354541450692,0.30266030880380035,0.3942912525242119,0.3238899496268753,0.19541721205929616,0.5779582990236826,0.2995509687278442,0.7798579989507188,0.6701248057974023,0.5043956190683739,,0.6893349475323931,1.7320869173163331,1.6756046392686663,1.516824555303708,2.0125484790230064,1.8824072898422992,1.175696661782544,1.620173791235297
938,comic-sweep-751,run_fd0edd93affccd9f7e1e81ac8fd35258,0.24664968252182012,0.29065476593641737,0.4618910846783847,0.5020289101111068,0.19863129721855202,0.37059106453667345,0.18348297046642137,0.4278719573746266,0.06542677715432366,0.198631297218552,0.2871608743542553,0.4542161503005058,0.41510744754128986,0.10577424469771946,0.5305335845643396,0.4033786237099151,0.7599546232388774,0.692250439800519,0.5220206101989163,,0.6908988302200508,1.7184305247770617,1.5716064903793974,1.3670006520466351,2.100140326902057,1.951751319910802,1.1104881800400872,1.7815236260253122
939,divine-sweep-752,run_b1389c37e890f501f063b831b3362873,0.3972560167312623,0.27862358923415387,0.5325413921929798,0.5267288469399131,0.13845580512924757,0.37374349188234374,0.22129237314709604,0.5104065852871695,0.27405893500798917,0.13845580512924757,0.3179149702101854,0.3504733473739304,0.4025200028777016,0.23877257393395693,0.5976738704730447,0.38911096434054954,0.7506563694060446,0.6785648479596476,0.5117516426869243,,0.6807224984352769,1.8646036928939314,1.7863587900152489,1.6520373595399933,2.2340870983723815,2.1282140103300367,1.1548871261767257,1.7702631755357507
940,earthy-sweep-753,run_d09c9075db08bbb599c90664c2178eb9,0.563178062438965,0.23621344050011164,0.4263994255564922,0.4021812641670691,0.16508706846901788,0.35876946199041027,0.1731927521943853,0.3658226925998773,0.13929991453309046,0.1650870684690177,0.2654267430919825,0.44948207286388103,0.20309410591346802,0.23039406612819122,0.3763248037593782,0.20951131844377802,0.791074169477253,0.6287035614108903,0.4803135449271521,,0.6770577290520221,1.4733390226050025,1.4267835364444694,1.1779909251822933,1.6441712130949104,1.4336144313980792,1.3008975621990255,1.5362038228817065
941,classic-sweep-754,run_fe295388b69b2735cc81fcb81f74c99c,0.5248883366584779,0.24505871344677155,0.5125035122225344,0.4536211957935417,0.14069773350950301,0.35406966365533465,0.1930406817332321,0.47806812150728994,0.19615027312251543,0.14069773350950313,0.2988179956517704,0.37066591042670743,0.294776593671205,0.2050454937266545,0.5706308260351319,0.3054142434942153,0.780947079302607,0.6574091292088122,0.4981570053571531,,0.6911127063464939,1.748742914873609,1.7007129277787256,1.5366297284854142,1.9851432533013176,1.8465102750537872,1.2138845170908152,1.5880443615487752
942,vague-sweep-755,run_e82806e8b8596e4c5abf315c45aaa3ec,0.29323548078536993,0.27109783233115337,0.4297815657748223,0.5389171714168927,0.19090778195616087,0.3557238305266284,0.1840649623335868,0.38208818540372336,0.2168109694920293,0.190907781956161,0.2298793050628264,0.436860047048987,0.27217140243917987,0.21411039811001498,0.39016332321215613,0.21515955665805006,0.7773044135750148,0.6755594956257419,0.49694645220412376,,0.7046705862986685,1.6239057072586607,1.486959210987717,1.2412899423994537,1.7856400481297414,1.5869037171314495,1.1641617606455796,1.5273294638986665
943,misty-sweep-756,run_9a4dd2c73f291b9e040ab592260cf7ac,0.5587109923362733,0.24782819198707579,0.5256366228549428,0.45978967708372026,0.11857997086424775,0.35651817361892274,0.1936728453130842,0.49970341231931553,0.196276615510386,0.11857997086424756,0.30656732311055085,0.4188450105278063,0.3585562830959114,0.16769445242580003,0.611551616865256,0.34141832326287913,0.7852325001346486,0.6840197347124648,0.527284418838759,,0.6962637794596478,1.7801913178928501,1.7423443840870922,1.6040787647879253,2.1271912482082587,2.015501758207503,1.1260641101566264,1.660481566858487
944,fallen-sweep-757,run_9f1f477ceee447547d24fea0272daff8,0.7635608315467837,0.2159415599890626,0.49477589418584095,0.4738173980900002,0.1341227089473863,0.3635534497798212,0.1607827790613372,0.44486591114857477,0.2658875552747949,0.13412270894738595,0.2743017147365065,0.5056208619193683,0.24055878757796414,0.3260779618810459,0.39844471775413154,0.20786367352650004,0.8104370157941818,0.6281663341386416,0.44389818512115853,,0.6819760978799967,1.651798493093395,1.648989247611176,1.4406956941398867,1.913068251469261,1.7367408209504354,1.3144527774597,1.6335393170088994
945,mild-sweep-758,run_d5c5ce239f235d85f1206ec2734e517a,0.5344608426094056,0.2545311328020149,0.5530215520381297,0.504934785032143,0.10866111054646477,0.3756221639651986,0.19846424387466116,0.521468785447431,0.24901713054141422,0.10866111054646478,0.3240452097369781,0.3969952475193959,0.3654312698602766,0.20849450350647558,0.6285072147384804,0.3539828616622526,0.776226939254584,0.6582949018113031,0.518769028603885,,0.6725927818811636,1.8788332055789358,1.8379536460116592,1.6794923427512285,2.216878192267201,2.087383492275042,1.203861026791585,1.7279342251052354
946,glowing-sweep-759,run_b21417f27e59277248a9f1d4e2db251c,0.4068282246589662,0.2614322518820664,0.5456588929474571,0.4356694288580877,0.1337839211301962,0.3861684521846774,0.21140603716218767,0.5122329410050682,0.2234885362862772,0.13378392113019613,0.32905993899382674,0.34756446102051,0.32215822072411354,0.26617246113079845,0.46729905491691665,0.30562607857085217,0.7644167342208177,0.6529967845332756,0.4712010710934952,,0.6538722182796382,1.8759256064218566,1.79877484641411,1.6487769700317323,2.113078080318443,1.9869508102459885,1.2406611534864431,1.6639555652722466
947,glowing-sweep-760,run_357ac12cbf0bfd5bec39ed916722fa4b,0.39470314979553234,0.2641314900246093,0.43646779682182896,0.44278919400988437,0.177907646441034,0.34421404077420004,0.18065579445652744,0.39877514491170013,0.06722529820519468,0.17790764644103385,0.2718625591567334,0.42911432792498694,0.3611703868725364,0.11572986836084238,0.5412759658415224,0.3365530617760338,0.7774600312338855,0.7114669136442904,0.5282416802482088,,0.7113664300978533,1.5708239633467482,1.4733869454354334,1.2756848822428566,1.9164660402358984,1.768995452560825,1.050996369723973,1.614486407985796
948,pretty-sweep-761,run_0891b84828cd77dc44622ab3db2a5f8e,0.4368218779563905,0.2544884868462312,0.376754810444049,0.45905020251941575,0.21301453399735745,0.3372988125389279,0.17642631907704112,0.3161156379757109,0.13724870870647668,0.2130145339973574,0.2210846252127148,0.4360855184671424,0.20330977919409018,0.15669678298162162,0.3936561368902196,0.2078744404065569,0.7812500947313848,0.6692005247588129,0.5164155102279501,,0.7150111699577113,1.3954707297213356,1.301896059713568,1.0243312061206455,1.5241412253038618,1.2951168071666814,1.1730253228304877,1.415648802625359
949,rich-sweep-762,run_d4a206862f432428fa3de69a793c8b9b,0.3487557172775269,0.2718604423639907,0.4599294433517531,0.4809185834788747,0.1987041365992479,0.3687958023761695,0.17262079466975727,0.42105044071888686,0.03943368882613075,0.19870413659924788,0.29290524554867725,0.4159127296551066,0.4217487929134669,0.08828656258979024,0.5394706298540815,0.3852111609008717,0.7716677424446026,0.6895330921878151,0.5146580323755062,,0.6867143651037362,1.6645578176598645,1.555809021916317,1.3432005400767761,2.0928545271324888,1.940022177689031,1.1187445882964335,1.791950839980077
950,azure-sweep-763,run_b3786931d327b557ab7ad734e7726f31,-0.06541162729263307,0.3158284227769541,0.38873279010958145,0.6002824123964177,0.19456669038181387,0.3723902243571005,0.18986230373453142,0.3404670475476883,0.07098212626806896,0.1945666903818136,0.25640677849832516,0.3910939778544275,0.31200976809064773,0.1854922368014984,0.5238651160710651,0.3485088636305876,0.7497485498239234,0.703115245756585,0.5282599212783442,,0.699242601200475,1.7339471535391724,1.4040008505446286,1.0955657265939447,1.7697686887267106,1.5365959405630154,1.080078730097613,1.5255926345118125
951,treasured-sweep-764,run_93286146d1aff31b4bd237086bdfa397,0.01563489437103272,0.3436160258484664,0.5385407886110332,0.6562149306974842,0.22721736626350922,0.39922405386254206,0.21569321001126346,0.4940630430936696,0.18219315521533996,0.22721736626350922,0.29737975914020776,0.4794913367791711,0.3829652586674081,0.2882527216422437,0.5474001939780981,0.4094763280933044,0.71456154542647,0.6413652923096931,0.5250077426552954,,0.6634105914104615,2.07360905342067,1.857135379682411,1.587671506377203,2.286608249243958,2.0737228067426083,1.2622524674120712,1.8365475105562195
952,deep-sweep-765,run_5548e619b4ac5636d07a674d5a72bc0c,0.4604339599609376,0.2517390769910017,0.3201377831892021,0.40775147709115217,0.21634990005759394,0.30661097690168776,0.1813280954065288,0.2596338963295973,0.09936457210805975,0.2163499000575939,0.22166693560520134,0.4528296422074763,0.22394492258533596,0.19751024273962692,0.39883423314676714,0.22996269088800111,0.7821049693005757,0.7066671769670734,0.5398961586959378,,0.7489406733704044,1.2174870762707986,1.1200517096131157,0.8466704185259208,1.414246830144442,1.2093093326246995,1.0581187267367114,1.3657208734720494
953,stellar-sweep-766,run_9dbcf1759449753ec32e0012c81abe5d,0.3666239976882935,0.27960946338844694,0.4867628235147202,0.5002006614395599,0.17423603347223635,0.3812028334428576,0.20266110764090073,0.4400268489900409,0.16455352829697895,0.17423603347223596,0.3231853859579786,0.4007114364528377,0.3274070047610272,0.15839713096872376,0.5781538316227038,0.37393196629872555,0.755669510570609,0.6585444658389079,0.5163455481753252,,0.6724676559136507,1.7380294374863616,1.642486717535693,1.4157632805473745,1.9888125581236327,1.8061003406830298,1.2081133369543602,1.6483781753578552
954,ruby-sweep-767,run_cce7f9ae224c3231b1d855350deefce9,0.5874282121658326,0.2457636260100193,0.5392796561664223,0.5645832559176543,0.09325896940746013,0.35618999065341156,0.191076459181549,0.5036995410695889,0.34861952361487897,0.09325896940746004,0.28326165536735076,0.4215822771667466,0.32832185824849697,0.309525056135534,0.6017782362209861,0.24604351240315733,0.7847158648086205,0.6424886546187172,0.4939519814026852,,0.6906171122846958,1.8431481786684996,1.8131132033830426,1.641699747894227,2.153803447651662,2.0116331338169577,1.2572094005195464,1.712327445201117
955,devout-sweep-768,run_be94de11425c7650fe880c6c28c90db6,0.42980223894119274,0.2523762577421224,0.5064989125118374,0.41509048344543115,0.15055899989836366,0.3517123589339433,0.19669569100245599,0.4737493886131144,0.1289769982535022,0.15055899989836377,0.2978513759908825,0.34090426994907547,0.28372494771494533,0.20318934967914948,0.49515167858234693,0.2902216123393528,0.7734080524591831,0.6705093546807552,0.5022792343920351,,0.6856363758354063,1.7500963058986718,1.6737399346002408,1.5164791765963732,1.9400787255486955,1.8061586823148863,1.1767373218933115,1.5320609705190178
956,brisk-sweep-769,run_fd3784a07b16e7a1bd4d14e31d3b2e38,0.5663689970970155,0.25800803249120113,0.5991175215676481,0.541934524915462,0.07393790019310906,0.3813680942235901,0.21599925745865223,0.5789287461105387,0.3345843707034297,0.07393790019310907,0.3396943143275643,0.38745686575923033,0.4294602515837571,0.2839004352499228,0.7007757348190777,0.42662009599189776,0.7736668448949303,0.6541858498156639,0.5114541082899908,,0.6765184426712718,2.017708334340622,1.987379988985232,1.873549388479766,2.4545391782332264,2.363317724711556,1.2189249567072165,1.8870244849886266
957,comic-sweep-770,run_18369267e5c710c321a6bf4f2afa67cb,0.14007657766342166,0.28514591188342103,0.3876869282882207,0.5009327040986956,0.1758241013653149,0.3530149568801883,0.1863277065757555,0.3436982922793545,0.07185165917282932,0.17582410136531515,0.26275762557675636,0.3987788727452255,0.3289388315983884,0.10649277953367602,0.5406146567857982,0.35218794763777517,0.7676964304876367,0.714227216833174,0.5345138820308781,,0.7123650281909947,1.579054593728236,1.354715213155525,1.105063725004633,1.7571642380633943,1.57274876795215,1.042738275129136,1.5295999350134584
958,playful-sweep-771,run_638c83888dbd2996d943c716f44ca399,0.3264197707176209,0.2652277419468129,0.4300157139437838,0.4806770465608858,0.16215994172849546,0.29951022005408395,0.1990512529130951,0.3865682203698501,0.21118130132659527,0.16215994172849565,0.23081318438036189,0.35236126721270117,0.3073778242890288,0.19428790345752325,0.5018806667789129,0.37215769762853457,0.7743464690810101,0.6998637900129797,0.5471024081827627,,0.7377608204165677,1.5918215637301873,1.466468997481543,1.2564110924834264,1.804784984778728,1.638684336296539,1.0755710995298209,1.5045167698806217
959,unique-sweep-772,run_9542520e6125e22d5b88c3adf20426c1,0.2632418274879456,0.2970366077901618,0.5399612875027319,0.49905243209096645,0.15198614357827692,0.37304035403224617,0.23094039349674256,0.5159428886599441,0.2573743079038312,0.15198614357827692,0.31776997726105216,0.3891469060840011,0.3644582301290809,0.20548308484713043,0.6066555147533493,0.3958379062600887,0.7423262147413223,0.6870537601911864,0.5146105373069043,,0.6890749395637124,1.925473410555256,1.8035703469395015,1.6677966432707199,2.1851367518122835,2.0744884359924365,1.131968285866606,1.6743084626104734
960,iconic-sweep-773,run_e273c7e32e9be0e2b2ec1169cd288416,0.11901736259460452,0.28019647242688095,0.5325361889003363,0.39567834714429034,0.15164396788291493,0.3317976553236968,0.23318056046820237,0.5164267948757973,0.2057931700791496,0.15164396788291482,0.28463752932014674,0.3411811501966411,0.37741812336834357,0.3084359735657505,0.6030563081472232,0.33173954116273413,0.7562092356039181,0.700330433636851,0.5365358164462771,,0.7233286252194838,1.9412984537915725,1.7524324073824507,1.6624350655855342,2.1695624139332863,2.0975395283036162,1.0827056277145337,1.6757783868377405
961,vocal-sweep-774,run_b70580fed9b03b461f67de0a3f336057,0.3366306424140931,0.2732677589048518,0.48711144412184043,0.49695663483333946,0.17743080258833896,0.363931522792346,0.18418788302966907,0.44950204489400886,0.08339340790011535,0.1774308025883388,0.2973298690931938,0.4025170342700859,0.3611160643221054,0.11069459076929622,0.5695763942786191,0.3716485034092134,0.7677549756823618,0.6778090105354787,0.5282400415375528,,0.692582740513216,1.7492285132118857,1.6414678659378032,1.4357578209346802,2.042728109495839,1.8814148651462117,1.1465450478066979,1.6711932626324522
962,playful-sweep-775,run_e71b10a46a60a00bfe024a995f822266,0.7552647590637209,0.22128735597582727,0.5268281768703236,0.45830701200252677,0.1322686926178135,0.3884867803068395,0.16565194377757897,0.489572601542256,0.21338114525658639,0.13226869261781316,0.31763979541962584,0.47522029714460806,0.29061676286032917,0.328504932477732,0.3928712131411635,0.26128931032245445,0.800529760035284,0.6461319665649855,0.4240507339909913,,0.6487106215628295,1.745113158179696,1.741979532201956,1.571555090169234,2.0525163922963254,1.9100042543071483,1.2742573462686186,1.6739362695616935
963,silvery-sweep-776,run_a63cb42b89d1d41f0c12d56392166b37,0.11454999446868899,0.2893829130198103,0.6085146680819624,0.4544015458362752,0.11073195107903921,0.3652497113782827,0.2601177530096758,0.5976710062127314,0.3492846791274945,0.110731951079039,0.3473578932680398,0.40105843450025286,0.4955716756995199,0.2957575370600943,0.6136717638521098,0.44277272943691875,0.7525925349844504,0.6923292612681856,0.5098340349011553,,0.6969011209293043,2.166426433060399,1.9982803226562673,1.9395276098002283,2.5879253262185102,2.542833182759997,1.1171776769182717,1.988044065903081
964,clean-sweep-777,run_7c76a9c744c0d79c2259e39f802256c4,0.18730044364929202,0.2865883486231628,0.4088591260549676,0.36889376091561055,0.262347121997493,0.3652029394592075,0.18666636563639066,0.3499578533295871,-0.0123555423432798,0.26234712199749305,0.2522394005087227,0.3679391666536153,0.24280163238531074,0.1722904362076855,0.34309834117045374,0.18090086241010903,0.7559708049007061,0.6757241369119213,0.5099617591472827,,0.6869633341074204,1.5710572953649462,1.3747266411884707,1.122364460661965,1.62618046035778,1.4192573882890767,1.1624268060286713,1.4511463162032028
965,driven-sweep-778,run_72b0f7e20f4f4d9d2f06a0729e1db1a6,0.5536055564880372,0.24280600354714005,0.41932815085386027,0.5127159897439708,0.1698233221533354,0.33510988672620734,0.16428225602123261,0.36677489515365325,0.19615398907509937,0.1698233221533354,0.2318593163036777,0.4696777435576223,0.2148819028865728,0.18658515042194765,0.507889356860877,0.24625031718069001,0.793582265239008,0.6719996648258819,0.5006444882673702,,0.7150366650250983,1.4901364589602768,1.4422875658074752,1.1877303078659034,1.6725271135368052,1.4587175214057515,1.169532559215413,1.443939032680348
966,fresh-sweep-779,run_90ad5f39ad9b651135698606fae93aa2,0.27664333581924444,0.2781770609912425,0.3913084199681559,0.4339563747166585,0.2501355151268761,0.33701974008844576,0.1685819717984803,0.3429698313092527,-0.037627735870089836,0.2501355151268764,0.2485257101341497,0.4484529742337792,0.4253499576008104,0.09789249646159903,0.43155245670636094,0.31764087753582265,0.7744276619050762,0.7147389553109769,0.5286373107401128,,0.7148823444038885,1.4975933340368746,1.3404937179258607,1.0982343919242128,1.953674047294332,1.7961173833794561,1.0424990650886226,1.7625899057873249
967,skilled-sweep-780,run_7826f5c88cfb1a1017ffd258228ba2f2,-0.04116147756576539,0.33903283989453903,0.6320387541236093,0.7258035747463862,0.08287342887149779,0.3918114842211033,0.2543881434208579,0.6204978510401384,0.4237114934413438,0.08287342887149789,0.31071209467260047,0.4909279260838204,0.5673150503434012,0.4768195894390705,0.806427182513333,0.4762559522174312,0.7259358289829814,0.6655679948178743,0.5357334603576135,,0.6907777715240128,2.3676017229725956,2.1532449843858528,2.0234674666625367,2.885012092821449,2.789489451778742,1.1870561278086789,2.2574173436720333
968,solar-sweep-781,run_20fecfdf5be9433f76e7e742228e57df,0.35577535629272466,0.25941033186079354,0.42973473614102986,0.41416521125190436,0.2005386726293323,0.3493659676603361,0.17553326259121843,0.388337339868669,0.03869049830924161,0.20053867262933245,0.281178745904534,0.41438974299301073,0.3367448066873429,0.1493360576360289,0.46197972022374323,0.2993598068704393,0.7807894612677524,0.689365532198998,0.5254105107500444,,0.6955837720199332,1.5598966787044282,1.4441419518002607,1.241115537046441,1.8475759097981634,1.6936229042544033,1.1127561140959568,1.6019416140967742
969,pious-sweep-782,run_652ae475f44de2a6f62693deea976fa8,0.2798339724540711,0.26568179594662733,0.5496185986492254,0.39858422206532645,0.13324440153132094,0.3624215693382008,0.2196091121864582,0.5277231432050203,0.2430493106907954,0.13324440153132094,0.3229335971269569,0.3804276952310108,0.39579173535885354,0.3495610254445616,0.46913172600397185,0.3785709225647076,0.7694546405501002,0.6763493774540253,0.4904957230715604,,0.6733849305019016,1.9231002389688605,1.802848368163066,1.7006523125919828,2.254704272888263,2.173855424796419,1.166294570730836,1.787084817603402
970,toasty-sweep-783,run_34d5c51a9e4ce284ea2fc97437ebd7b0,0.19368231296539312,0.2736289952361959,0.3894872675429011,0.459637323027758,0.22327557001050247,0.3407131626314193,0.1810772368430957,0.33208454309887286,0.110553305339824,0.22327557001050238,0.2277496236809344,0.37405688709504464,0.270065716890312,0.09914695271844964,0.3308011516573055,0.24850661717614084,0.7758870277231684,0.6704984001522306,0.5143688296871479,,0.716473573023277,1.5422120466801303,1.3428114579249195,1.0713600873077933,1.6377564528786992,1.4236980101438412,1.17122897033184,1.5002936007181904
971,proud-sweep-784,run_8a0775ba394abe2fd57154bbad8e4b5c,0.4948946833610536,0.24392483274005278,0.4167889440437908,0.4701125933633086,0.16759409831622454,0.3417055068477987,0.17105042006266458,0.3588658903354043,0.1877670840920069,0.1675940983162244,0.2422730840857766,0.4164715978044445,0.23210758042672727,0.16855686449786633,0.4348840172882924,0.2054953435664865,0.7894117435606594,0.6538830966048557,0.5174865617971683,,0.7033085650361938,1.4877054379503651,1.4204349380515182,1.1629110011235824,1.6607933978975398,1.4467070518238614,1.2145516621185433,1.488534526713288
972,fancy-sweep-785,run_438eb6bc44b1c97292f8a90eea2608e5,1.0966816544532778,0.17369446932125196,0.47225604362440565,0.4542343279699751,0.1304070535623539,0.37397267428581227,0.14106780456111057,0.4250829925176653,0.3070380141949389,0.13040705356235396,0.2890036879658192,0.6009988028070633,0.2266309790139817,0.4724530430248273,0.3898414096596718,0.19830953593338121,0.8441829980870916,0.6302976943699901,0.3725284557543526,,0.6578609096151079,1.563948168710179,1.5705910673300327,1.3860476084616278,1.8880634910151175,1.7375717016139214,1.3359631075761778,1.69788835620364
973,fearless-sweep-786,run_97ae6d4fdc192330a5440edb26cdb965,-0.3410977125167847,0.49080728794298484,0.982704255252724,1.0,0.0,0.5491187001148251,0.49080728794298484,0.982704255252724,1.0,0.0,0.5491187001148251,1.0,1.0,1.0,1.0,1.0,,,,,,3.5292519897898846,3.301207101473044,3.301207101473044,4.785182162344089,4.785182162344089,,
974,northern-sweep-787,run_a9abe9f4f14f8a652feead4cf6bc7f69,0.1534780859947205,0.29776158903848415,0.41415087467349354,0.44783545761956056,0.24669851272148258,0.35167260280272933,0.18732361507258607,0.36874694306557204,-0.029790791869495164,0.24669851272148255,0.2584561680858048,0.3905424276887987,0.42532682194689936,0.09637114367504178,0.4307758007316374,0.31564630955785083,0.7512209003553387,0.7030798048077564,0.522306075916726,,0.6996089942379984,1.622456599703265,1.4157782421467855,1.1814062418347535,1.993807380558371,1.8348189414977454,1.0824502522777133,1.7727206177198018
975,hearty-sweep-788,run_8127741497e0ceaabf89808ddfec7451,0.42342066764831554,0.26384551126229516,0.5560446650640527,0.4784549069153878,0.12682098451739676,0.3734901439873529,0.22448580265960263,0.5366155703329067,0.2764334287094497,0.12682098451739685,0.33570466963044715,0.3197620556577913,0.35242499713651965,0.23071630005640156,0.6152176742987764,0.3930776462533694,0.7640594345224293,0.6771872202606513,0.5050505782664756,,0.6824838232779622,1.9113397186027585,1.8413012375020605,1.7338892753982003,2.188127468097686,2.0985432063119087,1.1587595903131414,1.6553656265489054
976,sunny-sweep-789,run_8316b30a4a5c7c5750410458d7b93083,0.05201011896133424,0.30051852465061674,0.2918110580375263,0.43853071234811025,0.26712995900667413,0.32989403821733515,0.1827805664888079,0.21871520298044606,-0.004923637174389584,0.2671299590066741,0.22797023123257257,0.40151089739283014,0.24955208185095912,0.08873756238759596,0.3466152253825759,0.28468120915992684,0.7574008361499345,0.7103601491792599,0.5444102422222851,,0.7399036114948411,1.3937470847158928,1.0649683118574609,0.7153994533383232,1.3878059217793013,1.1417723718421013,1.0513461910937394,1.37738033410982
977,fearless-sweep-790,run_edc1c89140efcef1be78d7bc6a72df8c,0.30663698911666876,0.27391999116977855,0.4744622397052854,0.48500613132176423,0.1303291323644002,0.3033946279332815,0.23265375748499229,0.44040148606037893,0.30818624354353247,0.13032913236440027,0.24374951766458455,0.3564046712161031,0.3574319365520968,0.2548917196096585,0.5831610971454247,0.38347365381796034,0.7640762836952756,0.6942360473075784,0.5481857931134417,,0.7437787005815615,1.722535161133862,1.6004397139672937,1.4452132094688521,2.0077293764618185,1.8863221336471958,1.0930288308734113,1.6322628453115464
978,hopeful-sweep-791,run_582aa34e71ebc01c0255565b4151f2ca,0.48532217741012584,0.2511671194663736,0.5483125721956856,0.46958121214373294,0.13087203984144732,0.3528216329480108,0.20889745152785394,0.5205373960642293,0.24588829846531174,0.13087203984144716,0.3098631843413851,0.34519222296050006,0.34782612405571367,0.22080473347593355,0.6232431228076859,0.3495979975879999,0.7754533173775375,0.6551982287513567,0.49850465768244073,,0.6994262970929406,1.8686536715353974,1.8138517593722763,1.6774060353981923,2.1605093686100734,2.047299082807463,1.2209837859713684,1.6936776353482894
979,crisp-sweep-792,run_253f478e69e256f5b3cb9031baf0e9d3,0.7520741224288943,0.22042691110325086,0.3823691632064771,0.4157036156218645,0.22881983263881833,0.3544984062468575,0.14837531451392394,0.30777475986804437,0.11320277953253312,0.22881983263881808,0.24484787823086793,0.562402718926203,0.19513940138008637,0.25243026955698156,0.34559876816357377,0.19861700118297176,0.8094339309867447,0.6399830058686395,0.4551350920128133,,0.6988303940091847,1.302435605518641,1.2974819031076412,0.9910010753623434,1.563416453746668,1.3201874299974612,1.2764464560837836,1.5460036462449986
980,ruby-sweep-793,run_ee23cb40080d0fdd2cda11e06583f257,0.07689863443374635,0.3514854589833706,0.5876182448253257,0.771093604845602,0.14706355659450485,0.4284884640959262,0.2569820209667587,0.5599471345467414,0.38024971201367497,0.1470635565945047,0.3522143775320174,0.5247962193284427,0.4995019323588859,0.4883457310389597,0.6800082943853409,0.5364777623406694,0.7065393874589049,0.6478582406521063,0.5209473675141078,,0.6503394572808887,2.2135160932462252,2.0423220587915365,1.8292177392146916,2.679551048398689,2.5209030061876083,1.247256486281373,2.1364838337134615
981,colorful-sweep-794,run_06bbf46f8281d915c72701248e6879f2,0.4138481616973878,0.2704280399667863,0.5538540788611032,0.4948496897179591,0.12334248060439747,0.36772004823743926,0.21054810087524536,0.5331345675543484,0.23340269778157607,0.1233424806043976,0.320673733903639,0.39845576054092174,0.4311141721402378,0.1908695420830274,0.6710302840307968,0.42498907507472933,0.7678272276589688,0.6814308996115382,0.5244932200645337,,0.6968604291382874,1.9120652707662213,1.839986670311785,1.7149728841376795,2.332239999727709,2.234932764700622,1.1379251342703764,1.829936086482014
982,summer-sweep-795,run_19ef41757377400e1aad183a6a1a05ab,0.5070197582244874,0.2509865013007016,0.5740168378549948,0.503950057597265,0.11561981231154929,0.3643111548688399,0.20185836023791404,0.5579490701716047,0.27032811861320644,0.11561981231154946,0.31351840981711415,0.33608423328546905,0.4112018278662865,0.2325947918994562,0.6550959039491001,0.3659706491039523,0.7782258737721778,0.6807443467295706,0.4965876709652212,,0.6970721121667558,1.9472926027548616,1.9005034032587071,1.7963562392700612,2.338767959265201,2.2549541281037317,1.1497171206603913,1.7831914757050642
983,vital-sweep-796,run_6a9fd03f77c404267bdcba644eaa9405,0.3998085856437684,0.26634155396845705,0.5764779952754103,0.43361822303147407,0.13999474878883358,0.3674526687667259,0.2331880862251053,0.5587868002872216,0.2591468172866113,0.13999474878883358,0.3373175213065581,0.3287637737263653,0.36694288248787643,0.2635405293235003,0.5926045854249115,0.3916182400767611,0.756888313779192,0.6682276203023405,0.4976293518290254,,0.6807361793933975,1.9676186844964312,1.8926783607055018,1.8010998412690564,2.2596994040533116,2.1835683313822463,1.1883638665927745,1.7135398154170085
984,trim-sweep-797,run_814720730cb112c8d4c5745745b0b935,0.09668141603469851,0.3075375472554819,0.37656749190887984,0.595667199286537,0.17685232239048687,0.3324236195073202,0.20612044723064696,0.32975867128719066,0.17323027758165846,0.17685232239048684,0.18170734654328252,0.4658346351868426,0.4153347816605857,0.24608179293171148,0.5633449938220022,0.33476197034564875,0.7498531171837692,0.7101910249182525,0.5484714308609975,,0.7396456622079276,1.6089855922500946,1.3665392474800084,1.0769875490127614,1.967235999982167,1.778339153663081,1.0518288511496163,1.7632163499790177
985,northern-sweep-798,run_43e7c14a1f66fc8f33b0bb1f91ca9cd9,0.3040841221809388,0.27408304923601023,0.4794938236916322,0.5262532050091041,0.14125842734695263,0.35802656800909877,0.20722422490975365,0.42914676407230506,0.27713574374791006,0.14125842734695251,0.26495824436924553,0.37645818225387656,0.21558612358715026,0.23981249135353147,0.4244467004723263,0.2013159360264294,0.764936984174225,0.6426578215930152,0.4951863032537646,,0.6904715239631831,1.7493954996990386,1.6282528130622356,1.40050546267748,1.820772304291095,1.6203148187367427,1.2597721280129204,1.5003434191366398
986,fresh-sweep-799,run_35c5af3b157154fd085e1db555a3d2de,-0.3410977125167847,0.49080728794298484,0.982704255252724,1.0,0.0,0.5491187001148251,0.49080728794298484,0.982704255252724,1.0,0.0,0.5491187001148251,1.0,1.0,1.0,1.0,1.0,,,,,,3.5292519897898846,3.301207101473044,3.301207101473044,4.785182162344089,4.785182162344089,,
987,fiery-sweep-800,run_9128afcb7106b7f39470cd784ef75ca6,0.5165922641754152,0.2513477376320456,0.49140936384544137,0.4990412842332132,0.13768421587559712,0.3157494303570023,0.21191778863159164,0.458639026776144,0.3213518635502213,0.13768421587559707,0.24903396498810051,0.40492017311185036,0.2447289096636628,0.24366908235694748,0.5714137777165282,0.2988570151275293,0.777407213567863,0.661956364469469,0.5210057171259292,,0.7269479512910513,1.7022211581266402,1.6513780661410324,1.500557809005501,1.8839604236482665,1.7532629861799538,1.19235819568813,1.4979904630423762
988,decent-sweep-801,run_5258e81531c2853d9d3e8da00e75d056,0.5370134115219117,0.26381289964904886,0.5768994619795408,0.5353424250306565,0.08141918216620932,0.3765739725183795,0.2232942244832942,0.5595724974764031,0.3360856155475458,0.08141918216620946,0.34008096219191936,0.4019531956322089,0.4036469018517838,0.2778686588130128,0.7132152739684955,0.43489319041666424,0.7715370650004821,0.679320980637384,0.5123017852564798,,0.6891532378288039,1.9568030011912594,1.9194579053424903,1.8149456330660048,2.3563540114245787,2.2720284390298207,1.148213915577712,1.7850716435765888
989,polished-sweep-802,run_0594095bb0265f3f97d3459e5f97c912,0.5446714162826539,0.24181762080721264,0.5226655427554557,0.43307940990672944,0.10727123352644241,0.3665569865164353,0.1955994390802523,0.4922262807904841,0.19810486418193274,0.10727123352644237,0.31913337870209485,0.36843904943752087,0.2844942472993676,0.2476359224850749,0.5263646214507215,0.3162716086177659,0.7826143501896541,0.6622071270952834,0.47803915349056336,,0.6728665959748361,1.7682405351856847,1.725637920554765,1.5812563969165077,1.9960628455978955,1.8726485104015573,1.2086107296745856,1.5707261208130239
990,curious-sweep-803,run_b975a0e18321f6789dfb47ade58867e5,0.6218889355659486,0.21545740296163618,0.47870812650245065,0.3445951469659246,0.1620456008401938,0.3359860806768832,0.16617874676078867,0.45490826595069345,0.10979896696518142,0.16204560084019376,0.27285646243708206,0.4409173135141515,0.35224460967099985,0.3394845108493227,0.4288144116416266,0.2774058140850863,0.8154419221264285,0.715895271342158,0.46868283246695863,,0.7030944531906349,1.597913794969798,1.5674126487936426,1.4522694286268907,2.001799908203663,1.912983783049445,1.0599597091782222,1.6352171250225678
991,youthful-sweep-804,run_8b384bd7b185f0e1b3de90c2a5721adf,0.39470314979553234,0.26620107317293434,0.5006504115804482,0.46369142729738755,0.1302427414710167,0.36647903331797654,0.21921024707059947,0.4578793460501806,0.27864442049719457,0.130242741471017,0.2919713662311421,0.3947789604353041,0.2795598411850522,0.27410358735327606,0.4431050331390705,0.228305184383833,0.7616943778838766,0.634810863823255,0.4838928363651582,,0.6718797237741503,1.7572428297686293,1.6710419196609736,1.490714862369186,1.9506156334605398,1.798541368199467,1.2871624705927864,1.6338015417849734
992,spring-sweep-805,run_0531f267f30e5c5409360ddb9a348846,-0.3410977125167847,0.49080728794298484,0.982704255252724,1.0,0.0,0.5491187001148251,0.49080728794298484,0.982704255252724,1.0,0.0,0.5491187001148251,1.0,1.0,1.0,1.0,1.0,,,,,,3.5292519897898846,3.301207101473044,3.301207101473044,4.785182162344089,4.785182162344089,,
993,fine-sweep-806,run_c523057e9909ffd12676ba98c73f976e,-0.3410977125167847,0.49080728794298484,0.982704255252724,1.0,0.0,0.5491187001148251,0.49080728794298484,0.982704255252724,1.0,0.0,0.5491187001148251,1.0,1.0,1.0,1.0,1.0,,,,,,3.5292519897898846,3.301207101473044,3.301207101473044,4.785182162344089,4.785182162344089,,
994,youthful-sweep-807,run_0b330b6ff745f9a626272feeae784254,0.4176771640777589,0.25351515562010984,0.42758057298658597,0.4147709115231688,0.1920012196361419,0.35214889684531203,0.18833708366885676,0.382509652107854,0.08674891308386895,0.19200121963614203,0.28584814249221047,0.38501439652887753,0.24505509973747644,0.20711170705232576,0.4495810078482787,0.2946156699198241,0.7759313821286369,0.6884048375222814,0.5191860178314563,,0.691389458896857,1.5295052331514443,1.436856397532551,1.2272459291286475,1.6900318550063753,1.5158442975348447,1.1190640212957943,1.429669768710517
995,genial-sweep-808,run_49b4e00a1a947bee5e4e2351ed1db310,-0.3410977125167847,0.49080728794298484,0.982704255252724,1.0,0.0,0.5491187001148251,0.49080728794298484,0.982704255252724,1.0,0.0,0.5491187001148251,1.0,1.0,1.0,1.0,1.0,,,,,,3.5292519897898846,3.301207101473044,3.301207101473044,4.785182162344089,4.785182162344089,,
996,super-sweep-809,run_76ec4ca49d52f8f2567e560abec2ce5c,0.2951499819755555,0.27148666310447506,0.46878544743113437,0.5071755044405634,0.14226632110309315,0.30814665491132437,0.21665901548048194,0.43684763718481073,0.2810300620564082,0.14226632110309317,0.23182735549230957,0.3535079812634086,0.27219629419477065,0.22817439793974606,0.5711266450950522,0.27600446026832354,0.7695127642182465,0.6901034518405216,0.5386681513641682,,0.7425779588256496,1.718033322565569,1.59013520110091,1.4262810402960282,1.8564669757919177,1.71820175774956,1.1073888865415198,1.4643257221197148
997,polished-sweep-810,run_2045523b9cd771652dd171b58af6ce6c,0.2938735485076905,0.25253179005145104,0.47587753530434074,0.38097060681505696,0.18042568689229935,0.3435639110990544,0.20019767654798537,0.4465725911356707,0.10761027089294366,0.18042568689229918,0.29427254464964325,0.4655736345775307,0.39968216851186417,0.2194532239355532,0.4338558111658677,0.3062067514001723,0.7758949501213008,0.6883157738367729,0.5022355209621523,,0.6955709457532641,1.7053877725688942,1.5727381200686157,1.4303600496494346,2.082278098451277,1.9769437919693202,1.1267045390707588,1.769700540581811
998,peachy-sweep-811,run_b9f96adc556e6f73ffaf185b6f656cd4,0.6493300199508668,0.23414636593742083,0.4920077424994538,0.42787336033592205,0.1834552969475218,0.39668200006080345,0.16434747924772553,0.44407501066675015,0.13527925383672082,0.1834552969475216,0.3043152552070788,0.47902130146758254,0.24806196841022796,0.2887579946578127,0.3014980555776348,0.22611631039835825,0.7912606661376389,0.6377985410919247,0.43846171702956593,,0.6444269022774649,1.6512907782056139,1.6305263935186523,1.4203297931960888,1.8938865616543694,1.7162536845975047,1.2925928674931126,1.6121371869503334
999,divine-sweep-812,run_ab70ba3846bf517f40c1f53270130ca3,0.18028080463409427,0.29044153615749907,0.38702611012248556,0.4971089888893017,0.19869227902564623,0.3212209653568191,0.19406669325767442,0.31815532869199614,0.12497863327263925,0.19869227902564635,0.19578647371690996,0.40862055229336347,0.20874851068356182,0.1375311006821399,0.4908506214386998,0.23553430508739362,0.7572975219133462,0.6662567736534406,0.5377619369350423,,0.7384343688477446,1.5546539824833354,1.352540473304032,1.0322352793611473,1.565570406740917,1.2989051691694862,1.177460798131961,1.4170599485113464
1000,elated-sweep-813,run_d6f18e2eda24027b85257f4c67247cbc,0.3034460544586182,0.2784881256098999,0.42960465382494045,0.4575935491063134,0.2149185215299658,0.35705059396439565,0.20615055025825874,0.3734715327859469,0.1803240310653636,0.21491852152996574,0.2497386619021673,0.39544189875340024,0.21641208179892643,0.190363417722866,0.3608355677614245,0.17201961389013634,0.7554313416803848,0.6580112340801061,0.49935972742567936,,0.6931605543696834,1.5937944789443361,1.4603249905996598,1.2123632556153667,1.6713777238410754,1.4597188363340963,1.2165597689014982,1.463206099253261
1001,hardy-sweep-814,run_b10b110307900d13b6ad55f85b95f581,0.36343336105346685,0.25828397691097776,0.5077060764051491,0.5025119839470849,0.15024477419791984,0.3324672732984571,0.2041537160933294,0.47896308784198627,0.3345880866560143,0.15024477419791993,0.24670472341815422,0.45918966096720587,0.3792505172361431,0.2433672806989539,0.4341097778043516,0.2684477773554887,0.7870304972214401,0.6626173728309598,0.48132171051496386,,0.719078960705135,1.7987189830591193,1.702023356751163,1.5645076933905282,2.1459906414565975,2.0386457880100095,1.2052607801848136,1.7779330343251143
1002,eager-sweep-815,run_585c577b5b431e5eeae45483a99c8398,0.20580738782882696,0.2911941118477991,0.44931472635883996,0.45332020363420156,0.21408679743876413,0.3544329255601522,0.19292277820841824,0.412589886880418,0.031440674816989485,0.21408679743876421,0.2693626000821627,0.38732811327367483,0.3722611755972138,0.0882686843533506,0.47769411061854267,0.3003780672573025,0.753836861034849,0.7040423227216974,0.5267571481366179,,0.6984081410779919,1.689697708313359,1.5195823278213574,1.3192846023298246,1.9628369029460364,1.8122113890174003,1.0772486041878366,1.6444034820458313
1003,deep-sweep-816,run_7f39cadc3264cd186c241d3789ffd1fa,0.3391832113265992,0.26873223607797686,0.4745715088508009,0.4019137155809891,0.18509841786089376,0.3471427424402937,0.20155231279052574,0.4320606079527127,0.1082122552116235,0.18509841786089354,0.2929621513835526,0.4338985038053105,0.291632337254667,0.2488965509902202,0.5305282610304699,0.3255691066810524,0.7684390410880098,0.6781869271686163,0.5357780817297721,,0.7035392330518637,1.6883111778028363,1.5766841216961767,1.3853147355073765,1.893843822925839,1.7377596273476332,1.1422604806026098,1.5509579657656807
1004,peach-sweep-817,run_98cd2ed8816214117c0f49a2bb700326,0.6493300199508668,0.2306694662482346,0.4958841955189245,0.4672736055887926,0.13339600907951352,0.3232906227758979,0.18462186834440864,0.45906569677291803,0.2522165657166216,0.13339600907951368,0.2563490931314658,0.44510735551846875,0.253170194553959,0.22603369196224285,0.5280019114843316,0.2699055293498396,0.796754064044309,0.6531866720317615,0.5032340101489194,,0.7180362602418887,1.6734172853900247,1.6524419441522615,1.4849618075320705,1.902820969176377,1.759339316838152,1.2210160538335597,1.543063014158171
1005,youthful-sweep-818,run_603103ad6f2eb46d84ff3ac42def9efe,0.5638161301612855,0.24604207901543027,0.49825169367175554,0.5523763516777523,0.10726869261781347,0.3338634150828526,0.19532349466047527,0.4637746766153621,0.3259187692765037,0.10726869261781359,0.24953052686228244,0.40732850319372743,0.26655556652824236,0.28959380221136755,0.611952884240473,0.2441298556153805,0.788382657853559,0.6636659711518853,0.5121083941790296,,0.717054739154317,1.7256661046297541,1.687662241388006,1.5150062106902165,1.9515387829279718,1.8043125002878881,1.1891282134991723,1.5408847096408396
1006,celestial-sweep-819,run_a56c7b105ea934057f63c7a8d4fcfda4,0.37938743829727184,0.2511119305824183,0.44571925114212263,0.47201144513396,0.17996239455229193,0.3361053490705251,0.18629509496250915,0.4021364719594561,0.25701386050314023,0.17996239455229224,0.23887588369694587,0.4075050588043821,0.241013130612541,0.20204088582404842,0.3626488239448684,0.2190607711006395,0.7916253676529242,0.665229518185949,0.4888075140765049,,0.7110342237660084,1.6107797069952234,1.5074841672154387,1.3106866168912394,1.7493606541183926,1.5829256430641678,1.1939223174103666,1.4876843360682557
1007,cerulean-sweep-820,run_a2ad027d93fcb108492da879e0ba0824,0.34620285034179693,0.2858056699052507,0.5398520183572164,0.5300992159340047,0.12915523257783654,0.3588622262965761,0.2223133675002696,0.5194967375355124,0.2573111367098954,0.12915523257783654,0.30214503816198846,0.39877401977028687,0.4165071495479206,0.23193350998733622,0.6604552134154004,0.4306738129819614,0.7529414452665574,0.6867638142928393,0.5169282136865943,,0.706819303542209,1.903380652649028,1.8102740336555232,1.677617613624946,2.2857576435553217,2.1821999875558604,1.129409297182696,1.795316487059273
1008,jolly-sweep-821,run_0a2d61639560dec4f341d4b55c06602b,0.514039695262909,0.2461850683965873,0.5244398655469181,0.4189104827022407,0.10146102246163229,0.3755028955715568,0.1847799092393718,0.488568366062044,0.17383597785292243,0.1014610224616322,0.3212006975252198,0.4250647437637573,0.3081053076921325,0.24343496259404698,0.4503439887537966,0.2940091898726826,0.7831242089933941,0.6545383788461244,0.49788694981269727,,0.6628585987201246,1.7782055944256518,1.728139116555132,1.5656797390334802,2.043451548202869,1.9080310450578881,1.2217159820497465,1.6376261369679366
1009,fiery-sweep-822,run_72aae4e2b79cd835fdf630ae1c57aad4,0.20261645317077642,0.2864654279270804,0.3953773948154393,0.4564787633309797,0.2527890707050175,0.34232991196745305,0.17782360127536487,0.3455922908016194,-0.03423507116049196,0.25278907070501716,0.24660650238809634,0.43177293980570425,0.3632247740998114,0.029863039938703206,0.43090167365413573,0.29795433488638784,0.7702359719153306,0.7009039751012076,0.5252424576461754,,0.7120872896903158,1.5515882912153502,1.3614948204382065,1.1077606184925581,1.8331148856472401,1.6534133257550714,1.0829453142823633,1.6368911361564513
1010,lyric-sweep-823,run_9f4841c3a1f61952da4a85c52e86030e,-0.3410977125167847,0.49080728794298484,0.982704255252724,1.0,0.0,0.5491187001148251,0.49080728794298484,0.982704255252724,1.0,0.0,0.5491187001148251,1.0,1.0,1.0,1.0,1.0,,,,,,3.5292519897898846,3.301207101473044,3.301207101473044,4.785182162344089,4.785182162344089,,
1011,glorious-sweep-824,run_2974e6235466933e7280d3d2d8ba01f2,0.21537959575653082,0.26406375821248224,0.4536438658383024,0.3867414811787001,0.1787486871972084,0.308111575972018,0.21372647887394614,0.4200097821901701,0.21595630039760655,0.17874868719720835,0.23836996743894898,0.3553954750562955,0.3530759403205003,0.3261190392576275,0.45278528515259353,0.29770412757691717,0.7753408941622715,0.6828357595018626,0.5273575738526439,,0.73511889883842,1.680215974851649,1.5090481144724288,1.3624970835960046,1.9381723296914688,1.8263855208023527,1.1312798642855224,1.661047831679369
1012,sweet-sweep-825,run_02be492f7298c16b0bd35d37849e5c57,0.41065722703933727,0.25969631062310755,0.3257937622927789,0.42212106573520114,0.24036402750957078,0.3211289805826378,0.17502652829308293,0.25702704671516136,0.07142432462561792,0.24036402750957087,0.2187701947504758,0.4594214400679559,0.21122417629058243,0.1553565537570901,0.3751673123336931,0.23849909520133158,0.7789060956577618,0.694172600303538,0.5269783343181157,,0.7366959671502975,1.2597328501183187,1.1432603042953573,0.8344847195639549,1.4101079278775996,1.1737653053619692,1.0990614153871268,1.374516729501136
1013,lemon-sweep-826,run_3ee10ef9ccd26fb0b0ffd261edd218e7,0.5421185493469239,0.24720104557849237,0.5210993516697366,0.5048976255062985,0.099316495578819,0.3613364608156555,0.19360762208659138,0.480045372711852,0.30706774181561436,0.09931649557881896,0.28262088007602,0.4341210763077485,0.24801032533867962,0.2850946588768637,0.4226776382227199,0.21411607271198627,0.7822418655777305,0.6289770630953124,0.4588140702419117,,0.6781255658323024,1.783261724537445,1.741113239362448,1.560836348889394,1.9789660432771168,1.8223724636240157,1.3102980625678233,1.6129824242469852
1014,likely-sweep-827,run_0529f6b7c2d03ec017988c986534687a,0.44894695281982433,0.26269657904177046,0.5767485664928766,0.4888149827208205,0.12460954704068843,0.37668466606019085,0.21948368290474168,0.5430208235771599,0.2752220281669204,0.12460954704068862,0.3346133248520251,0.33297907849613156,0.36658492015031613,0.23704179037767772,0.6141058658380162,0.3799362050478246,0.7607823171687301,0.6337753920707445,0.49158296066090873,,0.674232609882268,1.9669744883080702,1.9063941537595228,1.7528937218878706,2.2683138194275965,2.1409216039247294,1.287213121514405,1.7798389067880784
1015,sweepy-sweep-828,run_6d452592702cb3554b7a236a3ae23826,0.30918955802917486,0.27087205962406335,0.5195383638766612,0.37590204748987394,0.16479909882440627,0.3487314286248822,0.21614475542544373,0.5019512347413442,0.14965255843335465,0.16479909882440624,0.3102739976972627,0.37281991115937646,0.3642183835746913,0.3175372729304345,0.5397855105509125,0.36932453402568094,0.7644272511920046,0.7024828812955337,0.5234367469090166,,0.702584319213093,1.8214616469855702,1.7070076559255503,1.6089328339390596,2.1166601173979336,2.0383914686148406,1.0806347270931516,1.6535254242358302
1016,true-sweep-829,run_b6a5588f6b2dc5ebf3ddf5f695102f41,0.26515632867813116,0.28113970062539045,0.5575692298086229,0.5343614135483631,0.11283836433241862,0.31621091329187784,0.2419505758458325,0.5362045102140636,0.3976961093976439,0.1128383643324186,0.2629751150004561,0.41392758688267345,0.3562095856501844,0.30937798635720287,0.6521816944223119,0.3515198520755492,0.7617065929728115,0.6626318374305114,0.5378967258160318,,0.7335289938215158,1.9835250948412568,1.8637103079209891,1.7583671528782578,2.2381509302472566,2.151222563808055,1.1868007225306607,1.715925240129945
1017,fragrant-sweep-830,run_6eec3968a1963241e9b52b34e22bc569,0.5261647701263429,0.25569260795071125,0.5674398759535034,0.4574003195719222,0.11657604092556834,0.3712287217000657,0.21592149130398794,0.547074188546512,0.27183307940990636,0.11657604092556813,0.3312356127628095,0.3757659309538995,0.3546986665664836,0.22825421149528036,0.6192773531340023,0.3636798613203129,0.7697731184367003,0.6632087594730254,0.5035711631724635,,0.681616808279291,1.9114431735301973,1.8693511950209907,1.7644877418691964,2.2239346552670574,2.136545916140829,1.197384401094856,1.6985702412784363
1018,hopeful-sweep-831,run_08066a004905f968b27d997d1fd14a9a,0.5331844091415406,0.24723114860610437,0.5629494344020899,0.4584073427223068,0.10869668326726972,0.36931107301798155,0.210726210455283,0.5356321480232694,0.2743636431199138,0.10869668326726979,0.3326418884630044,0.3691178469663556,0.32273148800241186,0.29184177760750885,0.5982661931702037,0.35580448442586093,0.7765860068091098,0.6388088791295834,0.47259215579033304,,0.6736236816644634,1.8966219298180087,1.854826458092279,1.7287853899194925,2.1687224191278713,2.061958938967454,1.2777570600249748,1.7016576759243804
1019,zesty-sweep-832,run_0cdb88134b7b99ec2bacd10368a9727f,0.3915125131607057,0.2742661759873166,0.50137887255055,0.46928765188956184,0.1545626249280076,0.36000112252605787,0.1996658563935066,0.47609087030272756,0.14687674185277372,0.15456262492800762,0.2995764802727741,0.41641027879851295,0.432484081752124,0.12747054879800782,0.6072092548357206,0.406493585871117,0.7645914971772305,0.6973005791460665,0.5178185328159769,,0.7028027770659089,1.7619011493998822,1.6760848946003097,1.5257995934468997,2.206656213526935,2.094787690949234,1.0973538738028235,1.8067253790047235
1020,rosy-sweep-833,run_fb1ce88257d0f201624f4de976430454,0.3481173515319825,0.27383971642947985,0.5260164632179245,0.46116457953996504,0.14675695361994787,0.35334236031371485,0.21483276513868693,0.5041210077737192,0.1752963472186095,0.14675695361994798,0.30825267126122835,0.34399882102657536,0.40064494729814504,0.16529280933073673,0.605411777377241,0.3726944946696166,0.7611731114676104,0.6941983452493916,0.5247556524359778,,0.7033398194825432,1.8451441549534526,1.7477397276137518,1.6181043943804192,2.1921256339723887,2.090235027635093,1.1036493977073147,1.723038778640566
1021,dry-sweep-834,run_72023b1c627fc33995b4613dd27088d0,0.09476721286773684,0.28492013917633097,0.5473239465934044,0.35294489242317256,0.1497721651929397,0.3451736446472267,0.2524138865266376,0.5335872540143404,0.22171231095091215,0.14977216519293957,0.31880987292849117,0.3992161410081283,0.47517624574806705,0.39788440868797154,0.5585414310638948,0.39925059301344284,0.7500968203713194,0.709503618917775,0.5291886924669329,,0.7093512689613191,1.9848555416283193,1.789241349830051,1.7204716491137881,2.4035379720512706,2.3527925685353117,1.0620717304910312,1.9244756521865602
1022,true-sweep-835,run_2eb0c40e702a6893a118bdb78d7df448,0.24026811122894293,0.2804799426035607,0.3385938621959976,0.49917877447883763,0.2170943862858692,0.31240757673907743,0.1877626175585942,0.273115627569126,0.0870796328638845,0.21709438628586916,0.1882499584899219,0.421194481206542,0.27851717207279764,0.16485819791633408,0.4586719346119074,0.2584934529697544,0.7665234687714638,0.7041051508242218,0.5504233086476158,,0.749950735761116,1.4045746782830217,1.214210229845356,0.8881211196886037,1.566718752704028,1.330060258428276,1.0640338856114648,1.4534336164898571
1023,fast-sweep-836,run_90da8185a7c5c24df523f38087915918,0.21537959575653082,0.28040217644889637,0.3155328691996296,0.4895618891902938,0.22447403191381243,0.3234816081121217,0.1733006213766617,0.24549655021697733,0.05666084500761807,0.2244740319138124,0.20602484680247687,0.451995469092501,0.28561974098770704,0.13754834041013528,0.41097320181484615,0.2932032527013624,0.7739039522133893,0.7032999482131325,0.5437709334078461,,0.7453665750426004,1.3604815094503344,1.1462574489870734,0.7974516401706646,1.533920452242206,1.2941927726808955,1.067508122372646,1.4760011537191131
1024,toasty-sweep-837,run_e1b7a7fd0a601525004c8fea52c132ef,0.24026811122894293,0.2845162568892033,0.46960756766882084,0.5277990412842333,0.14052241081410713,0.3189891652849463,0.2249724682726633,0.4353699020740325,0.2975065958158377,0.1405224108141073,0.2401192372123625,0.37704878136479286,0.26748843193714517,0.2527531419936362,0.596433887111267,0.2824323806403735,0.7579094261672513,0.6855146619656075,0.5355498122760946,,0.7359648274933935,1.7495933947390334,1.6015099139665232,1.4263913566599276,1.8671862657622882,1.7193437262142806,1.1239804718950868,1.4781348543755268
1025,denim-sweep-838,run_635faa67a9fb1f806da3390dd71a6e1a,0.15156358480453494,0.2867162864905138,0.6224230693182645,0.4551558842109174,0.11063285564251109,0.35831109718347304,0.250943855344918,0.6108509464789319,0.3325443127345693,0.11063285564251113,0.3249689551387138,0.34506025601417684,0.4275500311717315,0.28503123370473243,0.6543375505069898,0.38815282196676604,0.748490236012089,0.6718099887738618,0.5219927595671636,,0.698189922590508,2.191144906608699,2.0404602128114195,1.9760939569285534,2.4883282653387435,2.435825733222072,1.1699721868376176,1.8431317353870542
1026,unique-sweep-839,run_173b728d3444d97df89f97a686e5eb8e,0.3800255060195924,0.2601930105787056,0.40904124129749303,0.4535691724573593,0.2101721042111326,0.3513872940963705,0.16950262272628044,0.3491513429698312,0.017739957638140645,0.2101721042111325,0.259920129152859,0.40414288595879055,0.2691161750869299,0.08949696176398596,0.4871346108532208,0.23917135834483183,0.7768543500681295,0.6755046710235528,0.518002924988693,,0.6975052857072278,1.5044071052118357,1.395196318723499,1.1171895310037852,1.6858674631031583,1.4641341412434632,1.1554597988153024,1.49354065296147
1027,sage-sweep-840,run_b4599ffa002c09598ea99681f3df4307,0.34939378499984747,0.2760096430031784,0.47863007711279704,0.5113262234773883,0.16819290578310808,0.3712653597033413,0.1786664860485008,0.4326017503876455,0.11139311062390837,0.16819290578310817,0.2973875544600535,0.4535820971016431,0.3507019371954952,0.1384569379263374,0.5804241561532204,0.39035734584749404,0.7690687098548263,0.6693058959762651,0.5243821936680281,,0.6908235077770086,1.7249957857868794,1.6212659673898082,1.3841144760155992,2.0207248370360085,1.8359189559220006,1.1718052153957839,1.6816518643365375
1028,eager-sweep-841,run_0859f90d1c6c97275c87db97d47b4c9a,0.2977025508880616,0.260662116092326,0.3640639796863456,0.51396083385976,0.18636294338855575,0.33386107648689883,0.16225531882869113,0.29888753603280155,0.15054810300620552,0.18636294338855594,0.20228855000035104,0.4384284954855147,0.2589823047362874,0.162932030776107,0.45097797044469495,0.2542944818883917,0.7924842292539004,0.670980512999844,0.5361258030648142,,0.7292226178087841,1.4431920380952612,1.287449529324605,0.9707363760386029,1.5959357833352374,1.3534451764797384,1.1579206768812231,1.4934071875817327
1029,noble-sweep-842,run_528b4ce6d0fd62691b2a35c63bf8767f,0.5944478511810304,0.23241544184973068,0.44214458909598,0.4453160417673069,0.1604422874953417,0.31291349299707444,0.19277978882726132,0.3997065342949016,0.252666195979339,0.16044228749534162,0.238917198892129,0.41365460994476866,0.288644022734706,0.2364773489129394,0.47332222079237124,0.3216172126766277,0.7936606944941318,0.6746975925502424,0.5138515893326575,,0.7282855115233415,1.5223985349229403,1.4856788654800328,1.3033255115861757,1.8076025787811387,1.6609764539672296,1.1563445633188698,1.5483275301431842
1030,skilled-sweep-843,run_73fe01a76f29e149d143d98a7ae75dad,-0.3410977125167847,0.49080728794298484,0.982704255252724,1.0,0.0,0.5491187001148251,0.49080728794298484,0.982704255252724,1.0,0.0,0.5491187001148251,1.0,1.0,1.0,1.0,1.0,,,,,,3.5292519897898846,3.301207101473044,3.301207101473044,4.785182162344089,4.785182162344089,,
1031,young-sweep-844,run_f488577979901624ddc3ae88f9365622,0.4342693090438844,0.26135699431303633,0.5115044800349663,0.5006317119393556,0.11077429955618796,0.3387440648383524,0.21163682704054612,0.475133464456308,0.30644346178142773,0.11077429955618785,0.2627365782131723,0.37480271806097437,0.3180608846889111,0.23531994593961839,0.4837492408186333,0.2716601043991194,0.7703567599727874,0.6621689999559647,0.5026359676003472,,0.7032826192400656,1.78523154146666,1.7132740354170104,1.5479715217958347,2.035383929028608,1.8983402356808328,1.2005852091053633,1.6275394503471845
1032,valiant-sweep-845,run_b655009d0f909ee95cc720a00558d024,0.20453095436096197,0.29724983756908013,0.424947706908932,0.5244732637211548,0.20046922112680832,0.3627216891522668,0.1822261690636204,0.38022020334467654,0.02313923674333919,0.2004692211268082,0.28230516962226243,0.460138217996934,0.3863095381319804,0.09801019485149354,0.5177444005338753,0.38079911631283786,0.7562769188981407,0.6974677785070231,0.5224378208979316,,0.6971807854528891,1.6473156172997931,1.4728323755148651,1.2163123904998006,1.9705123640409927,1.7869246211737642,1.0966877520904734,1.7077493364246747
1033,devoted-sweep-846,run_b07aa951318fa37ebf257633e3741187,0.3666239976882935,0.2656993560460677,0.524528321521859,0.4820147894912859,0.16422146559609718,0.3616295648418602,0.19473648562204138,0.49166432518497716,0.1413808479803799,0.164221465596097,0.29509962808529006,0.3370265258329416,0.349302113532233,0.141837414466473,0.5804140629674538,0.3019958230839648,0.7676634348191989,0.6669232449259694,0.4968752573649921,,0.6884711674862065,1.8397834161601943,1.7476366916144244,1.5732923852876377,2.0995376639430448,1.9568018106191722,1.1901747913134495,1.6644339669438437
1034,jumping-sweep-847,run_7d793d6c4e35d6ecba36c96346ad0c62,0.15539258718490603,0.3048257661847673,0.42289760960735967,0.5012522760209578,0.22020954026493203,0.36945762503108387,0.19064999962371204,0.37707741458795146,-0.00596781985061856,0.2202095402649321,0.2665079539546046,0.43810805122840674,0.43821743527304413,0.1383586076259192,0.47196652630883146,0.35344380842539785,0.7468166069834938,0.6999514976946263,0.5151369424570744,,0.6889083251835839,1.6592285581301285,1.4603412183673063,1.2075830419286406,2.064951197653516,1.8946460824602072,1.0952100494545343,1.8250786358550104
1035,grateful-sweep-848,run_9f030f30a5a1bdadafc54e147efc8eab,0.6410339474678041,0.2386894145211988,0.5028670142466154,0.5508974025491435,0.10706118507978457,0.33902781448074204,0.18885886948079814,0.465143142580625,0.32811118130132644,0.10706118507978456,0.2575667220913907,0.4463713911983949,0.2780214833074768,0.2886688163117624,0.6083294426491918,0.25486091502708486,0.7920742378953023,0.6588662798439856,0.5019805619907896,,0.7112924344211164,1.720783808378902,1.699768491563755,1.518850239745286,1.9861393408089583,1.8336964326110343,1.2062249514318002,1.5844605358458028
1036,twilight-sweep-849,run_c77a3e6fbfc3b9b4252d42ea211102ae,0.35258442163467413,0.2635168865441975,0.43686324706274127,0.4335216082642785,0.14857963207643052,0.3412681894044454,0.20067681640414303,0.38999198692932885,0.18155029541823048,0.14857963207643068,0.2471303478817389,0.3820392721264203,0.24975325002152413,0.20869563366642194,0.4207028548095586,0.23246553376905643,0.769725454926997,0.6670858849753651,0.49941549714736794,,0.7017722338212049,1.5860589151365636,1.4716919177151213,1.2626041315865424,1.7260219675860053,1.5515939949035833,1.1882463088228608,1.4917117758979472
1037,bright-sweep-850,run_7761c7ee6f098eafa20c4286d0a78411,0.528717339038849,0.24589658104863896,0.42816334176266757,0.5024934041841624,0.158447674221635,0.3303742299198407,0.1769556306458854,0.3797623135920409,0.21519824607037993,0.15844767422163497,0.23111174513045868,0.44362867099637243,0.202266294881305,0.19069522927774055,0.5067270640856941,0.21214300682638906,0.7880165254178376,0.6670497175564881,0.5136224109619184,,0.7175865647932025,1.5191594518235931,1.4649925672554611,1.2328088775543624,1.669877489746824,1.4704099214934097,1.1790076583324498,1.4256039657127693
1038,woven-sweep-851,run_7ebbfc4ca0e63c58556294424042d420,0.5414804816246034,0.2434005383424771,0.3927133089819238,0.4952324328341571,0.17157570213775117,0.32673771321174194,0.17204131138822623,0.33656978135764315,0.19189922336590998,0.1715757021377511,0.22273255582813184,0.4553668414096683,0.2668660874975253,0.17354063574157438,0.5040615147054431,0.21705561129772835,0.7919299934752686,0.6723656592644791,0.5167852971680659,,0.7269770429653641,1.413411738233896,1.3589468036356556,1.0950870750693467,1.6722400587783266,1.465901122537026,1.1619949177772466,1.5165363787300081
1039,dandy-sweep-852,run_997634d92a65a0ae7f21de8ae89c6186,1.2466496229171755,0.15379135089844995,0.46611615830497544,0.4544535691724574,0.1345385709929871,0.36495660735207797,0.11034264771179356,0.4072565119207435,0.283393407900115,0.1345385709929871,0.25906810069370545,0.6639892076707983,0.1941282753722723,0.48693462737711385,0.4113418758925813,0.17086756297850517,0.8658584479171781,0.6156817254560767,0.35765120981540344,,0.6783184352546159,1.562052116079569,1.5501040469835066,1.3232785000005847,1.8594804190168168,1.6750853294074628,1.3811630192453703,1.7211787118028443
1040,firm-sweep-853,run_8515617548c6f7efa3018700576ad349,0.617421865463257,0.24136607539303265,0.46098571175840075,0.4502062353684366,0.17423433953315037,0.347123254140679,0.1686271263398982,0.42448981715629663,0.0885994574709222,0.17423433953315026,0.2805824039363248,0.500983790800555,0.3411929765207014,0.13096936223648226,0.5445698566511789,0.3129738132449233,0.7896977098777745,0.6913964313733427,0.5196115992485649,,0.7038771916684239,1.572936727222118,1.5446752089579376,1.3558027217466615,1.9540434247808651,1.8084427624494337,1.1078635721505847,1.6308359510564936
1041,noble-sweep-854,run_4aaf5f6b0fbe78924ac2a666bb3d4c0e,0.6429484486579896,0.23579701528481226,0.4506207528123798,0.414622273419791,0.1678566588745469,0.3347505224813127,0.1684916627156442,0.4127095626112203,0.07907175504440565,0.1678566588745469,0.26848406753553317,0.48707364698626376,0.3730523251844418,0.17108812480711721,0.544834170693699,0.31026472949326006,0.7934313341988231,0.6938610391189624,0.5215175797856807,,0.713527930158592,1.5264298439769486,1.5026984031018935,1.3183071013834116,1.9789630486642953,1.842858071271804,1.0994665405724022,1.6932273713627317
1042,graceful-sweep-855,run_e96ccd3875aaf16cbba675a4ce3b90d3,0.2619653940200806,0.2858056699052507,0.5135337641659644,0.4659544424213146,0.15818596063285567,0.368317169737633,0.22156079180996968,0.49177359433049245,0.19575266619597964,0.1581859606328558,0.31907569333523556,0.33281441867087413,0.3638487543324757,0.1657944641317881,0.5908975502292813,0.38072390989773003,0.7507647634947511,0.6998618217358279,0.5137194906760859,,0.6906529857079668,1.843631712523067,1.713466571820644,1.582978512677166,2.0971600069264413,1.9919672119546883,1.0951786143737068,1.6314191979029895
1043,glad-sweep-856,run_69aa72b0bad4cd4071c6e1e3ad32747b,0.33216327428817755,0.2815837202826674,0.5789547625737568,0.4691130021180929,0.1294838567605109,0.3714984397667329,0.22932486434823196,0.5590885912605497,0.24880160529151626,0.12948385676051094,0.3332000333639689,0.3545759027920227,0.38159021251708297,0.2020200278815354,0.6479737423874609,0.4135556978291908,0.7546107233870061,0.6718305770127291,0.5194243027566401,,0.6915352449678813,2.0044847397857857,1.910822485568146,1.8000812928812493,2.2964950765780423,2.205207411191834,1.16966687552293,1.7293836084252483
1044,skilled-sweep-857,run_0e90890e7414989f4fd047466d8ec096,0.2734524011611939,0.26926154764682125,0.6300927226749087,0.42515328304410843,0.1083282515160755,0.37227407409139707,0.2629900835609875,0.6191970278792421,0.39266099364572105,0.10832825151607568,0.36640419824745607,0.6011466790285231,0.5359004476573118,0.40251785163192116,0.635342652990465,0.5067326917178337,0.7707170254513888,0.676983788430688,0.5273602313551152,,0.6948971577767437,2.163052269165129,2.0550974397344617,2.014297900839677,2.760202227262635,2.7299609671036693,1.148631256186447,2.171323239702216
1045,prime-sweep-858,run_2cd8f16ac475df26ce186cdba167a754,0.5625399947166444,0.24551276744658593,0.544644250881958,0.4553156701720486,0.13181471694277877,0.34689641033316415,0.20019265937671676,0.5269946822349183,0.25319757719891484,0.13181471694277877,0.3093292049319431,0.4126573497311779,0.35238516689018456,0.22841681831242214,0.6211951501935533,0.36408977663393766,0.7844769297798232,0.6922215325511114,0.526736403862752,,0.7070851460314939,1.8344092280389421,1.7983221287275524,1.6974746139505437,2.167527593431871,2.084618299503271,1.103496477329111,1.6376562108987098
1046,chocolate-sweep-859,run_973b447f87231d7805c583b855424fc6,-0.3410977125167847,0.49080728794298484,0.982704255252724,1.0,0.0,0.5491187001148251,0.49080728794298484,0.982704255252724,1.0,0.0,0.5491187001148251,1.0,1.0,1.0,1.0,1.0,,,,,,3.5292519897898846,3.301207101473044,3.301207101473044,4.785182162344089,4.785182162344089,,
1047,restful-sweep-860,run_c7b68d1dc6590a601f2e3a29d378664b,0.14135301113128665,0.3065341130017485,0.4556835565545877,0.5480918583478873,0.1887564793170038,0.368049010734935,0.19925695693511042,0.4227883404618445,0.08883727843632716,0.18875647931700382,0.2835212395182184,0.4529027167608864,0.40388021264797347,0.15242941821238917,0.5336046784213152,0.3708679049192128,0.747938462684097,0.7017596742893029,0.5197631714976221,,0.6915527366348182,1.7646966804023092,1.5718914990429176,1.3546568588509118,2.080959092542444,1.9221454329221557,1.0879500672569058,1.7444721863406099
1048,cool-sweep-861,run_350f5a3f1f7f1ace25eb465e4bd9c3bd,0.351308286190033,0.26091046607012497,0.41588877441645083,0.42077589089963197,0.20709506386150356,0.34973858394896873,0.18913983107184357,0.3639391006628997,0.0764631563301252,0.2070950638615036,0.27993461285713284,0.3848855993184375,0.2267127834941566,0.2004641956389873,0.45561505676301134,0.26184072059060615,0.7724117110250115,0.6756996125139846,0.5176497921494188,,0.6962093802447902,1.5256107028938497,1.4052620213054519,1.1688187113008814,1.6361757328649227,1.4382096023110245,1.1559262803171573,1.4277518152047441
1049,efficient-sweep-862,run_245ae6bd28c2602f9821764610921e46,0.9441608190536501,0.20027042553138114,0.5398676282351472,0.5043625283341385,0.11936511163058577,0.3628206897143094,0.1593754625204764,0.5025079870542081,0.3445765672030024,0.1193651116305856,0.28679761244943747,0.553061931713987,0.3066117962906954,0.3835169045110621,0.39706753212210594,0.23309113904713788,0.8206908610468653,0.6366746230343174,0.4190962983280604,,0.6810846606173642,1.7810306382201275,1.7913850405461569,1.633792006116979,2.1452577971180014,2.015526475106384,1.2998669829643454,1.7557690127131909
1050,revived-sweep-863,run_7dd861a435e2d88bdb2834ce908e15af,0.32067656517028814,0.2838815847237169,0.5530371619160607,0.508684181189848,0.11851221330080973,0.37166370054746534,0.22197470843963468,0.5292164881937289,0.23553193861246324,0.11851221330080951,0.3262466080614522,0.3521047401331742,0.3536216471482924,0.20162862220519537,0.6418941211604633,0.39499199958203296,0.7535464798319145,0.6696945772935738,0.5214467692069511,,0.690355237594945,1.9438983898093374,1.843325629111619,1.7045377611113337,2.1938468309285124,2.078596526911793,1.175061383502332,1.67208964999899
1051,young-sweep-864,run_f2c2188d6472a3ca5fd31bcc371fec49,0.3761965036392213,0.2714314742205197,0.5767121434443718,0.4747017948050983,0.1280372327811092,0.3686640614707742,0.23036091021521163,0.554910347267751,0.2855152168258334,0.1280372327811093,0.334453520795185,0.3345448311579591,0.35982757804454896,0.21889729591673848,0.6216624275039574,0.38960008502779164,0.7583683393881704,0.6672565590343214,0.5208689175539772,,0.6831289438328146,1.9850545483752156,1.903939548187054,1.7927186123433994,2.2537925664485963,2.1606561856229396,1.1811580879089507,1.6881142017236144
1052,twilight-sweep-865,run_e9c746fe4327274582e4fa2311888d55,0.5114868283271791,0.24722864002047,0.44392931847272965,0.5075545316041767,0.15239522986753398,0.3367819828331467,0.1853317980789253,0.3951224334759037,0.2531678495782392,0.15239522986753404,0.24531949508154302,0.44007469229975466,0.20897948472883066,0.21297959965520544,0.5303746777088906,0.24933817012546897,0.7884320700630667,0.6660469428002094,0.51800281731127,,0.7148970483704222,1.570665183750629,1.5130981465175775,1.288277613637075,1.7219803413634605,1.5282046671979927,1.179969795049237,1.4380817126560748
1053,rare-sweep-866,run_a36ec9c8141e89e4938aa1300e26b691,0.2396297454833985,0.2803670562500157,0.4685096729210246,0.4655642673999479,0.1996705288477826,0.36046884171681004,0.18174953779309677,0.43180564661317655,0.08768161718256473,0.19967052884778277,0.2894316510253577,0.4049730613366984,0.30447447698466146,0.11498813438474394,0.504291542837454,0.3193030190944938,0.7668468358520649,0.6932839865860551,0.5241096660701973,,0.6930082631327973,1.7291402913699472,1.5780902729297852,1.380319573486513,1.8959539636616012,1.7348068041596223,1.105250712157855,1.5250743127906843
1054,faithful-sweep-867,run_b422d4c57b99d95106925b5359be5ede,-0.3410977125167847,0.49080728794298484,0.982704255252724,1.0,0.0,0.5491187001148251,0.49080728794298484,0.982704255252724,1.0,0.0,0.5491187001148251,1.0,1.0,1.0,1.0,1.0,,,,,,3.5292519897898846,3.301207101473044,3.301207101473044,4.785182162344089,4.785182162344089,,
1055,fragrant-sweep-868,run_1a64d81a0cff3489cd5edd577ec59309,0.16751766204833987,0.28402708269050825,0.4359214510942525,0.3952398647393259,0.245179896330928,0.3487735233520499,0.18270530891977776,0.3931295723934106,-0.02484114302701481,0.2451798963309283,0.2697929017376548,0.3708062758290119,0.3397637166706156,0.1368610924879481,0.4313485619028721,0.26915274130722033,0.763482584121688,0.6987032250867797,0.5198347293394728,,0.6967828765601024,1.658166610724571,1.4619032285421731,1.2567843566804207,1.856820705968002,1.7000379418372105,1.0928387991343138,1.5826935032983513
1056,cosmic-sweep-869,run_3c7fa8e54fd65cd148558543c1477621,0.3800255060195924,0.27468510978825034,0.538717700560915,0.5058563412730854,0.1398194260934377,0.37203319870815965,0.2093414711851311,0.5133672588013696,0.2191854631934899,0.1398194260934377,0.3114464138020815,0.40666186734770554,0.3723540488088563,0.19279272951718118,0.5821388350470204,0.40275069082788456,0.7630328524179948,0.6749844074090512,0.5130285504747695,,0.6859527544415868,1.8821335287829213,1.7981963620589303,1.6514616383451428,2.1960256018714492,2.077581245217263,1.1617426461821534,1.7142532670265505
1057,rural-sweep-870,run_3ad4a1e4bbd7df89da0cfb0754678dd6,0.4483088850975038,0.25979414546284657,0.5333947321865277,0.4927836200810077,0.09341142392519565,0.379389642046708,0.19112913947986984,0.4950568719885945,0.20338523280442963,0.09341142392519576,0.31406018454640205,0.41133203273947644,0.3183808817324864,0.17390288286562594,0.544374074049572,0.345638508069932,0.7781016377972978,0.6513149333239656,0.5155447593031459,,0.6704597579515008,1.8418192597879626,1.7763524699451654,1.590191487184026,2.0901024400336,1.9343756300849801,1.2246422010593927,1.6470727467145203
1058,youthful-sweep-871,run_8053ccb8fb722a8447a74b5c54f7a3e5,0.29897898435592657,0.27575878443974505,0.5317661015890857,0.46304113559510973,0.1429286512856998,0.3702776926788695,0.20554347253475036,0.5086530756662816,0.18826873769090707,0.1429286512856999,0.3231690157863023,0.3938421928216676,0.34234394665786044,0.1760623184241612,0.5966708342562096,0.3903932789658544,0.7676827282710524,0.6898965257290512,0.5285736999874301,,0.6906509656586562,1.8797844093460279,1.765843104140748,1.6324744256928043,2.115728068393881,2.005760738844322,1.112589645213478,1.6111980354954893
1059,chocolate-sweep-872,run_639e0a2b319c1d19396f515648d3576a,-0.3410977125167847,0.49080728794298484,0.982704255252724,1.0,0.0,0.5491187001148251,0.49080728794298484,0.982704255252724,1.0,0.0,0.5491187001148251,1.0,1.0,1.0,1.0,1.0,,,,,,3.5292519897898846,3.301207101473044,3.301207101473044,4.785182162344089,4.785182162344089,,
1060,restful-sweep-873,run_c677fdb589fbe0d8f4c7d50e51bbc2f6,0.19432038068771368,0.2810744773988977,0.35670132059567305,0.4441715283712978,0.2342793983128367,0.3443395454237186,0.17937641578301744,0.29849728908453255,-0.04715172234402301,0.23427939831283653,0.24943464442817842,0.3570645145958113,0.27888249817504945,0.11648650086730727,0.4560400934921474,0.26318035943536594,0.764017979034199,0.7084478514491027,0.5353797248280399,,0.7077231476877524,1.4555982676335724,1.2444474796501979,0.9619799890680261,1.5708176787772492,1.3580221462548892,1.0590496058100471,1.4284273582922697
1061,likely-sweep-874,run_1ce34173a70aa4eb54c5c457b459571d,0.5012762546539308,0.2445068246072182,0.39796863455194464,0.41232581472260404,0.18690923874377482,0.32866471627764127,0.15383650543986804,0.3612958279999582,0.024803983501170752,0.186909238743775,0.25333854060699046,0.48241959143739965,0.36076009398551045,0.15516287286232697,0.5020338410503463,0.28552058835506305,0.8003328206895639,0.7302510950906409,0.5454190591000608,,0.7218700808356194,1.4151071664471433,1.3466946593929734,1.1530948188701702,1.836264996965149,1.6993852696628544,0.986993176937533,1.591363618021697
1062,ruby-sweep-875,run_d6a5378c029ed44af4425b9e0fe460c6,0.4514998197555543,0.25554710998391994,0.5441395314955304,0.45757125339080673,0.1296481688518481,0.36189460571661985,0.21681956496107943,0.5177588377925553,0.25337965887555247,0.1296481688518482,0.32807383103332427,0.3464976001570115,0.31790095879040337,0.2482010024582575,0.5865843974452772,0.38149062784371573,0.7713658707901665,0.665941782044079,0.4910166992887921,,0.6842620321332803,1.8630894227115284,1.7987645968031838,1.6709141559053173,2.1042406219933474,1.9960532650556218,1.1946909622497657,1.6185057972759012
1063,grateful-sweep-876,run_2e03a99128f3e9c3ceaae462fd73785f,0.23197203874588018,0.2870950829212981,0.4565629130113537,0.4735052580729069,0.19541111901616018,0.35848337375206674,0.18432836382519185,0.4179336684253796,0.02778417747389521,0.19541111901616046,0.2805847425322785,0.40926286869531125,0.3906968301107671,0.07608062233289707,0.5260317567893384,0.3364465937514621,0.7609953916168984,0.6960821043550827,0.5256744211935714,,0.6957287922358745,1.7025190495454021,1.5463271812376598,1.3347038691272775,2.0225855331252864,1.8657864040764733,1.0980750568475552,1.704550767165371
1064,apricot-sweep-877,run_635d67e7ded8c517471478aba79799bc,0.30280798673629766,0.2860816143250274,0.5423912251672858,0.4963026271784772,0.1180446861130874,0.3717970005168298,0.22768675792901202,0.5227956250715453,0.22178291405001696,0.11804468611308755,0.3277394118119361,0.3651097903332152,0.3504306611053208,0.18428545584182018,0.634112327023883,0.39349354592597646,0.7532965246958061,0.6908147939615179,0.5211451016446569,,0.6889243673176229,1.9168399548443387,1.8083255788667496,1.6835027700126362,2.1599361494828684,2.0565661543697864,1.116297243003251,1.6252391532927615
1065,logical-sweep-878,run_5e0014cbfe2d8fc1526c393ec94399c7,0.7163369655609132,0.22483700464840917,0.5283839613707555,0.4324365501096205,0.12974472337974727,0.34244606223315655,0.18419290020093768,0.5040429583840655,0.21908884842629403,0.12974472337974713,0.3027616479617968,0.47327998794512977,0.34988286555785636,0.2439902521044174,0.597051199174211,0.3405399968030059,0.801237812813332,0.683860153249697,0.5042100480424847,,0.7028412048089636,1.7491032540466047,1.740531285231179,1.6194196451058633,2.1300597505914216,2.0322955919786594,1.1334717069915394,1.6710665746077873
1066,peach-sweep-879,run_ac877b0cb658b24fc26bd758a3cdfae2,0.10497778654098514,0.29837870110453024,0.43568730292529123,0.5021180929731336,0.18384320899820447,0.33145232265452473,0.2180588062644401,0.3854234959882615,0.1879863252944891,0.1838432089982045,0.22222274191021207,0.3449191567205305,0.2643727789829535,0.1771362896274303,0.500231080712151,0.22767689665022525,0.744201412927848,0.670764554889191,0.541549178104284,,0.722348829122191,1.717970197989242,1.496458047479764,1.2523582610760118,1.757459200184863,1.554888216732252,1.1660059418451059,1.4862186948311353
1067,still-sweep-880,run_31778b173eedef8ce2a3fb06c7e1f643,0.5619016289711,0.24812420509192706,0.5760981549124286,0.5092824495559436,0.10847647118609614,0.3655186499129653,0.20344629494444744,0.5509766580292008,0.2846902753520864,0.10847647118609627,0.31852222562617855,0.37215140719273343,0.39730241854326903,0.2519147804063042,0.6261551709775977,0.33889252592827335,0.7770141206866643,0.6565020417594478,0.48439216253464396,,0.6832507784697847,1.9416976173078349,1.9078325596113639,1.777130193524644,2.3281483886941667,2.2223054625777565,1.2228992671447325,1.8099537181511358
1068,fallen-sweep-881,run_5592961cf55e3fe5552d64d36c21174c,0.923101603984833,0.2017103536854886,0.5336705066966377,0.5115826242057151,0.10979350882542264,0.34920382500754205,0.16826087283728566,0.49704973307108763,0.3792872802943032,0.10979350882542277,0.2883442039068585,0.5197080835679015,0.30349708491165117,0.3999902095371877,0.4878655478709108,0.2631270328972544,0.825023739793321,0.640551733079274,0.41751795142591597,,0.6875053369085384,1.7651266928686373,1.7749495613542352,1.6256552321391549,2.1217067211803133,1.9984865271328536,1.2891596466187234,1.7358358389606536
1069,faithful-sweep-882,run_d535bdd0610f26879cc8ae6c82411048,-0.027760118246078498,0.3081396078077219,0.39190159532952457,0.44122849392441743,0.24648507639665282,0.3520818570946375,0.19876025697951247,0.34184592009823817,-0.029225967076660343,0.24648507639665287,0.2519790368258703,0.28439451675527466,0.2666601383224441,0.06337834817865466,0.44273932063885085,0.24442840547741693,0.7411754441284822,0.7007489254230671,0.5322078223518194,,0.7020976743488596,1.6693837332160235,1.3511111005276253,1.0995208628235473,1.6190968333761702,1.4159517921398346,1.086890854016817,1.4061668032012338
1070,balmy-sweep-883,run_c6d593a5efa69bcf3b1c2c22274d1146,0.48915117979049694,0.2596085101259059,0.6137075541402601,0.5288246441975399,0.09078666531151541,0.388451701367533,0.22427759005195294,0.592082669913521,0.3635019137155811,0.09078666531151526,0.35672319053086904,0.33940647336710583,0.4183526412180405,0.2874024412306186,0.6737327045400714,0.413063272332199,0.7698189500790038,0.6429307278748511,0.48191857150515066,,0.6649700664832587,2.0753292850794303,2.0281572184938352,1.9204304097763178,2.4619926775802097,2.3740343721866277,1.2634778720871342,1.8826477564280986
1071,dandy-sweep-884,run_92fc9178e1fdb63d10607b6223ebf3b4,-0.3410977125167847,0.49080728794298484,0.982704255252724,1.0,0.0,0.5491187001148251,0.49080728794298484,0.982704255252724,1.0,0.0,0.5491187001148251,1.0,1.0,1.0,1.0,1.0,,,,,,3.5292519897898846,3.301207101473044,3.301207101473044,4.785182162344089,4.785182162344089,,
1072,legendary-sweep-885,run_50b4fbc1e3d1f72130de171a5ad61e13,0.4029992222785951,0.25626205688970505,0.46138116199931306,0.4359704210174277,0.1815140427550225,0.36543446045862993,0.1842204946429152,0.4163934938028785,0.092742744602579,0.1815140427550227,0.294154055787986,0.37232689075026526,0.30512927644795956,0.14576104885653782,0.47468243667492116,0.2762462109916912,0.7730272031811896,0.6670901496350539,0.48872829583599064,,0.6753960940410371,1.6356056685767628,1.5441716926177023,1.3328067467328402,1.864236724956863,1.693306284915003,1.1921430663618489,1.58496606937521
1073,vital-sweep-886,run_1726934c28d534c3ccd402283a91e14c,0.26132732629776007,0.27795630545542116,0.4747380142153957,0.39863624540150855,0.2110063692109632,0.3725149494746344,0.20636628862281162,0.4334863101370546,0.09034595518561171,0.21100636921096302,0.29320224723480537,0.32141407591640886,0.28708370061167066,0.21061499004991013,0.35471542906035386,0.23458120238595384,0.7507112781062419,0.6743190823603445,0.48357393072643523,,0.6686035628954858,1.7199738359736756,1.5779519591236013,1.389191580546305,1.8605828600473153,1.703434601404051,1.1787796032485667,1.5366709299113734
1074,faithful-sweep-887,run_26ab8c423279e1f21c7604962d8e4c67,0.43363124132156383,0.25910930158467355,0.5106251235782003,0.4406525212738284,0.1477648473760884,0.38219205953129864,0.19891328070320669,0.4650234668498226,0.18504700680019345,0.14776484737608833,0.30625940797663903,0.37753318331225677,0.2407846190188124,0.26343091870723323,0.38210617064292024,0.2498255045988881,0.7654088593566255,0.6325024358688794,0.4628537000517214,,0.6556452781253987,1.767011144165327,1.6937214773879448,1.495418715669997,1.9132150751962966,1.7401082196717745,1.301577407317581,1.5766430249846428
1075,atomic-sweep-888,run_56c24edc071495ffb03dfdb683e80c31,1.2970644235610964,0.15059541280030905,0.5053750013008232,0.4544535691724572,0.09311583155469728,0.41345441024117946,0.10988106795507623,0.44704609076623675,0.26953290476013547,0.09311583155469723,0.3327666135805385,0.6651368324666809,0.19247448860438632,0.5145173408251656,0.38570058526855044,0.1748892081014947,0.8655047148164766,0.5787672870783023,0.32700505265283963,,0.6110142058881628,1.6878430725862352,1.6683063100906117,1.4433377666149834,1.96490338994999,1.7778704384982438,1.498459597468393,1.8229044277728736
1076,sweepy-sweep-889,run_85594b5b48e1a3a5d36b91c5c2c25760,0.4419273138046266,0.256653396248661,0.4315038556398489,0.4690869904500017,0.1851898905715351,0.36212534718405764,0.18443121583619942,0.37829498506655,0.13049682286054043,0.1851898905715351,0.29318821565908276,0.38309613821890726,0.2636664641707202,0.15359597314007814,0.5232175536673137,0.2789674945839304,0.7750628648876761,0.6718206870005883,0.5086938254286263,,0.686363527783249,1.5470757906474122,1.4655611023549882,1.2174215586297652,1.735921588696319,1.5322107129185958,1.1700406346499919,1.4948409628111414
1077,copper-sweep-890,run_d8c27497c92ddb8ada5d6ca708734e91,0.32322913408279424,0.2753875137658636,0.4494291987969989,0.4735609973616737,0.18272520920147714,0.3471131202248794,0.18045761619141498,0.41410924833234464,0.06757088179554811,0.18272520920147708,0.2741099498682982,0.428208138757848,0.35968786702980066,0.08654896827677216,0.5459036038179447,0.3314063341003057,0.769401728693486,0.7034055009121839,0.5228966898215492,,0.7103092485986751,1.6438202062542093,1.5231429178752236,1.3236296577411337,1.9505309275082414,1.7990558695450847,1.077258604144944,1.6263740809226586
1078,lunar-sweep-891,run_d59b8c6a50112fcd479d024427be5256,0.5395659804344178,0.24694015267252167,0.5556023851893479,0.4904277061424695,0.12125724158959245,0.35123606489136056,0.1977969600959284,0.5317400851258678,0.23191631674779806,0.12125724158959256,0.3032402806003332,0.3635337733251216,0.3785367230685683,0.1921808255914185,0.6325581544410577,0.3332181740577922,0.7811449731661221,0.6682531331655861,0.5020481507000022,,0.6999386235156551,1.8813449778300653,1.8407712726558447,1.708913103903679,2.23392695928558,2.126587589985798,1.1816993710484274,1.7315900741007233
1079,classic-sweep-892,run_73533b470b36923d2c079a6eb6771038,0.26387989521026617,0.285815704247788,0.4042281956021771,0.4677343837092637,0.22367025781752892,0.3370930160949969,0.170792035742328,0.3642356883435837,-0.015332020363419928,0.22367025781752914,0.24994913553800593,0.45585928148829113,0.36793229228147917,0.05620087475656869,0.5032978770284937,0.32919581784645247,0.7666648427112549,0.7203698196416085,0.5316302012564611,,0.7176700103822378,1.5474665112943327,1.3908524047131898,1.1645090626322645,1.8706090857188538,1.7090316839749164,1.0274949837710605,1.6187816040319198
1080,noble-sweep-893,run_81c15b964066cb8e4b715c9568130005,0.8899170160293581,0.20074956538753883,0.40516999157066597,0.4218498011965367,0.20356828268455465,0.36749632255786274,0.13871725982173996,0.3449887088549632,0.16158448218200694,0.2035682826845545,0.25352562828329117,0.5921120627571637,0.23125883063699773,0.34540220711085573,0.3843493929561199,0.1650242710654112,0.8261512700915823,0.6635002155149958,0.4144972590101531,,0.6789035563523332,1.3534041298973392,1.3637759579441846,1.1115413242109466,1.6925101803185965,1.4967397777984437,1.2269302711164707,1.5843180669289376
1081,rosy-sweep-894,run_39b7f8b11646caf3a6f81893f42a4990,0.16305029392242434,0.299008356098748,0.4275181334748629,0.6008100776634089,0.1527196192024935,0.3407903362978935,0.21962165511462978,0.3874319669486851,0.27359815688751815,0.15271961920249347,0.22155936019132824,0.45342666567586337,0.3227185293806695,0.29770285945364955,0.5382753829428606,0.28787192872598716,0.75475509365722,0.6883578006043711,0.5298910271261373,,0.7245317931728452,1.6997573663389602,1.5093363743503612,1.274411594809466,1.9009975056969761,1.7204127814899068,1.1190871793140365,1.6087421610171337
1082,dainty-sweep-895,run_ed815420a34d25d9b91a1ab6e96ab794,0.23580104112625128,0.2741507810481372,0.5850634281373255,0.4542231801122217,0.127394382897991,0.3463390449641844,0.23752543078686786,0.5722633282341063,0.28777080004459155,0.12739438289799085,0.32011091181076684,0.34803406948861104,0.392605305879078,0.2358230905937065,0.6563225028979535,0.4194867475389876,0.7630288594902914,0.6914584017202737,0.5249642300743547,,0.7141195852114179,2.052635110177397,1.924699846089919,1.8477238787342,2.3286474621901383,2.2654388179049487,1.1107625681636029,1.7181161161165497
1083,snowy-sweep-896,run_982626340c23d8dfd8ba8b4575ad79a4,0.29195904731750494,0.2792833472559836,0.49112318275004435,0.4230166103080524,0.1736499305484975,0.35011353883355517,0.2045525812091886,0.4672816958571382,0.12674371075025065,0.17364993054849753,0.29373934477218566,0.36509812668001346,0.3356049416775413,0.20940395236727008,0.5349865965921851,0.3237467359562536,0.7592053499711644,0.7104666100150775,0.5162423420717984,,0.7022408896399168,1.7584893657959335,1.6336958245023323,1.4971397929135792,1.9930919379578311,1.8827854327249993,1.0631553857495624,1.5600489737198793
1084,spring-sweep-897,run_7a4618d116136ba4495b1820e7939a79,0.3615188598632813,0.2547945342936199,0.5124514792960985,0.2725651220690424,0.1706601280617949,0.3264679951450748,0.23451512802566762,0.4951453279635354,0.186310430678905,0.17066012806179476,0.30852940511575655,0.5498257372294652,0.5159545682779546,0.5619091402483797,0.5041574516619666,0.4864559732224743,0.77237549347839,0.7133034749582879,0.5263524695926874,,0.7170999843518124,1.7629563518154363,1.6629122607046984,1.5941762386555085,2.4587432918638568,2.412786618907136,1.0479045155643154,2.0924256885785897
1085,feasible-sweep-898,run_bc867419ac418ea0b0465bbb057607d7,0.46234846115112316,0.26737759983543674,0.594944480867493,0.5407305562781018,0.11413676864179963,0.38581766279161317,0.2284092305917,0.567845732779703,0.327130169819033,0.11413676864179954,0.3515011057661203,0.3378396487112374,0.4287776328547368,0.2771628941459417,0.6650609720053536,0.4161277826944498,0.7575825457243037,0.6403391590499969,0.48857214665026494,,0.6695920994445252,2.03003646885131,1.9757200379946271,1.8394761990812767,2.43576007665601,2.3266134551068647,1.2703872938785485,1.9087538759478297
1086,confused-sweep-899,run_9836645ca072bfd87f14735e40e55b99,0.12284606695175174,0.2921298142894055,0.4980383586733687,0.41805581360781824,0.13568367381508964,0.39089397507524437,0.2116644214825238,0.46117823358621346,0.09307346438259435,0.1356836738150894,0.31534797138494,0.2665107487750515,0.2610800344132574,0.18230118443316412,0.3943156313200438,0.23499954752863447,0.7373013886574592,0.6574631959858134,0.5049012978307357,,0.645592124175358,1.8505652522010503,1.655455393173941,1.4765900339737872,1.8778770203448727,1.7222681769054897,1.2196097352569477,1.5077590825739275
1087,atomic-sweep-900,run_c50915bd877ac48b8cd7de99311e615b,0.1292279362678528,0.29502723069706066,0.597176693411591,0.44636765634870496,0.10722973201883662,0.35828849075591995,0.2733530508164192,0.5858127022780014,0.3258444502248154,0.10722973201883644,0.34606231110965585,0.4229614896015835,0.4664680256514456,0.28993604273749857,0.6778770501695462,0.46505346387811414,0.7467336461202333,0.7023633356805549,0.5318124679578942,,0.7128253532292761,2.1268963545858535,1.9627748681463766,1.900700322942967,2.5082600947953693,2.459988869436475,1.0813044208914018,1.8995006635311127
1088,faithful-sweep-901,run_f885e29a8d93062b116f88dc2dc0d093,-0.3410977125167847,0.49080728794298484,0.982704255252724,1.0,0.0,0.5491187001148251,0.49080728794298484,0.982704255252724,1.0,0.0,0.5491187001148251,1.0,1.0,1.0,1.0,1.0,,,,,,3.5292519897898846,3.301207101473044,3.301207101473044,4.785182162344089,4.785182162344089,,
1089,major-sweep-902,run_9b166c05d90ecee143bfe2682a675979,0.4253351688385011,0.26072733931881864,0.5626164236729003,0.4776262494890566,0.11181183724633263,0.36548590956961263,0.21978722176649576,0.5408562538374284,0.2793207238675633,0.11181183724633274,0.3244139283656878,0.33685851051877913,0.3538652364133436,0.23390884227777242,0.5778821779566269,0.36965218105457814,0.7705440649792307,0.6747204695531666,0.49753012070122055,,0.6854163950187384,1.9296991745450123,1.8605047652543376,1.7468776038361422,2.20949565275822,2.1147043341346032,1.167558878599238,1.66840846108478
1090,azure-sweep-903,run_8ad41f44e93c98586eadb13fa32c8e2e,0.5855137109756471,0.24197315311654136,0.4780160885808541,0.4775147709115231,0.13915624894128809,0.32082106544872596,0.19507263609704226,0.44362232420675823,0.2681580023038905,0.13915624894128809,0.24699159118848207,0.4375976366425385,0.24198886802056405,0.21826815226298035,0.5472514442782962,0.28970831909775163,0.7857632332333957,0.6699038346244779,0.5154075428240125,,0.7198018351572669,1.63853991396281,1.603610043835232,1.4415164629304527,1.8429009666922977,1.7037278283944572,1.17062463058946,1.4815805162355777
1091,glamorous-sweep-904,run_cd4dac7d3363543ae3b967a1197a2413,0.28940647840499883,0.2789848255654979,0.44646332199015554,0.498539630634313,0.16707575295592372,0.37975680161144854,0.19753105001868904,0.3910378487506895,0.12515328304410808,0.1670757529559237,0.2991251312536979,0.3376809203834929,0.24559273105873314,0.13513328863774224,0.5182268804526181,0.2792425247333506,0.7560725351810449,0.6648635654927124,0.5120511436015405,,0.6706670166202572,1.657341212626608,1.5230460515144186,1.2584863334712362,1.7478891784697415,1.522903528366732,1.191955952162722,1.4684026345230072
1092,misunderstood-sweep-905,run_5a6d55a39ab4be754d1622cc322a786a,0.4380983114242555,0.2639358203451312,0.5227904217789019,0.4295826985247667,0.14461666158484943,0.3515073420219969,0.21016679585882686,0.5005307358496456,0.18872208390620948,0.14461666158484915,0.30822460810978314,0.3900406666443665,0.3611687571454736,0.21999680745777864,0.6208822619636374,0.38229893649290875,0.7704579212075271,0.6982613326532009,0.5206791855142857,,0.7083911044847573,1.7981582392920026,1.72838122622606,1.607823461185134,2.119495386047999,2.0223885162464215,1.0921997266332937,1.6425161403060546
1093,smooth-sweep-906,run_4d63b4be639e62ab7ef9fb363b731905,0.10242491960525515,0.31205801856855087,0.5091213720042044,0.6001374902456243,0.12529305146186945,0.3317095682094384,0.25490742064716476,0.4832922273214492,0.40738359778529193,0.12529305146186945,0.2609810721838821,0.4440076854514558,0.3360137136881747,0.3665372622886271,0.6094261988492548,0.3172326714657459,0.7395333850371764,0.6867785820166143,0.5421201795807563,,0.7251533696967633,1.9385179252352516,1.746307798890471,1.6020777005934363,2.1237079544317927,2.0067878577442957,1.1218615575428987,1.6489748031864422
1094,resilient-sweep-907,run_11bb87252509c4320cea244f49be6302,0.224314033985138,0.28823147221365114,0.46570509818613226,0.4511872468507301,0.17956940068435143,0.3622407179177765,0.20963246711871383,0.44006327203854606,0.10693396752257447,0.17956940068435145,0.30097418112113855,0.3938301978675532,0.3456162606644506,0.13855165001223804,0.4987323325075425,0.33664258436047706,0.7555972065928285,0.7146917439338358,0.5230969334393419,,0.691457814152764,1.7245495163545472,1.5669906502786612,1.4113601519998755,1.9555726728738634,1.8332327346748412,1.0493699395901082,1.5716176541848947
1095,fallen-sweep-908,run_8a741aa66785779baf5f44f34556ae12,0.18985331058502203,0.29095328762690303,0.5351378352221285,0.46105681691501604,0.12930768709557205,0.3903576570698485,0.22952304261334414,0.5020344874236418,0.19986250975437564,0.12930768709557214,0.32746189842542345,0.27583161218107605,0.2985393382480455,0.20210792921069717,0.43222263815004186,0.28268440006579887,0.7412861233581106,0.6565082813038701,0.4868033130153053,,0.6509546245380129,1.9320031246496772,1.7779066991456471,1.6164813996835818,2.0418472736742648,1.90294513154401,1.2288894651787663,1.5869333242992318
1096,clear-sweep-909,run_a84f73687f7ee7565c409a8b355047a1,0.4878750443458558,0.2506779452676786,0.4692329305984827,0.47444911002935597,0.13574126774401193,0.3153682392165392,0.2094066944116237,0.43541152841518127,0.2935936977444167,0.135741267744012,0.2523508735825188,0.4035349789895541,0.2722278379732093,0.2137264416988581,0.548054178010034,0.34064023277236677,0.7789791179511796,0.6712506846636633,0.5204533275926967,,0.7247081682404195,1.639868701997758,1.5778899904086083,1.423334259331969,1.854544755635925,1.7249579248819722,1.1660087326686954,1.519597247129874
1097,atomic-sweep-910,run_0c295fa5fde9f969961aa73be50077c8,0.5236119031906129,0.251402926516001,0.5576889055394255,0.4128460480844264,0.14270420435681136,0.36365011174591,0.21417049853122297,0.5396751064073345,0.23637545984913208,0.1427042043568115,0.32413095825528265,0.44728957371705597,0.3569955986989736,0.29135140312230634,0.5768158552131473,0.366805266250591,0.7729207385500754,0.6807564657863592,0.5136471363289871,,0.6884672375192692,1.872847199271265,1.8286099760466585,1.7361551097807133,2.2143230618541345,2.1386085997627964,1.1433584041558442,1.6931274665882388
1098,neat-sweep-911,run_643cfb6cf7b0d428adb970f9ebf7d27e,0.48659861087799083,0.271418931292348,0.6445266564682132,0.534409720931961,0.08110410949622253,0.39482593440550173,0.24614743961207236,0.6311021614477641,0.3943480361190593,0.08110410949622264,0.36719152555188916,0.3892452058047116,0.4819975013952094,0.3083436026774788,0.7078767332412434,0.46571718785609395,0.7583635678317842,0.6474996896928198,0.48570528051782547,,0.6673120402256129,2.168714099451545,2.1244783112734753,2.049145753102725,2.661430370334292,2.6016921106320905,1.2511802074460805,2.0335327468647133
1099,volcanic-sweep-912,run_5221e42710a461236f58111ff9df88a6,0.2396297454833985,0.29059957705246203,0.4495072481866525,0.5299617256883802,0.19535267811769488,0.3690585046549753,0.17561604591715127,0.41140873945032413,0.0674965627438594,0.19535267811769516,0.28380109150068494,0.4719217002499508,0.4731731521243992,0.1297193755387415,0.548295652600027,0.43522033068933813,0.7638656946705354,0.6972101895086885,0.5241243433861646,,0.6970154430062961,1.6969354779636188,1.5446278537567049,1.314522076850312,2.205525047028804,2.050959243134105,1.09500399272547,1.9176807008871641
1100,swept-sweep-913,run_4242bd3b486fa82947607e77cb0f6194,0.3640714287757874,0.2736390295787332,0.40987897141311025,0.48827616959607584,0.20184131178642817,0.34784120309848376,0.17781105834719327,0.35933418667332684,0.040028241239642076,0.2018413117864282,0.2739197440640588,0.4427252263980737,0.30931072810233534,0.08053804978237504,0.5034517120817351,0.3030547331042744,0.7669013184878856,0.6931631222659533,0.5323756066547327,,0.7006279988165525,1.5240821754621292,1.4118426429212638,1.1508386549334797,1.77553454405,1.5759609381050796,1.102041861251195,1.5406880062796426
1101,solar-sweep-914,run_8b62fc3d446b279e6295c867e82825a1,1.35577529668808,0.13801234725849218,0.4559333146014799,0.4666716212701125,0.10087661347697939,0.36948958584245195,0.09945036888751754,0.3939100662899482,0.2983018096689088,0.10087661347697952,0.2663216458102884,0.6842532226114942,0.20000288639625574,0.5321348529834307,0.4468739557327783,0.1930810759226663,0.880850302515862,0.6125496700168387,0.31914001565035344,,0.6682664900082784,1.5566342979220542,1.5217035465982178,1.2847278889979477,1.8619783037972926,1.6738898616251223,1.4067496403908437,1.7692727519582776
1102,flowing-sweep-915,run_31d9aa4c3bc516ef218647bbf2ce7039,-0.3410977125167847,0.49080728794298484,0.982704255252724,1.0,0.0,0.5491187001148251,0.49080728794298484,0.982704255252724,1.0,0.0,0.5491187001148251,1.0,1.0,1.0,1.0,1.0,,,,,,3.5292519897898846,3.301207101473044,3.301207101473044,4.785182162344089,4.785182162344089,,
1103,sweepy-sweep-916,run_9b1b1ebc6c74c82543dc06b5f095cd4c,0.1834717392921448,0.29886285813195657,0.4396209921638414,0.5602504552041915,0.18730392655080128,0.3626523108056386,0.17530999846976283,0.3950704005494677,0.050540671101037084,0.18730392655080097,0.2774104882910401,0.5033767483206825,0.36685819430743755,0.14117613255435302,0.5576512477821188,0.3904977136179051,0.7616965879221784,0.6905066100022391,0.5246572378948011,,0.7019628938013924,1.7068289722764556,1.5283539341522003,1.2625744211340493,1.988726714884816,1.7925574934601187,1.1138226260122357,1.6910851665941713
1104,light-sweep-917,run_214479be705391a9e2d4ec440c61a343,0.508934259414673,0.2528428546701085,0.4778443799236157,0.5169558916428225,0.1387115899312261,0.33181090736743474,0.20935401411330276,0.44341939579365824,0.32707814648285066,0.13871158993122598,0.2610543481904333,0.4007940665487599,0.23438031973950899,0.25958411816662946,0.5521086792641614,0.2729700289791315,0.7788555700722494,0.6623837781199293,0.5063256230546745,,0.7141372591589881,1.6708505228555575,1.616949417052928,1.454997189960221,1.84170751160568,1.701287149128307,1.1968568761995548,1.4865488633419148
1105,genial-sweep-918,run_a0a1dd9e9c9248dfdfb9858915e1629a,0.507657825946808,0.25814600470108945,0.5195747869251663,0.42574411950503505,0.1321374123386523,0.35819806504570795,0.2098456968976322,0.4975648590428021,0.20283898777451587,0.1321374123386523,0.3124083562710621,0.3916501220839965,0.3419045670519522,0.2424906086049655,0.5946227786945144,0.3392789935704911,0.7681069563420997,0.6963428702149015,0.5198256115992732,,0.6934346651162037,1.7672686450361363,1.716821775001579,1.6002770888226447,2.080542201018623,1.985463574108204,1.098370771491202,1.6086010054597204
1106,celestial-sweep-919,run_5b926ec39901fa1c9f2a4ac19f5bb567,0.6748563051223756,0.23306265694338874,0.5288262412454601,0.44387796811712676,0.1102059829928516,0.35557493991757233,0.18934804367949323,0.5030803492450022,0.22048233064546097,0.11020598299285196,0.31167949386547306,0.45117343890188266,0.31668386540956345,0.22311166448509612,0.6015082217608678,0.33727569208460767,0.7929840498057235,0.6788106177281941,0.5033958715041504,,0.6922602244888704,1.760488002571014,1.7458286820130193,1.6172085572791284,2.0746423257628295,1.9676347503142257,1.149390036895833,1.605403516198557
1107,driven-sweep-920,run_1d48b85d870c41fc3536398b68c1f8b9,0.42214423418045055,0.2560839473096673,0.3372201929380913,0.4341533202036342,0.2356658874546871,0.3160971016221281,0.17815724316473117,0.2753010104794314,0.0850915982312064,0.2356658874546872,0.20843749829477395,0.4475270932744806,0.2738939986696089,0.12572550521980652,0.3879447705138688,0.23783861840712328,0.7808813930683579,0.6995138509040949,0.5308035876775686,,0.7428017176389744,1.2882472498657906,1.1795095077046114,0.8926853012633054,1.5354182836332688,1.3278379697995222,1.0821633403626134,1.4619658416579122
1108,peach-sweep-921,run_c1ca5ddb09ba3d56aa093ef00c7d9d07,0.8988514542579653,0.19839149489126537,0.5449928714890783,0.4415740775147709,0.155575600501406,0.3970476005615749,0.15733598239976337,0.5071649339702164,0.271435472483371,0.15557560050140604,0.33246961189441093,0.5186316244162447,0.2943751672273183,0.4275420617437666,0.4584828263728564,0.2455619947069517,0.8215408980765203,0.6210000539696503,0.39188508761507895,,0.6306258891916533,1.7819626802988493,1.7901170774330157,1.6341953768047777,2.126701088099402,1.9972313077798398,1.3557510791566183,1.7766258345077035
1109,worldly-sweep-922,run_66663bdec313f29f2c86af32cefb23af,0.19112944602966314,0.27305202054029915,0.4531287398665875,0.40250826799450024,0.14192499237727416,0.3501961692239214,0.19278229741289565,0.41486372576566444,0.06868938352346632,0.14192499237727427,0.28585048108816435,0.3412633596895855,0.3076742212941,0.17843863401760154,0.46364367679591867,0.2688009088878578,0.7677468415378295,0.6872087036001564,0.5232570745262628,,0.6913263439096814,1.6939719678362533,1.5132173871112795,1.3277809891568384,1.839772309804093,1.690543594951728,1.122323169875709,1.5344525371955493
1110,rosy-sweep-923,run_39d1374e71c228c8dd8f4fa8fcdc1f12,0.3264197707176209,0.2765615318427318,0.5004995160937843,0.5586340158299579,0.1231129518582512,0.3113403974521777,0.2172485331045505,0.47149636289844243,0.3268254617071086,0.1231129518582515,0.23683584849328176,0.3844323909397251,0.31404885387927806,0.2937298470772276,0.6312614373390556,0.28280748600021427,0.7645668966883863,0.6895214763119298,0.5390349708166883,,0.7371493914365235,1.8085297744365532,1.7010455316183122,1.5417846833526205,2.02827222362659,1.896689832923999,1.1099038881723695,1.5659562425165878
1111,trim-sweep-924,run_40c3fbaaeff5740a6bd4b575b7faa726,0.3391832113265992,0.2626740017710614,0.39081410716701537,0.4956114599977704,0.20377748416166952,0.3368934559069426,0.16395112271750079,0.33323447077310514,0.12697409981048655,0.20377748416166955,0.213414030484378,0.4387075913947099,0.25778786307882456,0.13554619076503957,0.3909613643342107,0.21929302388364671,0.785857545842703,0.681023764960168,0.5187716920438415,,0.7199860167847973,1.4864946051302241,1.3571974852964688,1.0739899989186712,1.648444102231188,1.4243726555445577,1.1379349982546096,1.473186683464946
1112,iconic-sweep-925,run_e0a960372ccfbc3511ba04ed862663e2,0.3940650820732118,0.2552385539508969,0.4507092087873206,0.4064100182081675,0.18072636108005558,0.3539527338576466,0.18192764737313474,0.4067934188754645,0.0571996581323622,0.18072636108005555,0.2774354333145465,0.3686079389621814,0.2454946003260182,0.17350615628558352,0.44697731377698063,0.2369145039990228,0.7755909143380939,0.6787882973306492,0.49907657657095045,,0.6859968644123193,1.6011602469833657,1.5038961836442812,1.3004531234047132,1.7407917503271586,1.568384682723066,1.1545792710701703,1.4497260017024542
1113,earnest-sweep-926,run_d3928ec300a0f3fcd16915341a557780,0.654435157775879,0.22768174075774336,0.48181969550331466,0.4195161829735051,0.09007012907815837,0.35788157505996554,0.16430985046321037,0.44435598846950336,0.12435063728586818,0.09007012907815863,0.29311338058856223,0.4660393755395115,0.2896422022527411,0.18562334386872262,0.5546785792668446,0.276711474711296,0.8028910694940146,0.6698978756094216,0.5031926629213742,,0.6819609119642775,1.6176869529383953,1.596663706796207,1.4202053558692624,1.9078547563168025,1.7628267162260107,1.1727504363384809,1.5703242864238391
1114,swept-sweep-927,run_7cfa42c2645e997672c3564ee2ebd415,0.2192085981369019,0.28255454292315446,0.4382161031500735,0.48103377800899244,0.19900989260426197,0.35763836108077435,0.17498639092293383,0.3975679810183885,0.03361079112630492,0.19900989260426208,0.2854505811800714,0.45707765187192767,0.35893012617336134,0.09223786567910697,0.5265937996450661,0.3906147889342971,0.7719737700110565,0.6902913755520255,0.5273985652050137,,0.7040252087062728,1.661734707890915,1.4938420585565517,1.2697845949604,1.9332098319547515,1.7658111665896754,1.1110996347348043,1.6553786747333248
1115,warm-sweep-928,run_24c7359c58cfc4ca6c477ad7b4fe44c2,0.655711591243744,0.2289084391329324,0.46678217976335423,0.41086172940433274,0.14226293322492126,0.34485169793759224,0.16654500026340152,0.4331376895299345,0.13062688120099575,0.14226293322492112,0.2840248171802611,0.4856902182266551,0.26946093077149946,0.22480818142153267,0.5306883244242177,0.2700915800381605,0.8008235585195937,0.6858976702369117,0.5135773789336266,,0.6951335478948978,1.5704132903599985,1.5492134996964357,1.385959306804617,1.847319167409687,1.7127197198479018,1.123779763455401,1.5084450919371968
1116,vocal-sweep-929,run_48a63f13ae42a41e9ee83af73e11e96f,0.5025526881217958,0.24549771593277994,0.3197111131924283,0.4396269183605216,0.19746840803604707,0.31617427528860226,0.1728039214210635,0.26225635582196394,0.10788153543160793,0.19746840803604693,0.21428320864719258,0.4553852268969519,0.19391636300025658,0.14264299928699886,0.39652793325940355,0.24488224025348085,0.789433389848765,0.7141700863654807,0.5276434860449484,,0.7432598806501663,1.2094947765201125,1.129465765246029,0.8539810200676266,1.3709307799363357,1.1545743246538076,1.0413675474439936,1.2993093001220188
1117,toasty-sweep-930,run_857a11a77bcc9730ff1ffca6b308b2b8,0.42086780071258556,0.2573934290107894,0.47407719604966037,0.46781613466612143,0.1729613443100586,0.3752152482692442,0.19016835118192002,0.42195061034622716,0.16405187469807897,0.17296134431005852,0.3098016013146027,0.3788991241619121,0.22952489877190962,0.18799008183549892,0.4885184170117869,0.27289773258208344,0.7727442057824754,0.642214553380037,0.49975213094778426,,0.6686388308220099,1.6738392749151603,1.5914129543569022,1.3577555726634822,1.7995323837088066,1.5966282609989326,1.2577747750003516,1.5125207414607311
1118,confused-sweep-931,run_b93556db50cff62c07b195eef1ed399d,0.277281403541565,0.2590842157283302,0.4792336590594529,0.5081713797331945,0.13553291323644004,0.3082074584061221,0.20633869418083378,0.4493459461147013,0.3482590762141874,0.1355329132364402,0.22927049058286414,0.3822654770486958,0.3351446293800482,0.26175909076397536,0.4446220974948907,0.27246355189414667,0.7883296775067122,0.6817830394229158,0.5175738622139288,,0.7437113671561958,1.7541976287185854,1.6192627278408596,1.4774903836502529,1.9899436485333877,1.8763906246682005,1.135851946264465,1.6211180050806053
1119,likely-sweep-932,run_8c6a1406f28ffa2f8596aa37f2a3742c,0.601467788219452,0.24140621276318197,0.4463072232108478,0.43910668499869937,0.16394874140325916,0.35346474683529505,0.16406651765668018,0.4029637954897857,0.09631005908364611,0.16394874140325918,0.2804444267750527,0.48242943831202084,0.34674864699290886,0.13840394172546264,0.5318122437886873,0.31558046398537315,0.7906548306475026,0.6792907168363137,0.508997019928471,,0.6947957782103944,1.5308638017599796,1.4976625171489686,1.2884066339677174,1.9228190427656762,1.7647185924110818,1.146060107256161,1.66363873043198
1120,blooming-sweep-933,run_e85248a74ce32b425f947177c2957ffc,0.5650925636291505,0.24692259257308136,0.5616642211191243,0.5207573111367099,0.11545804112884102,0.36298673002702636,0.19450820432931712,0.5295911252640673,0.2589907472780646,0.11545804112884077,0.30833686071556365,0.3903559629092026,0.37999541371349405,0.22609796847896643,0.6388672792679443,0.33166901376363106,0.7805340820292712,0.6463459173181471,0.49125273900725885,,0.689264768581916,1.901315236399931,1.867304452058869,1.7057482957082724,2.265896981383058,2.1347225725779118,1.2480789905666148,1.7902972882333708
1121,good-sweep-934,run_cccda174d248647c82ca040393e2a3d7,0.12156993150711062,0.29108624266552274,0.41890148085708645,0.4927204488870721,0.2083316393942474,0.36566442239408303,0.18755189636531028,0.3687625529435029,0.05451302441380874,0.20833163939424748,0.2618853292860033,0.3707225124860443,0.3182062222386139,0.09358703402185824,0.4480435119875259,0.29178508075306303,0.759630906523195,0.6895225471561834,0.5170879210938969,,0.692327362491464,1.664090542196097,1.4430139112507576,1.182372863438206,1.8002874384325087,1.5989844593083877,1.1202427702494306,1.5536053479602836
1122,ethereal-sweep-935,run_93842027229755ea0b940ad8c579f3ff,0.5548819899559022,0.24513647960143595,0.48428605621637383,0.5086656014269257,0.1270149405427381,0.3253376737674235,0.19886310899052015,0.4472906455204855,0.3095351343316856,0.12701494054273804,0.25676848133917357,0.41206992256432545,0.26017288202645733,0.24498845363896601,0.57174794985457,0.2856727158311377,0.7880718275051726,0.6679818426316724,0.51562080103394,,0.7179183037320831,1.6739774727865133,1.6322262190525214,1.4615224087246956,1.8896779299871709,1.7443531752837629,1.1755412910274972,1.5128177602833413
1123,peachy-sweep-936,run_12b3900bdd7c8b55623efb8c372fb8a6,0.507657825946808,0.2489244439092795,0.5235084761637165,0.4538813124744527,0.14772419283802554,0.36568858788560527,0.20519477913157777,0.4977521775779712,0.20533610791126322,0.14772419283802576,0.3199596826057573,0.36092576943127,0.3193443486706826,0.23474209579755026,0.5329311302929828,0.32863438822930585,0.7722927690547019,0.6666361208911611,0.48931940929440465,,0.6792195189375964,1.7857828278706012,1.734526699345283,1.6005749334008466,2.052745055675363,1.940881116990201,1.193297954281795,1.6214621181363205
1124,super-sweep-937,run_c8eed42dac119d82c11a35b7eb8ca651,0.11454999446868899,0.2889163160918243,0.6115637975711029,0.399357140202891,0.14445997221939902,0.34820446500330127,0.2574737037510882,0.6001893998522264,0.29693805507041754,0.14445997221939885,0.3161064560059429,0.3902582425884433,0.4497557879608354,0.37278911130266373,0.6109445256047547,0.40681539445310994,0.7414580271301665,0.6888333395160245,0.5221891227196263,,0.7005135432520015,2.1641651098569903,1.9957608945289493,1.9382306554231523,2.509409781918402,2.463902185371577,1.124008048080779,1.8914201007727323
1125,stilted-sweep-938,run_fcd070cdd9620b7b6c6d142bffe828da,0.38959801197052013,0.2679821689733112,0.5390038816563122,0.44799895953327623,0.14543568113290647,0.3585379409909879,0.2232892073120256,0.5110726067455488,0.22593363308684158,0.14543568113290625,0.3172321001916869,0.3349872503450652,0.3435205034425053,0.20033904798390964,0.5671535224638031,0.3636071102485145,0.7568546530998393,0.675373984679593,0.5095558554551067,,0.6914983364396438,1.8650859227228536,1.782629898502843,1.647075034817405,2.123719593056255,2.011286087361399,1.1633897097987513,1.6388688696050067
1126,fine-sweep-939,run_e05ee36de4adbac0f58b9474e40c6b3f,0.26770889759063726,0.2857279037505863,0.5429219610169316,0.5588012336962579,0.11055493444455737,0.3182345783238659,0.24070380878556852,0.5167285858491251,0.4020400579688604,0.11055493444455762,0.26378738732839574,0.41548805937158423,0.37534083032046145,0.3302923304494036,0.6795408553789978,0.3240433425420807,0.7600817381146877,0.6651141823031417,0.537072528736578,,0.7339901576859115,1.9483715341261494,1.8279884603866814,1.6998996576597838,2.2432281541112724,2.140137749352234,1.1804015100724625,1.7560975101263447
1127,valiant-sweep-940,run_d8eb2561fc5cc34d89a8a6419c31236a,0.4878750443458558,0.25743607496657306,0.5806302228049911,0.5136784214633422,0.11363028085510046,0.3883628347212901,0.21279328501797398,0.5513356852216085,0.27899372004013206,0.11363028085510062,0.3415846793901875,0.34528473080125793,0.3931953826664521,0.23154976641232747,0.6097047708481811,0.36768506950092156,0.7706632203508814,0.6426310473775779,0.4975003921890527,,0.6611530278012874,1.974196557394062,1.9239161649398868,1.7784343833716154,2.328157283962851,2.209455087823841,1.2578660092929033,1.816890152564742
1128,distinctive-sweep-941,run_ba66ef8edea6850ebf25893917693cee,0.26005119085311895,0.27809678625094386,0.4798580541766831,0.47174761250046443,0.18738608259646983,0.3617043999123807,0.18606179649851637,0.44583892687292537,0.09751402772100629,0.1873860825964699,0.2953475192563889,0.40419721718891344,0.37712103281937354,0.10171333099213564,0.521659440457733,0.3874285950119815,0.7696775712151848,0.6903766540586183,0.5179985460915838,,0.6960851744433437,1.7529140228887727,1.613233136904061,1.4254302735913271,2.0490107076434723,1.9046719378682864,1.1153654048295245,1.685219188213455
1129,denim-sweep-942,run_82dc6dfb114468beea5c3558f9cbe612,0.5957242846488954,0.25062024779808895,0.594871634770483,0.7265839247891197,0.07022393874716266,0.39497716361051155,0.18947598154684425,0.5638496040294297,0.5144104641224777,0.0702239387471625,0.28484332576407784,0.5437032308487278,0.4915641771891564,0.5216482031308197,0.560078701789054,0.406985847027189,0.7977541496978413,0.6392254839194956,0.4502599127384845,,0.6772062677456934,2.056717207670923,2.0321066229195273,1.8654176564038654,2.6671221908519467,2.5424135160993715,1.282458600516197,2.151460786549326
1130,fallen-sweep-943,run_fff51bb841fac4c614c873ca7fbb6bb8,0.24856418371200567,0.28310141459143917,0.42522868471168557,0.49292854223180105,0.20700020327269034,0.3613013818763491,0.16527816451806318,0.38382088185403723,-0.019248634387425034,0.20700020327269011,0.2745363538638673,0.4301811287540424,0.43705314963222425,0.10262277985293022,0.5065660563191038,0.3635781196721348,0.7701038596669638,0.70611265013905,0.5170450531090428,,0.696376090252687,1.6173523662960627,1.4599038672826177,1.2251008428143166,2.0584122755711647,1.8991087039923933,1.0722851580383823,1.8043107422682816
1131,legendary-sweep-944,run_fd2654ce57b9b3e0e130169004159cb6,-0.22112309932708746,0.338250161176627,0.4022769608608328,0.4939950206235367,0.2670130772097436,0.3797575811434331,0.22867514066893946,0.34753832225032,0.03304596633346944,0.2670130772097437,0.2620685193023811,0.268530945746718,0.27952853330589894,0.1318588044993562,0.36067796634147137,0.23618111608970813,0.7125200917034837,0.6737896142434424,0.5275994030688255,,0.673613919719625,1.831240081612818,1.4059558258818599,1.1230374927741926,1.6874742684853714,1.4601612351537214,1.1704440095149893,1.4969291238661306
1132,stilted-sweep-945,run_d6bf19bd70703ab3102e217a976952a5,0.47638803720474254,0.25779981988355144,0.37745725495093296,0.5324514139199583,0.17438171223362808,0.32846593562157156,0.183435307339369,0.317796301499589,0.20753595184125426,0.1743817122336281,0.21384043447994694,0.4515896821707832,0.2572350519755548,0.2113382072811246,0.4996328576844147,0.2178360769504227,0.7790309962916406,0.6809049936347795,0.5256412750086493,,0.72762903738775,1.4079821692473955,1.332180561511198,1.0424320485065302,1.6385972192753357,1.4131384837665744,1.1366880537102013,1.4840335339863644
1133,solar-sweep-946,run_d1229f7643027f4ae041375bea120e05,0.47894060611724865,0.25145058964305333,0.5547750616590179,0.45427891940098836,0.12863519327844972,0.35125321459502146,0.21406262934894693,0.5356269447306257,0.24453569172457373,0.12863519327844994,0.3137374583047829,0.32672454006098256,0.3678366051283615,0.2288273792420905,0.6092426760315982,0.3527806156832424,0.7734479780763329,0.6776010899600773,0.5045385428656397,,0.6990694156015584,1.8856367409851933,1.829576570147213,1.7246978729695377,2.2044271367691164,2.1181905788474498,1.1559491537661624,1.6877105857892676
1134,avid-sweep-947,run_5182d1dfcb75912dd725334775cac0df,-0.3410977125167847,0.49080728794298484,0.982704255252724,1.0,0.0,0.5491187001148251,0.49080728794298484,0.982704255252724,1.0,0.0,0.5491187001148251,1.0,1.0,1.0,1.0,1.0,,,,,,3.5292519897898846,3.301207101473044,3.301207101473044,4.785182162344089,4.785182162344089,,
1135,swift-sweep-948,run_48ea49da3385264917e716e01a26a25d,0.17262279987335208,0.30262573658345693,0.42171125888462224,0.4779458214113185,0.23224497747061015,0.3722210659164451,0.1863076378906808,0.38170834504074164,0.003247742558804768,0.23224497747061024,0.2788159844592505,0.45184229580812935,0.41154191274500623,0.06783726548116926,0.47968658311145856,0.3668705045076228,0.7504105073975482,0.7074138779459886,0.5295010916234538,,0.6881014134222412,1.640545366088509,1.4485918691431858,1.2213655024215937,2.0002122931516686,1.842325841113037,1.0675816248826688,1.7441792740754678
1136,rosy-sweep-949,run_273752f90b84ed2559ff856818d194d9,0.4968091845512391,0.2425476192268037,0.3905851622906975,0.4328192932258183,0.16976657519395608,0.3163052366620129,0.1826626629639942,0.34063355291228276,0.16747798298093722,0.1697665751939561,0.2199519652391098,0.4242094768836228,0.2637815253951445,0.18504570656280261,0.4512556768750648,0.23288865949879675,0.7894941772201204,0.6918217354476608,0.5287883343371471,,0.7311075566125868,1.4021773166604112,1.331063326141019,1.1053174643155288,1.6375994941959067,1.4600442534779576,1.1027654159910483,1.458113194473943
1137,dazzling-sweep-950,run_3ce3ad85ac2bccf5442a9f3bf5b50a3b,0.5248883366584779,0.2504095266048049,0.5293361639245315,0.49130467095239866,0.11697157570213775,0.32999147971540843,0.21755708913757346,0.49934438512690854,0.34419754003938935,0.11697157570213766,0.2765685937476857,0.3875653621185216,0.3014681694152102,0.25154572252551377,0.5769300660884248,0.33817881982087333,0.7789856325925253,0.6496702346409317,0.5092597556791142,,0.713483707704871,1.808059489266373,1.7623997716458863,1.6307210623466186,2.056299026707447,1.9446243635523561,1.2316585496646577,1.6245908762216321
1138,dry-sweep-951,run_2b1b483799df3ef6aca2441646e76b9b,-0.3410977125167847,0.49080728794298484,0.982704255252724,1.0,0.0,0.5491187001148251,0.49080728794298484,0.982704255252724,1.0,0.0,0.5491187001148251,1.0,1.0,1.0,1.0,1.0,,,,,,3.5292519897898846,3.301207101473044,3.301207101473044,4.785182162344089,4.785182162344089,,
1139,rare-sweep-952,run_c3a80b9a4484b647e725b293cd618865,0.33599227666854864,0.266356605482263,0.5006868346289531,0.40829400616848127,0.10755496832333912,0.3635355205441757,0.20644154619184163,0.4638163029565109,0.15453903608189948,0.10755496832333905,0.307678935720572,0.36207987689092525,0.2984815088862385,0.24021049495046234,0.4982168739491832,0.29907435247361036,0.7647460607227785,0.6709937238504596,0.5248559642520575,,0.6761232615542332,1.7647898786610636,1.6566601644467547,1.489213233405364,1.955565885125965,1.815894018150126,1.1677146775262222,1.5630971174926782
1140,misunderstood-sweep-953,run_f0b1d420c4d59dc816c3308e9de1942c,0.4846841096878053,0.25559226452533795,0.5301530808695742,0.4331908884842629,0.1536834705423993,0.3643781946195144,0.19920427663678936,0.5046465403307211,0.15813607818364206,0.15368347054239936,0.3169935634044034,0.3978775825850936,0.35771279689323593,0.20424799667975613,0.5779097871834109,0.3502682851753642,0.7729200224288568,0.6797821871573224,0.5101429381851501,,0.6842269072145422,1.8066066822164277,1.7503155838608044,1.6159735980922927,2.131481388281224,2.0226168532904634,1.1475712325782088,1.6722822726215618
1141,driven-sweep-954,run_1440b6387b5f570ad5336d2d85fd0a2c,0.44001281261444103,0.24472507155740522,0.48499890730854484,0.38060644346178146,0.16741962259037166,0.3015237511702724,0.22259432909131496,0.45802503824420104,0.2882427260228156,0.16741962259037155,0.26628422827502823,0.4600281283357813,0.41112983207839643,0.4097212910640744,0.5043129401364411,0.4947915787183576,0.7833831334793641,0.6735688254474398,0.5246414523372329,,0.7311415589404272,1.6765101597501402,1.5990594192706626,1.493486344441989,2.1509918246747635,2.0737107475475294,1.1569190692934896,1.8461409849614283
1142,clear-sweep-955,run_e9fc6e0aebe59eee8ebff5edca286108,1.1222079396247866,0.17110310036098547,0.5701351815428801,0.46905354687674183,0.09589389165565605,0.39560156873016583,0.1377489457668872,0.5337953857200838,0.3345732228456765,0.09589389165565589,0.33665959631156644,0.5868017710648328,0.3335922381909862,0.5284436356670817,0.47122495764806754,0.2655094769650837,0.8467914459861142,0.6201412336602593,0.3265112141507455,,0.6263735544580711,1.8669459720822978,1.870782925173341,1.726351398663019,2.288286599518231,2.171800165779611,1.3856358934941118,1.9121751064569923
1143,ethereal-sweep-956,run_eac3b967c10ea366bfcb83d889253cc4,0.41321009397506725,0.2608903973850504,0.46146961797425406,0.4231392367433391,0.1853863875055053,0.3428210171177429,0.18483008095205844,0.4291571706575923,0.08652595592880229,0.18538638750550507,0.27920964811146687,0.4386811447491559,0.35998729365569365,0.1751671295852888,0.5351470658460169,0.33286340959691624,0.7771844357944634,0.703725332573166,0.528622880851737,,0.7114104877987211,1.6287760099588662,1.5416396129616365,1.3723730072915437,1.9737491943591998,1.8445706430287567,1.072207978751118,1.6336043387793273
1144,golden-sweep-957,run_e96b2600c3df4d0c9463252d879fdab0,0.49170374870300304,0.24769523694845608,0.40162654928038455,0.46700977295529705,0.18625537825659788,0.3274961978327452,0.17699325943040076,0.3460761970174727,0.16820259373490407,0.186255378256598,0.21679174257359374,0.4309398137670419,0.22495792567746334,0.16421564558524615,0.4500191819651751,0.20470522101221703,0.7874104578418475,0.6658659596983713,0.5187832719514864,,0.725978331539499,1.445511002374949,1.3756779816917188,1.1212966011915455,1.6159289878911836,1.4057178423991548,1.1803471615044596,1.4532570337924595
1145,young-sweep-958,run_c09a74d6bf0fcce2357bfbbb27aa4e6f,0.5210593342781068,0.25049230993073796,0.4939797904113724,0.42805544201255985,0.1410432970830369,0.33595489939749973,0.19482679470487738,0.4697324466922669,0.17525175578759633,0.1410432970830368,0.2784472658305407,0.4235477397713548,0.3533929131352376,0.21283955346976127,0.606821085237605,0.35532774593368516,0.7829103446286437,0.7041204674427178,0.52491882789711,,0.7197392258554758,1.6890162687396864,1.638944230936379,1.5083621490201367,2.039533541290352,1.936159922766033,1.0715768831115517,1.6192084147347414
1146,fallen-sweep-959,run_7d53b62c586d3d7b3cf962504dd4a404,-0.3410977125167847,0.49080728794298484,0.982704255252724,1.0,0.0,0.5491187001148251,0.49080728794298484,0.982704255252724,1.0,0.0,0.5491187001148251,1.0,1.0,1.0,1.0,1.0,,,,,,3.5292519897898846,3.301207101473044,3.301207101473044,4.785182162344089,4.785182162344089,,
1147,smart-sweep-960,run_94bf4ced3d6069f0501a9009b55dd3a4,0.27791947126388555,0.275390022351498,0.5425941535803859,0.4851733491880643,0.15307280550191416,0.3899172214985568,0.2156304953704052,0.5045476777704931,0.2504663520493474,0.15307280550191402,0.32598312625066167,0.3034925040206145,0.3030309539897855,0.22660771105364538,0.4336940374022585,0.3018811098549419,0.7570763914586682,0.6461250947961822,0.48543613090864385,,0.6528055368500252,1.923766520068988,1.8042497050489645,1.6293905288415567,2.0777519928120745,1.9278614682968895,1.255413214957975,1.6241301320264916
1148,restful-sweep-961,run_fc7ef8111a49f8ef707fe8f7a7e6b8a9,0.13178050518035891,0.2875466283354781,0.38209338869636716,0.42569581212143714,0.22593844225361656,0.3198131305926548,0.20019265937671668,0.3309658351805022,0.08796031362639792,0.22593844225361678,0.20950000038976616,0.36804861247139825,0.24585990823032522,0.14576487990720347,0.40966176771704915,0.244236205314753,0.7600655031695218,0.6960144427298703,0.5510368721932499,,0.7355959831034297,1.5475708683279528,1.3129560406881728,1.069204357552311,1.576398328750156,1.379991334869742,1.0877539442298647,1.3944126969066046
1149,resilient-sweep-962,run_3345ddca41242fcf9e41734e17079d6f,0.7941928505897524,0.21810396080585803,0.5099643054124652,0.5346401099921966,0.14093573195107903,0.3655521697883025,0.16284483645275954,0.46485175819258406,0.32252610456690595,0.14093573195107922,0.2675946215411192,0.525545509951788,0.2690600896948394,0.3489574221285743,0.37807172945340417,0.20867494277096954,0.8097410027145842,0.6317260200317265,0.42527941688037885,,0.6834051021525418,1.7113832294109408,1.7129055177912913,1.51374142436342,2.013938429305848,1.8475161119700285,1.3125393243351349,1.6866126295273574
1150,whole-sweep-963,run_608b8856f8f7082ad2aceead11398ca1,0.5210593342781068,0.25396670103428987,0.5344197808373141,0.5232655791312103,0.10768794254158622,0.34886083093432374,0.2158462337349578,0.49912064354323443,0.375801716770094,0.1076879425415861,0.2917616721272882,0.40503725054142636,0.3034639120801476,0.2891153465504581,0.5898670365850266,0.31348079796170397,0.7734211576323936,0.6322837710426499,0.48748414829361625,,0.693472568516051,1.8328218814406598,1.7872747335090344,1.636774478984518,2.08875496177192,1.9615241554317056,1.2907992564473794,1.683659418567821
1151,swift-sweep-964,run_42dbe24385d038bce3b13e4c02488855,0.08200377225875856,0.32234572825495256,0.42418802618296864,0.5519750287986324,0.23169444726767627,0.37566971541625843,0.18638540404534507,0.38486154038275405,-0.04393742335847821,0.23169444726767632,0.2712498470168479,0.47828491505909776,0.5285400519444834,0.12149623812108246,0.4993546336927646,0.42480164502856504,0.7391947612381305,0.713116690628464,0.5295432692770156,,0.6896905377554043,1.7166095427133188,1.4859131927913878,1.2320122031337153,2.290196864345275,2.1342253230659187,1.0546891674838796,2.0370156850042354
1152,gallant-sweep-965,run_2a953618babb63f38e99be045ea75e9d,0.36470949649810797,0.261008300909864,0.401772241474405,0.4080041618668945,0.21894586170681304,0.3531544931054294,0.18306152807985335,0.3466693723788414,0.02482256326409275,0.21894586170681285,0.2747117485603994,0.3809025370718973,0.2503232645856764,0.16565782332471346,0.43485566867613956,0.23721514170259472,0.7709760721618902,0.6815444325406161,0.5017460207716944,,0.6942571948967483,1.4779278602604629,1.3597066115299423,1.111721287088328,1.627251884172525,1.4265590928069276,1.1466684227787989,1.4539584233748963
1153,drawn-sweep-966,run_8a625c8be055e7e157aff3fdc5de4d76,1.3117420673370364,0.14371436240533225,0.46399841819903637,0.43226190033815176,0.09949351221330081,0.38380802933534763,0.10969292403250133,0.41024840519080463,0.2917988926461297,0.09949351221330095,0.29690580369357855,0.6619443584918715,0.18772852119819952,0.5337074992816779,0.5507314152453393,0.20822248957517334,0.8740243701356873,0.5982040611831714,0.32314761486682575,,0.6428493081357566,1.561082569226752,1.5363754389333355,1.3342476048126501,1.8536136314234812,1.689867058732621,1.4451293281492643,1.7787166104578014
1154,glad-sweep-967,run_9fcd7372d59532fdca418f2577256525,0.5095723271369935,0.24547513866207094,0.5361212575317662,0.438285459477537,0.14396618897584446,0.3598514523850171,0.20561371293251152,0.5115096833276099,0.21671807067741825,0.14396618897584454,0.32352526190325853,0.35537234654521005,0.3166109644424155,0.23836839808873136,0.5527743810990532,0.35535000507885445,0.7795321636401604,0.670061660020955,0.4942789699605112,,0.6852019526698562,1.8184810898312043,1.768222897562698,1.644890659734912,2.0765707889241396,1.9726123056574385,1.1802342602105182,1.605766774759856
1155,hopeful-sweep-968,run_b94b389fb0738477054457b5dacb6e7e,0.3200381994247437,0.28604649412614674,0.5944761845295703,0.48480175392961977,0.11488125487007489,0.37994934601164154,0.2429740787846403,0.5790744383045593,0.3093567686076328,0.11488125487007517,0.34417038698306307,0.38531892285537267,0.39314328734227394,0.23795336759995322,0.6489348260643846,0.41473123614784074,0.7506452618077027,0.6793548852448144,0.5179630140803722,,0.6798480273126531,2.057036735350912,1.9623645627516444,1.8729682496566806,2.3667664858259534,2.2931896967995233,1.150074057361999,1.7531056039789992
1156,graceful-sweep-969,run_a7933ab8b4318e4f4b8b50700bcbce91,0.6135928630828859,0.2321896691426407,0.4927882363959915,0.4137453086098621,0.1340557983534912,0.3499248920932851,0.18032215256716114,0.45795739543983416,0.17009772955297092,0.13405579835349124,0.3001299479818308,0.4390633656520449,0.2921117890721772,0.24596707424789024,0.5445604666469487,0.29360857916235544,0.7957378298531013,0.6773377973868246,0.5080543854977403,,0.691171092448263,1.6579801311113072,1.6289566237797601,1.4692511959109975,1.9390897596494097,1.8070053930487167,1.1510180240695558,1.559298529966034
1157,desert-sweep-970,run_de0a742c9c8b980e4e2c3bbb07f8f008,0.42469680309295665,0.2560839473096673,0.5473707762271967,0.4361747984095723,0.14364688145814278,0.36477107873974624,0.21501338330435918,0.5239455527457776,0.22667682360373106,0.14364688145814294,0.32269973753158077,0.34598745844020523,0.3240816538551113,0.23074226606646872,0.5504792281961529,0.3425019495216093,0.7687173959771912,0.6647175256242392,0.49942641177575553,,0.6823809539237108,1.8754652462295145,1.8033233513468874,1.6860612562359198,2.115470067837173,2.016442674162073,1.1950769583531404,1.6283265749807798
1158,revived-sweep-971,run_127abd7313d635b0dfbc08d18b25f2b4,0.330248773097992,0.2638756142899072,0.44152539727139345,0.47776373973468084,0.1822365077751804,0.36865704568291296,0.17998349350652612,0.38774416450730015,0.08153914756047714,0.18223650777518022,0.28583956764038004,0.35670799759964256,0.23868595922466027,0.13066607072545203,0.5062127148750838,0.25187002252215535,0.7742007815424712,0.6652807075144791,0.4954864470969257,,0.6796221199751165,1.6205775702812348,1.4991115019166392,1.241973454472496,1.7208600710339872,1.5021724769528573,1.1941060504574084,1.462844266707611
1159,likely-sweep-972,run_5c07bb6e4fe04a988332dd83ab6a4856,0.44894695281982433,0.25534391454753896,0.3692984920857919,0.48523652038199977,0.19217823627062372,0.33072112165298206,0.17618298627051088,0.3043613998938529,0.13579577124595887,0.19217823627062355,0.21219328339651453,0.43692433383461005,0.25621199283389196,0.13530547308154817,0.4575125026158968,0.21649872422750951,0.7810951350665816,0.6734788133155023,0.5169259758621586,,0.725176800215021,1.379466456311057,1.2901429215312887,0.9878459159165149,1.5906366823505207,1.3570172625485355,1.1607931367072997,1.4876481450559986
1160,wild-sweep-973,run_3a4d64de3b572872410b97c539497d32,0.02137839794158936,0.31949346638871534,0.40987376812046644,0.46285533796588746,0.28052986414608533,0.370788286128774,0.19102377888322783,0.3651046382150626,-0.030652892869086783,0.2805298641460855,0.26448506845460124,0.4065670072409267,0.4274619382906071,0.03304068362970769,0.38203881843185944,0.3274853432144363,0.7380974990600508,0.7077325352274204,0.5224323401723296,,0.6825395405619477,1.6887570464195212,1.4128963857556194,1.1706594946446167,1.99747383009252,1.8341398958162323,1.072784460811112,1.7732715540438182
1161,glowing-sweep-974,run_9cddb96586064dd029cae5eca51d88f2,0.42980223894119274,0.26490413439998395,0.5529487059411196,0.43072349596819137,0.13264220618626557,0.34980952135956617,0.2173262992592147,0.533727742915717,0.22954925495150696,0.13264220618626582,0.3094718592851225,0.38146045949227875,0.3607319360358144,0.2545362832423459,0.6203100222907353,0.37300536001093904,0.7675707834120454,0.6868980584659669,0.5145230333452964,,0.7059614425353253,1.8889602776964698,1.8202251631105566,1.7171419907443746,2.196541768968942,2.111907364157318,1.1269602849256728,1.6678176105929898
1162,bright-sweep-975,run_ebf813adddb73d1433515d782639672f,0.4329928755760194,0.2623855144231131,0.5887421560363398,0.4616625171862806,0.12694040722295627,0.3743967396854277,0.21321723599017664,0.559447618452957,0.2642785478057299,0.12694040722295621,0.3184434928957353,0.3520107625378793,0.36043110345018076,0.25083229575711136,0.4696311294128579,0.3071408022457364,0.7617173313016472,0.6354654662187209,0.4830780750002264,,0.6652791739939815,2.0002006454017316,1.9360143855088046,1.801421971243953,2.287812475221137,2.1750989263389564,1.2856287060962919,1.7716589374987661
1163,lilac-sweep-976,run_736f4a62294fb40e938406f848e8d505,0.5574345588684083,0.22938256181782152,0.45964326225635577,0.4625246181858718,0.2002261408679744,0.3486706251300844,0.1700394600520281,0.4128136284640922,0.26250975437553403,0.20022614086797433,0.2552031811141227,0.5008567359109201,0.29235208248721317,0.24861326607711054,0.36251275533713817,0.22372667073964156,0.8120577714165627,0.6430273751899204,0.45953304622243496,,0.69384165316807,1.5882419455135408,1.5424865210013161,1.3423768873062378,1.8832493448276348,1.7231770468808354,1.265591307669458,1.6640567254067575
1164,lively-sweep-977,run_0b762c1afa5b8b608fa175f11b1c09ce,0.5740267038345338,0.23834824687492942,0.40930140592967246,0.5295381070937534,0.15542229901412746,0.3293093892288948,0.16939726212963868,0.3626694972578649,0.2432313923674334,0.15542229901412744,0.2326863997393244,0.4721527260657745,0.2283012689588718,0.22524215432749095,0.5183108635617816,0.2511635271387372,0.799095922720039,0.6802331996210125,0.5149613336070602,,0.7229300813337753,1.461896119726218,1.4186250042251662,1.1845457294096935,1.6755219549479488,1.4825739455293572,1.139356407104514,1.4467238649133598
1165,daily-sweep-978,run_5719c475e4e17a8fe0eeb83a9af3a9d7,0.5950862169265748,0.24307442221001377,0.5048910950849698,0.5644048901936012,0.11976403428532713,0.34210384769192276,0.18951110174572458,0.47127782460741163,0.33905466166251735,0.11976403428532705,0.2529674833823272,0.4391962666586789,0.3106359954594644,0.3051957560472071,0.6151515096325347,0.24831747103091498,0.7896828808963373,0.6566216853144629,0.5034741488479886,,0.712702290049035,1.741165767742487,1.7107858526911492,1.5400975296866444,2.0439601905798592,1.9033878816084693,1.2123769551641483,1.6494977745726616
1166,lyric-sweep-979,run_85dd30c4b72b265e9ffbed0d445671c0,0.41959166526794445,0.2626137957158375,0.3874423735339723,0.47231986919846897,0.1931878239658502,0.31242628550670754,0.1949622583291316,0.3380527197610648,0.17425588049496527,0.19318782396585,0.20242652716162277,0.42345811924094523,0.25453660342045065,0.14489714693143485,0.4717589965984123,0.2515798377909133,0.7715009447649531,0.6954010660815777,0.5394973708204058,,0.739815533900591,1.4356447408612194,1.3390922270838255,1.1005325108502706,1.625228839082197,1.4350514256243736,1.0918239762741162,1.4283838356391352
1167,major-sweep-980,run_0baf2baa36dab1b1c656fb2ce7493c6a,0.43235480785369884,0.25461642471358226,0.4539664699822049,0.45637843261119976,0.17600789375614054,0.35262207275995644,0.18143094741753646,0.4067830122901771,0.0988592025565749,0.17600789375614054,0.27672216154864954,0.399690292486152,0.2349282362696068,0.15860869009992654,0.5221889085926693,0.256785321528632,0.7774481226910093,0.6653783158260455,0.5065542918352135,,0.697044605552813,1.609769516608048,1.5277324229614375,1.3028486180249994,1.7523664470132914,1.5602039385734203,1.1885851758263442,1.4661365995856266
1168,earnest-sweep-981,run_0c51d878a11675c909b57232afab5c9d,0.35194635391235357,0.2623328341247921,0.4365562527967698,0.4207387313737876,0.18727851746451196,0.36735444773666787,0.1812402949093273,0.3847626778225263,0.028564527516629173,0.18727851746451207,0.2813128254058829,0.35938135964541473,0.20724006079138055,0.14931051729825798,0.43451310502868995,0.23242290458415482,0.7699279597482153,0.6682740606879727,0.49807498393240324,,0.6780083359064129,1.5820266201442656,1.4668514629973757,1.2304824904006884,1.65305360914344,1.4474184534498968,1.1854462676918531,1.4093317117659547
1169,noble-sweep-982,run_80ef7a3227267f4fec500350f0a21a39,0.18155723810195926,0.299482478783637,0.4592946416492357,0.5128683437999331,0.18788071280956742,0.3636353006382029,0.20141183199500298,0.41931254097592957,0.1377354984950391,0.1878807128095675,0.29367698221341865,0.44421165551103936,0.26298922327140795,0.15026253338867068,0.5396263094971642,0.3450682978984066,0.750988788149611,0.6871156214067448,0.5218554465904794,,0.694327875564883,1.7442471645533433,1.5691524373519217,1.3482462177993182,1.836784013173215,1.6520605325506057,1.126763125621026,1.4768653563072323
1170,ethereal-sweep-983,run_8c1122f9f71927b1870fe7476e895dfa,0.3353542089462281,0.2723897539328351,0.5544056278813233,0.45885697298502454,0.14133041975810554,0.36247613657712185,0.21705035483943827,0.5275566378404254,0.21838281743524934,0.1413304197581057,0.30500280241748456,0.3298422932580429,0.3473493645230472,0.20689333716438396,0.49409851838920754,0.31514920060352175,0.7579673179737485,0.6643509658269133,0.5030915916272538,,0.6851688665621098,1.930274527492739,1.8325943091610357,1.6964557090539738,2.1717547061534828,2.058173601645937,1.19670402643829,1.6703943033379882
1171,misunderstood-sweep-984,run_f7ccb6180fdf8afb56e4db14a81ebd97,0.40172308683395397,0.2668708655373014,0.5181855077893294,0.42008100776634083,0.15601009587695228,0.36796248268464576,0.21552513477376317,0.4935531204145982,0.1897439708669317,0.15601009587695214,0.3303126468930583,0.38450515378520755,0.32883602264584605,0.25045451159424914,0.600613051927286,0.3905275327311755,0.7649828358465276,0.6831398326849957,0.5229795710727301,,0.6878256517931394,1.7943147780538198,1.7125566608983962,1.5869469697848975,2.055420465585608,1.95199991251797,1.1343655554404066,1.6058294389287786
1172,different-sweep-985,run_1ffaf95bc6ef7fb2c645a4340ca73766,0.2511167526245118,0.28573041233622076,0.41916164548926566,0.49502805544201245,0.1996688349086967,0.34705465532603536,0.1665475088490359,0.37328941754342154,-0.016770094013600405,0.1996688349086968,0.25835794705574655,0.47692266663418215,0.3637903396034419,0.05346444040055761,0.5432380594567361,0.33501762915398164,0.7700960746577705,0.7023752228066749,0.5372424964769535,,0.708887621277905,1.6008884234596255,1.443488654164353,1.192253832560883,1.907198805296893,1.7248817320270957,1.07368775812543,1.6451605362921553
1173,cosmic-sweep-986,run_0160ec46c165c221f750c3773b1a74b3,0.37109136581420904,0.280655543597964,0.5853287960621483,0.4997547471294266,0.11353626723583021,0.39168831816753863,0.23971040887437264,0.5699062366665626,0.31503474415666416,0.11353626723583034,0.35711139745919357,0.35889430221700397,0.40125138066796734,0.23752769530377038,0.652359502585099,0.45784643482608356,0.7547832783172448,0.6841378220796503,0.5201666273484554,,0.6727443869403755,2.01776581208709,1.9376842716052336,1.8451664304509268,2.3558165394414643,2.2803268158627317,1.1349275133279924,1.7559361297007678
1174,mild-sweep-987,run_cc073af475c6726efd7e35ad9d126049,1.26196563243866,0.15877089338260195,0.6217830643231036,0.5136449778900821,0.07997764000406546,0.41244179819320087,0.14320261093592843,0.5982745881593874,0.4366801679610568,0.07997764000406539,0.3703985201364805,0.6090508284719208,0.3812806223389802,0.6148263789121945,0.5046010827958044,0.352417345789799,0.8592803392008591,0.6185292924163537,0.29178258963732906,,0.6210868824821778,2.0490483026715056,2.0384261455072394,1.946926137592849,2.5214846159094675,2.4481063912385066,1.4059064445118357,2.04432787201577
1175,likely-sweep-988,run_1270565df9c6f6e43f3a64a47294eefd,0.2760049700737,0.2828003843153192,0.4619795406533255,0.5211028947270633,0.13293610461767796,0.3265880430707013,0.21249978049875712,0.414868929058308,0.23973839693805485,0.13293610461767782,0.22791488446166694,0.3847588243138224,0.25820879738261254,0.21871532101012034,0.5640445772521688,0.22889073812081695,0.7585781028262703,0.6759454464765398,0.5366204517915854,,0.7251719505663288,1.71171492663746,1.5766341503609496,1.3504787812691923,1.8298548628440614,1.6390199857378154,1.1502689575597913,1.4784154523392112
1176,magic-sweep-989,run_c13dd2a844512d49f1122e59d9d82abd,0.5051052570343019,0.25314890211749713,0.47162124192188826,0.45251755787596143,0.14205711962597825,0.35044795805494305,0.18465447995765505,0.4314622292987001,0.1160529151648029,0.14205711962597836,0.2874524193164906,0.42773363069930764,0.35874705855496103,0.12094456682522958,0.5660738661334553,0.3195863613006811,0.7791617134967833,0.6820038699468332,0.5171491193288813,,0.6994117051972262,1.6352244204146877,1.578962464768799,1.3817243246034,1.9944173666619736,1.8422107036098887,1.1371587000232015,1.6666457561019314
1177,laced-sweep-990,run_887eabff4b198caae6a877258526185c,0.2504786849021912,0.2794664740072899,0.4115023987179088,0.4953736390323658,0.1947225327777213,0.34313984569943895,0.16767386379885188,0.3758390309387781,0.027995986771208767,0.19472253277772125,0.25682070998214107,0.48126522167693037,0.36500521788999246,0.07927976247485875,0.5121294486737596,0.3410541427519142,0.7776864641623478,0.7223790616122613,0.5409528411680685,,0.717599120562934,1.581303097302995,1.4201544964714803,1.2006032115759675,1.8939451890303445,1.7354070579692682,1.0153233261189234,1.6127836314162596
1178,noble-sweep-991,run_66b6a16df5a8f86e5af828dc60922f7c,0.3123804926872254,0.2671919644984961,0.4310199494239954,0.43490022667310757,0.19943761222346448,0.36513745877250225,0.19417707102558512,0.3741271476590387,0.0991862063840066,0.19943761222346434,0.30155259385370226,0.3340357096943512,0.2080842472779345,0.16877140333514248,0.4306082221381196,0.27945245647674377,0.7639873123579766,0.6617466290561334,0.5004497802488875,,0.6787908752555593,1.5873691322474488,1.4554421050208495,1.2030186468229858,1.6405382966131847,1.4213754064956856,1.2039127212262053,1.4221322097179485
1179,crisp-sweep-992,run_da93b6d5634c1d15dc4ab234b2bb1698,0.5350989103317262,0.25192972949921105,0.5548114847075231,0.5042956411876184,0.1181573330623031,0.36416850051566046,0.2042063963916503,0.5216873237384618,0.2519750287986324,0.11815733306230325,0.3109124343926395,0.375886403257752,0.35718063944639633,0.21657546637720948,0.6405238276730847,0.3244161276143805,0.7734424336599822,0.6427207716250356,0.49593715902231267,,0.6872242443829378,1.8837741246044444,1.8428077810667172,1.681299588104191,2.2045217464801654,2.071411093362021,1.2577329401755002,1.7452414622471095
1180,deep-sweep-993,run_4a9c5ea54bbf679958e1fabb743ca773,0.3034460544586182,0.2554467665585466,0.4944168669934337,0.4054215748207052,0.13993122607311043,0.34004042652872074,0.2096500272181543,0.47173051106740355,0.17068485006131326,0.1399312260731103,0.29453602646043336,0.42163480025899486,0.3534572796032405,0.29796379657120964,0.5160913353892682,0.3333333336693154,0.7788286432186127,0.6894206605845979,0.5146008689729729,,0.7060934401778853,1.758986764036442,1.6352675889747659,1.516041952807429,2.046943795382069,1.9530135730644496,1.1176423158503743,1.662829865043683
1181,robust-sweep-994,run_47b9fd5c20d41371a97244616285630c,0.23452460765838629,0.2903035639476107,0.4808883061201128,0.49294712199472335,0.16502354575329473,0.3621004021605509,0.21051047209073054,0.4516145817073045,0.12643528668574205,0.1650235457532945,0.2925147000243995,0.3770518208032618,0.40525724405928426,0.13272483478594,0.5543313932364394,0.3536755120343488,0.7511335966028485,0.6988740254964518,0.5220873993748172,,0.6939438485877286,1.7724235021557748,1.6247487971850536,1.4490886255456579,2.1075879459513787,1.9753420313077623,1.0941222353024704,1.7318261349652126
1182,happy-sweep-995,run_8fc46897a60887431a20055f695ba265,-0.03158897161483765,0.30748988412842954,0.41880261829685816,0.3906209356768606,0.25301182369481995,0.3559756193576501,0.2089426060692724,0.3628151894518852,0.005967819850618756,0.25301182369482006,0.26393627793745195,0.29254551307319493,0.23998156730164152,0.20381636497142677,0.42218733400413555,0.22556445981945158,0.7375159230297346,0.6774809447228567,0.5260540861592767,,0.6917906130777678,1.7235767614671136,1.4145992630965916,1.1662080622577011,1.6444228742778932,1.4363414492277975,1.1548627754317224,1.4271452429142621
1183,electric-sweep-996,run_18f2e265dbeeecd9697eec4741790616,-0.3410977125167847,0.49080728794298484,0.982704255252724,1.0,0.0,0.5491187001148251,0.49080728794298484,0.982704255252724,1.0,0.0,0.5491187001148251,1.0,1.0,1.0,1.0,1.0,,,,,,3.5292519897898846,3.301207101473044,3.301207101473044,4.785182162344089,4.785182162344089,,
1184,unique-sweep-997,run_19e3d195e80963823a90ae730b6cb530,0.40491372346878063,0.26637416558170335,0.5268698032114724,0.4467987068485005,0.14466493884879902,0.3602342025894493,0.20854624953904732,0.5050992267907131,0.20871762476310796,0.14466493884879902,0.31925732428764414,0.38985111886828144,0.3698040884069103,0.2053534676329427,0.6077087887727125,0.37836018878297556,0.7696872159052027,0.6954334964376214,0.5249174518217499,,0.6981948226561342,1.8247396132923293,1.7454232082483025,1.6242865738930794,2.1466734161181065,2.049392947608072,1.0983419126224583,1.663748639849044
1185,fancy-sweep-998,run_14eb7af7520046de315fcb25c6e64b0f,0.5082961916923524,0.25110691341114966,0.5775550768526323,0.4766489539593473,0.1118541857234814,0.3534382427478191,0.22073295855063976,0.5613416169752222,0.32086878971424315,0.11185418572348109,0.3196377358961229,0.3678189941453323,0.37469711846057363,0.267494173610446,0.6064265285584679,0.38247156064268967,0.777783237235242,0.6799590366286705,0.5026735476386698,,0.6972646195167411,1.9505551846582767,1.9041921056594882,1.8173397945037062,2.288399184244765,2.216652246041982,1.1493372317246326,1.7122497841800515
1186,feasible-sweep-999,run_d7384ced115a7d7179cf9881be0aa67b,0.8918315172195437,0.20162757035955559,0.5533337495967449,0.4286611422838244,0.14521716299081888,0.3824321553825515,0.1650222887833611,0.5137262859937771,0.26953662071272005,0.14521716299081908,0.3170995797543072,0.51769594705291,0.3181638146240869,0.41550681607764267,0.4032164339783753,0.27862001564589883,0.8175068445661835,0.6260662828238986,0.40599570278191544,,0.6529745178490294,1.8047806459509228,1.8127841670924594,1.655001303597714,2.1769528184194975,2.0474292300525616,1.3358177665030162,1.7992626941246237
1187,hearty-sweep-1000,run_286af60a3104ed7d22408ce752af105c,0.6423100829124452,0.23198898229189402,0.5516322729022928,0.4619189179146074,0.11731205745841382,0.4007269915288259,0.17411591170782015,0.5182791670569138,0.23315744491100293,0.11731205745841365,0.32938422429941533,0.4367704259499157,0.29810789564209234,0.3298377124370803,0.3962986002611378,0.26375015220572345,0.7927703146904153,0.6350880244264062,0.4256932749147127,,0.6373853411464905,1.83964475064807,1.8193871549798648,1.6645755299412992,2.120946514101072,1.9897377191105163,1.3055189987594698,1.700771693112774
