,name,model_unique_name,acc_OTI,distance_OTI,distance_P14,distance_OT3,distance_conc,distance_SL,synthetic_EC50_OTI,synthetic_EC50_P14,synthetic_EC50_OT3,synthetic_EC50_conc,synthetic_EC50_SL,SD_OTI,SD_P14,SD_OT3,SD_conc,SD_SL,spearman_corr_OTI,spearman_corr_P14,spearman_corr_OT3,spearman_corr_conc,spearman_corr_SL
0,pious-sweep-1,run_60d5f51817e261163d8d052e5c77946c,0.48142948746681213,1.031397574984046,2.034158954817638,1.4043840808591284,1.0153877426567741,1.1474125652793163,0.6667262284620289,1.7651333696243887,0.45694251421351834,1.0153877426567741,0.6849026744738097,0.5037172961623614,0.4624030132945693,0.3610444401877215,0.5628647936684359,0.44342372124252505,0.5109816828215854,0.3596872184810289,0.06405790652649533,,0.4309111753367099
1,fresh-sweep-2,run_a667d71fd2a2a96417724a091d125c28,0.5982131361961365,0.8258838544990428,2.3319814915623307,1.332141503474416,0.6367821933123285,1.1502215540433613,0.5537204850031905,2.068943930321177,0.37522425773847073,0.6367821933123281,0.7748931793005218,0.5666907594506232,0.4216971693036095,0.38226031989273057,0.6135302729639841,0.4070785257731367,0.5722737504447127,0.28656369896265665,0.02251772908781163,,0.40389521618507745
2,dazzling-sweep-3,run_9d180089e1a3baab33b711191992f8df,0.6419910788536072,0.7357498404594768,2.4850571584104517,1.2245483259633612,0.6212216688687875,1.2665532520968508,0.506062539885132,2.2639357648339695,0.5167277321541385,0.6212216688687876,0.9606029435037188,0.6113717473466546,0.4498603333006175,0.4633818599750982,0.5127550164121967,0.42550727683421186,0.6019570043538954,0.26137497092675205,-0.07149892136975067,,0.3160705144438776
3,swift-sweep-4,run_f8835f0e2fcf8d352145819525e06734,0.5622208118438721,0.8887811104020422,1.8110234077299951,1.2910802274162982,0.8536843175119424,1.0119480930526983,0.521455009572431,1.51314643440392,0.22560960202147878,0.8536843175119407,0.7455610064883688,0.5637636088752112,0.47365529850149635,0.3470671710883376,0.5494951500643473,0.45337166163859227,0.5610265838221453,0.359604370199103,0.11984052226709202,,0.5203975682229989
4,worthy-sweep-5,run_b11ad40a83f1a82b9b4158b2387bc848,0.5751116871833801,0.8863560944479898,1.9899020141535115,1.4279848389134557,0.7340380119930888,1.1409162842221872,0.542871729419272,1.6685084376701147,0.3024510423247003,0.7340380119930884,0.7287308118373164,0.569164072461766,0.46739198973781493,0.3827494173610446,0.5943277750035736,0.41456348095032947,0.5537370042944232,0.3318140366037905,0.06685984033898397,,0.43994054366744934
5,azure-sweep-6,run_7cec8bf5eaa771982962551f35d05cfb,0.561837911605835,0.8852074026802809,1.9831518780620583,1.2960328490208468,0.687620693159874,1.0010444690615605,0.5873643905552014,1.7048720740337524,0.23263423878711292,0.6876206931598746,0.6853457825605321,0.5545895131305411,0.4626423814789082,0.3512358330938926,0.5909836139978957,0.4463804083020297,0.558311839470096,0.36963797106291946,0.11181010445097389,,0.5121047564822959
6,copper-sweep-7,run_687a6b092685d6bae6605a9e5ca38bce,0.5440970063209534,0.9177536694320357,2.171829069134459,1.335072646873026,0.6232950503099909,1.010009495173287,0.6508487555839189,1.9381872618399574,0.27005685407454166,0.6232950503099917,0.6609194492799494,0.5279858537180334,0.4530118407556887,0.3945072311081314,0.651516672902914,0.45255054902214,0.5388559564549213,0.3829208494239447,0.08790141579506776,,0.5033965761629391
7,deft-sweep-9,run_f5fef8fad19bcaf5c7f6c0b11b190b2a,0.5945118069648743,0.8347160178685387,2.0456995100707682,1.3489450410612762,0.7671816241487958,1.1061243867700585,0.5087938736439056,1.758383233532935,0.3505874921036,0.7671816241487945,0.7250830827662603,0.5990330629354955,0.4205269186123606,0.35782875203524567,0.5833012382070006,0.41679344687849273,0.5801403881941305,0.35555857806440555,0.042156635945697185,,0.4551098356277789
8,happy-sweep-10,run_fb039f7440d1f98beeee75a29c304343,0.6177409291267395,0.7947925973197193,2.3777082199237896,1.2584838913455467,0.6151641426974286,1.1314685868017091,0.5230887045309512,2.187942297223736,0.3357296272899558,0.6151641426974288,0.9095347365089413,0.6100979149820536,0.506800196412441,0.37209111515499793,0.6577287557721647,0.49594662400115036,0.5907143468433407,0.34430884820012103,0.05178353128118506,,0.41162584095627763
9,crimson-sweep-12,run_41ea6c13d67f7414fef5170c0677de76,0.5521378517150879,0.9117294192724953,2.469869352204683,1.216386607706886,0.5176034149811972,1.0089492008229153,0.7412635609444791,2.307866086009798,0.5014908401768782,0.5176034149811972,0.7890093369204001,0.5356649896909563,0.4761114710765706,0.45227261118028284,0.687899738532574,0.5203256610903304,0.5256062503038786,0.33159576350912506,0.094765229717989,,0.48545239417895963
10,fluent-sweep-13,run_108e0561fefc3e6a531d31f15797f2a4,0.5818762183189392,0.8629227823867264,2.1701415351115956,1.3045230574857867,0.7741233865230207,1.1163079601202721,0.5866241225271223,1.8716113228089284,0.3339608338597597,0.7741233865230204,0.7593369203987975,0.5670824372664283,0.42697125800411334,0.3476389554001852,0.5550241131958528,0.41651631935896244,0.5505141107261442,0.3149325839632006,0.05238752253863921,,0.4257528998857376
11,fallen-sweep-14,run_27f191a08b1586229d0256f29eb9d284,0.7023612260818481,0.6069942565411616,2.5699782253674477,1.287087807959571,0.42511434088830174,1.2345307801867385,0.4536311423101467,2.3251224823081116,0.6539861023373343,0.4251143408883021,0.9155404336129126,0.6796659513686025,0.43080618927876574,0.5736883440283498,0.5563234857254528,0.4012582410313273,0.6756400777461451,0.22910392320353826,-0.196167156534254,,0.32817517427673426
12,dainty-sweep-15,run_7c4061aecc99bc279a895866df17db82,0.5508615374565125,0.9179834077855776,2.2778715296679373,1.2480480101073912,0.9602093708710234,1.2371419528406393,0.6018123803446079,2.02528579205226,0.3911433986102342,0.960209370871024,0.8520810254787149,0.5146417904650868,0.4829403696920589,0.3793257350828465,0.49147515088823057,0.41969837570094504,0.5231419781987442,0.31283311708425127,0.02578387502302812,,0.34079591193102987
13,blooming-sweep-16,run_d80c0f6eea35ee843896ffc69c57a4fe,0.5674537420272827,0.8714996809189535,2.312221012520415,1.2130764371446623,0.7297794491310092,1.1721791422693464,0.6137332482450545,2.046461622210126,0.37075173720783355,0.7297794491310077,0.9277575565754068,0.5140860350598995,0.4099599816576848,0.4166248443635667,0.5543922170838874,0.46244851799261916,0.5318296322642615,0.2779253720409249,0.02855913606784607,,0.3709250793644851
14,ancient-sweep-17,run_fe6eeb29ebea6e8c49456810d9b9d7e4,0.5395022630691528,0.9822335673261009,2.581682090364726,1.3227668982943779,0.585191584510621,1.2249802183889855,0.699400127632419,2.4553892215568878,0.35260897030953936,0.5851915845106209,1.0157065991454348,0.5146552012505639,0.5036881132884345,0.3683416339431089,0.6805878460410901,0.5155184155293229,0.48678245236451384,0.3459173672853096,0.03378549834873308,,0.37369230490681854
15,bright-sweep-18,run_5f69e1557fa6c506fe0723be06229c46,0.6040842533111572,0.8454881940012763,2.630566140446381,1.221516108654454,0.5219839414574652,1.2282797911061878,0.6565411614550088,2.5057974959172573,0.40451042324699926,0.5219839414574643,1.064313973730021,0.542768242703547,0.5163943768835632,0.4143305238961785,0.6704945651050827,0.5162230307499734,0.5390587409202433,0.3416618970423315,0.0007013009656689018,,0.352799348682381
16,solar-sweep-19,run_a808b19b0ecf392125e5f27a4b4f98af,0.5372048616409302,0.9405488194001277,2.6530484485574317,1.2747820593809225,0.4589998983636549,1.1415413831302421,0.7552776005105296,2.562357103973872,0.34161718256475115,0.45899989836365435,1.0134198449121696,0.48785183222069484,0.5259808479975406,0.38745602273090063,0.7521833235617721,0.5443032799266146,0.5098125243527437,0.33057176945870814,0.04144952572821577,,0.43047140005956436
17,magic-sweep-21,run_71d1292e7fb7c2c24cdab303a5d885ca,0.752265453338623,0.5174218251435865,2.636173108328798,1.3518003790271638,0.3978148185791239,1.3155325209685078,0.3968857689853217,2.444011976047905,0.8312950094756794,0.39781481857912404,1.076238328849501,0.7168662180217446,0.49616920395557,0.6471350126105417,0.5442858583959659,0.457275794247162,0.7152152419970719,0.20763148239070425,-0.3363290241191598,,0.277464485903364
18,prime-sweep-22,run_636412f8b249400d28d16d39f76370ba,0.5521378517150879,0.9038672622846203,2.3038922155688635,1.2866329753632346,0.5679947149100519,0.9908371577781295,0.6954690491384805,2.10280348394121,0.31743524952621693,0.5679947149100516,0.7384238012343725,0.534424142911049,0.46829771586068575,0.40662963317689876,0.6685374225679916,0.5035461622787764,0.5376080367836994,0.3484583615341102,0.08534124076703777,,0.5045918129760993
19,blooming-sweep-23,run_83fe0a672f06897c062294b5f11f3533,0.5623484253883362,0.9207913209955328,2.3765650517147536,1.1993809222994318,0.6935664193515602,1.1092736192435513,0.6621569878749207,2.243522046815461,0.34737839545167476,0.6935664193515607,0.8918025003956327,0.5160195950704457,0.5496833881111693,0.409555278868563,0.641340474244874,0.49860879419188725,0.5084318642805226,0.3912939649683293,0.037290201457634606,,0.43690116298183046
20,fanciful-sweep-24,run_50445bcaa8ceaba43882aae082c77d60,0.6116145253181458,0.774932992980217,3.0119488296135013,1.314251421351864,0.45452789917674563,1.3040117107137204,0.6533248245054238,2.88663581927055,0.6836260265319017,0.454527899176746,1.142119006171863,0.5597678546705359,0.5834444904245851,0.5563798167480765,0.5615896567220419,0.5212075863525487,0.5838412049896115,0.16798849790884757,-0.1936582886218253,,0.2899347446440284
21,fallen-sweep-25,run_1562d91fad12acb6549d3ac9bcb94d84,0.5359285473823547,0.933809827696235,2.570958083832336,1.267757422615288,0.5123183250330318,1.1252175977211585,0.7213273771537974,2.4736254763200876,0.33547694251421284,0.512318325033032,0.9798939705649621,0.469623697125536,0.5130811235669978,0.3713549149187498,0.7301357656154972,0.5244165768743764,0.5118801598769132,0.3517065248594483,0.045930302948165844,,0.43087882796598687
22,fiery-sweep-27,run_e370ace0b84869bf2b5214b7ee896f6b,0.7521378397941589,0.524007657945118,2.6817909635274915,1.3159949463044853,0.3481044821628214,1.2712929260959014,0.39463943841735766,2.506287425149702,0.7299178774478848,0.3481044821628205,1.0626206678271883,0.7368860516016846,0.4939398917634767,0.6007893560642339,0.6114756232826635,0.47779932433927746,0.7174807770964087,0.22621301795593912,-0.2564359836855717,,0.297912443755248
23,resilient-sweep-28,run_58d3d14066572ed9927250f1ee968602,0.5215060710906982,0.9730950861518827,2.0802123026673933,1.3540240050536958,0.8869295660128061,1.1139499920873557,0.5821314613911936,1.8172836145890057,0.46257738471256904,0.8869295660128069,0.7284617819275199,0.4993208736978438,0.4471129324423135,0.3647715736040609,0.5923240865326884,0.44350777680096587,0.5148705778993306,0.3380874481336226,0.06952106211562573,,0.44474761577995875
24,sandy-sweep-29,run_7078b8d9c8cd3bc8255a17fddb40397a,0.5469049215316772,0.9133375877472878,2.4310016330974418,1.2237397346809857,0.47485516820815127,1.0954264915334706,0.7145883854499047,2.3223462166575946,0.28569804169298896,0.47485516820815143,0.9285171704383616,0.48272455307084294,0.49481837531012846,0.37179548574529897,0.6843078356891921,0.49466521946087644,0.5128963807350452,0.36733048656341594,0.08076118021389707,,0.4220519908273727
25,giddy-sweep-30,run_1babcb914ce257ed9ba3b845cfe8fbb4,0.6359923481941223,0.7420038289725591,2.7623571039738715,1.321427668982944,0.5231832503303182,1.2963839215065676,0.567198468410977,2.582389765922702,0.6705622236260268,0.5231832503303191,1.0643218863744253,0.5745353067003494,0.4937229404142265,0.5634868946141813,0.5971066493122564,0.45951475807061437,0.5982109758791515,0.21575759620358567,-0.21114402834896676,,0.2916459035262587
26,grateful-sweep-31,run_9b78fcb9bd96c3308bc33d2938f7970b,0.5179323554039001,1.003446075303127,1.8770005443658144,1.4784207201516109,0.8361418843378391,1.0843013134989714,0.5663305679642627,1.5614861186717475,0.2511307643714476,0.8361418843378396,0.6702009811679062,0.5749781756528157,0.4661285981734844,0.3773334291096,0.6214092692918944,0.4815400268563307,0.5196938933022311,0.38304100539570085,0.10375690647904376,,0.5063893428924819
27,earthy-sweep-32,run_964915db92a4dd35e5be2ad20a1108f0,0.5514996647834778,0.9333503509891514,2.0719923788786074,1.389930511686671,0.9099197072873261,1.2176531096692516,0.5892533503509902,1.7797768100163316,0.35463044851547587,0.9099197072873259,0.833510049058395,0.538511680826553,0.4486681864377025,0.3141436005491173,0.580610637799422,0.40658941795072684,0.5233252700839124,0.3343429764579092,0.060122989742339004,,0.36560728381229535
28,crimson-sweep-33,run_1ca88cc51509526fcf8bb068d53f15fa,0.5628589391708374,0.8794639438417359,2.296652150244965,1.1763360707517374,0.5312430125012705,0.9874663712612756,0.6918442884492653,2.105797495917257,0.24890713834491415,0.531243012501271,0.6763253679379648,0.5395922611998275,0.4945524388845275,0.40813587459694156,0.6307297697040994,0.4811796943491324,0.5420875171136993,0.3250974657398449,0.11118668929619153,,0.4943167814881603
29,lucky-sweep-34,run_b2ebfefc789ec1a210442c2409717518,0.5410338044166565,0.9313848117421825,1.829804028307023,1.3323183828174354,0.758857607480435,1.0234056021522393,0.5825909380982772,1.5188622754491021,0.22525584333543855,0.7588576074804341,0.7329799018832087,0.5461259756737953,0.4359824208054757,0.34838297736487567,0.555193888209888,0.4431137138326055,0.5377173246168293,0.3611500029528497,0.11287803779821481,,0.4992558937294744
30,graceful-sweep-35,run_fb2bccb49b3e4209c72a85bdd12b8306,0.5871091485023499,0.8495979578813019,2.529041916167666,1.1879343019583075,0.6115153979062914,1.1009257793954739,0.6057689853222714,2.388486663037562,0.3222615287428925,0.6115153979062931,0.918998259218231,0.5497229706552075,0.5136078046961778,0.41440171758771505,0.6478967792338146,0.4919085777458199,0.5530685578910366,0.3681502594721451,0.05422326343980055,,0.4191154253169364
31,resilient-sweep-36,run_9e61d46c13372cff74cdc08867b04922,0.5345245599746704,0.9740140395660498,2.2615949918345133,1.3709033480732786,0.8945624555340991,1.2006171862636494,0.6058710912571793,2.0341589548176375,0.3735818066961456,0.8945624555340991,0.8910903623991134,0.5475746095414366,0.5116935782930384,0.3043820834530536,0.5672171816690318,0.45224026342891016,0.5200554024451834,0.3494844092837578,0.04231069567090058,,0.3776654582371084
32,good-sweep-37,run_6a4336108a29a03ef8a0d7f4391e850f,0.5309508442878723,1.016668793873644,2.5483124659771375,1.4772078332280483,0.6100823254395772,1.2721158411141005,0.6527121888959799,2.421257485029941,0.3286544535691734,0.6100823254395773,1.028216489950942,0.5844867003989618,0.5189689045953328,0.4198014238738307,0.7184783167233414,0.5549352538337851,0.4927604300222185,0.35546490811977016,0.04577722236767662,,0.3614197070643115
33,unique-sweep-38,run_af49a75bc3c8b94cd90b0b3efe42b565,0.558391809463501,0.8959029993618378,1.8969787697332618,1.3478584965255844,0.6567638987702001,1.0028881152081026,0.5524186343331212,1.6176102340773013,0.20804801010739232,0.6567638987701998,0.6862715619560062,0.5721403057640486,0.4513779099676493,0.34687577818216647,0.6226541334489283,0.4679569640897885,0.5619612985686092,0.3618985213679931,0.1248811586676688,,0.5302725359521734
34,fresh-sweep-39,run_b8109f6bd201376c6b1358c1f2a6fa4e,0.5462667346000671,0.9617613273771537,2.6062874251497017,1.270663297536324,0.6028763085679438,1.197024845703434,0.750146777281429,2.4635547087642906,0.36514213518635563,0.6028763085679453,1.0232473492641234,0.4795424191130974,0.5105809817241275,0.3841185390926795,0.6729884802510989,0.5205483355147547,0.4770413252028771,0.31259617156474867,0.025522760348678706,,0.38206815266732025
35,true-sweep-41,run_541f604de42eae32b8c51cd0876d7a7a,0.5827696323394775,0.8893171665603065,2.7430321175830166,1.2966898294377767,0.5434190466510824,1.2367542332647572,0.6441608168474801,2.620658682634733,0.35844598862918536,0.5434190466510826,1.0564250672574764,0.5507535743374996,0.5283007520866875,0.39154327490981067,0.6944892058228292,0.5476488743433885,0.5346267281332736,0.30136299199536126,0.03062723790347394,,0.3720701449348686
36,scarlet-sweep-42,run_57932bb11035b85fcf7fd7ff32b723ab,0.6186343431472778,0.7859093809827696,2.536989657049538,1.2895388502842704,0.4287834129484704,1.0750435195442318,0.6349968091895345,2.3660587915078937,0.5144535691724572,0.4287834129484701,0.8162367463206194,0.5675987331930965,0.4551973413955082,0.4455596526514063,0.6885642504708871,0.4818427006573932,0.5858970963719183,0.3082396138673306,0.01831555340749616,,0.44313300340712264
37,pious-sweep-43,run_26fd8d7b5760e206526a69390d4977d9,0.5498404502868652,0.9159412890874282,2.3154872074033763,1.2765255843335441,0.5318325033031813,0.9522788415888591,0.695800893426931,2.1348666303756128,0.34697409981048516,0.5318325033031798,0.6647175185947133,0.542038057982649,0.4558954153189572,0.42341506241420046,0.6981569537079167,0.4953291415365094,0.5323680186339519,0.3264572709706285,0.09614771446586891,,0.5190688821829162
38,prime-sweep-44,run_5e3f5ae71e31cfc0150dc8a7b8cd584b,0.5500957369804382,0.9605615826419912,2.2638268916712034,1.4232849020846494,0.7134464884642747,1.1653426175027695,0.5607147415443521,2.121203048448559,0.3259001895135824,0.7134464884642749,0.8826554834625744,0.5845838427266542,0.5326693097867293,0.2903628324234588,0.6747318459773781,0.5211216122757907,0.5241879145441827,0.3718489856374509,0.048280292474193236,,0.4206219724334468
39,gallant-sweep-45,run_28b8979f398b7b4197ce107771e7dc84,0.5955328941345215,0.8297894065092533,2.581301034295047,1.2566898294377766,0.49304807399125933,1.2002136413989557,0.6334907466496499,2.4175557974959188,0.4096399241945673,0.4930480739912603,1.0200110777021687,0.5198085453667874,0.4793695183998814,0.4189678510998308,0.6718876746215675,0.4846834486379302,0.5452200651042721,0.2701021328467222,-0.0026924780625921757,,0.3599394899295331
40,happy-sweep-47,run_9798cca34b65030f66c271e5587cf453,0.5118060111999512,1.0241991065730696,2.34896570495373,1.5016424510423247,0.6462140461429007,1.2656749485678114,0.5923420548819409,2.156151333696244,0.2855211623499682,0.6462140461428993,1.0127710080708974,0.5916666878873542,0.4769109199376563,0.3113130926156498,0.6901997392582047,0.5297001923827109,0.5112640704820757,0.32214951683762577,0.07040859241103915,,0.3675918073805149
41,twilight-sweep-48,run_5b2b0e19b09ff812966e6456eb8e612d,0.5517549514770508,0.9262029355456287,2.5130919978225377,1.2524447252053066,0.4017583087712166,1.0089966766893497,0.764671346522016,2.3639357648339696,0.49499684144030315,0.4017583087712186,0.8069868650102862,0.5447089476473566,0.5590407311760357,0.4470331705136801,0.7278584562296513,0.5318123822766532,0.5271560198476956,0.318763530639468,0.08462417646158599,,0.49963676739253055
42,eager-sweep-49,run_7c1fc6c1d67915c0af00f3ccb6cee459,0.6278238892555237,0.7510657306955967,2.5416167664670666,1.2259380922299434,0.567882914930379,1.2201693305902832,0.5795788130185064,2.3182090364725094,0.49752368919772705,0.5678829149303803,0.90265073587593,0.598680028029344,0.43740912376005775,0.4798962423778055,0.5506653154100791,0.411188704580758,0.5995516452112651,0.2350761935405501,-0.07130091740200775,,0.3421583245877609
43,breezy-sweep-50,run_c8ec8b1f54f5af0f4408690928d78b0b,0.61238032579422,0.8106955966815572,2.5758573761567787,1.298736576121289,0.4390181929057831,1.1074695363190379,0.6275686024250153,2.396434403919435,0.501743524952622,0.4390181929057817,0.853236271561956,0.5642107326331316,0.4546420910093782,0.4441625961753344,0.670702571788505,0.4685574817503935,0.5688829277371128,0.2921990574909471,0.007746861335914582,,0.4222205074320011
44,restful-sweep-51,run_9e3dc9f7494cafd971191f64e1114bf6,0.5574983954429626,0.9422080408423741,2.488051170386501,1.2436007580543276,0.5364163024697631,1.1614891596771642,0.746368857689853,2.380484485574306,0.3422994314592556,0.5364163024697638,0.9791185314131983,0.49027590978048974,0.546045946494726,0.3816235673466781,0.6893415029239128,0.5309766773504064,0.4930125930626269,0.3818788773626659,0.04069211057423347,,0.41280723006388526
45,mild-sweep-52,run_ead7e5d40d5729d2bf3fa36b1a501caf,0.549329936504364,0.8706573069559669,2.3775449101796418,1.0226279216677199,0.47031202357963214,0.9221237537585062,0.7620676451818768,2.2263200870985322,0.45800379027163685,0.4703120235796302,0.7411457509099546,0.5824920362849642,0.5772782328173892,0.5407974970468985,0.6599600988043799,0.56130216958328,0.5573400177986958,0.3720423839259178,0.1312760615956935,,0.5289635719277073
46,azure-sweep-53,run_0ca09761afae446ce76a1723535080a6,0.5549457669258118,0.9142310146777283,2.2943113772455095,1.3111939355653826,0.5410407561744079,0.9942870707390409,0.6777026164645816,2.101170386499728,0.29600758054327186,0.5410407561744077,0.7133248931793003,0.5388948829517595,0.44456092595106605,0.4056456916642722,0.6871282202207869,0.4953362907822686,0.5353361800225664,0.3402546116862676,0.08377466953799335,,0.5020667677099208
47,flowing-sweep-54,run_cdb737a20ba27fc49fe6102a8c3cd4b5,0.558391809463501,0.935137204850032,2.309009254218836,1.297195198989261,0.8166378697022055,1.170802342142744,0.550402042118698,2.115323897659227,0.34045483259633735,0.816637869702206,0.8521126760563378,0.5718222020803143,0.5602865083934786,0.32962088561121217,0.6273488801578481,0.5090595501616535,0.5331971241314463,0.359753503116357,0.04271088679218051,,0.4014973253693718
48,major-sweep-55,run_041bcf21262c4ee2d23f30f1ea9bad32,0.6560306549072266,0.7391959157626038,2.8965432770822,1.263436512950095,0.47228376867567845,1.2606662446589652,0.6275430759412894,2.764262384322266,0.580126342387871,0.47228376867567806,1.0608403228358916,0.6043060615422966,0.5422123997803792,0.5415587587395843,0.6148104230441608,0.5066595275027821,0.5848137699229259,0.21235955436113524,-0.15288532309585956,,0.3262968971579305
49,elated-sweep-56,run_58bb1abfc46aa2d8201e5c76877e3012,0.5931078791618347,0.838647096362476,2.5701959716929785,1.2810233733417564,0.5711962597824982,1.1867700585535688,0.63892788768347,2.3993739793140993,0.40675931775110563,0.5711962597824993,0.9914068681753447,0.5275220920759125,0.4763420794779471,0.39896513743894263,0.6706971639419818,0.4999789459631092,0.5474165556851595,0.2820923668888689,-0.001168145504830527,,0.38282798098246973
50,unique-sweep-57,run_e927e5c089a97d3786bcafedfc747af9,0.6047223806381226,0.8056668793873645,2.3670386499727822,1.2212886923562858,0.5698444963919097,1.0601598354169965,0.6317294192724959,2.164316820903649,0.3621099178774478,0.5698444963919106,0.7779791106187682,0.5651062624851211,0.4303617032115774,0.41807617405740194,0.640641960130756,0.4863481180554747,0.5725546288686983,0.3260587926994497,0.03820293187429418,,0.45207358578933554
51,polished-sweep-58,run_b0dd7ee80b722ec58a16b08402501bff,0.5831525325775146,0.8894703254626675,2.3411268372346226,1.3576373973468099,0.7005386726293323,1.1973809147016934,0.5367453733248225,2.1075939031028845,0.3300694883133297,0.7005386726293329,0.9099303687292288,0.5559197728552833,0.5612915958008363,0.3202115059221658,0.6407059734295149,0.519843448736647,0.5359450428443291,0.3383757451014131,0.049722574023385833,,0.38121528356225903
52,swift-sweep-59,run_4bf462003d5ab21a0afc216c797a35eb,0.609700083732605,0.7941289087428208,2.2528307022319005,1.205799115603285,0.6490293729037505,1.0651764519702485,0.592520740268028,2.002313554708766,0.35642451042324813,0.6490293729037501,0.7563301155246082,0.5883376796146177,0.41197032328689503,0.4311260096414775,0.5995141567663118,0.4714504278813224,0.5800507559622184,0.32654734596255125,0.03322427830035579,,0.45005256641069785
53,dazzling-sweep-60,run_c8f30c5b6840cd07ac4368185f1f399e,0.6154435276985168,0.8056924058710913,2.6295862819814926,1.1965508528111182,0.5099705254599045,1.1537743313815478,0.6397192086790036,2.5218018508437674,0.31771320277953397,0.5099705254599053,0.989555309384397,0.5686360216910613,0.5206797702282997,0.41700060658302207,0.7162894200860254,0.5128157160682241,0.566810213863932,0.3587808215631911,0.06256775874838928,,0.4066096440338374
54,olive-sweep-61,run_1e750e94e0e489e9005307f6fcaef6f3,0.5415443778038025,0.930721123165284,2.5904463799673394,1.2059001895135821,0.4867059660534608,1.1025478714986547,0.7354435226547552,2.453919433859553,0.3240050536955153,0.4867059660534617,0.9299889222978318,0.4831937786301228,0.5055999772444809,0.4066152667369026,0.7370890034430589,0.5068967117174712,0.509597347709941,0.3146213777446793,0.054680765390973926,,0.44415288357723753
55,lemon-sweep-62,run_e9aa27cdcbb06272b2d262427e06628a,0.5537970662117004,0.965003190810466,2.578851388132826,1.3945293746051801,0.5621302977944913,1.2385266656116474,0.6347415443522643,2.4578933043004914,0.36021478205938096,0.5621302977944906,0.996399746795379,0.5883315795421018,0.5486984544222563,0.40195607061903393,0.7371843162091942,0.5717027594167579,0.5162570448116558,0.35930847475444405,0.02799973892461379,,0.3826808988255763
56,hopeful-sweep-63,run_ec4bbc11aea5a3cb362f0622ee3958a9,0.5702616572380066,0.8771410338225909,2.2001360914534573,1.352305748578648,0.6885150929972559,1.1411378382655484,0.580676451818761,2.00928143712575,0.32226152874289443,0.6885150929972573,0.8630242126918815,0.5306009931105315,0.455270600255572,0.33292309165788714,0.6399005009908241,0.4451131150990182,0.5465691224023027,0.3502255512154053,0.05681498982240742,,0.41142428294889655
57,fluent-sweep-64,run_5ab0e4aa0c9a1a735ab957eda7c172f4,0.6044671535491943,0.8294830887045309,2.758002177463257,1.3066708780795961,0.3308974489277366,1.247721158411141,0.6613656668793881,2.63094719651606,0.4345041061276057,0.33089744892773887,1.0646383921506584,0.5142324290956526,0.5295375028707259,0.43834402834977493,0.7343100756394332,0.520966604991805,0.5534672307712796,0.28356761639187417,-0.015863864709349817,,0.34531287660881976
58,scarlet-sweep-65,run_741ea754599277dc9759589a6ba62ebd,0.6279515027999878,0.7752137843012126,2.5269188894937398,1.271042324699937,0.5852017481451367,1.1374742839056815,0.5960178685386092,2.331600435492652,0.47786481364497924,0.5852017481451366,0.8196550087039082,0.5951114876458387,0.4571638765274293,0.47888612201896374,0.5833620871981247,0.40641425764084826,0.5869765840208863,0.28778337062558396,-0.05814543721713809,,0.40455297888442693
59,valiant-sweep-66,run_49bc408d8693255a0a98dcf6ece991f5,0.5474154353141785,0.9813656668793875,2.4819542732716395,1.4510549589387243,0.6881796930582377,1.2332172812153823,0.5973452456924058,2.2869624387588474,0.3230448515476952,0.6881796930582377,0.9559740465263494,0.5685371055593761,0.5380412698149839,0.3693903840628292,0.6858533041485892,0.543853733053351,0.5021790109685793,0.32768419320073566,0.05119574118639841,,0.37386771968735916
60,copper-sweep-67,run_e09eab456f0c4b066f95da65a14d800d,0.5911933779716492,0.8847223994894702,2.667310832879696,1.3621351863550224,0.4645594064437443,1.217502769425542,0.6763752393107849,2.5842406096897124,0.34934933670246426,0.4645594064437446,1.0201614179458771,0.5328799187028167,0.5636366507135394,0.414825367940491,0.737921651066745,0.5570494307997558,0.5315202663588594,0.3654397528100223,0.03521477668865634,,0.3839499621109008
61,upbeat-sweep-68,run_da3e1ea814b22a865f2fbd1851985689,0.5359285473823547,0.9924186343331206,2.212493195427328,1.477182564750474,0.7143713792052039,1.1765943978477609,0.6180982769623488,2.0034567229178015,0.3329248262792181,0.7143713792052042,0.8619876562747266,0.5751266744592931,0.5958941968654484,0.3582496887271334,0.6539983684484846,0.5366144025815346,0.5023969467321929,0.3814461780797892,0.04593074886459568,,0.4065116330146994
62,ruby-sweep-70,run_8bdd55aac3b6dbf560af7880bae258f7,0.6395660638809204,0.7399617102744097,2.468726183995646,1.263436512950095,0.6236202866144934,1.277646779553727,0.5075175494575624,2.2338867719107247,0.49716993051168684,0.6236202866144933,0.9492562114258586,0.6110143174229785,0.41657097378456626,0.4534252785493088,0.5253411286913686,0.4267885680300104,0.6075230902654789,0.2650500675007291,-0.057050761377178044,,0.315351356795214
63,whole-sweep-71,run_23dcb4df86a07dd3f9e8ac05da29d9f6,0.5702616572380066,0.9041480536056158,2.5375340228633663,1.3459633607075174,0.56203882508385,1.2058078809938282,0.5995660497766448,2.3671475231355483,0.31925457991156087,0.5620388250838494,0.9756448805190701,0.5498661661896503,0.5084913377479121,0.35638524406985284,0.6918445089226944,0.5048804030505737,0.5331470724050809,0.3257378536848129,0.05486491836386341,,0.3765313031460327
64,scarlet-sweep-72,run_3ad99a921c502d4c84a21c877c7b2633,0.605998694896698,0.8079897894065093,2.5234349482852485,1.244763108022742,0.4814412033743267,1.1037743313815478,0.6589151244416083,2.3444474686989674,0.4746809854706265,0.48144120337432655,0.8819829086880836,0.5518266294092047,0.4497493205291785,0.42742186252913195,0.6643054776695922,0.49151975719356017,0.5675114031232752,0.2945557328501282,0.018074911366934426,,0.4145074487606438
65,dashing-sweep-73,run_cc4a6dfc630f0485b23874d1e25348fc,0.5604339241981506,0.9270963624760691,2.220495372890583,1.4377890082122553,0.6455432462648644,1.1346969457192595,0.5290363752393104,2.05544365813827,0.30305748578648256,0.6455432462648633,0.8261354644722265,0.59490852763862,0.614086506943709,0.3250148453213294,0.6808645866738539,0.54365694895551,0.547650696004769,0.3896120428626732,0.06173247519730002,,0.4376974872845828
66,vague-sweep-74,run_d99889149d68e74c484c4f395481a9ae,0.5786854028701782,0.8678493937460116,2.1913718018508446,1.2950979153506001,0.799522309177762,1.1006092736192437,0.5392724952137846,1.9709036472509538,0.3073783954516743,0.7995223091777636,0.8005617977528094,0.5871834976694925,0.549195955399587,0.32339925933020464,0.6047523505387113,0.4757762490678331,0.5704184534693642,0.35461680455708344,0.06287290894237856,,0.429883991435065
67,earthy-sweep-75,run_8c3da659a5f6e2fe24eae7f693500a0e,0.6017868518829346,0.8294320357370772,2.5241426238432236,1.2607833228048013,0.5668360605752617,1.1731128343092263,0.6426292278238672,2.351687534022865,0.3842198357548954,0.5668360605752626,0.969014084507043,0.5209573353120138,0.45067169676060814,0.4147000606583022,0.6512098787698087,0.49250038988232203,0.5428662343959098,0.29740719452350195,0.016849214663449845,,0.3843855999479747
68,rare-sweep-76,run_28befb000a6fefd1e04f545b98de385a,0.5698787569999695,0.91446075303127,2.710751224823082,1.24433354390398,0.5233458684825695,1.2715461307168856,0.7217868538608803,2.565405552531301,0.3483133291219199,0.5233458684825691,1.11207469536319,0.5103187677122363,0.5084682005775057,0.39160361395779464,0.7001151874550952,0.5319287087733288,0.49763864208222747,0.2968641872995479,0.038691811311969464,,0.323258382843748
69,cool-sweep-77,run_0d6327bb015c2a9bd863156d8321f89a,0.5849393606185913,0.8450797702616466,2.3154872074033763,1.3045230574857867,0.5614188433783921,1.1325051432188638,0.5897638800255257,2.049618943930323,0.3656222362602653,0.5614188433783931,0.7839056812786834,0.5539888300370172,0.3872561326265413,0.3968207068288478,0.6199506819021688,0.4271013079513888,0.5650399494829839,0.2880474037140114,0.025047088064630112,,0.4146095769026503
70,glad-sweep-78,run_2363e1f0001fa1de55f7725cdb8976b0,0.5417996048927307,0.9280153158902361,1.8907185628742522,1.3804548325963362,0.8045939628010977,1.003932584269663,0.5631908104658567,1.5754218835057159,0.26171825647504765,0.8045939628010984,0.6440971672733029,0.55806771095111,0.44256099127157816,0.3576940267535038,0.5768066341546738,0.45663745022950203,0.5483994243108584,0.3860106300666632,0.08920894941820857,,0.5269726182446445
71,rosy-sweep-80,run_8a207e78af5d14aad85ff84dc54df873,0.6080408692359924,0.804058710912572,2.387506804572674,1.310334807327859,0.5399532472812278,1.0646858680170914,0.605564773452457,2.1970876428960273,0.39725837018319676,0.5399532472812285,0.7547634119322678,0.5659949957683078,0.45814110540868397,0.42424480413753474,0.668818436138249,0.4338198753752368,0.5792247184728522,0.3368186879805489,0.032537234701794246,,0.4535885483367768
72,clean-sweep-81,run_62992d87ca9184e8d67bfc835cb2351b,0.5978302359580994,0.8230759412890876,2.318590092542189,1.3091219204042956,0.5954771826405123,1.0829561639499923,0.5761327377153798,2.0633913990201425,0.3467719519898936,0.5954771826405115,0.7373951574616229,0.5744078979073398,0.40037420712059707,0.3904044950994477,0.6205795145471191,0.43243087645066847,0.5734905089401006,0.290559456382171,0.039279889156642316,,0.4394763789578681
73,clean-sweep-82,run_a91b10afb595170c18a1bc15696434d6,0.5452457070350647,0.9121633694958521,1.7918617310832887,1.2953000631711942,0.9213944506555545,1.0584981800917868,0.5604084237396293,1.526646706586826,0.24334807327858377,0.9213944506555553,0.83294033866118,0.5534387997697143,0.4192555414359724,0.3232567123200204,0.5089727241146316,0.44368983574666354,0.5540103058773735,0.356275817416827,0.1206883350157785,,0.4934062939286302
74,polished-sweep-83,run_5d3b85e4f87dc5f379f23abc314f11db,0.5407785773277283,0.8992724952137843,2.097250952640175,1.295830701200253,0.8933834739302775,1.1569235638550404,0.5580855137204843,1.8232172019597173,0.3216045483259631,0.893383473930277,0.8076277892071528,0.5308332625750356,0.4325317045101018,0.3386109248794815,0.5402645419363878,0.4277095875750272,0.5626587408195413,0.33626076843114944,0.057117206236889775,,0.4089118053870785
75,vivid-sweep-84,run_2092db915c1f319dadfacaf2212a79c2,0.530312716960907,1.038264199106573,2.2349755035383785,1.4688439671509794,0.8256021953450554,1.2140291185314132,0.6016592214422468,2.001333696243877,0.3231711939355653,0.8256021953450567,0.8380519069473019,0.5915473547036421,0.598594282561593,0.32640966701784635,0.6405530593117172,0.5619016563106811,0.4851801852430939,0.34974708787071407,0.048932727557638236,,0.38786938028339024
76,fine-sweep-85,run_96ad4cad219a448364c1b218a3d96c99,0.5161455273628235,1.0000000000000002,2.0349210669569953,1.4659633607075175,0.6842870210387235,1.1476103813894603,0.6358391831525206,1.7715568862275453,0.24903348073278647,0.6842870210387241,0.6596376008862166,0.5722148292050602,0.45365164915640194,0.41916738498866646,0.6155050796078615,0.499335111042277,0.5139307567946485,0.37895271039997264,0.09441455274710168,,0.46371845506542836
77,noble-sweep-86,run_1a25343d0adb913f700a35af9b98eae0,0.561582624912262,0.9011869814932995,2.4146706586826356,1.207567909033481,0.5146559609716435,1.0783668301946512,0.7088194001276324,2.281845400108874,0.2712192040429571,0.5146559609716436,0.8804874188953947,0.49344332485512055,0.4999788256801472,0.39160425246623887,0.6766227737613709,0.5034032350362754,0.5166820441594384,0.35820947328776764,0.09151131272613995,,0.43986939041793843
78,dry-sweep-87,run_1e414b9b14e251fe9209b17ce84d1f15,0.5613273978233337,0.9339119336311424,2.880702231899838,1.3191282375236895,0.3819697123691432,1.259613862952999,0.7363369495851955,2.756151333696245,0.48390397978521804,0.38196971236914345,1.061322994144643,0.48718274013215723,0.5734735361643917,0.4451398333492961,0.651773177579788,0.5163116174901634,0.4917707741268251,0.23394125220006223,-0.009841110274291,,0.3389815251040737
79,pleasant-sweep-88,run_d09a6172294ebe3176b4fd03d8a28229,0.5275048017501831,0.9734269304403319,1.8429776810016338,1.4352621604548326,0.7789714401870109,1.0627472701376801,0.5524952137843008,1.5228905824714212,0.2363992419456728,0.7789714401870098,0.6391517645197015,0.5826456117997355,0.47194646623611947,0.34575040704913323,0.5956290727788522,0.4761788991580521,0.5339991318691758,0.3833503739202592,0.10195144628704389,,0.5065799844827649
80,breezy-sweep-89,run_53ebefad1cdcf47f87f383af155d4234,0.5825143456459045,0.8884747925973197,2.6244692433315198,1.2735439039797856,0.44059355625571706,1.211884791897452,0.663586470963624,2.5157049537289073,0.32514213518635454,0.4405935562557175,1.0454660547554993,0.5531666924357774,0.558277918316462,0.3829198991156658,0.7515589681827877,0.5615290874616707,0.5434887130775065,0.36582587952230666,0.0537469418215146,,0.3872766582478282
81,zesty-sweep-90,run_dfaf73cfd2523af85bb3a3965bd3545a,0.5401403903961182,0.9438162093171666,1.9454817637452375,1.4290713834491475,0.8195141782701495,1.0393574932742524,0.5582131461391194,1.6280076211213945,0.25416298168035456,0.8195141782701487,0.6620984332964073,0.5642698657029386,0.43756544208449455,0.3728744053890113,0.591730836234685,0.4562262814848212,0.5414813053329983,0.3511520918280332,0.09007785084519214,,0.5061919340136087
82,icy-sweep-91,run_a1542d59e23dd3f538f316840f0a0c51,0.5965539216995239,0.8384684109763879,2.0931137724550912,1.3127100442198358,0.7526476267913406,1.0909558474442158,0.5590044671346519,1.7836962438758852,0.3343903979785212,0.7526476267913397,0.6936619718309862,0.5910556542583689,0.4113905466205668,0.3606720301375986,0.5962797485954405,0.43555367305168635,0.5657950549261853,0.3270690466368414,0.05162101923666473,,0.4650547940528454
83,wise-sweep-92,run_bcab4dd0d7298e09d2309dde9eab5f3f,0.5957881212234497,0.8257817485641353,2.054572672836147,1.261212886923563,0.7663990242910865,1.1109510998575725,0.5553031269942555,1.7632280892759937,0.3526847757422635,0.7663990242910871,0.7515113150815003,0.5884343067679141,0.38998276887150135,0.3752004916515021,0.5579359762685158,0.4136612121603956,0.571185253881274,0.3223991507278862,0.04075891348681605,,0.44131539140489934
84,wandering-sweep-93,run_bb046c76838d097f7619880b0fe00dfb,0.5859604477882385,0.8807147415443523,2.57041371801851,1.2547441566645614,0.5231832503303182,1.196368096217756,0.6606253988513078,2.453592814371258,0.35015792798483875,0.5231832503303182,1.0265310966925145,0.5418312175451774,0.5163792207757282,0.380139833349296,0.712787949665612,0.5384298061981951,0.5354288083398541,0.34265301338295806,0.03568739607348729,,0.39381629540954183
85,glad-sweep-94,run_4d5f39dda7b7eb48b99436d5d3a53cce,0.5144862532615662,0.9493809827696235,2.033832335329342,1.295325331648768,0.8370464478097368,1.0722661813578098,0.5878238672622847,1.7716657593903116,0.3793430195830711,0.8370464478097372,0.7478002848551979,0.46969981713636827,0.46934450941919564,0.37455272483478597,0.5683511851223677,0.4409303958710209,0.5260955069527194,0.3506275319923389,0.06784247313325806,,0.4530453854176494
86,silvery-sweep-95,run_46f9907643850b2034e2f38309aae32e,0.5922144055366516,0.8641480536056159,2.6006804572672846,1.2102969046114973,0.47907307653216796,1.143163475233423,0.6878111040204206,2.4888677191072426,0.31624763108022846,0.4790730765321673,0.9717122962494075,0.5347553150144437,0.5176351610398823,0.40197123519458544,0.718545738044654,0.516582063525441,0.5381597731277383,0.3583992815860543,0.061806517240981775,,0.42137381224548914
87,magic-sweep-96,run_43aa4c0b99ba0b6ef026dfe02b04e5f0,0.5830248594284058,0.8900319081046585,2.8153238976592285,1.433821857233102,0.30461429007012913,1.2914622566861846,0.6922527121888947,2.7117855198693523,0.4791535060012646,0.304614290070129,1.1197262225035618,0.4908487004481887,0.5929728678853062,0.47861284040481433,0.7375749398609435,0.5524482042802701,0.5198134205772393,0.25579559407710567,-0.011598337346189234,,0.3281552588323477
88,scarlet-sweep-97,run_645d0881b2ea20a755b5aebb9705a2ad,0.5541799664497375,0.8784939374601148,2.410860097985847,1.1828553379658877,0.555097062709625,1.073817059661339,0.675966815571156,2.2868535655960804,0.29997473152242626,0.5550970627096249,0.9135701851558796,0.5026432316401864,0.501883586624462,0.4048609647862593,0.645538042665784,0.5308493911295014,0.5421094046042445,0.3730563880580025,0.07109243477609518,,0.4459261145027104
89,dry-sweep-98,run_2a23bdcce97cc6bfd245a17c9fa7e8ee,0.5730695724487305,0.8581238034460754,2.17569406641263,1.1846241313960837,0.5179286512856998,0.9639974679537902,0.6575877472878112,1.9685084376701143,0.22626658243840878,0.5179286512856994,0.6522551036556427,0.5547012927808389,0.4652292820239447,0.4173908948695847,0.6569759720358922,0.47118760821850636,0.5599005629665958,0.33628765608411526,0.12650192850734415,,0.5167569383647256
90,easy-sweep-99,run_c7cd8315ca9254e91991dc570fb6134b,0.5507338643074036,0.9564262922782387,2.2156505171475236,1.3993303853442831,0.7414574651895519,1.1677480614021205,0.5832801531589019,2.0216385410996196,0.3288060644346174,0.7414574651895524,0.839357493274253,0.5744804272562078,0.5726854006117826,0.31024199470037994,0.6453206776703477,0.5306813499928869,0.5216936787597217,0.38822808743200043,0.04606390829626319,,0.4077701423914656
91,blooming-sweep-100,run_1217ca98399f2782d4d749be6e9f2839,0.6880663633346558,0.6535800893426931,2.6959989112683735,1.3906127605811756,0.49009045634718973,1.2881626839689826,0.48913848117421854,2.469651605879152,0.7365887555274794,0.49009045634719123,0.9795379015667032,0.656921708749082,0.4674250222934934,0.6028255594930243,0.52083738569789,0.40456924903569075,0.6454620338900707,0.18213729374694015,-0.2703699992039716,,0.3059640653859726
92,honest-sweep-101,run_bf1b36edc019b8e3c6b6dc96605e4f0b,0.5345245599746704,0.9690874282067646,2.3119488296135007,1.332924826279217,0.8315174306331945,1.1740069631270769,0.5666879387364386,2.099537289058248,0.3625900189513581,0.831517430633193,0.8566466213008386,0.5333496869261233,0.5342063243863744,0.3225813300130894,0.5938319516704553,0.473027535569283,0.5151338595859128,0.34922155049667314,0.027518903656567773,,0.39444815375167974
93,bright-sweep-102,run_6ffeaeec89a24a48279975890544021e,0.5255903005599976,0.9436630504148054,2.1006260206859015,1.3547062539481995,0.7473625368431752,1.1151843646146542,0.5439693682195285,1.8678551986935228,0.285243209096652,0.7473625368431759,0.7828532995727169,0.5214195933771422,0.4625410201897302,0.3161260096414775,0.6197319019113368,0.4555460686141699,0.5407257041186628,0.3545986615173633,0.07626302500820414,,0.44275289952477564
94,fallen-sweep-103,run_d784bcda001130fff8fedf0eff2f0fea,0.5962986350059509,0.8271346522016593,2.669651605879152,1.1960454832596337,0.5042992174001423,1.2018752967241653,0.6659093809827699,2.5182090364725105,0.4171193935565383,0.5042992174001426,1.0320224719101119,0.5064594537768834,0.48768419201549396,0.4348564952271494,0.661066916795873,0.48826431972301154,0.541667904087563,0.26677898458783145,-0.007746701669227283,,0.35291080627873006
95,winter-sweep-104,run_937b976e3d3bff473d331f46f2531ebe,0.5221441984176636,0.9588257817485644,1.9763473053892227,1.392608970309539,0.7915946742555138,1.0960990663079602,0.5620931716656028,1.6734621665759404,0.3422994314592541,0.7915946742555133,0.7316743155562591,0.5059556337556221,0.48046082514253946,0.298926348050953,0.615401758311122,0.45461655793530004,0.5271228198880626,0.3484978154200513,0.07252774573781466,,0.4450056269102821
96,proud-sweep-105,run_7d4090d3beec48ee5e973708816e0163,0.600127637386322,0.8212125079770263,2.339493739793142,1.2220467466835123,0.5769895314564489,1.0899430289602785,0.5548691767708993,2.1954545454545458,0.3056096020214776,0.5769895314564492,0.8547792372210782,0.5813707430987759,0.5012819949189721,0.38804536602496564,0.6651184941790053,0.4692070184654532,0.5806755329320238,0.3673468785144158,0.06573827553361798,,0.43467890885663096
97,hearty-sweep-106,run_946b49512759b6b598e83da84cf61674,0.5530312657356262,0.9352393107849394,2.2245236799129025,1.3681996209728364,0.7765524951722736,1.1193305902832729,0.5622973835354182,1.9990473598258036,0.3134680985470637,0.7765524951722743,0.8079680329166004,0.5530043569567216,0.5704412811057977,0.29829406506401046,0.6237088754642647,0.49304065950646064,0.5280095114564616,0.34150251267487325,0.05974605024595783,,0.4276402998550603
98,worthy-sweep-107,run_b915462cbb7ff83f8ea9757cb5e593ac,0.5633695125579834,0.9348819400127631,2.382607512248232,1.4260644346178146,0.6424636650066065,1.2321569868650102,0.5560689215060637,2.199918345127927,0.30174352495262213,0.6424636650066066,0.9476341193226773,0.588637913099936,0.5175068872649852,0.33898876225138075,0.7060292206104505,0.5408705334278464,0.5339979357888563,0.32127202261175,0.06256347523920763,,0.3770423119298759
99,smart-sweep-108,run_894ea83b96092fcdc943ba9baa6b3bcb,0.5629866123199463,0.9254626675175496,2.5325802939575404,1.2204042956411878,0.5841142392519565,1.1913356543756926,0.6738225909380983,2.410860097985848,0.32713834491471866,0.584114239251957,1.0021126760563381,0.5107554311866522,0.49443381153690663,0.39937106918238996,0.6733875597911481,0.5198110008919371,0.5085688662807158,0.37633596327373625,0.053829284308223375,,0.39407974439630783
100,usual-sweep-109,run_b97d50b472be564c2a389b7e0c6f6701,0.5520102381706238,0.848015315890236,2.1891943385955366,1.1821478205938096,0.5804553308263034,1.0191090362399113,0.6150095724313976,1.959471965160589,0.3252937460518004,0.5804553308263033,0.6999920873555948,0.540566013412868,0.4630555054101075,0.4273648756504805,0.6034075396266232,0.4488861244150648,0.5820051196592966,0.3667841518729507,0.07139813938210823,,0.4909186776261403
101,golden-sweep-110,run_38b97bd413aee1ebf43ead45e2cea10b,0.5758774876594543,0.8881940012763242,2.404164398475776,1.4714213518635504,0.6264559406443745,1.2234847285962969,0.5662029355456291,2.1595264017419713,0.3485154769425138,0.6264559406443765,0.9062509890805508,0.5348429584368665,0.4791713220548132,0.3774726239504518,0.684115051593812,0.48606592657353,0.5384224987408183,0.25684620729513896,0.0394288793782693,,0.3762313677250783
102,decent-sweep-111,run_902ee9156e0730ca1a00a94df08ccea2,0.6139119267463684,0.8226419910657308,2.5802123026673938,1.3010612760581177,0.571236914320561,1.2174315556258903,0.5994894703254627,2.4453184540010904,0.3718888186986747,0.5712369143205605,1.0362319987339765,0.5771741083059967,0.5404558944599268,0.37851131756217476,0.7008503210545632,0.5299042017268492,0.5595987897038115,0.33451410302091616,0.022439682030868522,,0.3704277537242884
103,noble-sweep-112,run_1e83c71f3777e59007b33b6bc912dc08,0.5825143456459045,0.8933758774728782,2.6097169297768112,1.3539229311433987,0.49046651082427084,1.2159439784776072,0.6687428206764515,2.4856015242242795,0.33805432722678425,0.49046651082427156,1.0144089254628899,0.5601853284387348,0.5678884006076982,0.41259809085975163,0.7380336035074335,0.5785190224009564,0.5359126991532398,0.33206523801652704,0.04350786696349795,,0.3914013975202059
104,smart-sweep-113,run_0c07da17c4a0aac00b4fe5d5deeb7d58,0.6326739192008972,0.7623739629865987,2.744338595536201,1.2615919140871765,0.5625571704441509,1.2374030701060295,0.5872622846202926,2.5963799673380525,0.5169551484523061,0.5625571704441495,0.9962731444848866,0.5752308922124165,0.5102821120732971,0.492992529451202,0.5743693746511431,0.47619975037782586,0.5848992285311263,0.22438571069592,-0.08496534360032335,,0.3401436902227168
105,lunar-sweep-114,run_ecc4bbc476899562c0eb2fde7fdbe29f,0.6525845527648926,0.7362348436502872,2.671502449646163,1.305533796588756,0.49626994613273706,1.1853299572717202,0.5819017230376509,2.4678007621121387,0.5567024636765628,0.49626994613273623,0.8817534420003162,0.6200564736149479,0.46591997617525055,0.5272919260607221,0.5621475333095978,0.4267199441623971,0.6058721583521127,0.20845944888114848,-0.12147289241648375,,0.37674476965374937
106,comic-sweep-115,run_d5173e0012e9bac2b875a1c3493a5587,0.6146777272224426,0.7948691767708997,2.5169569951007085,1.3045735944409353,0.5337737574956805,1.192506725747745,0.580395660497766,2.2919161676646707,0.4650284270372713,0.5337737574956807,0.8644484886849189,0.5769350576210207,0.430207757444203,0.4546710085240877,0.5708505905146006,0.40667346232166435,0.5816722359801695,0.2659477780110815,-0.043928988302583266,,0.37301757744314085
107,unique-sweep-116,run_573d073fb827d7246ac0c706ef9ff18d,0.5652839541435242,0.8731333758774729,2.1428143712574856,1.4058496525584336,0.6138327065758715,1.1088779870232632,0.5395532865347807,1.9027490473598274,0.3003284902084649,0.6138327065758706,0.6447697420477934,0.6005418527054299,0.4363842546811281,0.4196957507263034,0.6286130050048323,0.43888270365112103,0.5795953381856781,0.36427279042409155,0.06734379897715627,,0.4623543789034699
108,misunderstood-sweep-117,run_00f2b9db23b81b9b822e9baecb6bd90c,0.6805360317230225,0.6848755583918316,2.1716657593903106,1.2086291850915984,1.113924179286513,1.408719734135148,0.5742948308870447,1.9515242242787152,0.6277321541377141,1.1139241792865109,1.0790314923247348,0.7199884648308459,0.3665362475562688,0.532417392970022,0.5335474787554121,0.32849143391248115,0.6386316721032403,0.21717614204470326,-0.12554799862963276,,0.23716724929439487
109,royal-sweep-118,run_fb65ca6f39b54646b73cde9c84b9c8b8,0.6007657647132874,0.8368347160178686,2.424088187261841,1.4167150979153509,0.5277975404004472,1.110049058395316,0.5783024888321636,2.2087370713119228,0.39500947567909056,0.5277975404004472,0.753473650894129,0.5757055617044532,0.47429301060006024,0.4588778214091881,0.6841376222514443,0.4140696833478762,0.5712493650966173,0.2968176766125899,0.04070435499328487,,0.4364298616481334
110,absurd-sweep-119,run_79e38bbbd55a003838cce9446e678286,0.5670708417892456,0.8805615826419911,2.3600163309744153,1.1892229943145927,0.4817054578717349,0.9567890489001425,0.7017230376515623,2.1874523679912907,0.33350600126342367,0.48170545787173447,0.6899272036714674,0.5537712662065455,0.4964524739236593,0.43964658557609426,0.6898301270181881,0.5054514329080824,0.53999321592805,0.32329619009209026,0.10991287747836993,,0.5063465807612322
111,gallant-sweep-120,run_7a21eae120241dbdc6f43f77eee7f1f1,0.596681535243988,0.8235098915124442,2.48478497550354,1.1665066329753635,0.5807297489582274,1.106963127077069,0.633797064454371,2.34248775176919,0.32905874921036044,0.5807297489582282,0.9304003798069315,0.5544038583137327,0.4943609105697586,0.4251963413466143,0.6845720995679802,0.5009428525341946,0.5654471625243949,0.33831537045572174,0.051757232640699,,0.4312009959435348
112,dainty-sweep-121,run_f4aa371d9d1a7b9150cb18ef361c0b74,0.5888959765434265,0.8670835992342055,2.6528307022319,1.3532912192040434,0.4680760239861774,1.242340560215224,0.656847479259732,2.5011703864997292,0.3974099810486423,0.4680760239861764,1.041691723373951,0.5038586324606011,0.5247857131331778,0.41594355585352616,0.7111321420119625,0.5216576149368211,0.5328804486247011,0.2730198874770978,0.003365806488111337,,0.36044769096362056
113,apricot-sweep-122,run_9470bb670af3aa6a33eb9d5d59f8e46e,0.5462667346000671,0.9316656030631781,2.135193249863909,1.3159696778269112,0.7133956702916964,1.0418658015508784,0.6055902999361842,1.8601796407185642,0.251964624131396,0.7133956702916959,0.621451178984017,0.5657122166806666,0.4222227092699968,0.36507278996264725,0.6406847239953426,0.44486192869445457,0.5384027691743607,0.33392071894482006,0.10028889031916838,,0.4968522394467003
114,ancient-sweep-123,run_9faf1a1881792ffa6d850fc9e54f8134,0.5356732606887817,0.948717294192725,1.8895753946652158,1.3855843335439042,0.826161195243419,1.0178588384238012,0.5515252074026809,1.5838595536200335,0.24036639292482703,0.8261611952434191,0.6785646463047943,0.5604548737590533,0.4515763643696857,0.33881045876831717,0.5991278073739545,0.483331089417782,0.5411886317280025,0.3501944039243291,0.10172307861695515,,0.5289449885003858
115,serene-sweep-124,run_bc8923807e98893ebd01ab3ef4294c0a,0.5657945275306702,0.865449904275686,2.590936309199783,1.1630701200252687,0.6553511535725175,1.2503481563538537,0.6294320357370778,2.424142623843225,0.4665698041692991,0.6553511535725166,0.9831381547713257,0.504550457936251,0.5361191429762787,0.47344986112441334,0.5183360022060495,0.4602531656398905,0.5395685034600571,0.282737441599339,-0.048529049848670666,,0.3324387445232896
116,frosty-sweep-125,run_eb8f6b2daeb25a7470db44a8bb215135,0.5231652855873108,0.9745245692405872,2.3109689711486125,1.3311307643714467,0.8578717349324119,1.212153821807248,0.5924441608168476,2.058927599346762,0.367719519898927,0.8578717349324115,0.8547871498654859,0.4955085748681337,0.42749225303376925,0.32343549468441724,0.5503589955287321,0.4281717611070147,0.5041116734781281,0.305570655679457,0.031274183169283466,,0.3713608934497188
117,fancy-sweep-126,run_c43db287b67f96343b88bb9c2e8f72d2,0.5466496348381042,0.9286279514996809,2.1338323353293425,1.329361970941251,0.8766642951519463,1.1086406076910904,0.5777409061901719,1.889629831246598,0.4393051168667072,0.8766642951519465,0.7687134040196231,0.5765829497019865,0.5338937835294607,0.3164988985729337,0.5584788085311171,0.48917636532174724,0.5543028540649276,0.354617686395888,0.08220668014429455,,0.43102629062636905
118,effortless-sweep-127,run_b1aa1ba2edc1c59661ad150082fa00f8,0.5716655850410461,0.8868155711550735,2.240528034839413,1.3159444093493369,0.7161906697835146,1.1485203354961229,0.49804722399489426,2.0497822536744708,0.304219835754896,0.7161906697835158,0.8089096376008865,0.583167814108634,0.5824510555151764,0.35535836286434885,0.6442909213807072,0.5549821158764571,0.5675079477486145,0.38327241650755856,0.06477552299766845,,0.4270091620034828
119,icy-sweep-128,run_461359d9ff73bfc75971277e17173d7b,0.5955328941345215,0.845156349712827,2.5875612411540567,1.2063802905874923,0.49535521902632385,1.1646858680170915,0.6306317804722397,2.466712030484486,0.32367656348705,0.4953552190263226,0.9904969140686821,0.5566798322907238,0.5339370739128133,0.3991782396322191,0.7168981831469332,0.5297466067947211,0.5605132589256959,0.3512399105076781,0.0555603106286964,,0.4087684478925454
120,deft-sweep-129,run_8638990614b652574f6a75d7d131f0af,0.5905551910400391,0.8768602425015954,2.6711213935764846,1.2809475679090339,0.5542128265067588,1.1973176135464474,0.6740268028079129,2.5293685356559616,0.3491977258370179,0.5542128265067571,1.0145513530621926,0.5267454738962756,0.517963903375464,0.3923281614149347,0.7144680780628176,0.5258525068433298,0.5232829384911869,0.310388613209206,0.03746528879670534,,0.3872310002223269
121,trim-sweep-131,run_4f18104d15d26fd3704cce0512f9de8a,0.5296745300292969,0.9817996171027441,2.430021774632554,1.3454074542008845,0.7820205305417218,1.2167194176293719,0.6076834716017869,2.269433859553621,0.32971572962729095,0.7820205305417235,0.9400933692039876,0.540880101151278,0.4937739497591947,0.3183901605848737,0.6169968779417292,0.4860666122741429,0.5075421521949733,0.36029895008511686,0.046509392628285184,,0.3687818510242438
122,sandy-sweep-133,run_d4c3138878b857b36778325b46b12d93,0.5532865524291992,0.9543331206126355,2.672427871529669,1.2603284902084653,0.42741132228885054,1.2233264757081816,0.7305169112954684,2.538187261839959,0.34778269109286275,0.4274113222888506,1.037648362082609,0.4871022261118828,0.5034707274632506,0.38957092232544777,0.7196175637297509,0.5326853027265415,0.48594140338957065,0.31703603563137644,0.03860229945716106,,0.37413244555131
123,prime-sweep-134,run_601bc48ef2ae58d2d8c963b10539e8e9,0.5340140461921692,0.9194894703254628,2.569270549809473,1.1713076437144665,0.585191584510621,1.1204146225668619,0.7223229100191462,2.4331790963527498,0.3410865445356912,0.5851915845106214,0.9796486785883844,0.4966603363299725,0.5284186914508927,0.4221506560674265,0.6827145873325985,0.5308978761623819,0.5177666794381994,0.3405412555199165,0.04111670867201619,,0.4403946097521893
124,golden-sweep-135,run_75c9a345578b19bb0772b99241bab26d,0.5812380313873291,0.8741033822590939,2.1779259662493207,1.3952621604548328,0.7830775485313549,1.2106504193701535,0.5243395022335674,1.895291235710398,0.3378774478837657,0.7830775485313572,0.8752650735875929,0.5664810010246046,0.45938232404093693,0.33211473996743607,0.6255363793871868,0.4382858153615099,0.5467775315435237,0.30482708684793436,0.04994166681797103,,0.37214634612076775
125,helpful-sweep-136,run_afac8a49fd08de3d5f47478f68401334,0.5574983954429626,0.8970261646458201,2.4280620577027774,1.2569172457359445,0.5443439373920114,1.0471514480139263,0.6757115507338868,2.232199237887862,0.37530006317119496,0.5443439373920113,0.7522313657224244,0.5256400180328838,0.4416081400539719,0.4079942853494237,0.6602665639824757,0.46200820897807654,0.5398563794439768,0.32141490638104303,0.0908773735028096,,0.4672093838257721
126,zany-sweep-137,run_815a45aed984228c1503f50ac462cabf,0.6146777272224426,0.7795532865347798,2.4341045182362553,1.2261149715729631,0.5678930785648948,1.1061639499920874,0.5923931078493933,2.201442569406641,0.39210360075805467,0.5678930785648949,0.8266735242918175,0.5832588435467636,0.41706015400435464,0.42629473549787694,0.6299239062877351,0.4657989721419234,0.58921220541496,0.267518121118293,0.007728530716712683,,0.42010990050045177
127,deft-sweep-138,run_70b4b106ec94e96d56f95e5b139b4f5b,0.5641353130340576,0.8754818123803447,2.57569406641263,1.35829437776374,0.4871430023376359,1.1247586643456244,0.6244033184428853,2.40040827436037,0.5073783954516745,0.487143002337635,0.7697657857255893,0.5574437103809089,0.46133992297093024,0.46366216518213454,0.6040895180146084,0.41477900741993545,0.5646215301286118,0.27583740453548883,-0.0066381462131642225,,0.43133380235577384
128,usual-sweep-139,run_9532558a418bb80e205a87ea166c7454,0.5633695125579834,0.8968985322271859,2.1465160587915086,1.3838155401137084,0.5292102855981299,1.0271561956005697,0.6227440970006363,1.918971148611869,0.21595704358812456,0.5292102855981291,0.6843171387877837,0.5568729721855075,0.4646139999034296,0.4113652906809693,0.6542668055288221,0.4282307397518348,0.5529088737341923,0.355078926329275,0.12164322867998467,,0.4866139353333126
129,lemon-sweep-140,run_febecdc30efb00bda8237732fca3614e,0.5595405101776123,0.9171155073388642,2.6905552531301042,1.2315224257738473,0.5512653724972051,1.2238012343725275,0.7166815571155069,2.5568590092542203,0.35652558433354375,0.5512653724972046,1.059503085931318,0.4955972074796787,0.49386322407448996,0.3975810107588673,0.6641457319604634,0.507261325908451,0.5024229462948784,0.31560799534393796,0.03202105353397504,,0.3484991762330017
130,solar-sweep-141,run_e84126791543745017c4f867e19d0e55,0.5818762183189392,0.8838800255264838,2.500571584104519,1.2773847125710678,0.4914117288342311,1.1537980693147651,0.6735417996171024,2.3863636363636376,0.34512950094756856,0.4914117288342303,0.9862399113783825,0.5368804657907519,0.5307562189858998,0.3762840404814354,0.7201961509432466,0.5424820052138302,0.5359349399377814,0.3711410455376268,0.03879187824715576,,0.424310629359399
131,young-sweep-142,run_d3aac7d50edcb012d23b6aac82407319,0.596681535243988,0.8503892788768347,2.1372074033750685,1.4512065698041694,0.5811261307043398,1.0960832410191486,0.5441735800893444,1.8645890038105604,0.2872141503474426,0.5811261307043397,0.6482750435195442,0.6056094958797731,0.45734210517748924,0.440372729304345,0.692264150780715,0.45159308462184977,0.5730193925571364,0.3606065975454848,0.07450911503522353,,0.46986245750805233
132,splendid-sweep-143,run_e8a022f35013b53f02c03a40299483d6,0.5957881212234497,0.8471984684109765,2.5178824169842136,1.263006948831333,0.44046142900701296,1.1189191327741732,0.6381365666879388,2.411513336962438,0.32418193303853493,0.44046142900701324,0.9384317138787787,0.550627020570036,0.5193565425574914,0.38918685949621684,0.734770360725997,0.5230539829812001,0.5611192622823383,0.37001301812258713,0.05450947766277449,,0.436447672912879
133,volcanic-sweep-144,run_7a9c505aabbc2b36a16a68bdd33c6128,0.5573707818984985,0.8930440331844288,1.8018780620577033,1.2669740998104866,0.7507266998678728,1.0001424275993036,0.5748308870453085,1.5053075666848121,0.19369551484523073,0.7507266998678711,0.7089096376008867,0.5682195162358176,0.4332871517514894,0.36856527152571594,0.5555042656672532,0.47763366800329676,0.5545434630246152,0.3641408809393633,0.13767577953734758,,0.5122656279777813
134,easy-sweep-145,run_2a71eb3d6f1b560df8b348ef267edd85,0.5396298766136169,0.9476196553924697,1.9130375612411548,1.3996083385975997,0.8191279601585527,1.0230653584427916,0.5347543075941297,1.6034022863364192,0.2418066961465587,0.8191279601585537,0.6860974837790796,0.5703175581155443,0.44166709356012346,0.3569147271972672,0.6153630775273514,0.47118464755903156,0.5428872868164706,0.3353257507193243,0.10106870911151088,,0.531168790378297
135,clean-sweep-146,run_565a96ba3d7c2a3a4838458590e66106,0.5604339241981506,0.8496745373324825,2.33258029395754,1.0471888818698676,0.5741030592539893,0.9342300996993195,0.679157626037013,2.148911268372347,0.2566645609602009,0.5741030592539875,0.6663554359867061,0.5949605543924725,0.5713326207422521,0.5181101746320596,0.6368823760830298,0.5384833933891626,0.5651843624559281,0.35627428354772744,0.12067959746540056,,0.528688885706757
136,absurd-sweep-147,run_65fda312ae3da2d5c89fc6e08a994b63,0.5950223207473755,0.8131206126356094,2.4979586281981496,1.235388502842704,0.48769183860148396,1.1818483937331856,0.6132482450542432,2.3031845400108866,0.4215413771320286,0.48769183860148263,0.9568760879886057,0.5109448415090462,0.4439632677819095,0.40717076908342115,0.6080636128586452,0.4609431553565637,0.5622888338121228,0.2845326317071441,-0.009626961352978322,,0.36561396052222184
137,decent-sweep-148,run_ced83fb6951c410eaddc89e2680b308d,0.62233567237854,0.762322910019145,2.447223734349483,1.2126974099810488,0.5419859741843683,1.0809938281373634,0.6002297383535408,2.2529940119760483,0.38765634870499105,0.5419859741843677,0.8341034973888282,0.5761069723892577,0.45075931026068466,0.4322547329438432,0.6141890621377692,0.5119339689183886,0.5933250943617239,0.3247898985146617,0.011213845684897554,,0.4272538764816686
138,glorious-sweep-149,run_6a4e1727e41a019d07f94bc0cb71f0e9,0.7363114356994629,0.5386343331206127,2.6195155144256947,1.3360581174984212,0.38563878442931193,1.2037189428707076,0.4102871729419272,2.3721556886227555,0.7771446620341124,0.3856387844293115,0.9131191644247505,0.705769701421495,0.45030411773593143,0.6338414264278645,0.5391669471617353,0.41243140342849904,0.7132472693557925,0.18647680135783212,-0.30383222890966993,,0.340942295169016
139,glamorous-sweep-150,run_47ef42cc740c5b1970e143b89d5cea29,0.5599234104156494,0.9123165283982132,2.552830702231901,1.1638029058749215,0.6390588474438459,1.145972463997468,0.686815571155073,2.417392487751772,0.3597852179406207,0.6390588474438469,0.965152714037032,0.49362501567607947,0.5179485804531345,0.4275862784535326,0.6484439389321343,0.4969629018286733,0.5118185535430558,0.3677786437123688,0.027797042555692004,,0.4022953362045205
140,rural-sweep-151,run_550d2ccb86b539447a72c1b0469b4e32,0.5319719314575195,0.9914231014677728,2.305906369080023,1.3628174352495264,0.8603516617542433,1.2406235163791741,0.5984684109763879,2.077163854109963,0.3309033480732795,0.8603516617542424,0.9036239911378381,0.5370228896492275,0.518952517598727,0.3057612616926859,0.600595285775759,0.47977110324868444,0.5042590482951769,0.31865008949871815,0.04505988179370166,,0.3510973461460388
141,toasty-sweep-152,run_583922142e5b2d4d82d41086677bd5da,0.5628589391708374,0.8843139757498405,2.097577572128471,1.3236260265319015,0.5915641833519666,1.0138233897768636,0.5784556477345246,1.8635002721829075,0.21729627289955886,0.5915641833519679,0.721023896186106,0.5522549603241002,0.49257458589464354,0.3854188615394438,0.6431012293200669,0.4811703913496466,0.5591492580223775,0.34493919277432367,0.12377149737337384,,0.5059284362042397
142,snowy-sweep-154,run_4bd393d446cbc2ffd3d90e5bebf81119,0.5494575500488281,0.8955201021059349,2.5212574850299405,1.1761339229311436,0.5121658705152964,1.1045418578889066,0.7190810465858325,2.399863908546543,0.3336323436512945,0.5121658705152949,0.9775439151764522,0.5031816131502738,0.5162951068415497,0.42610701401526035,0.6935211573329494,0.5319495777471287,0.5285935637364972,0.3549739327608314,0.04901126897523095,,0.43623165542960596
143,tough-sweep-155,run_e31e1a5f5d9c2037c4f554e2312aad4a,0.5791959166526794,0.8767326100829612,2.4567501360914545,1.2029690461149718,0.8822847850391301,1.2796170280107613,0.6265220165922151,2.204055525313012,0.47084017687934415,0.8822847850391282,0.9296882418104123,0.5414802798491324,0.4363071388677489,0.4386931328416819,0.5146611787455886,0.401893206451334,0.5167789126628903,0.22928779258684617,-0.03706134587532855,,0.3046193823854985
144,vocal-sweep-156,run_8d40da42f2f1efaeb0d6354ecdbaf7bc,0.5340140461921692,0.9627058072750478,2.0109145345672297,1.3807580543272269,0.8911373107023073,1.1254470644089256,0.5589278876834717,1.6901741970604256,0.2948452305748581,0.8911373107023064,0.7467637284380437,0.5559337975296827,0.43958428998918514,0.3295386776490119,0.540541977063716,0.427096152038583,0.5318421525312156,0.35485336188012456,0.07263350851651962,,0.4591845714386645
145,swift-sweep-157,run_1e3625950159ece37437ef2e4d817ba6,0.5457562208175659,0.9315124441608169,2.4168481219379427,1.2750094756790904,0.5146051427990649,1.0072479822756766,0.7259731971920867,2.221094175285793,0.38217308907138425,0.5146051427990664,0.7372527298623198,0.5305123024179338,0.5110736660593002,0.41695415509370115,0.685358399070342,0.4812494629766709,0.5220862944769641,0.29525793112684834,0.06620077955581252,,0.49602309743686296
146,smart-sweep-158,run_d970ea3757ffcd0c461c0f9b9d42240c,0.5460115075111389,0.9272239948947034,1.8626837234621674,1.3472520530638028,0.7381237930684014,1.0085140053805983,0.5778174856413538,1.5419433859553622,0.2096904611497159,0.7381237930684016,0.7125494540275349,0.5552833046825072,0.4590631100987392,0.3645104236503528,0.5882878493085131,0.44427983200314186,0.5395735483674048,0.35220191314896454,0.1202827502828566,,0.5159039818553935
147,quiet-sweep-159,run_6b9fec056927d996f6a85d8ddf841f88,0.5568602681159973,0.8972048500319082,2.3632280892759945,1.264371446620341,0.5377883931293831,1.0672258268713404,0.6632291001914481,2.2435764833968435,0.30523057485786476,0.5377883931293822,0.8432979901883206,0.4800648457812487,0.46952291398272256,0.3448655939724803,0.6914064623934881,0.4630214317954353,0.5251565441099564,0.37421366218714186,0.06525582699961324,,0.4484389274801198
148,devoted-sweep-160,run_5c0ca2530a2dee16b3da21d1ac97add1,0.5544352531433105,0.9461135928525847,2.4792324442025047,1.2974478837650034,0.57599349527391,1.133225193859788,0.7233694958519467,2.3628470332063154,0.3395704358812384,0.5759934952739105,0.937893654059187,0.5313990761551839,0.5182130999665279,0.3985732528812693,0.6831433310433918,0.4996410563038576,0.5047313808276538,0.39387774338258985,0.04337250352453645,,0.42911989461462097
149,charmed-sweep-161,run_6f4c2a8acdaf77dd0d4278eb04ce45bf,0.5666879415512085,0.8715507338864072,2.215868263473055,1.196373973468099,0.5944100010163634,1.0024687450545973,0.6668793873643901,1.986690255851933,0.2578521794061906,0.5944100010163658,0.7182623832884952,0.5314789067620866,0.44843370692905354,0.40758180889442264,0.605966882882567,0.45918152866594253,0.5431330708799471,0.3213968142892053,0.11471661800504637,,0.4841632560120252
150,absurd-sweep-162,run_e9d6129f4e3f1862786288c8ff465766,0.5479259490966797,0.8987874920229739,2.6186989657049553,1.1397725837018324,0.505234271775587,1.0756290552302579,0.7358774728781107,2.491099618943931,0.3207706885660145,0.5052342717755882,0.9455451811995569,0.5090135126229316,0.5200844846162056,0.4563616192574147,0.7286857513581203,0.5287999009244494,0.5269169745534071,0.29636678397070293,0.05887289099060934,,0.44686244439363687
151,valiant-sweep-163,run_eebc783521a70fb7d553ce2be434a095,0.580855131149292,0.8367070835992344,2.2095536200326626,1.1695135818066964,0.5535725175322695,0.9519702484570344,0.6479642629227816,2.0225095264017425,0.250347441566647,0.5535725175322693,0.6596613388194335,0.5521202601046283,0.4866453754755679,0.4293271717268461,0.6318334351413719,0.5003534085664252,0.5676022371699267,0.342732272300562,0.10905431262045776,,0.5112653965157244
152,peach-sweep-164,run_3b7683f142125cb1941186e27530d0d4,0.5509891510009766,0.89360561582642,2.489684267827982,1.0861781427668986,0.5265677406240472,1.0585693938914387,0.7409061901723042,2.3944202504082748,0.30586228679722083,0.526567740624047,0.9244658965026111,0.5293005509442779,0.5739731511363181,0.48407974970468987,0.6520962333878157,0.5615349801863643,0.5189255450825784,0.37953216670114204,0.07342290160706025,,0.4459609545931425
153,rich-sweep-165,run_991080440297268b6d627a1e84532225,0.5414167046546936,0.9321506062539885,1.8316548720740347,1.3466203411244473,0.7955889826201851,1.0016853932584269,0.5655392469687305,1.5207131192161136,0.24468730259002003,0.7955889826201863,0.6891517645197026,0.5504331173630451,0.4419516045269531,0.3369511221785908,0.5729150643942021,0.46360909571059805,0.5412037562461367,0.3687796435159383,0.1011898740279229,,0.5268682164410675
154,fancy-sweep-166,run_1f022f2877f72ff0a0681d709a16b943,0.6261646747589111,0.7775877472878112,2.4919161676646713,1.2749589387239422,0.6738489683910966,1.1996993195125811,0.5671984684109751,2.2120032661948836,0.48261528742893167,0.6738489683910975,0.85307801867384,0.6032972624986248,0.40998748684035835,0.4676621013312901,0.5451471239293144,0.39928558986920415,0.5872254668626349,0.20956236053380747,-0.05589733366487573,,0.36462597816434017
155,unique-sweep-167,run_5b5c17522addf2a186459e4f56f1432d,0.5657945275306702,0.8568985322271857,2.1821175830157875,1.228363866077069,0.6321780668767151,0.9449121696470961,0.6182769623484368,1.9743875884594466,0.2503727100442191,0.6321780668767161,0.6862161734451646,0.5269372355264583,0.4894848622316495,0.39860629569326056,0.6040637216374452,0.4883327723371723,0.5634051040541386,0.35104743587837917,0.10224146875503776,,0.5246499535760505
156,rural-sweep-168,run_d50b955632b6b29856066e94b1de7db7,0.6011486649513245,0.8257562220804084,2.4643712574850305,1.1634996841440306,0.5228275231222685,1.09260959012502,0.6326738991703895,2.352340772999457,0.30646873025900156,0.5228275231222691,0.9300363981642663,0.5625748836421315,0.5169285138624059,0.4294697187370303,0.6847309674215905,0.4932477961697014,0.5676881760932851,0.3851994121505273,0.06816932132340253,,0.4396200286046248
157,serene-sweep-169,run_e923eab3b40c9dad478d8ee66d7e1352,0.5492023229598999,0.9192852584556478,2.2417800762112146,1.3340113708149084,0.5853338753938409,0.9804636809621777,0.6669304403318449,2.0226183995645095,0.29024636765634976,0.5853338753938396,0.6815556258901733,0.5315199262037436,0.44047863127554615,0.40612090157392333,0.6728616218011663,0.4866655179158188,0.5339880890547856,0.34867551981656647,0.07495478905845052,,0.5096565083948719
158,balmy-sweep-170,run_66e6ebe216a90f14a9785d8970a41419,0.5693682432174683,0.8631014677728144,2.1147250952640184,1.190713834491472,0.5395568655351154,0.9834309226143377,0.6515890236119969,1.9137452367991301,0.22758054327226873,0.5395568655351151,0.6818800443108083,0.5491299865802144,0.4547871963667844,0.40613893943747403,0.6288153751000756,0.4677224963106609,0.5585424356351792,0.3603579819227291,0.12413367662636494,,0.5061151799201601
159,helpful-sweep-171,run_390e1483e68a9047343b4e1c537c8c6c,0.5506062507629395,0.9063688576898532,2.172373434948286,1.297826910928617,0.6212115052342718,0.9786754233264757,0.6434971282705811,1.960832879695157,0.2694756790903354,0.6212115052342729,0.6559344833043199,0.5406437889275667,0.4468964251734679,0.38561951281805706,0.6333902133785144,0.5101886304391253,0.544446528430681,0.36005051101075025,0.08961719172989148,,0.5128348778173905
160,worldly-sweep-172,run_c0633a94877064eb60619bab0a506a89,0.5502233505249023,0.9101467772814296,1.9807566684812201,1.3082122552116235,0.7307958125825795,1.0382022471910113,0.5719719208679004,1.6742787152966807,0.24054327226784594,0.7307958125825783,0.7421743946827029,0.5419782130072964,0.4184823079782176,0.3377929955623663,0.5922828226942701,0.44193619797605205,0.5482303497027896,0.31367165876424985,0.1046077735256371,,0.4967144044708124
161,jolly-sweep-173,run_ed49f6c98acf9da2b319f3e273b55de6,0.5440970063209534,0.9334269304403318,2.3595808383233545,1.2719267214150352,0.5347189755056408,0.9949754708023422,0.7030759412890879,2.167637452367993,0.31998736576121317,0.534718975505642,0.6796091153663557,0.5431068994141094,0.4696908706511511,0.4092376209175367,0.6918814568275582,0.47576274330657187,0.525145700580279,0.33303918195685217,0.08406391445784683,,0.5113705886430301
162,balmy-sweep-174,run_579e94a8f25a6f8b7e86f679cdb2d1b6,0.600382924079895,0.8213911933631144,2.2247958628198155,1.2680859128237525,0.6313446488464275,1.0821015983541702,0.5485130823229099,2.0360097985846495,0.28476310802274246,0.6313446488464286,0.8121379965184369,0.5857382401189194,0.5519092778258811,0.337599048622418,0.6647078363354387,0.5012431870575068,0.5819616788993675,0.37479151722060294,0.08304443005587503,,0.4534356246599317
163,efficient-sweep-175,run_1ff69f3e0357f157060f6fad9327a5c6,0.5945118069648743,0.8378557753669432,2.2901741970604252,1.2409475679090338,0.5842971846732391,1.0727646779553728,0.5430759412890881,2.127408818726185,0.27263423878711424,0.5842971846732377,0.8259059977844586,0.5816708599179473,0.5460627684727641,0.3658064361651183,0.6781095216867463,0.48573911347853677,0.5772567913797322,0.3668971106125297,0.08704917490573118,,0.4570790554163778
164,different-sweep-176,run_6feff6bd2dc525233f90c0493757aa76,0.5748564004898071,0.864505424377792,2.1581654872074045,1.243752368919773,0.5280821221668869,0.9573904098749803,0.6481940012763245,1.974387588459446,0.2562349968414421,0.5280821221668872,0.6654138313024224,0.5495092809018545,0.4537397011764,0.4205628451936277,0.6316904352924074,0.5057059383625795,0.5606636029435879,0.3811220460128543,0.12411931486770919,,0.5130197704430954
165,glorious-sweep-177,run_d9e690898a7f99e5d1fc0e329718f796,0.5733247995376587,0.8772431397574985,2.170740337506805,1.3265571699305119,0.4759528407358472,0.9881705966133882,0.6401021059349071,1.984022863364183,0.2530006317119394,0.47595284073584876,0.6126681436936225,0.5575635185209622,0.46211544229275986,0.4026592280432909,0.6747935695120576,0.45895891163034247,0.5602410060732661,0.35925626452381537,0.11909817410668969,,0.511248708573235
166,generous-sweep-178,run_e85bfae5c20370f935f1085f047b06ee,0.565028727054596,0.9181876196553924,2.511785519869353,1.2455464308275428,0.5484500457363553,1.144453236271562,0.6848755583918306,2.3942025040827444,0.34932406822489054,0.548450045736353,0.9525557841430622,0.4985305586810525,0.5542445235408008,0.3782061105258117,0.7019454905894792,0.5249092192103438,0.5118889109806785,0.3771020197189783,0.03522811220253341,,0.420871126667473
167,misunderstood-sweep-179,run_a62aaf9846da4d84d99a8b16cb209dd7,0.5514996647834778,0.9285768985322272,2.1643712574850307,1.340303221730891,0.597194836873666,0.9881547713245767,0.6425781748564127,1.9271366358192712,0.25044851547694297,0.5971948368736664,0.6000237379332176,0.5659087885807605,0.43398382645517747,0.4018754589279443,0.6892028597130674,0.49435475879814844,0.5351867882788589,0.3421911807476308,0.10104996974120646,,0.5194339724709665
168,fearless-sweep-180,run_ca3a8338f6adc6f4dc01888c1d56e66b,0.5414167046546936,0.9337587747287811,1.8933315187806212,1.28971572962729,0.854751499136091,1.0134989713562272,0.5557115507338874,1.595454545454546,0.24951358180669672,0.8547514991360922,0.7137047001107771,0.5489566327222126,0.43234401040121734,0.3427328161414935,0.573185059733312,0.4592798727804503,0.5396743988673045,0.33998902863592523,0.09734306959253106,,0.5180994202500901
169,zany-sweep-181,run_905b4a817524ff6d520a02727f432d8a,0.5323548316955566,1.0110019144862794,2.1829885683179104,1.5099305116866713,0.7329098485618457,1.1779237221079284,0.5653095086151886,1.9320359281437134,0.34053063802905914,0.7329098485618465,0.85910745371103,0.5892137279537809,0.5361908221536281,0.33361523481148037,0.6684015087747226,0.5394561397764227,0.5019952082105072,0.35219552769007245,0.03946120224908903,,0.41362673205627976
170,vital-sweep-182,run_3dedf999f96e44e4bc8a51291b8ce439,0.5931078791618347,0.8323420548819401,2.2348666303756133,1.3114213518635505,0.6456448826100214,1.0803054280740625,0.5044288449266113,2.0532661948829616,0.2748578648136451,0.6456448826100225,0.8026349105871186,0.6002900208710323,0.5311269351340725,0.33733071544871185,0.6718333935099663,0.4915942928601954,0.5895616681795406,0.37307188818399845,0.08520537823830814,,0.4584664025309261
171,clean-sweep-183,run_ab19037abea59a088e37e87f44dee76b,0.5553286671638489,0.9497383535417996,2.170685900925423,1.4166645609602024,0.7580140258156317,1.1468032916600728,0.533452456924059,1.9729722373434955,0.3149589387239429,0.758014025815631,0.8129371736034178,0.585634453071753,0.6150744144801128,0.3110252849343933,0.639608633378038,0.5316250969381755,0.5310740989958902,0.38248788574377895,0.05495533400352166,,0.42058069027440526
172,vague-sweep-184,run_6c9088f034b2d21e2c7095e4678b91c3,0.5791959166526794,0.880970006381621,2.459036472509527,1.2010486418193307,0.5301656672426059,1.105285646463048,0.6524058710912567,2.3350299401197607,0.3222109917877451,0.5301656672426055,0.9085614812470334,0.5133389168761915,0.5426666280668037,0.39840787919420234,0.6823519290141422,0.504533992175165,0.5342114154942104,0.385170819699973,0.05561074541489797,,0.43186934591134407
173,vocal-sweep-185,run_317becb9dd7b6096d427c90bcd4ff045,0.5336311459541321,0.9341416719846842,1.8741698421339146,1.3331017056222365,0.8447098282345767,1.0171862636493116,0.5795277600510541,1.5782525857376162,0.24716361339229326,0.8447098282345751,0.6787308118373161,0.5384513487646373,0.4173474578502234,0.33136002298630396,0.5590876619134835,0.4766923609250074,0.5405453922358823,0.3739948363858837,0.09898968472541783,,0.518082403880309
174,stellar-sweep-186,run_db6a999097db8609f2fcb0ef022b58fc,0.5877472758293152,0.8625654116145501,2.4607240065323905,1.2238155401137083,0.5573025713995324,1.1487735401171073,0.6254243777919589,2.3358464888405015,0.31837018319646304,0.5573025713995325,0.9453869283114413,0.5562130481850589,0.5030436793239844,0.3922488267407337,0.6976134636232854,0.513140162523724,0.5513199117754224,0.3826645651158196,0.058521816599955485,,0.4218282134628118
175,treasured-sweep-187,run_113b0edd89836f6c5f700e402089369b,0.5587747097015381,0.9065220165922144,2.28135547087643,1.257624763108023,0.49976623640613893,0.9807643614495964,0.6907211231652843,2.086254763200871,0.2587871130764377,0.49976623640613893,0.6591628422218693,0.5282937551707303,0.4817220256237578,0.3944401877214826,0.6728026843283961,0.4762804185945498,0.5315488847263662,0.32691391798935554,0.10040514410559512,,0.5057411714674432
176,spring-sweep-188,run_4f028de5f75debb229694e1b110f79a0,0.5456286072731018,0.8998340778557754,1.7118943930321187,1.2895641187618447,0.9482671003150727,1.0248219655008703,0.5610976388002546,1.466929776810016,0.35008212255211674,0.9482671003150727,0.7980455768317769,0.5571665813345555,0.4199707810764181,0.3461732592663538,0.49889320279386024,0.4516661878909787,0.5642618518436782,0.36710924028352576,0.12252911150412077,,0.517535754018976
177,deep-sweep-189,run_c267af9d0f35f222c1ac9b6fea96b69a,0.5480536222457886,0.8959540523292917,1.7931137724550903,1.2190397978521794,0.8617745705864417,1.0274331381547714,0.5579323548181238,1.5122210125204139,0.21489576753000664,0.8617745705864421,0.7910349738882726,0.552144443407734,0.4158689622807961,0.36837132458576766,0.5236066590300089,0.4568176454760471,0.5541179237642863,0.35654013167591814,0.13052319560205727,,0.5117804538980405
178,zany-sweep-190,run_406a8fc590dc09f6f97e94abdd99b743,0.5269942283630371,0.979323548181238,2.320059880239522,1.4243967150979155,0.5726801504217909,1.141383130242127,0.6545245692405864,2.1278987479586293,0.29466835123183865,0.57268015042179,0.8660547554992882,0.5235903026188583,0.4920601914112413,0.35567410529004245,0.7260293786433407,0.5120651131295606,0.5089965063232512,0.3392914826537436,0.06760739021903597,,0.43615891603980717
179,devoted-sweep-191,run_049156f1141a2f06ac2de6c71e34866b,0.5455009341239929,0.9114996809189535,2.025666848121938,1.2583828174352498,0.7880374021750178,1.0090678904890014,0.6123803446075305,1.7195155144256948,0.28279216677195157,0.7880374021750185,0.6561006488368415,0.5360496564047393,0.42055731651002076,0.35939022443571816,0.5538362051161724,0.492858556488659,0.5396462325646713,0.328005735317657,0.08051047450379697,,0.5082288577480462
180,bumbling-sweep-192,run_1bbbc2d9009432026532e06fc8388b6e,0.5959157347679138,0.8530950861518826,2.6084104518236257,1.2604548325963365,0.3998373818477488,1.1486944136730497,0.6896745373324819,2.5195699510070777,0.39283638660770737,0.3998373818477481,0.9906789048900149,0.5438352866909293,0.5317734785436322,0.41261261692685886,0.7431578160805226,0.534830696172547,0.5541058078627051,0.3522466947382286,0.0539741382288995,,0.41733474533385095
181,ethereal-sweep-194,run_baa94bad32084fd605c76549a52fdea1,0.546139121055603,0.917141033822591,1.9956722917800769,1.3067466835123185,0.6603313344852119,1.0172179142269346,0.5889215060625396,1.70160587915079,0.2435754895767534,0.6603313344852126,0.6918816268396893,0.5355166129012167,0.44950652076848546,0.35018708297417234,0.5841133698258947,0.43909654674852433,0.5443412757348057,0.3482094278597292,0.10404154329525286,,0.49684358168325515
182,twilight-sweep-195,run_6d3a84d69c4c3fd441c525d16ba8a052,0.5354179739952087,0.9533886407147416,1.7679096352749053,1.386898294377764,0.7928041467628824,1.0417471118847919,0.566611359285259,1.463500272182907,0.22545799115603327,0.7928041467628819,0.7192435511948091,0.567522885486357,0.4512109900765798,0.3494401877214826,0.5779470406671798,0.45729854235203393,0.5352482987482177,0.3584724611485622,0.11098798682079394,,0.513645954093184
183,eternal-sweep-196,run_f83fa0179440a4c0decd219182b16c4b,0.5734524726867676,0.888040842373963,2.252885138813283,1.295830701200253,0.7127756885862384,1.1238487102389618,0.5633439693682206,2.050816548720741,0.3154390397978515,0.7127756885862395,0.8573983225193863,0.5725190391764791,0.5533875969763428,0.33694777000925835,0.665505927102342,0.5146597016199407,0.5510707235775752,0.36505632239704555,0.05854613803502111,,0.43031324630909495
184,vibrant-sweep-197,run_d5e01fe1232dc16ff908fd8c1b729ef3,0.5733247995376587,0.8974856413529037,2.195019052803485,1.262425773847126,0.7298607582071349,1.0964788732394366,0.5498659859604333,1.977163854109963,0.3111181301326594,0.7298607582071329,0.7724402595347373,0.5672294584512642,0.5384914505751702,0.35051192414519683,0.6159062952631544,0.4951313970075709,0.5417191815160344,0.3467927600772518,0.06650390109666282,,0.436127029818724
185,graceful-sweep-198,run_2ce439296fc7b2bddef9691ef68a7ad2,0.6135290265083313,0.8003318442884493,2.5045454545454553,1.3372457359444094,0.4710946234373412,1.1207548662763096,0.5963752393107845,2.30302123026674,0.430511686670879,0.47109462343734076,0.8141715461307168,0.5755884195102016,0.4431421757511414,0.43691345018037864,0.6754995364257762,0.4291753607087617,0.5804007828244712,0.2782144287299225,-0.00014055075293370331,,0.41551845580447505
186,wandering-sweep-199,run_280aa13df5fb1fb642e731230102d699,0.558902382850647,0.8935800893426932,2.422563962983126,1.2222994314592548,0.4907714198597418,0.9513847127710081,0.7148947032546258,2.2554436581382697,0.4198736576121286,0.4907714198597434,0.7103339135939228,0.5555711899620819,0.49053280099694,0.44842974810841874,0.7019011149759891,0.522167048628018,0.540441513083467,0.3239178173987828,0.08953965632943975,,0.5144750023502019
187,helpful-sweep-200,run_47fa8273f4092fbff271c33f60b9806b,0.5660497546195984,0.8841097638800255,1.9406913445835607,1.2241440303221733,0.7216078869803842,0.998551986073746,0.6213911933631155,1.6290963527490472,0.2121667719519906,0.7216078869803839,0.7075565754075006,0.5470974529052827,0.43101148863556543,0.3797725313667273,0.561796015327046,0.4763332456257659,0.544323920371453,0.32784739266801655,0.13028070486990223,,0.4877678040230675
188,amber-sweep-1,run_e60fd6f022d84c6cf9962606129d16c1,0.5483088493347168,1.2860497766432675,3.9675285792052266,1.9045230574857868,0.11932106921435105,1.7777259059977846,1.2860497766432666,3.9218018508437678,1.8163613392293136,0.11932106921435119,1.7283193543282165,1.0,0.9686672751756132,0.978656099351914,0.9771501403675239,0.9674430030814671,,-0.009893244693824963,0.012457153831547302,,-0.015905104405289354
189,laced-sweep-2,run_0b16d1a43bb6b76f0e0c28b29c27bf2b,0.6530950665473938,0.7268155711550734,2.765841045182363,1.2930511686670882,0.35487346275027953,1.291944927994936,0.5629865985960425,2.6066684812193803,0.5717624763108027,0.3548734627502803,1.062161734451654,0.6033265512680662,0.5174951399860733,0.5236988794176802,0.5683340467330349,0.47145964961245435,0.6025436337143232,0.20677295796530515,-0.13220530123080973,,0.2909741336288923
190,stellar-sweep-3,run_11f6039c62cc56d6428c14315941a4ed,0.7619655132293701,0.4640970006381621,2.6092270005443665,1.2500189513581808,0.5538469356641935,1.3070343408767213,0.36954690491384967,2.367637452367991,0.8975489576753014,0.5538469356641924,1.048290868808356,0.7489524726698535,0.4655332933524485,0.6809041279570922,0.5889676103017031,0.42204769026118305,0.757888733771814,0.1696010494195529,-0.4036105485703449,,0.25673820697251376
191,chocolate-sweep-4,run_c050d64aafd79b1eff334698dbb6f9fb,0.5828972458839417,0.826981493299298,2.4265378334240615,1.0587113076437147,0.6697631873157841,1.0114021205887007,0.6731078493937452,2.2271910724006543,0.35233101705622377,0.6697631873157835,0.7915888589966762,0.5497738688608601,0.5488183851976783,0.5162585001436644,0.6080679476933499,0.5429755343200438,0.5569493515887515,0.327949377766641,0.04031360111552147,,0.45995315711007323
192,zany-sweep-5,run_4f146e84fcfac2961475c91343748dbe,0.5512444376945496,0.8578430121250799,2.417229178007622,1.163878711307644,0.5922858014025816,1.046700427282798,0.6563369495851951,2.2323625476320106,0.42353758686039117,0.5922858014025824,0.7731761354644726,0.5297258997964687,0.4951551621483394,0.4579615617916547,0.5767936577197574,0.47126703640082185,0.5674739507035212,0.3299720489938899,-0.0027930833551983556,,0.46910687450762933
193,crimson-sweep-6,run_cca096b6565b7a04bae03d8879a10ca9,0.5797064304351807,0.8688194001276325,2.0228361458900386,1.2870120025268479,0.7201138327065758,1.0612043044785566,0.5948181238034455,1.7112411540555257,0.2869867340492741,0.7201138327065758,0.674402595347365,0.5729631343060444,0.42640374928011965,0.3697733295022827,0.6007391851375805,0.4786654733296366,0.5507572707413945,0.34747675689329355,0.07904890860754707,,0.47784434679074433
194,olive-sweep-7,run_d8be429c4131de1a2ee3f80e5d3a7f3d,0.6650925278663635,0.6917932354818124,2.5879967338051184,1.2349336702463678,0.5013517633905884,1.2311125178034499,0.4958519463943848,2.4271910724006553,0.49406190777005754,0.5013517633905885,1.0036556417154612,0.6553500831785282,0.47097862117568673,0.46290393640455896,0.552392516319863,0.4757559902128456,0.6369255692929744,0.27739502431884683,-0.06336552830846874,,0.3391945021312336
195,legendary-sweep-8,run_ebae88ebca00f61c789f5616705f04c0,0.5846841335296631,0.8609827696234845,2.7624115405552545,1.3086165508528114,0.45620489887183663,1.2460120272194968,0.7131844288449262,2.6575666848121964,0.44314592545799086,0.45620489887183624,1.1099461940180402,0.48242472265230063,0.5532121748537806,0.43276362417392966,0.7223333603940391,0.5363935696885997,0.5243892864450372,0.28170737080601777,-0.030153435010594868,,0.3410860696718529
196,crisp-sweep-9,run_42f8958827aa9b85d096c49cee0f19e6,0.5590299963951111,0.8364518187619656,2.245209580838324,1.1798483891345548,0.5782294948673646,1.0172812153821809,0.6108487555839186,2.033777898747959,0.33588123815540094,0.5782294948673637,0.7489950941604672,0.5267525570041802,0.44986497352381,0.42383504134342176,0.5944285341874056,0.47223671619421853,0.5863829979083628,0.36403677128315226,0.04923246594842335,,0.4839636308697815
197,frosty-sweep-10,run_875d89658f52b4b7ce59da9d103de04c,0.5520102381706238,0.962297383535418,2.478361458900382,1.3859633607075175,0.6831995121455432,1.2144010128184841,0.5906828334396936,2.323761567773545,0.32294377763739696,0.6831995121455428,0.9402278841588858,0.5678562753487837,0.5143851713621611,0.3494323659930403,0.6736040712019546,0.5317633136997312,0.5129276731096403,0.3420481498457657,0.05150001898523938,,0.38944392176353543
198,wild-sweep-11,run_c7ad5f68881890dab0c4d9b8b42ba23f,0.58379065990448,0.8572814294830887,2.638568317909636,1.1380795957043592,0.49462343734119313,1.1910903623991138,0.6823739629865987,2.5485302123026665,0.3244851547694261,0.4946234373411945,1.0588700743788584,0.5255475750694264,0.5174928672649585,0.458267407336462,0.705509100846941,0.5477211487802314,0.5500674691813765,0.38555398818877656,0.057841821967911815,,0.40025683808350376
199,deft-sweep-12,run_4b20bdce25688642e1d7fbc135b4794e,0.6005105376243591,0.8025526483726867,2.5068862275449115,1.1738850284270377,0.6291188128874886,1.1482750435195443,0.6177919591576259,2.3326891671203067,0.38677195198989406,0.6291188128874904,0.9731523975312556,0.5287194612330274,0.4526725820299662,0.4397923251284998,0.6385124942229182,0.4869642199120709,0.560450821612593,0.2933436479730892,0.01712550141935034,,0.38786783075206654
200,lyric-sweep-13,run_45acb30a6c93c60fe9f9334f6ddd51f5,0.4911295473575592,1.0888832163369497,2.7035111594991843,1.5013897662665827,0.4619473523732087,1.2593052698211744,0.8241735800893436,2.624904735982583,0.4350600126342394,0.46194735237320944,0.9996914068681758,0.5405597570543531,0.581408381010938,0.4968695527248348,0.7568528798862212,0.552276565312543,0.44021048370890553,0.30625149330935475,0.0534737719880907,,0.37920011997155817
201,fluent-sweep-14,run_7db5900b56456b32274bbacef32ae1e8,0.5895341634750366,0.8328781110402043,2.026320087098531,1.233063802905875,0.7819392214655961,1.0905048267130875,0.5657179323548184,1.7239793140990751,0.2846873025900193,0.7819392214655975,0.8231840481088784,0.5788769492550109,0.4244798799881931,0.3845053155827986,0.5531130692596071,0.44094888386154457,0.56580263738332,0.332092327092625,0.08766271880937689,,0.44203718274993387
202,frosty-sweep-15,run_66ab9d9966a5ebe2779e6efd5a4e5394,0.5409061908721924,0.991193363114231,2.3207131192161135,1.4853442830069488,0.718436833011485,1.2497942712454504,0.6209061901723029,2.1366086009798595,0.31584333543904003,0.7184368330114844,0.9725035606899839,0.5954457811876325,0.5173291979817912,0.3500657663697603,0.6666256101779076,0.5108696861369608,0.5038251714604401,0.35081004146375555,0.05393396134119434,,0.3576493553255414
203,crisp-sweep-16,run_88f853839785a2b7f3e8ee12db7aab01,0.5888959765434265,0.8616464582003829,2.492133913990202,1.2396336070751741,0.6181522512450454,1.1693068523500554,0.5944352265475426,2.373353293413173,0.34396715097915304,0.6181522512450442,0.9574062351637921,0.5494934592043347,0.5325651278160966,0.38002522108354886,0.6797726403318767,0.5110163682558548,0.5497336187893418,0.38664434839358636,0.03949936582385685,,0.4008384262933905
204,fine-sweep-17,run_44d2242235c0a8213636800da03c224f,0.43178045749664307,1.5589278876834718,4.04047359825803,1.9017687934301963,0.0,1.752373793321728,1.5589278876834727,4.04047359825803,1.9017687934301963,7.420293332589724e-17,1.752373793321728,1.0,1.0,1.0,1.0,1.0,,,,,
205,silvery-sweep-18,run_8e44eff42072ed93b79bb89f3857cd67,0.590427577495575,0.8370389278876835,2.1350299401197614,1.3195830701200255,0.7282650675881694,1.0941525557841432,0.551499680918954,1.8658954817637465,0.3240555906506642,0.7282650675881709,0.6715540433612921,0.5936093315507835,0.4243585323005636,0.3823664719215911,0.593781535763976,0.45280104154500483,0.574541797199664,0.3382287862304486,0.05463278460425264,,0.4592052872380834
206,scarlet-sweep-19,run_fe1dfe97e722605c49b68b166a379d97,0.7466496229171753,0.5227568602425016,2.436064235166033,1.2762728995578017,0.5801402581563166,1.2140528564646305,0.36888321633694987,2.180212302667394,0.749955780164246,0.5801402581563161,0.8409083715777811,0.7438273073911617,0.4078945156732227,0.6184003767199822,0.5585383883676828,0.3836396183370875,0.7214730393586715,0.24258906678649805,-0.2663978308168933,,0.35082808005191646
207,fanciful-sweep-20,run_4a77155bc8d0ad4375e322ef58ca562c,0.4846203029155731,1.0641480536056158,1.951034295046272,1.5018445988629185,1.103049090354711,1.156804874188954,0.6426037013401404,1.6204953728905829,0.4207075173720791,1.103049090354711,0.8385266656116479,0.587900911211014,0.5782529081731297,0.5237263352807842,0.5530177411520978,0.5348857793960695,0.5172705407582855,0.3933938587379918,0.08415416152065479,,0.48187879040537845
208,swept-sweep-21,run_9bc9096eb268fbb326ad9768d30c23a8,0.6361199617385864,0.7646202935545628,2.623380511703866,1.3139734680985473,0.3961886370566115,1.2012818483937333,0.5602042118698151,2.4765106151333707,0.41646241313960836,0.3961886370566113,0.9935907580313347,0.5884433565171041,0.5268041220124484,0.4080257318903042,0.7009261928353192,0.5237866362674678,0.594087345128762,0.2976277089382283,-0.007832007182084986,,0.3677575571384595
209,jolly-sweep-22,run_4d0ea673376750259549676f765bf1b7,0.4319081008434296,1.5586726228462031,4.04047359825803,1.901642451042325,0.00010163634515702815,1.7522946668776704,1.5586726228462036,4.04047359825803,1.9015161086544539,0.00010163634515711968,1.7522946668776704,0.9998926116838488,1.0,0.9998730964467005,0.9997331910352187,0.9999432463110103,0.0033426657516788948,,-0.011290740673653222,,0.006342856833396748
210,glorious-sweep-23,run_056ad3d4e3a2364368636488879fe88d,0.5997447371482849,0.8403318442884493,2.325612411540556,1.2995957043588124,0.569529423721923,1.0802025636967876,0.645768985322271,2.116467065868265,0.36074542008843985,0.5695294237219237,0.782544706440893,0.5464655126230403,0.45517587969977596,0.41587523544998883,0.6457697520589734,0.44509283630288804,0.5534950046866505,0.3397696813190768,0.07473897363470154,,0.44388974973373085
211,prime-sweep-24,run_072a5733c13b3a3be71316485b1db3fa,0.593490719795227,0.8259604339502234,2.5192433315187808,1.2698041692988,0.5233763593861165,1.147428390568128,0.6047479259731975,2.295182362547633,0.40415666456096017,0.5233763593861163,0.8193385029276778,0.5648876149107253,0.4573380622007373,0.4073581713118156,0.55793542881089,0.41620517645473415,0.5653979009764649,0.2414846801917304,-0.0005569963867637043,,0.40282791496625897
212,winter-sweep-25,run_ba1328680ac1e610c32f3d7a2ff7bf4c,0.5119336247444153,1.0110784939374602,2.414398475775722,1.4673025900189514,0.7594572619168615,1.283747428390568,0.5703892788768354,2.1826075122482314,0.29322804801010743,0.7594572619168612,1.0069631270770685,0.5575006240244706,0.5291836092060896,0.3971813044727517,0.6687599205053156,0.5432476041732003,0.5168865959268405,0.28482412826954057,0.07034345901842141,,0.3400010692026346
213,sweepy-sweep-26,run_ea65777b8490d807e552f6553d694663,0.5308232307434082,0.9698787492022973,2.026537833424062,1.4923689197725838,0.7007114544160993,1.125565754075012,0.5749840459476698,1.7501088731627659,0.24314592545799105,0.7007114544160997,0.6370390884633637,0.6003080161879781,0.5206033565522934,0.41629952431120903,0.6435719508290169,0.4920495656508991,0.5354635749348342,0.36563817004296,0.09977295013686863,,0.476704903978238
214,jumping-sweep-27,run_8d26ba4228150233ba90e77134aedf98,0.5774090886116028,0.8702233567326102,2.2848938486663046,1.3712065698041696,0.7025713995324728,1.2020098116790632,0.5703382259093813,2.0156505171475234,0.34439671509791575,0.702571399532472,0.9167115049849662,0.5307328271524585,0.46002922584891087,0.3489577945918335,0.6334312207116347,0.46407249917527155,0.544274821353313,0.290474564975392,0.045886054225874356,,0.3752187950380224
215,upbeat-sweep-28,run_28d0983c8fac69c8e1a17e49bd7343aa,0.5560944676399231,0.9174473516273134,2.7455362003266206,1.2214655716993053,0.5164549242809228,1.2078018673840798,0.6662667517549449,2.638513881328254,0.36355022109917773,0.5164549242809228,1.044453236271561,0.5280910929798426,0.5562548651700111,0.4116724132426651,0.6878354898836998,0.5519881672396421,0.5315260437102008,0.34516353458188453,0.02697858417693245,,0.39242514210956997
216,fast-sweep-29,run_9ce4dc2704079a502fbf63f30b31a22d,0.5996171236038208,0.8159540523292916,2.229368535655962,1.3232722678458624,0.6591015347088118,1.1162763095426491,0.5215826419910655,1.936390854654329,0.3580669614655723,0.6591015347088112,0.7351875296724172,0.5809066345600066,0.4124192006192801,0.36577004118379464,0.5992697108850629,0.40065618678005527,0.5827089725138289,0.29846063786208576,0.03656626595158101,,0.431291311251774
217,glowing-sweep-30,run_52e4f3356b881561cb0a99153c29c553,0.5959157347679138,0.8156732610082962,2.1522863364180735,1.2743524952621608,0.6936274011586544,1.0937490109194492,0.5565283982131457,1.8969787697332612,0.31773847125710736,0.6936274011586545,0.7291501819908212,0.5830213072728961,0.404483138026923,0.37675302493375473,0.5828123982992746,0.43747405171394527,0.5817063390967547,0.3449248424352124,0.060451354642227284,,0.4444077123225494
218,fragrant-sweep-31,run_47306595b1e6fee071ae5e2a7b9bed0e,0.6209317445755005,0.8017613273771539,2.205362003266196,1.3041692987997473,0.7792052037808721,1.1294508624782402,0.5020293554562862,1.9860914534567242,0.3155148452305746,0.7792052037808728,0.83486311125178,0.6406884987837067,0.5368991448057788,0.3321739616256425,0.6399687697942439,0.47341561428708534,0.5947451320230465,0.3556112732703623,0.06898908191006084,,0.4202921541066239
219,sweet-sweep-32,run_b338167c84eaa6501384ce06e541aaec,0.6311423182487488,0.7784556477345247,2.655715841045183,1.2507012002526852,0.44992377274113227,1.1649153347048584,0.5995660497766426,2.537697332607513,0.4300568540745419,0.44992377274113216,0.9965184364614649,0.5762696951214898,0.5137749826442156,0.42700363949813236,0.7116957174530187,0.5027677938582275,0.5799448548364199,0.31739268478888005,-0.01750271587926494,,0.39371371200190375
220,spring-sweep-33,run_2d095052e0994a9ffe749128a650b206,0.5839183330535889,0.8578685386088067,2.7157049537289066,1.1731522425773853,0.47292407765016775,1.1852191802500396,0.6841352903637528,2.631654872074034,0.34813644977890196,0.47292407765016625,1.0385187529672422,0.5391039154033908,0.5358258863804437,0.4385089231555087,0.7262583377019602,0.5421897271584893,0.5483444204883823,0.36167097764347333,0.039857201337940656,,0.399303056011952
221,restful-sweep-34,run_cf162d2676b28d71f49473e34366180d,0.5880025625228882,0.8786726228462028,2.6669842133914,1.2575489576753003,0.5540095538164448,1.2351163158727647,0.6715507338864081,2.5151061513336965,0.39695514845230634,0.5540095538164436,1.0695521443266334,0.5405100191625725,0.5118715296771883,0.40504756887909843,0.6964413215407453,0.5247197933857438,0.5245824823605416,0.2848399115340049,0.0036003226651634673,,0.35688558720139607
222,worldly-sweep-35,run_9a5abadf9e96beb5eb9143e82e7f3a9e,0.6035736799240112,0.8160306317804723,2.2723189983669037,1.3441440303221732,0.6012806179489786,1.0732631745529355,0.5559157626037009,2.0138541099618954,0.32547062539482047,0.6012806179489779,0.6888669093210945,0.5838101246614885,0.3992042235852888,0.4049503559684577,0.6468606724213474,0.4279720669352295,0.5838532514612726,0.30811256267832615,0.05343933671312904,,0.467688971043524
223,super-sweep-36,run_f578a732da841e8ae7c7c6c84b422aed,0.5698787569999695,0.9116528398213147,2.7327436037016883,1.2091092861655088,0.5505945726191686,1.2487814527615129,0.6906445437141033,2.5934948285247708,0.36145293746051793,0.5505945726191693,1.085211267605634,0.5065460114779897,0.5153869219741276,0.4242392171886473,0.6808968870968823,0.542203432587038,0.5133111783942449,0.3350086090497168,0.02951226353138013,,0.351747208382487
224,smart-sweep-37,run_744746f53d90a8a72ad30b95e981739c,0.5885130763053894,0.8623101467772815,2.4314371257485035,1.311825647504738,0.49660534607175527,1.0933533786991614,0.6770389278876845,2.252776265650519,0.4455716993051169,0.49660534607175555,0.8270295932900775,0.5310081054426861,0.44488450335604474,0.43998084474667176,0.6579926645178228,0.4501639497166166,0.5418690908283968,0.3120203475385426,0.05526001366049108,,0.4295940069530672
225,curious-sweep-38,run_625121b3fc3cf22e720966ea9321c2ed,0.43178045749664307,1.5589278876834718,4.04047359825803,1.9017687934301963,0.0,1.752373793321728,1.5589278876834727,4.04047359825803,1.9017687934301963,7.420293332589724e-17,1.752373793321728,1.0,1.0,1.0,1.0,1.0,,,,,
226,vivid-sweep-39,run_f021d872e2b1b36039f6498999759da7,0.43178045749664307,1.5589278876834718,4.04047359825803,1.9017687934301963,0.0,1.752373793321728,1.5589278876834727,4.04047359825803,1.9017687934301963,7.420293332589724e-17,1.752373793321728,1.0,1.0,1.0,1.0,1.0,,,,,
227,gallant-sweep-40,run_55d62acd3133c8fa4f05b5acb2b63851,0.6338226199150085,0.769929802169751,2.6622482308111057,1.294491471888819,0.3513263543042992,1.1826713087513847,0.5665347798340772,2.5198421339139916,0.35700568540745603,0.35132635430429915,0.9823548029751544,0.5939299345310125,0.5140633364104036,0.3876237908246336,0.710598333752781,0.4866160185586404,0.5913653284051436,0.28091528087539813,0.032386880075362605,,0.3723011340026521
228,denim-sweep-41,run_3a32a2254122011b780a8f5d9b59ad6f,0.527121901512146,0.9900191448627952,2.432961350027219,1.3226405559065066,0.573940441101738,1.24557683177718,0.6476068921506068,2.2157593903102892,0.35425142135186327,0.5739404411017386,0.981072954581422,0.487531507703831,0.46152182255086904,0.3208035628771191,0.6288043223253164,0.4841155335197043,0.4802573843637742,0.2850908397141192,0.031216232352957732,,0.3334843455604509
229,lunar-sweep-42,run_654aa784c3bedbc5ce5ccee13f599eda,0.6163369417190552,0.8082195277600511,2.3717746325530764,1.2617182564750475,0.8762984043093812,1.2680883051115683,0.5286024250159541,2.12550353837779,0.4668224889450402,0.8762984043093821,0.8742443424592493,0.608781872037867,0.43409631907338325,0.4248528238035948,0.5154920488335134,0.4121048233699115,0.5689824472539855,0.26545627148937195,-0.02444882931913583,,0.3313148082196192
230,misty-sweep-43,run_0fc0d36497ddaaec16b6da0a51641f6a,0.6288449168205261,0.7738098276962349,2.5330702231899846,1.2820846493998737,0.6633905884744385,1.2984886849184998,0.5323803446075314,2.3271910724006535,0.49355653821857265,0.6633905884744381,0.9696708339927196,0.5966058551082725,0.44636404935128976,0.45902196469048306,0.533082769947663,0.43149070298239084,0.5840925811614851,0.2439972157182102,-0.05915299492063225,,0.30235344409385706
231,fiery-sweep-44,run_1f40783386bd8cbed6803eac9e88eb02,0.6978940367698669,0.6127632418634333,2.5905008165487216,1.2941124447252055,0.5068706169326151,1.1895869599620192,0.44811742182514314,2.3681818181818195,0.6424384080859123,0.506870616932616,0.8879411299256204,0.6768904779337921,0.43918518100302784,0.5544124126041567,0.5723083596785818,0.42974271565864786,0.683981657544424,0.250859150058808,-0.18894215823757163,,0.3532290870836111
232,solar-sweep-45,run_2906f92f4bfabc012f13ee6647c784ed,0.463560938835144,1.297996171027441,3.284893848666305,1.7516487681617186,0.38469356641935154,1.6362161734451655,1.0078111040204207,3.203238976592272,0.7707517372078337,0.3846935664193525,1.4373714195284055,0.7596156029495771,0.7573059160366236,0.6592489544424225,0.8432770353363401,0.755787832105278,0.3415569135033192,0.19580643314704374,0.05788779896944897,,0.13744204863594855
233,zesty-sweep-46,run_6bf82a0714bc3628199afd8f3f6cece2,0.43178045749664307,1.5589278876834718,4.04047359825803,1.9017687934301963,0.0,1.752373793321728,1.5589278876834727,4.04047359825803,1.9017687934301963,7.420293332589724e-17,1.752373793321728,1.0,1.0,1.0,1.0,1.0,,,,,
234,azure-sweep-47,run_4cb1701b21c3e47418644d2e15b9955a,0.574984073638916,0.875201021059349,2.6840228633641807,1.16923562855338,0.48604532980994003,1.1955926570659916,0.7358774728781106,2.600843767011433,0.35180037902716477,0.48604532980993936,1.0858601044469058,0.5358282896334222,0.5196289478469951,0.44064952271493796,0.714827273960858,0.5589070389363272,0.531619355033087,0.35819532629819073,0.037634367502940747,,0.3913599117406803
235,sweet-sweep-48,run_99827edb0edc2793a71376e1fa795d85,0.5600510239601135,0.90680280791321,2.32103973870441,1.3677700568540747,0.7485110275434496,1.23407975945561,0.5636758136566679,2.067583015786609,0.3494251421351862,0.7485110275434496,0.8883921506567491,0.5060876080594696,0.46342536625487146,0.3234394853621939,0.6284232362062374,0.4524797147939068,0.5233988050781486,0.28013178312047987,0.04039855836276506,,0.3497081314945079
236,summer-sweep-49,run_0d1f9a0c6c3863c7c029706822815f87,0.5961710214614868,0.8572048500319082,2.1746597713663594,1.4993935565382186,0.6918690923874378,1.1376246241493906,0.45843012125079724,1.9528851388132829,0.27564118761844614,0.6918690923874382,0.7973017882576351,0.6234834089631813,0.5737059969649064,0.3502234779554959,0.682807408210377,0.5252191403779234,0.5814143308799649,0.34099904845903317,0.08498809496838597,,0.43513302229307976
237,stoic-sweep-50,run_5b0ea95e041ac389391091c6b88fa8a8,0.5894064903259277,0.833694958519464,2.226156777354383,1.2662160454832598,0.7008842362028661,1.060666244658965,0.5823101467772818,1.9634458356015252,0.30588755527479466,0.7008842362028677,0.7244263332805819,0.5684561930031575,0.42890099385851715,0.3510720556779363,0.5964901181701009,0.4258590314012268,0.5661868721129935,0.3196242092467526,0.06975902326635938,,0.45752289079551167
238,pious-sweep-51,run_ce6ed88217cdf5b2291d0d33c94d91a2,0.5703892707824707,0.9217613273771538,2.778960261295591,1.2290966519267217,0.39331232848866754,1.1893179300522236,0.7601276324186346,2.703293413173653,0.4426405559065067,0.3933123284886671,1.0646146542174393,0.5061339672358324,0.5375815227490285,0.42304839894007595,0.7549958437593044,0.5588034625104438,0.5085350192564689,0.3480494692448538,0.053009318665262165,,0.4020267523917765
239,absurd-sweep-52,run_3b04a50e69b760109ce5a4a99cfec242,0.43178045749664307,1.5589278876834718,4.04047359825803,1.9017687934301963,0.0,1.752373793321728,1.5589278876834727,4.04047359825803,1.9017687934301963,7.420293332589724e-17,1.752373793321728,1.0,1.0,1.0,1.0,1.0,,,,,
240,light-sweep-53,run_7f7bdec4add490ca0bcad4bf87f2386c,0.5830248594284058,0.8710657306955967,2.239602612955907,1.3060897030953886,0.8240878138022157,1.1510049058395317,0.5594384173580093,2.0044365813826905,0.31900189513581867,0.8240878138022151,0.8657857255894921,0.586314594169431,0.5382487461009386,0.33045493726654535,0.5938226035136165,0.4836774288694744,0.5559439184873036,0.350751347496491,0.05770528783732526,,0.4001490847475161
241,mild-sweep-54,run_82f12195f19b9d127837ed07c45ad32f,0.637779176235199,0.7439438417358011,2.497740881872619,1.2562602653190147,0.42927126740522414,1.255087830352904,0.547747287811103,2.2100979858464895,0.5426784586228685,0.4292712674052234,0.9120746953631907,0.6135317311016613,0.406171902761344,0.49828560482712386,0.5496317147529137,0.39780856741895476,0.6005775672700964,0.208196344673781,-0.10531622603285928,,0.32417925623276844
242,quiet-sweep-55,run_8fbf654b13b7293e92d37f28fb96377a,0.5931078791618347,0.8379068283343969,2.533342406096898,1.2555780164245105,0.3345055391808111,1.2498259218230734,0.6105679642629238,2.3053620032661963,0.45110549589387205,0.33450553918080994,1.0294904257002688,0.5103306182742466,0.42393532190567096,0.41418350732688436,0.643323537819005,0.45432218858249857,0.5415148817875488,0.2580594217368713,-0.03149120676428276,,0.31719066891482484
243,splendid-sweep-56,run_a9f9d1b372171f603b4096da73325a8a,0.5691129565238953,0.9178302488832164,2.3987207403375077,1.398319646241314,0.6308567943896738,1.1869757873081184,0.559234205488195,2.2409635274904742,0.3277700568540747,0.6308567943896742,0.905111568286122,0.5678348012891709,0.5769928761516215,0.3427332950228267,0.679160375715012,0.5511039597273162,0.5355247192550905,0.3629264851880236,0.0484903749110928,,0.4034939043448226
244,deft-sweep-57,run_97eed736a0a68865a02d58fb727428a7,0.6025526523590088,0.8547287811104022,2.8532661948829627,1.281983575489577,0.3502591726801504,1.2670517486944137,0.7301595405232927,2.704327708219925,0.5388629185091596,0.35025917268015094,1.155847444215857,0.5067771568974311,0.5349267239024385,0.45904894167225363,0.7451299610883031,0.5518199747301898,0.5240899573314954,0.23961717207216837,-0.029748015174946022,,0.33309038586722833
245,glad-sweep-58,run_5e197610517e3abd3a99fddc5e602e00,0.4293554425239563,1.4818379068283345,3.9528307022319007,1.7744156664560964,0.1541823356032117,1.6965896502611173,1.4818379068283358,3.941943385955362,1.7259001895135824,0.15418233560321198,1.6965896502611166,0.8803173307954096,0.9544605291024163,0.912023752514127,0.9164343979335474,0.9207121128655456,0.09566882939208053,0.03157061676925071,-0.03349438964900096,,0.07493208749357123
246,sleek-sweep-59,run_a4510b8ff412c3f5422689bd34d862d0,0.6034460663795471,0.8088321633694958,1.9915895481763755,1.3201642451042328,0.6701189145238338,1.0607691090362399,0.5114996809189531,1.704491017964074,0.2777132027795337,0.6701189145238311,0.6995410666244658,0.6007053775444232,0.41919790551157926,0.3621769945407528,0.5920954626776767,0.44123589099381155,0.5956399479308397,0.35941526627981346,0.08669623662002236,,0.47834761852691016
247,magic-sweep-60,run_66aa2d4c7bb7b481255dbb9ca1a0b184,0.7544352412223816,0.4974345883854499,2.7069951007076765,1.3171572962728997,0.3183555239353593,1.309685076752651,0.3703637523931073,2.501551442569407,0.8342008843967157,0.31835552393536,1.0633169805348948,0.7183842660089774,0.4597513743189065,0.6546569613383137,0.575691744338539,0.4420918488119743,0.7375746142352722,0.18160624077830428,-0.34568723004888924,,0.26395560607447366
248,prime-sweep-61,run_2486cc184b07e44e91619df430ea336f,0.5512444376945496,0.9130567964262923,2.4750952640174204,1.2155780164245107,0.632147575973168,1.1265073587592975,0.6901595405232926,2.262901469787698,0.38363866077068975,0.6321475759731684,0.8099382813736344,0.5115658591857055,0.46366201814318925,0.41146825016760846,0.5481723677264723,0.43187831735409415,0.5145785729193347,0.28743868850747967,0.014260731312135963,,0.4057272020792172
249,golden-sweep-62,run_ca24218f06904cae5f09622064b712db,0.5763880014419556,0.8885258455647735,2.3558247142079485,1.262223626026532,0.7210387234475049,1.1514163633486312,0.5426930440331844,2.17204681545999,0.3193556538218572,0.721038723447504,0.8862319987339773,0.5826570035901112,0.5313055075230911,0.35802780704274817,0.6553553882328838,0.5114285029734664,0.5545630354192206,0.3537944968450741,0.05600245168093071,,0.41136460113991585
250,trim-sweep-63,run_75c5872a96eed77ec5d0218ff8f96d31,0.6654754281044006,0.684798978940651,2.5908818726184006,1.3060644346178147,0.35316597215164147,1.199833834467479,0.49942565411614614,2.320114316820904,0.5905369551484527,0.35316597215164186,0.8561402120588696,0.6300267831869442,0.42386461202163517,0.5175063052708873,0.5612595535044204,0.39789703298870244,0.6368897202779041,0.19659874802076469,-0.14030689591426745,,0.36882359833783107
251,misty-sweep-64,run_58d79ff33a4ee9bd6bcb63e4e96602d2,0.5414167046546936,0.9604594767070836,2.1905552531301042,1.3630448515476943,0.88987702002236,1.1450229466687767,0.5960433950223354,1.948203592814372,0.35826910928616523,0.8898770200223596,0.7733502136413992,0.5519111616402194,0.5539611491872778,0.3377058391597229,0.5793859057344093,0.5086927854963825,0.5283457467693577,0.3551970987851568,0.050647859242028394,,0.41307217410038277
252,lively-sweep-65,run_33f7c24c9fd83102d9d6bfb7b7445dc3,0.43178045749664307,1.5589278876834718,4.04047359825803,1.9017687934301963,0.0,1.752373793321728,1.5589278876834727,4.04047359825803,1.9017687934301963,7.420293332589724e-17,1.752373793321728,1.0,1.0,1.0,1.0,1.0,,,,,
253,radiant-sweep-66,run_36d781e09dd22102be00524466fca135,0.5841735601425171,0.8920995532865348,2.6997005988023965,1.2053948199620976,0.4288342311210489,1.187782877037506,0.7085130823229099,2.612166575939032,0.32883133291219396,0.42883423112104974,1.0496755815793635,0.5416863925065308,0.5353032391290431,0.4209062031095361,0.759138119284464,0.5655281532935126,0.5342198975910445,0.3571506780649303,0.053674721254935484,,0.4155387818702376
254,absurd-sweep-67,run_e9ebd2152c4ea2c3cdb511eea675443f,0.5286535024642944,0.9493044033184429,2.5096080566140455,1.3852053063802907,0.5638682792966766,1.1709764203196709,0.6743331206126364,2.344229722373436,0.456588755527479,0.5638682792966778,0.7334230099699317,0.5804507147296208,0.47211189162096656,0.4625037512371101,0.6381115132488865,0.47054490076848593,0.5326877425921989,0.33290572182103995,0.05016366964108044,,0.4254547760458857
255,solar-sweep-68,run_4b4f00713c470e00fb2bb2050cb4e569,0.5951499938964844,0.831218889597958,2.2865269461077853,1.199077700568541,0.8058644171155604,1.1161576198765628,0.5473133375877484,2.054735982580294,0.3197599494630456,0.8058644171155599,0.8809938281373644,0.6070913522536179,0.48704010684498716,0.41055757749896243,0.590094682159328,0.46712193956542347,0.5756309653207897,0.33303834481107847,0.06240157165302775,,0.41023240313869114
256,dashing-sweep-69,run_ed575dd8df97499029160784394d382a,0.5826420187950134,0.8741544352265476,2.101932498639086,1.3730511686670879,0.7217095233255412,1.1228042411774015,0.5544607530312706,1.822781709308656,0.30280480101073864,0.7217095233255423,0.718927045418579,0.5862303704614682,0.42554288867382967,0.3613753471889666,0.6026851613991795,0.4283049795768916,0.5571205650930118,0.3334591209908776,0.06938431395127502,,0.4517826150050907
257,ethereal-sweep-70,run_5303e0096d5d6ebade7cb0dfb26495e0,0.43178045749664307,1.5589278876834718,4.04047359825803,1.9017687934301963,0.0,1.752373793321728,1.5589278876834727,4.04047359825803,1.9017687934301963,7.420293332589724e-17,1.752373793321728,1.0,1.0,1.0,1.0,1.0,,,,,
258,elated-sweep-71,run_166ec90b35da4a2c4d286585c74ab95a,0.7705169320106506,0.46274409700063823,2.638840500816549,1.3247378395451677,0.2888708202053054,1.3283035290394052,0.328066368857689,2.398666303756125,0.8753126974099804,0.28887082020530574,1.0759376483620826,0.7477106665721875,0.46750072068916665,0.6670242313954602,0.561919974745708,0.42720478606324164,0.7582818123252498,0.16754874365356,-0.38020381095754624,,0.24505892849174862
259,vague-sweep-72,run_8403a4ea33180d4737add1cf5f7c3043,0.6756860017776489,0.6887811104020422,2.758764289602614,1.389349336702464,0.46914320561032624,1.3234372527298626,0.5192852584556478,2.5963255307566704,0.6419835754895759,0.4691432056103265,1.0739990504826715,0.6307291578622859,0.5375839769440935,0.5454817546212049,0.5474669919022989,0.4985930117419217,0.6240843241581449,0.18994229839355722,-0.18222716627417573,,0.28509975946223454
260,usual-sweep-73,run_1bec2484add6daac6591dbd2579f72a4,0.5252074003219604,0.9790172303765157,2.1322536744692444,1.3476058117498422,0.8349120845614393,1.123476815951891,0.6252712188895975,1.832416984213392,0.2812760581174983,0.8349120845614398,0.7368017091311918,0.550341925108537,0.4275201115598724,0.3502440698528238,0.5807028396607523,0.42093613975466215,0.5146111311228846,0.33529026388890365,0.07848833555593213,,0.45285750220458776
261,clean-sweep-74,run_e535acbeba13563954ca9dfcee478bac,0.5578812956809998,0.8947543075941289,1.861812738160044,1.4365761212886925,0.7127451976826914,1.0525953473650895,0.5266113592852584,1.5546815459989116,0.1997346809854709,0.7127451976826917,0.7364852033549616,0.5835669322036776,0.47844898496311905,0.37675015164575554,0.6137156668134552,0.4583356084859096,0.5682095187747807,0.40548208427726823,0.1252784669232867,,0.5022353106614732
262,sparkling-sweep-75,run_2a79304d340c52c0040357564455830e,0.5659221410751343,0.9048627951499683,2.165187806205771,1.3368414403032218,0.8380018294542129,1.1612755182782086,0.5268155711550726,1.9389493739793142,0.30242577384712693,0.8380018294542142,0.8465896502611174,0.584861314410231,0.5367194363089521,0.30651821345337293,0.615001016630903,0.5058302441604752,0.5560874554089965,0.3589811743559366,0.0685586519017335,,0.4117531529497505
263,legendary-sweep-76,run_8862d73a32e1b87d50b4db46c04927b4,0.58379065990448,0.8473261008296109,2.578361458900382,1.246001263423879,0.4500762272588678,1.2893654059186581,0.6142182514358645,2.369324986390855,0.4585091598231207,0.45007622725886753,1.0310492166482033,0.525959450058987,0.46062275030434047,0.42000766210133134,0.5673256842748333,0.4389087031142308,0.5456551178625396,0.2500097788475293,-0.03707969246967826,,0.29633228692889957
264,avid-sweep-77,run_661b1b7774b1255791cdfac77a7cf520,0.5920867919921875,0.8949840459476708,2.5170658682634737,1.3201895135818071,0.629515194633601,1.2481721791422693,0.6671857051691126,2.365405552531303,0.4356159191408714,0.6295151946335995,1.0131033391359394,0.5537594077792773,0.5382487506504249,0.39972161031829645,0.6640854409835902,0.5182227955509193,0.5052579843000353,0.31674134934851556,-0.02041501469707773,,0.33954088448023245
265,fearless-sweep-78,run_3f1e5a466b4a26863953da7dee936f96,0.6125079989433289,0.786037013401404,2.684022863364181,1.2242956411876187,0.609269234678321,1.2655325209685078,0.5937204850031913,2.515922700054438,0.5460138976626655,0.6092692346783215,1.010492166482038,0.559387247166535,0.49742101505548336,0.5046044440187721,0.5694722976768095,0.46249898054904026,0.5743410736760995,0.2447127832134683,-0.10893006169160431,,0.31848985811064545
266,northern-sweep-79,run_0e556845137cd6f6376511fa213cbcd4,0.6870453357696533,0.6658583280153159,2.6905552531301042,1.2621730890713838,0.5995934546193719,1.2955926570659915,0.5174984045947668,2.544120849210671,0.6605811749842065,0.599593454619372,1.048195917075487,0.6531489170713243,0.5057651410338706,0.5572382913514031,0.535876649714195,0.4813984274698495,0.6286904040375418,0.248845201460986,-0.19510978588405525,,0.3020480900958651
267,driven-sweep-80,run_05ffe4019714a13faf19c345288d4ffa,0.5657945275306702,0.8754052329291641,2.0471692977681006,1.2863802905874921,0.8245350137209067,1.1252571609431872,0.5487683471601784,1.7564779531845403,0.2726847757422614,0.8245350137209055,0.8419370153505302,0.5429826980179061,0.49053331256139027,0.3548127573987166,0.5354331286107924,0.45791506874732446,0.5543983935650915,0.31874419844692986,0.093972205092795,,0.4286084177052593
268,stellar-sweep-81,run_df53c7efc9fbc6982bb1cd12669edd70,0.762093186378479,0.47361837906828336,2.339221556886228,1.267580543272268,0.5887793474946641,1.181705966133882,0.3021825143586478,2.0792324442025043,0.7046493998736584,0.5887793474946629,0.8779078968191171,0.7766426469146213,0.3659581317051592,0.5904278006576638,0.5639177055278031,0.39111243499319326,0.7595283296722117,0.20894779472535277,-0.22341372745291246,,0.3989999924106859
269,treasured-sweep-82,run_a071eaf7884ff4cf13224324331cae9b,0.5978302359580994,0.8191959157626036,2.4169025585193262,1.213809222994315,0.658888098383982,1.164994461148916,0.6158519463943845,2.2049265106151346,0.39025900189513496,0.6588880983839825,0.9735875929735724,0.5346368603025008,0.4303281499924762,0.42086070938288156,0.619242794531645,0.4926168467903882,0.5505212706420689,0.311587474706804,0.015026921624326957,,0.3871746467329436
270,distinctive-sweep-83,run_6148cc7a5e9d9635da8c7213ea9552c0,0.6418634057044983,0.7483599234205489,2.5007348938486675,1.2144156664560963,0.5245350137209066,1.1648441209052065,0.5185194639438424,2.3639902014153513,0.35622236260265294,0.5245350137209059,0.9322282006646622,0.6218953603629032,0.5165882817993821,0.4041619576668901,0.6829647485924498,0.49824524453314567,0.6065185250865494,0.3299006822509297,0.04120716896710462,,0.390810228780227
271,deft-sweep-84,run_2d249feb9fa330b879c3202ec693ea26,0.5917038917541504,0.8264454371410339,2.651469787697333,1.2071636133922932,0.5357861571297896,1.1743234689033075,0.6509763880025521,2.503728905824715,0.4013518635502212,0.5357861571297898,1.0209922456084823,0.5031840378209792,0.4747810496570557,0.41912827634645466,0.6697273668176539,0.5175252724196379,0.5542979752918854,0.3117343497235054,0.002302662811303204,,0.39312329498097065
272,leafy-sweep-85,run_7e4066ed1a0f3bed8ed57e1d679a98d6,0.6017868518829346,0.8446458200382897,2.835628742514971,1.246683512318383,0.3510417725378595,1.2279791106187687,0.6736183790682837,2.731001633097442,0.38411876184459903,0.3510417725378604,1.0893337553410347,0.5298818152587161,0.5640765827450241,0.4123062925007183,0.7437537180852637,0.5383596321163506,0.5383371124428563,0.2731953619150038,0.012865252581860559,,0.3567509706536297
273,pretty-sweep-86,run_9c73836fe78dc3c6e285e63ea35b387e,0.6437779068946838,0.7368219527760052,2.438568317909636,1.2896651926721416,0.734098993800183,1.2709368570976423,0.47507338864071486,2.203293413173654,0.49514845230574844,0.7340989938001833,0.924062351637918,0.626964095755709,0.4372540509838476,0.4565721674169141,0.49263162658858956,0.447716760417795,0.610807618617389,0.24622606131360045,-0.050256667027755005,,0.32700462594569885
274,polished-sweep-87,run_b2c313b7caa95652d47bb7e762f8e02c,0.5310785174369812,0.9528015315890237,2.009227000544367,1.3655464308275427,0.8060168716332962,1.097428390568128,0.5752648372686677,1.6999183451279265,0.2476437144662038,0.8060168716332962,0.7397768634277575,0.5358330954555854,0.4678553164911758,0.36298598473964816,0.5654826051944515,0.4439429095903184,0.5309992729793734,0.36903888113618477,0.1019247879271912,,0.4663401095484815
275,dainty-sweep-88,run_181be64aa437d79ccfb5b10a722b9d56,0.5979579091072083,0.8328270580727506,2.446080566140447,1.2815034744156668,0.5256631771521496,1.0967083399272037,0.6635354179961709,2.2742787152966804,0.44782059380922246,0.5256631771521488,0.8498180091786677,0.5469478483487757,0.43843577724858157,0.4283012482840085,0.6533178416280672,0.45807990389999004,0.5553682017888082,0.3167235917792145,0.03473112584073735,,0.42421813474523584
276,pleasant-sweep-89,run_7410178237b0f242c57ed28507b506f3,0.5982131361961365,0.8182514358647096,2.06192161132281,1.205445356917246,0.8031202357963209,1.0920557050166166,0.5509891512444164,1.772536744692434,0.3534175615919138,0.80312023579632,0.7390568127868333,0.5847059557639356,0.41669741032527935,0.40602081537528334,0.5360715403378098,0.4173550657142773,0.573061569019532,0.30483239910372756,0.04240449894334009,,0.4467033801273635
277,driven-sweep-90,run_65d60bfabcd55624bc0d8f7752a7e624,0.5943841934204102,0.8372941927249522,2.836336418072946,1.210018951358181,0.4036487447911373,1.24604367779712,0.7064454371410342,2.7192977681001644,0.45739734680985566,0.40364874479113844,1.1182228200664668,0.5325525247314714,0.5279373924577283,0.4724189892411327,0.6848199262395123,0.5352404693404373,0.5395091297500564,0.25271882814855534,-0.046857576977532185,,0.3328457532181488
278,dauntless-sweep-91,run_37fa79a9793b2b0cdfa523df91fae1f8,0.43178045749664307,1.5589278876834718,4.04047359825803,1.9017687934301963,0.0,1.752373793321728,1.5589278876834727,4.04047359825803,1.9017687934301963,7.420293332589724e-17,1.752373793321728,1.0,1.0,1.0,1.0,1.0,,,,,
279,skilled-sweep-92,run_d6a5a6ee1a24b429f9c793d6ec0fae6b,0.5701340436935425,0.9082833439693682,2.5926238432226465,1.2781680353758689,0.5028356540298812,1.175003956322203,0.7108615188257813,2.5004082743603715,0.3539229311433996,0.5028356540298802,0.9958616869757883,0.5124285866858173,0.5580237382687454,0.39098809181751426,0.7206996518233992,0.5379096843151967,0.5180245367410038,0.38416591720478144,0.03302921927263528,,0.4044071241159132
280,stellar-sweep-93,run_cadecc4ec58bbec2286b2e96f04b49d5,0.6061263680458069,0.812865347798341,2.1945291235710407,1.3106632975363237,0.6688891147474337,1.0991612596929894,0.5301850670070195,1.9249591725639639,0.3229437776373977,0.6688891147474342,0.7399113783826559,0.5836800828902937,0.4370468282053748,0.350500750247422,0.5989334647561786,0.41702610989808697,0.5786515951266678,0.31381431539729054,0.059370545600596285,,0.4370073945590784
281,eternal-sweep-94,run_14b2e6801b195443f72daf8f1fa35f28,0.5636247396469116,0.9051691129546905,2.6747686445291246,1.2255843335439045,0.4987092184165058,1.2061876879253048,0.6826292278238678,2.5695971692977695,0.3596083385976009,0.49870921841650584,1.047096059503086,0.5114321052509276,0.5148432424479439,0.405665964307378,0.6990018264904825,0.5428506470542361,0.5289416589396282,0.3647837567198349,0.030335739708829586,,0.3907625182695367
282,fresh-sweep-95,run_0553858b6ac9bbea9dcb5f8e935c0bf8,0.7333759069442749,0.5353669432035738,2.4943113772455097,1.2690461149715735,0.37663380424839926,1.2224165216015193,0.3995149968091888,2.2206042460533486,0.7103095388502859,0.3766338042483996,0.9007833517961703,0.7148466926027887,0.42177854874382215,0.5997522587236217,0.6296837120757177,0.4220909698530978,0.7195685942718185,0.18809480232473866,-0.24817167449670496,,0.32259329930411
283,northern-sweep-96,run_dcad49d11a9ad0232db2a053e543af1d,0.6192724704742432,0.7719463943841737,2.505307566684812,1.1897536323436515,0.4768472405732291,1.0697657857255896,0.628844926611359,2.308356015242244,0.4257359444093494,0.47684724057322825,0.8258189586959963,0.5669302351309358,0.48395255050667724,0.44919500047888133,0.6316321890094564,0.5094989845590812,0.5876650131865824,0.29677701142154256,-0.006344556402197364,,0.4327853385047223
284,stilted-sweep-97,run_b48f47c23b6c995497e565b777c97bcb,0.43178045749664307,1.5589278876834718,4.04047359825803,1.9017687934301963,0.0,1.752373793321728,1.5589278876834727,4.04047359825803,1.9017687934301963,7.420293332589724e-17,1.752373793321728,1.0,1.0,1.0,1.0,1.0,,,,,
285,toasty-sweep-98,run_c26f28a4e949de6548b8c02ec1ab89e8,0.571793258190155,0.9074920229738354,2.779450190528036,1.2276310802274164,0.4547413355015754,1.2159123278999842,0.7266624122527119,2.6932226456178556,0.3895767530006322,0.45474133550157414,1.0778841588859003,0.5192776354474198,0.5504958780744973,0.40872729304345046,0.7445732018387736,0.571382026595664,0.5249321025715422,0.3525692161588591,0.03680886172721549,,0.39764274608723993
286,clean-sweep-99,run_641b1c4786a4417e72c3cc953b2cb876,0.6200382709503174,0.7911933631142312,2.4693794229722377,1.3250663297536325,0.48370769387132845,1.122954581421111,0.5921888959795789,2.2676374523679916,0.43498420720151526,0.4837076938713276,0.813775913910429,0.5945738455696999,0.4349217836659048,0.4409754812757399,0.6718102604128522,0.45730613927200603,0.5812443141504587,0.302436056683098,-0.008225795448947838,,0.42397528464062534
287,dry-sweep-100,run_db83cdf3f9c1e229c5bd6d3cbee762c8,0.5739629864692688,0.9015188257817486,2.5181545998911274,1.2850410612760583,0.5276044313446488,1.1697657857255894,0.6643267389917047,2.3995917256396297,0.308111181301326,0.5276044313446495,0.983359708814687,0.5333984338009401,0.5106846430313376,0.3762706318041056,0.7081606801393724,0.5253923661192815,0.5301612536967282,0.36984748098224063,0.06285926938243858,,0.41259225406243394
288,autumn-sweep-101,run_0499c71789841ee2bd9c4a382c21ad7f,0.5701340436935425,0.8522782386726229,2.4937125748502997,1.281983575489577,0.4850188027238541,1.090726380756449,0.63126994256541,2.288922155688623,0.48423246999368286,0.485018802723854,0.7699636018357339,0.5517147029555287,0.4839873396695342,0.4365689748746927,0.6497523379123499,0.43955869259635727,0.5700196613850433,0.28497331034087126,0.03140081062778029,,0.44546299966120795
289,crimson-sweep-102,run_4ac7e6fb78f4061c7aba389ed0dfcc2b,0.7729419469833374,0.4616209317166561,2.4891399020141542,1.2986102337334178,0.37733509502998275,1.1773619243551194,0.3451691129546897,2.26192161132281,0.764485154769426,0.3773350950299823,0.8175265073587594,0.7560012227570633,0.43451759138714724,0.6297597611978418,0.635251668194742,0.40335798661819783,0.7602714474223004,0.24036680773820007,-0.29396270267154617,,0.375843610084645
290,zesty-sweep-103,run_2f7ebc46c04962564a70787e84f2bc54,0.5546904802322388,0.9285768985322274,2.4117855198693525,1.2795578016424511,0.6555645898973473,1.2029751542965659,0.5960689215060626,2.2430321175830166,0.3112697409981045,0.6555645898973466,0.9638075644880516,0.5577314415069663,0.47939108498654587,0.35235849056603774,0.6602045855235518,0.5032143576040473,0.5325763937673167,0.3419443320269773,0.06234732474991264,,0.38470266399660186
291,sweet-sweep-104,run_6ddfe849679412cecb5f29ef364e651b,0.5813656449317932,0.8745628589661775,2.000027218290692,1.304927353126974,0.871684114239252,1.1268634277575567,0.5337332482450551,1.7001905280348406,0.2907770056854086,0.8716841142392509,0.7972384871023892,0.5968199857702621,0.41965106972372723,0.33613143696325387,0.5508359976452946,0.4135737053803481,0.5562292667926544,0.3330586103783871,0.08547423048267007,,0.45543690917055624
292,fancy-sweep-105,run_e53e510bc17972406d053f6915f159fe,0.5174218416213989,1.085207402680281,2.5153238976592283,1.6739734680985472,0.5802215672324423,1.2945719259376482,0.7383535417996163,2.398938486663038,0.3203663929248266,0.5802215672324432,1.0043044785567332,0.6112572542100556,0.5760804044044364,0.5193466462343964,0.7256121712185388,0.5899432179617811,0.45385110920084376,0.3633688915273649,0.048416797808327895,,0.3591945427376153
293,dulcet-sweep-106,run_1a994117ff42909488b8e6230bf82b5c,0.7411614656448364,0.5274537332482451,2.5691072400653243,1.2674794693619713,0.5062303079581258,1.1846573824972306,0.41651563497128286,2.3490745781164963,0.7304232469993672,0.5062303079581244,0.8777575565754071,0.7241328212258293,0.43685817440764785,0.6265474252146984,0.598068241908972,0.4176366580274112,0.7208865479605934,0.20842013804123255,-0.2725110360379355,,0.36094653105926294
294,logical-sweep-107,run_53501badc3d50f4d7de3d483837e7a99,0.7717932462692261,0.46077855775366955,2.478252585737617,1.300732785849653,0.4474641731883322,1.208885899667669,0.3352903637523931,2.2276265650517173,0.8857233101705625,0.4474641731883314,0.8755420161417947,0.7522311989078925,0.44255511510462986,0.6681753024933754,0.6015156215267806,0.4049659488600684,0.7577681158196488,0.21088526411739617,-0.3977608672827296,,0.342589601387485
295,colorful-sweep-108,run_d2390348850a58a252d34ccc9cdb456c,0.5560944676399231,0.9135928525845565,2.8921339139902025,1.2779911560328494,0.4316597215164143,1.248251305586327,0.733886407147415,2.7619216113228107,0.4701579279848394,0.4316597215164144,1.0469694571925936,0.48337581613725134,0.5653595171329,0.42992864668135233,0.6523279979487715,0.5178898641632401,0.5140163281060468,0.2276663020114411,0.006508155253516474,,0.3500807657023798
296,trim-sweep-109,run_700393efaf0c49739d8f5227fcab45e2,0.6015315651893616,0.8186088066368858,2.717283614589005,1.2069614655716996,0.3887996747636955,1.2013055863269506,0.6627440970006384,2.5910996189439315,0.4589639924194562,0.38879967476369515,1.0456163949992083,0.5133042986356521,0.5047127339148668,0.45352871691728125,0.6745735287019119,0.5150174381979525,0.5510064902057016,0.27135067714761185,-0.04359026840578594,,0.36786049588582087
297,laced-sweep-110,run_4e472a61dff57d48a552089f19ec0a7c,0.581110417842865,0.8535035098915126,2.1424333151878066,1.284788376500316,0.629444049191991,1.1063459408134197,0.595022335673262,1.8415078933043005,0.31642451042324804,0.6294440491919908,0.7126285804715944,0.5534444933136333,0.39201326876864256,0.37366711362257765,0.5905795171119315,0.41525340179730785,0.56052176191874,0.3232523067385362,0.06058735811227298,,0.4382444193378317
298,blooming-sweep-111,run_d6c57689bd21f76c3bd50a6795ad0191,0.584045946598053,0.8521250797702618,2.6619216113228092,1.3366392924826282,0.3470677914422198,1.1925937648362082,0.6390810465858328,2.45484485574306,0.4807959570435881,0.34706779144221944,0.9103180883051114,0.5411910097745769,0.4527269860499003,0.4498252083133799,0.5881304281706988,0.42379219382062977,0.5559141524737673,0.23325971683956367,-0.01109868840467721,,0.36549731630914156
299,dandy-sweep-112,run_35d636f01883402d79e294d91e66eb99,0.5922144055366516,0.8605743458838545,2.7000816548720756,1.2885028427037273,0.5207338144120337,1.261861053964235,0.6610082961072112,2.5764017419706056,0.36120025268477607,0.5207338144120353,1.081832568444374,0.5230599436774275,0.5399363021885212,0.4041956389873256,0.7190793188878584,0.5608078143840927,0.5435688569121268,0.3193575725423845,0.029019224849638155,,0.35429774519450047
300,still-sweep-113,run_f86f916b4e2d8dfb3af0c460255c9b47,0.43178045749664307,1.5589278876834718,4.04047359825803,1.9017687934301963,0.0,1.752373793321728,1.5589278876834727,4.04047359825803,1.9017687934301963,7.420293332589724e-17,1.752373793321728,1.0,1.0,1.0,1.0,1.0,,,,,
301,divine-sweep-114,run_0f7ac556f0b968062bd019d34a0e8fa0,0.571282684803009,0.9198978940650927,2.7969243331518796,1.3216045483259635,0.4290679947149101,1.2706994777654694,0.700216975111678,2.7075394665215042,0.4232090966519269,0.4290679947149108,1.132038297198924,0.5434512085532316,0.5707603039695743,0.43405325160425245,0.7661106278942528,0.5961155948559426,0.5203567526798933,0.3039965516606824,0.02896751801173134,,0.3636709873063238
302,distinctive-sweep-115,run_bc69a1fe03d25d88657972504b1fac21,0.564773440361023,0.9097128270580728,2.5778715296679375,1.2336955148452307,0.5986482366094116,1.1782718784617818,0.6616975111678371,2.4551714752313556,0.3387365761212894,0.5986482366094112,0.9749327425225512,0.5157878597732742,0.4878298220803106,0.40606343581393867,0.6682640707431706,0.5088094967021759,0.5223569892801582,0.34511947703387247,0.04438859037865714,,0.3966614926475721
303,grateful-sweep-116,run_282627d764ab5301cb3e652464ca0b59,0.6215698719024658,0.7739629865985962,2.585982580293959,1.110031585596968,0.48856591116983433,1.1443266339610698,0.6270835992342046,2.4777626565051722,0.34629185091598336,0.4885659111698346,1.0144010128184842,0.5615186975879715,0.5097484186693606,0.48262953740063214,0.6710952281972229,0.5045686238253643,0.5825831402845679,0.34971658230186914,0.042856007137183516,,0.3968013384191745
304,genial-sweep-117,run_1b70e8c9f3f136ac682d5bac5a8af19c,0.6553924679756165,0.6957243139757499,2.414071856287426,1.2331143398610236,0.7226039231629231,1.2496201930685236,0.4622590938098275,2.1796679368535674,0.5142514213518644,0.7226039231629229,0.9415334704858359,0.6400413490976599,0.4292624250108186,0.44927034447530567,0.520171607753377,0.42093958819787874,0.6338682221865577,0.2620102017346185,-0.06511718547581424,,0.3284030792210344
305,lunar-sweep-118,run_5fedfeaf63db00c5978cd739cee96c43,0.5471602082252502,0.955047862156988,2.6347033206314654,1.4002147820593815,0.4275536131720704,1.106306377591391,0.744148053605615,2.4867446924333154,0.6490082122552125,0.42755361317206914,0.8159598037664185,0.545415122538398,0.4991729754392044,0.5242460811544233,0.7554882726545549,0.47730875568873493,0.5145125766613067,0.3316513452164572,0.08148785277420628,,0.46200296609160435
306,serene-sweep-119,run_03b8eaf34a8a238fe086df41fe60660d,0.6445437073707581,0.6984045947670708,2.4290963527490477,1.223992419456728,0.7876715113324525,1.3167035923405601,0.49577536694320296,2.171502449646162,0.6291977258370184,0.7876715113324526,0.9467083399272037,0.6560364641066017,0.40828486032693134,0.4500882737924209,0.5252796879995878,0.3798956050381259,0.6571883148893914,0.2273104100191939,-0.15243617691805778,,0.27449289564499524
307,lively-sweep-120,run_72fdb6c55ae8d7998903b1281945cc74,0.6271857023239136,0.78892150606254,2.7488568317909645,1.2073657612128872,0.40266287224311414,1.210167748061402,0.6411231652839817,2.641725639629832,0.3811118130132664,0.4026628722431128,1.0720288020256372,0.5791765103272406,0.5356968202366971,0.42801216358586347,0.7486866863017663,0.5449456098152534,0.5788422719176293,0.30454171024843163,0.028988920111208624,,0.37805437918878054
308,chocolate-sweep-121,run_0d2385939927118213c4c8782cf2ffeb,0.529802143573761,0.9829993618379069,2.183043004899293,1.3564750473783955,0.9636141884337839,1.1860420952682387,0.6166943203573705,1.938731627653785,0.4033228048010102,0.9636141884337832,0.827172020889382,0.56931351376432,0.523540112840199,0.30123184241611595,0.5506154679703325,0.4751723630215926,0.5325989956125763,0.3463650502604624,0.04567772788030737,,0.38757807020469115
309,azure-sweep-122,run_1dd4a5e7de175a764bd75606d5406669,0.5610721111297607,0.9252329291640078,2.8521774632553085,1.1153885028427042,0.3880882203475964,1.2292134831460675,0.8165411614550103,2.791426238432227,0.5071004421983583,0.3880882203475959,1.1496122804241182,0.5694458745680515,0.5926874975710797,0.48780416946014105,0.7540648916994794,0.6102211709709688,0.5197506421252693,0.38073261881824305,0.0654101014381598,,0.3996872755973105
310,eager-sweep-123,run_fcdbd0413de8c3b936eba7dc7dddc8b8,0.7611997723579407,0.47703892788768354,2.4169025585193262,1.3082627921667722,0.4359386116475251,1.2035132141161575,0.3416464582003823,2.1556069678824175,0.8318761844598873,0.43593861164752623,0.8690932109510999,0.7498667387903997,0.39166208179555645,0.6561753344187977,0.5898019722715999,0.3986256892692099,0.7553729841028982,0.23417283445441972,-0.3463192247066011,,0.34108820928371164
311,earthy-sweep-124,run_aa5299189f752fd87ccedb57d52af49f,0.5734524726867676,0.8892661135928527,2.5787969515514435,1.2613644977890086,0.6132432157739608,1.1906393416679855,0.6254243777919595,2.444991834512794,0.3605685407454212,0.6132432157739598,0.9896265231840481,0.5287592752851298,0.5137158436201261,0.37513743894263,0.6654020807704077,0.5045820734435487,0.5364685609173465,0.34919975782293444,0.02919309954049457,,0.38677775122510905
312,rosy-sweep-125,run_88fd6c5a52155f04ce24360a449629c9,0.7708998322486877,0.46879387364390557,2.683043004899293,1.3360833859759953,0.3029779449131009,1.2716331698053491,0.3379451180599874,2.4912084921066957,0.8386481364497798,0.3029779449131016,1.0027615128976108,0.7429619770279404,0.48222820424054985,0.6445035596845768,0.5626395388386075,0.449519857880087,0.7524023839349224,0.2190194325265807,-0.3415542620759163,,0.3115373639890216
313,faithful-sweep-126,run_5980ca5557545d555eace5f2333ef298,0.6098276972770691,0.7977791959157626,2.613364180729451,1.20857864813645,0.47251753226953963,1.1880677322361133,0.6406892150606268,2.439167120304846,0.4495388502842712,0.4725175322695406,1.0239120113942075,0.5247756008261116,0.4793856432955314,0.4424193084953548,0.6533768036649085,0.5018738777348951,0.5590183074200143,0.28156353233439385,-0.03470401251856456,,0.351231151313563
314,comfy-sweep-127,run_088b864695afbab129429626806c3529,0.5777919888496399,0.8779323548181239,2.7379695155144264,1.1802021478205942,0.40878138022156724,1.1797831935432823,0.7465730695596678,2.6623026673924883,0.39627289955780176,0.40878138022156757,1.0694492799493605,0.5325223050976728,0.5298747560312741,0.4335406889506114,0.7499087468810628,0.5588505781789037,0.5378194820083458,0.3624273122006064,0.049913232733218384,,0.41138362282192537
315,fancy-sweep-128,run_25ac29bd0e219224394f9f8c11b15e23,0.48627951741218567,1.0767070835992343,2.4486935220468165,1.5299684144030326,0.4842158755971136,1.2521838898559898,0.7538481174218257,2.321203048448559,0.350966519267215,0.4842158755971135,0.9532441842063617,0.593860233739385,0.4948782114166061,0.4829061711841139,0.7380628963461242,0.5475417954781845,0.4682440622649344,0.3311085223936241,0.07368184114831317,,0.3834250918126039
316,gallant-sweep-129,run_6b30381d2ad96b58b455b9fd9e505dbc,0.5774090886116028,0.8349712827058072,2.106886227544911,1.1907896399241948,0.7249517227360506,1.07965659123279,0.54167198468411,1.8495100707675567,0.2742008843967151,0.7249517227360509,0.7250909954106669,0.5641785789767123,0.4315124115847793,0.4037003160616799,0.5561910248669666,0.41941064417543733,0.5854074839705155,0.3171738607636745,0.09323406258654024,,0.45645901072811423
317,olive-sweep-130,run_298f3fce0fcd0541fbb7fa08d8e2e007,0.5480536222457886,0.8248883216336951,2.6684540010887323,1.1252937460518007,0.66326862486025,1.141185314131983,0.6447734524569235,2.53236254763201,0.48850284270372757,0.6632686248602486,0.9865405918658013,0.5692355313324091,0.5665406234037622,0.48683188072662265,0.5595264283746856,0.4938697132130775,0.5845255689599825,0.2643313365755545,-0.07133175471947557,,0.4018073950642795
318,skilled-sweep-131,run_ef62674ab50befe50a790506a3f6c008,0.6162093281745911,0.800587109125718,2.752068590092543,1.276475047378396,0.41159670698241696,1.2562984649469853,0.5841225271218891,2.618372346216658,0.42808591282375347,0.4115967069824183,1.0502532046209854,0.5956494044078033,0.5259955650799555,0.41532069086613665,0.6090857935881345,0.5100181186874543,0.5834433106248079,0.2661309262844034,-0.019125927059023638,,0.3368752560018163
319,snowy-sweep-132,run_06f42425619db8d6553a5c513dc4ca7d,0.5931078791618347,0.8429100191448629,2.6216385410996197,1.3247125710675935,0.488748856591117,1.2066466213008387,0.6479897894065088,2.4903375068045737,0.39647504737839695,0.4887488565911157,1.0270295932900777,0.5110744637241181,0.505714751682774,0.40803802317785653,0.7018247720767101,0.5206370742974763,0.5479487800713743,0.3123682196551831,0.004581606181757747,,0.3787883554288623
320,jolly-sweep-133,run_c43c641242be5ea156bb7c4e5b20a9c7,0.5670708417892456,0.9030504148053605,2.221203048448558,1.4475679090334808,0.7185486329911578,1.2287070739040988,0.5488959795788131,1.9378062057702783,0.3133164876816165,0.7185486329911587,0.8866751068206993,0.5264845914596951,0.4437975838345958,0.34280656386680713,0.6527564188022659,0.4691633480430206,0.5323105474201371,0.3038731969016449,0.06054819664335508,,0.36925996640080205
321,fast-sweep-134,run_85da24bf173ff64b990981fef29b9657,0.5906828045845032,0.8527632418634333,2.763173652694612,1.3152621604548327,0.4396788291493038,1.2004589333755342,0.687606892150606,2.6292596624931956,0.3988250157927981,0.4396788291493046,1.0251463839215056,0.5006571101213303,0.5427847296960171,0.41774478817482363,0.7014462947143647,0.5016239090770293,0.536174005953304,0.24491507993934192,0.00123972350369168,,0.36683821186396026
322,icy-sweep-135,run_6bca03331c1ddbc056bef4f0beeb4306,0.5626037120819092,0.8955966815571155,2.42691888949374,1.3177637397346813,0.48040451265372497,1.018555151131508,0.6796936821952769,2.265133369624388,0.45034744156664624,0.4804045126537255,0.722669726222504,0.532111354298078,0.45985389446332386,0.44872872968745015,0.7068710585052606,0.44477383017757294,0.5439982192952668,0.3450820485903309,0.10027358915421766,,0.4841269695418139
323,resilient-sweep-136,run_66ef2e0ed7b0970e99c618dfbc6dbfa2,0.5831525325775146,0.9004211869814933,2.561812738160045,1.3574352495262163,0.5473015550360809,1.2067178351004906,0.6373962986598605,2.451633097441483,0.34927353126974114,0.547301555036082,0.9976024687450541,0.545264050003499,0.5482089259140231,0.38562909044472116,0.7004496130353156,0.5282126625632269,0.524584762635803,0.3690934357356344,0.03607755442991566,,0.3793009325966459
324,vocal-sweep-137,run_027a3ada69519779a76b808b6c8f5143,0.634843647480011,0.7592597319719209,2.676891671203049,1.2535312697409984,0.38168513060270354,1.17840639341668,0.5709763880025533,2.5365541643984777,0.34566013897662584,0.381685130602703,1.0086168697578732,0.5819853432179046,0.5150563322943924,0.3911860294352393,0.7182838346899919,0.5066417118712979,0.5990179158001392,0.27111612203065555,0.041355234823185386,,0.38471642801721134
325,clean-sweep-138,run_caf3a8f7709d8c9bfd36df7191713514,0.5483088493347168,0.9516273133375879,2.5307838867719115,1.2728616550852814,0.51771521496087,1.111133090678905,0.7563497128270588,2.3544093630919996,0.4297536323436528,0.5177152149608699,0.8129371736034192,0.5103521256005772,0.4467667476293234,0.4228135874596941,0.6409721228117974,0.42783014215316373,0.4892837158686429,0.2919388620193409,0.05303535429371616,,0.4260181056098098
326,jolly-sweep-139,run_9d1d8003c8ff2944c0f1e7b2a91930be,0.6113592982292175,0.817204850031908,2.601986935220469,1.3456348704990528,0.3974184368330115,1.1490425700269031,0.6542948308870448,2.4198421339139915,0.5388123815540112,0.39741843683301153,0.8754866276309535,0.5521228649672859,0.45882514517814926,0.4686366248443636,0.7007947413931831,0.44373412319795813,0.5613280623214335,0.275124087564141,0.002501313159283841,,0.3933903889963612
327,rosy-sweep-140,run_e7c2f2a948f6b162cab155e8dd7e171f,0.5282706022262573,0.9757753669432037,2.078470332063147,1.3995578016424512,0.7776095131619067,1.1113942079442949,0.6047223994894707,1.7801578660860098,0.2753885028427046,0.7776095131619076,0.7244817217914228,0.5603484338656168,0.48786494638865224,0.38139482169651695,0.6151881836830178,0.4352158510049044,0.5198543381045009,0.3494771219886378,0.0822680451411145,,0.4568139818502517
328,polished-sweep-141,run_618cb8a55f614d8d1598bf96e72fd732,0.5656668543815613,0.8912571793235482,2.6498911268372365,1.2746304485154771,0.4287834129484704,1.2438123120746953,0.6741289087428204,2.4761295590636916,0.416411876184461,0.42878341294846956,1.0139025162209203,0.49443016722252014,0.48139564118578293,0.40800721514542027,0.5799713270369569,0.4828101802353377,0.5205618579881868,0.24932201464045295,-0.0073095837663862484,,0.3408312396258711
329,still-sweep-142,run_7bba2d262c755a217b23a458723a2e06,0.536183774471283,0.9407275047862156,2.13905824714208,1.349273531269741,0.8743673137513976,1.1350846652951416,0.5858583280153152,1.918263473053893,0.4238660770688567,0.8743673137513963,0.7880835575249243,0.5810375203010749,0.5187962043292749,0.372836414136577,0.5776813452802677,0.5032944512412127,0.5576606453346544,0.36420723008035344,0.05676556315162916,,0.4282600345850118
330,grateful-sweep-143,run_07016aeab316d1dc05d54b4bb2f58ff4,0.5619655251502991,0.9178302488832164,2.6642079477408833,1.2466329753632346,0.492306128671613,1.171340401962336,0.7152520740268026,2.5360642351660316,0.3457864813644987,0.4923061286716115,1.009510998575724,0.48624018611286146,0.49431998718298525,0.3834829039364046,0.6933569855183379,0.5267251116250808,0.5065973013217178,0.3161364406416164,0.04056102221051161,,0.39858685173759095
331,olive-sweep-144,run_f4e2014d84f630097f0a6de86d107beb,0.6645820140838623,0.6862284620293555,2.676782798040284,1.2921415034744161,0.3786360402479927,1.3038297198923883,0.4744607530312708,2.4534839412084937,0.6356159191408719,0.37863604024799347,0.997040670992246,0.6240422441541341,0.46982957007921405,0.530884813076653,0.548019463048595,0.40401706538971044,0.6310910514672619,0.18908155833744997,-0.16948733577504954,,0.28265059169380363
332,robust-sweep-145,run_e8b1fea66e64b1cd052f193f7a252ff6,0.6048500537872314,0.802680280791321,1.9847849755035394,1.3717624763108023,0.6555340989938002,1.0950941604684286,0.4816592214422464,1.704980947196517,0.2965887555274809,0.6555340989937999,0.7328058237062826,0.5949934319295697,0.43712813561205577,0.359864795836925,0.6016315466261383,0.42767344449950645,0.6009789960870549,0.3581951891951264,0.07547589881808638,,0.4724573748558456
333,floral-sweep-146,run_4957d38d5f5a6af220382ab4dbfec87d,0.6103382110595703,0.7932099553286535,2.2415623298856837,1.2576500315855974,0.6195141782701493,1.0616869757873082,0.5713848117421834,2.0004082743603715,0.32142766898294395,0.6195141782701499,0.7327108719734133,0.5938494464660894,0.4140751324699177,0.3861981610956805,0.6335050601200305,0.4603551997454252,0.5893530834229753,0.35560093683434624,0.05836498714473017,,0.4540797091574775
334,leafy-sweep-147,run_9d6b2e1fd65c04d75a42ebe2e1017811,0.5922144055366516,0.8197574984045949,2.5998094719651608,1.2133543903979787,0.5605447708100417,1.205119480930527,0.6404084237396317,2.4492378878606433,0.40481364497789085,0.5605447708100411,1.0414859946194017,0.507262045287098,0.4712043272529147,0.42256696357309326,0.649071326781581,0.5197162913568601,0.5584470979505294,0.294556263499821,0.00016078486096199522,,0.3691139063589303
335,frosty-sweep-148,run_8f3d0cc2863d9aff75008bc3af0acd03,0.568602442741394,0.8896234843650288,2.0810288513881336,1.433038534428301,0.7469255005589999,1.1880360816584903,0.5298532227185707,1.798176374523681,0.31273531269740934,0.7469255005590009,0.8321728121538221,0.5540868734186315,0.467100833488117,0.32015898860262426,0.6297936064261495,0.47217923501147246,0.5482497082745305,0.32258835533740954,0.06542718600782882,,0.3995713428229859
336,crisp-sweep-149,run_4c38848d82f963945a251db368e09a3c,0.6016592383384705,0.8202425015954052,2.0564235166031577,1.330018951358181,0.6999491818274215,1.0634831460674157,0.5225526483726864,1.7728089275993473,0.3334554643082761,0.699949181827421,0.6753995885424905,0.5942193827813553,0.4454193283183032,0.3605926954633975,0.6015598071876989,0.4189297760164968,0.5823519021611999,0.3519449616658042,0.054737308099761656,,0.4801322038456309
337,deep-sweep-150,run_04c9033678146a3cf072bb95db576ac8,0.5719208717346191,0.9067007019783027,2.206886227544911,1.3529121920404297,0.7733712775688586,1.1472463997467954,0.5303892788768347,1.9732444202504087,0.3062665824384081,0.7733712775688593,0.8441129925621148,0.5884132394639938,0.5308572365361192,0.29998738945822556,0.6437502596680064,0.5046416159940698,0.5474273502064124,0.34526658232270513,0.06921757647719091,,0.41706704544086626
338,dainty-sweep-151,run_5f87a45dc97d37670e9b3113b51b7001,0.5559667944908142,0.8978685386088067,2.1456995100707683,1.2776879343019585,0.8785242402683201,1.0817692672891281,0.553261008296108,1.9344855743059348,0.3002526847757425,0.8785242402683207,0.7847285962968821,0.577100457487661,0.507509822492393,0.34679819940618717,0.5569168314060042,0.4669656684152954,0.5629752773032294,0.3692962260050254,0.0700949633114807,,0.4449402120422397
339,dazzling-sweep-152,run_993a3bcf7ff6036cc01298544277653a,0.5511167645454407,0.9230121250797704,2.35059880239521,1.3090966519267213,0.7667649151336517,1.1617028010761197,0.5685513720485008,2.1596352749047365,0.33416298168035374,0.7667649151336521,0.8973888273460991,0.5328581733471935,0.5073003269928055,0.326413657695623,0.6152882163762319,0.4802518782678886,0.531784944707327,0.36416723087307573,0.04247266690621037,,0.3998167103993297
340,quiet-sweep-153,run_e0cd73c69f7f1dc2357dbcbe9a456f2d,0.600127637386322,0.8519974473516274,2.2852749047359837,1.3537713202779535,0.740664701697327,1.1528248140528565,0.49360561582642054,2.0847305389221558,0.324763108022742,0.7406647016973277,0.8833201455926569,0.6168677297442643,0.49325156511424845,0.32642978003384093,0.6421284716436167,0.47841308065491783,0.5699406783068051,0.3538387454981678,0.05418718201383622,,0.41711419169110003
341,warm-sweep-154,run_0efd35a8c26d971c4b65d9f556c524b0,0.5871091485023499,0.8605488194001277,2.591916167664672,1.3118003790271637,0.31443236101229805,1.2465817376167116,0.5800127632418637,2.4340500816548727,0.3278711307643709,0.3144323610122988,1.027876246241494,0.5460092092228562,0.5029578899151317,0.35282077067969225,0.6984074563656681,0.4987731944702578,0.5522728930345814,0.3155452006743712,0.05179894493228019,,0.33421352296968443
342,still-sweep-155,run_bb922f68652105d41d940cfe564f2ef3,0.606509268283844,0.8269814932992979,2.3881600435492656,1.393821857233102,0.5157739607683708,1.1333201455926571,0.5893809827696231,2.1549537289058263,0.41204042956411974,0.5157739607683708,0.7436065833201462,0.5862484018422833,0.42707570207570206,0.4514861284040481,0.6903040601302677,0.4399041404660293,0.5698455935822184,0.30227673562077845,0.017982333881768692,,0.43775962526575185
343,efficient-sweep-156,run_01eecce990ccedd2fbcb295a82027429,0.7383535504341125,0.5228334396936822,2.5626837234621673,1.2578269109286166,0.43254395771928034,1.1205887007437885,0.39780472239948794,2.365187806205772,0.6899431459254584,0.432543957719281,0.8459408134198447,0.7143672306706049,0.49072765144764446,0.5845662931392268,0.5867509425837878,0.4847668937052473,0.7317167414523851,0.23992566480017652,-0.23580774895438578,,0.39463328213825405
344,solar-sweep-157,run_a63991cc92105fd1b21b1f13b5a38a0b,0.5518825650215149,0.9456030631780472,2.399265106151334,1.3476310802274163,0.7184165057424535,1.2121300838740308,0.5909891512444161,2.2192977681001635,0.3219835754895779,0.718416505742454,0.9718388985598989,0.5456839191083145,0.4685580437807775,0.32851339271461866,0.6545377737042047,0.48916490715191996,0.5151696952445052,0.33914045124623743,0.052761122517825755,,0.3710196640346431
345,amber-sweep-158,run_11c661f571cc20c9df581e481087f246,0.5710274577140808,0.917549457562221,2.7528307022319005,1.2520151610865449,0.47466205915235293,1.2236034182623832,0.6994001276324193,2.649074578116496,0.42472520530638075,0.4746620591523526,1.0691011235955055,0.5400162763092083,0.5330917131533169,0.4210715767966031,0.734368901727676,0.5557366992681396,0.5247021620322384,0.3352807076710664,0.05233366415803929,,0.3865632956747841
346,genial-sweep-159,run_f09389514e619a168b5c99cd1092a977,0.5232928991317749,0.9741416719846842,1.955062602068591,1.3330006317119394,0.9722939323101941,1.1244184206361765,0.6004339502233562,1.6539194338595535,0.29183828174352533,0.9722939323101939,0.8000949517328693,0.5336561464277851,0.476330504574013,0.36999760559333394,0.5166950003022336,0.43761134385166073,0.5213089703532221,0.33134131988932164,0.07554188971294383,,0.4488739740183029
347,avid-sweep-160,run_50741a084e89117bce97e6a3562dad3c,0.6185067296028137,0.8217230376515635,2.8295862819814923,1.3040682248894504,0.42509401361927024,1.2572242443424593,0.6587109125717924,2.700571584104521,0.43804169298799805,0.42509401361926963,1.1171071372052535,0.5545287790542431,0.5464191924099849,0.43138109376496503,0.725076673227399,0.540969019808798,0.5516839421862507,0.27512409778868324,-0.02747161821157482,,0.33789662675374954
348,vocal-sweep-161,run_f9ce88ca5b6b8e5cc2684faec96cd8e5,0.5761327147483826,0.8463305679642631,2.499482852476865,1.2335944409349338,0.4952739099501982,1.1206994777654693,0.7170134014039568,2.3979041916167674,0.3278963992419473,0.4952739099501994,0.9776230416205096,0.5433764250602051,0.5251531973768916,0.395305047409252,0.6718030904179986,0.498346957726088,0.5397540545245406,0.3690812661424828,0.05904719562686467,,0.4212107709478687
349,peach-sweep-162,run_751bc90652875a4cdea3da193497efe2,0.5813656449317932,0.8828844926611359,2.508301578660861,1.3451800379027166,0.562689297692855,1.193622408608957,0.6176132737715382,2.2863091997822544,0.40951358180669756,0.5626892976928531,0.8022313657224245,0.5505379811363316,0.4418170196036755,0.41884222456341985,0.5612700049251607,0.38583405364051093,0.5340391355069055,0.2544073654537708,-0.0046869114406268295,,0.38430585009209
350,distinctive-sweep-163,run_82c426594a83ac6906135d2765e3b20a,0.5693682432174683,0.9186726228462031,2.519134458356016,1.4841566645609603,0.4941559101534709,1.271902199715145,0.6456924058710914,2.3159771366358206,0.3973089071383449,0.4941559101534717,1.0327820857730656,0.530545310008733,0.49546289546206745,0.45006784152220414,0.7150405664156054,0.529265528195884,0.5213096825586938,0.2712276932483687,0.0004495550121002108,,0.35422814260873686
351,graceful-sweep-164,run_c1629bf897f160e89f601ee689b5cd52,0.6299936175346375,0.7673771537970644,2.3545726728361465,1.230132659507265,0.6499237727411322,1.1337316031017566,0.511091257179324,2.1679640718562876,0.30914718888187015,0.6499237727411327,0.8864298148441214,0.6286419225312758,0.5051548711834208,0.38487549085336653,0.6517319854833881,0.48058872921502516,0.6030138180514265,0.33752148900918805,0.06661694914897458,,0.4130090042010791
352,young-sweep-165,run_c15e093fe9b21dfc9fef1431e7a86d45,0.615571141242981,0.8116400765794513,2.5717201959716944,1.407694251421352,0.38814920215469056,1.1419686659281532,0.5951754945756219,2.353102885138815,0.5019709412507903,0.38814920215469073,0.8235322044627327,0.5626018671155432,0.4588596671850655,0.47992321935957605,0.7021567011635838,0.4217956832104163,0.5758165824666399,0.25391276932712026,0.008999129068025642,,0.40928349459128366
353,misty-sweep-166,run_8c2fd57dfbfc8a4dcb8153b6fcec07ff,0.5606892108917236,0.9144352265475432,2.6921339139902027,1.2618951358180672,0.48809838398211197,1.2072875454977052,0.6746394384173574,2.561377245508983,0.33378395451674187,0.4880983839821105,1.028398480772274,0.530990667490045,0.5148385119932747,0.392286817993168,0.7154020870647191,0.545807975024241,0.5291445789109968,0.34488827510964576,0.04730362232520287,,0.3957139001609951
354,comic-sweep-167,run_85fba7cddb0327511a9c0c48806fd007,0.5101467967033386,0.9727887683471601,2.226755579749592,1.3136702463676564,0.8236101229799776,1.1639341667985441,0.591576260370134,2.0160860097985855,0.3348704990524326,0.8236101229799782,0.826602310492166,0.47535019304111603,0.43297707772710253,0.3268480030648405,0.5954588489013398,0.44427312571985866,0.513323244358763,0.3629328381499032,0.0466745947512617,,0.4111847268011372
355,golden-sweep-168,run_118e9c5fcc3c5eb34c80752977501126,0.764773428440094,0.48063816209317173,2.4992651061513347,1.325344283006949,0.5445472100823254,1.3054518119955691,0.3184939374601139,2.2565868263473057,0.8562602653190147,0.5445472100823244,0.9871894287070745,0.7722783198537638,0.43941746032959234,0.6393144015579606,0.5633105550692239,0.3955451884529554,0.7484815759942592,0.2213170670831075,-0.33522279349287315,,0.27525409819199653
356,dazzling-sweep-169,run_9f484b0f5f87772d126370340d5ace25,0.4594767093658447,1.2498021697511168,3.156096897114862,1.508136449778901,0.5099095436528103,1.503663554359867,1.0175111678366306,3.0753130103429513,0.6494630448515483,0.5099095436528109,1.3447143535369515,0.6654638176735539,0.6779394541332325,0.5485228107141717,0.7674331099106836,0.6703270268115454,0.3336772725629583,0.21893526408741082,0.03676788216167614,,0.1989353260046726
357,deep-sweep-170,run_7e9f0bccb393d9d615db8b80d38efed8,0.5594128966331482,0.9390682833439694,2.2294774088187275,1.3873531269741,0.7734729139140157,1.150625098908055,0.5607657945118063,2.0293685356559616,0.3293114339861026,0.7734729139140174,0.8608482354802982,0.5557328762748717,0.6001851084842176,0.34314704849471633,0.6152016080819291,0.5085495902862611,0.5232593932184703,0.37289812056015764,0.046356971801930325,,0.4087890077826792
358,fallen-sweep-171,run_988e77391a4ac378e49a0de3783f12dc,0.5877472758293152,0.8883471601786854,2.6643168209036485,1.2423626026531904,0.4627604431344649,1.2047159360658333,0.7322271857051682,2.5694882961350025,0.42126342387871124,0.4627604431344652,1.0426016774806148,0.5607672917807436,0.5344830302040996,0.4088765443922996,0.7302633042555853,0.5397996169441762,0.5098763637054803,0.358887320098811,0.02582863331621422,,0.3807703083957131
359,chocolate-sweep-172,run_6a64e61c7ef9c1cb947b6eba8b05eff4,0.43178045749664307,1.5589278876834718,4.04047359825803,1.9017687934301963,0.0,1.752373793321728,1.5589278876834727,4.04047359825803,1.9017687934301963,7.420293332589724e-17,1.752373793321728,1.0,1.0,1.0,1.0,1.0,,,,,
360,legendary-sweep-173,run_fba5f9eeed3ce24d912076c36c800a98,0.6746649742126465,0.6823484365028718,2.7545726728361473,1.2500947567909035,0.6104888708202053,1.3156037347681597,0.5247479259731974,2.5400925421883507,0.6493114339861037,0.6104888708202056,1.0468270295932895,0.6410142249215629,0.5020452422544794,0.5687641669061073,0.5403462844840843,0.4566532647921534,0.6213881637487536,0.14751766496797386,-0.189938275347385,,0.2728959266695559
361,proud-sweep-174,run_617a2675d795441aad41a7ecd81a1094,0.5948947072029114,0.8388002552648373,2.510206859009255,1.1340871762476314,0.536456957007826,1.1200902041462257,0.6156477345245681,2.406995100707676,0.33481996209728415,0.5364569570078278,0.9523579680329167,0.558750048671324,0.5149603128602814,0.45361443667592505,0.6831234347868008,0.5048127356094991,0.5603017555446649,0.38368304362409705,0.04809445563000828,,0.42953745769401896
362,atomic-sweep-175,run_6331107eefb56766fe6ce32d3f1e5cf7,0.5609444975852966,0.9097894065092534,2.690772999455635,1.186443461781428,0.4909137107429617,1.1851954423168225,0.7107849393746013,2.576238432226458,0.35594440934933774,0.490913710742961,1.0378936540591872,0.5119794017318093,0.5124706772975826,0.4312977684129873,0.6964685784143037,0.5195949211458094,0.5151467511028722,0.336514054937558,0.03316943061945193,,0.38301121219937734
363,light-sweep-176,run_a08f66d6d3295c5750247d88d49e8c55,0.6186343431472778,0.7172686662412253,2.477272727272728,1.252242577384713,0.5590100619981706,1.2478794112992562,0.48931716656030694,2.246679368535657,0.5324952621604552,0.5590100619981689,0.9676610223136575,0.5817842347976487,0.44533390135185247,0.4340901254669093,0.5348399390592681,0.4259854562025529,0.6466360584816516,0.24427895076949688,-0.09277940902646648,,0.3280204714683134
364,atomic-sweep-177,run_ca84b588a1508f4a2e95a7332d6c3699,0.5719208717346191,0.8856668793873644,2.1688350571584114,1.3226910928616553,0.8176339058847445,1.1801392625415414,0.5485641352903644,1.8637724550898211,0.3928111181301336,0.817633905884744,0.804605159044153,0.5742468028514698,0.40122270904757745,0.3653473485936851,0.5073186201165218,0.4039950038637832,0.5532188353528406,0.3068993262717462,0.01648612807068421,,0.41437088742882006
365,radiant-sweep-178,run_d1a4832fd93ec0d4e65e3fac3ef57c6a,0.5671984553337097,0.8587619655392469,2.646026129559065,1.122766898294378,0.5759223498323001,1.1816268396898244,0.6281557115507341,2.511023407729995,0.35561591914087204,0.5759223498322998,1.0183415097325532,0.5210844131604475,0.5337151249529533,0.47258404367397755,0.6432148190818234,0.5221209458804975,0.554607031484355,0.33600754251955967,0.033408963972434015,,0.3851842208837247
366,leafy-sweep-179,run_87d060488ea018275746b7d20d354941,0.6019144654273987,0.8367836630504148,2.7321448013064793,1.3348452305748582,0.43886573838804754,1.2082212375375851,0.6634588385449907,2.6029123571039765,0.4054453569172469,0.43886573838804777,1.0382259851242281,0.51981239805262,0.5512674547610211,0.42011126009641475,0.733028155631112,0.5175187365270785,0.5465493449485429,0.27923512501242315,-0.003035141688917748,,0.3727866214314749
367,polished-sweep-180,run_8926cbd4b765e684f927bbb7a9051d3b,0.5074664950370789,0.9723037651563498,2.0249591725639635,1.3363108022741632,0.8986279093403802,1.1457904731761357,0.5839438417358003,1.7658410451823638,0.3789387239418831,0.8986279093403796,0.7459645513530625,0.4957132267366505,0.4444664725512107,0.305123391756856,0.5862447102867134,0.43877945009104613,0.5326303350376745,0.3569419577906413,0.08031405432587346,,0.42822892516033456
368,visionary-sweep-181,run_97d1f95adc1025d12c9c16b0be1e2053,0.5945118069648743,0.8608296107211232,2.908954817637454,1.2559570435881242,0.400274418131924,1.2373239436619718,0.7643395022335672,2.821094175285792,0.5758812381554007,0.40027441813192305,1.13407975945561,0.5300349414678571,0.570448464744535,0.48019825687194717,0.7307386951040906,0.5585137471368784,0.5166807424564467,0.29126305463866725,-0.048590758284948514,,0.35287458190280657
369,floral-sweep-182,run_ea7d7c56e1527a1462f8b0998d8e97aa,0.7088704705238342,0.5975494575622208,2.504926510615134,1.3186986734049277,0.5623742250228683,1.2106266814369364,0.4142693044033186,2.2022591181273823,0.6659380922299443,0.5623742250228674,0.8540512739357488,0.694955621221813,0.40923115699864443,0.5421429939660951,0.518748359761115,0.38658476901352196,0.6809553683584062,0.17376326689896146,-0.19349169101347796,,0.3508326723840527
370,solar-sweep-183,run_92297382b9f3aef036b1ccf9f4c32b44,0.5670708417892456,0.9306190172303765,2.532253674469244,1.2930511686670878,0.6120439069011079,1.1871736034182623,0.6583024888321645,2.414017419706044,0.3616550852811118,0.6120439069011078,0.9824893179300522,0.5288035273921189,0.560307459030259,0.355815056029116,0.6903529291543417,0.5331016318971037,0.5086426853833212,0.3852735850503368,0.02679486027956674,,0.39369530822847576
371,woven-sweep-184,run_1ecdeebcf87625615484c8828caf43f1,0.5636247396469116,0.8947032546266752,2.2202231899836695,1.2488818698673407,0.8503404817562761,1.1785725589492009,0.5984428844926604,1.9203864997278175,0.3494504106127608,0.8503404817562762,0.8410982750435206,0.5495785721738713,0.41943718750842923,0.3733579159084379,0.49925378129357356,0.39201885950729964,0.5348951058662356,0.30927434316111657,0.04286781451749797,,0.38729879975421505
372,solar-sweep-185,run_5fe06a4e7bfb70dcf99b2c8ddaf89da2,0.6297383308410645,0.7536694320357371,2.51820903647251,1.1918761844598866,0.5520987905274927,1.1511315081500237,0.5910657306955965,2.2720468154599898,0.46932406822489026,0.5520987905274932,0.8461307168855828,0.6015411017972,0.43901440415864296,0.474282795389969,0.5903790400521838,0.43942953610444063,0.5958432795611905,0.20838756753542306,-0.05148225075726982,,0.38264686445069196
373,royal-sweep-186,run_06cbbb83d2c18ec92644790de660744b,0.6887045502662659,0.6309891512444161,2.256477953184541,1.2491092861655086,0.7103973981095639,1.2530780186738408,0.41610721123165223,1.9912629286880796,0.6562855337965882,0.7103973981095646,0.9492008229150181,0.7007212335411145,0.38507219802097753,0.529629665102321,0.5020850229541884,0.36919964762887597,0.6763277672610876,0.23153765815925867,-0.1840565758551252,,0.34229436102642685
374,trim-sweep-187,run_1e4d836ee2ed14ffc8b2c5df21b136e1,0.6022973656654358,0.7972176132737716,2.216956995100708,1.2116866708780798,0.5505640817156215,1.119291027061244,0.570644543714104,1.9590364725095268,0.330423246999369,0.5505640817156229,0.8014875771482834,0.571699421814368,0.4582497415790729,0.4098620821760368,0.5698392737157545,0.43980643897825566,0.5884892451643879,0.31033568874811224,0.053826510854529795,,0.41111517867094466
375,daily-sweep-188,run_3e923b471f1195897931cb5a02f817b9,0.6231014728546143,0.772431397574984,2.516412629286881,1.2768288060644348,0.5011586543347901,1.1441842063617662,0.6039566049776641,2.311622210125205,0.4468603916614026,0.5011586543347901,0.8800601360974835,0.5777242719946613,0.44421210648005766,0.45204402515723274,0.6297668543905156,0.4596781126775719,0.5880173217844255,0.2789806120295886,-0.017614613886995922,,0.38872657018267254
376,earnest-sweep-189,run_c3b5bebc6ea4cafbccec85f18545d8a7,0.4944479763507843,1.0478111040204212,1.7411268372346225,1.3949842072015162,1.2357963207643052,1.1903465738249726,0.711269942565412,1.471992378878606,0.5733038534428292,1.2357963207643063,0.8763253679379654,0.5692520696657073,0.4592068076429104,0.4223166682629378,0.49324229325467905,0.47089753306543675,0.5261117950972676,0.3597292517523755,0.09461124801668631,,0.46869205388908214
377,soft-sweep-190,run_6490a94da9a16ba1d8ecf22c8f3f59b6,0.594001293182373,0.8480663688576899,2.6704681545998925,1.366203411244473,0.4946844191482875,1.2343567020098116,0.6344097000638163,2.528388677191072,0.4191661402400501,0.49468441914828787,1.0367463206203502,0.5258149553611746,0.5298480295689915,0.41024630463237877,0.6799284725742274,0.5031601353359308,0.5386228540348171,0.2581807463881244,-0.011454575165827766,,0.3538651780994303
378,distinctive-sweep-191,run_713d9a82a64d6e461a7743de5606d9e5,0.6462029218673706,0.7367198468410977,2.5790691344583565,1.2176500315855971,0.423325541213538,1.1753600253204621,0.5736566687938734,2.4327436037016894,0.3698926089703093,0.42332554121353716,0.9990663079601199,0.6033177206050827,0.48945858338826076,0.41192494333237556,0.6922828319204044,0.4891029354868228,0.6038661473202434,0.30744070615009483,0.025251827881501744,,0.37692214876064367
379,good-sweep-192,run_19bf7b5379afdd93540267d791809945,0.5910657048225403,0.816464582003829,2.660288513881329,1.237056222362603,0.4961886370566114,1.1295458142111094,0.6987874920229739,2.4879422972237344,0.6788502842703733,0.4961886370566117,0.913910428865327,0.6114212314730878,0.5629411030186872,0.48940858155349104,0.6179365633997905,0.5231930502237758,0.5861957994047011,0.26660048995762237,-0.06771669042794057,,0.40674612185567827
380,dutiful-sweep-193,run_5705e76bdd7d36e1a608da609dace8c1,0.6834716200828552,0.6558519463943843,2.583097441480675,1.2957548957675304,0.3984348002845817,1.219686659281532,0.47195915762603763,2.298611867174742,0.6086291850915992,0.3984348002845798,0.8821648995094156,0.6619773474903825,0.42385549485125545,0.5289231555087317,0.5750750944286802,0.4007807233506249,0.6465406452065113,0.17196029226876913,-0.15352095078712974,,0.34074740509576923
381,glorious-sweep-194,run_8a8960d3e763fb9ce39dd4f9388640f7,0.6336949467658997,0.7518059987236759,2.4869080021774637,1.2448894504106132,0.6257139953247282,1.15291185314132,0.568832163369496,2.239548176374525,0.50202147820594,0.6257139953247282,0.8087592973571768,0.6112502906208385,0.461641409081834,0.4966783194457747,0.5633168638879854,0.40703714362914806,0.6016572625769708,0.2504379733902992,-0.07749532989710564,,0.4007456029536579
382,visionary-sweep-195,run_e84a2ea25d9fdcfca90510a6c198a4d5,0.47415444254875183,1.1307977026164644,2.397142079477409,1.5471762476310804,0.7563471897550564,1.3148836841272353,0.731767708998085,2.2257757212847045,0.3332785849652555,0.7563471897550569,0.9091074537110306,0.520170947163731,0.49745580876782647,0.41991044919069054,0.685428037455116,0.5275539540485101,0.42230773932910404,0.29983999019114477,0.040889252953048745,,0.3528958645438342
383,clean-sweep-196,run_c611c23528aecbb52f4e0d16911463d2,0.4948308765888214,1.1094830887045308,2.149891126837235,1.6616424510423249,0.9515906088017075,1.3044469061560373,0.6481174218251439,1.8925149700598811,0.5448768161718254,0.9515906088017072,0.9121379965184363,0.5705442536379006,0.4554294534020795,0.39028493439325734,0.5958535261970961,0.45792921280275356,0.4670817861064331,0.3250463576641869,0.067587394824724,,0.3215021267483148
384,ethereal-sweep-197,run_f17de933d59c17239e09cb4fd1c5d971,0.43178045749664307,1.5589278876834718,4.04047359825803,1.9017687934301963,0.0,1.752373793321728,1.5589278876834727,4.04047359825803,1.9017687934301963,7.420293332589724e-17,1.752373793321728,1.0,1.0,1.0,1.0,1.0,,,,,
385,golden-sweep-198,run_3f2134c471e8fa750b9fb2083b71bf32,0.6051052808761597,0.7549202297383536,2.73824169842134,1.1896525584333546,0.4483789002947454,1.1412407026428233,0.5774601148691763,2.56252041371802,0.5331522425773841,0.4483789002947444,0.8754075011868963,0.5904456360231083,0.48109544485422173,0.4932675669635731,0.5644647372370971,0.4269586198179165,0.6119150110255489,0.20491206205433116,-0.10936859400012262,,0.39132853596874606
386,light-sweep-199,run_12a5feafcf0c8d3d1bbcb5af3b777fe2,0.5206126570701599,0.957141033822591,2.1822264561785523,1.3263802905874922,0.8211301961581461,1.170375059344833,0.5931844288449271,1.939330430048993,0.31591914087176454,0.8211301961581459,0.8357968032916603,0.48602213166753844,0.4456009743907601,0.32556891102384833,0.6175166557343785,0.45876051328904643,0.5164935340095755,0.34317629354430246,0.056808317248070284,,0.40745988268513456
387,glamorous-sweep-200,run_7c888d91a10b38fd98dab43f9d384a42,0.5881301760673523,0.8707594128908743,2.4869080021774645,1.2855969677826913,0.5263034861266389,1.1847523342300998,0.6112061263560947,2.3791235710397385,0.34118761844598955,0.5263034861266377,0.9784380439943038,0.5679200264217172,0.5493779497604888,0.3611170705232577,0.7286981020175847,0.5540804562732076,0.55261158517554,0.3902982639717025,0.04231078456944277,,0.4119825024658041
388,efficient-sweep-201,run_7d4a8054b3aabb3f56db65ef33c8a22d,0.6005105376243591,0.8090619017230376,2.1618127381600445,1.2362728995578018,0.7489887183656875,1.0959487260642506,0.547262284620294,1.8802667392487764,0.36994314592545885,0.748988718365688,0.7527773381864223,0.5898167210624894,0.392294003914661,0.3901936276857262,0.5714222579607272,0.4300694147084682,0.5806043226746095,0.33232201188353494,0.028652312091270938,,0.43613777923404307
389,stellar-sweep-202,run_8e733114c0371852b253e83da719c42f,0.6024250388145447,0.8152648372686663,2.596053347849756,1.1956917245735945,0.5256123589795711,1.1667906314290237,0.6697638800255277,2.4921883505715847,0.41363234365129553,0.5256123589795704,1.0186659281531896,0.5079462670301554,0.49409401849930285,0.43905436899402994,0.6730312554920526,0.5149111065598196,0.550255661961498,0.3397797255390593,-0.005907527047781918,,0.392177373597659
390,soft-sweep-203,run_d8271420543295a4d67004fbe21ae83f,0.5957881212234497,0.8317804722399491,2.5858737071311926,1.2715476942514214,0.5353592844801301,1.1806931476499447,0.6441608168474793,2.454572672836147,0.3792924826279217,0.5353592844801305,1.005190694730178,0.5167851715689256,0.5095516210385551,0.4042626823739744,0.6932654056430866,0.5028275256469049,0.5484317419131487,0.3233233784351151,0.019595117769486897,,0.3860707665485977
391,confused-sweep-204,run_5f67ed62885fd6336ffb6d901507e5b8,0.5946394205093384,0.8503637523931078,2.6752041371801862,1.3440176879343022,0.3092590710438053,1.2759297357176769,0.6226675175494579,2.531056069678825,0.44663297536323454,0.3092590710438038,1.0678113625573666,0.5074660153319112,0.5154723489405783,0.4239574753376113,0.7091093629374188,0.5058437088330504,0.5382675261817709,0.25374449888044603,-0.030452651022934287,,0.32316567370809157
392,lively-sweep-205,run_79c0d0514a78a16b56a7503147ded7e6,0.43178045749664307,1.5589278876834718,4.04047359825803,1.9017687934301963,0.0,1.752373793321728,1.5589278876834727,4.04047359825803,1.9017687934301963,7.420293332589724e-17,1.752373793321728,1.0,1.0,1.0,1.0,1.0,,,,,
393,daily-sweep-206,run_b117c442c5096478712e80bc68b745b9,0.6082960963249207,0.8045437141033823,2.4215841045182374,1.2689703095388505,0.5201341599756073,1.0728121538218074,0.6296362476068927,2.225176918889496,0.3817687934301963,0.5201341599756077,0.7932584269662919,0.5759312638502684,0.4274879570550339,0.4175859591993104,0.6399373991069404,0.47464357437277604,0.571328505000423,0.3006840533756206,0.022348944669851836,,0.44259238631642517
394,silver-sweep-207,run_68b0fef5e1895d4c9572a0cda58b2857,0.5984684228897095,0.7852201659221443,2.581464344039194,1.2518888186986736,0.5506250635227158,1.1586247824022788,0.5996426292278249,2.3967065868263475,0.5197346809854714,0.5506250635227178,0.8863823389776865,0.5958458021810561,0.49587671192616883,0.472261437282508,0.5488884706617363,0.46187090499043715,0.6031444617959758,0.26977607124528813,-0.09541239579628076,,0.3882537204835106
395,splendid-sweep-208,run_218bc61db06e107eb93786fbd5dfd137,0.5689853429794312,0.8716783663050415,2.3433043004899297,1.342981680353759,0.3740725683504421,1.1591707548662764,0.6150861518825776,2.1193522046815456,0.39078963992419524,0.37407256835044256,0.8261433771166322,0.5124457123378672,0.44021690919067796,0.4340342559780353,0.6369754230548871,0.4109826701057626,0.5545163996409384,0.3010634326073001,0.030456089419323606,,0.3931868834348613
396,hearty-sweep-209,run_67c8b480f4e95705905896f9f105ce84,0.6008934378623962,0.8130695596681559,2.1311649428415906,1.3184965255843337,0.7345665209879053,1.090623516379174,0.5153797064454364,1.8514697876973336,0.3441692987997472,0.7345665209879055,0.7047238487102387,0.5792143029471197,0.4936132406750596,0.3535039747150656,0.5784234644172093,0.44074700802269745,0.5850569069947589,0.3458023722589647,0.045752617879891426,,0.449456452434393
397,helpful-sweep-210,run_a005fab6dfefae7e993cb99631f372c3,0.6116145253181458,0.8148564135290364,2.1852749047359836,1.2791029690461153,0.7722634414066472,1.1135860104446909,0.5009827696234852,1.9632825258573767,0.3022488945041063,0.7722634414066473,0.8015904415255577,0.6283632613382112,0.5507993118710006,0.35404894167225365,0.6156733574106911,0.4670316063729072,0.5863960321679587,0.34570944899815453,0.07717907075751745,,0.42545322338147784
398,fluent-sweep-211,run_b5d5c2e55e9620ced0296e37d8e0cb8a,0.6208040714263916,0.7764645820038291,2.475149700598803,1.2472141503474417,0.5183758512043907,1.1705728754549771,0.503688576898532,2.286254763200872,0.32966519267214234,0.5183758512043893,0.9197736983699949,0.6057722519285733,0.47238456912139554,0.36984883312581807,0.6602127436376217,0.47843422891575854,0.6062993929679714,0.29426703271327403,0.05297995401959291,,0.38262819822717176
399,avid-sweep-212,run_0a7abae62a4fe0ad44d9a53403f9c19b,0.5286535024642944,0.9797574984045948,2.272536744692434,1.4004674668351234,0.8381136294338857,1.1910507991770851,0.5444798978940658,2.0954001088731644,0.33727100442198354,0.8381136294338873,0.8525320462098445,0.5627211068633141,0.5554279973137407,0.28680841554129555,0.5896196990057305,0.5025437611992152,0.5241205295270495,0.37863846126260353,0.05839784458223886,,0.3927770611714423
400,northern-sweep-213,run_281c993e364eb049aabba68d4826e84a,0.6093171834945679,0.7947160178685386,2.1764017419706048,1.2537839545167404,0.5859843480028458,1.0883209368570976,0.5608423739629874,1.934921066956995,0.33211623499684206,0.5859843480028473,0.7250197816110133,0.587345783879908,0.41335173989742097,0.38334418797688596,0.606658845194413,0.4301140622426678,0.586704537971014,0.32268889376950216,0.053165194766487116,,0.43915053521452696
401,devoted-sweep-214,run_0129f2135a27de17cb33467f118b66a3,0.49968090653419495,1.0485513720485002,2.307212847033207,1.4140619077700571,0.8036080902530746,1.2420557050166166,0.6264964901084871,2.11516058791508,0.3219330385344275,0.8036080902530762,0.8489080550720052,0.5015694721958587,0.4822988279370968,0.3167051368004342,0.6486492658650553,0.4611156027670182,0.4704193245166434,0.3319577850874855,0.05010261788784247,,0.37042450235154245
402,swift-sweep-215,run_a56f40fc26d4b45cb963665fec1aed78,0.5456286072731018,0.9277855775366944,2.4719379422972247,1.2891598231206574,0.5255208862689298,1.0393970564962811,0.7139246968730054,2.30645073489385,0.42518003790271697,0.5255208862689298,0.804011710713721,0.5284000006316667,0.5131782937683725,0.43024997605593335,0.6823665368645482,0.5003917735120977,0.5265337283493317,0.351878111360915,0.07833311203522207,,0.4759816253557291
403,smart-sweep-216,run_bb688ee54881aebe3be6744220ebee5b,0.5479259490966797,0.9055009572431398,2.62670114316821,1.2541882501579282,0.5130399430836468,1.1436540591865803,0.6964901084875565,2.5264289602612955,0.3324447252053054,0.5130399430836463,0.9570580788099371,0.4722481355294345,0.5070863585900184,0.3861221785908119,0.7174513385401616,0.5268857650517087,0.529595555886738,0.34435501045846234,0.04830804994746347,,0.4315518531062124
404,devout-sweep-217,run_4ccb17d0ab5ac5b67106afd91ed1c21b,0.7296745181083679,0.5634716017868538,2.779504627109418,1.3126342387871133,0.3253176135786157,1.2731998733976895,0.4900063816209312,2.6612683723462167,0.7431838281743526,0.3253176135786166,1.0804162050957429,0.6813505807448496,0.5291660901456633,0.6239043195096254,0.5800578739987596,0.521992364018977,0.7003687539736049,0.25216085282625916,-0.28251099561332543,,0.3156948132093509
405,easy-sweep-218,run_beae86e16c99b842232e9f5508c9405e,0.6199106574058533,0.8073261008296108,2.6118399564507357,1.1846241313960837,0.5249822136395974,1.1984728596296883,0.6368602425015962,2.489902014153513,0.3910170562223628,0.5249822136395965,1.0345228675423321,0.5697723147107019,0.5145132687180927,0.43549053411231364,0.693766177632566,0.5089061464518441,0.5597444593187479,0.33917967178242936,0.00916210120517833,,0.37070244388147683
406,dry-sweep-219,run_78c91a2a79ad6257443c12704880f61e,0.5929802060127258,0.8231525207402681,2.684512792596626,1.1278458622867975,0.5569671714605143,1.1557841430606108,0.6809189534141679,2.5157593903102895,0.391320277953255,0.5569671714605147,1.01145750909954,0.5193506634481034,0.4777640615823307,0.4778825463716758,0.6680636122583948,0.5247614221035685,0.5446448326702653,0.28379623762665984,0.010287626859782417,,0.3778718885558359
407,eternal-sweep-220,run_756323b2310e65f44b4baac27f82e00a,0.6119974255561829,0.7869559668155712,2.5411812738160053,1.2639671509791537,0.5151539790629128,1.1741889539484096,0.5937204850031903,2.3546815459989117,0.4270246367656362,0.5151539790629126,0.9537426808039245,0.5490712059958202,0.46279510950047165,0.4199964882035565,0.6561536982850248,0.468920509188721,0.5750038472240933,0.26737507321031195,-0.01554451788647135,,0.37716502400091406
408,warm-sweep-221,run_7f82870344ace04aa640210feceb46f0,0.5253350138664246,1.0048500319081048,2.1764017419706048,1.5630448515476942,0.8196767964224007,1.1769662921348314,0.5340906190172303,1.9939303211758306,0.44961465571699216,0.8196767964224013,0.7960832410191492,0.5894917586134862,0.5586959496267946,0.3081612553076014,0.6272166138153354,0.5064206796162467,0.5187302305517916,0.3954104385598096,0.06269376787855993,,0.407894202483715
409,noble-sweep-222,run_2aeafd274570392253de1ac4b0e0eb88,0.5155073404312134,0.9666368857689853,2.3177191072400665,1.2420341124447254,0.786563675170241,1.1900854565595822,0.6369878749202295,2.0771094175285807,0.3432596336070759,0.7865636751702405,0.8669805348947612,0.4614479410937263,0.4391728364776754,0.3834773169875172,0.5848491211659697,0.44585590105094897,0.49710456994660024,0.31404825706145256,0.04177227034285025,,0.381999778187424
410,peach-sweep-223,run_1442e5042f10e4d067113e306fe9a4c4,0.5578812956809998,0.8387236758136567,2.22103973870441,1.2671257106759322,0.5409187925602195,1.0088779870232631,0.5708487555839175,2.024088187261841,0.3069235628553392,0.5409187925602198,0.6425383763253678,0.5148438527749657,0.4647952074559649,0.39179309133863294,0.6143160252970904,0.45139985704539504,0.5931596476145824,0.36802507903348897,0.06888648226864377,,0.5099636314293167
411,glamorous-sweep-224,run_3d92dc935731965af10d1215b7fc4571,0.43178045749664307,1.5589278876834718,4.04047359825803,1.9017687934301963,0.0,1.752373793321728,1.5589278876834727,4.04047359825803,1.9017687934301963,7.420293332589724e-17,1.752373793321728,1.0,1.0,1.0,1.0,1.0,,,,,
412,swept-sweep-225,run_9134792dce7012e806aca1be59c37473,0.5231652855873108,0.9297000638162094,2.771611322808929,1.1162981680353763,0.4938916556560627,1.145149548979269,0.7931844288449268,2.6914806750136093,0.43238155401137224,0.4938916556560622,1.0345940813419845,0.5530238439696893,0.5910942134094024,0.4784115506177569,0.667931006383625,0.5387317598506972,0.5124950343219133,0.3709954218444869,0.01915070107446094,,0.4217057290354669
413,legendary-sweep-226,run_ff4ed3d714420bf3b2d0b8f160585ace,0.5425654053688049,0.9844543714103383,2.580266739248776,1.329361970941251,0.6006606362435207,1.2418658015508783,0.6827313337587753,2.46213935764834,0.34083385975995006,0.6006606362435206,1.0339848077227407,0.547446245507309,0.5384111119563045,0.3662356734667816,0.7022770803905339,0.5561176270963596,0.4954065852687367,0.3608288078486325,0.03860400447603895,,0.37736604556291325
414,icy-sweep-227,run_5423c889f6dbd7aec15adba4b5967629,0.7632418870925903,0.47800893426930446,2.5016603157321726,1.3490461149715733,0.3324524850086391,1.2300126602310493,0.34976388002552633,2.2317637452367998,0.8205559065066342,0.33245248500863994,0.8738328849501501,0.7393278813256372,0.4271241442466975,0.6372320658940714,0.5556632419233866,0.39137408597168266,0.749834330836091,0.20549710907894891,-0.331208630041214,,0.3314726706685484
415,cool-sweep-228,run_c16c880bdbf059fa17ebe96efdf8bdde,0.5363114476203918,0.9331461391193364,2.7925694066412636,1.2041313960833864,0.46070738896229296,1.1816268396898244,0.7794256541161446,2.7226728361458905,0.4106001263423891,0.4607073889622923,1.0614495964551351,0.5011026477392051,0.5621216184730492,0.4156466494269387,0.7277154502950061,0.5626255807080982,0.5062030285252748,0.34978144040909503,0.037774626194082304,,0.4072712118769751
416,neat-sweep-229,run_bee8317b1b043d535f94507beafebf2c,0.5785577297210693,0.8881429483088705,2.6347033206314654,1.290145293746052,0.5030185994511637,1.1969852824814053,0.643037651563497,2.52506804572673,0.3353253316487699,0.5030185994511633,1.0117977528089883,0.5427421451960551,0.5425558728468344,0.3799944130511126,0.7174421989569234,0.5293967584231959,0.5387663548938044,0.3419161180915217,0.04625236588672667,,0.39378058936767285
417,crisp-sweep-230,run_a5c80334c8b9c2e6b7d6cddb0a7e7017,0.7372048497200012,0.5259731971920868,2.525013609145346,1.2603032217308912,0.4564081715621507,1.2384950150340241,0.38425015954052355,2.25685900925422,0.7455590650663299,0.4564081715621518,0.8763807564488054,0.7283695093961094,0.4033919038232952,0.6223310347029339,0.5858801212514464,0.4076471582747189,0.7243053721614123,0.18805502555075862,-0.2776004080983864,,0.3280525010067818
418,glowing-sweep-231,run_0302912f6c819cba0868c8de53b5627e,0.6178685426712036,0.7965283982131461,2.495998911268373,1.3833859759949467,0.46509807907307654,1.1096771641082448,0.5846585832801524,2.301442569406642,0.43940619077700593,0.4650980790730775,0.7853695204937488,0.5799561269980014,0.4527648397972232,0.45652986623248093,0.6921953042713674,0.4236028062188711,0.5862189651908657,0.30107004383471414,0.014768898634643935,,0.43358730359712566
419,dulcet-sweep-232,run_2f269621374abf1b8a9f6e002df92852,0.5608168244361877,0.9049138481174219,2.4567501360914545,1.3151863550221103,0.44664091879256024,1.0163396106978952,0.7119846841097636,2.2930048992923253,0.5353253316487678,0.4466409187925603,0.7350134514954901,0.5364758493541987,0.48769689443376224,0.4697209718098522,0.7004589387614745,0.4770240971187749,0.5403389882011145,0.36546609325831414,0.10607913487493695,,0.4858538927456176
420,deep-sweep-233,run_d95630395421fe360ee40172b559fa98,0.49712827801704407,1.0594511805998723,2.455225911812739,1.5418193303853445,0.44637666429515194,1.2283510049058397,0.7897383535417988,2.2247414262384333,0.534440934933671,0.44637666429515244,0.8356939389143851,0.5496012665282562,0.49851521906261415,0.5391056092966829,0.6642184742992504,0.49969986376487974,0.46958675813827827,0.289853284798041,0.06126188504669444,,0.3836769249939134
421,silver-sweep-234,run_48f87d44fbc8071d52a1f87ef27cb0ac,0.5038927793502808,0.9625781748564135,2.1326347305389226,1.2894377763739737,0.8656672426059558,1.1510998575724007,0.5853477983407791,1.8673108328796972,0.33792798483891257,0.8656672426059554,0.8283905681278679,0.47737326846086825,0.43248981233551326,0.3279778437569837,0.5507854102388553,0.43680389558853866,0.5292377961751189,0.3163367882009905,0.06124753676931267,,0.41300144638663494
422,young-sweep-235,run_7d98d6678a28f104ff519fdc18f35edc,0.5417996048927307,0.9386088066368857,1.973952095808384,1.4032469993682881,0.8463563370261207,1.0655166956796962,0.5432546266751752,1.6473326075122485,0.2617687934301966,0.846356337026121,0.6754391517645199,0.5707055242219572,0.44464573747313124,0.3591860613606615,0.5850501503089556,0.45051806329283867,0.5454842798715194,0.33858010098114466,0.08857307001417343,,0.48850102478289237
423,true-sweep-236,run_7b42c4c02a73c12137013ee3e0b7c9d7,0.5604339241981506,0.9387619655392471,2.694039194338597,1.3418951358180673,0.5592031710539689,1.2392229783193542,0.6641480536056159,2.5658954817637465,0.34778269109286186,0.5592031710539687,1.0378936540591863,0.5332107013153139,0.5250754701631147,0.40751300960955206,0.689162099482789,0.5450038318144727,0.5076990937660216,0.30397776765109563,0.03703721914778156,,0.37376528317018337
424,ancient-sweep-237,run_7d6e40f2f17202f44581ff4699325679,0.5950223207473755,0.8560561582641992,2.4143984757757226,1.416285533796589,0.5135176339058848,1.1199873397689508,0.6011997447351622,2.244882961350029,0.3842198357548952,0.5135176339058865,0.7446431397373005,0.5807204128076501,0.4873369618316709,0.4571413976949845,0.6833898010449333,0.4249937487278133,0.5596771710687268,0.3271674997198913,0.05340612617029595,,0.44086552282106756
425,glamorous-sweep-238,run_16fa4a1678ed7fec9fab987874c3bdb9,0.6045947670936584,0.8224888321633695,2.444120849210671,1.3478332280480103,0.4694887691838602,1.105380598195917,0.603369495851946,2.2560968971148623,0.4239166140240045,0.4694887691838605,0.7819908213324891,0.5646274594455367,0.4405290967041621,0.44194202343325995,0.6952416766400986,0.44185996312722464,0.5726836865414695,0.31349917258613574,0.03252809685485685,,0.43136830271842347
426,icy-sweep-239,run_182c9a588cc897246594545a716e79ec,0.5402680039405823,0.9665858328015317,2.2486390854654337,1.3887176247631081,0.8235796320764306,1.1721712296249407,0.5424377791959165,1.9997550353837787,0.32221099178774537,0.8235796320764308,0.827164108244976,0.5783134300259982,0.5527626009445057,0.29310889761517095,0.6118253044052355,0.5219274587316538,0.5297421047354405,0.3377296809937428,0.05068785956387197,,0.4051623986772279
427,dry-sweep-240,run_e6cf8c40ccb0d895f4a614c67f1a9fef,0.577919602394104,0.9060880663688576,2.4487479586281995,1.3893998736576123,0.6270454314462852,1.218990346573825,0.5413146139119327,2.258111050626022,0.3389639924194584,0.6270454314462859,0.9372527298623197,0.5627223253302447,0.510136491107453,0.3396462663218721,0.6698586923742531,0.5228030725671242,0.5351030672999934,0.3111086137649101,0.04419816645899337,,0.3706931804502406
428,curious-sweep-241,run_59c8e1d928d65533bf9f77843ddbf1ee,0.6109763979911804,0.8061518825781749,2.4315459989112687,1.338079595704359,0.4813802215672325,1.0894128817850925,0.6070453095086157,2.235465432770822,0.4611623499684136,0.48138022156723165,0.7734135147966458,0.5795385876047487,0.43344381785887265,0.4453969926252275,0.6584186651548625,0.451188644486752,0.5791327039337025,0.297802652160202,0.00491990436389831,,0.446442050256342
429,rich-sweep-242,run_f61be0c3cc1347b335074cf3dba957dd,0.5041480660438538,0.9813656668793873,2.3513064779531856,1.3332533164876816,0.8203882508385,1.166584902674474,0.6272622846202931,2.186363636363636,0.31258370183196565,0.8203882508385006,0.781128343092262,0.488252399567062,0.4626721866796139,0.3166235673466782,0.5375965572698366,0.4211137551984959,0.5124642319354593,0.36486915498471734,0.05753148100882869,,0.41120884628776533
430,morning-sweep-243,run_0a4194dae66ccbf0ae26ca9e913686cc,0.6222080588340759,0.7979578813018506,2.4653511159499195,1.3391156032849023,0.6062709624961887,1.1900854565595822,0.5264582003828974,2.254681545998911,0.3611497157296275,0.6062709624961878,0.9483541699636002,0.6141961496871533,0.49955763500438594,0.36049372665453505,0.6483077796421675,0.4739004205092656,0.5804084285586737,0.28978279323255335,0.032623255434998936,,0.3680850263005873
431,earthy-sweep-244,run_e5ed52fed53524205ece0f3c4e8337c4,0.5566049814224243,0.9233184428844927,2.282008709853022,1.2770056854074543,0.77339160483789,1.1492245608482354,0.5794256541161455,2.061867174741427,0.31096651926721414,0.7733916048378914,0.9009416046842862,0.5460369151700617,0.49752178870269154,0.3542486351882004,0.6085546535851959,0.48265639780625025,0.5266486262861252,0.36416268561737364,0.061055889114088435,,0.40471494767494315
432,autumn-sweep-245,run_e85b3f770de43387858598c91e93757d,0.543203592300415,0.9534396936821954,1.8806477953184548,1.3990524320909667,0.8587559711352779,1.0694097167273304,0.5421569878749198,1.5644801306477956,0.25706885660138973,0.8587559711352781,0.6968349422376957,0.5796129772311357,0.46113603243836243,0.34063515627494173,0.5838562644229549,0.4695935236264396,0.5374315402859319,0.36189457979960377,0.09157296260596194,,0.4887584822646874
433,major-sweep-246,run_18eed2f55ba27c80f5f3125a5d6ed156,0.5216336846351624,1.0343841735800894,2.19169842133914,1.6222994314592545,0.835806484398821,1.25098908055072,0.5439693682195283,1.9464071856287428,0.3618066961465566,0.8358064843988204,0.8881626839689833,0.6098056302261285,0.5384203107646869,0.32567618044248636,0.6403668220413841,0.5524884547038225,0.5068189026549216,0.3382963443020829,0.05030373159164942,,0.37014300825471114
434,genial-sweep-247,run_308f7877db4203566d4f3912eebaa9d5,0.5572431683540344,0.9176260370134014,2.3451551442569416,1.2686165508528113,0.7548328082122167,1.1736983699952526,0.5768985322271843,2.1372074033750685,0.34204674668351204,0.7548328082122155,0.9160310175660706,0.5484203447222372,0.5115337609082019,0.36208089901988955,0.6186642190457852,0.48602824987410037,0.5350556550360391,0.34712851393821964,0.03974095300320841,,0.3862073114535883
435,visionary-sweep-248,run_04df1d90b5847cc51fbd7ac1047ea680,0.5751116871833801,0.875405232929164,2.2728089275993475,1.2704106127605812,0.7372395568655352,1.106702009811679,0.5467772814294837,2.0921883505715857,0.3069488313329122,0.737239556865535,0.8491454344041784,0.585610288927751,0.5044032717963761,0.36308495354851067,0.6341978278046877,0.4838568105551097,0.5621972392220177,0.35102692858488055,0.0656549497515668,,0.4400856404764122
436,efficient-sweep-249,run_333558b4e387025e974b050d71f74185,0.48947033286094666,1.116758136566688,2.461377245508983,1.6330890713834494,0.4990344547210082,1.1781531887956955,0.8188640714741555,2.2806477953184547,0.7970056854074541,0.49903445472100877,0.6435432821648993,0.6767309102556284,0.4967408271843488,0.6359405229384159,0.735662997992894,0.5272219741062247,0.45437084678776646,0.3194897077796656,0.09412507016632703,,0.45652388766387997
437,lucky-sweep-250,run_8063a34be4d30d4e2496fb52710bf6b6,0.43178045749664307,1.5589278876834718,4.04047359825803,1.9017687934301963,0.0,1.752373793321728,1.5589278876834727,4.04047359825803,1.9017687934301963,7.420293332589724e-17,1.752373793321728,1.0,1.0,1.0,1.0,1.0,,,,,
438,glorious-sweep-251,run_6395fb05ed4a191f6d0dfe14af4c2420,0.5851946473121643,0.836400765794512,2.151252041371803,1.256538218572331,0.8132025612358978,1.1393654059186582,0.5525462667517544,1.897577572128472,0.3475552747946939,0.8132025612358984,0.8193938914385187,0.5674974400198277,0.4508819846290452,0.4003704945247901,0.5785634358277412,0.4358692682493249,0.5634072959136919,0.327958607710856,0.04811536868357129,,0.4063428340723112
439,autumn-sweep-252,run_93ca9aa25a56875c279d83e07768ff03,0.6006381511688232,0.8359157626037013,2.650217746325531,1.311699305116867,0.36612460615916254,1.2219813261592025,0.5865220165922144,2.5070495372890584,0.38826279216677156,0.36612460615916226,1.0174394682702959,0.5589451524323974,0.5016095058602842,0.3819343613319286,0.7025300394983605,0.49775716140322745,0.5593987715753692,0.3029277992634759,0.012168946628235663,,0.3578330279600135
440,trim-sweep-253,run_9627b49e8f09b4ca2f2421fa650e7e0b,0.5740906000137329,0.8661135928525847,2.261976047904192,1.29641187618446,0.47878849476572827,0.9945323627156196,0.6318825781748566,2.052395209580839,0.2971193935565383,0.4787884947657294,0.6312945086247819,0.5530644338796391,0.4397965103782677,0.401711681511988,0.6729418399978435,0.45297204153991955,0.5649241296014265,0.3302921337863973,0.10366263835349959,,0.5044052076489298
441,proud-sweep-254,run_07a718bb26bbb47a11ae1a8a4c393f46,0.6388002634048462,0.746037013401404,2.6476592270005455,1.3126089703095392,0.4252261408679744,1.30640132932426,0.5000638162093172,2.4410179640718574,0.5527353126974098,0.42522614086797533,0.999200822915018,0.6055804307107532,0.4752082843252568,0.4802854132745905,0.5207602285509346,0.4201544785132708,0.6037631009418059,0.19787823029432805,-0.10241683840580151,,0.28597256021837286
442,azure-sweep-255,run_422a9cdf8253cf929de18f642dd37fe2,0.5642629265785217,0.9261774090619018,2.671012520413719,1.2302842703727102,0.5126943795101128,1.233059028327267,0.7078749202297376,2.5626837234621673,0.33269740998104896,0.5126943795101148,1.0596613388194338,0.5327752277547266,0.5243574285446574,0.401618459279124,0.7211685738928112,0.554337516936858,0.5154479082285764,0.3581130033153325,0.0496396003951776,,0.38151372075310547
443,fanciful-sweep-256,run_c06af4eefbeda037f676ca93fdc6ac12,0.6236119866371155,0.7790938098276964,2.498666303756125,1.2198736576121292,0.33080597621709523,1.1836920398797277,0.5519081046585833,2.330675013609146,0.37049905243209236,0.330805976217097,0.9645909162842222,0.5895337021731032,0.46994497411584985,0.4032199980844747,0.6502585316217528,0.4531225809337617,0.5849835860231682,0.31428358073092216,0.02748434213373314,,0.3570309613783026
444,easy-sweep-257,run_a1ce0323cc83600805c3be13598b5606,0.6195277571678162,0.7456030631780474,2.6897931409907465,1.302223626026532,0.4278788494765728,1.1665611647412566,0.5437396298659851,2.500136091453458,0.5482375236891975,0.4278788494765727,0.8388985598987183,0.5810057195011755,0.4894038174314232,0.4959204099224212,0.549359426625788,0.4226570160018194,0.6167194723581885,0.18910690208917072,-0.11623839169249274,,0.3921828554328718
445,firm-sweep-258,run_2fe646297942e6a3766e1b603c53b459,0.565028727054596,0.8756349712827058,2.748584648884051,1.0990397978521795,0.4096961073279805,1.1800443108086724,0.7568857689853233,2.6648611867174754,0.4506759317751102,0.4096961073279815,1.091580946352271,0.5689993223540557,0.6022940276225391,0.5035469144079431,0.6937237777013904,0.5656032592615085,0.5411913079911792,0.36717341607033227,0.03864298350819714,,0.39737767719165173
446,earthy-sweep-259,run_826bed2c84ef1f47123e07568a500bda,0.43178045749664307,1.5589278876834718,4.04047359825803,1.9017687934301963,0.0,1.752373793321728,1.5589278876834727,4.04047359825803,1.9017687934301963,7.420293332589724e-17,1.752373793321728,1.0,1.0,1.0,1.0,1.0,,,,,
447,ethereal-sweep-260,run_1718bfbd5178df71cab3343d3f0f5c8f,0.5449904203414917,0.9181876196553924,2.6087915078933053,1.2701073910296907,0.5466307551580445,1.1648995094160468,0.6902361199744739,2.497632008709853,0.33711939355653814,0.5466307551580438,0.9670200981167911,0.4664673286173846,0.4968802373432586,0.3698745330907001,0.7053144136567847,0.5256115239623942,0.5194375795761509,0.3491223109547395,0.045867195649135856,,0.4207847099193679
448,usual-sweep-261,run_1e9d3381e18dd479801d8f0c5740bd30,0.6518187522888184,0.7495596681557117,2.795998911268373,1.385230574857865,0.42609004980180915,1.3433771166323785,0.5584173580089336,2.6369352204681555,0.6365508528111186,0.4260900498018087,1.092862794746004,0.6049641144089547,0.5458594837801111,0.5319533569581458,0.5441745218013697,0.4860070281901564,0.590823184155468,0.20143310313557555,-0.17848736107108457,,0.2722680435216655
449,zesty-sweep-262,run_4ddb16ba65d5298827f3a183e5d87a7f,0.43178045749664307,1.5589278876834718,4.04047359825803,1.9017687934301963,0.0,1.752373793321728,1.5589278876834727,4.04047359825803,1.9017687934301963,7.420293332589724e-17,1.752373793321728,1.0,1.0,1.0,1.0,1.0,,,,,
450,playful-sweep-263,run_b515e8661271f1bf7816f1ccf324e6a2,0.5227823853492737,0.9930567964262924,2.0184812193794244,1.4202526847757424,0.8621506250635228,1.1267605633802817,0.597804722399489,1.7010070767555796,0.2729374605180037,0.8621506250635208,0.6880202563696788,0.5467896237021808,0.4395853449644891,0.35198049356702743,0.5831772046908944,0.45523626047437316,0.5089615719639693,0.33376937147842606,0.08283497185239588,,0.46096905809818595
451,olive-sweep-264,run_5bee068e1d7009e71404c6264eea63a7,0.43178045749664307,1.5589278876834718,4.04047359825803,1.9017687934301963,0.0,1.752373793321728,1.5589278876834727,4.04047359825803,1.9017687934301963,7.420293332589724e-17,1.752373793321728,1.0,1.0,1.0,1.0,1.0,,,,,
452,volcanic-sweep-265,run_a0422c2f532acb3a773b236b3a0fee46,0.6224632859230042,0.7240076579451181,2.540582471420795,1.0897409981048645,0.5412745197682691,1.1685788890647255,0.5409827696234851,2.3721556886227537,0.49423878711307756,0.5412745197682677,0.977694255420162,0.5897446673900215,0.5727630183851411,0.5401018420968617,0.5954210489846509,0.5470382026921892,0.6336134137426865,0.29875513617038163,-0.07555499785883775,,0.3676514041736073
453,good-sweep-266,run_72e06f9c00088010429168d0b8d0ce13,0.5483088493347168,0.9053222718570518,2.6198965704953743,1.1427037271004423,0.49650370972659824,1.1549374901091944,0.7481301850670076,2.535737615677735,0.3392166771951998,0.4965037097265996,1.0294112992562117,0.49734176607816116,0.543064944178613,0.452000446955911,0.7157408376839871,0.5556115460055604,0.5228322456610521,0.3862104573920761,0.04632908664168052,,0.42524870752206856
454,pleasant-sweep-267,run_fd803afd144a42adbccbe09e1e46c0b8,0.723548173904419,0.5611997447351628,2.508900381056071,1.2283133291219206,0.45624555340989936,1.2365485045102074,0.41141033822590944,2.282117583015787,0.6741503474415657,0.4562455534099003,0.9273540117107141,0.7124722869219967,0.4578168122178738,0.5618084155412955,0.5915217688355716,0.4127550057421657,0.6998566370543604,0.22842979299036958,-0.20487660140692898,,0.3242633948436206
455,lyric-sweep-268,run_497513d3ff09526a579dc19af351d888,0.6089342832565308,0.8190682833439693,2.9271366358192714,1.283095388502843,0.33059253989226545,1.234111410033233,0.7018506700701977,2.8306750136091448,0.5576626658243841,0.33059253989226356,1.1155799968349422,0.5158624288161653,0.5825253501416022,0.4782667688280178,0.7409550079358227,0.5365046064213205,0.5485799785514294,0.2557721797475696,-0.05506943151173227,,0.34106631147710886
456,happy-sweep-269,run_6bc1cdf2c65fcc0e42500f41ea9af27c,0.5492023229598999,0.9269942565411615,2.5425421883505717,1.3024763108022743,0.6764508588271166,1.212850134514955,0.6477345245692402,2.352994011976049,0.3924320909665207,0.6764508588271162,0.9009653426175027,0.4974034230538579,0.4671703165273695,0.3680833572774,0.6077768893891667,0.44002163644679776,0.5127935320475219,0.2785439755188303,0.00790986796149553,,0.3617777207462316
457,twilight-sweep-270,run_b15baac3d60635d19357e7746fbccb78,0.5885130763053894,0.857230376515635,2.137044093630921,1.4625773847125714,0.6864417115560524,1.1203750593448332,0.4864326738991704,1.8337234621665763,0.3162223626026545,0.6864417115560524,0.7317376167115055,0.5931663796420015,0.504038494749711,0.38967994764230757,0.6249771008998258,0.4956135642106294,0.5763484065525691,0.31969250851235115,0.06025611840353376,,0.4533549836029729
458,sunny-sweep-271,run_b90a589e64b745dd8ded7cea9c24b391,0.5832801461219788,0.789865985960434,2.3770005443658144,1.192053063802906,0.45332859030389266,1.0429893970564963,0.5703892788768342,2.1852749047359836,0.3502084649399879,0.4533285903038938,0.752484570343409,0.5790185314644181,0.468038795753829,0.43375698368610927,0.6331241618087902,0.46323892897668967,0.6099453046784112,0.29631749750180814,0.037579812680595175,,0.47040071085849344
459,solar-sweep-272,run_22921a2fa461b601423e666a199bf8fa,0.5812380313873291,0.8561582641991066,2.231927054980948,1.3857612128869237,0.7486126638886066,1.172100015825289,0.5288066368857687,1.9820631464344047,0.35824384080859234,0.7486126638886059,0.846114891596772,0.5492495450149445,0.46012639554478724,0.32042843916610797,0.6223703746381866,0.4645208759531102,0.5571086780427503,0.3063387991389781,0.038480980412376305,,0.39977749905721144
460,absurd-sweep-273,run_f762561458b7219fb5276e92cbaea531,0.5919591784477234,0.8269304403318444,2.344066412629288,1.251459254579912,0.6274519768269133,1.2124386770058555,0.5852967453733252,2.1102068590092546,0.40130132659507334,0.6274519768269123,0.9675739832251937,0.5421935292959952,0.4198961462495228,0.40383599910608814,0.5899443259471174,0.45465995060773706,0.555032111075301,0.2882586022258911,0.007795293844969273,,0.3495895941685875
461,earnest-sweep-274,run_a5394a46e78c26566518de376462627f,0.5425654053688049,0.8299936183790683,2.3219651605879155,1.140985470625395,0.5518751905681472,1.0727330273777498,0.6112827058072761,2.1582199237887867,0.3283006948831344,0.5518751905681464,0.8924988131033386,0.5826743995023947,0.518109696716286,0.4156779363407081,0.6112170844440892,0.5048375474431634,0.581657087871309,0.3665563254896826,0.05600419300761964,,0.44600803268937517
462,fresh-sweep-275,run_c3926904f8b58487de7b64a7e45c95d1,0.6016592383384705,0.8203446075303128,2.5625204137180195,1.2558054327226786,0.4987397093200529,1.1756607058078812,0.6530440331844282,2.424795862819816,0.386418193303854,0.4987397093200527,0.9837632536793796,0.5251931273358501,0.4881721499399852,0.41960795581521565,0.6936331843354306,0.49620597624884083,0.5515698973185239,0.30899463678717376,0.012658806845277907,,0.3892846190604769
463,curious-sweep-276,run_96355d8147475d2234adc31f1943bd22,0.5571154952049255,0.9100957243139758,2.274550898203594,1.2743019583070123,0.7933936375647932,1.1159993669884476,0.6117932354818123,1.9726456178551997,0.3442198357548951,0.7933936375647926,0.7653109669251467,0.5549735338684725,0.39016431965749687,0.3656268556651662,0.5436339855851292,0.42236963184750176,0.5327195554203886,0.2745802141785794,0.0438175861090519,,0.4331327131648946
464,earthy-sweep-277,run_b5e866c30de91bf8f568c90267e3a97c,0.5756222009658813,0.8995532865347798,2.3325258573761576,1.3896778269109287,0.5987397093200528,1.1804557683177719,0.5610210593490753,2.1539738704409377,0.28835123183828204,0.5987397093200529,0.9030701060294349,0.5909205224467139,0.4997082581303261,0.3359341378539731,0.7070966228751059,0.5239581992506517,0.5501907289542655,0.34322381843722594,0.07564204121908234,,0.40610726394890445
465,sweepy-sweep-278,run_0d7fe19494ccbb80233214966ba5f062,0.5783025026321411,0.8083471601786855,2.457893304300491,0.8961844598862921,0.706738489683911,1.07179933533787,0.7020548819400139,2.3029667936853575,0.3488186986734055,0.7067384896839107,0.962794746004115,0.6096086111584251,0.6055195585041079,0.635919931041088,0.6017934306509249,0.6215646945315508,0.5570401433593356,0.3673205665479131,0.04963108169219331,,0.4243122707128469
466,rose-sweep-279,run_83cd5a6c6bad2a559cd3433e013f0595,0.6357370615005493,0.7519846841097639,2.53519324986391,1.2425142135186358,0.32502286817766035,1.2056179775280897,0.514996809189535,2.3488023952095824,0.38535691724573706,0.32502286817766046,0.9859787941129926,0.6054375886421107,0.4629573851243609,0.4034961529866232,0.6560106505631371,0.45869701308749644,0.6055218723691652,0.2884797737075395,0.017152049924318537,,0.35137016912086205
467,ethereal-sweep-280,run_adceca80e7142e02e15620b736d58968,0.5831525325775146,0.8408679004467136,2.730130647795319,1.1159696778269113,0.5220550868990751,1.1611805665453396,0.7203318442884499,2.6030756668481234,0.4135060012634243,0.5220550868990753,1.0480614021205887,0.5431710625102427,0.4936231451593042,0.49657041151869236,0.6648974309445644,0.5603899528248157,0.5331961454555597,0.2550201693309447,-0.008450201855547432,,0.37863382216951236
468,leafy-sweep-281,run_3422ae9632ddde2aba8e6a0e362e316f,0.60306316614151,0.8144479897894066,2.211404463799674,1.289033480732786,0.7440593556255718,1.1119243551194808,0.5179323548181235,1.914833968426784,0.3839166140240051,0.7440593556255722,0.7561876879253049,0.5964639681201195,0.43318471678356424,0.3657492896593557,0.5385127622767804,0.4197492744708332,0.5866940672395918,0.3037519472460373,0.022731866801136567,,0.44602207984561065
469,graceful-sweep-282,run_5d43fd78f14cb0381f28a40949cb1394,0.587492048740387,0.8252201659221443,2.4818998366902565,1.2696525584333547,0.5684520784632585,1.183027377749644,0.6177919591576253,2.301279259662494,0.42232469993682936,0.5684520784632576,0.968357335021364,0.5118726823447697,0.48376006300856433,0.40049691919675634,0.6443760294024035,0.47038905044415225,0.5559883707504606,0.3024447777886754,-0.0077966662993547405,,0.3757354193366804
470,pleasant-sweep-283,run_4593eae73101e4d5882cb4a048e3a509,0.5860880613327026,0.871984684109764,2.522509526401742,1.3091219204042956,0.49801809126943797,1.1666877670517486,0.6325462667517552,2.403184540010888,0.3050031585596966,0.4980180912694402,0.9641873714195278,0.549383195205862,0.5302255044844387,0.38484356543115283,0.7099607591437219,0.5391188471070544,0.5474110840451926,0.3516316451423341,0.06651123530085802,,0.405932077983937
471,graceful-sweep-284,run_97119be3d0cd47ed65702fffc92cf584,0.5543075799942017,0.8774984045947671,2.6605606967882425,1.1075805432722683,0.532249212318325,1.1318009178667512,0.7365922144224634,2.559853021230268,0.34035375868603895,0.5322492123183244,1.0268792530463684,0.5233580373528511,0.5543965408315175,0.4813336845129777,0.6992971713756194,0.5542411779662682,0.5358525975462834,0.3609082578799522,0.047286287354791644,,0.42494977381790683
472,icy-sweep-285,run_8811a87685adc0dbe76ece3edf5b1a18,0.6173580288887024,0.7897894065092533,2.4971420794774093,1.3286544535691727,0.4911271470677914,1.110278525083083,0.5940012763241859,2.3160860097985863,0.47533796588755656,0.4911271470677907,0.8096613388194323,0.5810882833073744,0.44773187588823654,0.4457631772180187,0.6772494110373188,0.4340141831692666,0.5874567745932333,0.2843389454527887,-0.004234751035958888,,0.4292229855408481
473,snowy-sweep-286,run_2240c4d7c0209af597fd9642f7531d86,0.43178045749664307,1.5589278876834718,4.04047359825803,1.9017687934301963,0.0,1.752373793321728,1.5589278876834727,4.04047359825803,1.9017687934301963,7.420293332589724e-17,1.752373793321728,1.0,1.0,1.0,1.0,1.0,,,,,
474,zesty-sweep-287,run_dcff52a3dcb5e50fef6fbde9553a8286,0.6806637048721313,0.6698915124441609,2.5093358737071316,1.3326468730259005,0.6077955076735441,1.3203592340560215,0.45725590299936114,2.2638268916712034,0.6975489576753007,0.6077955076735456,0.9928548821015994,0.6596107468152419,0.4603704941837952,0.527815662612138,0.5023636661716668,0.42759016721114645,0.6374817571217625,0.22137181505259218,-0.19483094590730912,,0.2756389776249873
475,comic-sweep-288,run_f11fcb1074829dcd705043d45c93b6bc,0.5666879415512085,0.8533758774728782,2.176837234621667,1.2960075805432725,0.6352678117694888,1.091185314131983,0.5412890874282067,1.9006260206859023,0.29787744788376463,0.6352678117694894,0.6844753916758979,0.5637633082783454,0.3967722471999126,0.3816787983271078,0.5893052078476999,0.4059467976540063,0.5844221226900752,0.3179758917059796,0.07081055628150745,,0.4541842115809749
476,desert-sweep-289,run_c37cda272689282cd833701e0ebf78fc,0.6039565801620483,0.8273643905552011,2.1087915078933053,1.3486165508528112,0.6186604329708304,1.1067257477448964,0.561021059349074,1.797305389221558,0.32514213518635526,0.6186604329708307,0.7096534261750276,0.5894800937491087,0.4068079540446894,0.3860064489352871,0.6137310816758123,0.42307631702772475,0.5739911960471795,0.34152976833461374,0.05371388802483026,,0.44077853432245107
477,charmed-sweep-290,run_48e729ace1be3ff194d53e382a21b90d,0.5417996048927307,0.9167070835992344,2.4070495372890592,1.323449147188882,0.5801504217908324,1.0742601677480614,0.6691512444160818,2.204763200870985,0.399305116866709,0.5801504217908323,0.7472463997467952,0.5344356325574193,0.48234386178466765,0.4327210037352744,0.6306271724091934,0.4437845497333681,0.5448358786457536,0.3425031476013331,0.0543241807742967,,0.4605718954686237
478,treasured-sweep-291,run_be501db3da008d3a8a5d117dd500bf28,0.605998694896698,0.8023739629865987,2.288595536200328,1.308692356285534,0.5943083646712064,1.1129371736034182,0.5559923420548828,2.0367719107240077,0.37153506001263376,0.5943083646712068,0.7552539958854252,0.5803100172620336,0.4080956092827635,0.3940455895029212,0.6051997058630565,0.42244562136577934,0.5840354063992363,0.32040703123438485,0.023320070837313734,,0.42949912397225093
479,celestial-sweep-292,run_3cd0e14f7a4277e80be4e6febd865311,0.5508615374565125,0.8680280791320996,2.3596897114861193,1.1076310802274165,0.6237117593251347,0.9562351637917393,0.6801021059349077,2.1766739248775195,0.27485786481364516,0.6237117593251359,0.7169567969615441,0.5282866507601621,0.5363151391392623,0.465172237652843,0.616696359573401,0.5383585163087986,0.553539529351575,0.37090399419631676,0.09663907825617919,,0.5042250521416366
480,splendid-sweep-293,run_9eb4b87724e01f0ed710e00eeece2114,0.618889570236206,0.7794256541161456,2.38298856831791,1.2963866077068857,0.5142900701290782,1.0648441209052064,0.558417358008934,2.154790419161677,0.36140240050537065,0.5142900701290788,0.7330194651052374,0.5786667303015222,0.42575921952370965,0.3841884557673275,0.6353863663988555,0.43439045984686186,0.5948425689752626,0.2727342748305901,0.031465204455868596,,0.453298660985853
481,super-sweep-294,run_cef3d702ad3f25f28808fc17606f6526,0.6153159141540527,0.7992342054881941,2.5975775721284706,1.1968035375868606,0.66594166073788,1.2679696154454818,0.594307594128908,2.369052803483942,0.5134933670246378,0.6659416607378802,1.0097167273302732,0.572472326794645,0.4603574338726113,0.4722483478594004,0.5479401358738305,0.4458465524309374,0.5589629259505414,0.19739012874070117,-0.07655308465104302,,0.3089838324022228
482,fresh-sweep-295,run_7c21a9925d2d0d12ec6b91b2706704f2,0.7005743384361267,0.609393746011487,2.521856287425151,1.361554011370815,0.38027238540502084,1.294817217914227,0.40395660497766445,2.308464888405009,0.6809981048641827,0.38027238540502156,0.9913198290868809,0.6656218467078601,0.433761528701374,0.5225120518468857,0.5409843790847777,0.412393057955345,0.6778160375039964,0.25221709388258823,-0.19261659041928156,,0.28814298538090005
483,lively-sweep-296,run_a21feea6698a7616902c34b791abec17,0.612890899181366,0.8089342693044033,2.5909907457811654,1.3291598231206574,0.47512958634007524,1.085828453869283,0.643216336949585,2.4013336962438765,0.5578395451674036,0.47512958634007507,0.8130004747586635,0.566642315310693,0.45034223863919487,0.47022204131149636,0.6927935366316728,0.4673670332153983,0.568540038260673,0.273542543952601,0.020247296417714993,,0.439280159544377
484,trim-sweep-297,run_7c2a61232218b12aaea4fdd737585720,0.7193363308906555,0.5795532865347799,2.5565323897659233,1.3324447252053067,0.40757190771419866,1.2125890172495648,0.41434588385449805,2.322999455634187,0.6591156032849022,0.4075719077141994,0.8538455451811998,0.7021734202288592,0.4344748398651621,0.5435965584394853,0.5713773852049183,0.3850869587153123,0.6966316546691184,0.20322244628238703,-0.19133357637316684,,0.3576875336213842
485,ancient-sweep-298,run_890a7a0ca6a30c6dadbf567b7282d05e,0.43178045749664307,1.5589278876834718,4.04047359825803,1.9017687934301963,0.0,1.752373793321728,1.5589278876834727,4.04047359825803,1.9017687934301963,7.420293332589724e-17,1.752373793321728,1.0,1.0,1.0,1.0,1.0,,,,,
486,pretty-sweep-299,run_84af64996507bbb13bc7f5c0c2e93695,0.5560944676399231,0.8746904913848118,2.3722645617855207,1.3318635502210994,0.865524951722736,1.2312232948251307,0.5104786215698786,2.162574850299403,0.44847757422615364,0.8655249517227352,0.8625415413831302,0.5445486853007476,0.4447879400055815,0.3367475976119784,0.5263732646815947,0.44069881714574677,0.5703759732822515,0.2766796488744574,-0.024880912867285374,,0.3616665497975136
487,easy-sweep-300,run_98088f23e75122e34a899c71ff866897,0.5994894504547119,0.8152903637523932,2.2206042460533486,1.262324699936829,0.6897753836772029,1.113245766735243,0.563088704530952,1.9482035928143733,0.329968414403033,0.6897753836772019,0.690615603734768,0.5882007942935512,0.4086836205191453,0.4013309708520895,0.6040916515572033,0.4274557017572669,0.5775288884037872,0.3253608556175853,0.05224398834136612,,0.45223049137275534
488,cosmic-sweep-301,run_1a91c9f4d93a81a1c5f6363b612bb52d,0.4630504250526428,1.2162348436502872,2.2448285247686455,1.7563992419456729,0.7845309482671005,1.41862636493116,0.7093299298021698,2.07367991290147,0.31089071383449135,0.7845309482671003,0.979474600411458,0.5912231045479087,0.5398845237276331,0.4189662548287201,0.6914311856076014,0.5511015112827711,0.40928359833275196,0.3677259881442301,0.06843720980168645,,0.2988110055096366
489,fancy-sweep-302,run_f4dca68026872e5f2ef17ba84144bb8d,0.5728142857551575,0.8845947670708362,2.2556614044638006,1.3331017056222365,0.6674357150116882,1.1876483620826082,0.5786853860880663,2.0280076211213944,0.3139734680985472,0.6674357150116871,0.8637680012660236,0.5300108483659669,0.4327875549775079,0.33985250454937266,0.6215388488657472,0.4320328883751488,0.5350014375116137,0.3281498913092297,0.06378208629468013,,0.3893958258680845
490,cosmic-sweep-303,run_90bb852733b26a2971da994059d6436d,0.558902382850647,0.8848245054243778,2.2965432770821996,1.218736576121289,0.8031710539688992,1.1583715777812944,0.5823356732610079,2.0482035928143723,0.3640808591282374,0.8031710539688983,0.8740069631270773,0.5017892058239057,0.43699531235094113,0.39674344730709066,0.568853462098055,0.4502065288179472,0.5306609272696798,0.30308525599487396,0.03450288619012424,,0.3814904157639268
491,northern-sweep-304,run_ea4a7abf2561498bfd6aed9da1be754f,0.6015315651893616,0.8086024250159541,2.75827436037017,1.107226784586229,0.46518955178371785,1.1773935749327424,0.7071601786853866,2.6389493739793153,0.4449652558433359,0.46518955178371924,1.078564646304795,0.5688247417262912,0.5699980984664107,0.5179847077227596,0.6575237213935909,0.5706925187314793,0.5527195473536427,0.31050705785617666,-0.036832768026160964,,0.37128705886491364
492,comic-sweep-305,run_69fb2d8312fd49b4e703e223a667057e,0.43088704347610474,1.510427568602425,4.001497005988025,1.8315224257738474,0.09248907409289563,1.7253916758980852,1.5104275686024249,3.9958356015242256,1.8019583070120024,0.09248907409289601,1.7253916758980854,0.9224302989958999,0.9798550886023562,0.9500529962008748,0.9542955798091379,0.9604512499918385,0.062337297641423685,0.007326963892895847,-0.043369928475801414,,0.05337844556362625
493,eager-sweep-306,run_be6ce3da5ed86af9d6327a915188d090,0.433439701795578,1.5231908104658585,4.013799673380513,1.8685407454200889,0.05661144425246468,1.7381310333913593,1.5231908104658582,4.007267283614591,1.8580543272267847,0.05661144425246516,1.738131033391359,0.9487068643803361,0.9824621241623941,0.978146250359161,0.9796009964597462,0.9710147397055852,0.06679532133187925,0.003516282271162142,0.00538754423342099,,0.006078091847220623
494,solar-sweep-307,run_a78c48b5ce5f22e34e92cc98af356724,0.5975750088691711,0.8243522654754306,2.611676646706587,1.250928616550853,0.532249212318325,1.197792372210793,0.6373452456924054,2.475149700598804,0.39329121920404375,0.5322492123183249,1.023951574616237,0.5183154934075196,0.507183261129954,0.4064736774893848,0.6862399320256369,0.5009103291641351,0.5501683325057605,0.30111435243882323,0.009179518588534559,,0.36674440876845044
495,legendary-sweep-308,run_372eb43e9b683bf45b2de7e1da4d907d,0.5387364625930786,0.9582897255903,2.2421066956995106,1.376083385975995,0.8191177965240369,1.1714116157619878,0.560127632418634,1.9891943385955368,0.31397346809854737,0.8191177965240366,0.861061876879253,0.5491256333759521,0.5018764029857247,0.30011205823197007,0.6013283581311124,0.48151966667214713,0.5249410119355566,0.3430600839331041,0.05894166622510905,,0.4021134867981682
496,rosy-sweep-309,run_43ba7aed17ae5f6b53334adcdeb2a973,0.5723037719726562,0.8638162093171666,2.4045454545454548,1.248452305748579,0.47638987702002233,1.0052777338186423,0.6806381620931705,2.234703320631464,0.41537586860391756,0.4763898770200225,0.7667273302737775,0.5470449654854871,0.5085208621442185,0.4314676116591642,0.6717761846249177,0.5239661187017945,0.5581458932346959,0.35708078159884593,0.09280527159819335,,0.47202738540390604
497,lucky-sweep-310,run_587c2633af7c746a37326124b7f30796,0.622080385684967,0.7742182514358649,2.516140446379968,1.3049020846494,0.47157231425957935,1.133225193859788,0.5994639438417362,2.316358192705499,0.422653190145294,0.4715723142595788,0.8736271561956005,0.5593005001176516,0.4308209200096392,0.42668007534399643,0.6646967426055524,0.43568968642049627,0.5887408442825245,0.28389263344953203,-0.004890339135900613,,0.4029558690607179
498,laced-sweep-311,run_55d131800cb71391b94d411404669142,0.5982131361961365,0.8194767070835993,2.3857103973870446,1.24971572962729,0.7035979266185588,1.1755736667194177,0.5697766432673893,2.1673108328796955,0.34851547694251434,0.7035979266185591,0.9143614495964555,0.5648645492718534,0.4293899205708234,0.40505586948887395,0.6114725598744222,0.46200324493657763,0.5623446271157748,0.28738670513947095,0.04357356681199965,,0.3834429651220907
499,bumbling-sweep-312,run_b97e2123d664ce9e02ab0d59fc71771a,0.5269942283630371,0.9590044671346521,2.7930048992923258,1.2302084649399876,0.4314259579225531,1.1447539167589809,0.7815443522654753,2.715269461077844,0.4403158559696783,0.43142595792255173,0.9485836366513689,0.49302796439311247,0.5484369087563536,0.4377055199055008,0.7533136738969627,0.5179392050594742,0.49741669806913236,0.317488253375439,0.07077465443595679,,0.43021677484751253
500,floral-sweep-313,run_293766fd7bd23375f0b1844477ccb648,0.5255903005599976,0.9665858328015315,2.338786064235167,1.311370814908402,0.6484805366399023,1.110072796328533,0.6763497128270597,2.1042732716385424,0.2807454200884401,0.6484805366399015,0.7395869599620196,0.5203997892534572,0.42235466812873,0.3879048941672254,0.6156072310759441,0.414025133218526,0.5110943279648228,0.3075464550824398,0.08252198696819982,,0.43630207201957516
501,warm-sweep-314,run_548ed80b87b216b50d58c7a3afac0524,0.584045946598053,0.8546777281429483,2.291643984757758,1.2716487681617186,0.7553003353999391,1.1815239753125495,0.5754179961710273,2.025557974959173,0.3831332912192031,0.7553003353999386,0.9195996201930684,0.5495822051365222,0.41814419496477423,0.38054608434696546,0.5973771453115289,0.458648872051568,0.543298616063345,0.29396249724538953,0.021994346515859173,,0.3770707745957348
502,different-sweep-315,run_535e8744b94ceb1818743cb0880a8a1c,0.5729418992996216,0.854754307594129,2.2730811105062605,1.2144662034112448,0.8230816139851612,1.1758347839848078,0.5747798340778555,2.0167936853565607,0.3723941882501584,0.8230816139851606,0.9066466213008376,0.5305676252355288,0.4337947381815166,0.41109137055837564,0.5543485537652175,0.45612392048083,0.5478771249299415,0.31789703142489967,0.03029347571754932,,0.3740023780751051
503,autumn-sweep-316,run_e5b95de1d001afc4dc4bd25706c3137c,0.5959157347679138,0.8438034460753031,2.7384594447468706,1.2968161718256477,0.3842057119625978,1.1931159993669884,0.6854881940012761,2.634158954817639,0.4055716993051184,0.38420571196259695,1.029988922297832,0.49746320779905906,0.5530308050362368,0.4181277336142771,0.7342813666339396,0.5231282561307234,0.5428383973139891,0.29005932064184947,0.0019250676586516635,,0.38467427788636543
504,valiant-sweep-317,run_928ce8485db9440b20e2050c2a3e3f75,0.5965539216995239,0.8464326738991704,2.790500816548722,1.2957043588123818,0.46747636954975097,1.2228438043994305,0.6832673899170391,2.671937942297225,0.4049905243209092,0.46747636954975175,1.0640053805981955,0.5111237148228981,0.5409095788299991,0.4219147271972672,0.7063076107981987,0.5143268698615487,0.5307773741752403,0.2618777617127521,-0.0016524861326139152,,0.35689590234188906
505,hopeful-sweep-318,run_a49b002a766b3b9eba1d59bb95b7656a,0.5914486050605774,0.8694065092533504,2.679504627109419,1.2870372710044222,0.3938306738489684,1.219852824814053,0.6572303765156342,2.5573489384866637,0.3571320277953253,0.3938306738489682,1.0570739040987491,0.5195973761461254,0.5163332997783451,0.37828432781023524,0.702617415388952,0.5276569730332762,0.5298611017193324,0.3105019010178349,0.03246941645711525,,0.3643064279889533
506,atomic-sweep-319,run_5e39cd1f1dc90526b4739eb9277f3920,0.6279515027999878,0.7545373324824507,2.576946107784431,1.247012002526848,0.5638581156621607,1.1802896027852507,0.5766687938736442,2.3488568317909646,0.49944409349336666,0.5638581156621587,0.8597483779078968,0.6023632497728257,0.4491636631464158,0.4910878587619321,0.5700339850090703,0.4051737881318175,0.6007554923592353,0.2323527177491602,-0.07618805333888054,,0.37506625647538133
507,dandy-sweep-320,run_127334d0acc27ff2e010455caeb3e643,0.43178045749664307,1.5589278876834718,4.04047359825803,1.9017687934301963,0.0,1.752373793321728,1.5589278876834727,4.04047359825803,1.9017687934301963,7.420293332589724e-17,1.752373793321728,1.0,1.0,1.0,1.0,1.0,,,,,
508,summer-sweep-321,run_8f1599a2017a79de68cc6d643507a5ca,0.625271201133728,0.7860114869176772,2.5588187261839965,1.3204674668351235,0.7485618457160281,1.2796803291660073,0.5354435226547546,2.3478225367446934,0.4987618445988624,0.7485618457160281,0.9497547080234211,0.6077247196038329,0.450823456499855,0.4217172684608754,0.5351613663131689,0.4490203143241823,0.5805689571775264,0.2398309074148171,-0.05202381787767322,,0.31766979960670705
509,olive-sweep-322,run_1a3c65f6f659fc2d9d9e75eef005212f,0.543203592300415,0.9472878111040205,2.5160860097985847,1.3057106759317754,0.4452383372293933,1.0723690457350847,0.7532865347798341,2.3649700598802403,0.5199115603284913,0.4452383372293928,0.8313182465579994,0.5434501647005666,0.48194335408424765,0.4586323149123647,0.6910327976052034,0.47402576069142544,0.5139487570056903,0.35160363682099627,0.06849710857026263,,0.4589716572421414
510,wandering-sweep-323,run_f4bb4d5b442089f27fc8cacc5572ce87,0.5911933779716492,0.8577664326738992,2.588051170386501,1.206001263423879,0.48534403902835654,1.188012343725273,0.6540140395660505,2.4779804028307026,0.3218825015792792,0.4853440390283562,1.0051353062193382,0.5382844682964198,0.5183661722325485,0.40565702518915814,0.6890900322105131,0.49461179695826524,0.539428355584651,0.35113055738171134,0.05748600715549589,,0.3743085632992829
511,rose-sweep-324,run_8242208bdd20ab9947b6c427c37a45cb,0.43178045749664307,1.5589278876834718,4.04047359825803,1.9017687934301963,0.0,1.752373793321728,1.5589278876834727,4.04047359825803,1.9017687934301963,7.420293332589724e-17,1.752373793321728,1.0,1.0,1.0,1.0,1.0,,,,,
512,crimson-sweep-325,run_940470cc1196f6f61e80061b74cdd58b,0.6738991737365723,0.6248627951499681,2.527136635819271,1.2997978521794065,0.4233560321170851,1.1452603260009495,0.45827696234843734,2.310152422427872,0.6468856601389779,0.42335603211708506,0.7797594556100649,0.6319744877616846,0.44296964684906426,0.5372726111802829,0.5746828906728121,0.4196920997918119,0.6865956595193017,0.2508874119936259,-0.19422075701095332,,0.4027818856191486
513,sweepy-sweep-326,run_54f43c63c6959e077b42b5f720f5182a,0.6051052808761597,0.8232035737077218,2.761867174741427,1.2502969046114973,0.4518650269336315,1.285171704383605,0.6364518187619662,2.5934403919433873,0.5168540745420094,0.45186502693363134,1.0642506725747742,0.539919756721623,0.5005449265909058,0.4812407815343358,0.5832504673175912,0.4753685683194448,0.5482102596560641,0.22745895677948505,-0.08552608481254313,,0.30014380492098414
514,expert-sweep-327,run_fc39a8ad5e1a1b59b8dbb8c48cce1aa2,0.5863433480262756,0.8583790682833441,2.577925966249321,1.3172078332280481,0.4884642748246774,1.2027456876087987,0.6598851308232296,2.4221284703320634,0.4232596336070742,0.4884642748246787,1.008189586959962,0.5014670043906252,0.47922310506518767,0.4117506305270887,0.669703978306856,0.49351459031484846,0.5321130410948095,0.301377415670843,-0.01349173857850912,,0.37002126753183956
515,ancient-sweep-328,run_f42745ea80c3fb495fcf3bbffcb5e611,0.498276948928833,1.0121761327377155,2.0654599891126844,1.4283133291219205,0.9330826303486129,1.2130083874030702,0.5862412252712195,1.795019052803485,0.35652558433354387,0.9330826303486124,0.786168697578731,0.49253699026010045,0.49856191827488977,0.27304744117740953,0.5964896444875218,0.4656261643003174,0.5094029008420857,0.34131283222670383,0.04546221961590583,,0.3975360488555348
516,absurd-sweep-329,run_84ba9d7de47571c25b79fb87f9dc9755,0.5742182731628418,0.8917677089980856,2.650435492651062,1.234150347441567,0.5200020327269032,1.1950308593131826,0.6830121250797706,2.55767555797496,0.3607706885660138,0.5200020327269046,1.0486944136730498,0.5257675003106662,0.5321830126774567,0.3953101554768062,0.7099472764194055,0.5467182518953907,0.5316338732398789,0.3725935807789021,0.02956400619103835,,0.3999793610166303
517,rich-sweep-330,run_df8de3707bfdc9c4ab7862a25bc256b7,0.5961710214614868,0.8442629227823867,2.669379422972238,1.312836386607707,0.5127960158552699,1.2373318563063778,0.6401021059349062,2.502476864452914,0.4119646241313964,0.5127960158552685,1.0387719575882266,0.5232870157960894,0.5088530269571819,0.41201896370079494,0.6790077632068736,0.497894430765505,0.5375433515705312,0.265961310276711,-0.005512828605172152,,0.34782077373735026
518,volcanic-sweep-331,run_086a0536a8a0574e7f42e38594f0e7ba,0.5950223207473755,0.8547798340778558,2.6237071311921616,1.331939355653822,0.4217095233255412,1.2157699003006806,0.6607275047862153,2.453102885138813,0.37802905874920995,0.42170952332554146,1.010911536635543,0.5230357770907644,0.5094547139491331,0.40865801487724673,0.7198685278107306,0.5114101048508779,0.5415690632691147,0.27067845207947155,0.015200222166935116,,0.36703488589001815
519,fallen-sweep-332,run_c1fb85fc4c47ea46ad392269189fc417,0.6575621962547302,0.7023611997447352,2.6815187806205776,1.2069614655716996,0.530094521800996,1.2793479981009654,0.5356732610082966,2.51516058791508,0.5798736576121298,0.5300945218009954,1.0420161417945877,0.6120068023319762,0.4835999784677873,0.5271720461003097,0.5503714758290793,0.45148230831903846,0.6138888827691461,0.22028246692364428,-0.13373321677771677,,0.2948134573382885
520,ancient-sweep-333,run_6ec67fe9afd4e2f98647b7d85326c766,0.6542437672615051,0.7065730695596681,2.687071311921612,1.2334175615919145,0.4042382355930481,1.2868966608640608,0.5272750478621566,2.5079749591725653,0.5676437144662051,0.4042382355930473,1.0365405918658013,0.6061267908049804,0.4808988332468527,0.5177510136321553,0.548419396946615,0.4221133308511954,0.6142706202751421,0.20597429902220954,-0.1211042418498935,,0.27917188568886264
521,wise-sweep-334,run_23f3491191a3642de29c2d341f26656f,0.5791959166526794,0.8426547543075942,2.2697604790419166,1.198066961465572,0.7670291696310602,1.153600253204621,0.6063305679642628,2.018481219379423,0.35276058117498515,0.7670291696310613,0.8986073745845866,0.5316940283579563,0.42826602080340526,0.4233328544520001,0.5731885393394351,0.47344560329502683,0.5489501577286343,0.3141766730298123,0.042791796681580216,,0.3905378688660942
522,ruby-sweep-335,run_b7e9bf4423828ec919502cd5673bcc65,0.6373962759971619,0.7518059987236759,2.569270549809473,1.2966645609602023,0.4238235593048074,1.175929735717677,0.568525845564774,2.3345400108873173,0.5146809854706249,0.42382355930480686,0.8560373476815951,0.6104783857967335,0.44544929628951585,0.4713474124445296,0.5658939156862224,0.41358652736150076,0.6000256639844624,0.221227946413057,-0.08404409287205034,,0.3783530383169875
523,quiet-sweep-336,run_401eb7176be34b38b26dbdd77a48e9da,0.6547542810440063,0.714639438417358,2.745100707675559,1.2213392293114342,0.38498831182030696,1.2908371577781295,0.5359029993618379,2.565459989112686,0.5774226152874297,0.38498831182030757,1.0325684443741094,0.6042978305498432,0.5037818655619138,0.5135777224403792,0.544161027077545,0.4443131652013068,0.6036914666281916,0.19659682679917068,-0.1311621490357396,,0.2881598163764621
524,different-sweep-337,run_14a463939fe595be30d84ba0f410258b,0.5859604477882385,0.8290491384811742,2.1963799673380517,1.2166392924826281,0.7343632482975911,1.0629055230257953,0.5750095724313982,1.923326075122483,0.32185723310170594,0.7343632482975911,0.7513530621933844,0.5560988091959925,0.44187266007286374,0.39288270599878683,0.5764093577012406,0.4372834790875211,0.5694258019882132,0.34485793392812664,0.059879665086398255,,0.4560410859875259
525,earnest-sweep-338,run_578c5004da3eea57408f902bcc2c2c85,0.558391809463501,0.9105807275047861,2.269270549809473,1.3648894504106128,0.7676898058745807,1.1804162050957432,0.52456924058711,2.0547904191616766,0.3126089703095381,0.76768980587458,0.8718230732710862,0.5704438000587633,0.5225987280971053,0.3077671359703732,0.6232525042253065,0.5053014558916835,0.5571738571568053,0.34208507945673494,0.05796968471427885,,0.39566821493419224
526,sparkling-sweep-339,run_b651517710ce4a13449976858fd50410,0.5392469763755798,0.9699553286534779,2.231600435492652,1.4250536955148452,0.8531761357861571,1.1659756290552303,0.5777664326738988,2.014071856287425,0.3716866708780793,0.8531761357861575,0.8366513688874824,0.552464859748715,0.5350843598086337,0.2767108833764327,0.5989788353733418,0.4839685274008399,0.5195837605039922,0.3430138417513037,0.05814453850970814,,0.401417774431192
527,comic-sweep-340,run_fe11a923bf8614a376f350c9744f9b71,0.7245692610740662,0.5671984684109764,2.5822808927599348,1.312381554011371,0.5361520479723549,1.2763491058711822,0.3911167836630497,2.374659771366359,0.6927226784586238,0.536152047972355,0.9606662446589654,0.7132029692367776,0.4713227918300286,0.5708678926028796,0.5447826127942688,0.4363261090394611,0.6965056853757159,0.21982126530670237,-0.20860928849863292,,0.3208690061260046
528,twilight-sweep-341,run_39c9b98ece029befd465e902673d8d00,0.6232290863990784,0.7671218889597957,2.4962710941752864,1.2409222994314595,0.4660229698140055,1.058624782402279,0.6029865985960435,2.3034567229178013,0.4065319014529392,0.46602296981400637,0.819678746637126,0.5826538594477034,0.4463652761960731,0.42823133160936055,0.6652983678646043,0.49581124606540977,0.5946404514258813,0.27508062713656967,0.008925549748077877,,0.44595350898625086
529,gentle-sweep-342,run_63546e879e89b7c23eaead20e0efe091,0.6321633458137512,0.7648500319081047,2.6770549809471973,1.1922552116235,0.4370769387132839,1.1942237695837952,0.6013273771537969,2.5558791507893304,0.3831332912192038,0.4370769387132839,1.0368887482196545,0.573950319792553,0.5046520147025645,0.43224355904606837,0.6830272980275132,0.4900183006270144,0.5834844607049978,0.29763782546580064,0.014874639072833856,,0.35640082317665533
530,easy-sweep-343,run_d9ab543090ff5b88d6b752b9118d6ad9,0.5692405700683594,0.9256158264199106,2.6224006532389774,1.3829816803537591,0.4983534912084562,1.2123278999841747,0.6125590299936177,2.5085193249863913,0.33833228048010133,0.49835349120845707,0.9791264440576045,0.5824123276837212,0.5449330827698744,0.4008374038246656,0.7351871021473276,0.5608568584588955,0.533893070487118,0.3386764174871676,0.042218292251484185,,0.40126435582083453
531,proud-sweep-344,run_a9e90195541a62025be3551aa05ac45e,0.7111678123474121,0.6124058710912573,2.581246597713664,1.3443967150979155,0.49753023681268427,1.2259059977844597,0.45924696873005716,2.3302939575394666,0.6480985470625401,0.4975302368126855,0.8663554359867065,0.7019583471427987,0.448676769296201,0.5462313635347827,0.5484603405175688,0.39776377602694163,0.6707727576881372,0.21225239979761296,-0.18538001741392507,,0.34950904921642373
532,balmy-sweep-345,run_a16cc8181ec41c0b5f42a05b94d252d9,0.6045947670936584,0.836758136566688,2.686254763200872,1.2189134554643084,0.5174204695599146,1.2374268080392465,0.6584811742182514,2.5465704953728916,0.39132027795325486,0.5174204695599149,1.086959962019307,0.565194775483817,0.49532708419950494,0.4198584107524822,0.6804529170547308,0.5184103072367493,0.5438810490254037,0.3015032431757165,0.008621542001768246,,0.3436567356936281
533,serene-sweep-346,run_7e1c7920dbf1b79715882ceb4edae5f6,0.6112316250801086,0.7849393746011487,2.5912084921066962,1.2153506001263426,0.40177863604024805,1.2559028327266972,0.568883216336949,2.371937942297225,0.49004421983575625,0.4017786360402485,1.0098037664187371,0.5574614631100357,0.46531995505350254,0.4600298502697698,0.5686193631666906,0.4355050241953092,0.5783018780535347,0.24343530358166585,-0.059785917328227405,,0.30692223969675664
534,jolly-sweep-347,run_21806a77973c66555ac72bcc7c405120,0.5800893306732178,0.8817102744097002,2.656477953184541,1.2440555906506634,0.5861977843276757,1.2109194492799493,0.6658583280153152,2.524305933587372,0.35399873657612224,0.5861977843276754,1.0570343408767207,0.5398286192469748,0.4915346418403832,0.4046411582543179,0.6707878236678477,0.5289838625532564,0.5299501265185095,0.32501559070336344,0.033864721987671195,,0.3662893856935585
535,sweepy-sweep-348,run_2dcdabd00a75f1af4a23e2815746f2b6,0.6090618968009949,0.8188895979578813,2.2669297768100174,1.3606696146557171,0.5933733102957618,1.1828453869283113,0.5417740906190172,2.0023679912901478,0.390107391029691,0.5933733102957611,0.7986865010286435,0.5982345786463701,0.40030350178604746,0.39992960444401876,0.634942326081972,0.43515090755291674,0.574059493651596,0.29344788892761475,0.009857759981962554,,0.3953756297603076
536,warm-sweep-349,run_02b00fc0e83e58dee0dde336dfe4d443,0.6181238293647766,0.7796809189534143,2.782934131736528,1.217195198989261,0.3960768370769387,1.1645909162842223,0.6624633056796432,2.6742787152966807,0.4354137713202781,0.39607683707693964,1.0393021047634123,0.531746473427215,0.532185810105982,0.45915445519266995,0.7064863780828803,0.5306357428191802,0.5734315928183582,0.2927471841312159,-0.02771680329069172,,0.3894662539010896
537,sweet-sweep-350,run_404edfd6bc56c19e3e2ad1cde0531bf5,0.5871091485023499,0.8548564135290365,2.6135274904735994,1.3010360075805436,0.5216078869803842,1.2428865326792213,0.6653477983407787,2.4644801306477966,0.40125078963992483,0.5216078869803841,1.0567336603893025,0.501008425299907,0.49072161705967554,0.40150719918270916,0.67841431463652,0.5134361968219088,0.5371419567045038,0.2895850585438942,0.001969415343175736,,0.3470742937779923
538,logical-sweep-351,run_b158507da235997978486541687bb903,0.685896635055542,0.6568219527760052,2.5156505171475243,1.271244472520531,0.5377375749568045,1.1406156037347683,0.5116273133375876,2.28581927054981,0.5692103600758054,0.5377375749568027,0.8120034815635392,0.6701319709643255,0.4519255179751818,0.5222464323340676,0.5576140536788217,0.42143038378304504,0.6498223729458817,0.25749497337975596,-0.13033302601236993,,0.40852568860003574
539,bright-sweep-352,run_81032501b0cc997f34259fa4060751d7,0.5456286072731018,0.9431269942565411,2.392025040827437,1.3783828174352497,0.5117491615001525,1.1053331223294827,0.675609444798979,2.1834240609689717,0.33888818698673306,0.5117491615001525,0.7695521443266333,0.5508754034611244,0.44223006189687214,0.43679420872841046,0.6929668936985948,0.4440910507866736,0.5267447358566071,0.3239915521676872,0.07626584776533037,,0.44428585972746915
540,summer-sweep-353,run_42cf1062a35a2293e8f7da80efd11d2b,0.5994894504547119,0.83063178047224,2.6471692977681007,1.2981048641819333,0.4904868380933021,1.198322519385979,0.6256030631780485,2.5080293957539483,0.4244977890082138,0.4904868380933014,1.022978319354328,0.516754705669469,0.5147338909972219,0.41416738498866645,0.6928267956621803,0.5123883368965688,0.549869117320985,0.27619389244505727,-0.012827380466715225,,0.3782133604899947
541,graceful-sweep-354,run_3a35a237da7b66886f57c43530cf1acb,0.43178045749664307,1.5589278876834718,4.04047359825803,1.9017687934301963,0.0,1.752373793321728,1.5589278876834727,4.04047359825803,1.9017687934301963,7.420293332589724e-17,1.752373793321728,1.0,1.0,1.0,1.0,1.0,,,,,
542,breezy-sweep-355,run_c9cb34d17ac833c12038202edda63eca,0.6395660638809204,0.7674792597319721,2.5464071856287434,1.3224636765634874,0.37335095029982723,1.1708893812312076,0.5439183152520735,2.396488840500817,0.36390397978521877,0.37335095029982635,0.9259455610064883,0.6024487460518317,0.5364910996176935,0.37596095520863265,0.7343049811429221,0.5245435819566953,0.5966921516160087,0.30584011689489066,0.0311833828923066,,0.397989021723874
543,still-sweep-356,run_b88e7027670d9e9c9fb60e7a68dd96d1,0.6084237098693848,0.7899170389278877,2.2821175830157876,1.2098673404927356,0.8364772842768574,1.2341667985440736,0.5430759412890879,2.0263745236799138,0.4179785217940617,0.8364772842768584,0.8881152081025486,0.5954007672971765,0.43745820007888203,0.412701369600613,0.5232769189710821,0.40925667225068685,0.5916404322873374,0.31093349493921174,0.005404700483475036,,0.34723994164494665
544,grateful-sweep-357,run_d99b50f12fa8d00da9fad7e7154fa9c5,0.5756222009658813,0.8817102744097002,2.2046543277082207,1.3700694883133293,0.6686146966155097,1.1145830036398163,0.599029993618379,1.8857648339684263,0.27902716361339286,0.668614696615509,0.6957825605317288,0.5621341110190844,0.4109361510141492,0.3988516425629729,0.6323660191152602,0.4197740987137978,0.5483762480997768,0.2844213739014929,0.08209018811385636,,0.4397763066725065
545,smooth-sweep-358,run_40a1a4389296548ced219e123ea64ac4,0.498276948928833,1.0481174218251437,2.406614044637998,1.4400379027163615,0.7790527492631365,1.2602310492166482,0.6470453095086152,2.202912357103976,0.314579911560328,0.7790527492631354,0.8810571292926095,0.49134347854674537,0.4790695983232333,0.3463933850525173,0.6537839046843894,0.46988612645162725,0.4674257240242583,0.30545772072771193,0.0555893180812551,,0.3550306956368412
546,magic-sweep-359,run_d1f4f54e7be6d9f150ae46dc28ba5d94,0.5540523529052734,0.9291640076579452,2.568998366902559,1.2093872394188254,0.568502896635837,1.226491533470486,0.6980982769623487,2.4688350571584126,0.34265319014529416,0.5685028966358368,1.043978477607216,0.4970703711039609,0.5448413502155264,0.39175126903553303,0.6987859362583864,0.5556722410404438,0.5110727988850162,0.37968347752854636,0.04240915461569993,,0.38200618345109955
547,peach-sweep-360,run_e024515153deddc54da491c8c6cfd033,0.43178045749664307,1.5589278876834718,4.04047359825803,1.9017687934301963,0.0,1.752373793321728,1.5589278876834727,4.04047359825803,1.9017687934301963,7.420293332589724e-17,1.752373793321728,1.0,1.0,1.0,1.0,1.0,,,,,
548,deep-sweep-361,run_195e2ae4ecf435b984f58525367c3697,0.5467773079872131,0.9320740268028079,2.68298856831791,1.2346557169930514,0.3952230917776197,1.246067415730337,0.6919719208679,2.4906096897114876,0.4009728363866091,0.39522309177762105,1.0053489476182942,0.473212735323974,0.4707737613498055,0.40243287679979567,0.5806417276397351,0.44738719074698974,0.48964603585203836,0.22774289266704886,0.0029337420980678347,,0.32209046805284713
549,bright-sweep-362,run_15002097f36ffac09b79a94be1b0e0c1,0.5508615374565125,0.8846202935545628,2.4943113772455097,1.1392166771951993,0.4872751295863401,0.991050799177085,0.7282450542437778,2.354627109417529,0.5462160454832606,0.48727512958634056,0.7567573983225192,0.5822333872659256,0.5565248938584646,0.47948440443124857,0.6695734748320529,0.5135342493690163,0.5515033157603583,0.3589914290983571,0.08900849199999826,,0.5015734146629856
550,honest-sweep-363,run_d18d73022baa7689ad59aaaacdd6fe30,0.5853222608566284,0.8337460114869176,2.5570767555797502,1.3608212255211625,0.49509096452891554,1.2122487735401173,0.6353031269942566,2.415432770821994,0.40933670246367754,0.49509096452891405,1.0232948251305587,0.5075413434054287,0.5111836233499368,0.39810490693739425,0.7057957895181206,0.5169225458516536,0.556829236518933,0.3295308209107044,-0.0011010861430515617,,0.37228730962778156
551,dauntless-sweep-364,run_db19e3d9415fad76c268df4f37eaf166,0.4805360436439514,1.0887811104020422,2.2909363091997825,1.4134301958307016,0.9855778026222177,1.30983541699636,0.6433439693682187,2.0036200326619498,0.3434870499052432,0.9855778026222196,0.8371656907738565,0.4838751754494674,0.4281865511364071,0.3022548925709543,0.5645697823368093,0.4311457783913885,0.45310955654382595,0.26099328256211535,0.03985581641052232,,0.3314665311607003
552,charmed-sweep-365,run_f542a5748a04ea349fcc0030b64c937a,0.6076579689979553,0.8173069559668156,2.3402558519324996,1.2835249526216048,0.5972964732188232,1.1246478873239438,0.5263560944479904,2.147985846488842,0.30252684775742367,0.5972964732188223,0.889389143851876,0.6000009464419991,0.4920747411736632,0.3575782970979791,0.6613953225065339,0.48829239860116647,0.5808872956208769,0.3424091551860103,0.06841629931749346,,0.42154372650671723
553,rural-sweep-366,run_d7c47e28ff964e7dbdd008228d8cc1c1,0.5594128966331482,0.8903637523931078,2.1455906369080027,1.3158180669614656,0.7673848968391096,1.1739278366830195,0.5622463305679638,1.8816820903647258,0.31518635502210995,0.7673848968391099,0.8345703434087673,0.521668644931474,0.41182479760751217,0.3383575966542157,0.5924606974007324,0.4315407251150495,0.5389301411958131,0.3373575759064133,0.06271647700737865,,0.40199579896020027
554,earthy-sweep-367,run_f324fdfa64fa8fdf574bfa2c3d9ca02a,0.5670708417892456,0.8540395660497767,2.2625748502994014,1.1365382185723312,0.7622420977741641,1.1213087513847126,0.6030121250797709,1.9888677191072401,0.33676563487049915,0.7622420977741632,0.8175898085140045,0.5325595090473051,0.40065536764357684,0.45823037384669413,0.5432310391585425,0.43993578293674884,0.5489556629083759,0.2717068276150179,0.05236010530198195,,0.4050307508478582
555,swift-sweep-368,run_1afe8f3c9ac2e8b5b066cb58d4c4f9bc,0.5246968865394592,1.0209317166560308,2.376183995645074,1.563979785217941,0.7155503608090253,1.2793084348789368,0.5707977026164651,2.2029667936853574,0.30611497157296425,0.7155503608090261,0.9402199715144803,0.5964099143009682,0.5235350381410727,0.36914775085400503,0.672793160597635,0.5501924184904186,0.503275319994348,0.3630682665250147,0.05806764186791106,,0.35422586755843194
556,breezy-sweep-369,run_25306cfceac5c0d6d00944d27eb2f24d,0.5919591784477234,0.827977026164646,2.7933859553620053,1.0855969677826915,0.3983026730358776,1.162454502294667,0.735520102105936,2.713581927054983,0.4503727100442194,0.398302673035879,1.0813182465579998,0.5733319507969002,0.5595385890352853,0.5072713341633943,0.7309697344038693,0.5652445752345696,0.5668459810523113,0.354710094998101,0.06031989409590587,,0.4109421911660818
557,vivid-sweep-370,run_0b94b6e0a985e40f01f67163f6dcbade,0.6179961562156677,0.7995405232929165,2.4928415895481773,1.2991661402400507,0.6115255615408071,1.2105871182149075,0.5994128908742827,2.2607240065323895,0.4797599494630459,0.611525561540807,0.8475233423009972,0.5926520566266694,0.4380499820810903,0.4597951984164991,0.550548965275782,0.38763335456804526,0.5759644488033709,0.2700048640376411,-0.05274785120348413,,0.3649240576855069
558,sleek-sweep-371,run_ed7f900d6be549445d78eb76f362ec25,0.5777919888496399,0.9028206764518188,2.143794229722374,1.4427416298168039,0.7451468645187519,1.139499920873556,0.57204850031908,1.8158682634730552,0.3224384080859137,0.745146864518752,0.7189745212850133,0.5822164534707807,0.4865969151066276,0.410905883855314,0.6371637254171377,0.4336180563944947,0.5404414759553307,0.32107202373496313,0.05498688578444154,,0.431892041573221
559,autumn-sweep-372,run_fbc273ef03b9c6ea515d5d476b8a24fc,0.5922144055366516,0.8511805998723677,2.5832063146434416,1.2401137081490845,0.47574956804553314,1.1556021522392785,0.6475813656668792,2.4694338595536216,0.3388629185091606,0.47574956804553187,0.9693859787941123,0.5478297217422943,0.5238693940371482,0.38633687705519903,0.71916385624722,0.5157365698075742,0.5555398993475359,0.3576658529718248,0.044793832953885164,,0.4133928840221807
560,autumn-sweep-373,run_ef97e519e9b910fdfda208d290b37f5f,0.43178045749664307,1.5589278876834718,4.04047359825803,1.9017687934301963,0.0,1.752373793321728,1.5589278876834727,4.04047359825803,1.9017687934301963,7.420293332589724e-17,1.752373793321728,1.0,1.0,1.0,1.0,1.0,,,,,
561,autumn-sweep-374,run_3f54e394b8a5d7ae9982b99f589c6ec0,0.6185067296028137,0.7965539246968731,2.5146162221012527,1.33461781427669,0.6148592336619576,1.191818325684444,0.5811104020421185,2.2654055525313015,0.46341124447252124,0.6148592336619573,0.8020098116790634,0.5960330786921995,0.4110178974462501,0.44275324841171027,0.5244658775274139,0.3916938996394463,0.5805493397455003,0.21911394327719647,-0.04038032509978445,,0.37453845843193084
562,playful-sweep-375,run_41315ca9d9c7a0b1aec54522e03f9c98,0.7059348821640015,0.5787364390555201,2.4702504082743606,1.230107391029691,0.5600467527187722,1.2934166798544073,0.4010721123165285,2.1873979314099077,0.6869361970941253,0.5600467527187722,0.9919449279949355,0.6951016551727633,0.41702360368483316,0.5499811640008939,0.5744186089511485,0.4156542832963486,0.7004704189414444,0.17807186293030522,-0.1974933426201505,,0.2712242688566369
563,winter-sweep-376,run_e0961c0cb5e48c862ea42c66b3e99593,0.5370771884918213,0.9754945756222082,2.1346488840500824,1.3942261528742894,0.9626486431547921,1.1462573191960752,0.6326738991703902,1.8994828524768652,0.4350852811118127,0.9626486431547919,0.7669567969615445,0.6036036878639595,0.5684246242842192,0.33771366088816523,0.5749334071953711,0.5274101902141881,0.5439664863172253,0.36199495187521835,0.07573275151429801,,0.42239540905754264
564,comfy-sweep-377,run_08dd94c8c685c14ad96dd2d4ab5e2a04,0.6910018920898438,0.6476834716017869,2.7043821448013077,1.3824005053695516,0.41573330623030796,1.3289681911694888,0.4585322271857058,2.5259390310288525,0.7206443461781433,0.41573330623030746,1.0234768159518912,0.6572045060542115,0.5152604909938977,0.5763791782396321,0.5686448254146749,0.4390668788846631,0.6558503413650569,0.19189114518658298,-0.24073301707102232,,0.2756548159137343
565,morning-sweep-378,run_229435fa669681d2bef310efb89df698,0.7021059393882751,0.6278238672622847,2.7713935764833972,1.27763739734681,0.5049090354710845,1.2940813419844912,0.5116783663050416,2.648475775721286,0.7043209096651941,0.5049090354710851,1.1066466213008381,0.6519425811047184,0.519996160385282,0.6014808607093829,0.5668283249672035,0.5077979534030849,0.6499526870179299,0.2377770600402127,-0.2465222114583106,,0.29542409244680534
566,visionary-sweep-379,run_c95d56875c1a5c963a9bee98a1a0e9dd,0.5627313256263733,0.9161965539246969,2.5312193794229736,1.2237144662034114,0.584032930175831,1.184578256053173,0.6848245054243781,2.4098258029395767,0.35455464308275636,0.5840329301758306,1.0073350213641408,0.5068472244814862,0.5350011284747813,0.38036794049101297,0.6897924448892929,0.5431487603375105,0.512113663488912,0.3774810803780129,0.03244112545225766,,0.3944805439685792
567,blooming-sweep-380,run_62737e6ffefcabf529943a69422700f5,0.5636247396469116,0.8933248245054245,2.404763200870987,1.22131396083386,0.8034657993698547,1.150791264440576,0.5764901084875561,2.246679368535657,0.35415034744156704,0.8034657993698546,0.9014480139262551,0.5474361699567748,0.5370878797360101,0.3868780129617214,0.6172259805569076,0.49634567269056684,0.541784705675412,0.37464373096289283,0.035356189678612884,,0.40934716145239175
568,volcanic-sweep-381,run_b8dbdcf5596bf6a79aab07902b4b720e,0.6144224405288696,0.7543841735800894,2.4737343494828536,1.1843209096651928,0.41750177863604027,1.1344674790314924,0.5595149968091897,2.2442297223734355,0.45509791535060046,0.41750177863603916,0.8198923880360814,0.5827696635455587,0.43503866350531967,0.45217523864253106,0.5658977759890474,0.42378190719348496,0.6083425999961468,0.27088027133305853,-0.04024771606284742,,0.3987745664824965
569,serene-sweep-382,run_a0a8aa98a12ea2ff9caa0a15f0d418d3,0.5812380313873291,0.8614422463305679,2.495672291780077,1.262880606443462,0.7258867771114951,1.2463601835733502,0.584530950861519,2.2733532934131744,0.44655716993051237,0.7258867771114956,0.9129846494698528,0.5408318463092745,0.4383450900650665,0.41211106854388146,0.5405912629294356,0.42237940634679294,0.5423692861303091,0.26371030663320055,-0.021215756072480507,,0.33967493978572266
570,pleasant-sweep-383,run_1f02b6a47c1514902a888e0c73c4dccd,0.5984684228897095,0.844211869814933,2.6135274904736,1.3701958307012005,0.48068909442016466,1.1839294192119005,0.6384684109763884,2.4923516603157334,0.39339229311434065,0.48068909442016605,0.9646225668618443,0.5318540943389841,0.5373675548517399,0.39285094020368416,0.7061678600738553,0.49039108162449907,0.5417158781436142,0.3051568023894846,0.006343401515547986,,0.38855174106218965
571,curious-sweep-384,run_eb08f9c38dacba8d6a34e843b2aee003,0.5766432881355286,0.9019017230376515,2.636771910724008,1.305685407454201,0.4697733509502999,1.2218784617819276,0.668589661774091,2.5446652150244975,0.3445483259633617,0.46977335095030026,1.0537822440259537,0.5599266351582342,0.5393473267138107,0.3965629090444721,0.7380090007077249,0.5562904269958872,0.5366948757360462,0.36243093580507574,0.039140598460244674,,0.3926081730764497
572,ethereal-sweep-385,run_528261ad8d09cef66debecd3dc6d6e52,0.5252074003219604,0.937051691129547,2.146298312465978,1.3956664560960204,0.7079987803638581,1.1455056179775283,0.5524186343331194,1.9245236799129024,0.2906001263423879,0.7079987803638579,0.7852112676056348,0.5239992771726907,0.4583804826919953,0.3236267279634773,0.6183510122169888,0.46746462170011016,0.5450204090270632,0.3375797515509201,0.07419981972503473,,0.43491235692126984
573,royal-sweep-386,run_1c6c26471a3eb7dbc5ea81a818b61b6e,0.6315252184867859,0.765743458838545,2.574605334784976,1.3095767530006321,0.44697631873157845,1.2389143851875297,0.5253860880663693,2.40019052803484,0.3893240682248894,0.44697631873157806,1.0245608482354813,0.6031421102821174,0.5036721653172487,0.3938577083931935,0.6865811376730632,0.48761616061555807,0.6002239311019655,0.2829751920597703,0.014016982171424278,,0.33472772566832765
574,summer-sweep-387,run_3b41686933b6d09b0648db468a18f494,0.6028079390525818,0.8217485641352904,2.4835329341317376,1.1668351231838283,0.5149507063725989,1.1543756923563855,0.6367836630504159,2.352231899836692,0.31422615287428884,0.5149507063725994,0.9764361449596461,0.5774872127431501,0.5065702845879543,0.42884302269897523,0.7047236442973118,0.5231029219687532,0.5717774654769953,0.3603645948976909,0.06304956775787333,,0.4163421581274621
575,radiant-sweep-388,run_f9f7e3be35308ba38cc1b09ae845da5b,0.5762603878974915,0.8838034460753031,2.5905008165487216,1.2616929879974734,0.5134668157333062,1.2107928469694573,0.7026675175494576,2.3849482852476878,0.42856601389766297,0.5134668157333063,0.9234847285962972,0.5278173627607042,0.45097371263390706,0.4460174632059509,0.5662638304267875,0.42079795707699325,0.5207329639404907,0.26076716701168035,-0.02119320021369466,,0.3579421361644021
576,fallen-sweep-389,run_853eda0918789fb8d5fad85595a2c015,0.5790683031082153,0.8736694320357372,2.0201687534022867,1.3409602021478206,0.7489887183656877,1.098219655008704,0.550912571793235,1.7106423516603169,0.29770056854074567,0.7489887183656873,0.7171308751384718,0.581964669514756,0.4136065358950216,0.3461082910321489,0.5921088276138556,0.42441631021724,0.5600980336141425,0.3259414334631462,0.07408588227173928,,0.4629387790942015
577,fragrant-sweep-390,run_d8f73d27dae76f1c7ec7a872af8248c8,0.5771538019180298,0.7600765794511807,2.7305117038649978,1.1690840176879347,0.5263034861266389,1.180519069473018,0.5996171027440973,2.5994284158954826,0.5903095388502845,0.526303486126638,1.0324101914859938,0.580148424900304,0.5557959018794312,0.47709095552788683,0.5793654168907406,0.4989074610176571,0.6252304079061752,0.2580964382969955,-0.15359694051190367,,0.3554535826241228
578,youthful-sweep-391,run_405421e49af94079a0d672968d4a1b36,0.5756222009658813,0.8990427568602425,2.702749047359827,1.2860265319014534,0.4278483585730258,1.2116632378540908,0.7067262284620306,2.6100979858464877,0.40006317119393653,0.4278483585730261,1.0469852824814059,0.5230889865190849,0.5595699557207605,0.4188929859847397,0.7465823227910569,0.5677895366042185,0.5278166808093877,0.3307610856676066,0.043331978299988215,,0.3923326772441309
579,jumping-sweep-392,run_725c44bc6cd1ab6e630f9ff6e3c86a1b,0.6020421385765076,0.8188640714741545,2.235955362003267,1.302223626026532,0.6507673544059355,1.1363981642664978,0.5702361199744721,1.9853293413173667,0.359936828806065,0.6507673544059349,0.7446273144484887,0.591024492804241,0.4144695059464212,0.4078881333205632,0.6063967788510142,0.44641600361590883,0.5733317541161781,0.31920788724230287,0.028563172472438395,,0.42406718776985164
580,rosy-sweep-393,run_a53b24bea05dba105baa261a31ff3c7a,0.6127632260322571,0.816081684747926,2.7085737615677745,1.3502084649399875,0.40180912694379517,1.171997151448014,0.6760944479897888,2.5368807838867724,0.6300315855969678,0.4018091269437957,0.9011631587276465,0.5514662813308144,0.4844451481488626,0.4928903681001181,0.7039528200404874,0.43740258980341656,0.5592326878259622,0.26441744808066825,-0.0028982452696250318,,0.3855844647934403
581,dainty-sweep-394,run_d22aac6dd8eebf80eda80df621f85a5a,0.5691129565238953,0.9057306955966816,2.5936581382689172,1.2684902084649403,0.4354812480943185,1.2269662921348314,0.6869176770899807,2.3166848121937953,0.45398610233733455,0.4354812480943182,0.8928311441683809,0.5355421518424595,0.418576938302537,0.4322631931807298,0.559558745469235,0.3842473902812814,0.5055853817306005,0.16616893666698498,-0.03584329528988282,,0.3439572807313747
582,rose-sweep-395,run_f5cd4b5bfbf0019990264df8e2f35d28,0.6035736799240112,0.8114613911933631,2.6139629831246602,1.2420088439671513,0.5067384896839111,1.1652714037031175,0.6275175494575622,2.435955362003266,0.4084270372710043,0.5067384896839112,0.9716489950941603,0.5279919371738073,0.4815814788515415,0.41306819270184847,0.6875858399238133,0.4750498729118041,0.555042971606514,0.2506835887148208,-0.0013661564753685593,,0.3837568426303095
583,spring-sweep-396,run_a351bf07864a928aed2394f7682869c8,0.5425654053688049,0.9843522654754309,2.3594719651605884,1.4671004421983578,0.6782091675983333,1.2525003956322203,0.5782769623484357,2.1852749047359827,0.3110675931775109,0.6782091675983345,0.9148836841272354,0.6001727472771224,0.510672900301912,0.35296108291032147,0.6845836743790882,0.5339961064034113,0.5157706147320914,0.36744054786061153,0.05816873110092496,,0.3692323903186631
584,effortless-sweep-397,run_a68d44a42b59774a8a548dcfbe01de1b,0.6099553108215332,0.8261646458200382,2.6616494284158962,1.3888439671509796,0.4305010671816241,1.1816110144010128,0.6517166560306312,2.479504627109417,0.582223626026532,0.4305010671816235,0.9303054280740624,0.551662218067017,0.49143107127014823,0.49173482744309294,0.6970229692141612,0.45956979447163926,0.5604468961346263,0.24011267486975468,-0.020972525779438516,,0.3799072932109821
585,fluent-sweep-398,run_5602cc6e28e99e08206aeb316c055556,0.43178045749664307,1.5589278876834718,4.04047359825803,1.9017687934301963,0.0,1.752373793321728,1.5589278876834727,4.04047359825803,1.9017687934301963,7.420293332589724e-17,1.752373793321728,1.0,1.0,1.0,1.0,1.0,,,,,
586,earthy-sweep-399,run_f805cfde18cad64bf977588d974dc848,0.5401403903961182,0.9158647096362477,2.4248502994011987,1.2122173089071386,0.5155808517125724,1.0177480614021206,0.7040970006381628,2.285710397387045,0.3967024636765643,0.5155808517125711,0.7544152555784145,0.5073239768710756,0.48880046406377015,0.4280899019889538,0.6531500803492093,0.4592747464360738,0.5329030019952803,0.3817737224223146,0.08300353896173662,,0.49039029406996015
587,dainty-sweep-400,run_039a3a2a4a149627b36a0ce3fc012257,0.6190172433853149,0.7811614550095723,2.450163309744149,1.2287176247631084,0.4406342107937799,1.1324576673524291,0.6035992342054892,2.2310016330974425,0.4206064434617801,0.44063421079378057,0.8808514005380605,0.5576278354659724,0.45475161483507787,0.4358578360948824,0.6304370406979982,0.4762979345914447,0.5814747481270036,0.2773440919826579,-0.014055616277207755,,0.38199885699450975
588,dutiful-sweep-401,run_e5074fa904434d20ccb736d6d3303460,0.5581365823745728,0.8965411614550095,2.003728905824715,1.3278205938092231,0.7356438662465697,1.0726064250672576,0.5857817485641356,1.7412357103973874,0.25593177511054943,0.7356438662465706,0.6748852666561161,0.5555505494204118,0.4325111117662371,0.36464514893209465,0.6046202496063531,0.436178926238279,0.5472204888467306,0.3890233206384776,0.09745845494376458,,0.476556037517791
589,desert-sweep-402,run_7feaba5deaed7c3ab6613815e4173054,0.5970644354820251,0.8318570516911296,2.6922972237343505,1.218610233733418,0.50007114544161,1.1948093052698212,0.6869687300574353,2.5753674469243357,0.4227289955780172,0.5000711454416107,1.042918183256844,0.5070891353619797,0.4937559775193912,0.4443793697921655,0.6750053102532501,0.5192866860949221,0.5424916626328535,0.3040357182688058,-0.01603213558572003,,0.3820354138895558
590,winter-sweep-403,run_6cd120f04313ad9a09d9656cfaa0d64a,0.5409061908721924,0.9697511167836632,2.327463255307568,1.3578395451674035,0.8072669986787275,1.206765310966925,0.5757243139757506,2.143467610234077,0.3392166771952003,0.8072669986787262,0.8749406551669566,0.5503961077295958,0.542144587160816,0.30256744245442646,0.6197004481926058,0.4793127792645225,0.5147580429122834,0.3577071602025791,0.040411224581028304,,0.3732239211603521
591,classic-sweep-404,run_b661ca7150c5fa4c19091f2bf806de0e,0.5913209915161133,0.8064837268666243,1.993059335873708,1.1910928616550855,0.8645492428092287,1.0472859629688243,0.5640331844288455,1.6899564507348943,0.30280480101074037,0.8645492428092291,0.7832093685709759,0.5771112058500856,0.4123346522091678,0.4149471634262363,0.5313802586755731,0.4808617684809062,0.5763161107493029,0.3292129470925527,0.08112517501493881,,0.4462595050481318
592,ruby-sweep-405,run_c5ab31937a6e55e3e54ab6900135f181,0.6210593581199646,0.7764390555201021,2.569270549809473,1.3054579911560331,0.4683809330216485,1.127844595663871,0.6097511167836631,2.3995372890582485,0.5020467466835116,0.46838093302164796,0.847752808988764,0.5719220988988886,0.4521842707620454,0.45194569485681446,0.6651615405974326,0.4380855343495308,0.5844074522382712,0.28499153289050666,-0.014874867669183616,,0.4078971164188957
593,ethereal-sweep-406,run_313d818d9d00d4cbc0be8fb6e0c8af58,0.507594108581543,1.0093426930440332,2.6739520958083838,1.237081490840177,0.4348714300233764,1.3027219496755817,0.7402425015954065,2.4724278715296695,0.3663550221099183,0.4348714300233753,1.0412090520652006,0.438539879657349,0.47351511872116814,0.394136098074897,0.6328327241294596,0.4569627986639523,0.4510612373473739,0.23232325899912123,0.026417882148758936,,0.2858496612722365
594,dry-sweep-407,run_30341f7857dac5b1d9f6c1c21e77ed8f,0.5900446772575378,0.860114869176771,2.6623571039738714,1.2054706253948204,0.47992682183148694,1.1789128026586486,0.6595277600510541,2.5762384322264573,0.34490208464940064,0.47992682183148705,1.0383842380123436,0.53526039168237,0.5253051284801193,0.41473597675829266,0.7114084765391206,0.5413703569222192,0.5479897464703797,0.37177825409377385,0.041278202122961086,,0.39941935626256614
595,pleasant-sweep-408,run_7d12b30d8d2d9606839902b916331582,0.5539246797561646,0.8990938098276963,2.2447740881872624,1.122665824384081,0.8270352678117696,1.1320303845545183,0.6885513720485005,1.968562874251498,0.33674036639292426,0.827035267811768,0.9179142269346419,0.5391771126899045,0.4429803442076568,0.4800751843693133,0.582635258636242,0.5066943670486963,0.5090945096731844,0.2998907513874829,0.051152218195781814,,0.40336657390505753
596,cool-sweep-409,run_859880c531aa59fc99fdd8a35cd7ce75,0.5910657048225403,0.8431652839821315,2.067310832879696,1.3231711939355655,0.7899888200020327,1.130155087830353,0.515405232929164,1.763990201415351,0.3417940619077691,0.7899888200020334,0.7692910270612442,0.5927837076794926,0.4148794745561794,0.35496919196756377,0.5673499216941236,0.4028605714325089,0.5725674943286547,0.34570778248413336,0.04916539924846107,,0.44087518605267384
597,peach-sweep-410,run_cc598f37a9ccf733c1433297f9645cbd,0.5880025625228882,0.8577153797064455,2.5122210125204147,1.3345420088439672,0.5962089643256429,1.2237616711504986,0.5965283982131466,2.3108056614044643,0.38874289324068345,0.5962089643256427,0.9952919765785723,0.5365983907600153,0.47066879155980934,0.38087044663665676,0.669678072214208,0.48213340176597114,0.5401590258951341,0.265562054548247,0.012979149221894895,,0.3518661670368116
598,worthy-sweep-411,run_b76e9f9e3cda4468ba95930d0be858f5,0.5548181533813477,0.9290874282067646,2.6976864452912364,1.265331648768162,0.43738184774875494,1.2022946668776706,0.6861774090619013,2.583260751224823,0.33924194567277494,0.4373818477487558,1.0309542649153347,0.5299667125429395,0.5412038133126217,0.40572071640647445,0.7322921883892537,0.5464846074209804,0.527775445260756,0.3441190683265254,0.04416222575096727,,0.39837425914543456
599,colorful-sweep-412,run_a41b8ebfad2202173db45373c49fedb8,0.5731971859931946,0.9086662412252713,2.625830157866087,1.346443461781428,0.4788088220347596,1.209376483620826,0.6645820038289735,2.51314643440392,0.32822488945041156,0.4788088220347593,1.013000474758665,0.5274947632068981,0.5725061356898621,0.39820818567825556,0.7472419164381711,0.5643416820055243,0.5239629939612915,0.34777687025675946,0.04979198608505301,,0.3883866797559723
600,resilient-sweep-413,run_d591de75f7a0673526f5d1a903580566,0.5539246797561646,0.9395532865347798,2.351687534022864,1.3766898294377763,0.7735135684520785,1.1773223611330907,0.5578813018506702,2.1393848666303765,0.32928616550852907,0.7735135684520785,0.9097325526190848,0.5582027300237082,0.5158326490400564,0.3098434058040418,0.6510740200477244,0.49166879006728426,0.5255218917924397,0.33967767405515187,0.04918091516025384,,0.3958355980741305
601,rare-sweep-414,run_950bfc88b1b3dbdaf3d773befd262d25,0.5568602681159973,0.8890874282067646,2.5816820903647257,1.2025142135186357,0.5733407866653115,1.139333755341035,0.6997319719208679,2.363500272182909,0.39543903979785167,0.5733407866653114,0.8557920557050167,0.5271032906577091,0.45719436516206463,0.4314676116591642,0.5781677301519302,0.4400780641469922,0.5261160041633286,0.23656401169947638,0.004407449685272514,,0.393838350917675
602,feasible-sweep-415,run_ac45959c16f4698c3c1c85150a7cfdfa,0.5674537420272827,0.8479642629227825,2.40868263473054,1.2402400505369553,0.5315072669986787,1.0535290394049692,0.6031142310146763,2.2364452912357105,0.35978521794061985,0.531507266998679,0.721989238803609,0.5353558605656538,0.4724120743040691,0.41128547712543495,0.6379846336812354,0.44355736854898276,0.576732260202463,0.3316716970996196,0.06035398236171827,,0.4636083758452057
603,clear-sweep-416,run_1524879af57e77fb15740e159723e6b9,0.5700063705444336,0.8790810465858329,2.21799129014698,1.2755906506632977,0.8491411728834232,1.187846178192752,0.595583918315252,1.908573761567774,0.35677826910928806,0.8491411728834234,0.8668143693622417,0.5403419532947412,0.4129749807678052,0.37242313954602047,0.5722940727404352,0.4244427117528232,0.5340696630542607,0.28187588719200146,0.04050833246323599,,0.362767572451268
604,brisk-sweep-417,run_00f35a4d397f496d445fa2cddf5ce3ae,0.587236762046814,0.86680280791321,2.4244148067501374,1.2299557801642453,0.5296676491513365,1.1396265231840483,0.6079642629227825,2.2921339139902015,0.3273152242577386,0.5296676491513367,0.9196550087039083,0.5588155158936938,0.5458866543227985,0.3813619385116368,0.7143039922197056,0.5326401456166341,0.5537860778814576,0.3842060817514967,0.05096545738901544,,0.4324082111503395
605,peach-sweep-418,run_a3d1076e194e3915e92123bed0f0e649,0.5494575500488281,0.9427440970006382,2.5160315732172025,1.2819077700568544,0.6282447403191381,1.1938756132299415,0.6728270580727508,2.399428415895482,0.36357548957675323,0.6282447403191382,0.9546605475549931,0.5191049035817719,0.5319170899003145,0.3601029594866392,0.6671618937209474,0.5312233811160336,0.5126599582001913,0.37715554613144237,0.02456804670565674,,0.3966918611960179
606,honest-sweep-419,run_6b2d858116723cd4d5511f4b1fcd9f31,0.6107211112976074,0.8141927249521379,2.6852749047359827,1.3439671509791538,0.39889216383778836,1.1528643772748852,0.6489342693044041,2.518807838867719,0.5621099178774476,0.3988921638377862,0.9142348472859628,0.5499905355700391,0.48869873578270395,0.4734265555661974,0.7042153865625151,0.4625616587345065,0.5673581616613987,0.25063652505319145,-0.007350812920797878,,0.39461154744767146
607,graceful-sweep-420,run_42d1865a9a78d473cc5e7abf999dc2be,0.5913209915161133,0.8615954052329292,2.536281981491563,1.3035628553379661,0.49525358268116687,1.2004351954423167,0.5876962348436505,2.416086009798586,0.31260897030953805,0.49525358268116587,1.003410349738882,0.593447213745511,0.5409571656975857,0.37545270248699036,0.7368405659109083,0.5408958991493603,0.5659174486181178,0.3550015014035015,0.060893536116589056,,0.39916336563905847
608,frosty-sweep-421,run_c44944b3d4cf0af0bcf435fa92e30be2,0.5950223207473755,0.8363241863433313,2.674333151878063,1.2811244472520533,0.4696208964325643,1.1864535527773383,0.6502361199744733,2.5114589003810566,0.3809854706253949,0.46962089643256516,1.0070580788099377,0.5029325008506713,0.5131469220279127,0.400912907448201,0.692482359310093,0.5023760136927995,0.5385566780786044,0.25305393569757784,0.017710159260531193,,0.37608556808162547
609,fluent-sweep-422,run_419bca58626470808083f538a3991499,0.5470325350761414,0.9110912571793235,2.5882689167120314,1.2021857233101707,0.5295355219026323,1.163087513847128,0.7275558391831511,2.470903647250955,0.3292861655085287,0.5295355219026319,1.0027456876088,0.4837373546944395,0.5011297961543052,0.40603885323883404,0.7081629036191612,0.5420739497418996,0.5191817058203666,0.36437308119026496,0.05220071692489153,,0.4182338415611189
610,radiant-sweep-423,run_86dea0eb6b50ea9ce3309a4a3a3e94ff,0.6114869117736816,0.7763369495851947,2.1314915623298867,1.2937839545167407,0.53796117491615,1.0701614179458776,0.5384301212507978,1.8772727272727288,0.32344914718888224,0.5379611749161519,0.683692039879728,0.5753291286251856,0.4040877957626045,0.38183762730262105,0.6177550529159022,0.4346941561779322,0.6057006691284742,0.343534224158791,0.055640018506337756,,0.46296377709967657
611,trim-sweep-424,run_9eece292ddefe1eb432da756e6236453,0.43178045749664307,1.5589278876834718,4.04047359825803,1.9017687934301963,0.0,1.752373793321728,1.5589278876834727,4.04047359825803,1.9017687934301963,7.420293332589724e-17,1.752373793321728,1.0,1.0,1.0,1.0,1.0,,,,,
612,hardy-sweep-425,run_cf0330dab7cfee136e2686aa9782c90d,0.5375877618789673,0.9606636885768987,2.591317365269462,1.2612381554011372,0.6758308771216587,1.2453711030226302,0.6990172303765156,2.3808655416439852,0.4187365761212894,0.6758308771216593,0.9590125019781611,0.4708743653306006,0.4546849428728093,0.39950739073524244,0.5437631481035503,0.4404499414748062,0.4741231263188818,0.23095807917496097,-0.00838896738329878,,0.3370954341203981
613,drawn-sweep-426,run_c2203ab27cc4ba30182b103cdd5e5c13,0.6843650341033936,0.6602680280791322,2.621584104518237,1.3377258370183198,0.39928854558390087,1.21836524766577,0.48056158264199084,2.3559335873707137,0.6503474415666456,0.3992885455838998,0.8672812153821811,0.6610737392264051,0.44265606517080364,0.5399118858346902,0.5709609067636431,0.39358080309810417,0.6468305043291841,0.190177006837376,-0.18852277224261807,,0.3576225640715207
614,hearty-sweep-427,run_ed547ac5f3b0acf8c03e6dda198a5cd7,0.5989789366722107,0.806917677089981,2.538949373979315,1.190233733417562,0.5652606972253278,1.1576357018515588,0.6296107211231653,2.367909635274906,0.404535691724574,0.5652606972253275,0.9966608640607688,0.5230818941334993,0.4581035137623171,0.4398756504804776,0.625356430378827,0.5176673233125222,0.5567379562032813,0.3106295836628886,0.0012521172819958415,,0.37086186400200816
615,bumbling-sweep-428,run_5884356ec59239c095321571ebcb770f,0.6524569392204285,0.7326866624122528,2.778688078388678,1.3492987997473154,0.4271978859640208,1.3496914068681756,0.5360306317804725,2.588704409363092,0.6378900821225514,0.4271978859640201,1.0904731761354638,0.59446787591345,0.5286796216724098,0.5348435654311529,0.5312179802023569,0.4709625902914415,0.5998735592491109,0.16749202816764489,-0.17460629402342243,,0.2600291227422748
616,fine-sweep-429,run_8fd007ae68040b52a083c367f054564f,0.5682195425033569,0.9201531589023613,2.21173108328797,1.390259001895136,0.8073076532167904,1.1982354802975155,0.5484875558391827,1.9689439303211775,0.3287049905243223,0.8073076532167903,0.8935195442316821,0.5756625449026934,0.52812043320046,0.28899035852249144,0.6105320325555861,0.5090084364224153,0.535081040639588,0.34320018650139245,0.04751417439989265,,0.38160078186798574
617,zany-sweep-430,run_f161bff7d497ed1ab2d0150b6b824eb3,0.5857051610946655,0.8491129546904915,2.297087642896027,1.3014150347441567,0.6459193007419454,1.086129134356702,0.6053860880663683,2.0625748502994017,0.33795325331648685,0.6459193007419453,0.7550166165532527,0.5501180733145068,0.48716784630800297,0.3756282923091658,0.6232228090580095,0.4225489221855321,0.557259250710403,0.32798158655207854,0.048374871980625775,,0.4355586564162735
618,different-sweep-431,run_43e9d0e8ee0d2b5715e617e43a15bd6f,0.6056158542633057,0.8257562220804086,2.379776810016332,1.4390271636133924,0.4474743368228478,1.145932900775439,0.5669687300574345,2.159961894393032,0.37163613392293116,0.4474743368228485,0.7699715144801388,0.5740169632587115,0.4387958958741094,0.4574450084602369,0.6894084088338343,0.4380902086334685,0.5757313432512624,0.3066955746384853,0.029079161669934843,,0.42817661319277994
619,fancy-sweep-432,run_2d108905c73f189e53c67df1146ee271,0.508104681968689,1.0117421825143587,2.375313010342952,1.2725584333543905,0.8568147169427788,1.268990346573825,0.6816336949585204,2.1551714752313567,0.3684523057485793,0.8568147169427792,0.9124624149390727,0.4518532120568852,0.4682898346340618,0.3517456820866456,0.5487112546386345,0.42917905098241776,0.46640340246196627,0.31406492429537525,0.027740738574605506,,0.32419337681791055
620,splendid-sweep-433,run_16201b00e36a1bea26c3260620c6eea7,0.43178045749664307,1.5589278876834718,4.04047359825803,1.9017687934301963,0.0,1.752373793321728,1.5589278876834727,4.04047359825803,1.9017687934301963,7.420293332589724e-17,1.752373793321728,1.0,1.0,1.0,1.0,1.0,,,,,
621,honest-sweep-434,run_c69e5efe02ffacc24350ff4140042a53,0.5775367021560669,0.8391065730695597,2.6693794229722383,1.1049020846494002,0.4727004776908222,1.1605317297040671,0.6820676451818761,2.5781437125748505,0.3450536955148447,0.47270047769082146,1.0511473334388344,0.5604021885280202,0.5656569835199816,0.4960741308303802,0.6825207751039455,0.5410783397127782,0.5660482606053415,0.3719391026526294,0.0440062429580517,,0.41121592684425623
622,celestial-sweep-435,run_1db08a6004db053ea03e4a56aed3b7bd,0.4943203628063202,1.014754307594129,2.302259118127382,1.3621604548325963,0.6814005488362639,1.2070659914543442,0.6868410976388007,2.1556069678824175,0.297068856601391,0.6814005488362626,0.8486865010286444,0.47260592424734627,0.5019470266822715,0.3409890495801807,0.6409019016723795,0.46110268722319153,0.48602225352849343,0.3841563982415327,0.06851263015101579,,0.3861272235010627
623,cosmic-sweep-436,run_41467f3d6f948dc7dc48240810709187,0.5851946473121643,0.8637141033822592,2.3191888949373984,1.2779911560328492,0.7709523325541214,1.1509811679063142,0.5389661774090624,2.112221012520414,0.32011370814908524,0.7709523325541213,0.9080155087830354,0.5890267138320743,0.5054423514482551,0.36016218114484566,0.6193966087768483,0.4743283860222355,0.5582147998289786,0.35040995422679944,0.05943348739054932,,0.39886366532886014
624,summer-sweep-437,run_c9cf977ff671eb890e378adfb6acde26,0.6889597773551941,0.6454626675175495,2.4323081110506264,1.2077953253316491,0.6710539688992785,1.1872210792846971,0.47555839183152565,2.1771094175285803,0.5894756790903354,0.671053968899279,0.8380993828137362,0.6782770531603061,0.4210483390189779,0.5281470484947164,0.561440697707721,0.3986086276582066,0.6534502252425233,0.25279666207006524,-0.13983215876861102,,0.36978710849243485
625,playful-sweep-438,run_71df669fcab308cc7f3a0a7db896fde3,0.5848117470741272,0.8596298659859605,2.231110506260208,1.3654706253948201,0.7316902124199615,1.1802104763411931,0.5485641352903633,2.0037833424060976,0.32160454832596386,0.7316902124199619,0.8781848393733184,0.5514764735253398,0.45354887499900415,0.3338813332056316,0.6254453101262043,0.45393191587531323,0.5491900523217985,0.3390517069883192,0.061900282971718644,,0.3959617978105342
626,skilled-sweep-439,run_ae3329034adcd4f42ec87fea2aee7857,0.584301233291626,0.8615954052329292,2.378960261295592,1.2617182564750473,0.7346681573330623,1.1790552302579522,0.5670197830248892,2.1649156232988576,0.35356917245735897,0.7346681573330621,0.9511710713720527,0.5696482852313131,0.46609189873191464,0.3802102289052772,0.6309392442578128,0.4761600463190066,0.5506406946946579,0.3292954510256388,0.03495373192094845,,0.37838898696292206
627,stoic-sweep-440,run_3e831139e7c3df5105552440096d4b05,0.43178045749664307,1.5589278876834718,4.04047359825803,1.9017687934301963,0.0,1.752373793321728,1.5589278876834727,4.04047359825803,1.9017687934301963,7.420293332589724e-17,1.752373793321728,1.0,1.0,1.0,1.0,1.0,,,,,
628,ancient-sweep-441,run_029d77f471659914be42112c78378c16,0.5671984553337097,0.9165539246968731,2.2500000000000004,1.411257106759318,0.8119625978249823,1.1747111884791896,0.5501467772814294,2.0178824169842144,0.3139987365761217,0.8119625978249818,0.8772432346890336,0.5553820786358076,0.6045420857198421,0.3564680905404974,0.6238485109937418,0.5392737733517217,0.5324972043924234,0.3363174718395986,0.05554688339167409,,0.3975803431757551
629,unique-sweep-442,run_985316914f6e50bcc673a2d3814de54c,0.6051052808761597,0.8207275047862159,2.65767555797496,1.3191535060012638,0.3995019819087306,1.219488843171388,0.641888959795789,2.5449918345127935,0.4340998104864181,0.3995019819087311,1.0436698844753916,0.5146623175864139,0.5246681271124023,0.43205025061456437,0.7136004381155502,0.5141513409461865,0.5566263191844941,0.3069237004791831,-0.020308508056500002,,0.36946127745999163
630,earnest-sweep-443,run_33d403b9e337bd8c8d86d47689ac8476,0.5077217817306519,1.0476579451180599,2.3954001088731633,1.4580543272267845,0.6992072365077752,1.2611884791897454,0.6670070197830245,2.2001905280348404,0.2911054958938725,0.6992072365077755,0.8710159835417003,0.5201217606819224,0.5012780472286815,0.3908880056188743,0.6937335496850379,0.4877633533344399,0.46819751299670176,0.29477296567344125,0.07049942227763663,,0.3689351293298192
631,decent-sweep-444,run_0c236fedc50a192e31e7b373f09169c9,0.5373324751853943,0.9549712827058072,2.72632008709853,1.1228427037271007,0.342921028559813,1.0092736192435512,0.8949840459476707,2.629640718562875,0.8144662034112446,0.3429210285598133,0.9348314606741566,0.5912687472048103,0.7024183779710723,0.5394444976534815,0.7255039097770049,0.6593490872917203,0.5214838064670295,0.38705858780608243,0.10691949666112185,,0.4942031837051769
632,hopeful-sweep-445,run_f733a7d5dee51b60d78e0969707bfbe2,0.5675813555717468,0.8872750478621572,2.2673652694610786,1.2586102337334177,0.8237015956906191,1.1208339927203672,0.536490108487557,2.100898203592816,0.3060391661402406,0.8237015956906186,0.834918499762621,0.5709257255226734,0.5278972710442753,0.3561600102161351,0.5944391594710932,0.47379016266028245,0.5561823454794947,0.375339148579394,0.06806816331695995,,0.4172863409983957
633,sunny-sweep-446,run_e1b26d5a256e09a6f236342dbc2076c6,0.5817485451698303,0.8553924696873005,2.3301850843767022,1.2641692987997475,0.679306840126029,1.1885820541224876,0.6055392469687301,2.089139902014154,0.3803032217308901,0.6793068401260292,0.9388906472543119,0.5383435324676749,0.42714772954149627,0.40099383839351277,0.6189391685622261,0.45776554077698267,0.5417716655096885,0.28417456020319115,0.01985731342248211,,0.37538197715929134
634,sandy-sweep-447,run_b371ce6a71b48df1fadb9de9a5113b21,0.5368219614028931,0.8914103382259094,2.197033206314644,0.9993809222994318,0.9755564589897348,1.1025557841430609,0.658455647734525,1.9470604246053362,0.3348704990524323,0.975556458989734,0.8627710080708983,0.6085286181039025,0.46128015434849806,0.6055965265140631,0.5360222301795479,0.5305822172961506,0.5253493611339852,0.3131799622374915,0.05720005515826698,,0.40748799717770584
635,rich-sweep-448,run_e748dac6a8288dcbb2eaa9bad143a115,0.679770290851593,0.6522271857051692,2.499591725639631,1.2784207201516111,0.34432361012298,1.1699952524133566,0.47226547543075964,2.254735982580296,0.5450031585596982,0.3443236101229791,0.8438043994302895,0.6462884112598606,0.4247731406280159,0.4932838489289021,0.5631796704591485,0.40990760572916984,0.6533482507199799,0.22369344114648257,-0.10648824030833001,,0.37635660806968496
636,honest-sweep-449,run_6fbd65af488cffe3dd23ba206aeab078,0.5848117470741272,0.8892661135928527,2.62103973870441,1.3442956411876188,0.4237524138631975,1.2511156828612124,0.6717804722399491,2.48277082199238,0.3591282375236901,0.4237524138631975,1.0528881152081033,0.5241786028274978,0.5435344958928654,0.41482201577115857,0.7298848807428888,0.5463999726662844,0.5264517363364167,0.32565474224609325,0.029902578586844156,,0.35066056342962376
637,dandy-sweep-450,run_6b64eea35adb33e12ccf616704516716,0.5917038917541504,0.8635864709636248,2.806124115405553,1.2895388502842706,0.4311312125215977,1.2634594081341985,0.7116017868538598,2.6730811105062617,0.44723941882501567,0.431131212521598,1.1116315872764668,0.5001756457609374,0.5457524947764821,0.44773153912460495,0.7025908905517283,0.5365947095639,0.5166355831339052,0.2707048766822046,-0.03401445702994667,,0.33119354648815186
638,comic-sweep-451,run_d917f4d9b936439110b75f7c6459a725,0.5945118069648743,0.831576260370134,2.1435220468154603,1.3524573594440936,0.6596706982416912,1.083953157145118,0.5609955328653483,1.9048720740337513,0.31965887555274813,0.6596706982416899,0.6784301313498972,0.5836013353737233,0.43909809777084474,0.39522236056571847,0.6285738080023021,0.4258635413638804,0.5765656445955262,0.3729890352693634,0.05757529385987045,,0.46596145479109186
639,visionary-sweep-452,run_dcbec6cf9b3f21cae8ccdce72a5be4c1,0.5831525325775146,0.8608806636885769,2.3912084921066965,1.2766519267214151,0.6928956194735237,1.201281848393733,0.5990299936183797,2.131110506260208,0.4460012634238784,0.6928956194735225,0.8369678746637123,0.5446546712912551,0.43281628245547865,0.4115884493822431,0.5363244517435356,0.3952613640127006,0.5461755590387811,0.28293176766381734,-0.02319756816754318,,0.3627906369076359
640,vibrant-sweep-453,run_66d6c445197dbbb6f28bb9e71a120444,0.761837899684906,0.4899298021697511,2.756477953184541,1.3409096651926724,0.46019920723650776,1.2763332805823706,0.3509125717932356,2.5284975503538374,0.8636891977258369,0.4601992072365083,0.993946827029594,0.7582012465740214,0.48925924689139677,0.6679069693196693,0.5455248156359601,0.4056235561079121,0.7411130969332261,0.1356480818208818,-0.365925302320803,,0.29452033627387675
641,stoic-sweep-454,run_19432abf3ce29bd76bb6346fb3d982b2,0.5559667944908142,0.9618379068283344,2.349401197604791,1.3967530006317121,0.7529322085577803,1.2137363506884,0.5686790044671347,2.1267555797495943,0.3257738471257107,0.7529322085577806,0.8901566703592338,0.5879933166815622,0.5301840563902548,0.32655221402803053,0.6558892968054375,0.5367024112471144,0.5171568931994901,0.3313540856114505,0.05160263184430574,,0.390980575724821
642,hopeful-sweep-455,run_5190f8c2376047140be4827246caf86c,0.43178045749664307,1.5589278876834718,4.04047359825803,1.9017687934301963,0.000609818070942169,1.752373793321728,1.5589278876834727,4.04047359825803,1.9017687934301963,0.0006098180709429412,1.7522155404336126,1.0,1.0,1.0,0.9999556580347642,0.9999679651460789,,,,,0.0008181411967454748
643,peach-sweep-456,run_3844a68346c225ea86a5f79891cfd88f,0.622590959072113,0.775877472878111,2.5603429504627115,1.3252684775742263,0.4401361927025104,1.1128896977369838,0.5899936183790678,2.3817909635274916,0.4654074542008847,0.4401361927025094,0.8262304162050963,0.583708819169675,0.4611779099534954,0.4435169045110622,0.6918724748791286,0.43950735994793816,0.5929555475080954,0.26255213140371264,0.010669134851657283,,0.4242833369117337
644,easy-sweep-457,run_45767ace83cdec1e16652fec670e5476,0.5781748294830322,0.9016464582003829,2.3133641807294514,1.3569046114971575,0.7842057119625979,1.189341667985441,0.5618889597957889,2.0695971692977695,0.34242577384712614,0.7842057119625978,0.9175265073587586,0.5694638376928288,0.5424197949338296,0.3204329087252179,0.624643738949934,0.5153062885038067,0.5322094472789285,0.30025666195447454,0.04408307546721227,,0.3849706887147196
645,absurd-sweep-458,run_7309a74c9f5a2703ffcc51f7d34365b1,0.43178045749664307,1.5589278876834718,4.04047359825803,1.9017687934301963,0.0,1.752373793321728,1.5589278876834727,4.04047359825803,1.9017687934301963,7.420293332589724e-17,1.752373793321728,1.0,1.0,1.0,1.0,1.0,,,,,
646,earthy-sweep-459,run_1bbc16ea518918956c2d4c0c13a8cf13,0.43178045749664307,1.5589278876834718,4.04047359825803,1.9017687934301963,0.0,1.752373793321728,1.5589278876834727,4.04047359825803,1.9017687934301963,7.420293332589724e-17,1.752373793321728,1.0,1.0,1.0,1.0,1.0,,,,,
647,restful-sweep-460,run_96368d4b356244fd2d8f4be349c2cb0a,0.5812380313873291,0.8680025526483727,2.3218562874251507,1.2950979153506001,0.7485415184469967,1.1577385662288338,0.5619400127632417,2.131981491562331,0.30421983575489747,0.7485415184469979,0.9155483462573195,0.5786210210945681,0.5048159612516417,0.3476590684161798,0.6185030417408868,0.4774915011889733,0.5525468550817487,0.3506803800302748,0.06876856473312329,,0.3983389210525032
648,northern-sweep-461,run_be0797cc9fa79c9254603bc3d30c39d9,0.6208040714263916,0.7765666879387364,2.5146162221012527,1.2828174352495267,0.4299014127451977,1.0900379806931477,0.6066624122527128,2.323870440936311,0.48034112444725136,0.42990141274519694,0.8365643297990193,0.5823634668402089,0.4523907062266533,0.44354372186572166,0.6754929269968561,0.47076088964074,0.5875510586913921,0.28675971916023185,-0.0018737278885763936,,0.4303518491773497
649,devout-sweep-462,run_0b4f5bc4cd73d063c1b96300b37a2591,0.43178045749664307,1.5589278876834718,4.04047359825803,1.9017687934301963,0.0,1.752373793321728,1.5589278876834727,4.04047359825803,1.9017687934301963,7.420293332589724e-17,1.752373793321728,1.0,1.0,1.0,1.0,1.0,,,,,
650,smart-sweep-463,run_598b2f9c9b6d80058fcafe37b73ca7d0,0.5657945275306702,0.9168347160178686,2.7127109417528588,1.2683133291219206,0.5320764305315582,1.2346652951416364,0.7124696873005737,2.5858737071311935,0.37143398610233747,0.5320764305315576,1.069575882259852,0.5026015602295728,0.5080426368344926,0.3962230629250072,0.6580439317463069,0.5263548711611814,0.5019088746406181,0.3157832215122401,0.021744730014363445,,0.35746743958253613
651,fluent-sweep-464,run_9f4dd6c02913d5572a5367af5ab0db27,0.5671984553337097,0.8980472239948948,2.2535383777898756,1.3637523689197726,0.8196259782498222,1.171134673207786,0.5738098276962347,2.0118399564507357,0.34495262160454715,0.8196259782498221,0.8293559107453714,0.5695174273509824,0.5356537113272947,0.31981914248315935,0.5910931942242866,0.47574102459780565,0.5537170078217369,0.3160691243424441,0.07662109355305566,,0.3931139721970269
652,silvery-sweep-465,run_ae909e3414bff5320d85f8df7300592e,0.5289087295532227,0.9757498404594767,1.998992923244421,1.394175615919141,0.878117694887692,1.114100332331065,0.556707083599233,1.6819542732716388,0.2518130132659521,0.8781176948876929,0.71216964709606,0.5638892172829795,0.4527141168171374,0.33609344571081956,0.5841064906455424,0.4701280152306999,0.5273726312292035,0.36331023732189366,0.09772986725309901,,0.4767724353631373
653,ethereal-sweep-466,run_8c44bd0a190879574249c0560ba69bd5,0.539757490158081,0.9196936821952777,2.6559335873707135,1.2199494630448517,0.5332249212318325,1.1910270612438678,0.7327377153797054,2.5280076211213935,0.3614276689829435,0.5332249212318331,1.0297357176768467,0.4869461974840823,0.5167949748154598,0.4015239600293714,0.6920415186930691,0.546303649488998,0.515670847412636,0.35023058659311584,0.029548244316401153,,0.39742519438540713
654,divine-sweep-467,run_1d28ab8f47b8b6e99281e3f8aa4f96cb,0.5608168244361877,0.9375366943203575,2.6359009254218844,1.2629816803537588,0.4842565301351764,1.1983383446747904,0.685079770261646,2.5197332607512246,0.33335439039797843,0.48425653013517767,1.0171071372052538,0.5275185601707484,0.522738567676964,0.3869115346550458,0.7240135774732195,0.5270931060636613,0.5087182287648506,0.34905304978483354,0.0480751160589889,,0.3870997880081249
655,playful-sweep-468,run_3e87d68ecf1d56ae24ae1f7bf7b25a8d,0.5412890911102295,1.0097000638162092,2.2074850299401207,1.4598989260897033,0.7716332960666735,1.1973017882576358,0.6054626675175498,1.9918072945019067,0.31066329753632316,0.7716332960666747,0.8489397056496288,0.5878339873151758,0.5554195863247217,0.34717156721897646,0.6363770448960204,0.5334602415865145,0.49278161994970165,0.35310994830989706,0.0571434295373007,,0.3970062102008785
656,sandy-sweep-469,run_ebf5411679de3b6561bb0c15076b06cd,0.5176770687103271,1.0050797702616465,1.995781164942842,1.594403032217309,0.644801300945218,1.1174869441367303,0.5736311423101474,1.7331790963527498,0.24440934933670233,0.6448013009452177,0.5885424909004592,0.6079228943327205,0.4894684792790314,0.4528752035245666,0.68817121715484,0.502514612798951,0.5299301810057869,0.39874963333489294,0.09377331447412043,,0.4919554710980681
657,dark-sweep-470,run_3b00ec9f8822271aa4c9b1264584be57,0.5130823254585266,1.0201403956604977,2.4006260206859014,1.2710928616550854,0.7997154182335603,1.2148520335496122,0.7047351627313345,2.226973326075123,0.36448515476942456,0.7997154182335615,0.9404257002690294,0.4949988437177928,0.45784398731004733,0.37526322510615207,0.5833819753617843,0.44873804429521097,0.4611414319270878,0.35028447504469407,0.026099002043358296,,0.35715619852068037
658,usual-sweep-471,run_3fb2ab98aa810dbb92ce767b523defff,0.6483727097511292,0.7203063178047224,2.6158682634730552,1.2801642451042328,0.4898160382152658,1.2681753442000316,0.5453477983407787,2.353048448557431,0.6312444725205298,0.4898160382152661,0.9606108561481255,0.6109483578520772,0.43278183703158035,0.5331288510040545,0.5705077950718852,0.3995383289465795,0.6110450538699927,0.18896554738957352,-0.17072075133005274,,0.3011589531250645
659,sandy-sweep-472,run_01281e7f5d92e47ffacc0e2cc5b64ad4,0.43178045749664307,1.5589278876834718,4.04047359825803,1.9017687934301963,0.0,1.752373793321728,1.5589278876834727,4.04047359825803,1.9017687934301963,7.420293332589724e-17,1.752373793321728,1.0,1.0,1.0,1.0,1.0,,,,,
660,flowing-sweep-473,run_943567c19b455af53f30d7a59e14d0e8,0.536439061164856,0.9434588385449906,2.808138268916713,1.1607454200884397,0.4702612054070535,1.1521047634119321,0.8094958519463942,2.7243059335873716,0.4301831964624133,0.47026120540705296,1.0361370470011084,0.499209356475755,0.5557740097517528,0.44542939692877437,0.7427506216568727,0.5526755060994605,0.49029463060701595,0.31899111503942934,0.052380522044979845,,0.4205191791802568
661,colorful-sweep-474,run_739f909d1119bec1ee8bb77a87ffc778,0.5470325350761414,0.9810082961072112,2.605307566684813,1.2806190777005688,0.637483484093912,1.2717202088938122,0.7231397574984048,2.483805117038651,0.3646873025900185,0.6374834840939111,1.033818642190219,0.5279201150667192,0.5433779245664451,0.3916136704657919,0.6778080895052763,0.5571515269476397,0.47707004806884973,0.3410645845716831,0.02524924585472608,,0.34216914635864465
662,twilight-sweep-475,run_0353d32df49db7543c867879fd96d188,0.5550733804702759,0.9409827696234844,2.6791780076211222,1.3123310170562226,0.5524545177355422,1.2693701535053015,0.6841352903637525,2.4667664670658693,0.41012002526847896,0.5524545177355417,0.9822361133090686,0.49150766775078497,0.4834849272690825,0.4078333812214666,0.5767771156360715,0.45028349334972106,0.4858585087772153,0.2186992389819035,-0.0042989017949338956,,0.31755657873480925
663,glowing-sweep-476,run_a42d0b208cd6c79d77fe6bcb06833d6d,0.5028717517852783,1.102003828972559,2.2391126837234627,1.626595072646873,0.8380628112613071,1.2871498654850453,0.5773324824505432,2.0526129559063695,0.3274415666456092,0.8380628112613063,0.8631429023579685,0.5920381617885452,0.5338469119422072,0.3384319828879737,0.6328225142569082,0.5150530512685214,0.46333551113207516,0.3522003826505076,0.0397112345615066,,0.3507577358792671
664,magic-sweep-477,run_c1ba42e81c95ab84d9bab0c490a6228c,0.5853222608566284,0.8731078493937461,2.2867991290146987,1.3614024005053695,0.7621201341599757,1.1809305269821175,0.5162986598596042,2.075149700598803,0.33729627289955766,0.7621201341599771,0.8930843487893654,0.591698324319979,0.5464772911182261,0.3047196947929636,0.6476344179603637,0.528726682277091,0.5588366976497581,0.3339301779767899,0.0483199018640878,,0.39854813117874416
665,zany-sweep-478,run_837b84f1315c4d4c5f45a141d3e39a3e,0.5134652256965637,1.1061646458200383,2.231600435492652,1.7750221099178773,0.816861469661551,1.268262383288495,0.5549457562220802,2.0375884594447484,0.4142387871130757,0.8168614696615515,0.8202801076119642,0.6505356129592261,0.6335035624701275,0.3609414807010823,0.6785324027692438,0.5996985056744791,0.4779142169790097,0.35930870503247186,0.05208346124656007,,0.3720722729671608
666,generous-sweep-479,run_18ce4fcfa0b82fc940fce0c0533baa8b,0.5323548316955566,1.056643267389917,2.459254218835058,1.599861023373342,0.6799674763695497,1.2728675423326477,0.6066113592852584,2.296053347849755,0.3287302590018951,0.6799674763695508,0.9522471910112357,0.6379134307087824,0.553320834277099,0.4051532420266258,0.7215652056070878,0.6002198124396201,0.4853750645863977,0.3361188935722688,0.0408268030743584,,0.37487719958304183
667,peachy-sweep-480,run_060ccbc1b70c8612c30f361f91bc0dd7,0.5354179739952087,0.9170899808551373,2.125557974959173,1.32367656348705,0.7265474133550157,1.0733106504193701,0.6047479259731964,1.8413990201415367,0.286885660138978,0.7265474133550152,0.659922456084823,0.5342700649780004,0.43159162319480937,0.35479471953516584,0.5801634822363669,0.4139502811369162,0.548944137469545,0.3309458121944699,0.07689027423647808,,0.47096206612994684
668,neat-sweep-481,run_ccadd8a470f4babd02c9a08e29d6f4a8,0.5499680638313293,0.9543075941289089,2.1492923244420257,1.4051926721415038,0.8686655147880882,1.1335021364139897,0.564211869814933,1.9077027762656509,0.3709033480732782,0.8686655147880882,0.8041304003798071,0.5853606034724,0.5241338233190649,0.28124924177122246,0.6015458540810805,0.4646066376619079,0.5369091830319797,0.33943907061103923,0.06338750267808785,,0.4161046961013025
669,classic-sweep-482,run_54156ee0c9269b0b8b3b3017071a9886,0.5795788168907166,0.8480663688576899,2.2740609689711495,1.3148831332912194,0.6959752007317818,1.1887561322994145,0.5518570516911303,2.0066684812193807,0.35195198989260895,0.6959752007317822,0.8923959487260648,0.5288155697833397,0.41293835335976725,0.3582512849982441,0.6194732054544517,0.4390300356989354,0.5548458299653763,0.29360100448195037,0.041964700057990884,,0.38807754104738523
670,crimson-sweep-483,run_f95ed94309e795b392364e608486a764,0.6395660638809204,0.7553031269942567,2.5719923788786074,1.2684902084649403,0.4561032625266796,1.2419528406393419,0.5459859604339499,2.385492651061514,0.5009602021478213,0.45610326252668004,1.003671467004274,0.6139716207664188,0.4553022249980154,0.44334402834977493,0.5767418916469162,0.47688421909035544,0.5989910449451129,0.271811894809967,-0.06369224771203241,,0.3281698322439944
671,atomic-sweep-484,run_464e7e681b2a999f21e56b7096932093,0.5791959166526794,0.8761965539246969,2.453048448557431,1.311825647504738,0.5901311108852527,1.2357255894920083,0.6082195277600513,2.2339956450734904,0.3967024636765638,0.5901311108852517,0.9589096376008857,0.5304601633072098,0.4440539549654245,0.37956278134278326,0.6095013841269841,0.44686475544513854,0.5276539384365045,0.28233087941076446,0.00935341522043168,,0.3440420173889632
672,wise-sweep-485,run_09950160047388f1c670fdfb7b5ebc88,0.5523930788040161,0.8628717294192726,2.0258301578660864,1.2351105495893875,0.7861774570586442,1.0771957588225984,0.5170389278876839,1.7508165487207408,0.3462413139608341,0.7861774570586426,0.7360658332014561,0.5286106777752039,0.4248180973870703,0.35821281486447654,0.560275699308212,0.4336678936580922,0.5770399709999691,0.3529537369920259,0.08527577051502977,,0.4503715443870042
673,fast-sweep-486,run_f6d072254cb9074b49a95c0f225ac785,0.5720484852790833,0.8730567964262923,2.5908274360370176,1.180075805432723,0.5618050614899889,1.1824655799968349,0.7195915762603696,2.4508165487207405,0.4185596967782682,0.5618050614899884,1.0465579996834946,0.5175954600925838,0.47479147985970754,0.45238770232736325,0.6342419381339087,0.5180338088837475,0.5110565867541443,0.2999953185744396,-0.011641886241520924,,0.36346611465888673
674,classic-sweep-487,run_91b64cd4ccd1c5fe84d57dde62008dd1,0.5269942283630371,0.9610976388002552,2.182607512248232,1.3681490840176882,0.7990751092590711,1.191216964709606,0.567887683471602,1.8961622210125213,0.3021225521162351,0.7990751092590707,0.8131033391359394,0.5109635257118109,0.4621829207778352,0.30566564505315585,0.6310883870053228,0.4754016425978718,0.5207448564423333,0.3277526969541078,0.06521531364640437,,0.4046080936525167
675,celestial-sweep-488,run_d3399d838df79f788d63b917f1a254e0,0.5098915100097656,1.0134779834077856,2.5060152422427877,1.414718888186987,0.6249822136395975,1.3009811679063141,0.6488576898532233,2.326374523679914,0.30181933038534436,0.6249822136395965,1.095648045576831,0.5630216700469525,0.465141129157002,0.36334706126488525,0.7087625415933725,0.5624681920903754,0.5024316988606596,0.3187407005238109,0.06390419241309746,,0.3338864015666618
676,unique-sweep-489,run_106ba107a019f1b5f1582c99970d340f,0.6432673931121826,0.7434077855775367,2.498557430593359,1.2449399873657616,0.5930785648948065,1.1756053172970407,0.5689597957881303,2.284948285247687,0.49934301958307115,0.5930785648948059,0.8379411299256205,0.6195641711894173,0.4655220894843904,0.48912332790601154,0.5645663844859283,0.4036088501529025,0.6010198350103925,0.2685861366726675,-0.0718022945196829,,0.37975521351386843
677,generous-sweep-490,run_e7aff4222d04598c03ef5adbce4e7284,0.5987236499786377,0.8207275047862157,2.0915351115949923,1.2383449147188885,0.815804451671918,1.1195758822598514,0.5253860880663688,1.7949646162221014,0.36008843967150916,0.8158044516719176,0.7261275518278208,0.608923684527626,0.38994272859055257,0.400726622609584,0.5518761400708855,0.43471630333842465,0.5788122321012213,0.31048301430085185,0.03497383933052807,,0.44357690696270596
678,frosty-sweep-491,run_15710e6b74ed29c14bfed3e7d456f6ee,0.5682195425033569,0.9085896617740907,2.1383505715841054,1.3036891977258371,0.9122878341294847,1.136698844753917,0.6039566049776649,1.860179640718564,0.3345925457991161,0.9122878341294838,0.7960753283747436,0.5780816397163324,0.5315821951428714,0.3245816173418894,0.5726683598413209,0.49372608183833655,0.5402874348843311,0.32699851825048204,0.04463628956047274,,0.4123691248610645
679,crimson-sweep-492,run_7ce473b6b49362a8b5c5d78b211ae4f9,0.5638800263404846,0.905654116145501,2.178089275993468,1.3132912192040431,0.8316800487854457,1.1056417154613072,0.5777919591576252,1.8822808927599348,0.32590018951358224,0.8316800487854447,0.7506330115524605,0.5668256643163527,0.41218429118418354,0.33674648022220094,0.5395498959095589,0.4208988443277353,0.5404002852520428,0.3102668497031106,0.05538756150697696,,0.44945133737435683
680,frosty-sweep-493,run_026476ee20f24b501f5db9d43b3c8920,0.5739629864692688,0.89531589023612,2.6088459444746883,1.1865698041692991,0.5373107023071451,1.1573587592973573,0.6876834716017873,2.505307566684813,0.34237523689197735,0.5373107023071433,0.9907817692672887,0.5054618856569064,0.5157905033579858,0.4135446796283881,0.7052976917079913,0.5299481206119274,0.5209287536907923,0.35952311234494316,0.041809966023977324,,0.4148517893204664
681,deft-sweep-494,run_982fdfaf487550a862ded0d8b2801353,0.6160816550254822,0.7978557753669433,2.6970876428960278,1.255148452305749,0.43862181115967075,1.2085377433138156,0.6568985322271852,2.5527218290691347,0.40195830701200386,0.4386218111596711,1.0737379332172823,0.5184537108041829,0.5036986246235907,0.4236706254190212,0.7178158830268423,0.5500256098156586,0.5631752049854375,0.2959366261043887,-0.00048465291562882723,,0.380321248992316
682,whole-sweep-495,run_2be5c079a19c300673ae1e413977b60c,0.5553286671638489,0.935341416719847,2.622291780076212,1.2608338597599498,0.5283463766642951,1.1997547080234217,0.689112954690492,2.497087642896027,0.33327858496525653,0.5283463766642975,1.0360104446906155,0.4959597036707957,0.5262993466594054,0.36855186284838615,0.7002741263612469,0.5337222302359464,0.5040392663936231,0.33434003513823946,0.04873439215101504,,0.3876930049816435
683,fragrant-sweep-496,run_ce0008fa5508528068f2eed544159187,0.5700063705444336,0.8652456924058712,2.4239793140990753,1.2098420720151613,0.3943795101128163,1.1623912011394206,0.6495979578813026,2.1957811649428423,0.3996841440303222,0.3943795101128173,0.8582766260484245,0.5235898709879028,0.458981630822579,0.4159322223286403,0.5690978611983387,0.43630682853219216,0.5408876715678357,0.283743263199169,0.0033597317893270602,,0.37995309423179946
684,lemon-sweep-497,run_ccb2fa0f21a1cc33aa5cb770b5978071,0.5580089092254639,0.9080280791320996,2.4110234077299952,1.376058117498421,0.4920723650777518,1.0531254945402753,0.6736439055520097,2.2206042460533495,0.47862286797220416,0.4920723650777507,0.7455293559107465,0.5611955579069614,0.44815867557500555,0.4714037608147368,0.7111408796553272,0.46470001506611347,0.5473003681106671,0.3443606131954659,0.07413778081109988,,0.4807431416483138
685,treasured-sweep-498,run_6a017b1d089431d4ca74afe50659c722,0.5526483654975891,0.9654371410338227,2.4178824169842144,1.4285912823752374,0.6578514076633803,1.2123437252729863,0.5750350989151236,2.267528579205226,0.3078837650031591,0.6578514076633786,0.9581895869599621,0.5895578674525824,0.541866047647396,0.3460361395779459,0.6863228919532036,0.5387726466069859,0.5195391300449643,0.37131139142166686,0.06076632185375616,,0.3876076610625294
686,rare-sweep-499,run_89ef24fb6271aa30ede07a57ac97ca8c,0.6236119866371155,0.7744990427568603,2.5466249319542746,1.267226784586229,0.46070738896229285,1.1055230257952209,0.6078621569878746,2.363935764833969,0.47730890713834506,0.4607073889622927,0.8483779078968184,0.5834483962137098,0.45577405347737043,0.43345959837818854,0.6829397666183188,0.4613327019855774,0.5881092969409951,0.27847341194152014,0.01454753006587878,,0.4136183687838461
687,stellar-sweep-500,run_fdd9e7dc60fb0f56759dbcf3041c8fa4,0.5945118069648743,0.8398723675813657,2.7459172563962997,1.3077321541377136,0.46177457058644167,1.3118689666086407,0.6082450542437773,2.561594991834515,0.48246367656348726,0.4617745705864421,1.0430764361449596,0.5374266835570436,0.5075439911558797,0.4467855888644128,0.5660323299460943,0.45443621647591603,0.5455916049880221,0.21192339078776395,-0.05348449319087555,,0.2859884421248581
688,ancient-sweep-501,run_eab90fe149bcd9e57ed5a23d2da7c239,0.6077855825424194,0.8187364390555203,2.4240881872618405,1.3459633607075177,0.4290781583494258,1.1398797278050323,0.5875686024250162,2.1952367991290163,0.3804548325963367,0.4290781583494255,0.778762462414939,0.581757271629896,0.42485060018035375,0.4205299620087476,0.6637059305564599,0.4105628324402997,0.5701793920011812,0.26043656778957885,0.014970585851186323,,0.4154381082849695
689,helpful-sweep-502,run_d97b89a427ac8d4069e8b936c0e2b3b0,0.6187619566917419,0.7791959157626037,2.4688350571584112,1.298963992419457,0.5175017786360403,1.0755578414306062,0.6014805360561587,2.283206314643441,0.4448894504106144,0.5175017786360397,0.7754628896977372,0.5753128453865742,0.43257077549773704,0.4334897679021805,0.6651055228677333,0.44646550994855605,0.5881777409014667,0.3226535102088425,0.0433214742872384,,0.4477471882378713
690,usual-sweep-503,run_e3ce23b39058a956209320c851a12750,0.43178045749664307,1.5589278876834718,4.04047359825803,1.9017687934301963,0.0,1.752373793321728,1.5589278876834727,4.04047359825803,1.9017687934301963,7.420293332589724e-17,1.752373793321728,1.0,1.0,1.0,1.0,1.0,,,,,
691,balmy-sweep-504,run_f0924b6c6520b951a2e439aa77052296,0.5406509041786194,0.8686917677089981,2.807049537289059,0.8524952621604551,0.5215977233458685,1.1302025636967874,0.8686917677089981,2.689902014153512,0.5135186355022106,0.5215977233458691,1.1302025636967878,0.8175323290246418,0.759165286756947,0.6940671391629154,0.6515708453861764,0.7120418136450422,0.5497225309871153,0.37666032622866225,0.02843575904307056,,0.41187563861346155
692,lyric-sweep-505,run_865b4e9b13d18fd9024d7eb1fba8e1f2,0.5994894504547119,0.817204850031908,2.0900653238976603,1.2589892608970312,0.7288647220245961,1.092934008545656,0.5688321633694965,1.820930865541644,0.32976626658243885,0.7288647220245963,0.7777259059977847,0.583573847632037,0.37631391689451504,0.3894914280241356,0.5597762201846244,0.4424058048492239,0.5694927869592757,0.2828583882823745,0.05684869177275855,,0.4394423400963423
693,vibrant-sweep-506,run_8ad7c194ddfdcf885d80faa5c830a6b4,0.43178045749664307,1.5589278876834718,4.04047359825803,1.9017687934301963,0.0,1.752373793321728,1.5589278876834727,4.04047359825803,1.9017687934301963,7.420293332589724e-17,1.752373793321728,1.0,1.0,1.0,1.0,1.0,,,,,
694,lyric-sweep-507,run_6f233048f4c9e663563bcb0c54460848,0.5962986350059509,0.8700446713465221,2.7181001633097455,1.3382059380922302,0.3487752820408578,1.2533628738724483,0.6794639438417371,2.61271094175286,0.409665192672141,0.3487752820408572,1.0914543440417785,0.5409183945776104,0.5556589585530483,0.4360412476455001,0.7720876689176464,0.5725910116090283,0.5407470546827862,0.3341251429533509,0.027773198598238152,,0.34758193555992056
695,astral-sweep-508,run_6129c3909dbf1b286adf39de1f5ed907,0.5705168843269348,0.8683854499042758,2.669814915623299,1.105685407454201,0.5127756885862385,1.1671071372052542,0.6722910019144865,2.5798856831790964,0.33661402400505414,0.5127756885862401,1.044445323627157,0.542971981144208,0.5866336701530289,0.4919388308910385,0.677697181978337,0.5527833831255697,0.5512747459499011,0.3881885246894619,0.04985210214531423,,0.41139221616105964
696,soft-sweep-509,run_702af4dc3dce7c9606d057172ca9003d,0.5190810561180115,0.9810082961072112,1.9654599891126845,1.2972204674668353,0.9491005183453604,1.0929498338344676,0.5956094447989795,1.667691888949375,0.26414403032217415,0.9491005183453604,0.7511394207944305,0.5250752508920734,0.4381316428312007,0.330391246049229,0.5474857808921737,0.44895397468229775,0.5146759515834896,0.381480092758916,0.08899551398851173,,0.47297894788165534
697,feasible-sweep-510,run_d662ae10c4ddba34293e302c035ac149,0.5626037120819092,0.8898532227185705,2.3468426782798053,1.2115855969677827,0.7351763390588474,1.1404731761354645,0.5733758774728782,2.155879150789332,0.33365761212886896,0.7351763390588478,0.938210159835416,0.5543151318397501,0.4670000739948658,0.41360725345592697,0.6227478446209913,0.4884785417963023,0.5490600764513301,0.33297329589364716,0.04660094444446478,,0.4060595505745661
698,driven-sweep-511,run_cdb79a5856d879ca52a79859237deee6,0.5891512632369995,0.8326228462029356,2.506341861731084,1.3041945672773216,0.5494359182843784,1.279229308434879,0.5560689215060618,2.2716113228089294,0.47953253316487715,0.5494359182843781,0.9638946035765149,0.5357117542770554,0.4351750090797635,0.4140376081473678,0.5357480909292782,0.43598423377210055,0.5602072553270782,0.238457617313788,-0.04106162842310071,,0.31270960480621096
699,bright-sweep-512,run_78cebfa11773790a506587dde656e9fb,0.6820676326751709,0.6545245692405872,2.542651061513338,1.3182438408085915,0.388098383982112,1.2222187054913753,0.485232929164008,2.301061513336963,0.6073404927353129,0.388098383982112,0.8757081816743149,0.6516868309040453,0.4349457852386925,0.5280868690738435,0.560928568473835,0.3931099646383542,0.6516911067725757,0.24003478340976284,-0.15357986459644826,,0.3431922244763502
700,feasible-sweep-513,run_f31cc63ddfefde161f5399efb6f66835,0.6005105376243591,0.8051308232291002,2.1510342950462715,1.2419330385344285,0.7837991665819697,1.1023421427441051,0.5321506062539881,1.8662221012520415,0.34346178142766925,0.7837991665819691,0.7832884950150335,0.5960997015369809,0.3730214332462784,0.3899621683746768,0.563119034612588,0.44294998146526143,0.5842645065257801,0.2850903472328066,0.04622178025387408,,0.43777684442511416
701,fragrant-sweep-514,run_cd5dc35f0a16e718b225f11c0c24b013,0.5922144055366516,0.8833694958519464,2.695617855198695,1.265634870499053,0.5200528508994817,1.2269742047792371,0.7066241225271223,2.572808927599348,0.37593177511055115,0.5200528508994814,1.0648915967716415,0.5307788872108454,0.5412061762652131,0.4033050793346742,0.6977500837930791,0.5227601662651866,0.5207794415821311,0.33870753750592786,0.01838093146597363,,0.35828157880433814
702,youthful-sweep-515,run_d5dfa3ecfcde277ee99d9f18a798a203,0.5467773079872131,0.9234971282705807,2.7756396298312476,1.2466329753632346,0.46079886167293427,1.1907738566228836,0.7330695596681558,2.6439031028851416,0.3645862286797208,0.4607988616729337,1.001772432346891,0.4797486167097428,0.5348022208933679,0.3959916036139578,0.6991096954994298,0.5193855697855169,0.5107568443408976,0.2779334356286275,0.03380543939163023,,0.3870140415794529
703,fancy-sweep-516,run_f1fb4342adf630ea83076e3198d5fa2c,0.5483088493347168,0.9099170389278877,2.427898747958629,1.4311433986102338,0.51771521496087,1.2069235638550404,0.6178940650925331,2.25119760479042,0.3107391029690472,0.5177152149608703,0.9166877670517483,0.5629654967844936,0.5054553159674794,0.41826293777735213,0.6992392793435017,0.5228874103435749,0.5479290021000998,0.30436519717729893,0.05674513119618646,,0.4017932558773805
704,dutiful-sweep-517,run_6a33a5035710b944f15f5836ecf342db,0.5577536821365356,0.9386088066368857,2.6081927054980953,1.2876437144662034,0.568675678422604,1.194484886849185,0.6807402680280797,2.5024768644529125,0.36819962097283726,0.5686756784226035,0.9720446273144484,0.5250589080104355,0.5397775397789889,0.3617381796124254,0.6777451166283565,0.5298380925954245,0.5068284129639068,0.3543522525099802,0.02431925008474973,,0.39628493168470086
705,distinctive-sweep-518,run_20d1140dc047f161b193279b4ab67129,0.5955328941345215,0.8326228462029356,2.6908818726184007,1.3216045483259635,0.4535725175322696,1.2228438043994303,0.6407147415443526,2.555117038649975,0.43407454200884465,0.4535725175322695,1.035978794112993,0.5128970757190784,0.5317432434164789,0.42117453628324236,0.6991646038627053,0.5036573020379911,0.5515757289009195,0.26630990307529895,-0.02064254578952201,,0.35395764141732555
706,crimson-sweep-519,run_6bc45b566851cd2c06aa596b2895415b,0.5372048616409302,1.0118187619655392,2.397632008709854,1.4391282375236893,0.7499034454721009,1.2104605159044153,0.6042118698149332,2.224197060424606,0.35831964624131424,0.7499034454721016,0.8932900775439149,0.5926289210534685,0.5482983817032686,0.3567067330715449,0.6495485616594558,0.5287006701093943,0.49829851399441794,0.3537304088172337,0.028668512851484484,,0.39063758121483844
707,expert-sweep-520,run_a99672bb3b291126cf7630c08d2845ec,0.609444797039032,0.8172048500319081,2.4915895481763752,1.2754895767530006,0.7389063929261104,1.2988922297831937,0.5722016592214421,2.2632825258573774,0.5235249526216047,0.7389063929261099,0.9760088621617349,0.5719071625524692,0.4442974472590195,0.4572189764709638,0.5135492498661846,0.4264426689009821,0.5550281287871373,0.24119221872708582,-0.07273450021725601,,0.2981189061733623
708,icy-sweep-521,run_1f6a0f52e5a9579b5112308db26d84b3,0.6019144654273987,0.8462029355456286,2.565895481763746,1.2937839545167407,0.46520987905274924,1.1891201139420795,0.6390299936183793,2.4559335873707138,0.3215034744156663,0.46520987905274935,1.0183810729545821,0.5450859738335412,0.5328325400444766,0.3897626344858411,0.7264354706853858,0.5459576297161522,0.552417363583524,0.3548072051817093,0.05560560101359969,,0.3943576200264096
709,deft-sweep-522,run_9f68e9b77c0e8c6561717d54846e13da,0.6283344030380249,0.763854499042757,2.5761839956450747,1.3365129500947568,0.3849273300132127,1.11300838740307,0.5976260370134023,2.393930321175831,0.5284775742261525,0.3849273300132133,0.8395948726064248,0.5702550834576602,0.453398681294013,0.4624596941544552,0.6990840936640182,0.45162131135152006,0.5986924883827466,0.28455888359106124,-0.0032567319948753394,,0.42029444951311734
710,worthy-sweep-523,run_7a60659b9682f44d36a2e9db10f66a8c,0.5862156748771667,0.8745118059987237,2.5851115949918353,1.2504990524320911,0.5108141071247079,1.2108086722582687,0.6694320357370781,2.443249863908547,0.3429564118761846,0.5108141071247088,1.0294033866118057,0.5261925087799715,0.5121602413362921,0.37600229863039936,0.7053617420972325,0.513172871727244,0.5281227570906399,0.32388763023298406,0.04194454754740123,,0.3694520500638021
711,honest-sweep-524,run_f7da0084687d549eaf56859d511abe5a,0.5795788168907166,0.8781620931716657,2.562302667392489,1.229930511686671,0.4986787275129586,1.1706994777654693,0.6465347798340781,2.443739793140991,0.30990524320909796,0.4986787275129583,0.996573824972306,0.5432562353609791,0.5400621318783227,0.39354244484883316,0.727106208164595,0.5259180358196031,0.5468419478596231,0.38480678462587464,0.06532641628960224,,0.4053213348751779
712,sparkling-sweep-525,run_a4ba7cede5c982def37717ec8f9f0387,0.5651563405990601,0.8547287811104021,2.5900653238976603,1.2633101705622238,0.5140359792661855,1.1548346257319198,0.6585322271857055,2.452667392487754,0.3687807959570439,0.5140359792661849,0.9729071055546777,0.5185537228155528,0.5135345503856003,0.3945324521916802,0.6830534483496102,0.4740508404768564,0.5428765894890576,0.29347755389312524,0.02786607091168998,,0.38681656328331004
713,balmy-sweep-526,run_0675eef25d255853ca06933f5775d926,0.5798341035842896,0.8563624760689216,2.282879695155145,1.3331017056222363,0.7390181929057832,1.215888589966767,0.5442756860242497,2.018862275449102,0.3741377132027796,0.7390181929057821,0.917202088938124,0.5359089552703911,0.4717321540943738,0.3497051687258564,0.6130357879523878,0.45647102432149195,0.5513060383356267,0.28960582559058784,0.027863549085775312,,0.36611159963378886
714,kind-sweep-527,run_c790de622065eb822a920844c223ff00,0.5980855226516724,0.8571282705807276,2.7425421883505727,1.3192293114339864,0.34358166480333374,1.2029197657857256,0.6661901723037654,2.651306477953186,0.47334175615919283,0.34358166480333296,1.043179300522235,0.5529153209626827,0.5503548111443567,0.44808926348050954,0.7709862867449487,0.554506153111698,0.5533410148925283,0.326548970946009,0.038076618800867684,,0.38868673141851
715,sweepy-sweep-528,run_709497bb4707fcd3df3be6ba35f18f5e,0.6085513830184937,0.8065858328015316,2.124197060424606,1.2943651295009477,0.8376054477081005,1.1973650894128818,0.5154818123803453,1.8524496461622209,0.40051800379027136,0.8376054477081,0.8478635860104443,0.6164400339434101,0.4034166115774436,0.38654918111292025,0.5246218550740751,0.3878869232504141,0.5901916540916791,0.27544608422582173,0.013081103559586528,,0.40712123998331595
716,stellar-sweep-529,run_2a06d5d0a9043b80bc34dd8e203427e1,0.5492023229598999,0.9618634333120613,2.32387044093631,1.4356411876184463,0.7339058847443847,1.211259692989397,0.5506317804722389,2.131709308655417,0.32963992419456717,0.7339058847443847,0.9327662604842544,0.5984294926553259,0.5191423982412373,0.3122802732816141,0.6601537778908042,0.5227668810444212,0.527666324685534,0.3438707033747135,0.04475519836432584,,0.38957156324443093
717,faithful-sweep-530,run_d801c522d04576a11edecc7433b3b13e,0.5591576099395752,0.9059093809827696,2.7207131192161143,1.2979532533164881,0.41866043297083044,1.2576277892071532,0.6953669432035728,2.5566412629286885,0.4047883765003166,0.4186604329708307,1.0367225826871345,0.4734614542554392,0.49894061043064947,0.4124695910353414,0.6299719228318545,0.4917188443001206,0.5162586075920108,0.26017833498989346,-0.0005395273586585313,,0.33154657631813567
718,genial-sweep-531,run_2749d868d79b2ffa66bd82645ddda90e,0.5521378517150879,0.9372303765156352,2.3137996733805126,1.3047252053063805,0.8131110885252567,1.2281927520177243,0.5425398851308237,2.073298856831792,0.3453316487681612,0.8131110885252568,0.9240940022155408,0.5574732247613976,0.5282554566436591,0.33051144526386367,0.6173966730139772,0.5042775541592828,0.533008547961077,0.3332127758929409,0.03921287884753735,,0.36997032776361666
719,radiant-sweep-532,run_ec48756c93789dc7a9fbb66902dad044,0.5527759790420532,0.9278876834716018,2.3984485574305943,1.2652053063802908,0.6764610224616323,1.182141161576199,0.6029355456285895,2.224251497005988,0.34540745420088437,0.6764610224616322,0.9277021680645668,0.5335865780272815,0.49860661242748977,0.36334881716310696,0.6337489356108172,0.5047040727636226,0.5255025732193831,0.34839815432484567,0.039500340658879286,,0.393193956232959
720,gentle-sweep-533,run_9a04e53c85a9562a7fb617857e1c2924,0.5790683031082153,0.8812252712188898,2.298720740337507,1.3062160454832596,0.7009655452789918,1.1448726064250674,0.5249776643267385,2.1081927054980962,0.308288060644347,0.7009655452789929,0.8936619718309863,0.5841777357184785,0.5409301766288485,0.32729192606072216,0.6525685611501336,0.49265073416550365,0.5629972596981523,0.35802879289920597,0.060452218115050915,,0.41562310653008494
721,glorious-sweep-534,run_7c9af5535ead683ede8fafed27aa6818,0.5244415998458862,0.9296745373324827,2.842651061513338,1.0614150347441569,0.4272182132330521,1.1857097642031966,0.8516656030631771,2.7657866086009797,0.5079595704358805,0.4272182132330525,1.134467479031492,0.5810883005444749,0.6573325335639862,0.5228603582032372,0.722865329898039,0.6068820357890083,0.5216713842432363,0.3690119769162741,0.04800331724121655,,0.4167896029632635
722,gentle-sweep-535,run_e43034aacaf9b622109d088ca9cc2b58,0.4472239911556244,1.3642884492661136,3.193277082199239,1.868237523689198,0.18845411119016162,1.5949912960911536,1.1436885768985323,3.1033478497550355,1.1013392293114352,0.18845411119016292,1.3574062351637917,0.7480813811768842,0.7634208971429105,0.7827471825814896,0.8839602069011546,0.7754469890237439,0.28661049776110276,0.19889910375293432,0.031652276677000726,,0.18820124118049225
723,wandering-sweep-536,run_813e26e077afd240d6570f007406ea02,0.5834077596664429,0.8597319719208679,2.5062874251497016,1.3328237523689201,0.595863400752109,1.2198923880360817,0.6009955328653482,2.2945291235710408,0.4022867972204687,0.5958634007521095,0.9536002532046208,0.5160411530944568,0.45262789242685236,0.374506273345465,0.6361405923627944,0.45688955514483576,0.5362149649534782,0.25948609647519566,0.004631489012634393,,0.3576129487565105
724,fearless-sweep-537,run_87fb4b1a29b02b658df2c041f25a77da,0.5991065502166748,0.8390299936183792,2.544229722373436,1.1953126974099813,0.5398617745705865,1.1681357809780029,0.6328781110402036,2.4025857376156785,0.3402526847757434,0.5398617745705864,0.992126918816269,0.550851742483153,0.4908160800640018,0.41892650767806405,0.6397278564448818,0.4918065836952783,0.5419654951770861,0.33316315006852754,0.04711777446362945,,0.38189500246132224
725,still-sweep-538,run_c4a7d100df66b02a3df7a1a2c6aa6bb8,0.6594766974449158,0.6883216336949585,2.570577027762657,1.2977763739734682,0.38763085679438974,1.3046447222661812,0.4844160816847478,2.3307294501905296,0.5897536323436517,0.3876308567943905,1.030139262541541,0.6124541879974479,0.42966337173665853,0.5052038438208346,0.5441428759000941,0.4324427083097725,0.6343258817179318,0.22149191228533768,-0.13181021905619325,,0.28516759652348866
726,lilac-sweep-539,run_8f99d3ac1275240c73e876daa1f50b02,0.6100829839706421,0.7976515634971282,2.63622754491018,1.3594819962097286,0.39278381949385105,1.1681120430447856,0.6275430759412886,2.467365269461079,0.552406822488946,0.392783819493851,0.8708814685868015,0.5482096633580475,0.48233623356002714,0.47505507135331865,0.686713939440354,0.43039334446371297,0.583366215438816,0.26789960302131766,-0.01454089481608132,,0.3877427875833195
727,twilight-sweep-540,run_a25476c986052dfd060629a12ab5bfbf,0.6183790564537048,0.7867517549457563,2.514180729450191,1.260050536955149,0.5117796524036996,1.089602785250831,0.6116911295469056,2.3228905824714214,0.4158307012002515,0.5117796524036997,0.8150340243709444,0.5711816996837975,0.4539769735640881,0.4255395396354117,0.6531887974288112,0.48620423847034766,0.5823624241550541,0.293738393662701,0.019670460376078957,,0.42854557590531905
728,sweet-sweep-541,run_aec8ef230a56c2896dc6604aaf6fb1c4,0.5637524127960205,0.9194639438417358,2.4633913990201424,1.3747946936197097,0.624626486431548,1.200363981642665,0.579910657306956,2.2988840500816563,0.3227668982943783,0.6246264864315474,0.940591865801552,0.5566735304466466,0.5497623325652587,0.35271174536283245,0.6927330356967458,0.540917068692695,0.531527809093607,0.33310013235295094,0.052622716068896236,,0.3879977919598307
729,desert-sweep-542,run_58d26a87bbcb46fb415be6d283a779c8,0.5509891510009766,0.938379068283344,2.17569406641263,1.4124447252053063,0.8011484907002745,1.1759139104288654,0.5183663050414807,1.9349755035383787,0.3048262792166784,0.8011484907002747,0.8516062668143687,0.5896321952923831,0.5155995823996271,0.2853704945247901,0.6093011605616587,0.49497981485424764,0.546917669334698,0.35071627272648714,0.06362837526163874,,0.4058771278332439
730,different-sweep-543,run_62e51f90be85d84429b154905ad8d269,0.5974473357200623,0.8273133375877473,2.5441208492106706,1.24433354390398,0.5100721618050615,1.206053172970407,0.6414294830887041,2.302095808383235,0.4550726468730255,0.5100721618050611,0.8991691723373949,0.5614838533154273,0.4435289215085028,0.45315199693515945,0.588025750814049,0.41382997887557593,0.5559325828448494,0.22756470909097887,-0.03931168239207838,,0.3552481255381019
731,comic-sweep-544,run_2e003eda48fa3c4c68907b6f59672376,0.574984073638916,0.8864071474154436,2.6256668481219383,1.4692229943145927,0.2520073178168513,1.1953394524450072,0.6728015315890236,2.4712847033206335,0.6956790903348093,0.2520073178168517,0.8759376483620821,0.5740643157063761,0.5403741338738689,0.5519067458417137,0.756423867549293,0.4836665355526697,0.5532208664297039,0.2507266128593295,0.03940854689460409,,0.38796316592501434
732,frosty-sweep-545,run_5fe867b8e1c71c2ef39af7c607455698,0.6121250987052917,0.7948947032546267,2.6249591725639636,1.3113455464308277,0.5449944100010164,1.3217676847602469,0.5632163369495861,2.418209036472512,0.5251674036639292,0.5449944100010166,1.049224560848236,0.56388178511825,0.46162784226118436,0.46990390447913677,0.5369727158466432,0.4593522354485946,0.5780020849751901,0.2334206768033555,-0.0839230636036536,,0.2805548263531099
733,pleasant-sweep-546,run_e9a002a1612b0386e9a73fcc73383883,0.5548181533813477,0.9060114869176772,2.3311649428415904,1.2591408717624766,0.6899075109259071,1.1589729387561323,0.620012763241864,2.02490473598258,0.3953885028427046,0.6899075109259066,0.7633090678904894,0.5210206313354632,0.4342755839953038,0.37790074386233763,0.5220572961840553,0.3907867382569087,0.5277688761684601,0.26930069628354836,0.009296225683654406,,0.40201682144084067
734,astral-sweep-547,run_4fca501f1432c965208e9c3e9fc79e8a,0.5871091485023499,0.844773452456924,2.5446107784431145,1.266569804169299,0.5533489175729241,1.167668934958063,0.6440842373962975,2.390119760479042,0.39960833859759876,0.5533489175729245,0.9638866909321099,0.5236655433713957,0.4837479618807244,0.3919166427226,0.6806687963242835,0.4824226860549547,0.541482010073657,0.31216163418086357,0.003766678582817445,,0.38923646340645796
735,effortless-sweep-548,run_a5a0295eb113e14f33c3cd44cd308790,0.5352903604507446,0.9460880663688577,2.093821448013066,1.3112444725205308,0.7950299827218213,1.1083636651368887,0.6139885130823228,1.8437397931409905,0.29984838913455575,0.7950299827218221,0.7569156512106348,0.544098694617529,0.424315417830678,0.34421144207132137,0.5653022957911471,0.4131533549864815,0.5269544528419753,0.37033247941096925,0.0671805409438513,,0.4476682944310765
736,balmy-sweep-549,run_b3254e054eba32324c11af5ad39f020e,0.5867262482643127,0.844977664326739,2.4780892759934687,1.2133038534428302,0.6100010163634516,1.1639341667985441,0.6284109763880023,2.24107240065324,0.41706885660138976,0.610001016363452,0.8383921506567493,0.555589103413878,0.4622717515182242,0.4334091562110909,0.5683996725169183,0.43552943719066745,0.5516367447482057,0.26672201710131843,-0.010439597878909329,,0.38190433849918953
737,pleasant-sweep-550,run_47c4afa444b8cdefee74ee1b5a8d135b,0.6010210514068604,0.8266751754945757,2.4548448557430604,1.3967277321541378,0.5682183148693973,1.172820066466213,0.5467517549457566,2.3029667936853575,0.34469993682880573,0.5682183148693973,0.8911932267763882,0.5522253802299351,0.5084010895898171,0.3758340516553331,0.6936153594822538,0.49136127373682514,0.5688625056366794,0.3211307833420784,0.04416247131002604,,0.40524979743659595
738,celestial-sweep-551,run_a8b59b1ea1125cbc7122d5ce36ff7054,0.6190172433853149,0.7978047223994895,2.5861458900381065,1.1700947567909037,0.5970525459904462,1.1624228517170438,0.617791959157626,2.4514697876973335,0.3981680353758691,0.5970525459904467,0.983644564013293,0.5620000889676328,0.5092065819378441,0.42949190690546885,0.6496164708880166,0.4886813145826939,0.5604709204142864,0.3312265989812245,0.008465960336256502,,0.38573635850121846
739,distinctive-sweep-552,run_cbbe63b3ac731f4ff503940445900e7d,0.5698787569999695,0.7958902361199746,2.6354654327708227,1.2370309538850286,0.49334281939221464,1.1082370628263967,0.6200127632418638,2.4399292324442037,0.6632596336070753,0.493342819392214,0.8982829561639497,0.5633150075178049,0.5378029197045608,0.47900919452159757,0.5884345756241289,0.5090263348249314,0.6188175722918681,0.24671622383781694,-0.08721710818711202,,0.4116534411970891
740,breezy-sweep-553,run_eb267304a26acf2aa6859a5f5e5eb983,0.5835354328155518,0.8274664964901086,2.673353293413174,1.3379027163613395,0.44056306535217,1.1617661022313657,0.6195277600510524,2.5330157866086016,0.6006190777005685,0.44056306535216994,0.8858996676689342,0.5883993809182436,0.4941323072280579,0.4734730070555183,0.5739489696770581,0.4405445126273654,0.5891929568624221,0.25018181584319465,-0.0791298865484427,,0.39524062737927296
741,treasured-sweep-554,run_6d35793fcb37f4a30925f114cbd0453b,0.5679642558097839,0.8774218251435865,2.3777626565051717,1.2910044219835757,0.7511738997865638,1.1689191327741733,0.5316400765794511,2.2023679912901493,0.34730259001895136,0.751173899786565,0.9139895553093846,0.5633681230227598,0.5153183220406997,0.3393466462343965,0.5966995508320848,0.5052735082979546,0.5655555022404206,0.36303461990759744,0.03684422965680672,,0.4006685401740165
742,easy-sweep-555,run_dfec482126e52e4ec6e735becd5c34c8,0.5849393606185913,0.8579706445437142,1.977272727272728,1.289033480732786,0.7949588372802114,1.0864693780661496,0.5498659859604341,1.6820087098530223,0.28114971572962716,0.7949588372802112,0.732267763886691,0.5778192090591118,0.4467498263208361,0.332778309868148,0.5859386158677112,0.40854356856953006,0.5610937022400652,0.3198704970146032,0.0864243201876166,,0.4499728325618519
743,clear-sweep-556,run_c8538a8349240e066ca593fb03c9f3fe,0.6141672134399414,0.8027058072750479,2.6197332607512256,1.3704737839545171,0.40091472710641324,1.11961544548188,0.6141671984684118,2.4416167664670665,0.5415919140871758,0.4009147271064133,0.8529751542965666,0.5710334412994236,0.500701936942746,0.4777714459023721,0.7127857921776191,0.43585181903043596,0.5800015905516106,0.2710415313304947,0.0059554643969037735,,0.41527231784179813
744,sweepy-sweep-557,run_e02e66debde96c6b44402b631d692701,0.6082960963249207,0.8048500319081048,2.6290963527490483,1.364005053695515,0.41970728732594775,1.1149232473492643,0.6240204211869812,2.4768916712030484,0.5859380922299446,0.41970728732594886,0.8278841588858992,0.543030496481086,0.47796479729895586,0.48813284168183124,0.6812704455576049,0.4414655001561104,0.5796199149319045,0.3050894717752704,0.006755978922697865,,0.4251464401352602
745,super-sweep-558,run_2891dcf5d598955fb0bdbf71bcf19bc9,0.593490719795227,0.8270835992342056,2.7796679368535666,1.2967403663929251,0.39656469153369245,1.2712691881626839,0.6253222718570514,2.6226728361458913,0.4726847757422612,0.3965646915336909,1.0385108403228367,0.5242637852550167,0.5122024681508668,0.45391629154295565,0.5973256325571319,0.4663733116485608,0.5594843823675453,0.225751032736567,-0.05201615722214022,,0.3070869165254583
746,feasible-sweep-559,run_3875ccf535b8e619f9d8202762c89807,0.6433950066566467,0.7271474154435228,2.408410451823626,1.187454200884397,0.49821120032523625,1.1339768950783353,0.49470325462667614,2.2100435492651074,0.3609728363866068,0.4982112003252355,0.9056496281057139,0.6315689032226549,0.4507740409915583,0.4293560642339495,0.625348296979372,0.47246461517761584,0.6209494850288408,0.291379337755345,0.03550977023960229,,0.3990837765149827
747,generous-sweep-560,run_99031d048fa5db37073005be8c50f505,0.6202935576438904,0.7717932354818123,2.3204409363092,1.2139861023373342,0.6954771826405122,1.1859234056021524,0.5258710912571786,2.0395481763745247,0.4594440934933681,0.6954771826405114,0.8260405127393575,0.6076130697967583,0.40605782540543905,0.4198577722440379,0.5197403253770425,0.39150950625017344,0.597326884544424,0.22876059719951167,-0.03409037391778714,,0.3785268674661681
748,noble-sweep-561,run_18bf724cd5fb034843cd83b405f2c2f7,0.5398851037025452,0.9555073388640717,2.3784158954817647,1.4260644346178146,0.5567638987702003,1.1082528881152083,0.6958008934269295,2.190391943385956,0.3554895767530007,0.5567638987702005,0.8091232789998423,0.540349062623865,0.5290584045651445,0.45456022730900614,0.6698035052630075,0.44408237255070093,0.5190062105071271,0.3639725894970149,0.045715443659778324,,0.4409752453711834
749,peachy-sweep-562,run_05a306c120635f31f5ff1321fc5dab7f,0.5306956171989441,0.8958774728781111,2.4477681001633105,1.168806064434618,0.4986482366094115,0.9961781927520178,0.7397574984045943,2.3109145345672304,0.5523562855337972,0.4986482366094123,0.772867542332648,0.5357190355119158,0.5258494052527438,0.46179325096574403,0.6590313743942002,0.5018507764556357,0.5549475811338608,0.42390911762587863,0.08544670756661656,,0.5052579492293393
750,rosy-sweep-563,run_ec078220b21423d8bb724dae21ad22cc,0.6140395402908325,0.7964007657945118,2.6425966249319552,1.2946430827542643,0.44235186502693363,1.1069156512106346,0.6554945756222068,2.4713391399020157,0.5765129500947581,0.4423518650269333,0.8790156670359229,0.5567250719030051,0.4578688623841887,0.46260112377486196,0.6941027648874779,0.4785524000940926,0.5783698583854806,0.27174752779994726,0.004690279369481997,,0.4204841780444262
751,atomic-sweep-564,run_9c36ccdc63838bafeca8deeae7c7254d,0.6070197820663452,0.7955073388640715,2.7275176918889503,1.1262034112444728,0.44304299217400145,1.200063301155246,0.6723165283982132,2.6118943930321192,0.4195704358812394,0.4430429921740014,1.0833517961702799,0.5454072083773673,0.507144710300243,0.4970014047185774,0.6685973758150088,0.5391435692616537,0.5617398485271443,0.28545386136444095,-0.015166797846140835,,0.3477197824830795
752,pleasant-sweep-565,run_7cc032863e150879605e7bf251ea1d55,0.6426292061805725,0.7263050414805361,2.5075939031028867,1.2456222362602656,0.3262933224921232,1.1738249723057446,0.500395660497766,2.313799673380512,0.3810360075805447,0.3262933224921228,0.9400379806931477,0.6182135485278386,0.48120305385172246,0.3893377071161766,0.6578863512585846,0.4456526827850688,0.6227967985594823,0.29597905756723125,0.021087949815261003,,0.3656096204307679
753,glorious-sweep-566,run_8ab668515efa63352c7f64417d02a2c5,0.5687300562858582,0.8975111678366305,2.4421066956995108,1.2903474415666458,0.6626384795202764,1.182726697262225,0.5588257817485643,2.2867446924333166,0.33724573594440993,0.6626384795202772,0.9439072638075646,0.5583766223140065,0.5500252814949103,0.3331920633400377,0.6800586605618466,0.5343407606320469,0.5487665817122203,0.36619825764596897,0.04753098350884741,,0.3994915275884698
754,northern-sweep-567,run_6b9a07408385f59e49806f93e8272dbb,0.6079131960868835,0.8132482450542439,2.196869896570496,1.3339102969046117,0.6516922451468645,1.0590045893337554,0.5600765794511803,1.9364452912357113,0.32746683512318336,0.6516922451468653,0.6796565912327898,0.5968285287088162,0.42039935101882414,0.39168358714043994,0.6158071626011081,0.43416445537926834,0.5778769573341225,0.33329734804409356,0.05184191596440669,,0.469231236171986
755,lively-sweep-568,run_5f4948fd430b8fa88752c47546d378de,0.5419272780418396,0.9430504148053607,2.1233260751224834,1.3764876816171827,0.738581156621608,1.0676293717360343,0.586292278238673,1.8460261295590648,0.2789008212255214,0.7385811566216088,0.6504905839531564,0.5633089739510301,0.43001929421939855,0.37780400983303003,0.636320600219338,0.440196276287374,0.5345795928196592,0.33891871631994785,0.07971155602135672,,0.4869766759488181
756,valiant-sweep-569,run_6fe93c8378090f9c741fb1f39e14c128,0.5832801461219788,0.8804339502233568,2.829477408818727,1.315464308275427,0.34046142900701293,1.2253125494540276,0.7437141033822605,2.734866630375612,0.5018445988629188,0.34046142900701365,1.0910824497547083,0.47981193822881346,0.5726981025245523,0.4473983973438049,0.7376852663655235,0.5480938652183276,0.5229908690374371,0.2816499243644353,-0.013443715773605666,,0.36526545768314006
757,vital-sweep-570,run_92e73e6d9c8d8a2bcfa1f2145fb1d4f3,0.6654754281044006,0.7055009572431398,2.5426510615133378,1.2599241945672774,0.6788088220347598,1.3359075803133407,0.48091895341416696,2.2908274360370173,0.5939229311433991,0.67880882203476,0.9862794746004111,0.6507289455251353,0.445006295124079,0.516911853909268,0.5068337726873446,0.4213195586529297,0.6152583493233388,0.18696125866497798,-0.1266043094546889,,0.2756532210916617
758,vague-sweep-571,run_52ef09e81910322de9062298fc575acf,0.5714103579521179,0.8939629865985962,2.356369080021775,1.3077826910928618,0.6624555340989938,1.1670913119164426,0.5589023611997453,2.160070767555798,0.2940871762476308,0.6624555340989947,0.9088384238012353,0.57143025444185,0.4710461807932662,0.33145452223605654,0.6286371127578055,0.45991187069596434,0.5466767804509839,0.3305401704260731,0.0741552370203596,,0.3875400413985379
759,different-sweep-572,run_7686e3796d0da73fb3424f994993da7a,0.5733247995376587,0.8817358008934268,2.439874795862821,1.2677321541377136,0.6293220855778026,1.2530463680962178,0.6296362476068916,2.1630103429504643,0.39162349968414356,0.6293220855778043,0.9843329640765942,0.5141495405595394,0.4128377611865092,0.3973058136193851,0.6075373337426359,0.4446234242286284,0.5229517613607642,0.2562958811552586,0.010064392165482036,,0.3252396399674803
760,smooth-sweep-573,run_8086c0e7b71118f2a301b54aef44cdbb,0.5800893306732178,0.8684620293554564,2.165405552531302,1.3485154769425145,0.686218111596707,1.102381705966134,0.5595915762603694,1.8505443658138268,0.3355780164245102,0.6862181115967074,0.7571213799651849,0.5509617573800437,0.4542524439435561,0.37095185646330175,0.6053998258064833,0.42754665662939195,0.5498305058153974,0.28470216015913447,0.049089377874090775,,0.4402161456635788
761,silvery-sweep-574,run_06eded2af9b56196bffe88a0ae49d571,0.6912571787834167,0.6507977026164646,2.7428688078388683,1.3198357548957678,0.47713182233966867,1.3171862636493117,0.49294192724952274,2.5429776810016347,0.6647504737839557,0.47713182233966783,1.0572242443424595,0.653889768998478,0.49284735868153384,0.56502538071066,0.5532444603897102,0.4497426809255907,0.6444246352474381,0.19352376751983683,-0.20244906637908033,,0.2717873372190985
762,grateful-sweep-575,run_a7eb41d4bddd902aeaf3bba35639eda6,0.5897893905639648,0.8004594767070836,2.1560968971148617,1.2768793430195835,0.7686146966155097,1.1187054913752177,0.5261518825781754,1.9122210125204138,0.4406443461781438,0.7686146966155085,0.74193701535053,0.5917650580095086,0.4533524074586987,0.3798105226191616,0.5166916544941325,0.40198281333791985,0.6126968512831367,0.3452006536855928,-0.02691609419415633,,0.4496646319234016
763,eager-sweep-576,run_baa453bb700301aed5a7264d82ac1202,0.43178045749664307,1.5589278876834718,4.04047359825803,1.9017687934301963,0.0,1.752373793321728,1.5589278876834727,4.04047359825803,1.9017687934301963,7.420293332589724e-17,1.752373793321728,1.0,1.0,1.0,1.0,1.0,,,,,
764,good-sweep-577,run_9619bb990c60de9064b8c6ff014d8ed0,0.5739629864692688,0.8935035098915125,2.2971420794774096,1.2896399241945675,0.795212928143104,1.196170280107612,0.5492022973835352,2.0804844855743068,0.3354769425142134,0.7952129281431038,0.8887007437885747,0.5727036601217457,0.46110405890197564,0.3571958305398589,0.6038633970139338,0.45756146330767566,0.5435789025388097,0.33269701750037434,0.05275535756832007,,0.37129615278784733
765,tough-sweep-578,run_a000fef669aa1a0420c111bb713c3926,0.4908742904663086,1.0197830248883217,2.0798856831790973,1.3421730890713839,1.0013212724870413,1.1641794587751229,0.6568985322271864,1.8029123571039734,0.4429185091598238,1.0013212724870404,0.7550482671308745,0.4788893350123761,0.48373114040818477,0.3642237333588737,0.552479281834807,0.4280468360111277,0.5034498026759975,0.3444722076806466,0.040420023998691705,,0.4129290267945657
766,firm-sweep-579,run_f1b44f29ad0978fa17e904608d75ecd0,0.5668155550956726,0.9000382897255904,2.5479314099074584,1.2249778900821227,0.6192702510417726,1.1705095742997311,0.650287172941928,2.4234893848666315,0.3416424510423247,0.6192702510417736,0.9940576040512745,0.5305392897464296,0.5125540084673824,0.38582479328289115,0.6704687323069788,0.5168123303356863,0.5310419037840693,0.37445578045865785,0.04277612676562707,,0.4038480543652241
767,dazzling-sweep-580,run_75cf82bde4756906ebf553765e176708,0.5509891510009766,0.9932354818123804,2.6098802395209586,1.5011118130132663,0.4605244435410103,1.257730653584428,0.7172941927249519,2.472591181273817,0.39968414403032193,0.460524443541009,1.0435986706757407,0.5916733815874451,0.5476956442854995,0.4863924272898509,0.7568393587038109,0.5926976069394174,0.4971896526330768,0.3445549131798998,0.04097968506766164,,0.37618217314175095
768,worldly-sweep-581,run_98572988aa37e7beda33740976e902ee,0.5444799065589905,0.9587747287811105,2.5042188350571593,1.25527479469362,0.8644679337331029,1.2925304636809622,0.6452074026802813,2.259145345672293,0.4191661402400514,0.864467933733104,0.9280898876404498,0.5096763157952173,0.4310587221597224,0.3879875810107589,0.4989206166536515,0.4071745687200802,0.4799083454655232,0.23507862556940454,-0.0027116608716390603,,0.30379991085242375
769,fresh-sweep-582,run_e0a71a9492dcead67bb7fbbd1cd2693d,0.5223994851112366,0.9610976388002552,2.179722373434949,1.3239039797852181,0.8639597520073178,1.1851637917391995,0.6213401403956605,1.9366086009798587,0.3426279216677197,0.8639597520073191,0.8185709764203197,0.4776092935915864,0.4698559482530518,0.333621460268812,0.536759746842777,0.43193847567199467,0.5084119084509962,0.34218130472894076,0.04567017445765334,,0.39052840572625924
770,rose-sweep-583,run_3d9d241b9314390af6dfaa5fdbeb55eb,0.5470325350761414,0.9446841097638801,2.6177191072400663,1.4399115603284904,0.41065148897245657,1.0884238012343725,0.7329164007657938,2.475966249319544,0.5940492735312706,0.4106514889724557,0.8236508941288185,0.5537925584623822,0.5070222123508481,0.5218237397439581,0.758497064383242,0.4912304240772681,0.5260750108025111,0.31898220085670265,0.0729200917045954,,0.4691220235847644
771,royal-sweep-584,run_b6e32c2137d6727df76e7fa5607c3183,0.6103382110595703,0.7907083599234206,2.5046543277082205,1.3023499684144033,0.48630958430734833,1.0983304320303846,0.61319719208679,2.3175013609145356,0.4787744788376506,0.48630958430734655,0.7989159677164109,0.5615387177269561,0.4389220647533832,0.43972655875873956,0.668335580385804,0.4348139003277699,0.5810741119432199,0.2808688050214326,0.009145788924781434,,0.42937316589610713
772,lyric-sweep-585,run_23563a17d45ab84429fd347e2e96b8eb,0.5591576099395752,0.9226037013401405,2.2803756124115417,1.3499052432090968,0.7551275536131722,1.162256686184523,0.5082578174856406,2.0838595536200346,0.30750473783954535,0.7551275536131725,0.8607849343250524,0.5912905539759125,0.5458808643433392,0.30955607700411836,0.6346514874517595,0.5026619992304491,0.5519858777340637,0.3669682905983884,0.06319126228142159,,0.4123182961928611
773,polar-sweep-586,run_43d8c63d829e4bdb89f18bcd0eec92d5,0.5804722309112549,0.9015698787492024,2.7092814371257488,1.3058117498420723,0.4221160687061694,1.2061876879253046,0.7179834077855776,2.6133641807294503,0.38606443461781415,0.4221160687061696,1.0301313498971358,0.5234362638791655,0.5685239891071955,0.4222003000989688,0.7492490907514041,0.5833339887524011,0.5227822777423827,0.34010538435783,0.04192731149970504,,0.4021811201033135
774,fresh-sweep-587,run_1ade330e7ad693e7ea15e1953dde9895,0.7275047898292542,0.5527504786215699,2.619842133913991,1.2852179406190782,0.35680455330826305,1.2661022313657224,0.39310784939374627,2.4045998911268383,0.7498041692988,0.3568045533082632,1.0170280107611966,0.6999040611553677,0.44879881861570503,0.6001441432812948,0.5937025445335085,0.4346987198494333,0.704226494128327,0.207589575918965,-0.2685977564726697,,0.2867295218955971
775,quiet-sweep-588,run_04e67362bd4eb61100c80bc12d7e2c70,0.5985960364341736,0.8187109125717933,2.090391943385956,1.254718888186987,0.8244841955483281,1.1373318563063777,0.5305679642629224,1.802313554708765,0.3332785849652565,0.8244841955483281,0.7617028010761193,0.597925682786894,0.3762652030180928,0.3834793921399611,0.5424888993348915,0.41072838933084393,0.578246724451662,0.32658511594191836,0.05643735578960183,,0.43393091219093555
776,neat-sweep-589,run_079b9da8513ec2260f8da319009a59cf,0.5828972458839417,0.8578685386088067,2.8425421883505724,1.2042830069488317,0.3950299827218213,1.2253362873872446,0.7439693682195279,2.7306205770277643,0.46204674668351353,0.39502998272182055,1.11592024054439,0.5202329391495666,0.5283280853998819,0.4600271366088816,0.6848290764546475,0.5244100007173715,0.5179559279442808,0.2834248355370012,-0.017714221052832328,,0.33632671083318383
777,splendid-sweep-590,run_2e6c52a896aea1685247a32d3e366803,0.5126994252204895,1.0558008934269305,2.0863091997822547,1.524586228679722,0.9383880475658096,1.2046130716885584,0.5942310146777281,1.8624659771366365,0.5171067593177501,0.9383880475658085,0.7503481563538527,0.582530071692063,0.6350425055464303,0.454965041662676,0.5948318872210667,0.5548450087623407,0.49310996274370683,0.3963710813613931,0.04156599562884345,,0.3944829192395136
778,rich-sweep-591,run_72f7252740d4a4697b59663f53032263,0.5854499340057373,0.8676962348436504,2.371066956995102,1.41348073278585,0.614330724667141,1.1916284222187057,0.5541799617102743,2.1593086554164413,0.35559065066329765,0.6143307246671409,0.8877195758822598,0.5474664761471834,0.48424328087391544,0.35283146569613383,0.6750436931373377,0.4683118669302956,0.5491866060643813,0.3097652008763478,0.03625654465135265,,0.3912176144445407
779,good-sweep-592,run_e14a98098634d7875dcbe3707647f1b6,0.5937460064888,0.8376770899808552,2.5674741426238445,1.255957043588124,0.5407866653115154,1.2113942079442952,0.6495979578813027,2.41820903647251,0.40241313960833813,0.5407866653115146,1.032441842063617,0.5176620126153126,0.4730813158586152,0.4154223733358874,0.6736198844406279,0.5069169566885163,0.5433625960761062,0.30312758855169547,0.0021886218102987838,,0.36414747862787245
780,effortless-sweep-593,run_951a245dc0b7ecfb8b1fb3eedc6e5803,0.526866614818573,0.9396809189534142,2.834485574305935,1.162109917877448,0.40487854456753736,1.029363823389777,0.8597319719208679,2.7363908546543283,0.7846241313960839,0.4048785445675377,0.9071451178984019,0.546185423514549,0.6308323806709194,0.5140133448264853,0.7148031346717119,0.5692043796851718,0.5153189945792751,0.31821797303562044,0.08910950081665049,,0.47148087302237063
781,royal-sweep-594,run_9fe0012603711832a0c1a50d199710e0,0.6067644953727722,0.8225654116145501,2.3952912357103986,1.3535944409349339,0.6174916150015245,1.1775676531096695,0.5738353541799618,2.1854926510615145,0.36003790271636305,0.6174916150015255,0.9203750593448332,0.5665071602300601,0.466124310788223,0.3667796826613032,0.6843023693292559,0.4702933281107192,0.562462052759212,0.2929315893801033,0.03418829361705538,,0.3970741727589907
782,frosty-sweep-595,run_473475771fecd9cdc3cb6e31d755449c,0.5798341035842896,0.8840076579451182,2.596706586826348,1.2790271636133927,0.4900599654436426,1.169789523658807,0.6234843650287192,2.481627653783344,0.3187239418825007,0.49005996544364366,0.9727963285329952,0.541982745938242,0.5009212603435601,0.37795501708010093,0.7099425821603855,0.5315723087411638,0.5436456131431401,0.33507123206578143,0.057637990211409626,,0.40497342449003754
783,trim-sweep-596,run_2bfb4081d05d7605446fcef01522bc3a,0.581110417842865,0.8595022335673262,2.140963527490474,1.2699810486418195,0.8508181725785141,1.1686580155087831,0.5604850031908108,1.837098530212304,0.3368161718256478,0.8508181725785146,0.858529830669409,0.5613785537126884,0.41527228199842714,0.3719490470261469,0.569916978859956,0.42675025515743226,0.5488249858366733,0.30536255136148305,0.05774344341586728,,0.39045386111679087
784,clear-sweep-597,run_cac09564a789e10ef826a39b22e8cd14,0.6999362111091614,0.6163114231014678,2.3391671203048454,1.321073910296905,0.6470169732696414,1.1906314290235798,0.3831014677728146,2.0399836690255864,0.6173468098547062,0.6470169732696397,0.8118847918974523,0.7079578842643033,0.4154079934250421,0.5118682757079462,0.5265315254687712,0.397178433758628,0.6853456915657606,0.24422326883733933,-0.14762381424585405,,0.39355276193820055
785,fluent-sweep-598,run_b451529feae3a98ba0a4702bf7cdf138,0.6759412884712219,0.6845947670708361,2.803511159499184,1.2679343019583074,0.46785242402683197,1.2746320620351321,0.5574728781110396,2.662193794229723,0.6485028427037268,0.46785242402683336,1.0745371103022632,0.6256959461230667,0.5243343871662107,0.5719128116719343,0.5897616590309065,0.5145002353527561,0.620666516299612,0.22680596680784917,-0.2036234157383188,,0.32054828480232356
786,atomic-sweep-599,run_c6075f5b41a4e7c8fe3495291b12ca7f,0.5395022630691528,0.9485896617740905,2.347278170930867,1.2098926089703097,0.8786258766134771,1.1917154613071688,0.6144990427568612,2.1535928143712577,0.32850284270372765,0.8786258766134764,0.9436382338977678,0.5371051371945117,0.4739602298372129,0.4175468505570986,0.5501630950491657,0.46545732652997224,0.5099362433996223,0.3350293708369076,0.05128402026852381,,0.3671382991069201
787,vague-sweep-600,run_329383199919ac27e50a9e435023a8e0,0.6357370615005493,0.7507083599234206,2.4742787152966805,1.2439797852179408,0.5714401870108752,1.1437806614970725,0.5042756860242501,2.297686445291237,0.3511433986102336,0.5714401870108747,0.9001345149548982,0.6201207356416252,0.5110829596486454,0.37498754908533666,0.6716485762497181,0.48104438190983023,0.610529670695991,0.31628327443194987,0.040766298333431664,,0.4051152310199018
788,drawn-sweep-601,run_b8b05d6b062148afeca9204894d2cc90,0.43088704347610474,1.3384556477345244,2.89349482852477,1.8136070751737208,0.6218416505742453,1.5003639816426648,0.9805232929164011,2.7704681545998926,0.765596967782691,0.6218416505742457,1.128200664662131,0.6086465519419066,0.6894539191538911,0.6789095872042907,0.7850967114823862,0.6139792222677489,0.30536756152354805,0.1891403378078338,0.04022177744548816,,0.2444803849748764
789,royal-sweep-602,run_64a95d7dd52c1534027a386b8687e466,0.5544352531433105,0.9313848117421826,2.6667664670658695,1.3794693619709415,0.5555849171663787,1.2945402753600252,0.6137332482450536,2.5185900925421887,0.35238155401137133,0.5555849171663787,1.085203354961228,0.573408388497687,0.5078683558747232,0.4032407496089136,0.6869714251048623,0.5548451761008066,0.5374701012197843,0.29330050859021023,0.0326176776264946,,0.33442425093229655
790,fearless-sweep-603,run_f99b28e7acb2b5b6be45e9ee8809076a,0.43178045749664307,1.5589278876834718,4.04047359825803,1.9017687934301963,0.0,1.752373793321728,1.5589278876834727,4.04047359825803,1.9017687934301963,7.420293332589724e-17,1.752373793321728,1.0,1.0,1.0,1.0,1.0,,,,,
791,whole-sweep-604,run_f6a6d06502a1453b7af62169093b9f65,0.46419909596443176,1.07234205488194,2.035029940119762,1.5122552116234997,0.8889318020123997,1.2406551669567971,0.5625271218889598,1.7863636363636375,0.44034112444725143,0.8889318020123997,0.7380756448805186,0.5274949495304282,0.5154763828183578,0.29258452255531076,0.5847784031523247,0.48055514046350156,0.5059977163364654,0.37514027643129644,0.046211991759634065,,0.39837284388523253
792,dutiful-sweep-605,run_8f0425f88ce4aa5d7b97e1aa2374d9a7,0.561582624912262,0.9066496490108488,2.3846216657593913,1.2810233733417562,0.7203882508385,1.1513055863269506,0.5404467134652208,2.2278443113772473,0.3299936828806057,0.7203882508384994,0.8996518436461466,0.5582735255318485,0.5205074228001728,0.35123647160233695,0.6349211220907127,0.5192918840892151,0.5502535159369064,0.379968134881558,0.04998928830347829,,0.42169943018124095
793,gentle-sweep-606,run_1f81871bfd59e039984d1daecb894c27,0.4902361333370209,1.038111040204212,2.2875068045726734,1.3707264687302592,0.7512856997662364,1.2277892071530305,0.6700191448627952,2.0608328796951567,0.2981048641819332,0.751285699766236,0.879838582054122,0.4996428745005794,0.45358164039874205,0.33631931807298154,0.6551154359082941,0.4845477011383161,0.4783603160546438,0.30888765141390223,0.06530460148182705,,0.3816564744853376
794,devout-sweep-607,run_9f976b7afa50d33fab0441f91439d624,0.57447350025177,0.7914486279514997,2.5470059880239533,1.2028174352495267,0.5742555137717248,1.0710634594081343,0.6141416719846847,2.3403647250952666,0.5224889450410612,0.5742555137717253,0.8154692198132626,0.5712554950345565,0.5203103443649679,0.4625915461481978,0.5773544870713727,0.4719512222630925,0.6177260705957461,0.2639642270164433,-0.0894261005379193,,0.44244159851965636
795,rosy-sweep-608,run_f0cce13df4c13f39bb3a90c9cc0a800e,0.581110417842865,0.9117804722399491,2.1764561785519874,1.4747315224257738,0.7574651895517837,1.1635227092894445,0.5106573069559665,1.924632553075669,0.3160454832596345,0.7574651895517837,0.8145117898401643,0.5923664138207613,0.5775823768392411,0.3195613446987836,0.6494933139099989,0.5243654565806479,0.5398718123720185,0.3330929381889935,0.05660165593750723,,0.4107320832651871
796,stellar-sweep-609,run_7e91a6d6afad069a6294268b82df94f4,0.5489470362663269,0.9416464582003828,2.279994556341862,1.3302716361339233,0.7904461835552393,1.1714590916284224,0.5895341416719849,2.0922972237343505,0.3152621604548327,0.7904461835552411,0.8858759297357168,0.5386077385296342,0.5415491200747717,0.3118302844555119,0.607747223758354,0.4844996441538732,0.5189205118241396,0.3641858637605662,0.060090337974908856,,0.39336629935105183
797,drawn-sweep-610,run_8a79f68b589a91ef0f9bc4062fb911f0,0.5368219614028931,0.9306445437141034,2.8710125204137196,1.221212886923563,0.42159772334586854,1.2349976262066784,0.7592597319719208,2.7708492106695712,0.5286544535691726,0.4215977233458675,1.0735796803291664,0.49457000459645495,0.5456341259913281,0.4385435622386106,0.5852240783355189,0.5076757114909499,0.5065769596351974,0.25527694484078817,-0.027970212787808858,,0.34373982026595995
798,helpful-sweep-611,run_3b9dc4c9bcac725294193db0884af1fc,0.5910657048225403,0.8454116145500957,2.6355743059335883,1.3067214150347441,0.30013212724870414,1.263712612755183,0.63022335673261,2.450598802395211,0.43468098547062617,0.30013212724870375,1.0533470485836356,0.5063377109827731,0.47361009733393233,0.4133992593302046,0.6895043882638691,0.47746836138522386,0.5381370135162779,0.25422564242105766,-0.021603445713233926,,0.3192684924652014
799,fancy-sweep-612,run_fc1bfac653531e205560595699f15881,0.5527759790420532,0.9470835992342056,2.605960805661405,1.257751105495894,0.6439678829149305,1.251653742680804,0.6748691767709006,2.463228089275996,0.36382817435249476,0.6439678829149297,1.0334546605475539,0.5193517205775455,0.5248059575885976,0.3719235066883759,0.671228684854377,0.5285455783496865,0.5024031142641638,0.33289695250453855,0.026058020495999507,,0.3530422625853985
800,tough-sweep-613,run_e22688275c59b45dc90a589d1368d574,0.594001293182373,0.8643522654754309,2.6844039194338603,1.2448389134554645,0.4547514991360911,1.1974125652793164,0.6749968091895333,2.570958083832338,0.3352495262160459,0.45475149913609136,1.0510919449279945,0.5218344268557892,0.5092661599873537,0.38587172365354533,0.7271504665381607,0.5425548888600841,0.5326991397721372,0.3162155441595424,0.047845487466401895,,0.38684638973449903
801,sage-sweep-614,run_2982bcdda5beaeb37325005d35ff08a1,0.5777919888496399,0.8563369495851947,2.2601796407185635,1.2904485154769427,0.733926212013416,1.1914543440417789,0.5754945756222087,1.9980130647795333,0.3708275426405562,0.7339262120134167,0.9177401487577148,0.528398885476561,0.43773832887948744,0.35054145516074453,0.5983526032993929,0.43565249847575027,0.544571361130714,0.3053361008668399,0.027743707842028766,,0.36715968889202816
802,divine-sweep-615,run_4ac44ee2aa31da0e0d0a7ebe555d1add,0.5562220811843872,0.9235226547543077,2.3056886227544915,1.2704611497157297,0.791523528813904,1.1577860420952684,0.5723803446075304,2.0692161132280886,0.342097283638662,0.7915235288139048,0.8628659598037662,0.5508569842677025,0.53043911499431,0.3521247964754334,0.6199741078086614,0.47029535665869215,0.5322973686673458,0.33671480288107114,0.04180238241860741,,0.39936289612224446
803,snowy-sweep-616,run_73533f2976f76ac5d91d7d3e8ce4bbe8,0.606509268283844,0.8051563497128271,2.4456995100707686,1.2411497157296276,0.5078564894806383,1.067937964867859,0.6368347160178682,2.2709580838323356,0.42624131396083415,0.5078564894806387,0.8261592024054446,0.555082423462967,0.453902320539248,0.42443092934904064,0.6438546099139799,0.49439397989897443,0.5721197172752518,0.33104793984129943,0.022560159949410966,,0.4398238329794435
804,dandy-sweep-617,run_4f8468e0896812576c2660fbc06b0ff8,0.6006381511688232,0.8282067645181876,2.705253130103431,1.253379658875553,0.4529525358268117,1.1840243709447698,0.694396936821953,2.5785247686445305,0.4048136449778909,0.4529525358268119,1.048797278050324,0.5148247943077783,0.5283022415379253,0.4370788238674457,0.7361797133809274,0.5293421117837612,0.545855147696802,0.27789691088045854,-0.003617799539412212,,0.3847333248783098
805,solar-sweep-618,run_5c453947f9cd7d3f6c37ab677bb2ac78,0.6040842533111572,0.824352265475431,2.563772455089821,1.370701200252685,0.3766033133448521,1.10098908055072,0.6322910019144866,2.402531301034296,0.6009475679090341,0.3766033133448524,0.8182861212217126,0.5621059454749463,0.46794679553804186,0.4940016920473773,0.7228418352390941,0.45869761832208855,0.5760243411134848,0.2971064725395497,0.017390783412047372,,0.4358150393971113
806,hopeful-sweep-619,run_89b1b33e6af9b05ef72b005f0ae6e3f6,0.7151244282722473,0.5773324824505424,2.6002994011976055,1.3114718888186991,0.3450655554426263,1.2386532679221396,0.4397957881301848,2.346842678279805,0.6877953253316504,0.3450655554426278,0.9239515746162361,0.6891134190588332,0.4483223362646987,0.5732014813395907,0.5744772112330282,0.4031859904294701,0.6978315216659059,0.1562233678457925,-0.22402707032710145,,0.3216550453164267
807,sleek-sweep-620,run_610f94b661c25ec98434c1b8c453a70d,0.5258455872535706,1.009010848755584,2.986799129014699,1.217599494630449,0.45880678930785646,1.2760088621617345,0.870402042118698,2.8910996189439313,0.4999494630448517,0.45880678930785684,1.1264915334704853,0.4991814375517653,0.5746000614908557,0.43072135491491875,0.6849960291363766,0.5330109972611455,0.4328318452433545,0.25850276127212857,-0.0018779974100667273,,0.31424579999657465
808,worldly-sweep-621,run_cca431773473a41c126ed0118696242d,0.43178045749664307,1.5589278876834718,4.04047359825803,1.9017687934301963,0.0,1.752373793321728,1.5589278876834727,4.04047359825803,1.9017687934301963,7.420293332589724e-17,1.752373793321728,1.0,1.0,1.0,1.0,1.0,,,,,
809,swift-sweep-622,run_38ad75a7e0775ccd2859b7ade31815a3,0.5276324152946472,0.9603063178047224,2.438568317909636,1.2981554011370817,0.5539180811058034,1.1314290235796802,0.7073388640714746,2.226918889493741,0.3587239418825027,0.5539180811058031,0.7957904731761359,0.5189952262152259,0.4395315518394544,0.41324489991380137,0.627650978413416,0.4280310402664154,0.5048157505594075,0.2985993885636777,0.058523334134476364,,0.4116587827582086
810,earthy-sweep-623,run_5a1d6fd373216314bca6012e76fb5024,0.5488194227218628,0.9329164007657946,2.3609417528579213,1.3023499684144033,0.5330521394450656,1.0660784934325052,0.7033822590938099,2.164970059880241,0.38950094756790876,0.5330521394450658,0.7544785567336598,0.5359555566025374,0.44014734451342274,0.42531191137502794,0.6551478838112998,0.4624490480062575,0.5232029980019358,0.3326259472431391,0.08346097126602288,,0.4605389822647008
811,prime-sweep-624,run_590c0a2b01db4315d77ea280ea3437cb,0.43178045749664307,1.5589278876834718,4.04047359825803,1.9017687934301963,0.0,1.752373793321728,1.5589278876834727,4.04047359825803,1.9017687934301963,7.420293332589724e-17,1.752373793321728,1.0,1.0,1.0,1.0,1.0,,,,,
812,crimson-sweep-625,run_ebe20ba57af795527bc1ad2315d24a8f,0.6148053407669067,0.7872367581365667,2.568072945019054,1.2779406190777007,0.4948267100315073,1.09438202247191,0.6199361837906823,2.3832063146434406,0.4816550852811122,0.49482671003150686,0.8569552144326633,0.5667319933091821,0.44806053709131416,0.43406953356958144,0.6773171535926009,0.4794078992197203,0.5777995172493358,0.2744796892104147,0.020680728764690216,,0.4163395732732208
813,crimson-sweep-626,run_0a372b475711fef6029eb1a70d88cd64,0.625526487827301,0.7725335035098917,2.33682634730539,1.1829564118761848,0.677497713182234,1.1138154771324578,0.5183918315252068,2.1204953728905838,0.33754895767530063,0.6774977131822344,0.8827187846178184,0.6146648839059841,0.46144586154874134,0.427426810969575,0.6068854892976163,0.47359962882055784,0.5931317082378758,0.3224545572168855,0.05280353517517244,,0.406361314628032
814,worthy-sweep-627,run_9de3a70c1cfbf88a6aa0194309270610,0.5731971859931946,0.8277472878111041,2.3209853021230273,1.2372078332280483,0.7445777009858725,1.1427757556575409,0.5573707721761327,2.066439847577574,0.4270246367656364,0.7445777009858731,0.781642664978636,0.566748249972084,0.43102918411495733,0.4051918717875044,0.5132933327960699,0.40916356831439155,0.5919060422920085,0.27993887078189533,-0.018526359435800308,,0.4106828539960151
815,sweet-sweep-628,run_ed7ef707373c6ce5c7247b2d6ff162fa,0.43178045749664307,1.5589278876834718,4.04047359825803,1.9017687934301963,0.0,1.752373793321728,1.5589278876834727,4.04047359825803,1.9017687934301963,7.420293332589724e-17,1.752373793321728,1.0,1.0,1.0,1.0,1.0,,,,,
816,proud-sweep-629,run_c0c9b46fed9eb25bccc9e395710e5f24,0.5908104777336121,0.8454116145500957,2.3608328796951557,1.322665824384081,0.5506555544262629,1.1122329482513058,0.6006126356094447,2.136009798584649,0.363474415666456,0.550655554426262,0.7812470327583471,0.553462302700312,0.4441334246324227,0.3966904511062159,0.6360572075962013,0.42789484819346046,0.5619784234166103,0.3118597971265595,0.02865805924203335,,0.42446634760854496
817,woven-sweep-630,run_d6e5c96b9a2bb12d9d7f19419e5f0bfc,0.6020421385765076,0.8096745373324825,2.235029940119761,1.2288945041061277,0.6789511129179795,1.0703829719892388,0.5944862795149971,2.0079205225911823,0.33623499684144154,0.6789511129179778,0.7332093685709761,0.5832426520159522,0.4146891639872215,0.4038344028349775,0.5999758765770686,0.45806019614886606,0.5751315782609766,0.34507248770356136,0.04873608793752239,,0.4542679216723686
818,curious-sweep-631,run_d822a1f1d20dd1b5c9d0d6100118ffc7,0.5655392408370972,0.9219655392469689,2.6267555797495925,1.2431459254579913,0.5055595080800895,1.2197024845703437,0.6824250159540534,2.523979314099076,0.35607075173720837,0.5055595080800896,1.045940813419845,0.546471667752362,0.5313654338610454,0.39227676148517066,0.7215979922349822,0.5476186665348841,0.5235776475443416,0.3667825307977123,0.03226065054151441,,0.3904595483612834
819,fine-sweep-632,run_89b4061a6b0fadcf066eaff1449762a9,0.590427577495575,0.8224377791959158,2.3885410996189442,1.2100694883133292,0.6308364671206423,1.1544469061560374,0.6073516273133381,2.210642351660316,0.3733543903979786,0.6308364671206419,0.9190140845070426,0.5153861429305343,0.44947902468478435,0.4109767582926284,0.6145994611295483,0.458050249642954,0.5575766424535394,0.31336613627351795,0.027662014881408445,,0.394645537869886
820,wandering-sweep-633,run_2773e2c9de3bf6f62177bddf05e21bb9,0.7386087775230408,0.5365666879387364,2.693603701687535,1.3135186355022115,0.3591625165159061,1.3677955372685553,0.38641991065730763,2.422836145890039,0.7763866077068867,0.3591625165159063,1.0775913910428865,0.7037549685257696,0.42990905511336575,0.6162380678734476,0.5821467916790871,0.40104904584766055,0.7130730861910121,0.17477825584535875,-0.29114474491277176,,0.21833257033446737
821,celestial-sweep-634,run_f51bc534fd03efcf49d5607c4314d70a,0.6132737994194031,0.7948436502871731,2.5052531301034304,1.3046746683512322,0.4438052647626792,1.1114970723215698,0.5825654116145498,2.2819542732716402,0.4029943145925454,0.4438052647626793,0.801827820857731,0.5771662773782276,0.43120075332819185,0.4194090604348243,0.672503556219539,0.42117330364578864,0.5779083800903647,0.23309499280631696,-0.00019567925577540136,,0.4175174312851289
822,dark-sweep-635,run_090b361b7b8675fd9e521fb72a765049,0.5061901807785034,1.024479897894065,2.241507893304301,1.4506506632975364,0.8162211606870617,1.2641003323310651,0.5950733886407128,1.9937125748503008,0.3116487681617178,0.8162211606870622,0.8587355594239597,0.517182319450084,0.46588020759972865,0.3182089838138109,0.6430168648155593,0.4706841027396533,0.492204355277178,0.3069806320325021,0.059771577372788216,,0.36213599527482776
823,robust-sweep-636,run_e529dc84e252a9bf487c2eec6b8f4a04,0.5726866722106934,0.8625143586470964,2.285601524224279,1.2546430827542643,0.6468137005793272,1.13480772274094,0.6185322271857052,2.0256124115405556,0.3283512318382829,0.6468137005793267,0.7940417787624623,0.5500963185482686,0.40785982179682706,0.3935507454586087,0.5823356477692154,0.44512192405537365,0.5525505667937713,0.29524539042739645,0.052288160475541495,,0.40504644942495066
824,effortless-sweep-637,run_11ce9c3d6dba30fccb1543123053323f,0.5914486050605774,0.8532992980216976,2.750054436581384,1.2679343019583074,0.421445268828133,1.219781611014401,0.7207657945118057,2.6367174741426243,0.4477700568540754,0.4214452688281311,1.0808039246716248,0.4917005980309053,0.5282021791270624,0.45105784886505124,0.6915158160700444,0.5242961622491357,0.5281947319032706,0.28551019214582296,-0.015163077208864126,,0.3575468294233055
825,snowy-sweep-638,run_404590efed13bccc07f09adb210d1c77,0.5582641959190369,0.8925845564773452,2.2622482308111054,1.2903221730890715,0.7068909442016466,1.1258426966292134,0.527555839183152,2.0727000544365826,0.2877447883765009,0.7068909442016464,0.8769425542016134,0.576957327251476,0.46539847413063057,0.36219551128563676,0.6291263286025751,0.47499291059119375,0.566994710367434,0.3457614593549659,0.07648894102545364,,0.42739450895221487
826,light-sweep-639,run_f9a5e37e940012babda736b4423104ff,0.6020421385765076,0.8119208679004468,2.5171203048448567,1.2857485786481366,0.45399939018192903,1.0703987972780504,0.6371665603063188,2.3277898747958643,0.4702842703727104,0.4539993901819293,0.8076198765627479,0.5410374657817655,0.4537397011764,0.4371688535580883,0.6924233624495186,0.45690763856993827,0.5710319980849932,0.2795921187386778,0.04444219504772764,,0.4422626455725644
827,glamorous-sweep-640,run_eef974b6c07c071aa5eadb705b6dbd7e,0.6195277571678162,0.7939757498404596,2.6816276537833432,1.3800505369551488,0.3856591116983433,1.1298464946985283,0.6184045947670705,2.496434403919434,0.6169425142135183,0.38565911169834377,0.88885899667669,0.571737011361041,0.5009555060955634,0.498306994860007,0.7217866938393479,0.44848722333941554,0.5817740017873819,0.2510623608198922,-0.014529472791961852,,0.40975940758854573
828,divine-sweep-641,run_e55f2003c803dcdec31ffb23e60a8726,0.517804741859436,0.9839183152520742,2.5610506260206867,1.2760960202147824,0.6469763187315785,1.2031571451178984,0.6874026802807922,2.3609417528579204,0.33499684144030367,0.6469763187315776,0.9170675739832257,0.44774510915603777,0.4580487472999811,0.3561801232321298,0.6266969141439113,0.4394778020954967,0.47826364924411874,0.2823809198016972,0.045457803204265665,,0.35993355253738823
829,sparkling-sweep-642,run_a522466dc759037753874cad9e17bcf6,0.6070197820663452,0.8168985322271857,2.2845672291780086,1.388136449778901,0.5559812989124912,1.1212771008070899,0.5298787492022963,2.0385138813282526,0.349172457359445,0.5559812989124925,0.7076990030068055,0.5991675385464634,0.4232963154782781,0.40236647192159114,0.6553084502930437,0.43567209569082394,0.5826267997654566,0.31422576263605845,0.03711157901049519,,0.44222733020008825
830,comic-sweep-643,run_2c05b6aa8f973117303143f88a2cc68c,0.5954052209854126,0.827772814294831,2.278198149156234,1.3002526847757425,0.698566927533286,1.1826080075961387,0.563318442884493,2.0332335329341324,0.38806064434617865,0.6985669275332869,0.8918816268396894,0.5692368728463155,0.41736201165663295,0.3761833157743511,0.6034618402453302,0.4331536792168812,0.5627446328722527,0.28878559960211286,0.0197222840055464,,0.3838627339982915
831,skilled-sweep-644,run_4931af7e3021e78222638cc2799950db,0.5467773079872131,0.9210721123165284,2.411785519869353,1.3458875552747949,0.5567740624047159,1.0258901724956482,0.6675430759412885,2.20362003266195,0.28291850915982314,0.5567740624047178,0.6887482196550088,0.5215554456962763,0.4523256955851018,0.4137317626025604,0.6723324568580882,0.4413313546345389,0.5345369799171136,0.3306814418806994,0.08563432404106024,,0.48322985565087756
832,whole-sweep-645,run_5372c86962ddd6fc3e563eca368a98cf,0.6075302958488464,0.804773452456924,2.6821175830157875,1.2818572331017057,0.4075007622725887,1.1188479189745213,0.647377153797064,2.49899292324442,0.5797220467466839,0.40750076227258963,0.8921031808830506,0.5442292131950623,0.469093914113869,0.45881636497142675,0.6902700062000533,0.49854463828685447,0.5706858448901574,0.2430890933054632,0.0010696657193500676,,0.4011483160220576
833,hearty-sweep-646,run_ec36f2e237e16f6268b4fcece74f18b3,0.6039565801620483,0.8180472239948947,2.2873434948285256,1.2964876816171826,0.7243723955686554,1.132030384554518,0.49273771537970695,2.087125748502995,0.32643082754263975,0.7243723955686547,0.8892704541857892,0.6077694114507478,0.5080366845900248,0.34391852632251063,0.6245669372956263,0.47932498998716677,0.5869573093415227,0.34813942490468386,0.05262068903577704,,0.4153026686753938
834,fluent-sweep-647,run_c28531546070ca80f44bec6223680b2b,0.5774090886116028,0.8705296745373325,2.16578660860098,1.3284523057485786,0.8603923162923063,1.1920003165057762,0.5695724313975743,1.9106967882416999,0.3567024636765633,0.8603923162923074,0.8477053331223294,0.5420299554597683,0.49852888571921133,0.3579377773521055,0.5702011576912919,0.44203824044467876,0.5451683838939643,0.3428578123535899,0.04940592341895216,,0.37588044759558764
835,revived-sweep-648,run_d790ce8247e694f1df32e20cd7bceaa8,0.5821314454078674,0.8789534141671984,2.59452912357104,1.3397978521794065,0.48417522105905075,1.257991770849818,0.6420165922144221,2.3530484485574323,0.4831459254579919,0.48417522105905214,0.8999287862003488,0.5464175724965946,0.43001025818152305,0.44005922165820643,0.5616322740686879,0.39647047110095096,0.5329018517191237,0.23788823748610238,-0.05626672536884728,,0.3379408587376565
836,lilac-sweep-649,run_0c8a140fda64365469d95469d92267b1,0.6160816550254822,0.7857051691129547,2.504001088731629,1.2034238787113078,0.513609106616526,1.080748536160785,0.6301467772814302,2.3013881328252586,0.3806064434617808,0.5136091066165263,0.855127393574933,0.5672458046340949,0.4467414244307895,0.4288473326309741,0.654061289487474,0.4927645283203651,0.5738464214526335,0.2754194948131643,0.03607046849621613,,0.42637994691280307
837,olive-sweep-650,run_05ae21c5e112de826519f3d73eb30641,0.5766432881355286,0.8849776643267391,2.276728361458901,1.3874794693619712,0.6462750279499949,1.1221158411141003,0.5724824505424373,2.0143440391943397,0.3253695514845234,0.6462750279499951,0.7245845861686977,0.563673645572798,0.42737273398684983,0.3995169683619066,0.633849027102034,0.4088185402918367,0.5490043094865598,0.2987526056036673,0.05392338850692243,,0.43980964117203963
838,dainty-sweep-651,run_414cb9ee72c3d622c87a5fe95ebc9070,0.43178045749664307,1.5589278876834718,4.04047359825803,1.9017687934301963,0.0,1.752373793321728,1.5589278876834727,4.04047359825803,1.9017687934301963,7.420293332589724e-17,1.752373793321728,1.0,1.0,1.0,1.0,1.0,,,,,
839,volcanic-sweep-652,run_5734cc0b2a8aad44a94f0674774dbb73,0.7608168721199036,0.4841863433312062,2.502259118127382,1.298711307643715,0.47641020428905373,1.2531096692514638,0.35007019783024923,2.255988023952097,0.8402653190145297,0.4764102042890543,0.9438202247191005,0.7384743412942748,0.39271219294051574,0.6443179133544041,0.5679747994236051,0.42446660350013127,0.7424582691356384,0.1497455635140508,-0.3425359354528598,,0.30978891114161117
840,valiant-sweep-653,run_c96aff842ce20b3735efbd5448409a57,0.5923420786857605,0.8285641352903638,2.3149972781709316,1.2527984838913457,0.6649151336517939,1.1614575090995412,0.5815698787492016,2.0823353293413187,0.37204042956411965,0.6649151336517929,0.8960199398639017,0.5458490401515602,0.41698822637450794,0.391746639849312,0.6042451232585866,0.4592414003969537,0.56172712333705,0.3123688635471523,0.027396620675171138,,0.3953513041404963
841,fiery-sweep-654,run_11ffad0d363b6e37986a358191ba6d83,0.43178045749664307,1.5589278876834718,4.04047359825803,1.9017687934301963,0.0,1.752373793321728,1.5589278876834727,4.04047359825803,1.9017687934301963,7.420293332589724e-17,1.752373793321728,1.0,1.0,1.0,1.0,1.0,,,,,
842,wild-sweep-655,run_c071d45791735437fee728d48e8f0209,0.552520751953125,0.9049138481174219,2.267310832879695,1.297296272899558,0.6550462445370465,1.0264915334704858,0.624479897894065,2.0395481763745247,0.2763487049905244,0.6550462445370469,0.6589333755341031,0.5365648080139195,0.4433471217645115,0.3668159180155157,0.6415549463239355,0.4334384915545001,0.5427465565795878,0.34184095689733823,0.08532265744834716,,0.4910464647406786
843,lyric-sweep-656,run_6fb6b18cb4e12089ff3b50cbb1458683,0.6114869117736816,0.7915507338864073,2.4166303756124123,1.3167530006317123,0.5227665413151743,1.0922376958379492,0.578200382897256,2.206831790963528,0.3898799747315226,0.5227665413151742,0.8011315081500241,0.5649193202363632,0.45048305256735194,0.40966653896497784,0.6417132434732787,0.4332990990028478,0.5854019135232689,0.3044932829293035,0.010364817379578778,,0.43386321874348355
844,wandering-sweep-657,run_82af11255e3d25c9927979a80467ef8b,0.5730695724487305,0.8855137204850032,2.6568045726728378,1.243524952621605,0.4989531456448827,1.2638550403544866,0.6806381620931714,2.4735710397387063,0.47495893872394374,0.49895314564488213,1.0306852350055389,0.5039700787070452,0.4673051590021169,0.44120007662101335,0.5746185442911196,0.4655020430101341,0.5158384380376111,0.24470176916816927,-0.0499269232478234,,0.31625401743355747
845,desert-sweep-658,run_621c608a2673793bce99b1756696baa0,0.5927249789237976,0.8561837906828336,2.4373162765378344,1.2454200884396718,0.6509706270962496,1.176586485203355,0.609036375239311,2.2474414806750143,0.3645104232469987,0.6509706270962511,0.9921902199715147,0.5804442868697101,0.4697982124927112,0.40307409890495804,0.6505532666206815,0.4859455515235106,0.5439206371871719,0.32109429966487435,0.028335895977357282,,0.3745248657517168
846,peachy-sweep-659,run_10c7c3335fa471ea67a9f6581453e7c5,0.552520751953125,0.8509508615188259,1.9857648339684277,1.233948199620973,0.5786665311515398,1.037680012660231,0.5406509253350354,1.7159771366358207,0.2903727100442205,0.5786665311515399,0.741762937173603,0.530563278306856,0.4489555714160755,0.37787791718545477,0.5770529179088076,0.41784668581281603,0.5810534747920059,0.38428013351361573,0.07876276327003423,,0.49526058322747873
847,gallant-sweep-660,run_64a3018a501c6750cfb29938ca1b78a5,0.5867262482643127,0.8405105296745374,2.6564235166031587,1.2481490840176883,0.5103567435715012,1.2311599936698845,0.6475303126994261,2.4984485574305944,0.47331648768161716,0.5103567435715006,1.0288020256369679,0.5129216550102277,0.4852045567289995,0.4475206717108834,0.5847105291994721,0.5020993141275603,0.5507103617939209,0.27896191303258816,-0.0494770317167946,,0.35629132772720523
848,devout-sweep-661,run_529147974c8d3d7ef2ff351b96442fc1,0.5273771286010742,0.9152776005105298,2.5274632553075675,1.0831206569804173,0.3935562557170444,1.0901487577148283,0.7496617740906191,2.331818181818182,0.3501073910296919,0.39355625571704295,0.851376800126603,0.5499041381927999,0.5234806879567254,0.5087421383647799,0.6232235376314934,0.5114920786305397,0.5151439860533258,0.2691822052071782,0.060591962049214874,,0.4125714018586061
849,whole-sweep-662,run_82be19224d96a8787c5eef6bfcd03441,0.5743458867073059,0.836962348436503,2.630130647795319,1.263967150979154,0.4227360504116272,1.2175898085140056,0.6533758774728776,2.4818454001088743,0.393367024636766,0.42273605041162715,1.0405839531571461,0.5513924746751319,0.4938409700099082,0.415864061552214,0.6673751167083313,0.5024654818538208,0.5659955516220242,0.31217040781161004,0.004152372472444794,,0.3628666340578457
850,robust-sweep-663,run_4d9daf4af6fdaf8c80e32e1e24074f88,0.6086789965629578,0.816285896617741,2.4452095808383247,1.380859128237524,0.5437646102246163,1.1450704225352113,0.5472878111040194,2.1742242787152977,0.3732027795325332,0.543764610224616,0.8177401487577142,0.5744289586199524,0.4496425991869886,0.41636896210452384,0.6590650456115259,0.4095906370989333,0.5744502736368643,0.2634474839128649,0.022568424567773752,,0.39658159732563375
851,fresh-sweep-664,run_930a8608177ea47249352e787562a4f7,0.5942565202713013,0.8331844288449266,2.2345400108873177,1.3403537586860395,0.6584205711962599,1.1205966133881946,0.5546394384173585,1.9715024496461626,0.31144662034112564,0.6584205711962607,0.6907501186896662,0.5747371501400392,0.40612557054095655,0.38300322446764357,0.6289204918627535,0.414669079093327,0.5749249087368591,0.30083889195536073,0.062391901666133336,,0.4410162788701805
852,super-sweep-665,run_c8826a4657e931d759d5e42e9b33a26a,0.5643905401229858,0.9408040842373961,2.7508709853021243,1.3435123183828177,0.387722329505031,1.2692039879727806,0.7508359923420548,2.6761839956450744,0.4665445356917249,0.3877223295050324,1.1125178034499121,0.5278649745126303,0.5679306269167744,0.4541560514637806,0.7725344624589904,0.5951799549328662,0.5148043726909202,0.3577593124346876,0.03703714138267855,,0.3677681382479152
853,sunny-sweep-666,run_0294b4b2ffe415d18c4896f297b6bec3,0.5384811758995056,0.9124186343331208,2.509227000544367,1.1648389134554644,0.5998272182132331,1.1384000633011555,0.7120357370772178,2.3813010342950482,0.3137460518003793,0.5998272182132338,0.9572479822756764,0.47818428164619153,0.5154205704796901,0.4228756824058998,0.6695213978893912,0.523059411562304,0.516241228805093,0.3724073583707106,0.06534817826289502,,0.4194967802742887
854,ancient-sweep-667,run_4dc7a14e702729ac6838048cccfa62e8,0.5766432881355286,0.8636630504148054,2.406995100707676,1.28857864813645,0.561937188738693,1.1652951416363349,0.5343714103382254,2.2633913990201426,0.28547062539481954,0.5619371887386927,0.9176451970248464,0.5929206175933376,0.5032776245207521,0.3724959295086677,0.6989025306434425,0.5256907999218846,0.5806132536147313,0.3741348721767297,0.07865871012066145,,0.42101615204911813
855,wise-sweep-668,run_527ed9d6bde21bd91135a43ba72f10b5,0.5283982157707214,0.9861135928525846,2.5292052259118134,1.3160960202147822,0.5579632076430533,1.1886374426333282,0.7549457562220814,2.3265922700054444,0.3590524320909663,0.5579632076430525,0.8634910587118215,0.5018696139456823,0.44150842138206753,0.41188535580883057,0.5981807441592752,0.4194167329205098,0.4767625453201553,0.3047411380073948,0.030222492103386532,,0.3890177043119011
856,eternal-sweep-669,run_639018898df01328e052726a4810403e,0.5613273978233337,0.9067517549457563,2.480647795318455,1.3478837650031588,0.4224108141071247,1.015951891122013,0.7044798978940642,2.3169025585193253,0.5319646241313959,0.4224108141071244,0.7310333913593927,0.5497017529974653,0.4676467943288895,0.4783901605848737,0.7191865952176146,0.4652556112238891,0.5441023908829304,0.3584001848310256,0.09548902529995268,,0.5041272479288151
857,resilient-sweep-670,run_8d633fdb9d627df1f18b6a900b28a50b,0.6635609269142151,0.7015698787492024,2.324904735982581,1.2013013265950727,0.8145543246264864,1.211133090678905,0.5063433312061261,2.0923516603157335,0.4865066329753646,0.8145543246264885,0.8285092577939542,0.6631016893668726,0.42349249260971344,0.46673546595153725,0.5162015642694123,0.3886510575489859,0.6229785959588473,0.32435920389043926,-0.03292530819434903,,0.36586228346202054
858,misunderstood-sweep-671,run_f872a4f1840cd23450e7d7e71c602f57,0.600127637386322,0.8196043395022337,2.6118943930321183,1.2912318382817438,0.42184165057424533,1.118792530463681,0.6696617740906196,2.4319270549809477,0.5608212255211619,0.4218416505742453,0.8644484886849192,0.5383744105177262,0.47199246331102224,0.45833333333333337,0.6755631993844028,0.4838305100413858,0.5676277119936401,0.28528088683995717,0.01658798917269063,,0.41112479688495707
859,earnest-sweep-672,run_524d6009840d1d29863cce7549a344ee,0.5665603280067444,0.891869814932993,2.2655144256940676,1.258559696778269,0.7687773147677609,1.1799335337869918,0.6202680280791324,1.9597985846488857,0.34576121288692524,0.7687773147677601,0.8924196866592818,0.5251223373832407,0.4163295007046042,0.40247422022156243,0.6132649340530663,0.44603018983055365,0.5269698549097945,0.2845572214837434,0.042140651683994286,,0.3896849784462024
860,hearty-sweep-673,run_58e5c065e21d3b1d57280dde70e8cbab,0.7295469045639038,0.5728653477983409,2.578307022318999,1.4237144662034114,0.42653724972050006,1.193669884475392,0.3917804722399495,2.3932226456178567,0.670284270372711,0.4265372497204984,0.8012818483937317,0.7152973588950491,0.5093829586942643,0.5442122402068768,0.5774477817534026,0.41517303988899773,0.7024306222219201,0.23047033179643597,-0.20081751257456612,,0.3763086917624296
861,radiant-sweep-674,run_7b33e7ba8ba35ffb002fe61a6c8b94a5,0.5592852830886841,0.9279387364390556,2.3760206859009263,1.3618572331017058,0.6605244435410103,1.2154217439468271,0.5508615188257814,2.186145890038107,0.32279216677195305,0.6605244435410103,0.9466450387719575,0.5622256492064698,0.49826235609115743,0.32363008013280975,0.6614300501603951,0.5107283189939652,0.5345650180658408,0.3212546264905983,0.054295113568626534,,0.37341163884963324
862,avid-sweep-675,run_83ac6ce03fe84d5e9addfb9068773ff2,0.5492023229598999,0.9128270580727504,2.134213391399021,1.301869867340493,0.7585628620794796,1.1278287703750594,0.5657689853222707,1.8574578116494298,0.2696272899557803,0.758562862079479,0.760808672258268,0.5210271577880441,0.44551597735075693,0.3227205248539412,0.5844838124709227,0.41665307400911844,0.5340690333534623,0.3360955402890837,0.0921650224612447,,0.41265227624108136
863,skilled-sweep-676,run_c78f2cb2029f8bfd2317476ebd5df1df,0.5812380313873291,0.8714231014677729,2.003946652150246,1.368603916614024,0.761662770606769,1.0975391675898085,0.5477472878111037,1.6884322264561789,0.2963108022741644,0.7616627706067679,0.7217043836050007,0.5810922799108109,0.4197393032176757,0.3646681352360885,0.5914701233366153,0.42422446071959563,0.5548039381291834,0.34603565775116013,0.07185083670238465,,0.4699113398654583
864,curious-sweep-677,run_da846ec5cc870e3e5d4b8b62969b387e,0.5591576099395752,0.9249776643267391,2.245209580838324,1.3703979785217941,0.7874987295456856,1.1528485519860738,0.5328398213146135,2.053592814371258,0.3064181933038527,0.7874987295456845,0.8321174236429821,0.5761971714001586,0.5897405787419615,0.3158073939277847,0.6395104981623922,0.5216257234824004,0.545914086310146,0.35646126185301896,0.06494160209232173,,0.41714878909058184
865,frosty-sweep-678,run_1f29368139969942d5463df3293d2a27,0.6000000238418579,0.8245820038289726,2.7270277626565065,1.2126974099810488,0.46105295253582684,1.2118689666086409,0.6913848117421818,2.5955089820359296,0.43809222994314617,0.4610529525358274,1.0899192910270619,0.5088231551683899,0.5158436805331367,0.44502953101554765,0.6764884315276583,0.523929463067672,0.5391775076911515,0.26035313553321743,-0.025349877018623818,,0.3520614794701471
866,apricot-sweep-679,run_ae0a7ac8caaa30a3b86cb81b962b35cb,0.5703892707824707,0.8791320995532866,2.6549537289058254,1.230107391029691,0.5249110681979876,1.1814923247349265,0.6922782386726237,2.546298312465978,0.3935439039797854,0.524911068197989,1.0021126760563381,0.485417565080742,0.5232673537017672,0.4040144622162628,0.6519640142160323,0.5395542673527522,0.5304951699660674,0.3435868928922177,0.007920904088949311,,0.4108891283779812
867,young-sweep-680,run_597765432b17759135a0181542039705,0.4798978865146637,1.058200382897256,1.9922972237343501,1.486380290587492,0.9641833519666635,1.2169567969615445,0.5979578813018505,1.6884322264561797,0.32539481996209574,0.964183351966664,0.7228596296882417,0.5102096306002895,0.45196259856259696,0.32586964850110145,0.571874127110493,0.43965102976004916,0.5017766789551811,0.34710221200239416,0.07763043088440155,,0.40453257359485123
868,wise-sweep-681,run_8eddb94528a08cb76f6a340930bdb1a9,0.6139119267463684,0.8046458200382898,2.6357376156777366,1.274478837650032,0.36912287834129487,1.0837711663237855,0.6855902999361834,2.5019324986390865,0.6353126974099806,0.3691228783412949,0.9119718309859152,0.5596294582727871,0.5048853490044328,0.47237828432781026,0.7114838684471297,0.5129666606685991,0.5803229448460389,0.29915143450774523,0.013824977978057951,,0.4310672180755257
869,revived-sweep-682,run_c5c55cf74821f09820d66bc949ad2dd8,0.5742182731628418,0.8712699425654116,2.400408274360371,1.1937713202779534,0.6372700477690822,1.2077464788732395,0.6828334396936824,2.1456450734893857,0.38058117498420757,0.6372700477690824,1.0302816901408454,0.5218899776550866,0.46228761835690596,0.44449062988858024,0.6407621670465973,0.5128505099109041,0.5284196978090859,0.2956727954029058,0.016447050631439586,,0.3634192243080576
870,confused-sweep-683,run_98cd01e80ff0ef9508e6241012987b89,0.5673261284828186,0.8733631142310149,2.9501633097441484,1.1432090966519273,0.33053155808517126,1.2369520493749013,0.7782514358647082,2.891589548176374,0.6411497157296276,0.3305315580851719,1.1961861053964222,0.5978838374820736,0.6506827229459544,0.4888350413434218,0.7675643943702045,0.6296439876874487,0.5673337882483439,0.36354726813635124,0.05478095860247408,,0.39722983995501093
871,iconic-sweep-684,run_4a52715e302ae9f62ca08c6c6e3bb9d7,0.63165283203125,0.7555839183152521,2.441943385955363,1.261212886923563,0.5076532167903243,1.183256844437411,0.49638800255264914,2.2493467610234084,0.40468730259002,0.507653216790324,0.956638708656433,0.613762215003058,0.44683430724690293,0.3950304887782141,0.6357140939939782,0.44838520838741736,0.6038860692455642,0.28931505763955817,0.003960796994222342,,0.36074366208124364
872,sleek-sweep-685,run_046c86331ff25492f16b3b7fae84942f,0.5886406898498535,0.8326228462029356,2.431818181818183,1.235742261528743,0.595863400752109,1.1957904731761355,0.5995149968091896,2.230838323353294,0.37166140240050677,0.5958634007521084,0.9471435353695205,0.5403843427369395,0.4303836135372004,0.4061823580116847,0.6030355622488979,0.44519184287566826,0.5518861277534567,0.28561939204851355,0.02740040722181027,,0.35889285162968687
873,giddy-sweep-686,run_cd6fe68f7a9eb2ace3d43e637313ab9f,0.5832801461219788,0.8684620293554564,2.5143440391943397,1.2355653821857235,0.5717755869498934,1.1556733660389302,0.6362220804084231,2.3980675013609165,0.33441566645609655,0.5717755869498922,0.9965659123278993,0.5388538886124611,0.500935810105982,0.3868875905883855,0.6699641284681368,0.5208468921959946,0.548320292058784,0.3667522489513236,0.04530050283015385,,0.4139586729270882
874,wise-sweep-687,run_6eb87b253984af8378b7d5ed373eb1a0,0.6202935576438904,0.793694958519464,2.6373162765378346,1.3433859759949465,0.35164142697428596,1.1297198923880363,0.6408934269304409,2.49327708219924,0.5794188250157938,0.3516414269742863,0.8626048425383762,0.5683482569604121,0.49965120529841656,0.47787376688056704,0.7168519433903243,0.4581895801265322,0.5797680400703877,0.2745143416092496,-0.0013444977184784476,,0.40737467234702923
875,amber-sweep-688,run_71e1ed24c2dd653abc0eab0c49dbe6a8,0.5857051610946655,0.8655520102105937,2.589303211758302,1.2304611497157298,0.5264051224717958,1.1589887640449439,0.6442884492661124,2.4532117583015793,0.3133670246367655,0.5264051224717965,0.9741335654375692,0.5496543881426332,0.4977005324556909,0.387605912588194,0.7076456522835709,0.5144591063392644,0.5463573236510774,0.3230651053188105,0.06302676067431444,,0.4067758716137553
876,brisk-sweep-689,run_cd6fbe09872a623dbc1e7fe2301ee5bf,0.5369495749473572,0.9261518825781749,2.0485846488840505,1.2213392293114342,0.7843175119422705,1.064567178351005,0.6204977664326741,1.7461350027218294,0.27030953885028464,0.7843175119422715,0.7260009495173291,0.5203818720130439,0.39527386051849506,0.3819310091625962,0.5497978908627823,0.4393159270955459,0.5284057826372107,0.3263344175482443,0.09268914632009533,,0.4717660393474727
877,worthy-sweep-690,run_cf3b29541952658970a7d705e7fbffe0,0.5373324751853943,0.9787874920229739,2.230838323353294,1.4236386607706888,0.8591015347088119,1.1849184997626208,0.5468283343969375,2.007321720195973,0.3255464308275418,0.8591015347088127,0.8348156353853452,0.5944162609557019,0.5584661194403105,0.29539763113367173,0.6154722994292904,0.5174101088182239,0.5319875493062695,0.34105401111687467,0.053490365153982374,,0.3965968958164741
878,magic-sweep-691,run_c4cae2d68a8505a851f3af4816225a4d,0.5475430488586426,0.9227058072750478,2.240310288513882,1.302779532533165,0.7180404512653724,1.049177084981801,0.6236885768985327,2.001878062057703,0.3002274162981686,0.7180404512653724,0.6607137205253993,0.5374548012338863,0.42453087972869047,0.3768922197746065,0.6250417605143263,0.45045384021331336,0.5335845198690943,0.355419402323851,0.06877577591956459,,0.481203239081666
879,decent-sweep-692,run_ab9ebb12ffc4f477240ca6791200de46,0.586981475353241,0.8354562858966177,2.560615133369625,1.1633228048010111,0.6070230714503506,1.1812074695363188,0.6802552648372687,2.3869624387588475,0.4184838913455467,0.6070230714503507,1.033193543282165,0.5200442293280942,0.46794232768982713,0.47263528397663057,0.6265676136775464,0.5288220042619451,0.5371425232766284,0.28976295808090047,-0.011205356223668129,,0.3701992539832662
880,hardy-sweep-693,run_bc63de5b435b4f1a4e82cc03c97d2376,0.5854499340057373,0.8570516911295469,2.2640990745781173,1.2920151610865447,0.763512552088627,1.1361053964234848,0.5093809827696238,2.061268372346217,0.31773847125710714,0.763512552088627,0.8467874663712613,0.6034181562547553,0.5398616542186657,0.33023752514127,0.6473036660217371,0.5056499596896384,0.5787822133156807,0.35821158059241764,0.05835582506965312,,0.4207964800795525
881,efficient-sweep-694,run_5baad2179db4b69fe6120dd4d04c0fe7,0.5705168843269348,0.900676451818762,2.5680729450190536,1.3217561591914089,0.5604736253684317,1.211402120588701,0.596043395022336,2.4403647250952645,0.30960202147820604,0.5604736253684304,0.9937885741414778,0.5876595040615202,0.5484201729658044,0.36157041151869235,0.7169101699860667,0.5598177360217278,0.5494981386730736,0.3443940790558178,0.06287639015050926,,0.3969058820752379
882,legendary-sweep-695,run_80ebf0575b9b8a526de27e78c9f18996,0.5106573104858398,0.9958647096362476,2.8553892215568872,1.1204927353126977,0.5966053460717553,1.2865405918658017,0.8334652201659227,2.722563962983126,0.405116866708781,0.5966053460717549,1.2215144801392623,0.6190244503200613,0.6269361051351082,0.5246180123232129,0.6629478106575959,0.5887930241956635,0.46864026982980567,0.2762919442396712,0.052958114045508965,,0.31773811334073887
883,expert-sweep-696,run_ba3ded573fa76a01a57ba39dfbc0a665,0.7471601963043213,0.5289853222718571,2.700571584104519,1.3694377763739738,0.3951214554324627,1.2267289128026586,0.4001786853860871,2.4927327163854125,0.7570562223626034,0.3951214554324635,0.9099382813736353,0.7300117489756679,0.4896952403315633,0.6275482872010982,0.5765246960981326,0.4083579501996982,0.7185742506150106,0.20384830002168466,-0.28836440855473233,,0.3415947286887154
884,woven-sweep-697,run_eacf53608254d1e622a96bbacfa26547,0.5115507245063782,1.031218889597958,1.908791507893305,1.6049652558433354,0.758075007622726,1.1454897926887166,0.5393235481812384,1.610261295590638,0.2174226152874293,0.7580750076227266,0.7014321886374432,0.6103478572879272,0.5067165028002392,0.433756345177665,0.644579591397466,0.507008394438929,0.5243134108618738,0.3976138429327588,0.10992878021667196,,0.496814666640825
885,solar-sweep-698,run_7325e608e32967d821c88c81cc502145,0.5758774876594543,0.8796681557115507,2.4597441480675024,1.4973720783322806,0.5070535623538978,1.207825605317297,0.5353669432035726,2.2987207403375076,0.30242577384712627,0.5070535623538982,0.9556338028169017,0.621472270745133,0.47933657607567953,0.41388276984963124,0.7116453105764168,0.522577719790772,0.5742549724898636,0.32343865771501434,0.06100297983841565,,0.3995960605568887
886,toasty-sweep-699,run_b83f16ba11a6a5425179a48552d0977b,0.5740906000137329,0.8469176770899809,2.6706314643440403,1.1895262160454836,0.5099095436528103,1.2081421110935275,0.7150478621569873,2.52811649428416,0.4256096020214781,0.5099095436528094,1.0849580629846498,0.5592705530095023,0.4882836022423427,0.440109344571082,0.6602008810902548,0.5200142225040851,0.5321120947909106,0.30787552997226697,-0.013554406716247101,,0.3544787360744652
887,solar-sweep-700,run_cc8532745f2ba5df9747df6b474c8b90,0.5965539216995239,0.8208040842373963,2.4283342406096904,1.1345672773215416,0.8226852322390488,1.2275993036872923,0.5893809827696236,2.2167936853565613,0.45431459254579987,0.8226852322390507,0.9067890489001417,0.5590045614564416,0.4552301022457598,0.4759855377837372,0.5461650668076355,0.40989204175659383,0.5545105968994755,0.29453929134594403,-0.022395876190241235,,0.3383315419233123
888,dauntless-sweep-701,run_2cc30d789b4cca0dc0d269acac4fdb32,0.5352903604507446,0.9180599872367582,2.762139357648341,1.126228679722047,0.42079479621912796,1.1821886374426334,0.8026802807913199,2.6894120849210688,0.46429564118761857,0.4207947962191283,1.0769188162683971,0.5337378009658527,0.5764215961563028,0.4805242154327491,0.7273611594045659,0.5677011792587475,0.5202829868118892,0.36791117096702175,0.050213563587891814,,0.412488967868208
889,fanciful-sweep-702,run_9831cfeb0306a331c9760d7125081580,0.5115507245063782,0.985858328015316,3.020114316820905,0.9941250789639927,0.4137615611342616,1.2191406868175345,0.9858583280153163,2.9473870440936314,0.7060644346178143,0.41376156113426166,1.2191406868175345,0.737934741699442,0.709367158075882,0.5977677744788175,0.6989463360754445,0.6585926264799471,0.48227618432394376,0.3379918286045918,0.03892751324578694,,0.37988622988324294
890,wise-sweep-703,run_feeb9120a4d40c4489f19f3ecfcf9f59,0.606509268283844,0.8065603063178046,2.6760206859009257,1.3195578016424512,0.44309381034657996,1.1653188795695522,0.5922399489470319,2.5544093630919993,0.3753000631711941,0.4430938103465798,0.9464551353062198,0.5468965602811184,0.544822413737394,0.40862608945503304,0.7291953694227027,0.48992763946852735,0.5735385413845753,0.27354860003778464,0.01693639279138296,,0.39987938458148425
891,sweet-sweep-704,run_272afa903d029320d3d58941d2d14e89,0.5923420786857605,0.8648627951499682,2.333124659771367,1.2909791535060016,0.8410509198089237,1.2110618768792532,0.5795277600510532,2.096325530756671,0.38101073910296873,0.8410509198089233,0.9431713878778298,0.6079375078158398,0.46835353729832585,0.3727535676659324,0.5979946388804388,0.45481149831653367,0.5537670916557188,0.2949089611261264,0.021993036468257544,,0.35570909461801614
892,desert-sweep-705,run_a17c78b1f52b33e839b04492e613d282,0.7184428572654724,0.573018506700702,2.6214752313554723,1.2986102337334178,0.3317207033235085,1.2264440576040514,0.4154179961710273,2.3858737071311924,0.661617182564752,0.3317207033235072,0.901724956480455,0.6937631679561614,0.43704629844297976,0.5678194936628037,0.5759945999427634,0.39690254198962,0.7002298433184133,0.20591096180961935,-0.2013160452684378,,0.33363575529441625
893,fine-sweep-706,run_8f003f4b4ab08b015fd84963c8e50ab3,0.5580089092254639,0.8620548819400129,2.6445563418617324,1.1819456727732156,0.48129891249110685,1.1689982592182306,0.6965922144224638,2.525231355470877,0.3830322173089068,0.48129891249110685,1.041604684285488,0.5489908763216832,0.5519293408073506,0.4611956070619034,0.6760539432946359,0.5442624919068935,0.5535277428068291,0.32475340055293106,0.012188087248668163,,0.4036500281839784
894,denim-sweep-707,run_e54d3f964352d63eb42213edb137cc26,0.6022973656654358,0.795226547543076,2.5094991834512808,1.2174731522425777,0.6679032421994106,1.1888669093210953,0.5970389278876834,2.2802123026673935,0.46411876184459966,0.6679032421994114,0.8872369045735081,0.5723958289578681,0.49149616809918867,0.4603099958496951,0.5304610191696065,0.43761457203853354,0.5815528996336461,0.2787077428468644,-0.04664973635327915,,0.3609567491689068
895,golden-sweep-708,run_0352e4dedc2eb0a409fd72de498497f7,0.5669432282447815,0.8781365666879388,2.688541099618945,1.1497283638660774,0.5650574245350137,1.1772748852666561,0.6526866624122529,2.5556069678824183,0.37241945672773347,0.5650574245350132,1.0301313498971358,0.5356318502573859,0.5638958243278781,0.4636029435239281,0.6650263664068703,0.5397786501656505,0.5503205222901414,0.334763959922011,0.020440847665307,,0.40066890071991035
896,unique-sweep-709,run_530ef61aee48fb976312d1bdbeaf0a60,0.577919602394104,0.8302488832163369,2.2181545998911276,1.193468098547063,0.7343530846630756,1.1360737458458618,0.57922144224633,1.9690528034839423,0.3479848389134549,0.7343530846630758,0.86830985915493,0.5301042155581626,0.45239894079670684,0.4298078089582735,0.5800260562084475,0.4763917500062501,0.5618187730675717,0.32599007707503874,0.04285687787292636,,0.4031093339253909
897,firm-sweep-710,run_1cf8c113f24b627c116da268c762fc9f,0.7204850316047668,0.5659731971920867,2.4899020141535115,1.2612381554011372,0.3928752922044923,1.2656037347681597,0.4041352903637527,2.240364725095265,0.734440934933671,0.392875292204491,0.9303449912960918,0.7072649517369791,0.401040270606271,0.6021958305398589,0.5299645049649421,0.3954361645322137,0.7012664943107503,0.14808272252055193,-0.2600652554906372,,0.3017738695084311
898,dandy-sweep-711,run_2cd5956917f0d844227329aafd533e7e,0.6139119267463684,0.7977536694320357,2.712166575939032,1.2477700568540748,0.48958227462140463,1.171791422693464,0.6189151244416087,2.5252313554708774,0.4111813013265969,0.48958227462140524,0.9848472859629696,0.5502996112835934,0.5069467720121431,0.4278354563739105,0.6856824863583203,0.49462812898766256,0.5646786180611671,0.22829366137063437,-0.0059415442561659626,,0.3796670242376074
899,unique-sweep-712,run_fc30fdef4358418fdd11a51793c4d894,0.6029355525970459,0.810363752393108,2.071774632553076,1.2511054958938725,0.781664803333672,1.069623358126286,0.5267645181876185,1.782498639085467,0.3168540745420086,0.7816648033336719,0.7167668934958077,0.6070503729857045,0.4012794947235463,0.376669699581777,0.567902997125918,0.44635923844033387,0.5855486099828182,0.3493820821743248,0.06479521581512195,,0.46947448306540696
900,lively-sweep-713,run_59948365e76b05af1c3848d4a352a40b,0.7410338521003723,0.5291129546904915,2.629205225911814,1.3242072015161088,0.562486025002541,1.3051432188637444,0.36809189534141695,2.4115677735438217,0.7816424510423252,0.5624860250025429,0.9989238803608163,0.7430995365567036,0.4750016769911696,0.6204504677074354,0.5292914533081263,0.441019086816303,0.7221101896502722,0.22391047976964926,-0.28501025222825516,,0.2835846976342247
901,stoic-sweep-714,run_6f677432fddfaecf3a2f361ed73bf762,0.5973197221755981,0.765386088066369,2.4859281437125755,0.9777511054958941,0.444598028254904,1.1127630954264918,0.6113592852584561,2.3034567229178022,0.35445356917245646,0.4445980282549043,0.9913673049533153,0.5948668877388885,0.5705627915639342,0.5879021805063371,0.6107308210207028,0.5821102261516139,0.6030717877127267,0.31051896863989253,0.03941147081254716,,0.38068579914889084
902,electric-sweep-715,run_7f02e4f94ed4818b3d7f2a8bae88f252,0.5752393007278442,0.882680280791321,2.3912084921066965,1.3384838913455468,0.6624758613680253,1.1782402278841588,0.6014805360561586,2.180430048992924,0.3412381554011374,0.6624758613680255,0.9165849026744743,0.5333132113104558,0.4780882594866796,0.347114580340325,0.6645592680606023,0.47263710740788334,0.5372111327201017,0.30348401215851006,0.04283862304233331,,0.39804342462050524
903,robust-sweep-716,run_386c007f0018ffc447d1a4a3a330659b,0.596681535243988,0.8124313975749842,2.5198965704953733,1.2613392293114343,0.5382559203171055,1.1652318404810889,0.5801914486279524,2.3467882416984214,0.3587239418825022,0.5382559203171058,0.940243709447698,0.5473090320775906,0.46871575121500597,0.384988347220892,0.6536333232143396,0.4769562259218336,0.5778804378218516,0.28691473552737096,0.032712902975712596,,0.39263181551052806
904,morning-sweep-717,run_6d25360c4479aedc15e9b3ba6f416177,0.580599844455719,0.8579961710274411,2.643630919978226,1.2225015792798486,0.47778229494867364,1.2128422218705492,0.6286151882578168,2.4878334240609696,0.3585723310170572,0.47778229494867364,1.022970406709923,0.5352868900798444,0.4963232354049348,0.39523018229416085,0.6645474060614485,0.5043717956301524,0.5501500687723351,0.29693517898295496,0.03180061225616198,,0.3610134071619812
905,distinctive-sweep-718,run_a8c47786e4c5d1d7c1a2868b36807c11,0.6365028619766235,0.7515252074026804,2.69512792596625,1.2819583070120029,0.43926212013416005,1.1914701693305902,0.5863688576898524,2.484893848666305,0.4792040429564125,0.4392621201341594,0.912027219496756,0.5953732481166142,0.4748288854826381,0.46946844172014174,0.5698025039107175,0.4330791257006425,0.5978437132410187,0.20547331934276808,-0.058873552439047495,,0.3704811847627091
906,fallen-sweep-719,run_c69681f94157c504652c8e9d4247325d,0.6393107771873474,0.7613018506700702,2.6526673924877526,1.264093493367025,0.3166175424331741,1.185440734293401,0.5790938098276962,2.5025313010342964,0.4153253316487688,0.3166175424331752,0.9993828137363504,0.5807788543384983,0.4910810340533289,0.41305207036363056,0.7107555459282617,0.4908492057958128,0.5904560067168115,0.2786068321871915,-0.007826472676146128,,0.37383860383550577
907,elated-sweep-720,run_eb930ecbe4867b4d5fd2149454e9bb2c,0.5369495749473572,0.9396298659859605,2.114888405008166,1.3003284902084653,0.7891147474336824,1.0682069947776547,0.6051308232290996,1.8335601524224283,0.29118130132659564,0.7891147474336829,0.7068365247665761,0.5286887112371301,0.4233389813182729,0.3471548063723143,0.5908159822973656,0.42657179155931235,0.5302392039254127,0.33214994405229764,0.0744318098596265,,0.4736796631912749
908,stoic-sweep-721,run_e2a63dd62fe762c7325945cb5c4ee5e1,0.631397545337677,0.7802680280791322,2.597305389221557,1.3085912823752368,0.516383778839313,1.2092103180883051,0.59356732610083,2.3735710397387053,0.5134428300694897,0.5163837788393124,0.8625573666719417,0.6019985408464716,0.44414998400400646,0.4939346486607285,0.5564750958687394,0.3961493317977974,0.5802480555077396,0.2090818247342867,-0.08699322814476317,,0.35933239448109056
909,fanciful-sweep-722,run_4b43efddc699279b47459de200a73c91,0.5663050413131714,0.9180855137204851,2.8193522046815467,1.2113581806696148,0.46117491615001527,1.2388036081658491,0.7509380982769636,2.725939031028852,0.38166771951989886,0.46117491615001527,1.1301155246083237,0.5066533849775459,0.5459734749485271,0.42003687386265687,0.7306515346760247,0.5792434921632832,0.5062664508375873,0.30789898495540813,0.019512869140050362,,0.36447087569620834
910,jumping-sweep-723,run_52bd09ff14b3559b090508ffe93012e8,0.5830248594284058,0.8582514358647096,2.518154599891128,1.2671762476310804,0.5403902835654031,1.214590916284222,0.6197319719208676,2.32022318998367,0.4082248894504103,0.5403902835654021,0.9837790789681915,0.5117893209515637,0.45577063554947506,0.3913514031223063,0.6233476160508921,0.4596060717158823,0.5329875137658896,0.28998968938374603,0.0003176546756938097,,0.3568498153045063
911,stilted-sweep-724,run_4d5999cf5c30354a68cf2eb4c9d68eaa,0.5517549514770508,0.9079004467134653,1.9186989657049542,1.3674162981680356,0.8082833621302978,1.0794508624782402,0.5147415443522657,1.616249319542733,0.24344914718888153,0.8082833621302974,0.7654771324576672,0.56054431036059,0.4449672099824867,0.3350223477955496,0.5590451562191128,0.44163933832228697,0.5606157127751137,0.35743329207900937,0.10274656050745322,,0.4818776895445342
912,lemon-sweep-725,run_98afb0b47d2d172b076814979f7c3eb4,0.6691767573356628,0.6869432035737079,2.54613500272183,1.2859254579911563,0.48158349425754654,1.2205333122329485,0.522450542437779,2.3092270005443667,0.5753758686039162,0.48158349425754626,0.8802579522076287,0.6511745997149954,0.43514241100001877,0.5205676340069597,0.5403142945713584,0.3935582205786229,0.6331215331721293,0.2245811529885137,-0.1356769246037696,,0.3517972956306221
913,wise-sweep-726,run_a22f1e9f7e7cb20c5c0b550741e21987,0.5945118069648743,0.8357115507338865,2.4777626565051722,1.2961086544535692,0.47544465901006194,1.0563617661022313,0.6736183790682839,2.3102068590092553,0.5095009475679095,0.4754446590100616,0.8034103497388831,0.5278184823358634,0.46940540959994975,0.45046020496121064,0.6790991349182233,0.47969415280368366,0.5619280752522385,0.33644010111885847,0.045521426640088056,,0.45759000544606354
914,different-sweep-727,run_c32ee8c6e63ce457882f0d2af5297c4a,0.43178045749664307,1.5589278876834718,4.04047359825803,1.9017687934301963,0.0,1.752373793321728,1.5589278876834727,4.04047359825803,1.9017687934301963,7.420293332589724e-17,1.752373793321728,1.0,1.0,1.0,1.0,1.0,,,,,
915,usual-sweep-728,run_4dd4dfb3273c442e3d2801c483b0a762,0.4945756196975708,1.0465347798340778,2.3066140446379984,1.445698041692988,0.7537859538570993,1.2228675423326476,0.6332099553286537,2.0854926510615135,0.2569677826910936,0.7537859538570988,0.7677005855356861,0.5041072509438599,0.44578672586902973,0.3315651438240271,0.6561832461857867,0.47100652932434106,0.47746980228192465,0.2981134789389572,0.08923854506041867,,0.3954134732147236
916,dry-sweep-729,run_f34927e988a93267a8b3accf38b7a83f,0.5629866123199463,0.8780344607530314,2.4598530212302676,1.1414908401768795,0.6031507266998678,1.2263570185155879,0.6661135928525843,2.1799401197604795,0.4538850284270375,0.6031507266998677,1.024711188479189,0.5156365498294411,0.4895889489158211,0.47534782747501836,0.5715063503006337,0.5034522485481352,0.5187516731454941,0.239494364905891,-0.03581464020550215,,0.3225460465491404
917,ancient-sweep-730,run_d9ba1f37ba3a46606c4cba55b567f5a5,0.6396936774253845,0.7384045947670709,2.586635819270551,1.1928111181301329,0.5204085781075313,1.1655720841905364,0.5440459476707091,2.43497550353838,0.3947062539482009,0.5204085781075305,0.9957825605317286,0.6055691894015944,0.4901560368123396,0.4330329151103023,0.670947944264338,0.4972869102598283,0.6080966592563767,0.3092166140725343,0.00786297268916127,,0.38421522333013064
918,vibrant-sweep-731,run_7f2a331798ce44b61f20cc3f35d283b2,0.43178045749664307,1.5589278876834718,4.04047359825803,1.9018951358180674,0.0,1.752373793321728,1.5589278876834727,4.04047359825803,1.9012634238787114,7.420293332589724e-17,1.752373793321728,1.0,1.0,0.9998730964467005,1.0,1.0,,,-0.011290740673653222,,
919,dandy-sweep-732,run_0b909c43b11bc3a57154d0e61f721c1c,0.5531588792800903,0.9476196553924698,2.4127109417528594,1.1706506632975366,0.7164345970118915,1.174046526349106,0.6402297383535415,2.2718290691344585,0.3564497789008208,0.7164345970118932,0.9237221079284695,0.5325344613024996,0.5262992655269011,0.42878092775276955,0.6075716331781407,0.5148833511529852,0.5086270014407485,0.3909706852355274,0.03186054061967396,,0.4012022088114605
920,northern-sweep-733,run_a9a404e188594368d46ac7f8a5b3a4cf,0.549074649810791,0.9475175494575623,2.526428960261297,1.2222741629816807,0.5646102246163228,1.185037189428707,0.7460114869176776,2.4176646706586826,0.35152242577384935,0.5646102246163217,1.00203354961228,0.5042333987920069,0.5320193433942896,0.3936078919643712,0.6784989783956047,0.5328491410144454,0.49794771146357353,0.38625135601621124,0.03461694045848311,,0.40090807214521357
921,wandering-sweep-734,run_5e0a7ef8fd02128233eaba22418fe92c,0.5472878217697144,0.9142054881940013,2.5289330430049,1.260884396715098,0.4562760443134465,1.2563301155246085,0.6333120612635605,2.2902830702231918,0.38197094125078956,0.45627604431344676,0.9662050957429973,0.4872739522325945,0.44731568282308515,0.37597484276729565,0.5689014844140506,0.44616773167091217,0.5159020435128191,0.24698507938237618,0.017102682796571133,,0.32966097066068367
922,fancy-sweep-735,run_d7c275bc6c1e0845b5e5564101274882,0.6021697521209717,0.8186853860880664,2.1937670114316825,1.2568667087807963,0.6068299623945523,1.0657699003006806,0.6029865985960436,1.9411812738160055,0.29380922299431533,0.6068299623945514,0.7507517012185473,0.5774141260299774,0.4379864608907765,0.38291095999744595,0.6212908126795438,0.482368177141552,0.5747138116805182,0.34459810610859637,0.07720084519268446,,0.4499962604679491
923,breezy-sweep-736,run_0ca8e8c5cbd77cb99495db32245cd09e,0.6432673931121826,0.7455009572431398,2.5490201415351126,1.2530006317119395,0.7806382762475862,1.3131508150023736,0.5165283982131462,2.2917528579205246,0.5958938723941879,0.780638276247587,0.9734293400854559,0.6266610154790451,0.44003571629759825,0.5204718577403187,0.49310893120982496,0.42367324383443816,0.5954007239936926,0.16890167201991202,-0.12932927555908197,,0.2856021816339611
924,lunar-sweep-737,run_f0fb3b07e45f54286b9941a42d5ed4f1,0.5470325350761414,0.9237268666241226,2.237969515514426,1.2906759317751106,0.7108547616627706,1.1373081183731604,0.6167453733248243,1.9495645073489403,0.35134554643082716,0.7108547616627707,0.7573271087197342,0.524705836436673,0.4121315439354803,0.3522063659291894,0.5451183561100079,0.4040144542297183,0.5277458376108269,0.305432067842128,0.03892227338767975,,0.4237679714529613
925,glad-sweep-738,run_ff5ece6475dcfe1fcf432df476954d3e,0.5152520537376404,0.9664071474154435,2.0833696243875894,1.4220720151610866,0.8793068401260291,1.1421664820382973,0.5801403956604988,1.8553892215568857,0.376007580543273,0.8793068401260306,0.7517566070580785,0.494308165661423,0.4892521529786376,0.3586790856559078,0.6011192151628003,0.44780373915732474,0.5276912319938935,0.37619728711134887,0.06586701350919079,,0.4326580927509311
926,devoted-sweep-739,run_2706b50af0d87f265900c325d5232322,0.568091869354248,0.8694320357370772,2.4596897114861194,1.250145293746052,0.5256428498831183,1.059154929577465,0.6389278876834706,2.2529395753946657,0.3559191408717637,0.5256428498831182,0.7451653742680809,0.5253584215809383,0.4692509340701803,0.40348561759729273,0.6276368271977085,0.4540933460839297,0.5522119957878594,0.2879626396713378,0.0548126402075393,,0.45769255015673166
927,peach-sweep-740,run_f76ceef588ae4a116a6e451bb3f9f5de,0.5678366422653198,0.8999361837906829,2.6209308655416446,1.2218951358180674,0.4894196564691533,1.157002690299098,0.6891384811742178,2.5217474142623852,0.3071257106759324,0.4894196564691526,0.9898401645830033,0.509449157867699,0.5196959777021795,0.40717204610030966,0.6917903316880227,0.5113071925115046,0.5235617607263452,0.3557398338166854,0.06747891128854425,,0.40405574330064153
928,visionary-sweep-741,run_20aec40d34d70b18c71a842f4ba3776a,0.43178045749664307,1.5589278876834718,4.04047359825803,1.9017687934301963,0.0,1.752373793321728,1.5589278876834727,4.04047359825803,1.9017687934301963,7.420293332589724e-17,1.752373793321728,1.0,1.0,1.0,1.0,1.0,,,,,
929,colorful-sweep-742,run_9918fe8c4197806d29aa15cbb24d8335,0.5654116272926331,0.8416592214422463,2.560669569951008,1.2575236891977262,0.5224311413761562,1.1580946352270929,0.63754945756222,2.3572945019052822,0.37274794693619734,0.522431141376156,0.9715461307168851,0.5304137965093013,0.46210081139783393,0.3896122657472145,0.6713575746101463,0.4808118785942114,0.5646300886948088,0.2633871450973422,0.021630037138508185,,0.3960446638257176
930,zesty-sweep-743,run_11bc4db4da7df8c9dd4d82a816e690ce,0.5640076398849487,0.9160178685386089,2.33034839412085,1.461768793430196,0.7118914523833723,1.2609590125019783,0.5567581365666872,2.0656777354382143,0.34475047378395557,0.7118914523833716,0.8659598037664199,0.5247833025476325,0.4489009904716774,0.3501988953803914,0.629457647247122,0.45412094481052195,0.5262177963514,0.27912816340458974,0.04213653591966353,,0.3507242342173225
931,brisk-sweep-744,run_9580e877a97850f82b77205b315e5615,0.6806637048721313,0.6446202935545629,2.5764017419706056,1.3976121288692358,0.38927736558593357,1.2290947934799812,0.4429100191448629,2.326973326075124,0.6786734049273524,0.3892773655859327,0.8325288811520813,0.6460113745084322,0.43847380337088215,0.534415445519267,0.5565100819774063,0.3930147365097922,0.6639482734803118,0.2137003163250151,-0.20876806640133394,,0.3560297646354281
932,glamorous-sweep-745,run_a15dbf447dbe48a2f85e7c1627f9a24b,0.755711555480957,0.4905169112954691,2.4956178551986943,1.2794819962097286,0.5155706880780568,1.3217281215382182,0.3545628589661771,2.2447740881872615,0.8630827542640552,0.5155706880780561,1.0163158727646775,0.7451961806637739,0.41208149427935475,0.6566577275484469,0.5389451990651262,0.3857773960198754,0.7402458615753857,0.12493179382761743,-0.36827008198786076,,0.24477764940995117
933,sunny-sweep-746,run_b20e957a2064037ba3a2e2067689ed3a,0.5419272780418396,0.9355966815571155,2.449129014697878,1.3335565382185726,0.6071653623335705,1.2426254154138312,0.6679770261646467,2.18663581927055,0.3232722678458636,0.6071653623335715,1.0202959329007757,0.5114529195981818,0.44065282149834034,0.3878456725090189,0.6728964812169276,0.5255299979660786,0.5224897708440522,0.25689752894042267,0.052362506505852474,,0.37280899114261445
934,dashing-sweep-747,run_9c2d08250ae73b1e34b5b5b2d9681d0f,0.6164645552635193,0.8052074026802809,2.379232444202505,1.2789260897030954,0.7090253074499442,1.2088463364456403,0.5631652839821318,2.081573217201962,0.4808970309538848,0.7090253074499441,0.8067415730337074,0.6076188613351446,0.40371321356214374,0.45107173642371423,0.5339582259752421,0.37768458458891874,0.5713355730179711,0.24042541572385262,-0.048261651731633944,,0.3696371436736191
935,lively-sweep-748,run_e1d6be6394fcf7eafefb2459cf686c03,0.5687300562858582,0.8819910657306956,2.2901741970604257,1.2358686039166142,0.7469356641935156,1.178303529039405,0.6175366943203574,2.0605606967882424,0.3595325331648771,0.7469356641935156,0.9310650419370154,0.5235499667678184,0.43502571263455403,0.4038735114771893,0.5911973969861584,0.4549532033551663,0.529099776266473,0.308064523809796,0.03636409120056268,,0.3731715835492071
936,frosty-sweep-749,run_2878ee8778778aac5e48fd97f70beacd,0.5816209316253662,0.8882961072112318,2.319243331518781,1.4218193303853444,0.7107327980485822,1.1728121538218073,0.5185194639438411,2.127299945563419,0.30262792166772023,0.7107327980485832,0.871467004272828,0.6119468499293856,0.5380146335841779,0.33329151103023336,0.672704728634494,0.5277889248531171,0.5623836378672395,0.3461586266069132,0.06414264940372953,,0.4140721425637803
937,bumbling-sweep-750,run_67dacd49980fe908eba81246cdbd5f17,0.5989789366722107,0.82468410976388,2.537534022863365,1.2281617182564752,0.40702307145035066,1.170272194967558,0.6138353541799619,2.368127381600437,0.3830827542640568,0.407023071450352,0.9765390093369201,0.5457184393931589,0.4929174622201565,0.3965629090444721,0.683468724267762,0.47466322654588317,0.5608730474648362,0.3158321344276501,0.015870543685890796,,0.3770417639897698
938,comic-sweep-751,run_fd0edd93affccd9f7e1e81ac8fd35258,0.549329936504364,0.9644926611359286,2.36638541099619,1.424346178142767,0.7500762272588678,1.224639974679538,0.5533631142310141,2.196434403919434,0.3303474415666458,0.750076227258869,0.9088146858680173,0.5906621127253794,0.5613305856559674,0.3293306835232896,0.6479001884232547,0.5525339677824364,0.5233877983649168,0.36003862676169457,0.04586634222672122,,0.380210094982726
939,divine-sweep-752,run_b1389c37e890f501f063b831b3362873,0.5794512033462524,0.9149712827058074,2.5988296135002726,1.350587492103601,0.5147677609513162,1.2266339610697896,0.6956987874920229,2.482444202504084,0.36751737207833246,0.5147677609513169,1.0166482038297202,0.5128550105304478,0.5518900021582762,0.4290794304504677,0.6982554028547835,0.5418332232554122,0.5029527732802543,0.3284624873711889,0.02618247511121226,,0.3636856109106468
940,earthy-sweep-753,run_d09c9075db08bbb599c90664c2178eb9,0.612635612487793,0.7823867262284621,2.3375884594447474,1.1942008843967153,0.6081817257851407,1.198551986073746,0.5423867262284623,2.074333151878063,0.43960833859759996,0.6081817257851406,0.8691802500395639,0.5871115546479108,0.402320579435101,0.4227955495961434,0.5322436028195336,0.4071334888328335,0.5827784900535609,0.23840891654369878,-0.01772757699864169,,0.3533841256335098
941,classic-sweep-754,run_fe295388b69b2735cc81fcb81f74c99c,0.6049776673316956,0.8084747925973197,2.5546815459989123,1.2586607706885664,0.5207338144120338,1.171767684760247,0.610389278876835,2.3755851932498655,0.3955148452305767,0.5207338144120339,0.9616869757873087,0.5279994328200306,0.47108244525340376,0.4037841202949909,0.677973119526349,0.4790606826206615,0.5615811001202261,0.2836341819602916,0.008663202008042162,,0.38342596497783143
942,vague-sweep-755,run_e82806e8b8596e4c5abf315c45aaa3ec,0.558647096157074,0.8933248245054244,2.2926238432226462,1.416614024005054,0.7138631974794187,1.1958379490425701,0.5605105296745372,2.0499455634186177,0.4070878079595695,0.7138631974794185,0.7587751226459881,0.5776450352867403,0.4541285518293849,0.41058279858251123,0.5426224924091171,0.41136966749353754,0.5615000677386653,0.31088315551469664,-0.0010123912018595582,,0.40441430991416544
943,misty-sweep-756,run_9a4dd2c73f291b9e040ab592260cf7ac,0.6117421984672546,0.8143969368219529,2.5829885683179103,1.2512065698041697,0.438510011179998,1.176459882892863,0.6064071474154445,2.451252041371803,0.32117498420720253,0.4385100111799975,0.9873951574616233,0.5641337578958547,0.5189172123219336,0.37577083931935,0.708663712648942,0.5060637424471593,0.5738343569633406,0.3249109637796092,0.05742749129154412,,0.3932184126921163
944,fallen-sweep-757,run_9f1f477ceee447547d24fea0272daff8,0.6527121663093567,0.7120102105934908,2.5381872618399575,1.290600126342388,0.4957007825998578,1.2089096376008863,0.5015698787492018,2.278415895481765,0.5349210360075803,0.495700782599856,0.865643297990189,0.6292156464395262,0.4304190906834731,0.4945584714107844,0.5488335383155987,0.405897755144875,0.6244267519849861,0.2007661264110184,-0.09704080047208137,,0.36935142223049866
945,mild-sweep-758,run_d5c5ce239f235d85f1206ec2734e517a,0.6068921685218811,0.8376770899808552,2.6817909635274915,1.3163487049905245,0.4031100721618051,1.2366513688874823,0.6235098915124435,2.5254491017964087,0.3444472520530648,0.40311007216180345,1.042285171704383,0.547746435639547,0.5240734523952074,0.4063708776298567,0.7213804110538603,0.5154871462466895,0.554096311282916,0.2907081741595132,0.04038418513053675,,0.3434263256631654
946,glowing-sweep-759,run_b21417f27e59277248a9f1d4e2db251c,0.5813656449317932,0.8600127632418634,2.6872890582471434,1.213733417561592,0.49049700172781785,1.273215698686501,0.66810465858328,2.511785519869354,0.46725205306380385,0.4904970017278188,1.0538455451812,0.5106733457653825,0.49161866554308514,0.4496293458480988,0.6004742911876875,0.4792195589281391,0.5287132093930933,0.2428833626383812,-0.048337391391160826,,0.31297253104012734
947,glowing-sweep-760,run_357ac12cbf0bfd5bec39ed916722fa4b,0.5789406299591064,0.8729802169751119,2.2844039194338603,1.2933291219204044,0.6658806789307857,1.1420240544389937,0.5524696873005751,2.1001905280348403,0.3175615919140872,0.665880678930787,0.8666165532520964,0.5718357459437402,0.5208777901544023,0.3367974012706318,0.6559569743811418,0.5024147963320253,0.5617972746372715,0.34718014685624743,0.0564094415135009,,0.42282615212896624
948,pretty-sweep-761,run_0891b84828cd77dc44622ab3db2a5f8e,0.5873643755912781,0.8424505424377793,2.126320087098531,1.302198357548958,0.7965646915336925,1.1345940813419846,0.5421059349074667,1.8251769188894937,0.34075805432722717,0.7965646915336932,0.7661022313657224,0.5770641388503568,0.40248233439556763,0.3675225872362162,0.5452421026676647,0.40590583030491767,0.5677936416377626,0.30895603704589575,0.048013874085247724,,0.4284546525790353
949,rich-sweep-762,run_d4a206862f432428fa3de69a793c8b9b,0.5697511434555054,0.9043522654754308,2.356096897114862,1.4037271004421983,0.7483484093911983,1.2187292293084349,0.527887683471602,2.167964071856289,0.3497789008212261,0.7483484093911976,0.9313261592024049,0.56193454724133,0.5663115946851002,0.3162149219423427,0.6546029723905611,0.5389083706756538,0.5449846010607534,0.34670702233363154,0.03804274595324217,,0.37096779264273155
950,azure-sweep-763,run_b3786931d327b557ab7ad734e7726f31,0.4869176745414734,1.0537077217613275,2.0887588459444757,1.63028427037271,0.7438662465697734,1.236698844753917,0.5632418634333118,1.8603429504627116,0.3009602021478214,0.7438662465697731,0.787941129925621,0.5433204833908206,0.4840073260679858,0.3891191776011238,0.6428988370532989,0.5113816477229407,0.5094408544503736,0.37562625007066036,0.06148833356565107,,0.40923209827444623
951,treasured-sweep-764,run_93286146d1aff31b4bd237086bdfa397,0.5031269788742065,1.14297383535418,2.621311921611324,1.6786228679722048,0.8746722227868685,1.3204067099224563,0.6489342693044033,2.4114044637996743,0.3131901452937464,0.874672222786868,0.9340797594556096,0.6096185025843783,0.5372239440005561,0.46618954123168277,0.6605501454835736,0.5571072460699783,0.4409452791762482,0.2683423771246658,0.05021542680766619,,0.32549209881753544
952,deep-sweep-765,run_5548e619b4ac5636d07a674d5a72bc0c,0.5920867919921875,0.8316273133375879,1.9272455089820366,1.2064055590650664,0.8067486533184267,1.0362003481563538,0.5603318442884486,1.6254491017964077,0.2804421983575495,0.8067486533184272,0.769259376483621,0.5896222316556072,0.417958691939002,0.3981326820547202,0.5491256748600754,0.42247201816600083,0.5702243672524978,0.37542490747031826,0.09207477890603423,,0.4882053508280343
953,stellar-sweep-766,run_9dbcf1759449753ec32e0012c81abe5d,0.5733247995376587,0.9251052967453735,2.4643712574850305,1.3686544535691727,0.6542229901412746,1.2539563222028802,0.6279259731971929,2.2373707131192173,0.3428300694883139,0.6542229901412739,1.0333992720367144,0.5505335773396283,0.4955552535707704,0.3687978482265428,0.6836153737170279,0.5304489747240442,0.5143581035150279,0.29357034025210893,0.042083548330933515,,0.34648540177347004
954,ruby-sweep-767,run_cce7f9ae224c3231b1d855350deefce9,0.6174856424331665,0.8067645181876196,2.6362275449101813,1.3994567277321541,0.3476877731476776,1.179363823389777,0.5978557753669427,2.4543004899292344,0.5279469361970961,0.3476877731476775,0.899366988447539,0.56618670787506,0.4962413936863727,0.4821437921016505,0.7013336771657396,0.434532634302368,0.5744890818436122,0.24991222284112227,-0.00859625438173191,,0.38397892665188177
955,devout-sweep-768,run_be94de11425c7650fe880c6c28c90db6,0.5859604477882385,0.8350478621569879,2.5330157866086016,1.219090334807328,0.5556865535115357,1.164171546130717,0.6221569878749204,2.3635002721829075,0.38194567277321717,0.5556865535115348,0.9588384238012344,0.5056782024618066,0.462793710786209,0.4023920122593621,0.6213637589367602,0.4676662092545146,0.5447394926585845,0.28362959508209046,0.02242891981647487,,0.3699467126302189
956,brisk-sweep-769,run_fd3784a07b16e7a1bd4d14e31d3b2e38,0.6132737994194031,0.8414039566049776,2.8200054436581388,1.346569804169299,0.27357455025917266,1.2487339768950783,0.6816592214422464,2.7143984757757216,0.5033607075173718,0.2735745502591728,1.0919686659281538,0.5405926493194227,0.5720951886878178,0.4629253264374421,0.7755818011143083,0.5699650719939233,0.549617297967624,0.2803688393749092,0.025404438536980812,,0.3533225122373171
957,comic-sweep-770,run_18369267e5c710c321a6bf4f2afa67cb,0.5280153155326843,0.9496873005743459,2.094801306477954,1.4183828174352495,0.6625063522715723,1.1738170596613386,0.5641352903637514,1.8808655416439855,0.2884775742261532,0.6625063522715732,0.8212929260959011,0.5490841545589191,0.4967041236987913,0.329869584650257,0.6554609925893486,0.5141409607283314,0.537309332650146,0.37237540900747806,0.07231002295140031,,0.42601463592330185
958,playful-sweep-771,run_638c83888dbd2996d943c716f44ca399,0.5652839541435242,0.8742310146777283,2.306178551986936,1.2695514845230578,0.5989938001829455,1.0080867225826873,0.6215188257817489,2.085710397387045,0.27030953885028486,0.5989938001829433,0.744073429340085,0.5142709504095259,0.4805333682167716,0.39571592759314245,0.6264105000841846,0.5291182732214009,0.5540185691384625,0.3358155363141729,0.08990807908738693,,0.46432044014008694
959,unique-sweep-772,run_9542520e6125e22d5b88c3adf20426c1,0.5526483654975891,0.9749074664964901,2.633777898747959,1.294693619709413,0.5677304604126436,1.2275360025320463,0.7226037013401411,2.514235166031573,0.36114971572962734,0.5677304604126426,1.01903782244026,0.5418601795630008,0.5233436725968107,0.40411231363534783,0.704991636065012,0.5468784296950665,0.49067432438534353,0.35614215753534106,0.028401208660899114,,0.3841077884556702
960,iconic-sweep-773,run_e273c7e32e9be0e2b2ec1169cd288416,0.5238034725189209,0.9204594767070837,2.6196788241698434,1.1019456727732155,0.5478503912999287,1.0972068365247665,0.7399872367581363,2.5260479041916173,0.3072520530638032,0.547850391299929,0.9167194176293713,0.5058858626474808,0.5330635925262577,0.48132698017431286,0.7022922311104174,0.4988046558720506,0.5142393482775455,0.34095411615953947,0.07349026538112653,,0.4495294276382719
961,vocal-sweep-774,run_b70580fed9b03b461f67de0a3f336057,0.5673261284828186,0.9079514996809188,2.457566684812195,1.4002905874921037,0.6644272791950402,1.2024608324101915,0.5649266113592857,2.272700054436582,0.31192672141503525,0.6644272791950426,0.9485757240069628,0.5518877757025644,0.5208370482415791,0.33302094307697216,0.6771822957089643,0.52873637755691,0.535837503611911,0.32045073066689334,0.057402093489927204,,0.38474247765607844
962,playful-sweep-775,run_e71b10a46a60a00bfe024a995f822266,0.6510529518127441,0.7311805998723677,2.6176646706586832,1.3007580543272272,0.4902429108649253,1.2838977686342776,0.5181365666879383,2.423434948285249,0.588945041061277,0.4902429108649254,1.0129371736034174,0.6064152228584561,0.4679625721452469,0.496378699358299,0.5446534098558726,0.4459669827418408,0.6013470593869829,0.235649033398145,-0.12837494830611224,,0.30040802725420857
963,silvery-sweep-776,run_a63cb42b89d1d41f0c12d56392166b37,0.5229099988937378,0.9483854499042758,2.8882689167120317,1.1410360075805437,0.3978351458481553,1.1979585377433137,0.8386726228462027,2.822509526401743,0.5679469361970951,0.39783514584815516,1.1310492166482038,0.5507938258751897,0.6216787567746399,0.4718181527950707,0.7102538228890823,0.582079547077689,0.5070601299797135,0.3589111402106807,0.018486435761164408,,0.40074168947529465
964,clean-sweep-777,run_7c76a9c744c0d79c2259e39f802256c4,0.5374600887298584,0.9569112954690491,2.2248502994011985,1.2511307643714467,0.9846122573432261,1.2282481405285646,0.6196043395022325,1.9356831790963531,0.4138597599494628,0.9846122573432254,0.791090362399114,0.5259543749902115,0.43210122428898307,0.37921782715576413,0.5073237558778403,0.38567564680758176,0.5100067434340848,0.3010442824165403,0.04601240401987754,,0.36537894311270896
965,driven-sweep-778,run_72b0f7e20f4f4d9d2f06a0729e1db1a6,0.6107211112976074,0.8041352903637524,2.240528034839413,1.383209096651927,0.6385100111799981,1.1240860895711347,0.502361199744735,1.98053892215569,0.38780795957043596,0.6385100111799977,0.7242443424592502,0.6022583076682168,0.4111614271649296,0.38993886281646073,0.6309170176456578,0.4346877378855175,0.5931989988397789,0.32643018740764457,0.01469579333980335,,0.43271781458988756
966,fresh-sweep-779,run_90ad5f39ad9b651135698606fae93aa2,0.5553286671638489,0.9281940012763242,2.1407457811649433,1.3587744788376501,0.9428803740217502,1.1261275518278209,0.5914486279514999,1.9072128470332066,0.39033480732785814,0.942880374021751,0.7896660864060768,0.5863397306753344,0.5690124682006078,0.3234193723461993,0.5736643425297707,0.488230658151867,0.5535418346486307,0.3694956623431808,0.05604396637254324,,0.42205422168753404
967,skilled-sweep-780,run_7826f5c88cfb1a1017ffd258228ba2f2,0.4917677044868469,1.108079132099553,2.8778715296679382,1.6677068856601391,0.3162414879560931,1.284507042253521,0.7783280153158904,2.8211486118671747,0.6476184459886305,0.3162414879560927,0.9708814685868022,0.6181959445628653,0.6754862877575509,0.6076146920793029,0.8548203868849997,0.6071919641630734,0.45964012860772885,0.2563046705390925,0.07167671536924324,,0.3880735967383705
968,solar-sweep-781,run_20fecfdf5be9433f76e7e742228e57df,0.5711550712585449,0.8608806636885769,2.289956450734895,1.2549715729627293,0.7393840837483485,1.1575090995410668,0.5698276962348435,2.0763473053892225,0.32526847757422644,0.7393840837483475,0.8988605792055705,0.560792307244758,0.5025586050155072,0.3620020432270217,0.5964847901678074,0.47451985515282946,0.562259921665428,0.3317437478168273,0.05443214876457108,,0.38921014385102876
969,pious-sweep-782,run_652ae475f44de2a6f62693deea976fa8,0.5559667944908142,0.8762986598596043,2.7014970059880246,1.0979027163613395,0.4808923671104787,1.1981167906314292,0.6997064454371417,2.575639629831248,0.4268730259001881,0.48089236711047834,1.0469536319037822,0.5353207714232581,0.5468438015191401,0.5121707690834212,0.6018487945029789,0.5339281919235307,0.537681574803387,0.27374727921654846,-0.020425958462831323,,0.3476259548564698
970,toasty-sweep-783,run_34d5c51a9e4ce284ea2fc97437ebd7b0,0.5387364625930786,0.9014167198468411,2.1761295590636913,1.3074542008843968,0.8268015042179084,1.1447539167589809,0.5483854499042761,1.8821720195971703,0.3564245104232475,0.8268015042179083,0.7957113467320779,0.5305426653212835,0.452549287667734,0.32436021453883723,0.4981008637429791,0.4363799628821056,0.5635121966675146,0.30590818512050943,0.03218573285688235,,0.43458455965478415
971,proud-sweep-784,run_8a0775ba394abe2fd57154bbad8e4b5c,0.5989789366722107,0.806738991703893,2.267964071856288,1.2913834491471892,0.6222481959548736,1.1446035765152713,0.5289597957881306,1.9731355470876446,0.34027795325331683,0.622248195954873,0.7800680487418897,0.5623536983533334,0.42408068532004545,0.37641764837339975,0.5761630129662193,0.4041215076748649,0.5818396676506523,0.2748915739603074,0.04781789424227904,,0.40231263934311334
972,fancy-sweep-785,run_438eb6bc44b1c97292f8a90eea2608e5,0.7193363308906555,0.5707721761327377,2.4822264561785525,1.2623752368919776,0.4796117491615001,1.240291185314132,0.4460497766432674,2.22387044093631,0.700379027163615,0.4796117491615004,0.9143535369520502,0.7007491021052975,0.4199732342604863,0.6043397822686205,0.5423810572447538,0.3987321519500359,0.6919073989093691,0.2061387474014662,-0.24180882381978053,,0.32232537238536707
973,fearless-sweep-786,run_97ae6d4fdc192330a5440edb26cdb965,0.43178045749664307,1.5589278876834718,4.04047359825803,1.9017687934301963,0.0,1.752373793321728,1.5589278876834727,4.04047359825803,1.9017687934301963,7.420293332589724e-17,1.752373793321728,1.0,1.0,1.0,1.0,1.0,,,,,
974,northern-sweep-787,run_a9abe9f4f14f8a652feead4cf6bc7f69,0.5306956171989441,0.9930057434588386,2.214888405008166,1.3719140871762476,0.9301758308771216,1.1729783193543282,0.6108232291001924,1.9939847577572132,0.33150979153506094,0.9301758308771221,0.818017091311917,0.542906820766599,0.5689951164601745,0.32227835775628133,0.5730818505487281,0.48673473216838814,0.5053708934699042,0.35309693823874033,0.04717708041310419,,0.39278878525179184
975,hearty-sweep-788,run_8127741497e0ceaabf89808ddfec7451,0.5846841335296631,0.8657817485641354,2.683151878062059,1.2561339229311437,0.46585018802723854,1.2265627472701377,0.7150223356732609,2.5787425149700605,0.387201516108654,0.4658501880272381,1.0820462098433303,0.48982154174334347,0.5143187478523897,0.4230372250423012,0.7114132557240823,0.544808234690027,0.5290758386746834,0.3292902123569579,0.015840398422835272,,0.36972251336553785
976,sunny-sweep-789,run_8316b30a4a5c7c5750410458d7b93083,0.5104020237922668,1.0007402680280792,1.8235982580293966,1.3257485786481367,1.006189653420063,1.1246004114575092,0.5804211869814945,1.5316004354926507,0.2693493367024639,1.0061896534200632,0.7960199398639028,0.5511331730446226,0.43716406138821934,0.316553171790697,0.5099614190369319,0.4635109068699451,0.5276020945401636,0.3732549413789054,0.0862323421003948,,0.4775407637485875
977,fearless-sweep-790,run_edc1c89140efcef1be78d7bc6a72df8c,0.5613273978233337,0.8962093171665604,2.4519597169297773,1.2190145293746057,0.4755869498932819,1.017605633802817,0.7387109125717927,2.2752585737615685,0.4607075173720782,0.4755869498932815,0.7898955530938432,0.5173035034120773,0.5180739524140726,0.4411687897072439,0.6873708228590686,0.5376052403634702,0.5337906543731996,0.3492849059390564,0.09539575016382262,,0.4810810373924946
978,hopeful-sweep-791,run_582aa34e71ebc01c0255565b4151f2ca,0.5970644354820251,0.8253988513082323,2.6569134458356025,1.2587113076437146,0.48116678524240264,1.1641952840639342,0.6642246330567965,2.5128742514970073,0.39680353758686154,0.4811667852424015,1.00046684601994,0.5088941672203751,0.5108695930417853,0.41560355010695016,0.7174323421057645,0.5121984981909999,0.5512907308559977,0.2990656322887789,0.004452889313860171,,0.40146591980275853
979,crisp-sweep-792,run_253f478e69e256f5b3cb9031baf0e9d3,0.6504148244857788,0.7294703254626675,2.179831246597714,1.2582564750473786,0.8520276450858828,1.1916917233739517,0.47859604339502304,1.9198421339139893,0.5030069488313337,0.8520276450858826,0.8502611172653902,0.6718020391946522,0.3963545510350648,0.43932270216773617,0.5091990761226803,0.3989627508872288,0.6245792177325762,0.2623809524470973,-0.05537176133558147,,0.4025313837584257
980,ruby-sweep-793,run_ee23cb40080d0fdd2cda11e06583f257,0.5153797268867493,1.146981493299298,2.740636908002178,1.7995830701200253,0.5700477690822239,1.3968824181041306,0.7840970006381618,2.612928688078389,0.5317877447883769,0.5700477690822239,1.1077385662288333,0.643597164496332,0.6246264492691644,0.6162592982792198,0.7600062207890057,0.652358321755502,0.4249043798636843,0.29723693927056705,0.044202115352503686,,0.30520792587558976
981,colorful-sweep-794,run_06bbf46f8281d915c72701248e6879f2,0.5827696323394775,0.8874282067645182,2.6626292868807844,1.2987618445988633,0.4578107531253176,1.2073033707865168,0.6581493299298024,2.5595264017419717,0.33100442198357477,0.4578107531253173,1.0294271245450224,0.5488418204056913,0.5733356291051783,0.39315215656227054,0.7532727130230976,0.568741806306047,0.540958421099362,0.3584789456740128,0.04906394860686358,,0.39887614438259744
982,summer-sweep-795,run_19ef41757377400e1aad183a6a1a05ab,0.6014039516448975,0.826419910657307,2.726810016330975,1.3217814276689832,0.42677101331436124,1.1983066940971674,0.6381365666879389,2.6416712030484493,0.39960833859759953,0.42677101331436124,1.0037347681595197,0.5020631749641018,0.5584013708997149,0.42444609392459215,0.7413219279618251,0.5244779868279642,0.5541425271692201,0.3047924765268268,0.00024248284711499005,,0.39973652586151137
983,vital-sweep-796,run_6a9fd03f77c404267bdcba644eaa9405,0.5799617171287537,0.8726994256541162,2.7603973870440948,1.170827542640556,0.5119727614594979,1.20905206520019,0.7464964901084865,2.661105062602069,0.4012507896399236,0.5119727614594984,1.0949042570026906,0.49657283029477395,0.5252071618659073,0.44765539699262524,0.6944534390686836,0.5437136800575708,0.513007716551853,0.3122047056020303,0.001334605412418709,,0.3643868979928401
984,trim-sweep-797,run_814720730cb112c8d4c5745745b0b935,0.5193362832069397,1.0106955966815572,2.068181818181819,1.5452811118130134,0.6715113324524851,1.1212533628738726,0.6223867262284624,1.8419433859553629,0.239355653821857,0.6715113324524862,0.6558157936382345,0.599375976390132,0.5615010862454393,0.4345613446987836,0.6725087453665016,0.5010714777592365,0.5147361437140499,0.4286256500966972,0.09990525145364784,,0.4790699120733828
985,northern-sweep-798,run_43e7c14a1f66fc8f33b0bb1f91ca9cd9,0.5608168244361877,0.9004211869814933,2.462792596624933,1.3599368288060647,0.5240471592641529,1.1911061876879254,0.6440331844288452,2.2095536200326635,0.4075931775110553,0.5240471592641514,0.8334071846811197,0.5323436366904074,0.4116895926903627,0.4298593685151486,0.5683350253542447,0.40098695201982204,0.5379100257143723,0.2552886958226653,-0.003933678677318033,,0.3865948116469616
986,fresh-sweep-799,run_35c5af3b157154fd085e1db555a3d2de,0.43178045749664307,1.5589278876834718,4.04047359825803,1.9017687934301963,0.0,1.752373793321728,1.5589278876834727,4.04047359825803,1.9017687934301963,7.420293332589724e-17,1.752373793321728,1.0,1.0,1.0,1.0,1.0,,,,,
987,fiery-sweep-800,run_9128afcb7106b7f39470cd784ef75ca6,0.603318452835083,0.820089342693044,2.4907729994556354,1.2626279216677199,0.505711962597825,1.0518278208577307,0.6690236119974478,2.3134186173108335,0.4852432090966527,0.5057119625978245,0.7957113467320777,0.5536901298338878,0.4335466822477471,0.4327518117677106,0.6785603332873962,0.474142761345647,0.5605705510019079,0.30322698444075524,0.045188085352296896,,0.4519241043007905
988,decent-sweep-801,run_5258e81531c2853d9d3e8da00e75d056,0.6074026823043823,0.8598340778557755,2.7397659227000553,1.3279469361970944,0.30086390893383474,1.2325447064408928,0.7052456924058704,2.650816548720742,0.509121920404297,0.30086390893383347,1.0947539167589813,0.5514648967241567,0.5527351763888378,0.4584014941097596,0.7849114554763716,0.5761698928124982,0.5484402018438276,0.3290845534971992,0.02567242696039556,,0.38341739679852743
989,polished-sweep-802,run_0594095bb0265f3f97d3459e5f97c912,0.6089342832565308,0.7981620931716656,2.594801306477954,1.223562855337966,0.39509096452891557,1.2099303687292293,0.6219272495213782,2.4324714207947755,0.44761844598862954,0.39509096452891534,1.0283510049058393,0.5263292870781406,0.4633706854745257,0.43572694186380617,0.6447734660880411,0.4872037064633244,0.5634642906470094,0.28025371703335766,-0.029881279333630165,,0.34824217166919214
990,curious-sweep-803,run_b975a0e18321f6789dfb47ade58867e5,0.6243777871131897,0.7098404594767072,2.45827436037017,1.0899936828806067,0.5867669478605549,1.1147491691723375,0.5232929164007665,2.3259934676102354,0.46545799115603265,0.586766947860554,0.8741414780819763,0.5806879851356136,0.5141834572532499,0.504613383136992,0.5716108087312199,0.4580543605638147,0.6327569434107667,0.34312927768821555,-0.04219776633344125,,0.4063553324416479
991,youthful-sweep-804,run_8b384bd7b185f0e1b3de90c2a5721adf,0.5789406299591064,0.8706573069559669,2.5600163309744155,1.2353632343651297,0.47642036792356945,1.2148362082608009,0.6902361199744749,2.3320359281437133,0.43240682248894674,0.47642036792356984,0.9272274094002222,0.5460842203264781,0.4596698808887892,0.45557769051495706,0.5823287748543029,0.42122888828787475,0.5293344490491794,0.2602952497982972,-0.02469745384150349,,0.348837938403251
992,spring-sweep-805,run_0531f267f30e5c5409360ddb9a348846,0.43178045749664307,1.5589278876834718,4.04047359825803,1.9017687934301963,0.0,1.752373793321728,1.5589278876834727,4.04047359825803,1.9017687934301963,7.420293332589724e-17,1.752373793321728,1.0,1.0,1.0,1.0,1.0,,,,,
993,fine-sweep-806,run_c523057e9909ffd12676ba98c73f976e,0.43178045749664307,1.5589278876834718,4.04047359825803,1.9017687934301963,0.0,1.752373793321728,1.5589278876834727,4.04047359825803,1.9017687934301963,7.420293332589724e-17,1.752373793321728,1.0,1.0,1.0,1.0,1.0,,,,,
994,youthful-sweep-807,run_0b330b6ff745f9a626272feeae784254,0.5835354328155518,0.8423484365028717,2.265677735438215,1.2368288060644346,0.7139343429210286,1.1730970090204147,0.5901978302488841,2.0393304300489934,0.3366645609602013,0.7139343429210278,0.9161259692989393,0.5387607973966582,0.43379132480310734,0.4053337802892443,0.587185755886209,0.47096175243986804,0.5502355658563565,0.3151002520367812,0.05004246519574932,,0.38402129556547376
995,genial-sweep-808,run_49b4e00a1a947bee5e4e2351ed1db310,0.43178045749664307,1.5589278876834718,4.04047359825803,1.9017687934301963,0.0,1.752373793321728,1.5589278876834727,4.04047359825803,1.9017687934301963,7.420293332589724e-17,1.752373793321728,1.0,1.0,1.0,1.0,1.0,,,,,
996,super-sweep-809,run_76ec4ca49d52f8f2567e560abec2ce5c,0.5590299963951111,0.8883982131461391,2.4121665759390316,1.2896399241945677,0.5224819595487346,1.0309621775597406,0.6788768347160177,2.2452640174197067,0.3898547062539489,0.522481959548736,0.7373714195284061,0.5151309859475565,0.454147220646078,0.42113079845480955,0.6783449838212892,0.45700334520124264,0.5455975244953126,0.3665123519302345,0.07734887139706056,,0.4841404363457973
997,polished-sweep-810,run_2045523b9cd771652dd171b58af6ce6c,0.5587747097015381,0.8337715379706446,2.446298312465977,1.1535691724573596,0.6572720804959854,1.134412090520652,0.6375749840459475,2.2875612411540556,0.38659507264687343,0.6572720804959852,0.9500791264440578,0.599180225933148,0.5497616263838981,0.4145899179516649,0.5753918583744008,0.4796550635501292,0.5507376567943468,0.3495805765856502,0.02123217242204363,,0.3914911240250651
998,peachy-sweep-811,run_b9f96adc556e6f73ffaf185b6f656cd4,0.6298660039901733,0.7760561582641992,2.5077027762656514,1.2810739102969046,0.6837483484093912,1.3167273302737776,0.5093554562858972,2.2609961894393047,0.5466961465571701,0.6837483484093897,0.9627314448488677,0.6092659761006869,0.43604647630767096,0.46656849599335953,0.4761235416832261,0.4195872327987687,0.5833657927821426,0.2062166334125842,-0.08643859859740516,,0.29078257397950097
999,divine-sweep-812,run_ab70ba3846bf517f40c1f53270130ca3,0.5360561609268188,0.9614039566049777,2.1499455634186178,1.3691850915982315,0.749181827421486,1.0894207944294985,0.5911167836630499,1.8259390310288526,0.285066329753633,0.7491818274214858,0.6989317930052221,0.5564654142200226,0.40656138301267136,0.3531483255116049,0.6181379660790248,0.4266507288155452,0.524837244156922,0.29323048279031305,0.07626549344082395,,0.46919292771642623
1000,elated-sweep-813,run_d6f18e2eda24027b85257f4c67247cbc,0.5606892108917236,0.9168602425015955,2.309716929776811,1.2760960202147824,0.7999796727309686,1.196138629529989,0.6394384173580092,2.0264289602612964,0.3921541377132041,0.7999796727309687,0.7829878145276156,0.5465814240650502,0.4123090613491948,0.3927725632921495,0.5206266758210684,0.37901471041760226,0.5191196346212229,0.2752384667383031,0.011275399764338924,,0.3873424985488989
1001,hardy-sweep-814,run_b10b110307900d13b6ad55f85b95f581,0.5726866722106934,0.8468666241225272,2.582879695155145,1.267226784586229,0.5504116271978859,1.1128976103813895,0.6385194639438417,2.4154327708219934,0.5162223626026529,0.5504116271978856,0.7774489634435833,0.5943922457254044,0.5344378879271073,0.4325254605242154,0.5755823333532637,0.4513358330166165,0.5812377477748947,0.2954601275263324,-0.03844727573088151,,0.43861053393912824
1002,eager-sweep-815,run_585c577b5b431e5eeae45483a99c8398,0.5411614775657654,0.9647734524569241,2.335628742514971,1.3409602021478206,0.804959853643663,1.1803291660072797,0.5878493937460121,2.154790419161678,0.3187239418825012,0.804959853643663,0.8569710397214751,0.5404960849552561,0.5291958816979103,0.31620151326501295,0.608270582963907,0.4752835504429769,0.5133488830425436,0.3628513290672593,0.05624602111115719,,0.3924494809643333
1003,deep-sweep-816,run_7f39cadc3264cd186c241d3789ffd1fa,0.5678366422653198,0.8883471601786854,2.4365541643984767,1.1836386607706886,0.6868787478402276,1.1523500553885109,0.6278749202297391,2.2261023407730005,0.29729627289955807,0.6868787478402281,0.9449754708023432,0.5754238778539829,0.46872425294100023,0.43667241324266515,0.6478961957728524,0.49417683001078927,0.5427150313240123,0.3233281021698021,0.07597037762091219,,0.4097629486233931
1004,peach-sweep-817,run_98cd2ed8816214117c0f49a2bb700326,0.6298660039901733,0.7549712827058074,2.5108056614044645,1.2503979785217942,0.49023274723040955,1.073872448172179,0.5796553924696872,2.3143984757757226,0.3822236260265322,0.49023274723041105,0.8185630637759136,0.5838305166388515,0.43987764591546924,0.41952526897168213,0.6460014336132487,0.4524291470123797,0.5988585719813652,0.2559716472392476,0.016569688849771395,,0.4361101368129807
1005,youthful-sweep-818,run_603103ad6f2eb46d84ff3ac42def9efe,0.6127632260322571,0.8039821314613912,2.505525313010344,1.3791408717624765,0.39827218213233057,1.1121617344516537,0.6103382259093805,2.325557974959174,0.47879974731522534,0.3982721821323308,0.78964234847286,0.5554963773952956,0.44991667489618176,0.46719535165852566,0.7089646631803548,0.4330973917115354,0.5829051831144278,0.2882275540413298,0.028305243652521846,,0.43385282696628935
1006,celestial-sweep-819,run_a56c7b105ea934057f63c7a8d4fcfda4,0.5758774876594543,0.8232035737077219,2.370958083832336,1.2497915350600128,0.6604532980994005,1.122194967558158,0.5763624760689211,2.1366630375612417,0.43015792798483976,0.6604532980994007,0.7546051590441526,0.5556287941032866,0.43075984795940575,0.4015306643680363,0.5219866179586513,0.41429557832547964,0.5910461935805982,0.26555785089057454,-0.021350959310069122,,0.4251577514960707
1007,cerulean-sweep-820,run_a2ad027d93fcb108492da879e0ba0824,0.5692405700683594,0.9358774728781111,2.6202231899836703,1.361099178774479,0.4819900396381746,1.1804715936065835,0.6939374601148689,2.5163581927054985,0.35157296272899496,0.4819900396381749,0.9671625257160938,0.5490805148277151,0.5623803621609405,0.4239501324905022,0.7453414100615503,0.573005359736471,0.5115257009478229,0.35821866475303915,0.034483994457466687,,0.41671074621094795
1008,jolly-sweep-821,run_0a2d61639560dec4f341d4b55c06602b,0.6028079390525818,0.8128908742820676,2.6214207947740893,1.191724573594441,0.3733407866653115,1.2380677322361133,0.5778940650925348,2.4331790963527498,0.40049273531269886,0.3733407866653105,1.0326238328849497,0.568798557822818,0.4810789807690994,0.43257622194553524,0.5877579915653475,0.47050689240451193,0.5674293374580981,0.2511719576376937,0.0025305053222487092,,0.3259445510075286
1009,fiery-sweep-822,run_72aae4e2b79cd835fdf630ae1c57aad4,0.5405232906341553,0.9618889597957881,2.155008165487208,1.4282122552116234,0.9554934444557376,1.1453394524450071,0.6246330567964264,1.9111322808927613,0.45348073278585,0.9554934444557374,0.7794904257002689,0.5738297048542782,0.5224185805748586,0.2723972799540274,0.5731762552406018,0.4734657511647909,0.5389209954372993,0.34452389877914114,0.058534648722641955,,0.414865303298551
1010,lyric-sweep-823,run_9f4841c3a1f61952da4a85c52e86030e,0.43178045749664307,1.5589278876834718,4.04047359825803,1.9017687934301963,0.0,1.752373793321728,1.5589278876834727,4.04047359825803,1.9017687934301963,7.420293332589724e-17,1.752373793321728,1.0,1.0,1.0,1.0,1.0,,,,,
1011,glorious-sweep-824,run_2974e6235466933e7280d3d2d8ba01f2,0.5430759191513062,0.8658583280153159,2.415759390310289,1.0780922299431461,0.6443032828539487,1.0275993036872921,0.6748691767708997,2.2219651605879167,0.3334554643082752,0.6443032828539491,0.7619718309859147,0.5165466062922216,0.5148069552403752,0.4945892794432206,0.5895889638644451,0.47327809568268786,0.5561953439603576,0.3116023851026216,0.05454187736608375,,0.4696903270498189
1012,sweet-sweep-825,run_02be492f7298c16b0bd35d37849e5c57,0.5821314454078674,0.8607275047862157,1.9515786608600991,1.2568919772583704,0.8994918182742149,1.0862082608007597,0.5350095724313972,1.6569678824169844,0.31543903979785193,0.8994918182742162,0.763910428865327,0.5945660800509669,0.4084181322179368,0.36651741531781756,0.5313754842502698,0.4288743214009987,0.5637472754359631,0.33537728916386544,0.06596090442694602,,0.46693194020948
1013,lemon-sweep-826,run_3ee10ef9ccd26fb0b0ffd261edd218e7,0.6084237098693848,0.8104658583280153,2.615868263473055,1.3146304485154774,0.3679337331029576,1.1993828137363507,0.6065603063178044,2.397577572128471,0.502678458622869,0.3679337331029567,0.8974837790789681,0.5755908072308114,0.4360077440040097,0.46382099415764777,0.5670082286670399,0.4105870545339897,0.5708661234316784,0.22499291361318566,-0.07532053121518881,,0.3601651735534625
1014,likely-sweep-827,run_0529f6b7c2d03ec017988c986534687a,0.5897893905639648,0.8638927887683472,2.7610506260206864,1.2845104232469995,0.4607378798658401,1.2389855989871814,0.6984301212507986,2.5906641262928694,0.41555274794693586,0.46073787986584047,1.0779949359075804,0.4997343088720987,0.5249386901127371,0.4277813427832583,0.7105793993785121,0.5349521537858685,0.521760873229352,0.24936940078358388,-0.010816262655885386,,0.352502545328943
1015,sweepy-sweep-828,run_6d452592702cb3554b7a236a3ae23826,0.561837911605835,0.8920485003190811,2.5845127925966263,1.099747315224258,0.6002540908628925,1.1532204462731446,0.681097638800255,2.4834784975503554,0.33969677826911066,0.6002540908628924,1.0072638075644882,0.5296149333695324,0.5231637876810185,0.4881529546978259,0.6548391329131844,0.5269934005192607,0.5307401838140705,0.38031150668704666,0.046406606455790915,,0.4084185120089211
1016,true-sweep-829,run_b6a5588f6b2dc5ebf3ddf5f695102f41,0.5530312657356262,0.915966815571155,2.701714752313556,1.2723310170562225,0.41103770708405324,1.0518278208577307,0.7644926611359294,2.5829341317365277,0.6519393556538214,0.4110377070840536,0.8446747903149235,0.5604456901620051,0.5171571892376383,0.48203348976790217,0.7391362708167339,0.5136398890566619,0.5303220787329749,0.3324334586733798,0.07560050100871239,,0.46964654628352553
1017,fragrant-sweep-830,run_6eec3968a1963241e9b52b34e22bc569,0.6052329540252686,0.8404084237396299,2.731818181818183,1.208704990524321,0.42609004980180915,1.2188320936857098,0.6883216336949582,2.6193522046815465,0.38715097915350716,0.42609004980180776,1.0678588384238015,0.5318244482154246,0.5160239999248627,0.42119065862146027,0.7144580148505018,0.5227598959902346,0.5386723542402178,0.30992785044620746,0.010702829242610014,,0.36346776374861933
1018,hopeful-sweep-831,run_08066a004905f968b27d997d1fd14a9a,0.6066368818283081,0.8142437779195918,2.735574305933588,1.2321794061907771,0.3970322187214148,1.2151922772590602,0.6739502233567326,2.58217201959717,0.4616171825647492,0.3970322187214156,1.073650894128818,0.5268383852247667,0.4920486160018089,0.46888133320563163,0.6986996448776528,0.5168533633193957,0.5519065768226311,0.23568032097620012,-0.048411210137610496,,0.3515541280919031
1019,zesty-sweep-832,run_0cdb88134b7b99ec2bacd10368a9727f,0.5783025026321411,0.902795149968092,2.4944746869896584,1.302198357548958,0.5784835857302573,1.187189428707074,0.6180727504786219,2.3683995645073503,0.3477574226152879,0.5784835857302573,0.9590362399113783,0.5623077090988847,0.574363061314093,0.34560291159850587,0.7054069411267905,0.5548701894033378,0.5347689726366691,0.3759425240228499,0.03740360116821009,,0.4096928726600628
1020,rosy-sweep-833,run_fb1ce88257d0f201624f4de976430454,0.5696234703063965,0.9009061901723038,2.578688078388678,1.2631080227416298,0.5410814107124708,1.1641003323310652,0.6747925973197187,2.4680729450190526,0.33108022741629817,0.5410814107124712,0.9937410982750436,0.5079991157699315,0.5504837104736088,0.37396960699805254,0.7040588330329307,0.5295208710022125,0.5241571752331052,0.36771640910371545,0.04839025312620429,,0.40924010166611313
1021,dry-sweep-834,run_72023b1c627fc33995b4613dd27088d0,0.5189534425735474,0.9363624760689216,2.6966521502449656,1.0020593809222997,0.5377477385913202,1.137553410349739,0.8144990427568598,2.611948829613501,0.3330764371446633,0.5377477385913197,1.0389618610539648,0.5494121057560962,0.6063821843110503,0.5484133065159786,0.6689060732979211,0.5494379447600821,0.5002343745773775,0.39336791750637023,0.05906759430281692,,0.4213188510277638
1022,true-sweep-835,run_2eb0c40e702a6893a118bdb78d7df448,0.5480536222457886,0.9256924058710914,1.9755307566684819,1.3943272267845865,0.816210997052546,1.059147016933059,0.5695469049138483,1.657838867719108,0.24349968414403017,0.8162109970525471,0.6721870549137525,0.5658958609049065,0.4588878790545982,0.37364364843725056,0.5940039509589305,0.4438700897273158,0.5449278038435222,0.3650255474574732,0.1024652680415957,,0.4930106130732187
1023,fast-sweep-836,run_90da8185a7c5c24df523f38087915918,0.5430759191513062,0.9284747925973198,1.8975775721284711,1.3938976626658244,0.8448826100213436,1.095212850134515,0.5180599872367588,1.5827163854109967,0.2653821857233104,0.8448826100213449,0.7282877037505938,0.5889966018193757,0.4642148057407803,0.35316125530760145,0.5582299013611346,0.4699024395260218,0.5582051198221322,0.37076236796269363,0.08795421723268036,,0.4889706580411841
1024,toasty-sweep-837,run_e1b7a7fd0a601525004c8fea52c132ef,0.5480536222457886,0.9313337587747289,2.410533478497551,1.3245104232469995,0.5178575058440898,1.0644564013293243,0.702003828972559,2.2354654327708228,0.42123815540113835,0.5178575058440895,0.7595347365089421,0.5327865860235946,0.4506163239528589,0.43956485649522714,0.6973254153334503,0.46182428548028015,0.5239177301002849,0.3713991680888363,0.07133602240168449,,0.4740758308260828
1025,denim-sweep-838,run_635faa67a9fb1f806da3390dd71a6e1a,0.530312716960907,0.939731971920868,2.9107512248230822,1.15291219204043,0.39701189145238336,1.1786437727488526,0.8028079132099551,2.8421611322808937,0.5267845862286794,0.3970118914523817,1.0511235955056175,0.5087951920106326,0.5706625233787986,0.4637734252785493,0.7407531628802424,0.5411146164750745,0.4970281310393792,0.29095364012032676,0.04471078481729973,,0.3997490934842863
1026,unique-sweep-839,run_173b728d3444d97df89f97a686e5eb8e,0.5760051012039185,0.8698659859604341,2.191045182362548,1.3667340492735314,0.7930277467222279,1.1731207469536318,0.5441480536056151,1.9035111594991843,0.3346178142766905,0.7930277467222278,0.8217360341826235,0.5531071644690929,0.4518371313151974,0.31712272132298946,0.6153509581399156,0.4293785187586239,0.5497441513667004,0.28099568093072586,0.05383983585123831,,0.3921857815551189
1027,sage-sweep-840,run_b4599ffa002c09598ea99681f3df4307,0.5698787569999695,0.9161455009572431,2.4202231899836697,1.4153506001263423,0.6379306840126029,1.2265785725589493,0.5427440970006381,2.201714752313555,0.32210991787744836,0.637930684012603,0.9459962019306852,0.5901865728262323,0.5130264528966214,0.35384270344475305,0.6853181171149153,0.5427680093856205,0.5443590304412402,0.30320981937837604,0.0529607911204413,,0.3832242098800695
1028,eager-sweep-841,run_0859f90d1c6c97275c87db97d47b4c9a,0.5595405101776123,0.8631014677728143,2.055171475231356,1.3937965887555277,0.6957516007724363,1.1215382180724798,0.4841863433312071,1.7370440936309206,0.28509159823120717,0.6957516007724365,0.6838740307010599,0.578821371614136,0.4442367285522156,0.37219902308208025,0.5882334778335212,0.4407208614162938,0.5916218802098969,0.3278390838960709,0.07807185893511631,,0.46420851746277153
1029,noble-sweep-842,run_528b4ce6d0fd62691b2a35c63bf8767f,0.618889570236206,0.7641608168474794,2.3592542188350576,1.19895135818067,0.5887895111291799,1.0496281057129293,0.6120229738353545,2.1336690255851942,0.3541503474415688,0.5887895111291795,0.765057762304162,0.5602409574585765,0.4664830170510295,0.42735801168470455,0.6049916655942784,0.49121290950747076,0.5907547088983673,0.3274555577354274,0.03573603828074828,,0.4500622483924678
1030,skilled-sweep-843,run_73fe01a76f29e149d143d98a7ae75dad,0.43178045749664307,1.5589278876834718,4.04047359825803,1.9017687934301963,0.0,1.752373793321728,1.5589278876834727,4.04047359825803,1.9017687934301963,7.420293332589724e-17,1.752373793321728,1.0,1.0,1.0,1.0,1.0,,,,,
1031,young-sweep-844,run_f488577979901624ddc3ae88f9365622,0.5868538618087769,0.8563880025526485,2.5766739248775186,1.2820846493998737,0.4063929261103771,1.1297040670992247,0.6661646458200383,2.3871257485029935,0.4507770056854089,0.4063929261103759,0.8368729229308426,0.5311020385457308,0.4885456635166833,0.4264899594547138,0.612811930613975,0.4537450782993396,0.5450584816148142,0.28697006607981995,0.00881978857536046,,0.40474793290828714
1032,valiant-sweep-845,run_b655009d0f909ee95cc720a00558d024,0.5409061908721924,0.9898404594767072,2.2433587370713126,1.503562855337966,0.7596097164345971,1.2014480139262542,0.5439438417358017,2.0271366358192715,0.3243335439039806,0.7596097164345985,0.8946273144484883,0.5951036634977005,0.5397321535989853,0.32350764613862015,0.6383083004004064,0.5355993372346284,0.514729688180844,0.36201765320901963,0.04793229770403183,,0.39239125133013314
1033,devoted-sweep-846,run_b07aa951318fa37ebf257633e3741187,0.5733247995376587,0.8792342054881939,2.564425694066413,1.3501326595072651,0.6157637971338551,1.197863586010445,0.6076324186343329,2.403946652150246,0.40256475047378404,0.6157637971338552,0.9433138154771317,0.5027698943747062,0.5119765851491748,0.35637806084985474,0.6853105472255904,0.4764968673129736,0.5339055994874852,0.29945142285889526,0.0032103354907759302,,0.3787334235653173
1034,jumping-sweep-847,run_7d793d6c4e35d6ecba36c96346ad0c62,0.5310785174369812,1.0148564135290365,2.2338867719107243,1.4713202779532535,0.8381441203374327,1.2320620351321412,0.5761582641991062,2.01516058791508,0.3493240682248893,0.838144120337433,0.840781769267289,0.578581038421305,0.5786630764547831,0.3537689557194394,0.6039748947316236,0.5150828563190484,0.4974849949913301,0.34968138309518143,0.03762423226279189,,0.36773847691743705
1035,grateful-sweep-848,run_9f030f30a5a1bdadafc54e147efc8eab,0.6282067894935608,0.7821569878749203,2.515704953728906,1.3818193303853445,0.3989124911068198,1.1280898876404495,0.5908104658583286,2.3248502994011986,0.483802905874922,0.39891249110681976,0.8138313024212692,0.5847785433987962,0.4585161124806076,0.4665016122338218,0.7062470819868938,0.44114568627031364,0.590094359779442,0.2943527119331841,0.00867878688680667,,0.4249530143857931
1036,twilight-sweep-849,run_c77a3e6fbfc3b9b4252d42ea211102ae,0.5705168843269348,0.8674409700063815,2.3381872618399573,1.2233859759949466,0.54425246468137,1.1429181832568445,0.6272367581365661,2.0923516603157326,0.3925584333543894,0.5442524646813706,0.78043994302896,0.5365294540948152,0.4373149375161431,0.40652172524981645,0.565527141107169,0.4243491503267923,0.5446605305976523,0.29871972967211824,0.010587926038985288,,0.40071140775629227
1037,bright-sweep-850,run_7761c7ee6f098eafa20c4286d0a78411,0.6057434678077698,0.8100574345883856,2.279395753946653,1.345230574857865,0.5914015651997155,1.1056100648836842,0.5457562220804087,2.0323625476320095,0.350082122552117,0.5914015651997158,0.7235875929735711,0.5827215032472793,0.40169972116097874,0.3930214219583054,0.6300452980642706,0.4091072551197918,0.5827311185765855,0.31257956529621306,0.038282647429285374,,0.43658539912896766
1038,woven-sweep-851,run_7ebbfc4ca0e63c58556294424042d420,0.6082960963249207,0.8025271218889599,2.1672019597169303,1.3420467466835126,0.6413659924789105,1.0932267763886692,0.5291384811742181,1.8842406096897126,0.3420972836386618,0.6413659924789098,0.694461148915968,0.5915251310572512,0.45014956562314395,0.3801554768061808,0.6280461360290823,0.41279170847329627,0.5917678737938539,0.3321907911491273,0.04413528905347129,,0.4553556451973858
1039,dandy-sweep-852,run_997634d92a65a0ae7f21de8ae89c6186,0.7493299245834351,0.5085386088066369,2.4576211213935775,1.2887302590018954,0.4973981095639801,1.2211267605633802,0.3429227823867259,2.17346216657594,0.7424005053695516,0.4973981095639795,0.8392941921190064,0.7479919057530987,0.39559620652920424,0.6152009705328354,0.558506406919436,0.3781506722338789,0.7344721596474953,0.19488001235866606,-0.26610196232293976,,0.3568487844588327
1040,firm-sweep-853,run_8515617548c6f7efa3018700576ad349,0.6234843730926514,0.798876834716018,2.366712030484486,1.3135439039797856,0.6523325541213537,1.1514242759930369,0.5181876196553925,2.1845672291780085,0.33070120025268535,0.6523325541213546,0.8984728596296879,0.6257378431004162,0.5058947323905261,0.3482270216773617,0.6584273924883841,0.48473035993369246,0.5834082268256937,0.31716851698292786,0.05658594597331611,,0.40606538590892555
1041,noble-sweep-854,run_4aaf5f6b0fbe78924ac2a666bb3d4c0e,0.6285896897315979,0.7808040842373963,2.3384050081654877,1.2402400505369553,0.6249110681979876,1.1119243551194808,0.5221186981493303,2.1492923244420257,0.33019583070120073,0.6249110681979856,0.8611251780344995,0.6153052352396978,0.5297892438883314,0.3783160936053379,0.6586256280202742,0.48269854711994503,0.5886148133187821,0.3396860227759608,0.057618481710779386,,0.4245966428433288
1042,graceful-sweep-855,run_e96ccd3875aaf16cbba675a4ce3b90d3,0.5523930788040161,0.9411869814932994,2.5489112683723465,1.264851547694252,0.5861876206931599,1.2119085298306695,0.6956732610082964,2.4353565596080573,0.36253948199621006,0.5861876206931599,1.0260563380281689,0.4996108140031556,0.5228865657493568,0.3743458480988411,0.6931731626719609,0.5355429324232975,0.5039341897949452,0.377774681815585,0.026897908367059853,,0.38497000649180524
1043,glad-sweep-856,run_69aa72b0bad4cd4071c6e1e3ad32747b,0.5664326548576355,0.9228334396936823,2.7619216113228098,1.2357169930511689,0.47698953145644885,1.2195442316822283,0.7227058072750471,2.6594719651605887,0.3481869867340483,0.4769895314564481,1.0748219655008702,0.515931927094017,0.5361926593878122,0.40151502091115154,0.7359803067905957,0.5601667733718931,0.5137617550708895,0.33784930675503116,0.03858948108154244,,0.38885476674183783
1044,skilled-sweep-857,run_0e90890e7414989f4fd047466d8ec096,0.5546904802322388,0.8873005743458838,2.982280892759936,1.0459507264687307,0.3839516210997052,1.2224481721791423,0.8635098915124435,2.908138268916713,0.6766266582438419,0.3839516210997052,1.2004035448646941,0.7008600092713924,0.6519253357429838,0.5518883887239409,0.7265069897428488,0.6300495187883753,0.54089650709682,0.3019291776858564,0.05444187777273777,,0.3923664636237046
1045,prime-sweep-858,run_2cd8f16ac475df26ce186cdba167a754,0.6125079989433289,0.8078876834716019,2.6546815459989124,1.2020341124447256,0.4831690212419961,1.144215856939389,0.6340523292916396,2.5584376701143166,0.3414908401768795,0.48316902124199473,1.0021680645671787,0.5594930122983834,0.5142888751676384,0.4213126137343166,0.715896362645165,0.5230673324754532,0.5708022422658183,0.3706761595870247,0.05358633599677967,,0.41549233334302405
1046,chocolate-sweep-859,run_973b447f87231d7805c583b855424fc6,0.43178045749664307,1.5589278876834718,4.04047359825803,1.9017687934301963,0.0,1.752373793321728,1.5589278876834727,4.04047359825803,1.9017687934301963,7.420293332589724e-17,1.752373793321728,1.0,1.0,1.0,1.0,1.0,,,,,
1047,restful-sweep-860,run_c7b68d1dc6590a601f2e3a29d378664b,0.5282706022262573,1.0149840459476707,2.341507893304301,1.509475679090335,0.7142290883219841,1.2175423326475707,0.6005360561582649,2.178742514970061,0.3345420088439674,0.7142290883219826,0.8951337236904577,0.5896770375706648,0.5529101594859801,0.3643220636592919,0.6502035088159864,0.5281509286894096,0.5005560952401813,0.37182104140342365,0.04221219893201095,,0.3828552099084503
1048,cool-sweep-861,run_350f5a3f1f7f1ace25eb465e4bd9c3bd,0.5702616572380066,0.8679770261646459,2.226973326075123,1.2615413771320279,0.7744384591930075,1.1633169805348949,0.5879514996809183,1.9672019597169315,0.3375236891977255,0.774438459193006,0.8917391992403855,0.5386641994888282,0.42003458762061746,0.40034814672924046,0.5917112925722585,0.4463805404429546,0.5447387016593654,0.30640313420621584,0.04854570130360474,,0.3943525753194141
1049,efficient-sweep-862,run_245ae6bd28c2602f9821764610921e46,0.68883216381073,0.6547543075941289,2.6767827980402834,1.31650031585597,0.4397601382254294,1.201724956480456,0.49940012763241814,2.4777626565051727,0.5970309538850281,0.43976013822542964,0.910128184839373,0.6647964487854903,0.47995884721802157,0.5376376783832966,0.5478006490915794,0.4248183542853534,0.6477161713560495,0.20456372300473158,-0.1549831871706511,,0.3676514294703078
1050,revived-sweep-863,run_7dd861a435e2d88bdb2834ce908e15af,0.5641353130340576,0.9345756222080409,2.6782525857376167,1.3296399241945676,0.4387539384083749,1.2219180250039565,0.6965156349712825,2.554463799673381,0.3379532533164879,0.43875393840837423,1.04962810571293,0.5140785550998807,0.5152162353612193,0.4012214666538965,0.7314205908703475,0.5462439996865247,0.5093538751938093,0.3307150585249046,0.04348915394659825,,0.384938711999854
1051,young-sweep-864,run_f2c2188d6472a3ca5fd31bcc371fec49,0.5752393007278442,0.8896745373324825,2.765024496461623,1.225129500947568,0.46784226039231636,1.2129925621142585,0.732737715379707,2.650381056069679,0.4111560328490213,0.4678422603923155,1.0839373318563064,0.5009086233684693,0.5198706835334117,0.41417297193755387,0.7162468206279681,0.5422000637708437,0.5186693199208989,0.3075677233697144,0.04212023611291084,,0.36926204351594877
1052,twilight-sweep-865,run_e9c746fe4327274582e4fa2311888d55,0.6022973656654358,0.8135035098915123,2.332852476864453,1.3278963992419461,0.5669072060168716,1.1227963285329958,0.5747287811104023,2.0863636363636373,0.34048010107390975,0.5669072060168728,0.7684839373318562,0.580056019224816,0.406734613546623,0.4097346997414041,0.647781008281668,0.4370036275941017,0.5835900191303836,0.2869286166819631,0.0417454354573816,,0.43426181841779754
1053,rare-sweep-866,run_a36ec9c8141e89e4938aa1300e26b691,0.5479259490966797,0.9342437779195915,2.3920794774088194,1.3365887555274798,0.7489277365585933,1.196241493907264,0.5523675813656664,2.2123298856831797,0.32380290587492194,0.7489277365585938,0.9239832251938601,0.5537297960025238,0.4783558577384961,0.33624110078855796,0.6282186571280906,0.48947726432087035,0.5364086099634648,0.3459511353837041,0.053035082113031776,,0.3855361681370453
1054,faithful-sweep-867,run_b422d4c57b99d95106925b5359be5ede,0.43178045749664307,1.5589278876834718,4.04047359825803,1.9017687934301963,0.0,1.752373793321728,1.5589278876834727,4.04047359825803,1.9017687934301963,7.420293332589724e-17,1.752373793321728,1.0,1.0,1.0,1.0,1.0,,,,,
1055,fragrant-sweep-868,run_1a64d81a0cff3489cd5edd577ec59309,0.533503532409668,0.9470835992342056,2.3074305933587382,1.2568161718256476,0.9151641426974285,1.1637126127551827,0.6278493937460108,2.095345672291781,0.34090966519267163,0.91516414269743,0.8641873714195291,0.5281047068717589,0.5048227875029617,0.35264581936596107,0.5735114214271541,0.45186455598041525,0.5259557671397453,0.3477752907703231,0.04675351453766443,,0.3861496958701002
1056,cosmic-sweep-869,run_3c7fa8e54fd65cd148558543c1477621,0.5760051012039185,0.9000127632418635,2.62468698965705,1.3401516108654457,0.5204797235491412,1.224275993036873,0.6504658583280148,2.4953456722917804,0.35965887555274867,0.5204797235491418,0.9957429973097001,0.5549964005107791,0.5292655366066422,0.3945945471378859,0.6866041262852652,0.5520630181209134,0.5324856641825219,0.31426624073212706,0.029490270694969057,,0.3760262942360419
1057,rural-sweep-870,run_3ad4a1e4bbd7df89da0cfb0754678dd6,0.5896617770195007,0.8561072112316529,2.6240881872618407,1.326152874289324,0.3482975912186198,1.2511868966608641,0.5927760051052973,2.432906913445837,0.34828806064434686,0.3482975912186202,1.0033786991612594,0.5584990245546073,0.4887856612993648,0.38042716214921946,0.658280555537179,0.509228881052449,0.5616592634671446,0.24374855069606005,0.03845965613127752,,0.34205957127461756
1058,youthful-sweep-871,run_8053ccb8fb722a8447a74b5c54f7a3e5,0.5597957968711853,0.9095086151882578,2.6068317909635286,1.2603537586860392,0.5282345766846225,1.2185472384871026,0.6395915762603698,2.4882689167120318,0.3181174984207202,0.5282345766846224,1.0388985598987186,0.5453816446162507,0.5067579599933953,0.3820467388181209,0.6975031256921572,0.5427949592243908,0.5402734261131588,0.3551672823976588,0.05836994841893202,,0.38673572668023753
1059,chocolate-sweep-872,run_639e0a2b319c1d19396f515648d3576a,0.43178045749664307,1.5589278876834718,4.04047359825803,1.9017687934301963,0.0,1.752373793321728,1.5589278876834727,4.04047359825803,1.9017687934301963,7.420293332589724e-17,1.752373793321728,1.0,1.0,1.0,1.0,1.0,,,,,
1060,restful-sweep-873,run_c677fdb589fbe0d8f4c7d50e51bbc2f6,0.5388640761375427,0.9396043395022337,2.007539466521503,1.3808085912823753,0.8853440390283567,1.1509257793954741,0.5631908104658587,1.7278443113772464,0.384699936828805,0.8853440390283558,0.7854723848710241,0.5177983859468585,0.4591618736312871,0.33736487565048046,0.5920300701191106,0.44738526957652447,0.525450976768436,0.34763668189638075,0.0753970140862797,,0.4109898138517445
1061,likely-sweep-874,run_1ce34173a70aa4eb54c5c457b459571d,0.6002552509307861,0.8116400765794513,2.160125204137181,1.2520151610865446,0.6966561642443339,1.0958854249090044,0.46284620293554546,1.9752585737615682,0.2695009475679102,0.6966561642443356,0.809147016933059,0.6118146935780497,0.5205700704891328,0.3663721546467452,0.6265253807877598,0.4641404412662973,0.6050970215811946,0.3705145757773459,0.09064690742804313,,0.4392443294887923
1062,ruby-sweep-875,run_d6a5378c029ed44af4425b9e0fe460c6,0.5902999639511108,0.8423994894703255,2.6587642896026136,1.2325078963992424,0.4748145136700884,1.1939705649628105,0.6931716656030638,2.519080021774634,0.416260265319015,0.4748145136700898,1.0638075644880511,0.5098732001177586,0.4884257190928025,0.4361507518436931,0.6899382980839579,0.5361179708827868,0.5428140084612673,0.30406421925143384,-0.01158858896276621,,0.3728929489365052
1063,grateful-sweep-876,run_2e03a99128f3e9c3ceaae462fd73785f,0.546394407749176,0.9543075941289089,2.3541916167664683,1.387024636765635,0.7358268116678526,1.1899192910270613,0.5585960433950221,2.1664942841589556,0.320341124447254,0.7358268116678541,0.8940338661180564,0.5569471515214834,0.5430226225830753,0.3070604667496728,0.6445238175920038,0.5023349453135966,0.5245473767417318,0.35286426556188094,0.05265255774274574,,0.3891281331117821
1064,apricot-sweep-877,run_635d67e7ded8c517471478aba79799bc,0.5605615973472595,0.9368474792597321,2.6378606423516606,1.3106380290587496,0.43420063014534,1.2205807880993826,0.712878111040205,2.535193249863909,0.34022741629816966,0.43420063014534027,1.0532283589175502,0.5238323427499114,0.5128229958289906,0.38821409188136513,0.7255842452679122,0.5451201594444823,0.5106266571471121,0.34390457060808227,0.04196417881207441,,0.3828554446455742
1065,logical-sweep-878,run_5e0014cbfe2d8fc1526c393ec94399c7,0.6432673931121826,0.7388130185067008,2.5949646162221023,1.1924320909665196,0.47629840430938103,1.1323073271087198,0.5827440970006368,2.468780620577029,0.3818951358180674,0.47629840430938086,0.9821886374426341,0.6049599909588473,0.5124121491683923,0.43299268907831306,0.6977883993806583,0.5054049976022544,0.6058125354240569,0.333047380676796,0.01569160174231882,,0.40513970688183615
1066,peach-sweep-879,run_ac877b0cb658b24fc26bd758a3cdfae2,0.520995557308197,0.9819272495213786,2.3045454545454556,1.3383828174352497,0.6864518751905682,1.112913435670201,0.6753541799617109,2.054572672836147,0.27682880606443416,0.6864518751905694,0.6947301788257628,0.5086893675403978,0.44827958423721515,0.3828522172205727,0.6251733105341133,0.42075767248766893,0.498994716497204,0.2943484149674239,0.0836153606487864,,0.44219396940931815
1067,still-sweep-880,run_31778b173eedef8ce2a3fb06c7e1f643,0.61238032579422,0.8151627313337588,2.7505443658138278,1.3303474415666456,0.4022766541315174,1.2038218072479825,0.6450031908104654,2.6201143168209042,0.43258370183196493,0.4022766541315191,1.0248061402120585,0.5291135553945501,0.5479768139074518,0.43893608530472816,0.7196163782331982,0.504169394446205,0.5549543896354596,0.24818122750524738,-0.02287577660506551,,0.3692210889571641
1068,fallen-sweep-881,run_5592961cf55e3fe5552d64d36c21174c,0.6846203207969666,0.6575622208040843,2.6661676646706596,1.3097536323436514,0.4008842362028661,1.1558632695046684,0.5310019144862792,2.467909635274905,0.6171193935565396,0.4008842362028665,0.9239911378382658,0.6397810626759262,0.4776228136837384,0.5499926571528908,0.6158991609031831,0.44734527467294083,0.6542516670887933,0.19580085474415643,-0.1608662734940863,,0.3765334143256947
1069,faithful-sweep-882,run_d535bdd0610f26879cc8ae6c82411048,0.4944479763507843,1.0307083599234206,2.1243059335873715,1.353063802905875,0.9285089948165465,1.1798860579205572,0.6260114869176776,1.8815187806205775,0.3140492735312694,0.9285089948165455,0.7919291027061245,0.463295887566456,0.4499951037418331,0.297533761133991,0.5820544904791382,0.4333213041080627,0.4805156270974753,0.35103938418293185,0.06339489582478307,,0.40111801404037734
1070,balmy-sweep-883,run_c6d593a5efa69bcf3b1c2c22274d1146,0.5978302359580994,0.8515634971282706,2.883369624387589,1.3174352495262163,0.33318426669376966,1.2728754549770531,0.717089980855136,2.7675285792052273,0.5744662034112432,0.33318426669376977,1.1519227725905998,0.5045548550253294,0.5637644809135304,0.4655518309229639,0.7552995284050535,0.5597974542491493,0.5378699606243659,0.2535740674119328,-0.03412946153610461,,0.3345202768551755
1071,dandy-sweep-884,run_92fc9178e1fdb63d10607b6223ebf3b4,0.43178045749664307,1.5589278876834718,4.04047359825803,1.9017687934301963,0.0,1.752373793321728,1.5589278876834727,4.04047359825803,1.9017687934301963,7.420293332589724e-17,1.752373793321728,1.0,1.0,1.0,1.0,1.0,,,,,
1072,legendary-sweep-885,run_50b4fbc1e3d1f72130de171a5ad61e13,0.580599844455719,0.8507977026164646,2.3967610234077306,1.2873910296904612,0.6763085679438968,1.2101202721949678,0.577409061901723,2.169542732716385,0.4228048010107392,0.6763085679438977,0.9403307485361602,0.529245168062699,0.47884695733596966,0.35932078664240336,0.6060118275061909,0.4571846582437684,0.541653976968541,0.2916956968393552,-0.005524236784530475,,0.3500000795019406
1073,vital-sweep-886,run_1726934c28d534c3ccd402283a91e14c,0.552265465259552,0.9214550095724314,2.450925421883507,1.2139861023373342,0.7826710031507268,1.2393574932742522,0.647760051052968,2.2410179640718573,0.43303853442830104,0.782671003150727,0.9361449596455138,0.49106055693730666,0.465312775458753,0.4079612425374326,0.5160365717952654,0.4259359017894654,0.4971385531426154,0.30575177165068695,-0.01226032813866921,,0.33416356557882265
1074,faithful-sweep-887,run_26ab8c423279e1f21c7604962d8e4c67,0.5867262482643127,0.8578174856413529,2.5768372346216664,1.2582059380922301,0.546102246163228,1.269916125969299,0.6271601786853856,2.3416712030484503,0.4863802905874929,0.5461022461632276,0.9786042095268235,0.5331498874841926,0.4305884642641093,0.4475731890304249,0.5365796279821902,0.4373691284491661,0.5298585622152021,0.23427232770153686,-0.05563538593075787,,0.3103507242929267
1075,atomic-sweep-888,run_56c24edc071495ffb03dfdb683e80c31,0.7594128847122192,0.49888959795788135,2.602041371801852,1.3129627289955783,0.3477995731273503,1.370248457034341,0.344148053605615,2.3453184540010885,0.8222994314592545,0.34779957312735066,1.06295299889223,0.7488526243500107,0.39435586645328974,0.6358880056188743,0.5392754389514128,0.381166906076121,0.7325420681739052,0.11304676655862807,-0.3176661626360303,,0.2203055241516931
1076,sweepy-sweep-889,run_85594b5b48e1a3a5d36b91c5c2c25760,0.5883854627609253,0.8521250797702616,2.2751497005988033,1.330802274162982,0.6973269641223702,1.2020098116790632,0.5748564135290366,2.0161404463799677,0.36286797220467454,0.6973269641223696,0.9365722424434244,0.5373221036641804,0.44774984812804014,0.3651969798550586,0.6424131652504853,0.4592256209379478,0.5469211491761945,0.3142803535479429,0.032896831555306864,,0.3745050114128059
1077,copper-sweep-890,run_d8c27497c92ddb8ada5d6ca708734e91,0.5646458268165588,0.9143075941289088,2.3220195971692985,1.3632469993682883,0.6863705661144426,1.1529355910745371,0.54851308232291,2.1484757757212853,0.3284017687934314,0.6863705661144422,0.87407817692673,0.571156104068386,0.5197659002723505,0.3149117262075791,0.6594277028634585,0.49855475057522924,0.5426498467343501,0.3685755387830363,0.0501323096462656,,0.4199660114442794
1078,lunar-sweep-891,run_d59b8c6a50112fcd479d024427be5256,0.6079131960868835,0.811282705807275,2.6702504082743617,1.3106127605811753,0.4512450452281736,1.1586722582687135,0.6242756860242502,2.5488568317909643,0.38664560960202266,0.4512450452281744,0.9762858047159356,0.5226503299938412,0.5339025423014262,0.3941356191935639,0.7244186158307933,0.49991363054334415,0.5629612222008712,0.3027376925060077,0.012878618843950602,,0.40163632664904014
1079,classic-sweep-892,run_73533b470b36923d2c079a6eb6771038,0.5527759790420532,0.9539502233567327,2.174442025040828,1.399532533164877,0.8477995731273503,1.1248457034340875,0.5359285258455645,1.9774904735982588,0.30288060644346226,0.8477995731273512,0.7922139579047319,0.5918944611162184,0.5259492192111094,0.2921506560674265,0.6274734077713703,0.49689686338483935,0.5356988525175358,0.36282333743244605,0.0627851178069094,,0.42856564084241494
1080,noble-sweep-893,run_81c15b964066cb8e4b715c9568130005,0.6779834032058716,0.6625909380982771,2.242651061513338,1.2653821857233107,0.7580546803536945,1.231207469536319,0.4259093809827694,1.9402014153511173,0.6052432090966516,0.7580546803536934,0.878651685393259,0.6940840470678727,0.4234441229777483,0.5090516553331418,0.5382620447170899,0.3737682032990584,0.6589162198977753,0.2714053756996192,-0.1321467676395266,,0.36169581473984175
1081,rosy-sweep-894,run_39b7f8b11646caf3a6f81893f42a4990,0.5326100587844849,0.9784301212507979,2.245862819814916,1.4985849652558434,0.5762882406748654,1.1405048267130875,0.6727760051052967,2.0455362003266204,0.3409349336702464,0.5762882406748647,0.6804953315398009,0.5900699992568975,0.49203889703550213,0.4732771445902372,0.6537065372071454,0.46590394654449035,0.5193629199998737,0.38462174040971087,0.06114299957369211,,0.44727688625530704
1082,dainty-sweep-895,run_ed815420a34d25d9b91a1ab6e96ab794,0.5471602082252502,0.9001914486279516,2.790119760479042,1.176639292482628,0.4627706067689807,1.1422614337711663,0.7619400127632419,2.718045726728362,0.42437144662034015,0.4627706067689807,1.0432109510998575,0.5110255521164583,0.5444539794093085,0.4268673179452799,0.7422418771734651,0.5646150606542407,0.5272467988327965,0.35421469298117714,0.049830276645178626,,0.4330305531650798
1083,snowy-sweep-896,run_982626340c23d8dfd8ba8b4575ad79a4,0.558391809463501,0.9221952776005105,2.4784158954817648,1.217624763108023,0.6418233560321172,1.1595584744421585,0.634920229738354,2.353973870440938,0.3546809854706245,0.641823356032118,0.9452998892229784,0.5238235950100101,0.501703706258156,0.40705296427545257,0.6512399474441388,0.4928100519671902,0.5211970901919908,0.3660836977302355,0.032759067586393464,,0.405744923134961
1084,spring-sweep-897,run_7a4618d116136ba4495b1820e7939a79,0.5723037719726562,0.8418889597957883,2.6040010887316276,0.8528995578016427,0.6110681979876004,1.0828295616394998,0.7641863433312069,2.4941480675013623,0.34801010739102994,0.6110681979875995,1.01519227725906,0.6623693029220988,0.6369659262084659,0.6714318551862848,0.6281180887464749,0.6148419799168557,0.5415851995349109,0.4060403373578147,0.050739371082460315,,0.4336287273554054
1085,feasible-sweep-898,run_bc867419ac418ea0b0465bbb057607d7,0.5924696922302246,0.8755839183152522,2.8018236254763207,1.3634238787113078,0.4210488870820205,1.2637680012660233,0.7263560944479895,2.6650789330430076,0.4852179406190779,0.421048887082022,1.1324972305744567,0.503379736533428,0.5715832246410526,0.4578721706094563,0.7487957290040153,0.5620958370208373,0.5154633885127387,0.2524589722216381,-0.01980914283586399,,0.34261449698349766
1086,confused-sweep-899,run_9836645ca072bfd87f14735e40e55b99,0.5245692133903503,0.9727632418634333,2.5250680457267283,1.2398357548957677,0.5039841447301555,1.296494698528248,0.6640970006381609,2.32953184540011,0.3801768793430194,0.5039841447301551,1.006828612122171,0.4498830615812886,0.44581002580994306,0.3867258883248731,0.5457367234900329,0.42624966064647585,0.4677861118915484,0.2667950977725698,0.01942100799032786,,0.290410940229717
1087,atomic-sweep-900,run_c50915bd877ac48b8cd7de99311e615b,0.5258455872535706,0.9664071474154435,2.841507893304301,1.1282754264055594,0.38617745705864415,1.1760405127393576,0.8851308232291006,2.777054980947198,0.5158938723941879,0.3861774570586439,1.130305428074063,0.5672211172011876,0.5998510192385842,0.4674520320531239,0.7584077876271597,0.5987900979085856,0.4969942762300732,0.3573994072239959,0.06130521021860471,,0.4327836658015564
1088,faithful-sweep-901,run_f885e29a8d93062b116f88dc2dc0d093,0.43178045749664307,1.5589278876834718,4.04047359825803,1.9017687934301963,0.0,1.752373793321728,1.5589278876834727,4.04047359825803,1.9017687934301963,7.420293332589724e-17,1.752373793321728,1.0,1.0,1.0,1.0,1.0,,,,,
1089,major-sweep-902,run_9b166c05d90ecee143bfe2682a675979,0.5850670337677002,0.85702616464582,2.7194610778443122,1.2533796588755528,0.4092895619473524,1.2052619085298306,0.7010082961072103,2.6032934131736543,0.40107391029690354,0.4092895619473545,1.048781452761513,0.5026438828890843,0.5153989273100077,0.4254316317083293,0.6834116334674701,0.5272391357909336,0.5400780692272321,0.30161406114366623,-0.00020466952423811048,,0.3747001553915308
1090,azure-sweep-903,run_8ad41f44e93c98586eadb13fa32c8e2e,0.6171027421951294,0.7923931078493938,2.437534022863365,1.2558054327226789,0.5119930887285293,1.0701376800126603,0.6120740268028078,2.255606967882416,0.36761844598862997,0.5119930887285274,0.7852983066940974,0.5781982274819039,0.43149165101542303,0.41370111419723526,0.6604385832087222,0.4672812393233137,0.5770178644125781,0.31182842560761964,0.03684133485350112,,0.4384638594909912
1091,glamorous-sweep-904,run_cd4dac7d3363543ae3b967a1197a2413,0.5578812956809998,0.9286534779834078,2.3290963527490485,1.3909412507896404,0.630744994410001,1.2625415413831305,0.6142182514358644,2.0617038649972788,0.35554011370815053,0.6307449944100003,0.9513847127710073,0.5032606902876197,0.43419454829404985,0.3513499664783067,0.6386701603394636,0.45943189355001296,0.5085545633778933,0.2892107934620302,0.03491487659022981,,0.34180258757501303
1092,misunderstood-sweep-905,run_5a6d55a39ab4be754d1622cc322a786a,0.5876196622848511,0.8644543714103382,2.579994556341862,1.1889955780164247,0.5322695395873566,1.1587039088463365,0.658966177409061,2.4662221012520424,0.3450031585596976,0.5322695395873576,0.9956084823548037,0.5425304999832748,0.5208765678591052,0.414997605593334,0.715661696472728,0.5367242023696815,0.546167248338024,0.3773804193434755,0.04090524156916939,,0.42115323316458436
1093,smooth-sweep-906,run_4d63b4be639e62ab7ef9fb363b731905,0.520484983921051,1.0189151244416084,2.536064235166033,1.4027416298168038,0.46369549750990957,1.104130400379807,0.7961710274409705,2.401061513336963,0.6522173089071389,0.46369549750991085,0.8266497863586019,0.5830057640885918,0.502010285266131,0.5249029467164703,0.707069649136941,0.48792450359930944,0.49103235314839355,0.36412910737585863,0.08486867195530454,,0.45698991442186
1094,resilient-sweep-907,run_11bb87252509c4320cea244f49be6302,0.5448628067970276,0.950248883216337,2.384295046271095,1.291939355653822,0.667852424026832,1.195078335179617,0.6475047862156982,2.251905280348395,0.32963992419456806,0.6678524240268322,0.9620509574299734,0.5453726484006649,0.509212195498338,0.35391373750917854,0.6240492493806569,0.5024819382703578,0.5174794452601688,0.38386708017654425,0.05043897622986442,,0.3881547524725465
1095,fallen-sweep-908,run_8a741aa66785779baf5f44f34556ae12,0.5379706621170044,0.9564007657945117,2.6397114861186726,1.2730890713834493,0.4769082223803232,1.286303212533629,0.7217613273771538,2.468236254763203,0.42919772583701793,0.47690822238032177,1.045790473176136,0.45687370913580705,0.47390450368603415,0.4015809469080229,0.5741669786125314,0.46201330004934915,0.4831790702429473,0.2686800718682291,-0.016140341463765962,,0.3060010055952198
1096,clear-sweep-909,run_a84f73687f7ee7565c409a8b355047a1,0.5975750088691711,0.8201148691767709,2.426428960261296,1.2250284270372713,0.4964630551885355,1.0519781611014403,0.6611359285258465,2.2419978225367454,0.4286923562855338,0.4964630551885355,0.8090916284222189,0.5526512342421656,0.454170878479907,0.41029483127414357,0.6610406335075255,0.5054801745792751,0.5634197702236038,0.3239068037301993,0.04334731285783211,,0.4469074912901833
1097,atomic-sweep-910,run_0c295fa5fde9f969961aa73be50077c8,0.6047223806381226,0.8292278238672622,2.711894393032118,1.1295135818066964,0.5194836873666023,1.1969773698369996,0.6878621569878743,2.6098802395209595,0.3640050536955149,0.5194836873666014,1.0485361607849344,0.585467180287792,0.5177466990242302,0.46851355234172976,0.6826118914098604,0.5251039496879433,0.5417546587055367,0.3442599124838456,0.029934799003429335,,0.37756485170371806
1098,neat-sweep-911,run_643cfb6cf7b0d428adb970f9ebf7d27e,0.5973197221755981,0.8865858328015317,2.973244420250409,1.303891345546431,0.2964325642849884,1.28798069314765,0.7909636247606904,2.897686445291236,0.6458496525584341,0.2964325642849878,1.1845307801867386,0.5419339043535337,0.6114981260464071,0.4812577020081091,0.7809075499309326,0.5992878908920705,0.5167537708313861,0.27633857899491954,-0.027343793724529684,,0.33534669596889
1099,volcanic-sweep-912,run_5221e42710a461236f58111ff9df88a6,0.5479259490966797,0.9651563497128272,2.3167392487751775,1.479962097283639,0.7415082833621303,1.2177559740465262,0.5245692405871091,2.1335057158410473,0.32248894504106235,0.741508283362132,0.895030859313183,0.6039412751874631,0.6048798640932994,0.3472895316540561,0.6612217394500203,0.5764152480170036,0.5344896628317298,0.36972686046053754,0.05086336985000735,,0.39557135787842657
1100,swept-sweep-913,run_4242bd3b486fa82947607e77cb0f6194,0.5728142857551575,0.9119336311423102,2.2026401741970614,1.4120151610865448,0.759162516515906,1.1561481247032759,0.5419527760051052,1.9558247142079503,0.2965634870499047,0.7591625165159074,0.8733502136414,0.5820439197985553,0.4819830460767515,0.3104035373367813,0.6275887840613014,0.4772910498282058,0.5339763309307853,0.32477578818934616,0.0663585483941602,,0.39791223196207054
1101,solar-sweep-914,run_8b62fc3d446b279e6295c867e82825a1,0.771155059337616,0.45661774090619023,2.4281709308655417,1.3237018319646243,0.3759223498323,1.2345070422535211,0.31050414805360527,2.157729994556342,0.8406948831332905,0.37592234983229966,0.9172258268713405,0.7631899169586207,0.4000021647971918,0.649101139737573,0.5851554667995837,0.3948108069419997,0.7648742121273323,0.18412534934616984,-0.33924326718315234,,0.33909916129370976
1102,flowing-sweep-915,run_31d9aa4c3bc516ef218647bbf2ce7039,0.43178045749664307,1.5589278876834718,4.04047359825803,1.9017687934301963,0.0,1.752373793321728,1.5589278876834727,4.04047359825803,1.9017687934301963,7.420293332589724e-17,1.752373793321728,1.0,1.0,1.0,1.0,1.0,,,,,
1103,sweepy-sweep-916,run_9b1b1ebc6c74c82543dc06b5f095cd4c,0.536694347858429,0.9963497128270583,2.2849482852476872,1.5580416929879977,0.7152149608700071,1.2003323310650418,0.5171665603063182,2.071012520413719,0.3173089071383451,0.7152149608700066,0.8743472068365248,0.6275325612405118,0.5251436457305781,0.35588209941576476,0.6682384358365892,0.5428732852134288,0.5260664036304273,0.3309028710020673,0.05052678399380124,,0.4019684391808926
1104,light-sweep-917,run_214479be705391a9e2d4ec440c61a343,0.6017868518829346,0.8277472878111041,2.4485846488840513,1.304118761844599,0.5110885252566318,1.1042095268238645,0.6609061901723029,2.262411540555254,0.49274794693619756,0.5110885252566323,0.8317613546447221,0.5505955499115699,0.42578523980463173,0.4446880886249721,0.664081509448121,0.4547275217343486,0.5634552061321954,0.3334740281192265,0.015648039382886253,,0.42689591778985847
1105,genial-sweep-918,run_a0a1dd9e9c9248dfdfb9858915e1629a,0.6015315651893616,0.8484237396298661,2.5670386499727824,1.1765382185723314,0.4867567842260393,1.1799335337869918,0.6634588385449898,2.451741970604247,0.34523057485786574,0.486756784226039,1.0069631270770698,0.5437375915629974,0.5064284252889641,0.4318679564537241,0.6959670840208858,0.5044592451778683,0.5380525390313458,0.3435149791770332,0.042462894165552524,,0.38775945805044865
1106,celestial-sweep-919,run_5b926ec39901fa1c9f2a4ac19f5bb567,0.6349712610244751,0.7660497766432673,2.6054708764289614,1.2167909033480735,0.4075820713487143,1.1732789998417472,0.5979323548181245,2.470685900925423,0.38363866077068853,0.40758207134871577,1.0069393891438525,0.588380079176412,0.4875128990571726,0.4173337483638221,0.7011311663206509,0.5029567690634558,0.5889278068975321,0.32369038528571525,0.014228345984007929,,0.38548465413772254
1107,driven-sweep-920,run_1d48b85d870c41fc3536398b68c1f8b9,0.5844288468360901,0.8441863433312062,1.9866358192705502,1.2737207833228048,0.8795812582579531,1.065358442791581,0.5462412252712195,1.6789602612955903,0.3030069488313336,0.8795812582579544,0.7307801867384074,0.5856453199558604,0.45542049900220666,0.3442941289148549,0.5409585778854016,0.42837896380534246,0.5709842515366028,0.3429872281184742,0.07588959047704771,,0.48459207256253645
1108,peach-sweep-921,run_c1ca5ddb09ba3d56aa093ef00c7d9d07,0.679770290851593,0.6549329929802169,2.708845944474688,1.2463802905874923,0.5710438052647627,1.309708814685868,0.4979451180599874,2.5014425694066404,0.6563866077068863,0.5710438052647618,1.063198290868809,0.6389737183121835,0.47078137542048876,0.5706565463078249,0.5938621197796423,0.43417149603021377,0.6424659774349039,0.1976960744915224,-0.2001128452511397,,0.26294335712050576
1109,worldly-sweep-922,run_66663bdec313f29f2c86af32cefb23af,0.5382258892059326,0.9041225271218891,2.3827163854109967,1.2087807959570438,0.5311921943286919,1.1615999366988448,0.5984684109763879,2.182716385410996,0.33474415666456153,0.5311921943286921,0.9182702959329008,0.5059475197671891,0.480755665970575,0.38382897551320116,0.597732757596939,0.45160068166589334,0.5377422179133956,0.33030461840961645,0.04806561829601598,,0.3793051021533594
1110,rosy-sweep-923,run_39d1374e71c228c8dd8f4fa8fcdc1f12,0.5652839541435242,0.9052201659221443,2.5031301034295055,1.3673910296904612,0.45574753531863,1.0409400221554044,0.6790555201021062,2.3562602068590097,0.48051800379027165,0.45574753531862977,0.7555151131508148,0.5383242932047938,0.48553664040945854,0.4702973853079207,0.7234460780042917,0.4621056145001607,0.5365013192185404,0.3339726565865788,0.07738920312988226,,0.4716605079731537
1111,trim-sweep-924,run_40c3fbaaeff5740a6bd4b575b7faa726,0.5678366422653198,0.8705041480536058,2.1556069678824175,1.3746936197094126,0.7643459701189145,1.1335812628580473,0.49266113592852606,1.8709036472509541,0.33931775110549656,0.7643459701189151,0.7479506250989072,0.5790306935460324,0.4433408973091184,0.35165964307377967,0.543221023250658,0.41446976791273504,0.5796432780917224,0.3296249376556016,0.045394832151624,,0.44025235557087194
1112,iconic-sweep-925,run_e0a960372ccfbc3511ba04ed862663e2,0.5788130164146423,0.8489597957881302,2.3508709853021235,1.2452937460518005,0.6730358776298404,1.1793796486785884,0.5689853222718578,2.130293957539467,0.392356285533797,0.6730358776298397,0.8867542332647569,0.526455954221636,0.43412095024451364,0.38012961721418764,0.5852329853327355,0.4276858779992671,0.5468194050302484,0.3059323954031207,0.01577686648952275,,0.3682318062991661
1113,earnest-sweep-926,run_d3928ec300a0f3fcd16915341a557780,0.6308870315551758,0.7526483726866624,2.460778443113773,1.228692356285534,0.3347494664091879,1.183494223769584,0.5107083599234207,2.266113228089276,0.38101073910296973,0.3347494664091884,0.9384712771008072,0.5995295316546336,0.4672316516895558,0.38921750790154197,0.6660089344501334,0.457533606033472,0.6069905204149665,0.2674885678453296,0.02276237743438884,,0.3620556322393426
1114,swept-sweep-927,run_7cfa42c2645e997672c3564ee2ebd415,0.5438417196273804,0.9364901084875559,2.298557430593359,1.3979153506001265,0.7447403191381239,1.1807089729387563,0.5235737077217615,2.094093630919979,0.31488313329122036,0.7447403191381239,0.9065200189903468,0.5928082389039457,0.519197594630021,0.3191783992593302,0.6449453497337996,0.5429610917007228,0.553790453016646,0.33483419930018543,0.05628273653737502,,0.41011484990006
1115,warm-sweep-928,run_24c7359c58cfc4ca6c477ad7b4fe44c2,0.6311423182487488,0.7566560306317806,2.4014425694066426,1.201301326595073,0.5255310499034456,1.1435591074537113,0.5170134014039564,2.2253946652150254,0.3538976626658257,0.525531049903446,0.9125890172495654,0.6142676636699913,0.4520956980786246,0.4186061360661495,0.6480162433181632,0.45256868502862035,0.6049759431902038,0.30896562120823023,0.03927833429053068,,0.3873542489235056
1116,vocal-sweep-929,run_48a63f13ae42a41e9ee83af73e11e96f,0.6005105376243591,0.8114103382259094,1.9297495917256402,1.275161086544536,0.7348612663888607,1.0687054913752176,0.5322016592214419,1.633287969515514,0.30914718888187015,0.7348612663888603,0.746850767526508,0.5915389201727139,0.39543727225019243,0.35698224946524915,0.5473959499445527,0.43366168019011064,0.5849890078117165,0.3635704460045515,0.07157634591698168,,0.4848681988698312
1117,toasty-sweep-930,run_857a11a77bcc9730ff1ffca6b308b2b8,0.5841735601425171,0.8534269304403319,2.42811649428416,1.3109665192672144,0.6446590100619982,1.2415097325526192,0.5943331206126361,2.1684540010887323,0.3891471888818703,0.6446590100619969,0.9886690932109509,0.5341743431214341,0.4221436740789322,0.3909925613766242,0.6163888127588402,0.4546732994365626,0.544267343876608,0.25216100437318384,0.012638555576870011,,0.34117783562599824
1118,confused-sweep-931,run_b93556db50cff62c07b195eef1ed399d,0.555456280708313,0.8485768985322274,2.479014697876974,1.2559823120656983,0.4929057831080394,1.02575565754075,0.6457434588385462,2.3102612955906374,0.5468224889450416,0.4929057831080383,0.7237616711504983,0.5366991077865219,0.5013584720350361,0.44631931807298153,0.583466573121168,0.45434766392061,0.5848965702365727,0.32330416061270423,0.03499366580720456,,0.4931647884769757
1119,likely-sweep-932,run_8c6a1406f28ffa2f8596aa37f2a3742c,0.6202935576438904,0.8013273771537971,2.3318181818181825,1.2854958938723946,0.6147677609513161,1.1710713720525399,0.5050670070197838,2.115051714752314,0.3641819330385344,0.6147677609513168,0.894761829403386,0.6118220787340156,0.5100614852446816,0.35380295629409697,0.6488591828415154,0.48668534798902985,0.5831995142899018,0.3142587632341697,0.03400910333383041,,0.3890872913351961
1120,blooming-sweep-933,run_e85248a74ce32b425f947177c2957ffc,0.6130185127258301,0.8118187619655393,2.6953456722917815,1.3673910296904612,0.4309685943693465,1.1968586801709131,0.6115379706445431,2.534866630375613,0.41423878711307643,0.4309685943693463,0.9874426333280584,0.542766972181902,0.5349965602851205,0.4195734763592248,0.7291504594509582,0.4987517603227233,0.5628230576749416,0.2534225584684023,-0.00830973249859131,,0.38160033904771884
1121,good-sweep-934,run_cccda174d248647c82ca040393e2a3d7,0.5243139863014221,0.9662284620293555,2.232798040283071,1.4160328490208467,0.7841548937900195,1.2196391834150972,0.5690363752393098,1.9882689167120315,0.34234996841440324,0.7841548937900181,0.8196866592815311,0.5280418843645333,0.4886546666789604,0.3201902755163937,0.5860326339906444,0.46883881056479726,0.5211626589209786,0.3269928098437129,0.045310749144881854,,0.3790318801893582
1122,ethereal-sweep-935,run_93842027229755ea0b940ad8c579f3ff,0.6109763979911804,0.800587109125718,2.473081110506261,1.2926468730259006,0.47000711454416105,1.0845861686975786,0.6235864709636249,2.2815732172019607,0.4550221099178773,0.4700071145441605,0.8209843329640769,0.5590524419232441,0.445129661519843,0.4337413402292245,0.6788109623909275,0.4642545368733533,0.583541211547811,0.32633753714248953,0.03510053575878995,,0.43493665332215775
1123,peachy-sweep-936,run_12b3900bdd7c8b55623efb8c372fb8a6,0.6015315651893616,0.8203446075303128,2.579667936853567,1.260075805432723,0.5428498831182031,1.2034578256053174,0.6526866624122538,2.4380239520958096,0.4172457359444095,0.5428498831182031,1.0281294508624796,0.5206943270734525,0.48950826150301197,0.4260565718481627,0.6496983477197371,0.4964757911719794,0.5434434859578697,0.26614375629447873,-0.0091471975392267,,0.35813543529867997
1124,super-sweep-937,run_c8eed42dac119d82c11a35b7eb8ca651,0.5229099988937378,0.9491512444160818,2.890337506804573,1.0561086544535694,0.5196971236914321,1.1524291818325685,0.8299425654116137,2.822727272727274,0.46255211623499737,0.5196971236914302,1.030827662604842,0.5426936819413325,0.5873168409706265,0.5295918334769978,0.708208394203566,0.5551115458398325,0.48248266873595624,0.3139754240095877,0.044928363739005876,,0.40217725957915995
1125,stilted-sweep-938,run_fcd070cdd9620b7b6c6d142bffe828da,0.577919602394104,0.8816336949585195,2.637697332607513,1.2176753000631715,0.5368533387539385,1.1835100490583954,0.7119336311423095,2.496379967338053,0.36905874921036014,0.5368533387539383,1.0270612438677007,0.5012404377587989,0.507640377581879,0.4002542859879322,0.6753651418478523,0.5227053326863859,0.5130015746592967,0.3185864506962022,0.02612281239598355,,0.38609484109641856
1126,fine-sweep-939,run_e05ee36de4adbac0f58b9474e40c6b3f,0.5535417795181274,0.9298787492022974,2.6486390854654336,1.3185470625394824,0.40534607175525966,1.0570501661655325,0.7559923420548822,2.5104790419161684,0.6546936197094129,0.4053460717552592,0.8452603260009499,0.5616160445286882,0.5315056227403461,0.4977192478370527,0.7596556415342484,0.49303250690656053,0.5276879416101365,0.3076455375642293,0.07418179966572683,,0.47343620557989663
1127,valiant-sweep-940,run_d8eb2561fc5cc34d89a8a6419c31236a,0.5975750088691711,0.8445692405871092,2.763990201415352,1.3338092229943148,0.4212318325033032,1.2751384712771008,0.6741544352265469,2.61537833424061,0.39885028427037317,0.42123183250330243,1.0961861053964237,0.5089635481009435,0.5448965369998391,0.4236623248092456,0.7072785781361358,0.5257638021256912,0.542178816206793,0.2535131619349828,0.0015013429828336419,,0.32645547131185526
1128,distinctive-sweep-941,run_ba66ef8edea6850ebf25893917693cee,0.5520102381706238,0.9212507977026164,2.440038105606969,1.3382312065698045,0.6997357455025918,1.194128817850926,0.5683726866624124,2.269651605879151,0.34775742261528825,0.6997357455025917,0.9432979901883207,0.5531479128916851,0.5328407746145302,0.32628499824410173,0.6412445803432998,0.5405714462589861,0.5408472403598038,0.3447323965061705,0.03307257021277445,,0.3933393971491679
1129,denim-sweep-942,run_82dc6dfb114468beea5c3558f9cbe612,0.619144856929779,0.8147287811104021,2.7725367446924345,1.664320909665193,0.26799471491005183,1.3061006488368412,0.5778940650925347,2.6245781164942854,0.8598736576121293,0.267994714910052,0.8778525083082759,0.6577774231365459,0.6186731328918673,0.6412361523481148,0.6700590263417905,0.5552393852703917,0.603730522185098,0.22798084047914194,-0.10950127720060172,,0.36053224120153265
1130,fallen-sweep-943,run_fff51bb841fac4c614c873ca7fbb6bb8,0.5497128367424011,0.9475686024250161,2.238023952095809,1.4611370814908404,0.7857404207744692,1.1988051906947301,0.5302616464582008,2.0391126837234625,0.3447757422615292,0.7857404207744689,0.868436461465422,0.5726358465655318,0.5777898622241682,0.32696708488969767,0.6299245422393278,0.5226835897541011,0.5381422958473437,0.3712262217384782,0.037032082981971616,,0.3905170465286478
1131,legendary-sweep-944,run_fd2654ce57b9b3e0e130169004159cb6,0.4557753801345825,1.1209444798978943,2.193875884594448,1.4277068856601391,1.000477690822238,1.2666323785409086,0.6994511805998724,1.9184267827980406,0.31200252684775776,1.0004776908222388,0.816260484253838,0.4513982093100385,0.4596463999794242,0.34889410337451715,0.5205084747561035,0.4271358370672811,0.4347319192934722,0.28403180001661,0.05794334767928512,,0.3541409410116006
1132,stilted-sweep-945,run_d6bf19bd70703ab3102e217a976952a5,0.5952776074409485,0.8493937460114869,2.09795862819815,1.4068856601389768,0.6586543347901209,1.1038376325367938,0.5635992342054873,1.8045454545454551,0.31399873657612226,0.6586543347901199,0.6860658332014562,0.5886922616280874,0.4429262889816661,0.40850365546084344,0.624724643263311,0.413377057712817,0.5674986348718705,0.3327552231902413,0.06024928141783153,,0.45490819640577057
1133,solar-sweep-946,run_d1229f7643027f4ae041375bea120e05,0.5957881212234497,0.8265475430759412,2.6727000544365818,1.2262413139608341,0.4714401870108751,1.1577702168064568,0.6838034460753029,2.5701415351115964,0.3791156032849029,0.47144018701087664,1.0149153347048578,0.4950434050457369,0.5258774538462712,0.4216205344315679,0.7069320070236986,0.5145854617624318,0.5462588477126905,0.3161747276858168,0.017841300902695485,,0.3999341579485157
1134,avid-sweep-947,run_5182d1dfcb75912dd725334775cac0df,0.43178045749664307,1.5589278876834718,4.04047359825803,1.9017687934301963,0.0,1.752373793321728,1.5589278876834727,4.04047359825803,1.9017687934301963,7.420293332589724e-17,1.752373793321728,1.0,1.0,1.0,1.0,1.0,,,,,
1135,swift-sweep-948,run_48ea49da3385264917e716e01a26a25d,0.5345245599746704,1.0062539885130823,2.229096352749048,1.4113329121920406,0.8822339668665514,1.2345070422535211,0.5578047223994888,2.033995645073491,0.30758054327226775,0.8822339668665506,0.8792134831460672,0.588881721856097,0.5586564345587547,0.30087794911087695,0.6097649373335939,0.5251528783807171,0.5087762940505586,0.3612799489746461,0.06049387328724296,,0.37630412340689556
1136,rosy-sweep-949,run_273752f90b84ed2559ff856818d194d9,0.5993618369102478,0.797115507338864,2.1632280892759943,1.2190650663297538,0.6255107226344141,1.0602231365722425,0.5675813656668793,1.9086826347305397,0.3119267214150348,0.6255107226344142,0.7220841905364771,0.5681571076627171,0.44783614404635835,0.38878427992210196,0.5884417576562986,0.42466649462409756,0.585479339876984,0.34367988329519683,0.06930405439824883,,0.46076752287117206
1137,dazzling-sweep-950,run_3ce3ad85ac2bccf5442a9f3bf5b50a3b,0.6049776673316956,0.8176898532227187,2.6325802939575405,1.2354643082754266,0.42648643154792154,1.0956796961544548,0.6916911295469056,2.465568862275451,0.5411370814908395,0.4264864315479196,0.8899192910270606,0.5406740215888912,0.47610112706140767,0.43865929189413533,0.6826975495663186,0.503634114865655,0.5618486497660535,0.26359631102308123,0.020323801273794014,,0.42720312268140487
1138,dry-sweep-951,run_2b1b483799df3ef6aca2441646e76b9b,0.43178045749664307,1.5589278876834718,4.04047359825803,1.9017687934301963,0.0,1.752373793321728,1.5589278876834727,4.04047359825803,1.9017687934301963,7.420293332589724e-17,1.752373793321728,1.0,1.0,1.0,1.0,1.0,,,,,
1139,rare-sweep-952,run_c3a80b9a4484b647e725b293cd618865,0.5671984553337097,0.8777536694320358,2.53905824714208,1.1641819330385346,0.3957719280414676,1.202745687608799,0.6491384811742189,2.3486390854654333,0.33411244472520624,0.3957719280414686,0.992221870549138,0.5215599076681939,0.47386113166467886,0.43015787121284677,0.6236626554618874,0.47430576435520777,0.5317236012511782,0.2759699411980718,0.0489370184749208,,0.35047049989142437
1140,misunderstood-sweep-953,run_f0b1d420c4d59dc816c3308e9de1942c,0.596936821937561,0.8434716017868539,2.6054164398475788,1.2237397346809857,0.5669580241894503,1.2023421427441052,0.6268538608806632,2.473788786064235,0.3703474415666461,0.5669580241894491,1.0233739515746159,0.5484081869388202,0.518284597669927,0.4031859975098171,0.6834323403875582,0.5127012138815231,0.5463941628341042,0.3343127598741728,0.022736144488708403,,0.3683178679592666
1141,driven-sweep-954,run_1440b6387b5f570ad5336d2d85fd0a2c,0.5880025625228882,0.8041608168474793,2.527136635819271,1.0233607075173723,0.6021851814208761,1.00785725589492,0.7188513082322899,2.360996189439306,0.4474921036007582,0.6021851814208771,0.8713957904731764,0.595021096251836,0.5583473740587973,0.5572909682980558,0.6282347051023308,0.6210936840387682,0.5685331942658632,0.3486988095467971,0.05075508641826308,,0.45712529509595895
1142,clear-sweep-955,run_e9fc6e0aebe59eee8ebff5edca286108,0.7244415879249573,0.5647223994894703,2.789194338595537,1.295375868603917,0.350238845411119,1.3070897293875614,0.4372941927249516,2.5914806750136092,0.8137839545167402,0.3502388454111192,1.0811362557366668,0.6901013282986246,0.5001941786432397,0.6463327267503113,0.6034187182360506,0.4491321077238128,0.6938775521095782,0.17138925496832072,-0.33908842603291334,,0.2510173171303757
1143,ethereal-sweep-956,run_eac3b967c10ea366bfcb83d889253cc4,0.5826420187950134,0.8622590938098277,2.368508437670114,1.2381174984207202,0.6892773655859336,1.13652476657699,0.5698276962348432,2.207049537289059,0.3193809222994307,0.6892773655859348,0.894635227092894,0.579010858561867,0.5199904702417703,0.3813753471889666,0.6513602993845127,0.49964755719768716,0.5607782449818282,0.35222975928454536,0.056449565934745365,,0.4236784919231662
1144,golden-sweep-957,run_e96b2600c3df4d0c9463252d879fdab0,0.5983407497406006,0.8178430121250799,2.2047087642896033,1.298180669614656,0.6945827828031303,1.0997547080234216,0.5464454371410338,1.9216385410996206,0.33519898926089686,0.69458278280313,0.7078889064725422,0.5732048603252814,0.4187184442580975,0.3731617341889346,0.5875143864738813,0.4035289157591628,0.5802426028686,0.3124087725625416,0.051113337853166234,,0.4510977434374221
1145,young-sweep-958,run_c09a74d6bf0fcce2357bfbbb27aa4e6f,0.6042118668556213,0.8219017230376517,2.4797768100163315,1.1892229943145929,0.5200020327269032,1.1117107137205255,0.6097766432673898,2.354137180185086,0.33557801642451013,0.5200020327269029,0.8949992087355597,0.5676608048285161,0.5150446848514282,0.40962966510232096,0.7051158139282038,0.5164958094502639,0.5719911755886905,0.34338837416728313,0.04592362794962179,,0.43945122964707756
1146,fallen-sweep-959,run_7d53b62c586d3d7b3cf962504dd4a404,0.43178045749664307,1.5589278876834718,4.04047359825803,1.9017687934301963,0.0,1.752373793321728,1.5589278876834727,4.04047359825803,1.9017687934301963,7.420293332589724e-17,1.752373793321728,1.0,1.0,1.0,1.0,1.0,,,,,
1147,smart-sweep-960,run_94bf4ced3d6069f0501a9009b55dd3a4,0.5555838942527771,0.9087172941927251,2.6724278715296688,1.2935312697409984,0.5623538977538368,1.288637442633328,0.6786215698787486,2.4786336418072956,0.4335439039797852,0.5623538977538375,1.04214274410508,0.4776193780154609,0.47727321549233914,0.41995578329023403,0.5752705280516939,0.4764108323912064,0.5139682804760131,0.25405248933987323,-0.022759068698911065,,0.3082594650177374
1148,restful-sweep-961,run_fc7ef8111a49f8ef707fe8f7a7e6b8a9,0.5263561010360718,0.9476707083599234,2.1327436037016887,1.2386986734049275,0.8380221567232442,1.080511156828612,0.6115890236119974,1.8746053347849767,0.2534807327858509,0.8380221567232454,0.7358363665136884,0.5260364593535487,0.4343949311727439,0.3593236599304026,0.5572463257877869,0.43317715398606477,0.5306661905948434,0.3795816531279402,0.10339058265641426,,0.46426289466238013
1149,resilient-sweep-962,run_3345ddca41242fcf9e41734e17079d6f,0.6588385701179504,0.7154307594128909,2.56273816004355,1.3943777637397352,0.5239556865535117,1.2167906314290238,0.5043777919591578,2.3313826891671203,0.5906127605811754,0.5239556865535114,0.8401012818483944,0.6441591324638409,0.45179506727112956,0.5117180665964307,0.5335537970900531,0.40650620707822716,0.6266379604599096,0.23385320223783995,-0.1403833189082373,,0.3708229646277017
1150,whole-sweep-963,run_608b8856f8f7082ad2aceead11398ca1,0.6042118668556213,0.8330567964262923,2.6570223189983677,1.29593177511055,0.3947250736863503,1.156306377591391,0.6865347798340776,2.465187806205771,0.604131396083387,0.3947250736863519,0.93538534578256,0.5537779379060698,0.4775979340601107,0.4668365099128436,0.69240027743877,0.48511059847127797,0.5493748528514312,0.2691356004927172,-0.024621397168269072,,0.38642173989179984
1151,swift-sweep-964,run_42dbe24385d038bce3b13e4c02488855,0.5164007544517517,1.0783663050414805,2.2240881872618408,1.600442198357549,0.8902632381339568,1.2463443582845386,0.5799872367581366,2.038241698421339,0.3926595072646863,0.8902632381339548,0.8499525241335648,0.6087136862943233,0.6464050389583625,0.34112217859081184,0.6245159752695735,0.5686012337714238,0.4751531777799676,0.3845501219252953,0.055093440304785926,,0.37255646480352095
1152,gallant-sweep-965,run_2a953618babb63f38e99be045ea75e9d,0.5729418992996216,0.8707083599234205,2.187289058247143,1.2733670246367657,0.8194836873666024,1.1758347839848078,0.56929164007658,1.9139085465432781,0.38065698041692964,0.8194836873666026,0.8727172020889387,0.535676902803923,0.4377424484392573,0.3742433674935351,0.5761417515071047,0.42791135627694604,0.5380087999996798,0.302160549296293,0.027468698955740778,,0.38797902193842115
1153,drawn-sweep-966,run_8a625c8be055e7e157aff3fdc5de4d76,0.7623484134674072,0.4759412890874283,2.4818454001088734,1.2476942514213523,0.36400040654538063,1.2730574457983859,0.34682833439693667,2.253864997278171,0.8133543903979784,0.36400040654538224,0.9426728912802658,0.7464582688689037,0.39079639089864965,0.6502806244612584,0.6630485614340045,0.40616686718138,0.7495648312200957,0.1261953407574673,-0.3335681183675899,,0.29293946628246337
1154,glad-sweep-967,run_9fcd7372d59532fdca418f2577256525,0.6019144654273987,0.808423739629866,2.6299673380511703,1.2151484523057487,0.526333977030186,1.1860500079126444,0.6554179961710264,2.4957267283614604,0.4053948199620986,0.5263339770301849,1.0467241652160146,0.5165292599089075,0.4874582233318116,0.42877629856654853,0.6645807858242899,0.5165125038091408,0.5586695042584523,0.28988700571414905,-0.0013309545523301147,,0.37272025327455055
1155,hopeful-sweep-968,run_b94b389fb0738477054457b5dacb6e7e,0.5640076398849487,0.9377153797064456,2.823924877517692,1.2280859128237527,0.42205508689907517,1.2455372685551511,0.7736821952776005,2.739874795862822,0.46472520530637956,0.422055086899076,1.1113229941446434,0.5389891921415295,0.5448574655067054,0.4284650256999649,0.7367011195482884,0.5610484271108805,0.5060209601751361,0.33452403969770705,0.03431034557785553,,0.3649777811999271
1156,graceful-sweep-969,run_a7933ab8b4318e4f4b8b50700bcbce91,0.6227185726165771,0.7667645181876197,2.505416439847579,1.1803284902084652,0.4934749466409188,1.1565674948567812,0.5681684747925982,2.3243603701687543,0.3727479469361986,0.4934749466409211,0.9675660705807881,0.5792975242390337,0.46908384180413293,0.4344753056859177,0.6584203499852115,0.47020643437176657,0.5929586693017582,0.3044347649360339,0.023558427486446366,,0.3802284795473897
1157,desert-sweep-970,run_de0a742c9c8b980e4e2c3bbb07f8f008,0.5849393606185913,0.8425526483726866,2.678415895481765,1.1987744788376502,0.5251448317918487,1.2012660231049215,0.6868410976388001,2.547876973326075,0.3945293746051799,0.5251448317918485,1.041794587751227,0.5094905938301539,0.4930612403913335,0.42305669954985153,0.6628594211471147,0.506876462141207,0.5355442972876844,0.29754156683845484,0.00783032573715426,,0.367179305992902
1158,revived-sweep-971,run_127abd7313d635b0dfbc08d18b25f2b4,0.5660497546195984,0.8824250159540522,2.3031301034295053,1.3824510423247003,0.6866449842463664,1.2292213957904732,0.5562476068921509,2.040963527490475,0.40549589387239454,0.6866449842463669,0.9076515271403699,0.5175309981997319,0.4290144694184952,0.347999553044089,0.6296595361563129,0.4389025168916165,0.5417650963875861,0.2800824803873254,0.0008390836595408143,,0.3573380965993038
1159,likely-sweep-972,run_5c07bb6e4fe04a988332dd83ab6a4856,0.5897893905639648,0.8430887045309509,2.0983941208492114,1.3556917245735947,0.7205711962597826,1.1128976103813895,0.5399361837906825,1.788758845944476,0.3407327858496532,0.7205711962597837,0.740908371577781,0.5776932503759575,0.44215899462541897,0.3514791048111611,0.5931343769619226,0.41237404317063214,0.5696256690467423,0.32232561726699904,0.0469079267402253,,0.4481038187427348
1160,wild-sweep-973,run_3a4d64de3b572872410b97c539497d32,0.5042756795883179,1.0692533503509891,2.1938758845944486,1.4384712571067593,1.0651488972456553,1.238384238012344,0.658940650925334,1.9772182906913458,0.4435249526216044,1.0651488972456538,0.8335100490583954,0.554925255430695,0.5705964537179553,0.27478051272228077,0.5365291138238946,0.49561400741082723,0.47786281731868196,0.35580672978194294,0.050378147837904515,,0.35471859269023615
1161,glowing-sweep-974,run_9cddb96586064dd029cae5eca51d88f2,0.5859604477882385,0.8669559668155712,2.679069134458357,1.1678205938092234,0.48630958430734833,1.1539404969140687,0.6852584556477342,2.57792596624932,0.36281743524952664,0.48630958430734905,1.0014321886374424,0.536095344619209,0.5205489520268608,0.4409022124317594,0.7152325167180514,0.5297540200082043,0.5393248675184471,0.3537641820477424,0.028607182855830544,,0.41432086504346877
1162,bright-sweep-975,run_ebf813adddb73d1433515d782639672f,0.5865985751152039,0.862769623484365,2.8233805117038666,1.2356917245735948,0.4652911881288749,1.2364298148441208,0.6753031269942569,2.6669297768100173,0.43816803537586835,0.4652911881288745,1.0227725905997782,0.5140080719034095,0.5203233275876356,0.4381242218178335,0.6022233470596434,0.4803556016843023,0.5229959146974834,0.21238433321103056,-0.027129424622472604,,0.33218640879139383
1163,lilac-sweep-976,run_736f4a62294fb40e938406f848e8d505,0.6114869117736816,0.7495341416719847,2.4399836690255863,1.238850284270373,0.7353491208456144,1.165263491058712,0.5230631780472237,2.1839139902014164,0.5063929248262791,0.7353491208456135,0.8071055546763728,0.6256425519331901,0.46926406186540986,0.4364599495578329,0.5218845665028536,0.41779500305473116,0.6349660641091058,0.23694181379082,-0.08005305088102968,,0.3886487101115016
1164,lively-sweep-977,run_0b762c1afa5b8b608fa175f11b1c09ce,0.6148053407669067,0.7850159540523294,2.198121937942298,1.384801010739103,0.5803028763085679,1.102081025478715,0.518162093171666,1.9600163309744152,0.34568540745420107,0.5803028763085685,0.7271641082449747,0.6041145445493309,0.42122595171915383,0.4189316157456182,0.6387331476713362,0.4383726453540529,0.6048915588404756,0.31900175873628395,0.037550365607262055,,0.44808211889517613
1165,daily-sweep-978,run_5719c475e4e17a8fe0eeb83a9af3a9d7,0.6190172433853149,0.7945118059987237,2.5159771366358203,1.4020341124447255,0.44499441000101636,1.1369678746637126,0.5896873005743453,2.3409090909090917,0.5049526216045498,0.4449944100010163,0.7943661971830995,0.5793971999940092,0.4829769965945983,0.4788968170354053,0.711363632224401,0.43623810327318624,0.5860496421109987,0.30097603993206057,0.010575176695765685,,0.4274928558031334
1166,lyric-sweep-979,run_85dd30c4b72b265e9ffbed0d445671c0,0.5839183330535889,0.8645820038289727,2.132090364725096,1.2913329121920407,0.7241487956093099,1.053766418737142,0.6029865985960442,1.883859553620034,0.28024005053695544,0.7241487956093091,0.7006092736192426,0.5675935894307089,0.440902452565338,0.35867286019857614,0.6038192474488092,0.438684878343185,0.5493109472839174,0.3508730831699444,0.08487196870064867,,0.4757981934683748
1167,major-sweep-980,run_0baf2baa36dab1b1c656fb2ce7493c6a,0.5864709615707397,0.8463050414805362,2.3446652150244973,1.327163613392293,0.6575160077243623,1.1726143377116633,0.5633184428844921,2.110152422427872,0.36792166771952045,0.6575160077243619,0.8782797911061877,0.549767719364614,0.4261961772022051,0.3689565175749449,0.641641681444502,0.442588991146474,0.5532823365190932,0.28862816903815136,0.028508259792751404,,0.39563480884633045
1168,earnest-sweep-981,run_0c51d878a11675c909b57232afab5c9d,0.5703892707824707,0.8760178685386089,2.3084104518236264,1.2994440934933673,0.6997052545990445,1.2258426966292135,0.5632163369495856,2.0500544365813846,0.39063802905874967,0.6997052545990458,0.893828137363507,0.519536019734061,0.4054300455935354,0.3619828879736935,0.5758848287715175,0.4243171784381161,0.5329873596453459,0.282147522158037,0.020881113348976924,,0.353237245923316
1169,noble-sweep-982,run_80ef7a3227267f4fec500350f0a21a39,0.5363114476203918,0.9900957243139759,2.3771094175285796,1.4004674668351234,0.7076227258867772,1.2014796645038772,0.6111295469049144,2.1763473053892217,0.33305116866708806,0.7076227258867784,0.9338423801234373,0.5831587416332795,0.44724191745355596,0.362696900041503,0.6547197321228732,0.508801223423805,0.5079875623414145,0.3094784493691992,0.04402183624415771,,0.39131940201363385
1170,ethereal-sweep-983,run_8c1122f9f71927b1870fe7476e895dfa,0.5670708417892456,0.8959540523292918,2.6862547632008718,1.251332912192041,0.5217806687671511,1.197467953790157,0.6836758136566686,2.5473326075122493,0.38371446620341093,0.5217806687671512,0.9771799335337871,0.49738171994353214,0.5105120233922854,0.40517000287328797,0.6205738887919057,0.4863619004526413,0.5174867565099847,0.28373384629114473,0.014272992493621739,,0.37473139291956536
1171,misunderstood-sweep-984,run_f7ccb6180fdf8afb56e4db14a81ebd97,0.5803446173667908,0.8751244416081685,2.568835057158411,1.1664813644977892,0.5725581868076024,1.20884633644564,0.6777536694320366,2.4378606423516613,0.3402274162981677,0.5725581868076005,1.0658965026111724,0.5383788653389057,0.49662701698438455,0.43784088369568686,0.7004597889454645,0.5428956495483817,0.5350905303996085,0.34155144704738793,0.044415595405591285,,0.37965865710194674
1172,different-sweep-985,run_1ffaf95bc6ef7fb2c645a4340ca73766,0.5502233505249023,0.9547160178685387,2.2167936853565604,1.4585344283006947,0.7587458075007624,1.1571213799651845,0.49927249521378514,1.998176374523681,0.30596336070751645,0.7587458075007633,0.8174632062035134,0.6076919999756366,0.5228427547025815,0.2900983303004182,0.6574285445925521,0.5012632218654862,0.5430486044703897,0.36157564159895833,0.0753229294428881,,0.41124511333225344
1173,cosmic-sweep-986,run_0160ec46c165c221f750c3773b1a74b3,0.5742182731628418,0.9160433950223358,2.775911812738161,1.2559823120656983,0.41713588779347494,1.2804715936065836,0.760587109125718,2.6957811649428423,0.47321541377132026,0.41713588779347566,1.150672574774489,0.519170726662753,0.5509385355009755,0.4281457714778278,0.7392696269388243,0.5933848261195627,0.5135594533410561,0.33704497482279094,0.03907478621924276,,0.3506727323787257
1174,mild-sweep-987,run_cc073af475c6726efd7e35ad9d126049,0.7523931264877319,0.521735800893427,2.945427327163855,1.3429058749210363,0.2909645289155402,1.3489238803608166,0.4615443522654762,2.807049537289059,0.8744283006948831,0.29096452891554087,1.1856860262699795,0.7067881213539406,0.5359604667542351,0.7111197841841459,0.6284508120968533,0.5143130093423492,0.7172755520634089,0.1781879814565519,-0.4275567713723909,,0.24119075164204226
1175,likely-sweep-988,run_1270565df9c6f6e43f3a64a47294eefd,0.55520099401474,0.9289853222718573,2.3908274360370174,1.3484396715097917,0.4961378188840329,1.09385978794113,0.6596298659859618,2.160778443113774,0.2918635502211005,0.49613781888403413,0.7150340243709455,0.5385691182353668,0.4436565980369594,0.41403649075759025,0.6730334329391267,0.4216680535906127,0.524976674766804,0.2922335446028885,0.07450228682880602,,0.4496956473463742
1176,magic-sweep-989,run_c13dd2a844512d49f1122e59d9d82abd,0.6010210514068604,0.8359668155711553,2.410043549265107,1.2935312697409982,0.529037503811363,1.1613388194334546,0.5739629865985965,2.213091997822538,0.34449778900821265,0.5290375038113637,0.9224719101123598,0.5708002230244807,0.5190602939162208,0.3407084251189222,0.6745553996000915,0.4896897709755108,0.5616682913611795,0.3191064936217116,0.04367878208715267,,0.3976783580884137
1177,laced-sweep-990,run_887eabff4b198caae6a877258526185c,0.5500957369804382,0.928245054243778,2.184131736526947,1.425912823752369,0.7313446488464276,1.1392229783193544,0.4960306317804725,2.0087370713119226,0.27276058117498514,0.7313446488464277,0.809455610064884,0.6109489162576978,0.5237539134174943,0.30945982185614407,0.6340970865053197,0.5057906070639356,0.5612996008118469,0.3652100868996414,0.07971280357117014,,0.4356419709537401
1178,noble-sweep-991,run_66b6a16df5a8f86e5af828dc60922f7c,0.5624760985374451,0.8898276962348437,2.2944746869896577,1.2797852179406193,0.7430023376359386,1.2104921664820383,0.608168474792598,2.012384322264562,0.3882375236891986,0.743002337635938,0.9647570818167429,0.5005267822707634,0.4060631854584509,0.37657855250135686,0.5729561666035897,0.45958934235755783,0.5222957437512152,0.28110474625935167,0.015259936984229876,,0.358358656910833
1179,crisp-sweep-992,run_da93b6d5634c1d15dc4ab234b2bb1698,0.6070197820663452,0.8282578174856413,2.6804844855743073,1.3328237523689201,0.43827624758613687,1.2000553885108405,0.6452839821314603,2.5120577027762674,0.4023120656980429,0.43827624758613487,0.9960515904415264,0.531914802443314,0.5178854795847972,0.4124315997829071,0.7303928707548135,0.4933120957107854,0.5475553238497394,0.25582347161548574,-0.0005512456068223293,,0.3768738172425993
1180,deep-sweep-993,run_4a9c5ea54bbf679958e1fabb743ca773,0.5606892108917236,0.8440331844288449,2.4945835601524236,1.1596841440303223,0.5074296168309788,1.123650894128818,0.6663688576898532,2.3637180185084388,0.35617182564750577,0.5074296168309771,0.9462968824181035,0.5662261001942461,0.5150929597024304,0.47347284742840723,0.6370685015419512,0.5000000002519865,0.5579298812743556,0.3246179971431633,0.033145371187749004,,0.4144789650559949
1181,robust-sweep-994,run_47b9fd5c20d41371a97244616285630c,0.5469049215316772,0.9582641991065731,2.433832335329342,1.365698041692988,0.617135887793475,1.1979585377433137,0.651946394384173,2.2869624387588465,0.33252053063802806,0.6171358877934731,0.9341667985440735,0.5327888656024463,0.5539429330444632,0.349543626089455,0.6657485449273296,0.5152566340257616,0.5064492595556267,0.3636134487691673,0.0457921991676533,,0.38858875187491815
1182,happy-sweep-995,run_8fc46897a60887431a20055f695ba265,0.49368220567703247,1.0258328015315892,2.2324169842133923,1.2304358812381555,0.9494257546498628,1.1912723532204461,0.6422208040842383,1.9615405552531315,0.3217308907138336,0.9494257546498623,0.8347760721633168,0.4694091348048962,0.42998617547623114,0.4028622737285701,0.5666405005031017,0.4191733448645887,0.4754205435674598,0.31370587595727684,0.059068023527323925,,0.3814705525052814
1183,electric-sweep-996,run_18f2e265dbeeecd9697eec4741790616,0.43178045749664307,1.5589278876834718,4.04047359825803,1.9017687934301963,0.0,1.752373793321728,1.5589278876834727,4.04047359825803,1.9017687934301963,7.420293332589724e-17,1.752373793321728,1.0,1.0,1.0,1.0,1.0,,,,,
1184,unique-sweep-997,run_19e3d195e80963823a90ae730b6cb530,0.5809827446937561,0.8741544352265476,2.5863091997822547,1.2128995578016428,0.5326455940644376,1.184649469852825,0.6520740268028071,2.474823081110506,0.3317877447883769,0.5326455940644376,1.0298306694097172,0.5423883391512111,0.5273530663051827,0.40401510072470703,0.7057815915795344,0.5337701415872317,0.5450404801117267,0.35439622909741053,0.05045208258661345,,0.40094499734575567
1185,fancy-sweep-998,run_14eb7af7520046de315fcb25c6e64b0f,0.6016592383384705,0.8258072750478622,2.763609145345674,1.2255590650663302,0.40711454416099196,1.1661813578097802,0.709508615188258,2.672373434948287,0.4904485154769433,0.40711454416099163,1.0360341826238324,0.5258642456089992,0.5310228388454302,0.4506206302078345,0.7048198964188509,0.5368536704820173,0.5551435478552194,0.30536826665067635,0.007685265766686942,,0.39764101473802815
1186,feasible-sweep-999,run_d7384ced115a7d7179cf9881be0aa67b,0.6783663034439087,0.6631525207402681,2.7227272727272736,1.212267845862287,0.5323610122979977,1.2658332014559268,0.5226547543075939,2.5136908002177476,0.6178521794061911,0.5323610122979996,1.014828295616395,0.6382719602896825,0.4886228609680652,0.561630112058232,0.5524123254837815,0.4589650117344241,0.6364677271327721,0.1818612138763894,-0.17361856160827308,,0.30505475596376996
1187,hearty-sweep-1000,run_286af60a3104ed7d22408ce752af105c,0.628462016582489,0.7667645181876197,2.709716929776811,1.2924699936828807,0.4346376664295152,1.3231286595980378,0.5456541161455016,2.5288786064235174,0.5851547694251423,0.4346376664295137,1.049920873555942,0.5775778194624368,0.47358092173156924,0.4973782843278102,0.5472239501958533,0.4478126141542926,0.5847106237188605,0.2248690931202288,-0.130626166189566,,0.27759334953521136
