,name,model_unique_name,acc_OTI,distance_P14,distance_OT3,synthetic_EC50_P14,synthetic_EC50_OT3,composite_score_distance,composite_score_syntheticEC50
0,amber-sweep-1,run_e60fd6f022d84c6cf9962606129d16c1,0.32205899556477857,0.9271098086786038,0.3457288008390757,,,1.1994436237574235,
1,laced-sweep-2,run_0b16d1a43bb6b76f0e0c28b29c27bf2b,,0.8991159255660386,0.48504593062946033,0.7377789874795869,0.4647030953885033,,
2,stellar-sweep-3,run_11f6039c62cc56d6428c14315941a4ed,,0.71727341449796,0.6375946693890795,0.5784249682453272,0.8719361970941266,,
3,chocolate-sweep-4,run_c050d64aafd79b1eff334698dbb6f9fb,0.5526483058929442,0.4921773882830416,,0.4847940482671029,0.19041377132027962,,0.6865902793981798
4,zany-sweep-5,run_4f146e84fcfac2961475c91343748dbe,0.34162958463033033,0.5213219768790638,0.04328961265310052,0.4882416984213404,0.27942198357548886,0.840893690055278,0.8659724041888675
5,crimson-sweep-6,run_cca096b6565b7a04bae03d8879a10ca9,0.5313762029012044,0.17272298807515307,0.4413616426132878,0.1408274360370171,0.10873341756159262,0.6665145110102272,0.5012619934152968
6,olive-sweep-7,run_d8be429c4131de1a2ee3f80e5d3a7f3d,,0.705948399641902,0.4191428413656894,0.6181273816004372,0.36757738471257184,,
7,legendary-sweep-8,run_ebae88ebca00f61c789f5616705f04c0,0.5645608901977538,0.9211520315893207,0.4380679608470801,0.771711123208131,0.30393240682248845,1.1090679969989325,0.9367604730908741
8,crisp-sweep-9,run_42f8958827aa9b85d096c49cee0f19e6,0.3935333093007405,0.3745357570340784,0.08774372424877588,0.3558519324986393,0.1698515476942511,0.7181767480013863,0.7233823284023877
9,frosty-sweep-10,run_875d89658f52b4b7ce59da9d103de04c,0.3467349211374918,0.6358421972009456,0.7133158950621009,0.5491743785156965,0.1536797220467461,1.1575275932567703,0.8671592807827785
10,wild-sweep-11,run_c7ad5f68881890dab0c4d9b8b42ba23f,0.5586043993631998,0.7410438877714589,0.007040739113649181,0.699020141535111,0.15560644346178257,0.862569238885915,0.8412327857258733
11,deft-sweep-12,run_4b20bdce25688642e1d7fbc135b4794e,0.6700702508290608,0.6425820421645536,0.24385361967705685,0.5551261114135378,0.23346493998736748,0.7623843572175191,0.6866764282865836
12,lyric-sweep-13,run_45acb30a6c93c60fe9f9334f6ddd51f5,,0.8575625319274622,0.7941031341887712,0.7499364906550552,0.2938250157927992,,
13,fluent-sweep-14,run_7db5900b56456b32274bbacef32ae1e8,0.5968944231669108,0.20185948711132617,0.3968796876759646,0.14931954273271675,0.1058591282375241,0.6006287081888081,0.44271501775640476
14,frosty-sweep-15,run_66ab9d9966a5ebe2779e6efd5a4e5394,0.27270793914794916,0.4742606283565638,0.9888167114995863,0.424405733986573,0.14480416929879994,1.315916172986882,0.8544250793752606
15,crisp-sweep-16,run_88f853839785a2b7f3e8ee12db7aab01,0.5926398436228434,0.6233292821295717,0.3740188592728828,0.5822355289421154,0.1799589387239412,0.8332897443600139,0.7330250526365204
16,fine-sweep-17,run_44d2242235c0a8213636800da03c224f,,,,,,,
17,silvery-sweep-18,run_8e44eff42072ed93b79bb89f3857cd67,0.6028505166371663,0.3008405673268766,0.5624249824414916,0.24393032117583088,0.15506948831333023,0.7513684981147631,0.491198798787281
18,scarlet-sweep-19,run_fe1dfe97e722605c49b68b166a379d97,,0.5818438612928492,0.6264071584519691,0.45347486844492924,0.6874447252053075,,
19,fanciful-sweep-20,run_4a77155bc8d0ad4375e322ef58ca562c,,0.1820630673776682,,0.08033024859372191,0.27588439671509885,,
20,swept-sweep-21,run_9bc9096eb268fbb326ad9768d30c23a8,0.9074664115905761,0.789329952405974,0.4749327819862414,0.6510070767555804,0.27057801642451035,0.9258322667494002,0.711045105420179
21,jolly-sweep-22,run_4d0ea673376750259549676f765bf1b7,,,,,,,
22,glorious-sweep-23,run_056ad3d4e3a2364368636488879fe88d,0.6649649143218993,0.4729889209057099,0.3613662076918104,0.4109780439121768,0.20093177511054972,0.6830465313552516,0.5670317799403204
23,prime-sweep-24,run_072a5733c13b3a3be71316485b1db3fa,0.6232714653015136,0.6362245391827863,0.36548560043686484,0.5301215750317553,0.2551958307012001,0.8247943848263718,0.6986259264996493
24,winter-sweep-25,run_ba1328680ac1e610c32f3d7a2ff7bf4c,0.07955749829610187,0.5969414873030776,0.931576783984016,0.45507167483215455,0.11653506001263421,1.4392320322535013,1.0333852371645442
25,sweepy-sweep-26,run_ea65777b8490d807e552f6553d694663,0.20548820495605466,0.2429045373338452,0.8573780501261081,0.1667392487751774,0.053932406822488725,1.1938796955972444,0.8136090425085805
26,jumping-sweep-27,run_8d26ba4228150233ba90e77134aedf98,0.5160605907440184,0.4614972859573663,0.7363450384786103,0.34376701143168226,0.1804958938723946,0.9946763858004821,0.6204449030208029
27,upbeat-sweep-28,run_28d0983c8fac69c8e1a17e49bd7343aa,0.37396311759948725,0.8207568337017617,0.2130664508404208,0.759009254218836,0.20443777637397206,1.054021475429997,1.0048940394510861
28,fast-sweep-29,run_9ce4dc2704079a502fbf63f30b31a22d,0.6641141573588052,0.3940428011916026,0.553534389169985,0.29092723643621926,0.19758370183196539,0.7579507559541707,0.48630985535646337
29,glowing-sweep-30,run_52e4f3356b881561cb0a99153c29c553,0.639438231786092,0.29735480522557145,0.4366530754208208,0.26465251315550714,0.1471730890713841,0.6396018895865916,0.4708563045812165
30,fragrant-sweep-31,run_47306595b1e6fee071ae5e2a7b9bed0e,0.8062116305033364,0.38251016905883617,0.6534224308446323,0.32406096897114933,0.14439355653821823,0.7815553945284384,0.40425108896878836
31,sweet-sweep-32,run_b338167c84eaa6501384ce06e541aaec,0.8742821216583251,0.7938899777791706,0.34626618370467244,0.6917982217383422,0.28757106759317735,0.8751951506551794,0.7596623483178196
32,spring-sweep-33,run_2d095052e0994a9ffe749128a650b206,0.5594555536905924,0.8342823073933241,0.09125631996689623,0.7544365813826893,0.18517056222362735,0.9478576335808516,0.8930521270433636
33,restful-sweep-34,run_cf162d2676b28d71f49473e34366180d,0.5866837501525878,0.807064414667932,0.3859389748219932,0.6767374342224644,0.24619393556538283,0.9854603919477796,0.8303103824324399
34,worldly-sweep-35,run_9a5abadf9e96beb5eb9143e82e7f3a9e,0.6904911994934081,0.4350400824834826,0.5250333353814277,0.3425694066412636,0.1568382817435255,0.7488094378545261,0.48759382951165225
35,super-sweep-36,run_f578a732da841e8ae7c7c6c84b422aed,0.46585837999979646,0.8232074309858599,0.19593775938175384,0.7289965523498472,0.20181617182564732,1.0006844408695097,0.9259983859406908
36,smart-sweep-37,run_744746f53d90a8a72ad30b95e981739c,0.5900871753692626,0.5854735867739351,0.3583952861191382,0.5018508437670125,0.30696462413139614,0.7995342555007291,0.7170146955638645
37,curious-sweep-38,run_625121b3fc3cf22e720966ea9321c2ed,,,,,,,
38,vivid-sweep-39,run_f021d872e2b1b36039f6498999759da7,,,,,,,
39,gallant-sweep-40,run_55d62acd3133c8fa4f05b5acb2b63851,0.8921507994333902,0.8104084369946944,0.4112321867710237,0.6798947559426614,0.19625710675931995,0.9151530998972349,0.7158248257602743
40,denim-sweep-41,run_3a32a2254122011b780a8f5d9b59ad6f,0.18081267674763996,0.5816262670076227,0.5777999529396134,0.47717292687352586,0.192814276689829,1.1589692708038504,0.9674395164628309
41,lunar-sweep-42,run_654aa784c3bedbc5ce5ccee13f599eda,0.7755796114603677,0.5113779961545224,0.6042921970576142,0.4170023589185267,0.3335281111813002,0.8228250270671236,0.5792205789542193
42,misty-sweep-43,run_0fc0d36497ddaaec16b6da0a51641f6a,0.8589661121368407,0.6685859378326349,0.5330282522319411,0.5514607149337687,0.3669456727732157,0.8666122728595412,0.6772360034788829
43,fiery-sweep-44,run_1f40783386bd8cbed6803eac9e88eb02,,0.7135341268401709,0.5194471341942781,0.5787878787878796,0.5530480101073904,,
44,solar-sweep-45,run_2906f92f4bfabc012f13ee6647c784ed,,,,,0.713439671509792,,
45,zesty-sweep-46,run_6bf82a0714bc3628199afd8f3f6cece2,,,,,,,
46,azure-sweep-47,run_4cb1701b21c3e47418644d2e15b9955a,0.49989382425944,0.7869372485206898,0.07132846516110532,0.7338958446742886,0.18975047378395588,0.9351278896842938,0.9081379521555473
47,sweet-sweep-48,run_99827edb0edc2793a71376e1fa795d85,0.4003401597340901,0.49177724489479013,0.7281320501754021,0.37838867719107255,0.18678142766898276,1.0637730327079555,0.7332511280429166
48,summer-sweep-49,run_0d1f9a0c6c3863c7c029706822815f87,0.6411401430765786,0.3728992074426438,,0.3019234258755219,0.09455148452305759,,0.47841209770345927
49,stoic-sweep-50,run_5b0ea95e041ac389391091c6b88fa8a8,0.5960432688395182,0.392368162037283,0.3899186724846592,0.3089638904010165,0.13235944409349323,0.6849601348856561,0.5255080862007089
50,pious-sweep-51,run_ce6ed88217cdf5b2291d0d33c94d91a2,0.46926180521647126,0.8787392141726187,0.16179511569410848,0.8021956087824353,0.3033006948831333,1.0392513157986667,1.0085594368546122
51,absurd-sweep-52,run_3b04a50e69b760109ce5a4a99cfec242,,,,,,,
52,light-sweep-53,run_7f7bdec4add490ca0bcad4bf87f2386c,0.5534990628560383,0.4081589005911832,0.6770874755095101,0.336291054255127,0.14875236891977325,0.9079670833758682,0.578430659026391
53,mild-sweep-54,run_82f12195f19b9d127837ed07c45ad32f,0.918527841567993,0.6309834810250665,0.4183001092872558,0.4733986572309927,0.42834807327858554,0.7614150296361444,0.6436039722913102
54,quiet-sweep-55,run_8fbf654b13b7293e92d37f28fb96377a,0.6207191944122313,0.6755040183859724,0.42845643175540327,0.5369080021774643,0.31388186986733996,0.8852878188789652,0.7284545013389103
55,splendid-sweep-56,run_a9f9d1b372171f603b4096da73325a8a,0.460753043492635,0.5728642336547978,0.7192475594636034,0.49397568499364947,0.15971257106759332,1.0659633024160375,0.7485368146086219
56,deft-sweep-57,run_97eed736a0a68865a02d58fb727428a7,0.6836843490600585,0.9838608926295547,0.33009158805854677,0.8028851388132834,0.4235786481364494,1.084895526574977,0.9613006856930282
57,glad-sweep-58,run_5e197610517e3abd3a99fddc5e602e00,,,0.8909123831644156,,,,
58,sleek-sweep-59,run_a4510b8ff412c3f5422689bd34d862d0,0.689640442530314,0.16322943462551676,0.5373545703001599,0.13632734530938265,0.09714150347441712,0.6416516480641304,0.3526253985310094
59,magic-sweep-60,run_66aa2d4c7bb7b481255dbb9ca1a0b184,,0.84800941778995,0.7099638701157358,0.667700961712938,0.7927511054958947,,
60,prime-sweep-61,run_2486cc184b07e44e91619df430ea336f,0.34162958463033033,0.5898694978891101,0.23928913081819506,0.5086009798584653,0.2295483259633621,0.9157821337532795,0.8630289650409216
61,golden-sweep-62,run_ca24218f06904cae5f09622064b712db,0.5092533429463704,0.5140207386750903,0.4887528684821836,0.4480312103066601,0.1491945672773215,0.862513169549869,0.6810457148556407
62,trim-sweep-63,run_75c5872a96eed77ec5d0218ff8f96d31,,0.7313521723921643,0.5432534314751695,0.5467428778806026,0.48817119393556585,,
63,misty-sweep-64,run_58d79ff33a4ee9bd6bcb63e4e96602d2,0.27611136436462397,0.3728019075811786,0.7955455192365845,0.2988023952095813,0.19783638660770644,1.1383710696761484,0.8077356399534583
64,lively-sweep-65,run_33f7c24c9fd83102d9d6bfb7b7445dc3,,,,,,,
65,radiant-sweep-66,run_36d781e09dd22102be00524466fca135,0.5611570676167805,0.798402486445835,0.1371667239938438,0.7414443839593545,0.16103916614024236,0.921327498686975,0.8765024283130733
66,absurd-sweep-67,run_e9ebd2152c4ea2c3cdb511eea675443f,0.19102334976196286,0.6224381145631321,0.5631672678579787,0.562819814915624,0.3207359444093487,1.1657743343708862,1.0363787486861016
67,solar-sweep-68,run_4b4f00713c470e00fb2bb2050cb4e569,0.634333292643229,0.4284821705019288,0.3923824610232558,0.36982398838686265,0.14969993682880697,0.6864933408459643,0.5411949688809546
68,dashing-sweep-69,run_ed575dd8df97499029160784394d382a,0.5509467919667561,0.2743228078545088,0.7024726759272747,0.2151878062057707,0.1285060012634232,0.8777070393807694,0.5142648811121706
69,ethereal-sweep-70,run_5303e0096d5d6ebade7cb0dfb26495e0,,,,,,,
70,elated-sweep-71,run_166ec90b35da4a2c4d286585c74ab95a,,0.7577152984907078,0.7410732420288408,0.5991108691707501,0.8441408717624754,,
71,vague-sweep-72,run_8403a4ea33180d4737add1cf5f7c3043,,0.9185495146739329,0.7317844124940786,0.7308836871711136,0.5524794693619698,,
72,usual-sweep-73,run_1bec2484add6daac6591dbd2579f72a4,0.1680493354797363,0.2957545506395678,0.5773740844374334,0.22161132280892795,0.10159507264687284,1.054975590144002,0.8669342797346028
73,clean-sweep-74,run_e535acbeba13563954ca9dfcee478bac,0.3858753045399983,0.05022992242782243,0.7878619048482423,0.03645436399927441,,1.0001992640429433,
74,sparkling-sweep-75,run_2a79304d340c52c0040357564455830e,0.4394809405008951,0.33940920973641786,0.7062328936907413,0.2926329159862096,0.12803221730890857,0.9634028896813932,0.645141758258903
75,legendary-sweep-76,run_8862d73a32e1b87d50b4db46c04927b4,0.5586043993631998,0.6904817132798491,0.40102879602088354,0.5795499909272367,0.3231364497789008,0.9123700827369103,0.7969475725673514
76,avid-sweep-77,run_661b1b7774b1255791cdfac77a7cf520,0.6139119466145833,0.7028253700553302,0.5349953388839627,0.5769370350208686,0.2945198989260892,0.9639748432339499,0.7540970084870017
77,fearless-sweep-78,run_3f1e5a466b4a26863953da7dee936f96,0.7500533262888589,0.7776416224050129,0.39311078659331955,0.6772818000362921,0.43251737207833185,0.9064965102701624,0.8415790239242004
78,northern-sweep-79,run_0e556845137cd6f6376511fa213cbcd4,,0.816209986124333,0.537421443707496,0.6960805661404473,0.5757264687302581,,
79,driven-sweep-80,run_05ffe4019714a13faf19c345288d4ffa,0.43863018353780103,0.2349146552198338,0.48250617774300353,0.17098530212302698,0.09085596967782675,0.7766164932783872,0.5938239230639027
80,stellar-sweep-81,run_df53c7efc9fbc6982bb1cd12669edd70,,0.49231422923625523,0.6407900669503843,0.38615496280166955,0.6308117498420729,,
81,treasured-sweep-82,run_a071eaf7884ff4cf13224324331cae9b,0.6522015730539956,0.5578997988519041,0.38723871816754846,0.46995100707675636,0.23782375236891862,0.76300049553926,0.6311717928024076
82,distinctive-sweep-83,run_6148cc7a5e9d9635da8c7213ea9552c0,0.9457560380299884,0.6528316091138251,0.3539833969170702,0.5759934676102345,0.1952779532533161,0.7446044336164661,0.6106098272765275
83,deft-sweep-84,run_2d249feb9fa330b879c3202ec693ea26,0.6113592783610026,0.7684877987329828,0.23462274361628396,0.6691526038831433,0.25168982943777646,0.892559767824866,0.8137288172616776
84,leafy-sweep-85,run_7e4066ed1a0f3bed8ed57e1d679a98d6,0.678579012552897,0.979017511731171,0.28211648406197015,0.8206677553982947,0.2301484523057487,1.068352212534449,0.9109200437034403
85,pretty-sweep-86,run_9c73836fe78dc3c6e285e63ea35b387e,0.9585193792978921,0.5854915180693512,0.6286220441231534,0.4688622754491026,0.36893556538218547,0.8600503671195991,0.5980517758831715
86,polished-sweep-87,run_b2c313b7caa95652d47bb7e762f8e02c,0.20719011624654132,0.19471059492692078,0.6546137822071495,0.133278896751951,0.05955464308275475,1.046412409812459,0.8061374148427204
87,dainty-sweep-88,run_181be64aa437d79ccfb5b10a722b9d56,0.6530527273813882,0.5986712592422991,0.31148456526426094,0.5161858101977869,0.309775742261528,0.7588163948005598,0.6948245901813778
88,pleasant-sweep-89,run_7410178237b0f242c57ed28507b506f3,0.6547542413075764,0.23469681542292387,0.34154636916959336,0.18169116312828937,0.19177195198989222,0.5393803401661033,0.4347215134129335
89,driven-sweep-90,run_65d60bfabcd55624bc0d8f7752a7e624,0.6292279561360676,0.9334515566555743,0.23214678911460299,0.812865178733443,0.3217466835123195,1.030871402663772,0.9496013035266783
90,dauntless-sweep-91,run_37fa79a9793b2b0cdfa523df91fae1f8,,,,,,,
91,skilled-sweep-92,run_d6a5a6ee1a24b429f9c793d6ec0fae6b,0.46756029129028315,0.7381778108232462,0.2927790144021188,0.666938849573581,0.1924036639292495,0.9560952228083583,0.87482492098409
92,stellar-sweep-93,run_cadecc4ec58bbec2286b2e96f04b49d5,0.7075091203053792,0.35572591364484696,0.5076108380943396,0.28330611504264275,0.15367972204674707,0.6853908398088145,0.4352364029966401
93,eternal-sweep-94,run_14b2e6801b195443f72daf8f1fa35f28,0.42416493097941077,0.785594302028322,0.2264258893971238,0.713064779531846,0.19951042324700108,1.0000065587197875,0.9380041660392263
94,fresh-sweep-95,run_0553858b6ac9bbea9dcb5f8e935c0bf8,,0.6218093383671484,0.5251281956014674,0.4804028307022324,0.6378869235628573,,
95,northern-sweep-96,run_dcad49d11a9ad0232db2a053e543af1d,0.795149803161621,0.6087186837283083,0.1565969840978587,0.5389040101614961,0.28216993051168676,0.6610784026824593,0.6418730442991314
96,stilted-sweep-97,run_b48f47c23b6c995497e565b777c97bcb,,,,,,,
97,toasty-sweep-98,run_c26f28a4e949de6548b8c02ec1ab89e8,0.47862172126770014,0.9051010893185909,0.18970780751159727,0.7954817637452374,0.23697094125079024,1.061617795466152,0.9801947627805276
98,clean-sweep-99,run_641b1c4786a4417e72c3cc953b2cb876,0.8002551396687825,0.607248243460857,0.49065279895857433,0.5117583015786614,0.293730259001894,0.805846516118868,0.6229542788333133
99,dry-sweep-100,run_db83cdf3f9c1e229c5bd6d3cbee762c8,0.49308657646179194,0.6448026165813521,0.4033101012069432,0.5997278170930865,0.13513897662665744,0.9139970848142458,0.7968043778507781
100,autumn-sweep-101,run_0499c71789841ee2bd9c4a382c21ad7f,0.46756029129028315,0.5928094937144772,0.29205822137753945,0.5259481037924152,0.35529058749210346,0.8486537243912353,0.828459324803704
101,crimson-sweep-102,run_4ac7e6fb78f4061c7aba389ed0dfcc2b,,0.6201440829179536,0.6078982028237763,0.5079477408818734,0.7056064434617826,,
102,zesty-sweep-103,run_2f7ebc46c04962564a70787e84f2bc54,0.3646032015482584,0.5471233357824858,0.4858245780067008,0.49535474505534466,0.13908717624763062,0.9690709760568968,0.8175883178764898
103,sweet-sweep-104,run_6ddfe849679412cecb5f29ef364e651b,0.5424376328786213,0.192617255069909,0.6047701187658168,0.13346035202322706,0.11347125710676073,0.7824395333240811,0.4899497030892779
104,fancy-sweep-105,run_e53e510bc17972406d053f6915f159fe,0.11614561080932616,0.7100090307502183,,0.5992923244420254,0.15045799115603323,,1.0784189717032309
105,dulcet-sweep-106,run_1a994117ff42909488b8e6230bf82b5c,,0.7068937146353278,0.5297268238162218,0.5660497187443309,0.663029058749209,,
106,logical-sweep-107,run_53501badc3d50f4d7de3d483837e7a99,,0.5971496907245646,0.6601258556041292,0.48508437670114485,0.857154137713203,,
107,colorful-sweep-108,run_d2390348850a58a252d34ccc9cdb456c,0.37396311759948725,0.9953590195860995,0.2923726244525452,0.8412810742152071,0.33769740998104925,1.2116697188287011,1.10168759848986
108,trim-sweep-109,run_700393efaf0c49739d8f5227fcab45e2,0.6768771012624104,0.8319387715160684,0.27269213439134943,0.727399745962621,0.32370499052432017,0.933215691787894,0.859246017741961
109,laced-sweep-110,run_4e472a61dff57d48a552089f19ec0a7c,0.5407361189524332,0.2942040753502515,0.43403440979916286,0.22767192886953355,0.14553063802905997,0.6970403283005063,0.5328573788878154
110,blooming-sweep-111,run_d6c57689bd21f76c3bd50a6795ad0191,0.5603063106536864,0.7962841090157204,0.4363150432484334,0.63656323716204,0.3509949463044851,1.0088457462302225,0.8495532635970957
111,dandy-sweep-112,run_35d636f01883402d79e294d91e66eb99,0.6147627035776774,0.8486601111745995,0.35092985310138336,0.7176011613137371,0.20150031585597,0.9958832866613551,0.8390241823473625
112,still-sweep-113,run_f86f916b4e2d8dfb3af0c460255c9b47,,,,,,,
113,divine-sweep-114,run_0f7ac556f0b968062bd019d34a0e8fa0,0.4752178986867268,0.9373409070208201,0.38311119956536904,0.8050263110143359,0.2790113708149086,1.1405167342331302,1.0006552654776464
114,distinctive-sweep-115,run_bc69a1fe03d25d88657972504b1fac21,0.43182293574015296,0.6943164350944091,0.3372322813162635,0.6367809834875707,0.1734207201516117,0.9584498421695935,0.8708558683618316
115,grateful-sweep-116,run_282627d764ab5301cb3e652464ca0b59,0.8104658126831054,0.6876191380931118,,0.6518417710034479,0.1828648136449791,,0.7030365869968647
116,genial-sweep-117,run_1b70e8c9f3f136ac682d5bac5a8af19c,,0.5452223006742045,0.5302588667859974,0.4531119579023783,0.3928142766898305,,
117,lunar-sweep-118,run_5fedfeaf63db00c5978cd739cee96c43,0.3144013881683349,0.7590538046505664,0.42139556865661654,0.6578297949555436,0.5612602653190156,1.1062469707002318,1.1035391162540322
118,serene-sweep-119,run_03b8eaf34a8a238fe086df41fe60660d,0.9636247158050536,0.5829114753948774,0.48295266235097567,0.44766829976410794,0.5364971572962729,0.7578602928767224,0.6996851203941185
119,lively-sweep-120,run_72fdb6c55ae8d7998903b1281945cc74,0.8479046821594237,0.874348499602561,0.1892751217039179,0.761150426419888,0.226389766266583,0.9074377974066918,0.8085389808898772
120,chocolate-sweep-121,run_0d2385939927118213c4c8782cf2ffeb,0.19868095715840656,0.341935976005471,0.8462552034429914,0.29248775176918995,0.2541535060012627,1.2145700018779158,0.8900872417736908
121,azure-sweep-122,run_1dd4a5e7de175a764bd75606d5406669,0.4071474075317382,0.9111836758815635,,0.8609508256214845,0.38387555274794777,,1.1135847343297218
122,eager-sweep-123,run_fcdbd0413de8c3b936eba7dc7dddc8b8,,0.5855870088918271,0.6752206190198761,0.43707131192161136,0.789845230574859,,
123,earthy-sweep-124,run_aa5299189f752fd87ccedb57d52af49f,0.48968315124511713,0.7142277147318068,0.3932364843743507,0.6299945563418626,0.2007106759317765,0.9618624887463031,0.8352252406246382
124,rosy-sweep-125,run_88fd6c5a52155f04ce24360a449629c9,,0.8134920683371702,0.7525162018637568,0.6608056614044641,0.7983101705622248,,
125,faithful-sweep-126,run_5980ca5557545d555eace5f2333ef298,0.7321846485137938,0.7251560731238031,0.2851347248598301,0.626111413536564,0.31192356285533895,0.823940655751921,0.7490239473586963
126,comfy-sweep-127,run_088b864695afbab129429626806c3529,0.5186132589975992,0.8437846740472348,0.06519705557993748,0.7748684449283255,0.24534112444725212,0.9736305390784558,0.944640973441019
127,fancy-sweep-128,run_25ac29bd0e219224394f9f8c11b15e23,,0.5885618197766642,0.9479310327031426,0.547468698965706,0.18870814908401873,,
128,gallant-sweep-129,run_6b30381d2ad96b58b455b9fd9e505dbc,0.5160605907440184,0.23532643257195796,0.2375724565697501,0.2330067138450378,0.09275110549589384,0.5882317177938117,0.5450616920116494
129,olive-sweep-130,run_298f3fce0fcd0541fbb7fa08d8e2e007,0.32035748163859046,0.7400068239987685,,0.68824169842134,0.3606285533796594,,1.0323001219234818
130,skilled-sweep-131,run_ef62674ab50befe50a790506a3f6c008,0.7747288544972737,0.8810791433898841,0.40371341742378547,0.7455815641444387,0.28510739102969174,0.995003552416148,0.8294125524779183
131,snowy-sweep-132,run_06f42425619db8d6553a5c513dc4ca7d,0.6207191944122313,0.7730529712287053,0.5198639673407123,0.6602250045363824,0.2455938092229961,1.0058446054694838,0.800042064663499
132,jolly-sweep-133,run_c43c641242be5ea156bb7c4e5b20a9c7,0.4471389452616373,0.39911677897697073,0.9319926767863653,0.2918708038468522,0.14164560960202063,1.1547986398895616,0.6410205852421205
133,fast-sweep-134,run_85da24bf173ff64b990981fef29b9657,0.6045520305633544,0.9034694632539608,0.44638593104809215,0.7528397749954641,0.24853126974099762,1.082541716056078,0.8859540706977195
134,icy-sweep-135,run_6bca03331c1ddbc056bef4f0beeb4306,0.41735808054606116,0.5751546036432047,0.3062332659244204,0.5100889130829254,0.3129343019583077,0.874101388601848,0.8352186437677404
135,resilient-sweep-136,run_66ef2e0ed7b0970e99c618dfbc6dbfa2,0.5543502171834309,0.7174152700053562,0.5814730397755026,0.6344220649609887,0.18659191408717635,1.0253776350921042,0.797440673552921
136,vocal-sweep-137,run_027a3ada69519779a76b808b6c8f5143,0.8989576498667398,0.822194441960785,0.2772826454669563,0.6910361095989851,0.18207517372078222,0.8735553344744754,0.7217283631502963
137,clean-sweep-138,run_caf3a8f7709d8c9bfd36df7191713514,0.32205899556477857,0.6663668014022988,0.27418214528584833,0.5696062420613334,0.287192040429566,0.9893556328739013,0.9308783726008295
138,jolly-sweep-139,run_9d1d8003c8ff2944c0f1e7b2a91930be,0.7423953215281167,0.7329756053448611,0.4560783941581214,0.6132280892759944,0.423515476942514,0.9009000555106647,0.7885266127769781
139,rosy-sweep-140,run_e7c2f2a948f6b162cab155e8dd7e171f,0.18847068150838214,0.2679960576054574,0.6568348550630256,0.18677191072400653,0.09423562855338075,1.0778839216210636,0.8380596250242681
140,polished-sweep-141,run_618cb8a55f614d8d1598bf96e72fd732,0.43777902921040845,0.7769825221305897,0.4033954310597298,0.6507530393757947,0.27051484523057623,1.040443238957257,0.901526605121861
141,still-sweep-142,run_7bba2d262c755a217b23a458723a2e06,0.24122516314188636,0.3070612912316162,0.7699436229206656,0.278842315369262,0.2798325963360708,1.1237611276859885,0.8554522615913376
142,grateful-sweep-143,run_07016aeab316d1dc05d54b4bb2f58ff4,0.4131035010019938,0.780682223463975,0.26933997544018,0.690709490110688,0.18223310170562335,1.0131417753399024,0.9245193365324142
143,olive-sweep-144,run_f4e2014d84f630097f0a6de86d107beb,,0.8265778929919949,0.5929634833467637,0.6356559608056624,0.5445198989260899,,
144,robust-sweep-145,run_e8b1fea66e64b1cd052f193f7a252ff6,0.6990003585815429,0.17372071074578255,0.6735306315690384,0.13665396479767797,0.12073594440935108,0.7579071058763385,0.35192649587858926
145,floral-sweep-146,run_4957d38d5f5a6af220382ab4dbfec87d,0.7355880737304686,0.39512108516239985,0.3449640279096177,0.33360551624024765,0.15178458622867985,0.5873963902213769,0.45193458358051974
146,leafy-sweep-147,run_9d6b2e1fd65c04d75a42ebe2e1017811,0.6147627035776774,0.7213766024233115,0.3027783753936582,0.6328252585737625,0.2560170562223635,0.8720474308686448,0.7838496766092938
147,frosty-sweep-148,run_8f3d0cc2863d9aff75008bc3af0acd03,0.4573496182759602,0.2636095870043773,0.9684395074631338,0.19878424968245398,0.14091914087176158,1.1409796364358575,0.5948468869979044
148,crisp-sweep-149,run_4c38848d82f963945a251db368e09a3c,0.677728255589803,0.23930126988838651,0.5751961211823848,0.18187261839956484,0.1668193303853451,0.7014091194436001,0.40591306404071303
149,deep-sweep-150,run_04c9033678146a3cf072bb95db576ac8,0.4794724782307942,0.37423926443478717,0.7576688186005075,0.31549628016693915,0.1328332280480101,0.9925048950223723,0.6230019824944552
150,dainty-sweep-151,run_5f87a45dc97d37670e9b3113b51b7001,0.37311196327209467,0.29196313656533546,0.5963560022594201,0.2896570495372899,0.12531585596967812,0.9131656832888946,0.7018503264205472
151,dazzling-sweep-152,run_993a3bcf7ff6036cc01298544277653a,0.34077843030293775,0.47808093415380615,0.5958361196382592,0.439756849936491,0.1677037271004421,1.0090367381918324,0.809989941359338
152,quiet-sweep-153,run_e0cd73c69f7f1dc2357dbcbe9a456f2d,0.66751758257548,0.42933584270468783,0.7618607241419827,0.3898203592814375,0.15595388502842747,0.9355776754057054,0.535561466745155
153,warm-sweep-154,run_0efd35a8c26d971c4b65d9f556c524b0,0.5807276566823323,0.7327984063797084,0.4882098047536401,0.6227000544365818,0.1598389134554636,0.9752597683290929,0.7675240282369232
154,still-sweep-155,run_bb922f68652105d41d940cfe564f2ef3,0.7100617885589598,0.5478656137500222,0.6305105807872504,0.43663581927055084,0.2650505369551496,0.8841744678896771,0.5873387372410469
155,efficient-sweep-156,run_01eecce990ccedd2fbcb295a82027429,,0.6607238946725262,0.45383766988507984,0.5767918708038481,0.612428932406823,,
156,solar-sweep-157,run_a63991cc92105fd1b21b1f13b5a38a0b,0.34588376681009925,0.526833727747265,0.719915820165012,0.479531845400109,0.15247946936197235,1.1062100213514998,0.8252689415289342
157,amber-sweep-158,run_11c661f571cc20c9df581e481087f246,0.47351638476053864,0.8560228495596971,0.19943564556095247,0.7660497187443308,0.28090650663297584,1.024565611761507,0.9710435799554126
158,genial-sweep-159,run_f09389514e619a168b5c99cd1092a977,0.15528599421183267,0.149450921635073,0.6212153434427995,0.10261295590636903,0.11479785217940658,1.0591439149053448,0.8586324691971178
159,avid-sweep-160,run_50741a084e89117bce97e6a3562dad3c,0.7900448640187581,0.9617333878181671,0.42442122850712355,0.8003810560696806,0.29755211623499744,1.0719821115935688,0.8793339842835851
160,vocal-sweep-161,run_f9ce88ca5b6b8e5cc2684faec96cd8e5,0.5075514316558837,0.6467414931897228,0.2560216889960768,0.5986027944111786,0.1598704990524341,0.8522483538933038,0.7914477079430553
161,peach-sweep-162,run_751bc90652875a4cdea3da193497efe2,0.5424376328786213,0.660312909621501,0.5273843377114805,0.5242061331881697,0.2618919772583718,0.9609946399860453,0.743466742786866
162,distinctive-sweep-163,run_82c426594a83ac6906135d2765e3b20a,0.46245495478312165,0.67753078484726,0.9093646667537852,0.5439847577572138,0.24663613392293107,1.2549688192115305,0.8035567651795611
163,graceful-sweep-164,run_c1629bf897f160e89f601ee689b5cd52,0.8666241168975829,0.5075387806435918,0.3602146420576072,0.44530938123752534,0.1364339861023376,0.6365055603867289,0.48446238633692723
164,young-sweep-165,run_c15e093fe9b21dfc9fef1431e7a86d45,0.7704742749532063,0.7141566722636372,0.5835086263124404,0.56873525675921,0.3774636765634879,0.950359999146618,0.7201532322110665
165,misty-sweep-166,run_8c2fd57dfbfc8a4dcb8153b6fcec07ff,0.4045947392781575,0.7892973777085737,0.3440737933646216,0.7075848303393221,0.16722994314592723,1.046845045951499,0.9397603793021723
166,comic-sweep-167,run_85fba7cddb0327511a9c0c48806fd007,0.0676453113555908,0.367280957297877,0.6474984019385346,0.3440573398657234,0.16858812381554072,1.1930778463888323,1.0080092628762571
167,golden-sweep-168,run_118e9c5fcc3c5eb34c80752977501126,,0.6335553878470939,0.8116744037269688,0.5043912175648705,0.8203253316487682,,
168,dazzling-sweep-169,run_9f484b0f5f87772d126370340d5ace25,,,0.8142691554813899,,0.5618288060644353,,
169,deep-sweep-170,run_7e9f0bccb393d9d615db8b80d38efed8,0.39608597755432123,0.4106696508352319,0.815402666315225,0.35291235710397445,0.1616392924826282,1.094642963188285,0.7179042688113002
170,fallen-sweep-171,run_988e77391a4ac378e49a0de3783f12dc,0.5849818388621012,0.7937191033176503,0.20115592328890483,0.712992197423335,0.2765792798483889,0.9179835480660149,0.8701115133718736
171,chocolate-sweep-172,run_6a64e61c7ef9c1cb947b6eba8b05eff4,,,,,,,
172,legendary-sweep-173,run_fba5f9eeed3ce24d912076c36c800a98,,0.8963082058398388,0.505873206194387,0.6933950281255671,0.5616392924826296,,
173,proud-sweep-174,run_617a2675d795441aad41a7ecd81a1094,0.6326313813527424,0.6184589703293097,0.0599982908606685,0.6046634004717841,0.1685249526216051,0.7218386210599884,0.7273088680148274
174,atomic-sweep-175,run_6331107eefb56766fe6ce32d3f1e5cf7,0.40629665056864417,0.7957572987926458,0.15195244224516383,0.7174922881509721,0.19493051168667208,1.004391801246928,0.9514603276377612
175,light-sweep-176,run_a08f66d6d3295c5750247d88d49e8c55,0.7908956209818521,0.6072755601152204,0.39751210111035695,0.497786245690438,0.41561907770056894,0.7553304692430928,0.6813626093878485
176,atomic-sweep-177,run_ca84b588a1508f4a2e95a7332d6c3699,0.4794724782307942,0.32360048137001085,0.6297054164167858,0.24251497005988046,0.24101389766266695,0.8787463137485877,0.6227761319197181
177,radiant-sweep-178,run_d1a4832fd93ec0d4e65e3fac3ef57c6a,0.4479897022247314,0.7332447413337526,0.040483808579977826,0.6740156051533299,0.19451989892608995,0.9186959008837923,0.8926647724192809
178,leafy-sweep-179,run_87d060488ea018275746b7d20d354941,0.6794297695159911,0.8835302233103,0.5052155229222509,0.7352749047359843,0.2568066961465586,1.067067782653437,0.8422257045429048
179,polished-sweep-180,run_8926cbd4b765e684f927bbb7a9051d3b,0.04977663358052571,0.1892643079429317,0.7660492261702303,0.17722736345490922,0.22367340492735385,1.2351424376429967,0.9921510855300885
180,visionary-sweep-181,run_97d1f95adc1025d12c9c16b0be1e2053,0.6300787130991616,,0.2705896255873563,0.8807294501905281,0.46985154769425086,,1.064559345365943
181,floral-sweep-182,run_ea7d7c56e1527a1462f8b0998d8e97aa,,0.6546383930522106,0.6173788306333542,0.4681727454182549,0.5824226152874303,,
182,solar-sweep-183,run_92297382b9f3aef036b1ccf9f4c32b44,0.4471389452616373,0.6786291205899926,0.42144244178358525,0.609344946470696,0.2020688566013897,0.971497071995419,0.8472239564861131
183,woven-sweep-184,run_1ecdeebcf87625615484c8828caf43f1,0.42416493097941077,0.3644668548796921,0.43001436299950674,0.2802576664852115,0.18681301326595096,0.805812923330045,0.6671053052278832
184,solar-sweep-185,run_5fe06a4e7bfb70dcf99b2c8ddaf89da2,0.8649222056070962,0.6388576387557818,0.24030355350390586,0.5146978769733265,0.3366550852811127,0.6957951501421012,0.6296797293422541
185,royal-sweep-186,run_06cbbb83d2c18ec92644790de660744b,,0.4082163360576776,0.53554658118093,0.3275086191253867,0.5703569172457351,,
186,trim-sweep-187,run_1e4d836ee2ed14ffc8b2c5df21b136e1,0.6819824377695718,0.32951417556648854,0.27376463280793567,0.30602431500635124,0.1630290587492112,0.5335370989563057,0.4704939162823941
187,daily-sweep-188,run_3e923b471f1195897931cb5a02f817b9,0.8206764856974282,0.6440148280037299,0.3625490998578147,0.5410814734168033,0.30857548957675324,0.7604958062200016,0.6481858656467729
188,earnest-sweep-189,run_c3b5bebc6ea4cafbccec85f18545d8a7,,,0.9307669131979067,,0.46662981680353643,,
189,soft-sweep-190,run_6490a94da9a16ba1d8ecf22c8f3f59b6,0.6266752878824868,0.8156466690030708,0.6418303910256306,0.6855924514607148,0.2739576753000626,1.1029945966220973,0.82732167748304
190,distinctive-sweep-191,run_713d9a82a64d6e461a7743de5606d9e5,0.9746861457824706,0.7131724163525046,0.26157737321585917,0.6218290691344596,0.21236576121288658,0.7600515830125778,0.6575799563334512
191,good-sweep-192,run_19bf7b5379afdd93540267d791809945,0.6071046988169352,0.7127840961239822,0.19090211311510707,0.6586281981491563,0.5985628553379666,0.8359853480598968,0.9728490699380223
192,dutiful-sweep-193,run_5705e76bdd7d36e1a608da609dace8c1,,0.7161025439684678,0.5440084532564814,0.532407911449828,0.510786481364499,,
193,glorious-sweep-194,run_8a8960d3e763fb9ce39dd4f9388640f7,0.8912996451059976,0.5951215549256643,0.3870095758883788,0.49303211758301657,0.37752684775742495,0.7181656105109221,0.6304149085325739
194,visionary-sweep-195,run_e84a2ea25d9fdcfca90510a6c198a4d5,,0.5682276290485984,,0.48385048085646964,0.16659823120656933,,
195,clean-sweep-196,run_c611c23528aecbb52f4e0d16911463d2,,0.3264426659803821,,0.26167664670658725,0.43109602021478166,,
196,ethereal-sweep-197,run_f17de933d59c17239e09cb4fd1c5d971,,,,,,,
197,golden-sweep-198,run_3f2134c471e8fa750b9fb2083b71bf32,0.700701872507731,0.8474806798670298,0.17718831070484847,0.70834694247868,0.41644030322173015,0.916077818375,0.8745040229676931
198,light-sweep-199,run_12a5feafcf0c8d3d1bbcb5af3b777fe2,0.13741771380106607,0.3325688320750366,0.6846076139212716,0.2928869533659954,0.1448989260897056,1.1503642090968018,0.9224026597414734
199,glamorous-sweep-200,run_7c888d91a10b38fd98dab43f9d384a42,0.5875345071156819,0.6357146090946189,0.41454291609719507,0.586082380693159,0.17648452305748685,0.8637746675626656,0.7380834144309795
200,efficient-sweep-201,run_7d4a8054b3aabb3f56db65ef33c8a22d,0.6700702508290608,0.31925278813061686,0.3856076294518369,0.2535111594991843,0.21242893240682348,0.5995575251872305,0.46716977503057977
201,stellar-sweep-202,run_8e733114c0371852b253e83da719c42f,0.6828335920969644,0.7101013461284618,0.2799738097904295,0.6614589003810565,0.26704042956411933,0.8265735213785498,0.7806618975057131
202,soft-sweep-203,run_d8271420543295a4d67004fbe21ae83f,0.6385874748229979,0.7432107201853739,0.4155097890008437,0.6363817818907647,0.2241156032849021,0.9250024717311868,0.7653944011508299
203,confused-sweep-204,run_5f67ed62885fd6336ffb6d901507e5b8,0.6309294700622557,0.8149902973551795,0.6135459881807962,0.6873707131192166,0.30829121920404307,1.0848322084379505,0.8388891638118012
204,lively-sweep-205,run_79c0d0514a78a16b56a7503147ded7e6,,,,,,,
205,daily-sweep-206,run_b117c442c5096478712e80bc68b745b9,0.721973975499471,0.5568853362132051,0.3444334900398075,0.4834512792596639,0.22721099178774537,0.7113748498856741,0.602202992774484
206,silver-sweep-207,run_68b0fef5e1895d4c9572a0cda58b2857,0.656456152598063,0.671747744147714,0.29724925863359614,0.597804391217565,0.3996683512318392,0.810940521008471,0.7969487161813523
207,splendid-sweep-208,run_218bc61db06e107eb93786fbd5dfd137,0.45990228652954096,0.4751056564683398,0.43131414396413875,0.4129014697876971,0.23848704990524397,0.8387269017312774,0.7204645978959444
208,hearty-sweep-209,run_67c8b480f4e95705905896f9f105ce84,0.6726229190826415,0.31857683690888816,0.5220294976866623,0.2343131917982224,0.180211623499684,0.693672653763886,0.4410835002638765
209,helpful-sweep-210,run_a005fab6dfefae7e993cb99631f372c3,0.7440968354543049,0.361766807043824,0.6266560898024434,0.30885501723825115,0.12781111813013285,0.767502121944736,0.4209673778517954
210,fluent-sweep-211,run_b5d5c2e55e9620ced0296e37d8e0cb8a,0.8053604761759439,0.6227064273506362,0.3722846157178653,0.5241698421339146,0.16208149084017784,0.7511615498669025,0.5821588935248889
211,avid-sweep-212,run_0a7abae62a4fe0ad44d9a53403f9c19b,0.19102334976196286,0.44065629838766895,0.9029529705857825,0.39693340591544296,0.17158875552747935,1.289940022260247,0.9173015046240022
212,northern-sweep-213,run_281c993e364eb049aabba68d4826e84a,0.728781223297119,0.3446490878566162,0.37516730854450614,0.28994737797132997,0.1651452937460525,0.5771422077765006,0.4300024126387275
213,devoted-sweep-214,run_0129f2135a27de17cb33467f118b66a3,,0.4749293348811885,0.845387457764047,0.4101070586100534,0.15241629816803437,,
214,swift-sweep-215,run_a56f40fc26d4b45cb963665fec1aed78,0.304190715154012,0.5670083003932627,0.26434170512793725,0.5376338232625667,0.2814750473783961,0.9356952017952679,0.9232707571944865
215,smart-sweep-216,run_bb688ee54881aebe3be6744220ebee5b,0.3195063273111979,0.739452990356543,0.28845832776672,0.6842859735075303,0.1655559065066317,1.0455001532160102,0.9791464090154627
216,devout-sweep-217,run_4ccb17d0ab5ac5b67106afd91ed1c21b,,0.8881275914902029,0.6227376570205696,0.7741789148974778,0.6789797852179408,,
217,easy-sweep-218,run_beae86e16c99b842232e9f5508c9405e,0.7994043827056884,0.7496060057505258,0.17705811079700814,0.6599346761023419,0.2387713202779535,0.7959254614183094,0.729906926797702
218,dry-sweep-219,run_78c91a2a79ad6257443c12704880f61e,0.6198680400848388,0.7986687525876239,0.0848215162272255,0.677172926873526,0.23915034744156877,0.8885756990397039,0.8125616090616283
219,eternal-sweep-220,run_756323b2310e65f44b4baac27f82e00a,0.7466495037078856,0.6781693888174329,0.4542274663939734,0.569787697332608,0.2837807959570452,0.8546477550003624,0.6851102350403696
220,warm-sweep-221,run_7f82870344ace04aa640210feceb46f0,0.16890009244283039,0.3664298169719893,,0.3292868807838869,0.3120183196462401,,0.9468433545168815
221,noble-sweep-222,run_2aeafd274570392253de1ac4b0e0eb88,0.10338226954142252,0.44079454031932475,0.4506375396885209,0.38473961168572046,0.17907454200884484,1.0960371223295944,0.9919756120835063
222,peach-sweep-223,run_1442e5042f10e4d067113e306fe9a4c4,0.3858753045399983,0.3694891547173289,0.27631408211154246,0.34939212484122734,0.13365445356917402,0.7681281462104551,0.7190879719712895
223,glamorous-sweep-224,run_3d92dc935731965af10d1215b7fc4571,,,,,,,
224,swept-sweep-225,run_9134792dce7012e806aca1be59c37473,0.1544352372487386,0.8284655449639287,,0.7943204500090729,0.2904769425142152,,1.1959521727233158
225,legendary-sweep-226,run_ff4ed3d714420bf3b2d0b8f160585ace,0.28376936912536616,0.7287185406486105,0.5145048623894969,0.6414262384322266,0.1760423246999375,1.1439983747849258,0.9774481244742095
226,icy-sweep-227,run_5423c889f6dbd7aec15adba4b5967629,,0.6360951059174038,0.7429149241729296,0.48784249682453346,0.7756948831332927,,
227,cool-sweep-228,run_c16c880bdbf059fa17ebe96efdf8bdde,0.24207631746927893,0.8837467013216167,0.11861893057634482,0.8151152240972603,0.2632501579279864,1.170267914337928,1.1437490033854307
228,neat-sweep-229,run_bee8317b1b043d535f94507beafebf2c,0.5237181981404622,0.7811182063495639,0.385014015737443,0.6833786971511534,0.16915666456096232,0.9925854116334775,0.8499792795521346
229,crisp-sweep-230,run_a5c80334c8b9c2e6b7d6cddb0a7e7017,,0.6648436063564653,0.5708647512555952,0.5045726728361467,0.6819488313329122,,
230,glowing-sweep-231,run_0302912f6c819cba0868c8de53b5627e,0.7857902844746907,0.6577727933178221,0.5627865651162126,0.5342950462710947,0.2992577384712573,0.8917844850241954,0.6487774600972175
231,dulcet-sweep-232,run_2f269621374abf1b8a9f6e002df92852,0.4054454962412516,0.5582342354690999,0.27182021624015057,0.5286699328615502,0.41915666456095974,0.8596550177521354,0.8992659591564203
232,deep-sweep-233,run_d95630395421fe360ee40172b559fa98,,0.6424871684205011,0.7786993234184849,0.4831609508256222,0.41805116866708864,,
233,silver-sweep-234,run_48f87d44fbc8071d52a1f87ef27cb0ac,0.025951862335205075,0.2971087772657275,0.6235060934025334,0.24487388858646453,0.1724099810486406,1.1940700350174942,1.019047691408456
234,young-sweep-235,run_7d98d6678a28f104ff519fdc18f35edc,0.2786640326182047,0.15896513539116963,0.7227213819325835,0.09822173834149887,0.07721099178774574,1.0334029649711223,0.7320755596072742
235,true-sweep-236,run_7b42c4c02a73c12137013ee3e0b7c9d7,0.40289282798767084,0.842352311478491,0.48435316647593774,0.7105969878424977,0.18472836386607724,1.1404790140098964,0.9463665370331042
236,ancient-sweep-237,run_7d6e40f2f17202f44581ff4699325679,0.6334821383158364,0.5888732837309125,0.620670342700064,0.4965886409000193,0.230274794693619,0.9307732062822685,0.65875799978114
237,glamorous-sweep-238,run_16fa4a1678ed7fec9fab987874c3bdb9,0.6972984472910562,0.5975149037442069,0.4950968492695051,0.5040645980765749,0.27989576753000556,0.8329304775102454,0.6511919760928534
238,icy-sweep-239,run_182c9a588cc897246594545a716e79ec,0.2684533596038818,0.4234298890158943,0.8507732725101271,0.33317002358918585,0.15276373973468163,1.199278332666963,0.8182294982894418
239,dry-sweep-240,run_e6cf8c40ccb0d895f4a614c67f1a9fef,0.5194640159606932,0.6139850564925395,0.7622900990663227,0.5054073670840147,0.17370499052432298,1.0904029882054231,0.718696641422844
240,curious-sweep-241,run_59c8e1d928d65533bf9f77843ddbf1ee,0.739842653274536,0.5706763532387731,0.48655430403727434,0.49031028851388125,0.32645293746051696,0.793781100794378,0.6439390844283324
241,rich-sweep-242,run_f61be0c3cc1347b335074cf3dba957dd,0.027653773625691727,0.4987279306282515,0.6335112631343985,0.45757575757575736,0.14072962728995697,1.263140234990255,1.0838069873656269
242,morning-sweep-243,run_0a4194dae66ccbf0ae26ca9e913686cc,0.8147203922271727,0.6371993094797568,0.6421009660285972,0.5031210306659407,0.20143714466203436,0.9233878619696001,0.5727444699029441
243,earthy-sweep-244,run_e5ed52fed53524205ece0f3c4e8337c4,0.37736654281616205,0.4206651988856298,0.5269147239415094,0.3745781164942847,0.13870814908401757,0.9177531028901736,0.7397439678587573
244,autumn-sweep-245,run_e85b3f770de43387858598c91e93757d,0.28802394866943354,0.06446419228876277,0.7459995879140723,0.04298675376519704,0.07133607075173708,1.0332380727226778,0.7168309379887505
245,major-sweep-246,run_18eed2f55ba27c80f5f3125a5d6ed156,0.14422456423441568,0.39207290160459474,,0.2976047904191619,0.2022583701831957,,0.9283472712564903
246,genial-sweep-247,run_308f7877db4203566d4f3912eebaa9d5,0.38162112236022944,0.48987382496954046,0.4736020157449627,0.424804935583379,0.17755843335438995,0.9201454613369574,0.7709595753749261
247,visionary-sweep-248,run_04df1d90b5847cc51fbd7ac1047ea680,0.5007445812225341,0.4207047717642838,0.49192387217062755,0.3947922337143905,0.1336860391661402,0.8174579953583211,0.6503759205627093
248,efficient-sweep-249,run_333558b4e387025e974b050d71f74185,,0.6228476444911224,0.9423216023543715,0.5204318635456365,0.7462571067593177,,
249,lucky-sweep-250,run_8063a34be4d30d4e2496fb52710bf6b6,,,,,,,
250,glorious-sweep-251,run_6395fb05ed4a191f6d0dfe14af4c2420,0.5679643154144286,0.30658915710658086,0.6094916060750328,0.26505171475231465,0.18444409349336735,0.8075467552325191,0.5393763694054975
251,autumn-sweep-252,run_93ca9aa25a56875c279d83e07768ff03,0.6709210077921548,0.7935479933314653,0.5090540376566747,0.6713663581927056,0.23532849020846436,0.9985726884345923,0.7838400782871865
252,trim-sweep-253,run_9627b49e8f09b4ca2f2421fa650e7e0b,0.493937333424886,0.40941581323184817,0.3474951924548926,0.36826347305389273,0.12139924194567289,0.7378845705153845,0.6375383784775739
253,proud-sweep-254,run_07a718bb26bbb47a11ae1a8a4c393f46,0.9253350893656411,0.798227975046542,0.6035089082965194,0.627345309381238,0.44091914087176226,1.0034768315313494,0.7704198043078663
254,azure-sweep-255,run_422a9cdf8253cf929de18f642dd37fe2,0.42841951052347815,0.7943465927620124,0.2334168896519835,0.7084558156414452,0.1658717624763111,1.0060686903773743,0.9252714954289922
255,fanciful-sweep-256,run_c06af4eefbeda037f676ca93fdc6ac12,0.824079910914103,0.6356550324190766,0.32212277329982364,0.5537833424060974,0.21312381554011536,0.7340083644360308,0.6189068014013386
256,easy-sweep-257,run_a1ce0323cc83600805c3be13598b5606,0.7968517144521077,0.8449707991289772,0.4304294741887841,0.6667573943023054,0.4352969046114969,0.9698012216697519,0.821777368842802
257,firm-sweep-258,run_2fe646297942e6a3766e1b603c53b459,0.4335248470306396,0.7971638044632359,,0.776574124478317,0.3133449147188877,,1.011012613828884
258,earthy-sweep-259,run_826bed2c84ef1f47123e07568a500bda,,,,,,,
259,ethereal-sweep-260,run_1718bfbd5178df71cab3343d3f0f5c8f,0.29993613560994464,0.7216179398241,0.3377190505876563,0.6650880058065688,0.17139924194567258,1.0606017265828602,0.9807187006639813
260,usual-sweep-261,run_1e9d3381e18dd479801d8f0c5740bd30,,0.9321896935923779,0.7077024722886381,0.757956813645437,0.5456885660138981,,
261,zesty-sweep-262,run_4ddb16ba65d5298827f3a183e5d87a7f,,,,,,,
262,playful-sweep-263,run_b515e8661271f1bf7816f1ccf324e6a2,0.15188256899515787,0.2065378105594884,0.784486471471876,0.13400471783705306,0.09117182564750463,1.173618365520647,0.8634655424327831
263,olive-sweep-264,run_5bee068e1d7009e71404c6264eea63a7,,,,,,,
264,volcanic-sweep-265,run_a0422c2f532acb3a773b236b3a0fee46,0.8164219061533609,0.5969478467658598,0.031373249086948565,0.5814371257485025,0.36779848389134684,0.625325458507035,0.7120714658598662
265,good-sweep-266,run_72e06f9c00088010429168d0b8d0ce13,0.32205899556477857,0.7007257402663702,0.05573408935779733,0.6904917437851568,0.17402084649399976,0.9765894005584089,0.9831917965201865
266,pleasant-sweep-267,run_fd803afd144a42adbccbe09e1e46c0b8,,0.628289950697269,0.524851068565056,0.5214117220105248,0.592687934301957,,
267,lyric-sweep-268,run_497513d3ff09526a579dc19af351d888,0.7262285550435383,,0.35354906035290007,0.8871166757394299,0.44707833228048005,,1.0304396322168616
268,happy-sweep-269,run_6bc1cdf2c65fcc0e42500f41ea9af27c,0.32801548639933265,0.671228564277988,0.5119854523931459,0.5686626746506992,0.24054011370815087,1.0789995715865826,0.912578747485795
269,twilight-sweep-270,run_b15baac3d60635d19357e7746fbccb78,0.5900871753692626,0.3476250816194897,0.8303701223637052,0.22248230811105088,0.14527795325331813,0.9891340967138992,0.488500342805042
270,sunny-sweep-271,run_b90a589e64b745dd8ded7cea9c24b391,0.555200974146525,0.4844115190161675,0.1597123168505998,0.45684993649065603,0.18776058117498487,0.6767634130990959,0.6646894565997604
271,solar-sweep-272,run_22921a2fa461b601423e666a199bf8fa,0.5415868759155272,0.4226617139490001,0.8219951724242449,0.3213754309562698,0.19780480101074033,1.0317274738320952,0.5937604729670989
272,absurd-sweep-273,run_f762561458b7219fb5276e92cbaea531,0.6130611896514891,0.4801889703441007,0.510113923058247,0.40680457267283615,0.25162665824384156,0.8003244996199501,0.6152459495522199
273,earnest-sweep-274,run_a5394a46e78c26566518de376462627f,0.28376936912536616,0.45541419133649796,0.07412194559582937,0.4388132825258578,0.16037586860391798,0.8519873620498507,0.8551396568717039
274,fresh-sweep-275,run_c3926904f8b58487de7b64a7e45c95d1,0.677728255589803,0.6886574228513767,0.3999682871502267,0.6165305752132108,0.2330227416298175,0.8591174273749644,0.7336679259273916
275,curious-sweep-276,run_96355d8147475d2234adc31f1943bd22,0.38076996803283686,0.42288883220877915,0.4398434534225022,0.3150970785701334,0.18027479469361887,0.8693348379166634,0.7177959341033586
276,earthy-sweep-277,run_b5e866c30de91bf8f568c90267e3a97c,0.5041480064392089,0.4929938709328443,0.7534300813614146,0.4359825802939585,0.11043903979785247,1.0278954439999375,0.6694376680090989
277,sweepy-sweep-278,run_0d7fe19494ccbb80233214966ba5f062,0.522016684214274,0.49857514297293726,,0.535311195790238,0.18602337334175684,,0.7413709071290417
278,rose-sweep-279,run_83cd5a6c6bad2a559cd3433e013f0595,0.9049137433369953,0.6722097264956091,0.39732058143525795,0.565868263473055,0.23169614655717125,0.7866199571797907,0.6188145054389367
279,ethereal-sweep-280,run_adceca80e7142e02e15620b736d58968,0.5543502171834309,0.8415140946272022,0.04555504752171553,0.735383777898749,0.26688250157928034,0.9533231155990086,0.9003439894675291
280,leafy-sweep-281,run_3422ae9632ddde2aba8e6a0e362e316f,0.6870877742767333,0.3675307583142451,0.5104071851069054,0.2765559789511894,0.22989576753000637,0.7025015401569504,0.47670675936989826
281,graceful-sweep-282,run_5d43fd78f14cb0381f28a40949cb1394,0.583280324935913,0.6409467298207012,0.4426011450928031,0.5341861731083292,0.2779058749210366,0.8833820077921158,0.7322853476898652
282,pleasant-sweep-283,run_4593eae73101e4d5882cb4a048e3a509,0.5739204088846842,0.6703922531712827,0.4050080334542342,0.6021230266739254,0.13125394819962075,0.8916283408682846,0.7492152935798575
283,graceful-sweep-284,run_97119be3d0cd47ed65702fffc92cf584,0.3620505332946777,0.73580201156572,,0.7065686808201788,0.1754421983575486,,0.967986977056046
284,icy-sweep-285,run_8811a87685adc0dbe76ece3edf5b1a18,0.7823868592580159,0.653080214637209,0.44614584556866616,0.5440573398657241,0.34417245735944557,0.8203141845002765,0.6795649700287663
285,snowy-sweep-286,run_2240c4d7c0209af597fd9642f7531d86,,,,,,,
286,zesty-sweep-287,run_dcff52a3dcb5e50fef6fbde9553a8286,,0.6730448883217162,0.7465838243712888,0.5092179277808023,0.6219361970941258,,
287,comic-sweep-288,run_f11fcb1074829dcd705043d45c93b6bc,0.4445862770080566,0.3208083595759099,0.3900877634740777,0.26708401379060165,0.12234680985470571,0.7507135741904268,0.6283207906729595
288,desert-sweep-289,run_c37cda272689282cd833701e0ebf78fc,0.6930438677469888,0.264771387699938,0.5702823493407508,0.19820359281437203,0.156427668982944,0.6996770060834393,0.3974623843279902
289,charmed-sweep-290,run_48e729ace1be3ff194d53e382a21b90d,0.2786640326182047,0.5464006397680099,0.3545597992682947,0.46984213391399,0.24913139608338622,0.971901172051302,0.8961828279731425
290,treasured-sweep-291,run_be501db3da008d3a8a5d117dd500bf28,0.7066579659779866,0.4293543771594388,0.4753089874451502,0.35784794048267204,0.2144188250157921,0.7044951125850879,0.5099805191897187
291,celestial-sweep-292,run_3cd0e14f7a4277e80be4e6febd865311,0.33907691637674964,0.4339553357101762,,0.45111594991834636,0.09357233101705636,,0.8056554498473671
292,splendid-sweep-293,run_9eb4b87724e01f0ed710e00eeece2114,0.7925971349080403,0.5209876252557462,0.4102374345765095,0.43652694610778475,0.20175300063171323,0.6947940751372966,0.5237136587778121
293,super-sweep-294,run_cef3d702ad3f25f28808fc17606f6526,0.7687727610270181,0.7119726488831746,0.3682448009406195,0.5793685356559614,0.39186670878079716,0.8342513543414773,0.7366773062894605
294,fresh-sweep-295,run_7c21a9925d2d0d12ec6b91b2706704f2,,0.6699393177673891,0.7591941025710413,0.5389765922700059,0.6012476310802283,,
295,lively-sweep-296,run_a21feea6698a7616902c34b791abec17,0.7526059945424397,0.7357296635463331,0.3904350075280145,0.600889130829251,0.4472994314592545,0.8688736541418071,0.788890564570803
296,trim-sweep-297,run_7c2a61232218b12aaea4fdd737585720,,0.7147970448346328,0.6188153880718626,0.5486663037561247,0.5738945041061276,,
297,ancient-sweep-298,run_890a7a0ca6a30c6dadbf567b7282d05e,,,,,,,
298,pretty-sweep-299,run_84af64996507bbb13bc7f5c0c2e93695,0.37396311759948725,0.5221911292168206,0.6541565380192178,0.44171656686626876,0.31059696778269197,1.0452399388617812,0.8267443256325857
299,easy-sweep-300,run_98088f23e75122e34a899c71ff866897,0.6632630030314126,0.3594111896871497,0.44447319274739433,0.2988023952095822,0.16246051800379122,0.6634188929106686,0.47861058954066815
300,cosmic-sweep-301,run_1a91c9f4d93a81a1c5f6363b612bb52d,,0.4719907653154283,,0.38245327526764655,0.1386133922931141,,
301,fancy-sweep-302,run_f4dca68026872e5f2ef17ba84144bb8d,0.48542857170104975,0.4077636160008482,0.668932462769216,0.3520050807475963,0.14246683512318398,0.9372969439308961,0.6395217985368129
302,cosmic-sweep-303,run_90bb852733b26a2971da994059d6436d,0.39268255233764643,0.44226320896908433,0.4579441227119721,0.36546906187624817,0.20510107391029672,0.8798545605775907,0.7378811340202279
303,northern-sweep-304,run_ea4a7abf2561498bfd6aed9da1be754f,0.6768771012624104,0.819230302277663,0.02503491693628327,0.7592995826528771,0.3062065698041698,0.8810070617903925,0.8801742596194528
304,comic-sweep-305,run_69fb2d8312fd49b4e703e223a667057e,,,0.9846765045589366,,,,
305,eager-sweep-306,run_be6ce3da5ed86af9d6327a915188d090,,,,,,,
306,solar-sweep-307,run_a78c48b5ce5f22e34e92cc98af356724,0.6505000591278075,0.754417647933753,0.3874800789278361,0.6500998003992026,0.2416140240050546,0.9172987559947328,0.7766320208082231
307,legendary-sweep-308,run_372eb43e9b683bf45b2de7e1da4d907d,0.25824308395385737,0.39487820616231817,0.801963872050059,0.32612955906369123,0.14246683512318412,1.161584337135181,0.8227153887629539
308,rosy-sweep-309,run_43ba7aed17ae5f6b53334adcdeb2a973,0.48202514648437494,0.495198979907328,0.1834196168997759,0.48980221375430943,0.26921983575489683,0.7397044912932812,0.7620259033898055
309,lucky-sweep-310,run_587c2633af7c746a37326124b7f30796,0.8138692378997802,0.6608551624315262,0.39714864586094667,0.5442387951369992,0.2783164876816175,0.7931590340036424,0.6389840327016107
310,laced-sweep-311,run_55d131800cb71391b94d411404669142,0.6547542413075764,0.5167125595057609,0.5279205303625037,0.44487388858646365,0.18564434617814282,0.8154057820645675,0.5929344263146293
311,bumbling-sweep-312,run_b97e2123d664ce9e02ab0d59fc71771a,0.17996152242024738,0.8779073132595769,0.15011268883091008,0.8101796407185627,0.3003948199620979,1.21066848258886,1.1912561449185641
312,floral-sweep-313,run_293766fd7bd23375f0b1844477ccb648,0.17060200373331702,0.48614638346712,0.41227815530998113,0.40284884775902824,0.10093177511055013,1.0460461843126954,0.9275642584634943
313,warm-sweep-314,run_548ed80b87b216b50d58c7a3afac0524,0.5603063106536864,0.44181950832100236,0.5791700367557672,0.35037198330611535,0.22891661402400384,0.850865999943388,0.6070369703016845
314,different-sweep-315,run_535e8744b94ceb1818743cb0880a8a1c,0.4862793286641438,0.41908767132262703,0.44936638555655467,0.34452912357104043,0.215492735312698,0.800920441043021,0.6550163082847179
315,autumn-sweep-316,run_e5b95de1d001afc4dc4bd25706c3137c,0.639438231786092,0.8767449436975627,0.390223796875803,0.7561059698784259,0.2569646241313979,1.025163936473065,0.8762030840155298
316,valiant-sweep-317,run_928ce8485db9440b20e2050c2a3e3f75,0.6436928113301594,0.930105464497379,0.38758021583336444,0.7812919615314833,0.2562381554011365,1.06877004612364,0.8961193749355579
317,hopeful-sweep-318,run_a49b002a766b3b9eba1d59bb95b7656a,0.6096573670705159,0.8270352594424817,0.39889302963080236,0.7048992923244427,0.19641503474415664,0.9977325997136984,0.8293547186068035
318,atomic-sweep-319,run_5e39cd1f1dc90526b4739eb9277f3920,0.8530100186665852,0.6939599400631029,0.37015031268983417,0.5659045545273097,0.3743051168667082,0.8001235573392181,0.6942321945572321
319,dandy-sweep-320,run_127334d0acc27ff2e010455caeb3e643,,,,,,,
320,summer-sweep-321,run_8f1599a2017a79de68cc6d643507a5ca,0.83514134089152,0.6991587418020799,0.6677763976733533,0.565215024496462,0.37345230574857796,0.980778589188668,0.6972180620641661
321,olive-sweep-322,run_1a3c65f6f659fc2d9d9e75eef005212f,0.28802394866943354,0.6318644039578185,0.28682286467837764,0.5766467065868269,0.3998894504106141,0.9941981082055756,0.9996713932264955
322,wandering-sweep-323,run_f4bb4d5b442089f27fc8cacc5572ce87,0.6079558531443278,0.7205217725149811,0.20896616777191196,0.6519869352204681,0.152353126974099,0.846473329187164,0.7758846899383676
323,rose-sweep-324,run_8242208bdd20ab9947b6c427c37a45cb,,,,,,,
324,crimson-sweep-325,run_940470cc1196f6f61e80061b74cdd58b,,0.6493741103964146,0.48011199627171774,0.5401016149519148,0.5586070751737223,,
325,sweepy-sweep-326,run_54f43c63c6959e077b42b5f720f5182a,0.700701872507731,0.8810449112126477,0.39591926884328177,0.7289602612955918,0.39606759317751167,1.0112228103318674,0.8819478272743478
326,expert-sweep-327,run_fc39a8ad5e1a1b59b8dbb8c48cce1aa2,0.5756223201751708,0.716641663718947,0.5379930479721213,0.6147523135547092,0.2790745420088427,0.9915181334588383,0.7974330204799761
327,ancient-sweep-328,run_f42745ea80c3fb495fcf3bbffcb5e611,,0.23497540802079975,,0.1966793685356567,0.19565698041692975,,
328,absurd-sweep-329,run_84ba9d7de47571c25b79fb87f9dc9755,0.49478848775227857,0.7640178791994732,0.23653399793084706,0.7051170386499734,0.20096336070751722,0.9459970000064695,0.8904015850440729
329,rich-sweep-330,run_df8de3707bfdc9c4ab7862a25bc256b7,0.6411401430765786,0.8187284640999426,0.5289630204072863,0.6683179096352759,0.2649557801642455,1.0387004244713431,0.8035115373737998
330,volcanic-sweep-331,run_086a0536a8a0574e7f42e38594f0e7ba,0.6334821383158364,0.7603642360648171,0.5283575821282515,0.6354019234258752,0.22253632343651233,0.995816674399649,0.7665463863821116
331,fallen-sweep-332,run_c1fb85fc4c47ea46ad392269189fc417,,0.8084925853545282,0.3963769580078461,0.67677372527672,0.47484207201516226,,
332,ancient-sweep-333,run_6ec67fe9afd4e2f98647b7d85326c766,,0.8115225922090592,0.4411477507187451,0.6719833061150435,0.45955464308275634,,
333,wise-sweep-334,run_23f3491191a3642de29c2d341f26656f,0.5279727776845295,0.410919219640967,0.36675928558294263,0.3456541462529487,0.19095072646873135,0.7253803672822351,0.6154255985638311
334,ruby-sweep-335,run_b7e9bf4423828ec919502cd5673bcc65,0.9159751733144122,0.7021237551812738,0.44963188027491285,0.5563600072582116,0.3933512318382811,0.8379777842216045,0.6865288200538952
335,quiet-sweep-336,run_401eb7176be34b38b26dbdd77a48e9da,,0.8755925465395147,0.39291749239770185,0.7103066594084574,0.47177826910928705,,
336,different-sweep-337,run_14a463939fe595be30d84ba0f410258b,0.5730696519215901,0.3658833271239752,0.27838196924437153,0.28221738341498864,0.15232154137713233,0.6274046955339403,0.5339644422426089
337,earnest-sweep-338,run_578c5004da3eea57408f902bcc2c2c85,0.3892787297566731,0.44414987416418183,0.7921868261166134,0.3698602794411177,0.14076121288692262,1.0944448584192785,0.7277299054520723
338,sparkling-sweep-339,run_b651517710ce4a13449976858fd50410,0.26164650917053217,0.409465230816223,0.9934337041944091,0.3427145708582833,0.21460833859759906,1.3037400727510329,0.8418288979919019
339,comic-sweep-340,run_fe11a923bf8614a376f350c9744f9b71,,0.7247323277546864,0.7353558609761492,0.5831065142442394,0.6159033480732797,,
340,twilight-sweep-341,run_39c9b98ece029befd465e902673d8d00,0.8215272426605223,0.6242163772109333,0.2636289524708823,0.5356378152785343,0.258164876816174,0.7007130905524692,0.6208135774048661
341,gentle-sweep-342,run_63546e879e89b7c23eaead20e0efe091,0.8810889720916747,0.8135493251237715,0.19008150018403241,0.7039194338595536,0.22891661402400473,0.8438799166230767,0.7496967507596549
342,easy-sweep-343,run_d9ab543090ff5b88d6b752b9118d6ad9,0.4616038004557291,0.7760771454595874,0.6053039000516006,0.6723462166575945,0.17291535060012658,1.1218551665906318,0.8785326523303845
343,proud-sweep-344,run_a9e90195541a62025be3551aa05ac45e,,0.73925881173597,0.6474475614957056,0.553529305026311,0.560123183828175,,
344,balmy-sweep-345,run_a16cc8181ec41c0b5f42a05b94d252d9,0.6972984472910562,0.8167410646430491,0.2946667027062721,0.697713663581928,0.2391503474415685,0.9195230624462082,0.7972612338767916
345,serene-sweep-346,run_7e1c7920dbf1b79715882ceb4edae5f6,0.7415441672007241,0.7038009299455386,0.3632402371387155,0.5812919615314834,0.3625552747946952,0.8331138195809517,0.7322199733212308
346,jolly-sweep-347,run_21806a77973c66555ac72bcc7c405120,0.533928871154785,0.7741118740261963,0.33095652933669817,0.6828706223915813,0.19249842072015272,0.9622908681692846,0.8488758602105914
347,sweepy-sweep-348,run_2dcdabd00a75f1af4a23e2815746f2b6,0.7270793120066323,0.41528908024899636,0.6464075093678974,0.33491199419343215,0.23763423878711373,0.8153486311241583,0.4930738050569363
348,warm-sweep-349,run_02b00fc0e83e58dee0dde336dfe4d443,0.7874921957651773,0.892391460835392,0.2572676344164352,0.7828524768644538,0.29426721415034757,0.9527374884777334,0.8629083153599358
349,sweet-sweep-350,run_404edfd6bc56c19e3e2ad1cde0531bf5,0.5807276566823323,0.7596852070891922,0.45867201700067706,0.6429867537651978,0.25156348704990594,0.9814738564631798,0.807778095398299
350,logical-sweep-351,run_b158507da235997978486541687bb903,,0.624817397056979,0.4490819123923772,0.5238795136998734,0.4615129500947567,,
351,bright-sweep-352,run_81032501b0cc997f34259fa4060751d7,0.304190715154012,0.5432443147087893,0.5021113884419777,0.45561604064598143,0.17361023373341625,1.0155691964334277,0.8496334801717605
352,summer-sweep-353,run_42cf1062a35a2293e8f7da80efd11d2b,0.6632630030314126,0.7929618861772099,0.4751182532279292,0.6720195971692989,0.28062223626026717,0.9838280909831247,0.8023409397448957
353,graceful-sweep-354,run_3a35a237da7b66886f57c43530cf1acb,,,,,,,
354,breezy-sweep-355,run_c9cb34d17ac833c12038202edda63eca,0.9304404258728026,0.7170669952337718,0.5171341896710986,0.5976592270005447,0.20487997473152336,0.8868209402879089,0.6356185098135795
355,still-sweep-356,run_b88e7027670d9e9c9fb60e7a68dd96d1,0.722824732462565,0.4151213592823879,0.4754792284757332,0.3509163491199425,0.27247315224257707,0.6893709948777832,0.5236506771762304
356,grateful-sweep-357,run_d99b50f12fa8d00da9fad7e7154fa9c5,0.5041480064392089,0.3951319600444849,0.5980725527363498,0.2571765559789509,0.09878395451674099,0.8716015395255915,0.5672453174186376
357,smooth-sweep-358,run_40a1a4389296548ced219e123ea64ac4,,0.5750740486393715,0.8539359179992259,0.46860823806931745,0.14322488945040998,,
358,magic-sweep-359,run_d1f4f54e7be6d9f150ae46dc28ba5d94,0.3603490193684895,0.7102426665932686,0.17915765566536287,0.6458900381056086,0.17831648768161762,0.9724687594241157,0.9263498734959843
359,peach-sweep-360,run_e024515153deddc54da491c8c6cfd033,,,,,,,
360,deep-sweep-361,run_195e2ae4ecf435b984f58525367c3697,0.3118487199147542,0.8018775859953502,0.33587709954002354,0.6604064598076587,0.2512160454832613,1.108771064377183,0.986305418187944
361,bright-sweep-362,run_15002097f36ffac09b79a94be1b0e0c1,0.33907691637674964,0.5546270157536441,,0.5697514062783527,0.43277005685407577,,0.9740256205725322
362,honest-sweep-363,run_d18d73022baa7689ad59aaaacdd6fe30,0.5688150723775227,0.730451028267725,0.609244908801753,0.6102885138813292,0.2616708780795968,1.0443459701684275,0.7917349053939896
363,dauntless-sweep-364,run_db19e3d9415fad76c268df4f37eaf166,,0.4570755424819888,0.8941962479926963,0.33574668844129985,0.179358812381554,,
364,charmed-sweep-365,run_f542a5748a04ea349fcc0030b64c937a,0.717719793319702,0.4828106542825905,0.4920267908681711,0.4319905643258946,0.1281585596967795,0.7449017424494897,0.5317166342833649
365,rural-sweep-366,run_d7c47e28ff964e7dbdd008228d8cc1c1,0.39608597755432123,0.294620103273465,0.6873554756010013,0.254454726909817,0.14398294377763735,0.9612339473812115,0.6709623258068546
366,earthy-sweep-367,run_f324fdfa64fa8fdf574bfa2c3d9ca02a,0.4471389452616373,0.40525862141192803,0.16695337450307599,0.32591181273815995,0.17095704358812386,0.7055234406687532,0.6641537218755008
367,swift-sweep-368,run_1afe8f3c9ac2e8b5b066cb58d4c4f9bc,0.1646459102630615,0.5499766397810828,,0.46864452912357163,0.1326437144662052,,0.9669738904981228
368,breezy-sweep-369,run_25306cfceac5c0d6d00944d27eb2f24d,0.6130611896514891,0.8648027451443743,,0.8090546180366553,0.3129658875552742,,0.9498624451433059
369,vivid-sweep-370,run_0b94b6e0a985e40f01f67163f6dcbade,0.7866410414377847,0.6163761211275931,0.5073100460181227,0.5071493376882593,0.34969993682880735,0.8263201865414884,0.6519298595205354
370,sleek-sweep-371,run_ed7f900d6be549445d78eb76f362ec25,0.5186132589975992,0.3451054561968179,0.7496335876584239,0.21057884231537013,0.15304801010739208,0.9553959839016313,0.5472662392671654
371,autumn-sweep-372,run_fbc273ef03b9c6ea515d5d476b8a24fc,0.6147627035776774,0.7086225724296766,0.2674273698847799,0.6462892397024144,0.17357864813645074,0.8497476818886437,0.7721574340759682
372,autumn-sweep-373,run_ef97e519e9b910fdfda208d290b37f5f,,,,,,,
373,autumn-sweep-374,run_3f54e394b8a5d7ae9982b99f589c6ec0,0.7900448640187581,0.6580867326946258,0.5560639986518707,0.5102703683542007,0.32926405559065147,0.8867730698833256,0.6425510300740612
374,playful-sweep-375,run_41315ca9d9c7a0b1aec54522e03f9c98,,0.599199111071429,0.5779838143542696,0.4582652876066054,0.6086702463676567,,
375,winter-sweep-376,run_e0961c0cb5e48c862ea42c66b3e99593,0.24718125661214188,0.3117188936459008,0.9036041160535874,0.2663219016512432,0.2938566013897659,1.216719001084837,0.8508907790519016
376,comfy-sweep-377,run_08dd94c8c685c14ad96dd2d4ab5e2a04,,0.8438883739484071,0.7833096677404837,0.683959354019235,0.6508054327226792,,
377,morning-sweep-378,run_229435fa669681d2bef310efb89df698,,0.8887992571874954,0.5242284008843219,0.7656505171475239,0.6304011370814927,,
378,visionary-sweep-379,run_c95d56875c1a5c963a9bee98a1a0e9dd,0.4182088375091552,0.6734695184381918,0.22552707153275617,0.6065505352930511,0.19319330385344535,0.9180983656515022,0.8623851583083657
379,blooming-sweep-380,run_62737e6ffefcabf529943a69422700f5,0.42416493097941077,0.5576918280572785,0.35599192647489597,0.497786245690438,0.1926879343019587,0.8771182665474044,0.7851788414992369
380,volcanic-sweep-381,run_b8dbdcf5596bf6a79aab07902b4b720e,0.7628162701924641,0.6010402044764875,0.211550945067774,0.496153148248957,0.3188723941882505,0.6798965005363834,0.6356914911953067
381,serene-sweep-382,run_a0a8aa98a12ea2ff9caa0a15f0d418d3,0.5415868759155272,0.6224502548490838,0.5171049322289311,0.5155688622754496,0.30819646241314036,0.9300453876182941,0.7556049917283911
382,pleasant-sweep-383,run_1f02b6a47c1514902a888e0c73c4dccd,0.656456152598063,0.7648022465122741,0.6541361295193758,0.6615677735438222,0.24174036639292573,1.0634091062712112,0.7836661909405314
383,curious-sweep-384,run_eb08f9c38dacba8d6a34e843b2aee003,0.5109552542368571,0.7702344523885838,0.3779056002666081,0.696443476682998,0.1806854074542021,0.987541653662135,0.8699686753209737
384,ethereal-sweep-385,run_528261ad8d09cef66debecd3dc6d6e52,0.1680493354797363,0.3167834167072683,0.7887213675595786,0.2830157866086016,0.11325015792798487,1.189359086626697,0.8860391875848987
385,royal-sweep-386,run_1c6c26471a3eb7dbc5ea81a818b61b6e,0.8768347899119058,0.7418189596597569,0.5382465477873517,0.6001270186898934,0.23665508528111173,0.9247563917550018,0.6567554620458624
386,summer-sweep-387,run_3b41686933b6d09b0648db468a18f494,0.6853862603505452,0.6127528777414164,0.1040789572666097,0.568154599891128,0.14278269109286096,0.6966206454752163,0.6649574057256465
387,radiant-sweep-388,run_f9f7e3be35308ba38cc1b09ae845da5b,0.5084025859832763,0.707848774417339,0.3355653606550146,0.5899655234984588,0.2857075173720786,0.9248362104630143,0.8193632417113043
388,fallen-sweep-389,run_853eda0918789fb8d5fad85595a2c015,0.5271220207214354,0.20020102766763115,0.6218225547331409,0.14042823444021124,0.122125710675932,0.8064473475315076,0.5081814257946418
389,fragrant-sweep-390,run_d8f73d27dae76f1c7ec7a872af8248c8,0.5143586794535319,0.8072296705473083,0.1206035257304146,0.7329522772636551,0.48788692356285557,0.9497433567299326,1.0055347747103145
390,youthful-sweep-391,run_405421e49af94079a0d672968d4a1b36,0.5041480064392089,0.8539716096681462,0.3012974267942884,0.7400653238976588,0.2500789639924206,1.0324324912701435,0.9252596237735006
391,jumping-sweep-392,run_725c44bc6cd1ab6e630f9ff6e3c86a1b,0.6802809238433837,0.38224233958307874,0.5011303034896659,0.3235528942115778,0.1999210360075812,0.7067256008551202,0.4968653576669169
392,rosy-sweep-393,run_a53b24bea05dba105baa261a31ff3c7a,0.7517548402150471,0.8337689297534885,0.44656161470802086,0.6912538559245149,0.5375394819962097,0.9778617301590083,0.9101682522434632
393,dainty-sweep-394,run_d22aac6dd8eebf80eda80df621f85a5a,0.460753043492635,0.7351118109781223,0.38702805099205606,0.5444565414625305,0.3174826279216681,0.9904379672633213,0.8294669521300078
394,rose-sweep-395,run_f5cd4b5bfbf0019990264df8e2f35d28,0.6904911994934081,0.7538734866137919,0.3764281189195428,0.6239702413355106,0.26053379658875536,0.8976742505628476,0.7436480476867237
395,spring-sweep-396,run_a351bf07864a928aed2394f7682869c8,0.28376936912536616,0.529252221647365,0.9693491947212384,0.45684993649065514,0.13883449147188864,1.316332819627491,0.8607980001701034
396,effortless-sweep-397,run_a68d44a42b59774a8a548dcfbe01de1b,0.733035405476888,0.8140450237015973,0.5252665624540557,0.6530030847396114,0.47777953253316496,1.0049101238292528,0.8520307536209872
397,fluent-sweep-398,run_5602cc6e28e99e08206aeb316c055556,,,,,,,
398,earthy-sweep-399,run_f805cfde18cad64bf977588d974dc848,0.2676026026407877,0.5332075686341118,0.11438615165964966,0.5238069315913633,0.24587807959570537,0.913126743994914,0.9334000638886731
399,dainty-sweep-400,run_039a3a2a4a149627b36a0ce3fc012257,0.7934482892354329,0.5679916687329589,0.26083891263796394,0.48733442206496164,0.2757580543272251,0.6582667265751597,0.5968257305742577
400,dutiful-sweep-401,run_e5074fa904434d20ccb736d6d3303460,0.387577215830485,0.1919177872292317,0.5468797359461759,0.16082380693159162,0.0699147188881867,0.843191288625223,0.6370353454582598
401,desert-sweep-402,run_7feaba5deaed7c3ab6613815e4173054,0.6470962365468342,0.8051899235797002,0.2654509578434124,0.7169116312828908,0.27841124447252147,0.9183333220098662,0.8461773894266152
402,winter-sweep-403,run_6cd120f04313ad9a09d9656cfaa0d64a,0.27270793914794916,0.48719546183736506,0.7651638270365079,0.4289784068227179,0.17402084649400038,1.1626645440618293,0.8621249737207877
403,classic-sweep-404,run_b661ca7150c5fa4c19091f2bf806de0e,0.6088066101074218,0.14372404617936674,0.4508268421682415,0.12663763382326287,0.12850600126342537,0.6139492742606705,0.4307936291969938
404,ruby-sweep-405,run_c5ab31937a6e55e3e54ab6900135f181,0.8070623874664306,0.7105704002970987,0.39633642420562326,0.5996915260388324,0.37755843335438943,0.8361924283683946,0.7344421143493599
405,ethereal-sweep-406,run_313d818d9d00d4cbc0be8fb6e0c8af58,0.05062739054361978,0.7918895057193369,0.346600649200676,0.648285247686446,0.20794377763739788,1.283950680859963,1.1682562769409823
406,dry-sweep-407,run_30341f7857dac5b1d9f6c1c21e77ed8f,0.6002978483835856,0.7637137789876998,0.17013137669362444,0.7174922881509715,0.18112760581175072,0.878615519757153,0.8410494653407757
407,pleasant-sweep-408,run_7d12b30d8d2d9606839902b916331582,0.35949786504109693,0.36327692304578285,0.21587962273002337,0.31237524950099865,0.17092545799115524,0.7673441986583216,0.7328279426831446
408,cool-sweep-409,run_859880c531aa59fc99fdd8a35cd7ce75,0.6071046988169352,0.2476862514511038,0.601027379505233,0.17599346761023402,0.1772425773847114,0.7595716607171162,0.46556991910043016
409,peach-sweep-410,run_cc598f37a9ccf733c1433297f9645cbd,0.5866837501525878,0.6620996388973248,0.6595297362585261,0.5405371076029762,0.23592861655085423,1.0218540635654083,0.7201895578188564
410,worthy-sweep-411,run_b76e9f9e3cda4468ba95930d0be858f5,0.365454355875651,0.7781637173184568,0.3151673105867147,0.7221738341498819,0.17405243209096857,1.0523865160151602,0.9769736282647078
411,colorful-sweep-412,run_a41b8ebfad2202173db45373c49fedb8,0.48798123995463044,0.7940022846816199,0.47946494346437524,0.6754309562692798,0.16028111181301435,1.059476035939146,0.8625892545871688
412,resilient-sweep-413,run_d591de75f7a0673526f5d1a903580566,0.35949786504109693,0.5020642022203989,0.7815732798525831,0.42625657775358433,0.16160770688566126,1.1283475704842203,0.7861645539516215
413,rare-sweep-414,run_950bfc88b1b3dbdaf3d773befd262d25,0.3790684541066487,0.697468464965112,0.1957686871628672,0.5756668481219392,0.2442987997473145,0.9541192919021024,0.8812662527693509
414,feasible-sweep-415,run_ac45959c16f4698c3c1c85150a7cfdfa,0.449691613515218,0.520504478236099,0.22509623927762748,0.4909635274904736,0.19973152242577472,0.7902104460434883,0.7640531307519727
415,clear-sweep-416,run_1524879af57e77fb15740e159723e6b9,0.46670913696289057,0.38996884191348213,0.6320194206394424,0.27238250771184935,0.19597283638660998,0.9142884612241499,0.6300767633452876
416,brisk-sweep-417,run_00f35a4d397f496d445fa2cddf5ce3ae,0.5815784136454264,0.5637759364774588,0.29959847781213816,0.5280892759934673,0.15914403032217325,0.7633342507616593,0.6923017620474234
417,peach-sweep-418,run_a3d1076e194e3915e92123bed0f0e649,0.32971700032552076,0.653338993983196,0.3731514857912365,0.5996189439303213,0.20446936197094145,1.007657269144524,0.9222959923785508
418,honest-sweep-419,run_6b2d858116723cd4d5511f4b1fcd9f31,0.7381407419840493,0.8281156303029942,0.44136247128855105,0.6792052259118128,0.4526373973468094,0.9742415507576787,0.8571876243807269
419,graceful-sweep-420,run_42d1865a9a78d473cc5e7abf999dc2be,0.6088066101074218,0.6860582876614094,0.4388300833911543,0.6107240065323906,0.14076121288692248,0.9034821993009267,0.7388029503893576
420,frosty-sweep-421,run_c44944b3d4cf0af0bcf435fa92e30be2,0.6334821383158364,0.8179163020301345,0.4026169588620742,0.6743059335873713,0.2262318382817436,0.9825593293147886,0.8001279145592941
421,fluent-sweep-422,run_419bca58626470808083f538a3991499,0.3135502338409423,0.6901072277348321,0.1964929870196652,0.6472690981673033,0.16160770688566084,0.9930109572303776,0.9572291354879355
422,radiant-sweep-423,run_86dea0eb6b50ea9ce3309a4a3a3e94ff,0.7432460784912108,0.2902043107523782,0.4323001524783028,0.2515151515151525,0.1543114339861027,0.5805381469138511,0.3911450706715846
423,trim-sweep-424,run_9eece292ddefe1eb432da756e6236453,,,,,,,
424,hardy-sweep-425,run_cf0330dab7cfee136e2686aa9782c90d,0.2505850791931152,0.7251886704382691,0.4240062440201068,0.5872436944293232,0.27342072015161173,1.125745364737538,0.9905739600772957
425,drawn-sweep-426,run_c2203ab27cc4ba30182b103cdd5e5c13,,0.7649343519798317,0.6201702420353227,0.5706223915804758,0.562934301958307,,
426,hearty-sweep-427,run_ed547ac5f3b0acf8c03e6dda198a5cd7,0.6598595778147378,0.6611906432889163,0.28179136472026595,0.5786064235166041,0.25566961465571747,0.7951571837115536,0.7182254882676103
427,bumbling-sweep-428,run_5884356ec59239c095321571ebcb770f,,0.9344753667074426,0.6530132590181705,0.7258029395753948,0.5473626026531891,,
428,fine-sweep-429,run_8fd007ae68040b52a083c367f054564f,0.45479695002237946,0.38836644578039303,0.8529623298297405,0.31262928688078473,0.16088123815540284,1.0842599310228032,0.648742020768582
429,zany-sweep-430,run_f161bff7d497ed1ab2d0150b6b824eb3,0.5713677406311034,0.47853976017986133,0.42922731389011626,0.3750499001996011,0.17244156664560847,0.7726331618782671,0.5950833011592642
430,different-sweep-431,run_43e9d0e8ee0d2b5715e617e43a15bd6f,0.7041056950887044,0.539063994057793,0.7164302156293192,0.4399745962620214,0.21454516740366386,0.944148125685346,0.5719796446475466
431,fancy-sweep-432,run_2d108905c73f189e53c67df1146ee271,0.054031213124593094,0.517306150536565,0.5391022627075374,0.4367809834875711,0.2105653821857241,1.2054434241314997,1.0630015773525074
432,splendid-sweep-433,run_16201b00e36a1bea26c3260620c6eea7,,,,,,,
433,honest-sweep-434,run_c69e5efe02ffacc24350ff4140042a53,0.5169113477071126,0.7405299948081967,,0.7187624750499003,0.18131711939355588,,0.8847994345043365
434,celestial-sweep-435,run_1db08a6004db053ea03e4a56aed3b7bd,,0.4572820739931478,0.6321842031775555,0.43707131192161136,0.12133607075173872,,
435,cosmic-sweep-436,run_41467f3d6f948dc7dc48240810709187,0.5679643154144286,0.4694263358459918,0.5670467959984063,0.40814734168027594,0.15014213518635647,0.8535560827462806,0.6130103963509244
436,summer-sweep-437,run_c9cf977ff671eb890e378adfb6acde26,,0.5756994336594072,0.37313872657441194,0.4514062783523869,0.4868445988629192,,
437,playful-sweep-438,run_71df669fcab308cc7f3a0a7db896fde3,0.5654116471608479,0.39315819120322404,0.7763557282372997,0.33585556160406504,0.15200568540745474,0.9727119905195505,0.569887465277154
438,skilled-sweep-439,run_ae3329034adcd4f42ec87fea2aee7857,0.5620082219441731,0.5211709387777872,0.4880857402164491,0.4432770821992384,0.19196146557169863,0.8376655865401561,0.6520587193742673
439,stoic-sweep-440,run_3e831139e7c3df5105552440096d4b05,,,,,,,
440,ancient-sweep-441,run_029d77f471659914be42112c78378c16,0.4479897022247314,0.4551992811176242,0.788482621907159,0.345254944656143,0.14249842072015212,1.064719023700399,0.6664999216558052
441,unique-sweep-442,run_985316914f6e50bcc673a2d3814de54c,0.700701872507731,0.804769516741823,0.5138544437686294,0.6966612230085287,0.2926247631080226,1.0006396622051383,0.8127394913181861
442,earnest-sweep-443,run_33d403b9e337bd8c8d86d47689ac8476,0.05147854487101236,0.5631541057762162,0.8579553505349667,0.46679368535656024,0.11388186986734064,1.397470171847757,1.0632771867266098
443,decent-sweep-444,run_0c236fedc50a192e31e7b373f09169c9,0.24888316790262854,0.7042580931769447,,0.7530938123752501,0.7680827542640558,,1.3119748103891848
444,hopeful-sweep-445,run_f733a7d5dee51b60d78e0969707bfbe2,0.4505423704783121,0.41872958768174984,0.49127316656819126,0.40059880239521056,0.13254895767530075,0.8476953924787244,0.692785907262033
445,sunny-sweep-446,run_e1b26d5a256e09a6f236342dbc2076c6,0.544990301132202,0.48101409728845246,0.5522957281201438,0.3927599346761026,0.2253790271636126,0.8622290642014736,0.6419422857514194
446,sandy-sweep-447,run_b371ce6a71b48df1fadb9de9a5113b21,0.24547974268595374,0.2971830999714844,0.09124106569894595,0.298040283070224,0.1685881238155404,0.8160536414205841,0.8285836014075332
447,rich-sweep-448,run_e748dac6a8288dcbb2eaa9bad143a115,,0.631609864868639,0.44825386425435015,0.5031573217201973,0.43125394819962265,,
448,honest-sweep-449,run_6fbd65af488cffe3dd23ba206aeab078,0.5654116471608479,0.785473899995091,0.46766814928903694,0.6551805479949199,0.19891029690461262,1.0122004652520067,0.8109832878111928
449,dandy-sweep-450,run_6b64eea35adb33e12ccf616704516716,0.6113592783610026,0.9326343435162308,0.4086635198196608,0.7820540736708411,0.3090492735312695,1.0898872885089659,0.9263701409973464
450,comic-sweep-451,run_d917f4d9b936439110b75f7c6459a725,0.6300787130991616,0.32140441849520185,0.5732119442750367,0.2699147160225011,0.14957359444093507,0.7541316143685922,0.4817343381801438
451,visionary-sweep-452,run_dcbec6cf9b3f21cae8ccdce72a5be4c1,0.5543502171834309,0.5206213440416119,0.45662853408114706,0.42074033750680534,0.307501579279848,0.8235046635771086,0.6856991919124569
452,vibrant-sweep-453,run_66d6c445197dbbb6f28bb9e71a120444,,0.8970985434959791,0.8013726160066761,0.6856650335692249,0.829611497157296,,
453,stoic-sweep-454,run_19432abf3ce29bd76bb6346fb3d982b2,0.37311196327209467,0.5161945495131728,0.7716831879029494,0.4178370531663962,0.1572173089071384,1.1202412088616156,0.7696061952786943
454,hopeful-sweep-455,run_5190f8c2376047140be4827246caf86c,,,,,,,
455,peach-sweep-456,run_3844a68346c225ea86a5f79891cfd88f,0.8172730604807534,0.7050562362069801,0.44123133812921983,0.5878606423516614,0.33175931775110584,0.8515741449737217,0.6993093122266123
456,easy-sweep-457,run_45767ace83cdec1e16652fec670e5476,0.5211655298868815,0.4966088643874449,0.7039232634108779,0.3797314461985127,0.1780322173089076,0.9856017323075882,0.6365327103931511
457,absurd-sweep-458,run_7309a74c9f5a2703ffcc51f7d34365b1,,,,,,,
458,earthy-sweep-459,run_1bbc16ea518918956c2d4c0c13a8cf13,,,,,,,
459,restful-sweep-460,run_96368d4b356244fd2d8f4be349c2cb0a,0.5415868759155272,0.4707153372488464,0.6068625996226794,0.4213209943748873,0.13027479469362174,0.8944259253146556,0.6361017959150841
460,northern-sweep-461,run_be0797cc9fa79c9254603bc3d30c39d9,0.8053604761759439,0.6471559862353651,0.3512789869866428,0.5492469606242073,0.35042640555906407,0.7616379333076086,0.6799672298739333
461,devout-sweep-462,run_0b4f5bc4cd73d063c1b96300b37a2591,,,,,,,
462,smart-sweep-463,run_598b2f9c9b6d80058fcafe37b73ca7d0,0.43863018353780103,0.8202268116370579,0.3363287441718572,0.7239158047541286,0.21429248262792175,1.0492974399660542,0.9408036093247404
463,fluent-sweep-464,run_9f4dd6c02913d5572a5367af5ab0db27,0.4479897022247314,0.4339501709897484,0.8090092746602994,0.34122663763382405,0.18119077700568384,1.0712255253859275,0.6737811846235758
464,silvery-sweep-465,run_ae909e3414bff5320d85f8df7300592e,0.192724863688151,0.16673752577864498,0.7480688102091888,0.12130284884775921,0.06476626658244014,1.113149357911098,0.8189030444032581
465,ethereal-sweep-466,run_8c44bd0a190879574249c0560ba69bd5,0.265049934387207,0.7484480139708816,0.21138127040929874,0.6853384140809288,0.20178458622867934,1.0700504988275341,1.0249670043463304
466,divine-sweep-467,run_1d28ab8f47b8b6e99281e3f8aa4f96cb,0.4054454962412516,0.7620111226143198,0.3014865767657681,0.6798221738341498,0.16669298799747295,1.0124476109397902,0.9183897855616243
467,playful-sweep-468,run_3e87d68ecf1d56ae24ae1f7bf7b25a8d,0.2752606074015299,0.3923761125518115,0.9011214704166236,0.3278715296679378,0.13832912192040386,1.2211576906080102,0.8073920194812819
468,sandy-sweep-469,run_ebf5411679de3b6561bb0c15076b06cd,0.1178471247355143,0.20131154105456028,,0.1554527309018332,0.055511686670877865,,0.8974635336543111
469,dark-sweep-470,run_3b00ec9f8822271aa4c9b1264584be57,0.08721550305684406,0.5234774686774832,0.5259924873344272,0.484648884050082,0.2056064434617806,1.176381015999924,1.0537239146302804
470,usual-sweep-471,run_3fb2ab98aa810dbb92ce767b523defff,0.9891513983408609,0.7379611351593183,0.5181960784800109,0.568698965704954,0.5390555906506622,0.9017934934981788,0.7836562611014969
471,sandy-sweep-472,run_01281e7f5d92e47ffacc0e2cc5b64ad4,,,,,,,
472,flowing-sweep-473,run_943567c19b455af53f30d7a59e14d0e8,0.24292707443237302,0.892092183835008,0.005403247482910581,0.8162039557249147,0.2877289955780166,1.1700500306270671,1.1498418529801646
473,colorful-sweep-474,run_739f909d1119bec1ee8bb77a87ffc778,0.3135502338409423,0.7550190977262075,0.3189608318925422,0.6558700780257674,0.20585912823752314,1.0691132454855772,0.9714714722461304
474,twilight-sweep-475,run_0353d32df49db7543c867879fd96d188,0.3671558698018391,0.8201193296920448,0.5144411691315105,0.6445109780439129,0.2626500315855986,1.1566058639649857,0.9406758915999197
475,glowing-sweep-476,run_a42d0b208cd6c79d77fe6bcb06833d6d,0.019145011901855465,0.4331335625310091,,0.3684086372709127,0.15930195830701147,,1.0598011821154338
476,magic-sweep-477,run_c1ba42e81c95ab84d9bab0c490a6228c,0.5688150723775227,0.4723075292494272,0.7882278855565235,0.3834331337325354,0.171620341124447,1.0150359814131749,0.6019924844551009
477,zany-sweep-478,run_837b84f1315c4d4c5f45a141d3e39a3e,0.08976817131042479,0.4651966182449856,,0.35839230629649893,0.2677984838913446,,1.0142401368249012
478,generous-sweep-479,run_18ce4fcfa0b82fc940fce0c0533baa8b,0.21569887797037757,0.6492201282234191,,0.5307022318998366,0.16091282375236887,,0.9605550717206971
479,peachy-sweep-480,run_060ccbc1b70c8612c30f361f91bc0dd7,0.2361198266347249,0.27550999238283413,0.4854539319221121,0.22759934676102458,0.10860707517372246,0.9460888939111328,0.8044314008567781
480,neat-sweep-481,run_ccadd8a470f4babd02c9a08e29d6f4a8,0.33312042554219556,0.3123121876633208,0.9304174831148432,0.27180185084376723,0.2136291850915977,1.186568144809994,0.7511604633325825
481,classic-sweep-482,run_54156ee0c9269b0b8b3b3017071a9886,0.5305254459381102,0.4319292067131517,0.6707823268380737,0.3377789874795871,0.1899399873657611,0.925698723409384,0.6087513450456195
482,crimson-sweep-483,run_f95ed94309e795b392364e608486a764,0.9304404258728026,0.7109832559180838,0.47402146821034746,0.5903284340410094,0.37620025268477664,0.8573401173822032,0.7034577631316306
483,atomic-sweep-484,run_464e7e681b2a999f21e56b7096932093,0.5279727776845295,0.5830795536138491,0.6375734617502862,0.48933043004899357,0.24587807959570473,0.9845259689706655,0.7229868590814519
484,wise-sweep-485,run_09950160047388f1c670fdfb7b5ebc88,0.34928719202677405,0.17407683559765363,0.5016561388407899,0.16721103248049385,0.18280164245104258,0.8398742672500109,0.6962780538882379
485,fast-sweep-486,run_f6d072254cb9074b49a95c0f225ac785,0.48032323519388825,0.7081510111332685,0.21196598758030405,0.6338776991471603,0.27319962097283523,0.903588055664367,0.8640039989809918
486,classic-sweep-487,run_91b64cd4ccd1c5fe84d57dde62008dd1,0.17996152242024738,0.33743000974071613,0.7717036781470272,0.26410814734168087,0.1276531901452939,1.1755206008618433,0.8709256886542296
487,celestial-sweep-488,run_d3399d838df79f788d63b917f1a254e0,0.06594340006510416,0.6390677824152453,0.7779873564999413,0.5509163491199427,0.12727416298168037,1.3733658249996044,1.0918650411897397
488,unique-sweep-489,run_106ba107a019f1b5f1582c99970d340f,0.9551159540812173,0.605675448954313,0.4078541960459121,0.5232988568317912,0.37417877447883885,0.731575267676748,0.6448767528838241
489,generous-sweep-490,run_e7aff4222d04598c03ef5adbce4e7284,0.6581576665242512,0.2611723404303343,0.42157595456238683,0.1966430774814009,0.20011054958938637,0.602323383098474,0.44223174121094877
490,frosty-sweep-491,run_15710e6b74ed29c14bfed3e7d456f6ee,0.45479695002237946,0.31050196007956465,0.6617036558167054,0.24011976047904268,0.16824068224889513,0.9118714608097702,0.6190386031912601
491,crimson-sweep-492,run_7ce473b6b49362a8b5c5d78b211ae4f9,0.4258668422698974,0.338879572744446,0.5322205258441455,0.2548539285066232,0.15737523689197772,0.8530691271863118,0.6475695892081437
492,frosty-sweep-493,run_026476ee20f24b501f5db9d43b3c8920,0.49308657646179194,0.7338352843833902,0.12003637089453768,0.670205044456542,0.1779690461149716,0.8999356498699275,0.8589580909178836
493,deft-sweep-494,run_982fdfaf487550a862ded0d8b2801353,0.7738777001698811,0.8141656223411231,0.3153107931732142,0.7018145527127565,0.2524478837650047,0.9018968074974497,0.7793618510661771
494,whole-sweep-495,run_2be5c079a19c300673ae1e413977b60c,0.3688577810923258,0.7674944829448358,0.34354525305985145,0.6647250952640181,0.16659823120657058,1.0513855728220836,0.9316409841793235
495,fragrant-sweep-496,run_ce0008fa5508528068f2eed544159187,0.46670913696289057,0.5375761171776401,0.2470908777332166,0.46385410996189486,0.24960518003790275,0.796518127990584,0.749574896744255
496,lemon-sweep-497,run_ccb2fa0f21a1cc33aa5cb770b5978071,0.3867260615030924,0.5544446743806897,0.45332604828830053,0.4804028307022327,0.3482785849652551,0.9428776838197542,0.8533403635898325
497,treasured-sweep-498,run_6a017b1d089431d4ca74afe50659c722,0.3509891033172607,0.5799688217599037,0.8434144870565115,0.5116857194701506,0.13485470625394888,1.211992976548669,0.837390716046851
498,rare-sweep-499,run_89ef24fb6271aa30ede07a57ac97ca8c,0.824079910914103,0.6746628551953897,0.3017164594034168,0.5759571765559794,0.34663613392293124,0.759704329196115,0.6948605301147576
499,stellar-sweep-500,run_fdd9e7dc60fb0f56759dbcf3041c8fa4,0.6300787130991616,0.8734385659358552,0.5475265085476347,0.7077299945563432,0.353079595704359,1.095226900933692,0.8731487299422978
500,ancient-sweep-501,run_eab90fe149bcd9e57ed5a23d2da7c239,0.7185705502827961,0.578959590203441,0.5233834044668461,0.4634911994193442,0.22556854074542088,0.8296547054817267,0.587288509747406
501,helpful-sweep-502,run_d97b89a427ac8d4069e8b936c0e2b3b0,0.7917463779449462,0.6004525256850681,0.35975004470945626,0.5221375430956273,0.30611181301326795,0.7302964475944562,0.6400793912283516
502,usual-sweep-503,run_e3ce23b39058a956209320c851a12750,,,,,,,
503,balmy-sweep-504,run_f0924b6c6520b951a2e439aa77052296,0.27100602785746253,0.7593391799195341,,0.7932680094356748,0.39189829437776313,,1.1464251477311516
504,lyric-sweep-505,run_865b4e9b13d18fd9024d7eb1fba8e1f2,0.6632630030314126,0.25656047629296497,0.4609297950852971,0.21395391036109604,0.16220783322804846,0.625836527473804,0.43067326599960293
505,vibrant-sweep-506,run_8ad7c194ddfdcf885d80faa5c830a6b4,,,,,,,
506,lyric-sweep-507,run_6f233048f4c9e663563bcb0c54460848,0.6419909000396727,0.8662102058139531,0.4277307376209334,0.7418072945019066,0.26208149084017623,1.0302641506994226,0.8643698778136889
507,astral-sweep-508,run_6129c3909dbf1b286adf39de1f5ed907,0.4701125621795654,0.729759380980322,,0.7199237887860642,0.17076753000631759,,0.9100728035297204
508,soft-sweep-509,run_702af4dc3dce7c9606d057172ca9003d,0.12720704078674314,0.13051010099761573,0.5181711240371233,0.11179459263291669,0.0801800379027176,1.0233776184285728,0.8835691365548453
509,feasible-sweep-510,run_d662ae10c4ddba34293e302c035ac149,0.41735808054606116,0.46711690294307173,0.38845705646835643,0.43725276719288786,0.1670720151610861,0.8417652238244088,0.7473785165314789
510,driven-sweep-511,run_cdb79a5856d879ca52a79859237deee6,0.59434175491333,0.6365446116674058,0.6190291488686971,0.5144075485392863,0.34941566645609634,0.9761888862298673,0.7424722525225794
511,bright-sweep-512,run_78cebfa11773790a506587dde656e9fb,,0.6643227224322801,0.5714828819462376,0.5340410088913087,0.5091756159191411,,
512,feasible-sweep-513,run_f31cc63ddfefde161f5399efb6f66835,0.6700702508290608,0.3086742732301384,0.4291770820923246,0.24414806750136084,0.17932722678458649,0.623158418169437,0.44790643277240216
513,fragrant-sweep-514,run_cd5dc35f0a16e718b225f11c0c24b013,0.6147627035776774,0.8333557241771463,0.3309471808370793,0.7152059517328988,0.21991471888818884,0.9759178111283793,0.84159955533057
514,youthful-sweep-515,run_d5dfa3ecfcde277ee99d9f18a798a203,0.3118487199147542,0.8957690460250718,0.26073266624069796,0.7626020685900944,0.20573278584965096,1.1592824898809664,1.0475877426136255
515,fancy-sweep-516,run_f1fb4342adf630ea83076e3198d5fa2c,0.32205899556477857,0.5626527864423698,0.8185874431616867,0.5007984031936132,0.138423878711309,1.2026086502632465,0.8541453133591455
516,dutiful-sweep-517,run_6a33a5035710b944f15f5836ecf342db,0.38502454757690424,0.7572584984263373,0.4214632071015178,0.668317909635275,0.21024952621604648,1.0626695043437537,0.932227707535196
517,distinctive-sweep-518,run_20d1140dc047f161b193279b4ab67129,0.6368859608968098,0.8401364388017729,0.5171912877309588,0.7034113590999832,0.29259317751105574,1.051269646333026,0.843949117560256
518,crimson-sweep-519,run_6bc45b566851cd2c06aa596b2895415b,0.24803241093953446,0.558577526686189,0.8392404906468989,0.48279804028307066,0.1978995578016427,1.2576918181563863,0.9152668669173316
519,expert-sweep-520,run_a99672bb3b291126cf7630c08d2845ec,0.7296319802602131,0.6163589080354104,0.5908787661977672,0.5088550172382513,0.40440619077700585,0.8956198333869192,0.7039720603868614
520,icy-sweep-521,run_1f6a0f52e5a9579b5112308db26d84b3,0.6794297695159911,0.71530701262424,0.35545542753259673,0.6372890582471425,0.15187934301958284,0.8606845856319064,0.7293627021380793
521,deft-sweep-522,run_9f68e9b77c0e8c6561717d54846e13da,0.8555626869201659,0.7096574211503657,0.42890447540778304,0.595953547450554,0.41059696778269056,0.8416857144019584,0.737978751781487
522,worthy-sweep-523,run_7a60659b9682f44d36a2e9db10f66a8c,0.5747711658477782,0.7282289556750534,0.3115571510377179,0.6288332426056981,0.17869551484523072,0.8990021310546356,0.7798608179837325
523,honest-sweep-524,run_f7da0084687d549eaf56859d511abe5a,0.5305254459381102,0.6967680711833082,0.2904831756900335,0.629159862093994,0.13738155401137236,0.8889727652133583,0.796945531617013
524,sparkling-sweep-525,run_a4ba7cede5c982def37717ec8f9f0387,0.43437560399373365,0.7595749708488788,0.3793071368323275,0.6351115949918359,0.21097599494630484,1.0201759641108326,0.87624686355736
525,balmy-sweep-526,run_0675eef25d255853ca06933f5775d926,0.5322273572285969,0.45078958416413206,0.6859313185186502,0.34590818363273473,0.2176721415034745,0.9447350254123893,0.6211641313019844
526,kind-sweep-527,run_c790de622065eb822a920844c223ff00,0.6539034843444823,0.8758992472212359,0.3386563056373992,0.7675376519687905,0.3416771951989909,1.0008348429084537,0.9086474294563891
527,sweepy-sweep-528,run_709497bb4707fcd3df3be6ba35f18f5e,0.7236758867899575,0.29672583276703124,0.5988544235711172,0.2349664307748139,0.2506475047378391,0.723206648201812,0.4408950110442132
528,stellar-sweep-529,run_2a06d5d0a9043b80bc34dd8e203427e1,0.32801548639933265,0.49053298829473,0.9457853996338678,0.4211395391036114,0.16204990524320886,1.2596411478215048,0.8094330544923778
529,faithful-sweep-530,run_d801c522d04576a11edecc7433b3b13e,0.3943840662638346,0.8408490677086755,0.4227510739386586,0.7044275086191257,0.25598547062539573,1.119158739579853,0.9635960436125613
530,genial-sweep-531,run_2749d868d79b2ffa66bd82645ddda90e,0.3475856781005859,0.46611696665854874,0.5987858111685599,0.38219923788786136,0.18166456096020148,1.0007266967974968,0.7776391949808066
531,radiant-sweep-532,run_ec48756c93789dc7a9fbb66902dad044,0.35183986028035474,0.5458338124374782,0.4440419352249206,0.4828343313373254,0.18175931775110538,0.9566709767520465,0.8284183772881305
532,gentle-sweep-533,run_9a04e53c85a9562a7fb617857e1c2924,0.5271220207214354,0.45971981890468516,0.5872851020772522,0.4054618036653972,0.13536007580543372,0.8830966460712121,0.6374442780668976
533,glorious-sweep-534,run_7c9af5535ead683ede8fafed27aa6818,0.16294399897257483,0.8653603900258657,,0.8438577390673201,0.38494946304485056,,1.2493777338092562
534,gentle-sweep-535,run_e43034aacaf9b622109d088ca9cc2b58,,,,,,,
535,wandering-sweep-536,run_813e26e077afd240d6570f007406ea02,0.556051731109619,0.6604837505063448,0.6190435919021308,0.5296860823806938,0.2528584965255858,1.008237977269645,0.7359312675676668
536,fearless-sweep-537,run_87fb4b1a29b02b658df2c041f25a77da,0.6607103347778319,0.6720689919613405,0.2525135446885388,0.601723825077119,0.17531585596967922,0.7940763799117021,0.7126883526103057
537,still-sweep-538,run_c4a7d100df66b02a3df7a1a2c6aa6bb8,,0.707901776328276,0.5757745721722695,0.553819633460353,0.48719204042956465,,
538,lilac-sweep-539,run_8f99d3ac1275240c73e876daa1f50b02,0.7338865598042805,0.782830492306414,0.4841708275504644,0.6449101796407192,0.44050852811118246,0.9581551716650101,0.8250898534073158
539,twilight-sweep-540,run_a25476c986052dfd060629a12ab5bfbf,0.7891937096913655,0.6352057324423588,0.3041077303580075,0.548593721647614,0.26978837650031434,0.735123884950571,0.6466684865984607
540,sweet-sweep-541,run_aec8ef230a56c2896dc6604aaf6fb1c4,0.42501608530680335,0.6355942913949386,0.6449061034678134,0.5325893667211042,0.15345862286797288,1.0726091961659594,0.7986285022667516
541,desert-sweep-542,run_58d26a87bbcb46fb415be6d283a779c8,0.3399276733398437,0.3415870315908296,0.9182170860550078,0.2899836690255859,0.13103284902084794,1.1813127416975304,0.7327725515100936
542,different-sweep-543,run_62e51f90be85d84429b154905ad8d269,0.6496489048004149,0.6625372505635885,0.3220932505929437,0.5347305389221567,0.31884080859128183,0.8157484663604565,0.7143823208805431
543,comic-sweep-544,run_2e003eda48fa3c4c68907b6f59672376,0.49989382425944,0.7958289908472205,0.6411740623893143,0.6475231355470887,0.6195988629185116,1.1377847546735584,1.0263016851844753
544,frosty-sweep-545,run_5fe867b8e1c71c2ef39af7c607455698,0.7475006580352782,0.7527684350994743,0.5715182839598139,0.6121393576483415,0.4064592545799115,0.978289008154083,0.7769682339120428
545,pleasant-sweep-546,run_e9a002a1612b0386e9a73fcc73383883,0.365454355875651,0.4487499185914947,0.4099740439780637,0.34993649065505333,0.24423562855338074,0.8786941337284467,0.7646925945921172
546,astral-sweep-547,run_4fca501f1432c965208e9c3e9fc79e8a,0.5807276566823323,0.693989205502878,0.43352139453269944,0.5934131736526945,0.24951042324699835,0.9194297769504644,0.7682343026997346
547,effortless-sweep-548,run_a5a0295eb113e14f33c3cd44cd308790,0.23526906967163083,0.2580314957411525,0.5152714766120077,0.22915986209399364,0.1248104864181946,0.9575480892389834,0.8080255538754808
548,balmy-sweep-549,run_b3254e054eba32324c11af5ad39f020e,0.5781749884287516,0.5899212653372445,0.2606965814798297,0.49404826710215993,0.2713360707517371,0.7706530654447882,0.7040193846086361
549,pleasant-sweep-550,run_47c4afa444b8cdefee74ee1b5a8d135b,0.6734736760457356,0.6309782045790984,0.7322712726331684,0.535311195790238,0.18087492103600708,1.020281408050126,0.6526049751827223
550,celestial-sweep-551,run_a8b59b1ea1125cbc7122d5ce36ff7054,0.7934482892354329,0.7275034360108998,0.19774955711672942,0.634313191798222,0.24771004421983633,0.78168391691738,0.7116017850711244
551,distinctive-sweep-552,run_cbbe63b3ac731f4ff503940445900e7d,0.46585837999979646,0.7110549158221802,0.1703200639557193,0.6266194882961361,0.5790745420088441,0.9054917380723083,1.0066213680086997
552,breezy-sweep-553,run_eb267304a26acf2aa6859a5f5e5eb983,0.5569028854370116,0.7879046774601628,0.42925692983236297,0.6886771910724011,0.5007738471257106,1.0006949312886297,0.9598884166414882
553,treasured-sweep-554,run_6d35793fcb37f4a30925f114cbd0453b,0.45309503873189283,0.515324066885773,0.5170681389042945,0.4682453275267662,0.18412823752368912,0.9121531619422877,0.7431432777492496
554,easy-sweep-555,run_dfec482126e52e4ec6e735becd5c34c8,0.566262404123942,0.16915844537087077,0.48163951372083064,0.12133913990201488,0.10143714466203387,0.6698652871241132,0.4616719433382212
555,clear-sweep-556,run_c8538a8349240e066ca593fb03c9f3fe,0.7611147562662759,0.7827963160922047,0.49318671679629067,0.6277445109780443,0.4269898926089697,0.9555466340192676,0.7958955327974924
556,sweepy-sweep-557,run_e02e66debde96c6b44402b631d692701,0.721973975499471,0.767685867142732,0.4466657052825828,0.6512611141353656,0.48242261528743074,0.9306719686258119,0.8568378427830852
557,super-sweep-558,run_2891dcf5d598955fb0bdbf71bcf19bc9,0.6232714653015136,0.9047945382178866,0.44146577203513143,0.7484485574305945,0.34085596967782644,1.0749277059986695,0.9045896440049587
558,feasible-sweep-559,run_3875ccf535b8e619f9d8202762c89807,0.9559667110443114,0.5369099907268948,0.31682347362409335,0.47336236617673855,0.2012160454832585,0.6249707050077196,0.51623517626041
559,generous-sweep-560,run_99031d048fa5db37073005be8c50f505,0.8019570509592691,0.4561422095680103,0.35543060004792193,0.3596987842496831,0.3243051168667101,0.6112426984960737,0.5232380279388914
560,noble-sweep-561,run_18bf724cd5fb034843cd83b405f2c2f7,0.2659006913503011,0.5456371617083837,0.580636578896135,0.46026129559063733,0.19436197094125085,1.0834023001403286,0.887985828111522
561,peachy-sweep-562,run_05a306c120635f31f5ff1321fc5dab7f,0.20463744799296057,0.5354357870248498,,0.5406096897114869,0.4404453569172465,,1.057758260745366
562,rosy-sweep-563,run_ec078220b21423d8bb724dae21ad22cc,0.7602636019388833,0.7738937539934949,0.3145007835404915,0.6475594266013441,0.4706411876184476,0.8690775718386968,0.8356493756465582
563,atomic-sweep-564,run_9c36ccdc63838bafeca8deeae7c7254d,0.7134652137756347,0.8251646310364928,0.07410280563474517,0.7412629286880795,0.2744630448515492,0.8766356585453132,0.8407751638536043
564,pleasant-sweep-565,run_7cc032863e150879605e7bf251ea1d55,0.9508613745371499,0.6591842405833681,0.41638395680720763,0.5425331155870081,0.22629500947568082,0.7812260025320947,0.5898866139645166
565,glorious-sweep-566,run_8ab668515efa63352c7f64417d02a2c5,0.45820037523905427,0.601595263024111,0.49136609863619074,0.5244964616222113,0.17155716993051232,0.9470503348677417,0.7733532402465824
566,northern-sweep-567,run_6b9a07408385f59e49806f93e8272dbb,0.7194213072458902,0.3739280853932301,0.5303879790772921,0.2909635274904743,0.1593335439039791,0.7070063820243393,0.43447825649887983
567,lively-sweep-568,run_5f4948fd430b8fa88752c47546d378de,0.2795151869455973,0.2756948091058531,0.5967580697010925,0.23068408637270985,0.09862602653190174,0.9753082524839644,0.7629158581764577
568,valiant-sweep-569,run_6fe93c8378090f9c741fb1f39e14c128,0.555200974146525,0.9560482437814093,0.4167297233732673,0.823244420250408,0.3773057485786484,1.133815717028335,1.0089287273064065
569,vital-sweep-570,run_92e73e6d9c8d8a2bcfa1f2145fb1d4f3,,0.6970793413961136,0.59305564315746,0.5272182906913448,0.49240366392924884,,
570,vague-sweep-571,run_52ef09e81910322de9062298fc575acf,0.4760690530141194,0.4975886181801852,0.5853975014206724,0.44004717837053214,0.1176089703095385,0.9299399468898806,0.694245652704184
571,different-sweep-572,run_7686e3796d0da73fb3424f994993da7a,0.48883199691772455,0.5771241411139605,0.5044566404536853,0.44200689530030957,0.23952937460517937,0.9213259486899664,0.7169638374192162
572,smooth-sweep-573,run_8086c0e7b71118f2a301b54aef44cdbb,0.533928871154785,0.3617490988980392,0.5782860624876724,0.2336962438758845,0.16947252053063772,0.826135266021305,0.5482309429061417
573,silvery-sweep-574,run_06eded2af9b56196bffe88a0ae49d571,,0.8845154413155782,0.6299181304945399,0.6953184540010898,0.5809380922299445,,
574,grateful-sweep-575,run_a7eb41d4bddd902aeaf3bba35639eda6,0.5985959370930989,0.3305889600598628,0.4176681150925391,0.27481400834694236,0.30080543272267973,0.6669789626341924,0.5719544293537373
575,eager-sweep-576,run_baa453bb700301aed5a7264d82ac1202,,,,,,,
576,good-sweep-577,run_9619bb990c60de9064b8c6ff014d8ed0,0.49308657646179194,0.44177986415346027,0.6294306152641,0.38698965704953786,0.16934617814276673,0.9210393947961292,0.6598487263593886
577,tough-sweep-578,run_a000fef669aa1a0420c111bb713c3926,,0.2536020853188812,0.7746750344665675,0.20194157140264876,0.30364813644977967,,
578,firm-sweep-579,run_f1b44f29ad0978fa17e904608d75ecd0,0.44543703397115064,0.6699344727348024,0.246918815586139,0.6156595899110876,0.17705306380290586,0.9040581743116061,0.8473043144834087
579,dazzling-sweep-580,run_75cf82bde4756906ebf553765e176708,0.3399276733398437,0.7678799832689016,0.7982744137170105,0.6483941208492112,0.24960518003790233,1.289409626427086,0.958338749230212
580,worldly-sweep-581,run_98572988aa37e7beda33740976e902ee,0.29653271039326984,0.6351234233190972,0.5041745792310144,0.5060968971148622,0.2739576753000642,1.073517581010194,0.90887463638928
581,fresh-sweep-582,run_e0a71a9492dcead67bb7fbbd1cd2693d,0.14932990074157712,0.3347628989069662,0.6899518829608604,0.29107240065323925,0.17828490208464962,1.145311930025252,0.9165960214324018
582,rose-sweep-583,run_3d9d241b9314390af6dfaa5fdbeb55eb,0.3135502338409423,0.7690687780876195,0.5367100833067194,0.6506441662130292,0.49256159191408816,1.1622124506354743,1.0663808111157167
583,royal-sweep-584,run_b6e32c2137d6727df76e7fa5607c3183,0.7355880737304686,0.654055316614425,0.3816446121363677,0.5450009072763574,0.34846809854706323,0.8020939059224165,0.6988345093014673
584,lyric-sweep-585,run_23563a17d45ab84429fd347e2e96b8eb,0.3943840662638346,0.4420964258257314,0.7100635270202518,0.3892397024133564,0.1343809222994316,1.0326713520416133,0.7323499419048326
585,polar-sweep-586,run_43d8c63d829e4bdb89f18bcd0eec92d5,0.5364815394083658,0.86732526498841,0.3278000130847528,0.7422427871529669,0.2325805432722676,1.036607605207881,0.9054653099366458
586,fresh-sweep-587,run_1ade330e7ad693e7ea15e1953dde9895,,0.752695158428148,0.6140367912111521,0.6030665940845589,0.6872552116235,,
587,quiet-sweep-588,run_04e67362bd4eb61100c80bc12d7e2c70,0.6573069095611571,0.2571206079770354,0.4931751525191718,0.2015423698058433,0.16659823120657058,0.6532773471836549,0.43106014859023817
588,neat-sweep-589,run_079b9da8513ec2260f8da319009a59cf,0.5526483058929442,0.9471327494229138,0.19002304431212053,0.8204137180185095,0.32755843335439183,1.0645622295664576,0.990200350532654
589,splendid-sweep-590,run_2e6c52a896aea1685247a32d3e366803,0.08466283480326334,0.3042683251010341,,0.24164398475775753,0.39638344914718754,,1.02633024905136
590,rich-sweep-591,run_72f7252740d4a4697b59663f53032263,0.5696662267049153,0.5505261325602708,0.8402607248960883,0.4395391036109609,0.19448831332912198,1.0928422872825951,0.6451414450049843
591,good-sweep-592,run_e14a98098634d7875dcbe3707647f1b6,0.6249733765920003,0.7013509825158368,0.3921053941187831,0.6121393576483399,0.25301642451042256,0.8867270205862577,0.7611680974127636
592,effortless-sweep-593,run_951a245dc0b7ecfb8b1fb3eedc6e5803,0.1791107654571533,0.8633665861616384,,0.8242605697695522,0.7307801642451047,,1.3737919313779907
593,royal-sweep-594,run_9fe0012603711832a0c1a50d199710e0,0.711763302485148,0.5630672201730298,0.674971761544345,0.4569951007076763,0.20004737839545372,0.9250470080541462,0.5761457015963769
594,frosty-sweep-595,run_473475771fecd9cdc3cb6e31d755449c,0.5322273572285969,0.7191255230272819,0.3735213279411708,0.6544184358555626,0.14840492735312585,0.9356660438540774,0.8179845701330009
595,trim-sweep-596,run_2bfb4081d05d7605446fcef01522bc3a,0.5407361189524332,0.29460864899207806,0.6153274981469957,0.2247323534748693,0.17102021478205975,0.8224022729003441,0.5391436329934065
596,clear-sweep-597,run_cac09564a789e10ef826a39b22e8cd14,,0.4910317006574929,0.6522051508284065,0.35998911268372424,0.5216835123183827,,
597,fluent-sweep-598,run_b451529feae3a98ba0a4702bf7cdf138,,0.9141647192033768,0.4668142571822656,0.7747958628198154,0.5606285533796584,,
598,atomic-sweep-599,run_c6075f5b41a4e7c8fe3495291b12ca7f,0.26334842046101886,0.4624731706133045,0.4370998329811885,0.4357285429141718,0.16062855337965948,0.9734440133703538,0.8708136683058123
599,vague-sweep-600,run_329383199919ac27e50a9e435023a8e0,0.9049137433369953,0.6301793538605871,0.4067413378648761,0.5317909635274912,0.18892924826279195,0.7560462486954347,0.5723087330670605
600,drawn-sweep-601,run_b8b05d6b062148afeca9204894d2cc90,,,,0.8469787697332617,0.7069962097283639,,
601,royal-sweep-602,run_64a95d7dd52c1534027a386b8687e466,0.36290168762207026,0.8044301995901533,0.6178591928108819,0.6790600616947925,0.19047694251421407,1.1978114157864646,0.9504200611589092
602,fearless-sweep-603,run_f99b28e7acb2b5b6be45e9ee8809076a,,,,,,,
603,whole-sweep-604,run_f6a6d06502a1453b7af62169093b9f65,,0.2024788767315311,,0.1909090909090918,0.3004264055590642,,
604,dutiful-sweep-605,run_8f0425f88ce4aa5d7b97e1aa2374d9a7,0.41055083274841303,0.5202450382371802,0.498587808038721,0.4852295409181651,0.1624921036007571,0.9309645658717902,0.7805778064266506
605,gentle-sweep-606,run_1f81871bfd59e039984d1daecb894c27,,0.441201350460509,0.7182426957205819,0.3738885864634378,0.1226310802274165,,
606,devout-sweep-607,run_9f976b7afa50d33fab0441f91439d624,0.49649000167846674,0.6311615320519448,0.14444736997826296,0.5602431500635111,0.4031111813013265,0.8202147527602425,0.8543379484097537
607,rosy-sweep-608,run_f0cce13df4c13f39bb3a90c9cc0a800e,0.5407361189524332,0.37709457987585093,,0.2830883687171126,0.1450568540745431,,0.558662534856055
608,stellar-sweep-609,run_7e91a6d6afad069a6294268b82df94f4,0.32631357510884595,0.44277954963550714,0.6373922394427629,0.3948648158229003,0.14407770056854083,1.0277042354490458,0.7940591953114048
609,drawn-sweep-610,run_8a79f68b589a91ef0f9bc4062fb911f0,0.24547974268595374,0.9480332200595729,0.160301967752409,0.8472328071130475,0.4108180669614657,1.2221965987103185,1.2065967562893016
610,helpful-sweep-611,run_3b9dc4c9bcac725294193db0884af1fc,0.6071046988169352,0.7689448069240883,0.5042562807028609,0.6337325349301407,0.2933512318382826,0.9999586143513827,0.8012731049659355
611,fancy-sweep-612,run_fc1bfac653531e205560595699f15881,0.35183986028035474,0.7484688620167619,0.34807269136389424,0.6421520595173306,0.20478521794061835,1.0495102679837685,0.9350977594619323
612,tough-sweep-613,run_e22688275c59b45dc90a589d1368d574,0.6266752878824868,0.8092950823962264,0.27266407652965985,0.7139720558882253,0.1690619077700574,0.9320276657364368,0.8232310525762099
613,sage-sweep-614,run_2982bcdda5beaeb37325005d35ff08a1,0.5186132589975992,0.4276519362190987,0.5750773251327252,0.33200870985302205,0.2135344283006952,0.8633268806464135,0.6225431148931657
614,divine-sweep-615,run_4ac44ee2aa31da0e0d0a7ebe555d1add,0.3748138745625813,0.46814939317736526,0.5175570469745031,0.37947740881872577,0.17762160454832746,0.9369561583365335,0.7526023051024682
615,snowy-sweep-616,run_73533f2976f76ac5d91d7d3e8ce4bbe8,0.7100617885589598,0.570392709113023,0.24927705670647018,0.513972055888224,0.28280164245104256,0.6866957550933046,0.6543761988799748
616,dandy-sweep-617,run_4f8468e0896812576c2660fbc06b0ff8,0.6709210077921548,0.843193063547933,0.32068746596260644,0.719016512429687,0.2560170562223636,0.9602645345702389,0.8311573024018054
617,solar-sweep-618,run_5c453947f9cd7d3f6c37ab677bb2ac78,0.6938950220743814,0.7004156809889315,0.46240586092954145,0.6016875340228639,0.5011844598862927,0.8933653026103167,0.840781784377417
618,hopeful-sweep-619,run_89b1b33e6af9b05ef72b005f0ae6e3f6,,0.7232919586539879,0.5742961505113737,0.5645617855198699,0.609744156664563,,
619,sleek-sweep-620,run_610f94b661c25ec98434c1b8c453a70d,0.17230391502380368,,0.144275117884524,0.9273997459626212,0.3749368288060646,,1.2983561620339796
620,worldly-sweep-621,run_cca431773473a41c126ed0118696242d,,,,,,,
621,swift-sweep-622,run_38ad75a7e0775ccd2859b7ade31815a3,0.18421610196431476,0.5685458792670439,0.35253678023869617,0.4846125929958272,0.1984049273531283,1.055002353811071,0.9693901427095474
622,earthy-sweep-623,run_5a1d6fd373216314bca6012e76fb5024,0.3254628181457519,0.4915312183989684,0.32660537392453926,0.443313373253494,0.23687618445988587,0.8962557774659159,0.8412119134757523
623,prime-sweep-624,run_590c0a2b01db4315d77ea280ea3437cb,,,,,,,
624,crimson-sweep-625,run_ebe20ba57af795527bc1ad2315d24a8f,0.7653689384460448,0.704031733638598,0.31180189371690087,0.588804209762294,0.35206885660139026,0.8049427544499989,0.7250480068715076
625,crimson-sweep-626,run_0a372b475711fef6029eb1a70d88cd64,0.8368432521820067,0.46720132424315297,0.3305038682273823,0.41366358192705616,0.1719361970941257,0.5950882360174522,0.4767596241739191
626,worthy-sweep-627,run_9de3a70c1cfbf88a6aa0194309270610,0.48798123995463044,0.450675277659196,0.3162439912044286,0.3776265650517159,0.2837807959570455,0.7518521653254036,0.6966323086285691
627,sweet-sweep-628,run_ed7ef707373c6ce5c7247b2d6ff162fa,,,,,,,
628,proud-sweep-629,run_c0c9b46fed9eb25bccc9e395710e5f24,0.605403184890747,0.538656133056215,0.47507281530046347,0.4240065323897661,0.20434301958306997,0.8194823097608325,0.6142021293156568
629,woven-sweep-630,run_d6e5c96b9a2bb12d9d7f19419e5f0bfc,0.6802809238433837,0.37842248220310015,0.3143716703141641,0.3386136817274548,0.17029374605180184,0.5867311222283281,0.4958623529325632
630,curious-sweep-631,run_d822a1f1d20dd1b5c9d0d6100118ffc7,0.4369282722473144,0.749031982530254,0.25908947784109454,0.6826528760660505,0.19508843967151038,0.9722273597135437,0.9061590473471584
631,fine-sweep-632,run_89b4061a6b0fadcf066eaff1449762a9,0.6028505166371663,0.5225994239672795,0.3412832662407468,0.473761567773544,0.2166929879974732,0.7398054730010117,0.6550828850472932
632,wandering-sweep-633,run_2773e2c9de3bf6f62177bddf05e21bb9,,0.8263706362078151,0.6710730286956811,0.6152240972600259,0.7204832596336083,,
633,celestial-sweep-634,run_f51bc534fd03efcf49d5607c4314d70a,0.7551586627960204,0.6519624168793041,0.4407813192750172,0.5213028488477599,0.2537428932406817,0.8241907818270967,0.6293563350684374
634,dark-sweep-635,run_090b361b7b8675fd9e521fb72a765049,0.041267871856689446,0.4112957530305801,0.9622613593183665,0.32914171656686725,0.13956096020214726,1.4192527659414387,1.0232198320650996
635,robust-sweep-636,run_e529dc84e252a9bf487c2eec6b8f4a04,0.48457781473795564,0.42651242971880166,0.35346827035017603,0.3504082743603707,0.16043903979785362,0.7566456898108136,0.6435733627891783
636,effortless-sweep-637,run_11ce9c3d6dba30fccb1543123053323f,0.6096573670705159,0.8737748260977329,0.3445576348268475,0.7578116494284162,0.3097125710675942,1.0171380346452081,0.9069552049407061
637,snowy-sweep-638,run_404590efed13bccc07f09adb210d1c77,0.38842797279357905,0.38304670610616975,0.563856410546976,0.381800036291055,0.10968098547062613,0.9157942865267711,0.7292609483216758
638,light-sweep-639,run_f9a5e37e940012babda736b4423104ff,0.6802809238433837,0.6732998720499865,0.29624629683010933,0.5518599165305762,0.337855337965888,0.8020691203048037,0.7217450273632782
639,glamorous-sweep-640,run_eef974b6c07c071aa5eadb705b6dbd7e,0.7968517144521077,0.8378154270312641,0.5081911162371281,0.6642896026129561,0.5211781427668979,1.000730796125994,0.8684333932770435
640,divine-sweep-641,run_e55f2003c803dcdec31ffb23e60a8726,0.11869827906290688,0.7014874132146538,0.39458276416943394,0.5739611685719469,0.1687460518003795,1.1935128285883063,1.0651757490449043
641,sparkling-sweep-642,run_a522466dc759037753874cad9e17bcf6,0.7134652137756347,0.45482114853036615,0.6873458224174214,0.35900925421883506,0.18646557169930625,0.8725873827083483,0.4957410995273198
642,comic-sweep-643,run_2c05b6aa8f973117303143f88a2cc68c,0.6360348065694172,0.43668165834568695,0.614993451916012,0.3554890219560883,0.23507580543272322,0.8374834199338353,0.5604495883307448
643,skilled-sweep-644,run_4931af7e3021e78222638cc2799950db,0.3118487199147542,0.5343405370613725,0.4189642125413654,0.4690800217746333,0.10364813644977884,0.966748677382289,0.8392444145185387
644,whole-sweep-645,run_5372c86962ddd6fc3e563eca368a98cf,0.7168686389923095,0.800314709027512,0.28434615861343765,0.6659952821629466,0.47465255843335485,0.8952763478334925,0.865452560615947
645,hearty-sweep-646,run_ec36f2e237e16f6268b4fcece74f18b3,0.6930438677469888,0.4373996203383883,0.6026439382713143,0.39141716566866336,0.1580385344282996,0.805431692532057,0.5219249400747801
646,fluent-sweep-647,run_c28531546070ca80f44bec6223680b2b,0.5160605907440184,0.34989597776489356,0.7435347221233534,0.27379785882780006,0.19587807959570408,0.95366054237875,0.589517464877689
647,revived-sweep-648,run_d790ce8247e694f1df32e20cd7bceaa8,0.5475429693857828,0.7403859519572804,0.5505454710910388,0.5686989657049549,0.35393240682248983,1.0276132726598937,0.8083341058901824
648,lilac-sweep-649,run_0c8a140fda64365469d95469d92267b1,0.7738777001698811,0.6304349074716296,0.18903083891780226,0.5342587552168391,0.22575805432722598,0.6959253732270382,0.6225194062034719
649,olive-sweep-650,run_05ae21c5e112de826519f3d73eb30641,0.5109552542368571,0.4541747740097666,0.6451934661807786,0.3428960261295601,0.15671193935565422,0.928285568942945,0.6174958137757627
650,dainty-sweep-651,run_414cb9ee72c3d622c87a5fe95ebc9070,,,,,,,
651,volcanic-sweep-652,run_5734cc0b2a8aad44a94f0674774dbb73,,0.6489707619752001,0.6563290622123373,0.5039920159680648,0.8003316487681622,,
652,valiant-sweep-653,run_c96aff842ce20b3735efbd5448409a57,0.61561385790507,0.45307270905729613,0.5090533975913198,0.38822355289421245,0.21505053695514947,0.7824084275660682,0.5871260228444377
653,fiery-sweep-654,run_11ffad0d363b6e37986a358191ba6d83,,,,,,,
654,wild-sweep-655,run_c071d45791735437fee728d48e8f0209,0.35013834635416663,0.41405694408897586,0.38127466183824893,0.3596987842496831,0.09543588123815547,0.8597288465484159,0.7488734150026295
655,lyric-sweep-656,run_6fb6b18cb4e12089ff3b50cbb1458683,0.7432460784912108,0.5762006806973461,0.43213679936631977,0.47122119397568546,0.2373499684144032,0.7646384858302604,0.586776786664512
656,wandering-sweep-657,run_82af11255e3d25c9927979a80467ef8b,0.4871304829915364,0.7735614648861082,0.3677789881155635,0.6490473598258042,0.34369867340492954,0.998345564187343,0.8957825600410236
657,desert-sweep-658,run_621c608a2673793bce99b1756696baa0,0.6181665261586506,0.5758689550739451,0.4111714303796117,0.4982943204500095,0.2056380290587484,0.8040421632751144,0.6605914248108704
658,peachy-sweep-659,run_10c7c3335fa471ea67a9f6581453e7c5,0.35013834635416663,0.1438128419463114,0.31984426811461586,0.14398475775721384,0.1129658875552756,0.7384461105820425,0.6751392975504031
659,gallant-sweep-660,run_64a3018a501c6750cfb29938ca1b78a5,0.5781749884287516,0.7646033924745086,0.3880327922268822,0.6656323716203962,0.34164560960202134,0.9555752906045666,0.858908910826063
660,devout-sweep-661,run_529147974c8d3d7ef2ff351b96442fc1,0.1825141906738281,0.604473961830323,,0.5545454545454547,0.18763423878711485,,1.0054900880525433
661,whole-sweep-662,run_82be19224d96a8787c5eef6bfcd03441,0.49563924471537263,0.7296968810214648,0.37137859369525883,0.6545636000725829,0.24170878079595745,0.9616440971059936,0.8609624920547516
662,robust-sweep-663,run_4d9daf4af6fdaf8c80e32e1e24074f88,0.7245266437530516,0.6218864858562507,0.603043894279381,0.4494828524768651,0.2165034744156665,0.9090051208437916,0.5699071495487248
663,fresh-sweep-664,run_930a8608177ea47249352e787562a4f7,0.6283768018086751,0.38077377647716304,0.5476723378176461,0.3143349664307749,0.13930827542640695,0.763568896627721,0.5062776591528257
664,super-sweep-665,run_c8826a4657e931d759d5e42e9b33a26a,0.4292702674865722,0.8937016343594282,0.3898354433776063,0.7841226637633829,0.3331806696146561,1.1297817097762632,1.0254706909546965
665,sunny-sweep-666,run_0294b4b2ffe415d18c4896f297b6bec3,0.25654117266337073,0.6035127826604851,0.17085566972405114,0.5875340228633652,0.14218256475047408,0.9727026095658486,0.9581978593619316
666,ancient-sweep-667,run_4dc7a14e702729ac6838048cccfa62e8,0.5109552542368571,0.5444091439119698,0.4381610797064035,0.5089275993467615,0.10683828174352435,0.8529544015379616,0.7138532644607739
667,wise-sweep-668,run_527ed9d6bde21bd91135a43ba72f10b5,0.1893214384714762,0.669121767337709,0.4249031090206926,0.551061513336963,0.1988155401137079,1.1337840719037051,1.000198050684906
668,eternal-sweep-669,run_639018898df01328e052726a4810403e,0.40884931882222486,0.5974318222925468,0.3659454665614643,0.5446017056795501,0.41495578016424484,0.9166787848759392,0.9045653349414513
669,resilient-sweep-670,run_8d633fdb9d627df1f18b6a900b28a50b,,0.4713980062290477,0.5185929413266298,0.39490110687715535,0.35813329121920573,,
670,misunderstood-sweep-671,run_f872a4f1840cd23450e7d7e71c602f57,0.66751758257548,0.7209566068770896,0.312867956306424,0.6212847033206321,0.4510265319014523,0.8533518295401596,0.8366386155059485
671,earnest-sweep-672,run_524d6009840d1d29863cce7549a344ee,0.4437355200449625,0.39998903543091124,0.5540281886010566,0.3065323897659238,0.18220151610865645,0.8811178320117957,0.6607493247121404
672,hearty-sweep-673,run_58e5c065e21d3b1d57280dde70e8cbab,,0.7419928859320657,0.7724940856616449,0.5954817637452378,0.5878553379658887,,
673,radiant-sweep-674,run_7b33e7ba8ba35ffb002fe61a6c8b94a5,0.3952352205912272,0.5344388402830007,0.7048756150286327,0.457430593358738,0.1534902084649412,1.0715479201036104,0.7736552399153513
674,avid-sweep-675,run_83ac6ce03fe84d5e9addfb9068773ff2,0.32801548639933265,0.27401153286378976,0.6368731250964501,0.2383052077662864,0.08703411244472534,0.9655324355668264,0.7182809306230393
675,skilled-sweep-676,run_c78f2cb2029f8bfd2317476ebd5df1df,0.5415868759155272,0.19220942596835977,0.6861759177334683,0.12562148430411924,0.12038850284270548,0.8473042227212962,0.4903230988525468
676,curious-sweep-677,run_da846ec5cc870e3e5d4b8b62969b387e,0.3943840662638346,0.43564651534185206,0.7863119190314948,0.36906187624750536,0.1330227416298159,1.0839026614671716,0.7215763143875839
677,frosty-sweep-678,run_1f29368139969942d5463df3293d2a27,0.666666825612386,0.8586169078365198,0.2616785266257215,0.7303393213572864,0.2976152874289326,0.9575017759080547,0.8562017220137736
678,apricot-sweep-679,run_ae0a7ac8caaa30a3b86cb81b962b35cb,0.46926180521647126,0.7440011420920412,0.25787412440503527,0.6975322083106521,0.24192987997473173,0.949589276937142,0.9092657916458762
679,young-sweep-680,run_597765432b17759135a0181542039705,,0.18420205428364378,,0.12562148430411968,0.1567435249526196,,
680,wise-sweep-681,run_8eddb94528a08cb76f6a340930bdb1a9,0.7594128449757893,0.7348952036100056,0.22961342726972586,0.6679549990927244,0.5441408717624757,0.8066445719362307,0.8945028497987203
681,revived-sweep-682,run_c5c55cf74821f09820d66bc949ad2dd8,0.49478848775227857,0.5109447732618162,0.2897484084409788,0.4304300489929238,0.22572646873025937,0.7747627853900048,0.7010428930308852
682,confused-sweep-683,run_98cd01e80ff0ef9508e6241012987b89,0.44884085655212397,0.9696791225713017,,0.9277263654509159,0.5514371446620345,,1.211831479650525
683,iconic-sweep-684,run_4a52715e302ae9f62ca08c6c6e3bb9d7,0.8776855468749999,0.586703442367325,0.47932769064865943,0.4995645073489389,0.255859128237525,0.7674221717878067,0.574447052345577
684,sleek-sweep-685,run_046c86331ff25492f16b3b7fae84942f,0.5909379323323567,0.5699956947527456,0.4467319465943164,0.4872255489021959,0.21457675300063336,0.8317429286439049,0.6713893755756554
685,giddy-sweep-686,run_cd6fe68f7a9eb2ace3d43e637313ab9f,0.555200974146525,0.6261454353082065,0.29812856149029393,0.5987116675739443,0.1680195830701206,0.823884044470929,0.7645471957861272
686,wise-sweep-687,run_6eb87b253984af8378b7d5ed373eb1a0,0.8019570509592691,0.7764607228345728,0.4349172646469197,0.6621847214661599,0.4742735312697422,0.9117375120381389,0.8382392244884729
687,amber-sweep-688,run_71e1ed24c2dd653abc0eab0c49dbe6a8,0.5713677406311034,0.7192577588902731,0.2875221083042093,0.6354745055343866,0.1417087807959569,0.8852831751813884,0.7795093581930461
688,brisk-sweep-689,run_cd6fbe09872a623dbc1e7fe2301ee5bf,0.24633049964904782,0.19468782178183552,0.3298298440345496,0.16409000181455294,0.08788692356285571,0.8454045124821992,0.776316530667805
689,worthy-sweep-690,run_cf3b29541952658970a7d705e7fbffe0,0.24888316790262854,0.4113592647444726,0.9485404626534346,0.3382144801306488,0.15693303853442725,1.277936598365465,0.8385663412120021
690,magic-sweep-691,run_c4cae2d68a8505a851f3af4816225a4d,0.31695365905761713,0.37247663907931994,0.40893776855070113,0.33458537470513533,0.12528427037271075,0.8789318796595278,0.7708409857059861
691,decent-sweep-692,run_ab9ebb12ffc4f477240ca6791200de46,0.5798765023549397,0.674246312306114,0.2367376761054851,0.5913082925058983,0.27310486418193336,0.8289490757698801,0.7750712979459323
692,hardy-sweep-693,run_bc63de5b435b4f1a4e82cc03c97d2376,0.5696662267049153,0.4315691250920337,0.5206441495230899,0.37417891489747807,0.14717308907138382,0.8015668385129904,0.5889456128871774
693,efficient-sweep-694,run_5baad2179db4b69fe6120dd4d04c0fe7,0.4701125621795654,0.7312255301043522,0.5114736047056959,0.6269098167301763,0.13700252684775746,1.0378230682283633,0.8322056881776515
694,legendary-sweep-695,run_80ebf0575b9b8a526de27e78c9f18996,0.07104873657226561,0.8786507829886405,0.013487808549721423,0.8150426419887508,0.2563960833859762,1.278733580246491,1.2621346638372846
695,expert-sweep-696,run_ba3ded573fa76a01a57ba39dfbc0a665,,0.843668284964842,0.7373631898546087,0.6618218109236084,0.6963202779532542,,
696,woven-sweep-697,run_eacf53608254d1e622a96bbacfa26547,0.07700483004252115,0.12305378388683419,,0.07350753039375861,0.021778269109286597,,0.9261737060588695
697,solar-sweep-698,run_7325e608e32967d821c88c81cc502145,0.5058499177296956,0.6014629884418881,0.9677344781802968,0.5324804935583387,0.12803221730890774,1.2419549309584816,0.737639497652421
698,toasty-sweep-699,run_b83f16ba11a6a5425179a48552d0977b,0.493937333424886,0.7958081195476985,0.1708394736824825,0.68541099618944,0.28201200252684755,0.958434197745086,0.8974510715173938
699,solar-sweep-700,run_cc8532745f2ba5df9747df6b474c8b90,0.6436928113301594,0.5448835313670202,0.28978046613698105,0.4778624569043742,0.3178932406822497,0.7126188279910697,0.6755467806806225
700,dauntless-sweep-701,run_2cc30d789b4cca0dc0d269acac4fdb32,0.23526906967163083,0.8264568612984831,,0.7929413899473792,0.3303695514845231,,1.1500928154895411
701,fanciful-sweep-702,run_9831cfeb0306a331c9760d7125081580,0.07700483004252115,,,0.9649246960624209,0.6325805432722678,,1.4775513177425101
702,wise-sweep-703,run_feeb9120a4d40c4489f19f3ecfcf9f59,0.7100617885589598,0.8174779481398917,0.5594213816153258,0.7029395753946664,0.21912507896399258,1.0321272423286951,0.7913305335576527
703,sweet-sweep-704,run_272afa903d029320d3d58941d2d14e89,0.61561385790507,0.4952524073426483,0.6886345751105581,0.39755035383778053,0.22626342387871082,0.9312600234365326,0.5974898551912706
704,desert-sweep-705,run_a17c78b1f52b33e839b04492e613d282,,0.7537880243136841,0.5545847222314836,0.5905824714207949,0.57702147820594,,
705,fine-sweep-706,run_8f003f4b4ab08b015fd84963c8e50ab3,0.3867260615030924,0.7139107057790293,0.16989780518752437,0.6834875703139179,0.22879027163613347,0.9563674417675241,0.946364185083347
706,denim-sweep-707,run_e54d3f964352d63eb42213edb137cc26,0.6819824377695718,0.6049297637450102,0.2829305468146955,0.5201415351115953,0.33014845230574946,0.7396789055207946,0.6933111761648683
707,golden-sweep-708,run_0352e4dedc2eb0a409fd72de498497f7,0.4462881882985432,0.7553188712292158,0.09073256389679965,0.7037379785882788,0.21552432090966675,0.9409228266993915,0.9210291232251016
708,unique-sweep-709,run_530ef61aee48fb976312d1bdbeaf0a60,0.5194640159606932,0.33582785838378104,0.3986098188009079,0.31270186898929486,0.18498104864181858,0.7089322746692764,0.6024245008153718
709,firm-sweep-710,run_1cf8c113f24b627c116da268c762fc9f,,0.6274761343062432,0.5355780083797371,0.49357648339684346,0.6680511686670887,,
710,dandy-sweep-711,run_2cd5956917f0d844227329aafd533e7e,0.7594128449757893,0.8477958952469931,0.3875929820553188,0.6834875703139183,0.2639766266582461,0.9627400370291186,0.771181624105589
711,unique-sweep-712,run_fc30fdef4358418fdd11a51793c4d894,0.6862370173136392,0.24720935263904575,0.43514761656445516,0.18833242605697795,0.14606759317751072,0.5906886841121842,0.39402037229744785
712,lively-sweep-713,run_59948365e76b05af1c3848d4a352a40b,,0.7821724026683583,0.7515773835933988,0.6077118490292145,0.7270530638029066,,
713,stoic-sweep-714,run_6f677432fddfaecf3a2f361ed73bf762,0.6487981478373208,0.5424769203604334,,0.5356378152785348,0.19306696146557048,,0.6689734387316183
714,electric-sweep-715,run_7f02e4f94ed4818b3d7f2a8bae88f252,0.5015953381856282,0.5600008460201105,0.6442781696674151,0.4536200326619492,0.17654769425142172,0.9884849591023287,0.6966688089013456
715,robust-sweep-716,run_386c007f0018ffc447d1a4a3a330659b,0.6445435682932534,0.6550214874184137,0.431546982534221,0.5645254944656143,0.1984049273531277,0.8611824556712214,0.6959905343762508
716,morning-sweep-717,run_6d25360c4479aedc15e9b3ba6f416177,0.5373322963714598,0.7792798412830724,0.2588027543872321,0.6585556160406464,0.19821541377132149,0.94250588363654,0.828882533086636
717,distinctive-sweep-718,run_a8c47786e4c5d1d7c1a2868b36807c11,0.9100190798441568,0.8089829601066958,0.3917758246601106,0.6565958991108699,0.3490050536955156,0.9033483782700856,0.7490121949783686
718,fallen-sweep-719,run_c69681f94157c504652c8e9d4247325d,0.9287385145823159,0.7945973078960038,0.3537279819859813,0.668354200689531,0.26915666456096093,0.8726892724557729,0.7240309709956185
719,elated-sweep-720,run_eb930ecbe4867b4d5fd2149454e9bb2c,0.24633049964904782,0.27697433126470816,0.45315592418205664,0.22237343494828554,0.11397662665824447,0.921999342494386,0.7940140626930647
720,stoic-sweep-721,run_e2a63dd62fe762c7325945cb5c4ee5e1,0.8759836355845132,0.7352472325633186,0.47150314525391673,0.5823806931591369,0.39180353758686204,0.8822039263227011,0.7127814128278958
721,fanciful-sweep-722,run_4b43efddc699279b47459de200a73c91,0.44203360875447584,0.9340837702987188,0.15737556430532057,0.8172926873525679,0.2270846493998735,1.0993662046540458,1.0153133844053268
722,jumping-sweep-723,run_52bd09ff14b3559b090508ffe93012e8,0.5534990628560383,0.66262138162576,0.49063011806669715,0.5468154599891134,0.26028111181301283,0.9376289751347322,0.7524071313591862
723,stilted-sweep-724,run_4d5999cf5c30354a68cf2eb4c9d68eaa,0.34503300984700513,0.09099174365949203,0.6935869722907531,0.07749954636182199,0.05431143398610186,0.9582923059983952,0.6617685922873555
724,lemon-sweep-725,run_98afb0b47d2d172b076814979f7c3eb4,,0.6832003762554497,0.48084265370466794,0.5394846670295778,0.46921983575489523,,
725,wise-sweep-726,run_a22f1e9f7e7cb20c5c0b550741e21987,0.6300787130991616,0.5998651892227151,0.2966066640578494,0.5401379060061705,0.38687618445988686,0.7646276982343121,0.7604366496358151
726,different-sweep-727,run_c32ee8c6e63ce457882f0d2af5297c4a,,,,,,,
727,usual-sweep-728,run_4dd4dfb3273c442e3d2801c483b0a762,,0.4689916008359045,0.9065601345710149,0.3903284340410087,0.07120972836386699,,
728,dry-sweep-729,run_f34927e988a93267a8b3accf38b7a83f,0.41991074879964185,0.5517514691037362,0.20571154773022143,0.453293413173653,0.3173562855337968,0.8265896587097412,0.8016816511263191
729,ancient-sweep-730,run_d9ba1f37ba3a46606c4cba55b567f5a5,0.9312911828358966,0.7196759491562519,0.25281817175482274,0.62331700235892,0.24338281743525111,0.7658794952990277,0.6726664721899857
730,vibrant-sweep-731,run_7f2a331798ce44b61f20cc3f35d283b2,,,,,,,
731,dandy-sweep-732,run_0b909c43b11bc3a57154d0e61f721c1c,0.3543925285339355,0.5285686195946728,0.24285856733398037,0.5145527127563057,0.195562223626026,0.8690075238802807,0.8484209360495734
732,northern-sweep-733,run_a9a404e188594368d46ac7f8a5b3a4cf,0.32716433207194007,0.6541864695101678,0.2229779087695697,0.6117764471057882,0.18940303221731158,0.9645656642891799,0.9288981461294299
733,wandering-sweep-734,run_5e0a7ef8fd02128233eaba22418fe92c,0.31525214513142896,0.6451234305845226,0.44262351696039715,0.5268553801487948,0.22746367656348687,1.0397016125805731,0.8934181218749816
734,fancy-sweep-735,run_d7c275bc6c1e0845b5e5564101274882,0.6811316808064778,0.31732062470479416,0.3102088108771705,0.29412084921067017,0.11726152874289408,0.5464420282099199,0.4493710549744257
735,breezy-sweep-736,run_0ca8e8c5cbd77cb99495db32245cd09e,0.9551159540812173,0.7024831972967025,0.5843889048483467,0.5278352386136831,0.49486734049273484,0.91488120112509,0.7249264110147702
736,lunar-sweep-737,run_f0fb3b07e45f54286b9941a42d5ed4f1,0.3135502338409423,0.38296571646536437,0.4869122388695915,0.29970967156596034,0.18918193303853387,0.9246402272282193,0.7725470681312544
737,glad-sweep-738,run_ff5ece6475dcfe1fcf432df476954d3e,0.10168035825093585,0.264471444025173,0.9296367316450818,0.23692614770459045,0.2200094756790912,1.3195255875808838,0.954733652704718
738,devoted-sweep-739,run_2706b50af0d87f265900c325d5232322,0.4539457956949869,0.5731796662455602,0.2435817505028022,0.5019597169297771,0.19489892608970458,0.8282766403892858,0.7668926540594343
739,peach-sweep-740,run_f76ceef588ae4a116a6e451bb3f9f5de,0.4522442817687988,0.7203387488297608,0.19963008306129437,0.6811649428415899,0.1339071383449155,0.9267018992014981,0.8842811362406697
740,visionary-sweep-741,run_20aec40d34d70b18c71a842f4ba3776a,,,,,,,
741,colorful-sweep-742,run_9918fe8c4197806d29aa15cbb24d8335,0.43607751528422034,0.6873426058057128,0.3636003081319971,0.5715296679368548,0.21593493367024658,0.9605485987692084,0.8314340777711748
742,zesty-sweep-743,run_11bc4db4da7df8c9dd4d82a816e690ce,0.42671759923299146,0.5027240527505081,0.9913411870037808,0.3771184902921429,0.18093809222994436,1.2506564409513692,0.70965460610724
743,brisk-sweep-744,run_9580e877a97850f82b77205b315e5615,,0.7205024911398863,0.720503350224777,0.5513155507167493,0.5983417561591905,,
744,glamorous-sweep-745,run_a15dbf447dbe48a2f85e7c1627f9a24b,,0.6218568774149307,0.6538224723587129,0.4965160587915074,0.8288534428300689,,
745,sunny-sweep-746,run_b20e957a2064037ba3a2e2067689ed3a,0.2795151869455973,0.5696881418718758,0.5313663230184938,0.4577572128470333,0.15409033480732948,1.0611282269686648,0.8674006358290017
746,dashing-sweep-747,run_9c2d08250ae73b1e34b5b5b2d9681d0f,0.7764303684234618,0.5183912088169413,0.5247992555368681,0.38771547813464124,0.351121288692356,0.7707963960437346,0.5688522053410915
747,lively-sweep-748,run_e1d6be6394fcf7eafefb2459cf686c03,0.45820037523905427,0.4456410038218692,0.4846430728166587,0.3737071311921616,0.19941566645609635,0.852655643098454,0.6877284793602095
748,frosty-sweep-749,run_2878ee8778778aac5e48fd97f70beacd,0.544139544169108,0.4929701003256528,0.8304721917372695,0.41819996370894597,0.1282849020846502,1.067947721686009,0.6317887154257985
749,bumbling-sweep-750,run_67dacd49980fe908eba81246cdbd5f17,0.6598595778147378,0.6846535900558419,0.3352687144193344,0.5787515877336246,0.22885344283007097,0.8347761113311247,0.7092410065723331
750,comic-sweep-751,run_fd0edd93affccd9f7e1e81ac8fd35258,0.3288662433624267,0.5503169685882883,0.8387400460298177,0.46428960261295593,0.16293430195830724,1.206960707740217,0.8321856410366613
751,divine-sweep-752,run_b1389c37e890f501f063b831b3362873,0.5296746889750162,0.7719585545424601,0.47759924491197325,0.6549628016693892,0.2093967150979155,1.0223634123258318,0.833084121835941
752,earthy-sweep-753,run_d09c9075db08bbb599c90664c2178eb9,0.750904083251953,0.4775211157636239,0.3142216385713081,0.3828887679187088,0.29951042324699984,0.6235466541383443,0.5462225535186677
753,classic-sweep-754,run_fe295388b69b2735cc81fcb81f74c99c,0.699851115544637,0.707760388493027,0.39073422941744274,0.5837234621665767,0.2443935565382208,0.8623730969818355,0.7003932064211746
754,vague-sweep-755,run_e82806e8b8596e4c5abf315c45aaa3ec,0.3909806410471598,0.4555479831777265,0.6935714867514186,0.3666303756124118,0.25885975994946187,1.0293055677451648,0.7565254703062677
755,misty-sweep-756,run_9a4dd2c73f291b9e040ab592260cf7ac,0.7449479897816975,0.7262140436780307,0.3207717583209368,0.634168027581202,0.15146873025900306,0.8338662279334133,0.700116698393135
756,fallen-sweep-757,run_9f1f477ceee447547d24fea0272daff8,,0.669960007463541,0.5024657507275438,0.5189439303211767,0.4186512950094754,,
757,mild-sweep-758,run_d5c5ce239f235d85f1206ec2734e517a,0.7126144568125405,0.8269795397544502,0.4111353614843471,0.6836327345309391,0.180559065066331,0.967221740382472,0.7632468422031159
758,glowing-sweep-759,run_b21417f27e59277248a9f1d4e2db251c,0.5424376328786213,0.7845145119106922,0.31673373034526364,0.6745236799129026,0.3340650663297547,0.9618454112499665,0.8808773939152182
759,glowing-sweep-760,run_357ac12cbf0bfd5bec39ed916722fa4b,0.5262708663940429,0.4372196738039853,0.5262988332358113,0.40012701868989353,0.14695198989260902,0.8322083855944318,0.6372721635581698
760,pretty-sweep-761,run_0891b84828cd77dc44622ab3db2a5f8e,0.5824291706085204,0.3002859627357348,0.5522204130792947,0.21678461259299567,0.17594756790903388,0.7546419293918687,0.5023131617515985
761,rich-sweep-762,run_d4a206862f432428fa3de69a793c8b9b,0.4650076230367024,0.540514235014955,0.8334125188478971,0.44530938123752595,0.18722362602653259,1.1282503747994226,0.7208120244346027
762,azure-sweep-763,run_b3786931d327b557ab7ad734e7726f31,,0.2841676662585191,,0.24022863364180802,0.1262002526847767,,
763,treasured-sweep-764,run_93286146d1aff31b4bd237086bdfa397,0.020846525828043617,0.8027635525766952,,0.6076029758664495,0.14148768161718298,,1.1610089001873254
764,deep-sweep-765,run_5548e619b4ac5636d07a674d5a72bc0c,0.6139119466145833,0.11024168392246869,0.3356270575038866,0.08363273453093845,0.10055274794693689,0.523318961599634,0.40763865662096255
765,stellar-sweep-766,run_9dbcf1759449753ec32e0012c81abe5d,0.48883199691772455,0.6262263206083354,0.6746620744823172,0.4915804754128115,0.17853758686039237,1.052910749656664,0.7313137227648194
766,ruby-sweep-767,run_cce7f9ae224c3231b1d855350deefce9,0.7832376162211099,0.7911213076959638,0.5708085482314095,0.6362003266194897,0.40993367024637006,0.9993404090929817,0.787262599526938
767,devout-sweep-768,run_be94de11425c7650fe880c6c28c90db6,0.5730696519215901,0.6699658157813291,0.3682008756766171,0.5756668481219384,0.22743209096652137,0.8756115584406831,0.7519223351772464
768,brisk-sweep-769,run_fd3784a07b16e7a1bd4d14e31d3b2e38,0.7551586627960204,0.9746357097232101,0.4187649097162308,0.809598983850481,0.37920088439671473,1.0886808975458058,0.9269256204155838
769,comic-sweep-770,run_18369267e5c710c321a6bf4f2afa67cb,0.18676877021789548,0.25477879676444415,0.8838433423293334,0.25391036109599013,0.11059696778269151,1.2277769838832862,0.8590967313682062
770,playful-sweep-771,run_638c83888dbd2996d943c716f44ca399,0.43522636095682776,0.4083823919332987,0.26768032166326466,0.39047359825802985,0.08788692356285599,0.7465910500434483,0.6922160108145318
771,unique-sweep-772,run_9542520e6125e22d5b88c3adf20426c1,0.3509891033172607,0.7551684066004194,0.34380002157136985,0.6761567773543821,0.20143714466203408,1.0534196320426272,0.9586344740435689
772,iconic-sweep-773,run_e273c7e32e9be0e2b2ec1169cd288416,0.15868981679280597,0.7111980194236431,,0.6840319361277448,0.13406506632975398,,1.0925547839906222
773,vocal-sweep-774,run_b70580fed9b03b461f67de0a3f336057,0.44884085655212397,0.621648409588468,0.7819615873950502,0.5151333696243879,0.13990840176879396,1.1409150146752627,0.7672764500440964
774,playful-sweep-775,run_e71b10a46a60a00bfe024a995f822266,,0.7637400572475501,0.6031990225556759,0.6156232988568325,0.4861813013265962,,
775,silvery-sweep-776,run_a63cb42b89d1d41f0c12d56392166b37,0.15273332595825193,0.9291695762601342,,0.8816730176011619,0.4599336702463689,,1.3064253166308437
776,clean-sweep-777,run_7c76a9c744c0d79c2259e39f802256c4,0.24973392486572263,0.37225665848015277,0.6576449465643581,0.29045545273090195,0.26732469993682845,1.0648807816003816,0.8477771220756206
777,driven-sweep-778,run_72b0f7e20f4f4d9d2f06a0729e1db1a6,0.7381407419840493,0.4007251787299606,0.6718367268908864,0.3203592814371266,0.23475994946304485,0.8249336503478826,0.4757232116299011
778,fresh-sweep-779,run_90ad5f39ad9b651135698606fae93aa2,0.3688577810923258,0.3166597339043866,0.8062935775848008,0.2714752313554709,0.23791850915982257,1.0717850627894554,0.7270794445781297
779,skilled-sweep-780,run_7826f5c88cfb1a1017ffd258228ba2f2,,,,0.8807657412447831,0.5595230574857881,,
780,solar-sweep-781,run_20fecfdf5be9433f76e7e742228e57df,0.47436714172363276,0.452299535348037,0.4787645334475983,0.38423153692614836,0.15658559696778296,0.8426625955049448,0.6696587376016016
781,pious-sweep-782,run_652ae475f44de2a6f62693deea976fa8,0.37311196327209467,0.7795603618537572,,0.7170930865541653,0.2835912823752351,,0.9937983300527212
782,toasty-sweep-783,run_34d5c51a9e4ce284ea2fc97437ebd7b0,0.25824308395385737,0.355421199825392,0.5042145775906247,0.2547813463981137,0.19553063802905937,0.9647589813225361,0.8083001220974613
783,proud-sweep-784,run_8a0775ba394abe2fd57154bbad8e4b5c,0.6598595778147378,0.43267461930808127,0.4461011365829488,0.3154236980584299,0.17534744156664595,0.7084554023072731,0.49591767599591796
784,fancy-sweep-785,run_438eb6bc44b1c97292f8a90eea2608e5,,0.614376975613657,0.5255559944588705,0.48258029395753993,0.6254737839545188,,
785,fearless-sweep-786,run_97ae6d4fdc192330a5440edb26cdb965,,,,,,,
786,northern-sweep-787,run_a9abe9f4f14f8a652feead4cf6bc7f69,0.20463744799296057,0.4005202802659893,0.8108178925480227,0.3293231718381418,0.16438723941882608,1.2043436963406726,0.8764008815196543
787,hearty-sweep-788,run_8127741497e0ceaabf89808ddfec7451,0.5645608901977538,0.8036917917213371,0.30944386363391063,0.7191616766467069,0.23400189513581748,0.9650301648996823,0.8726726891737987
788,sunny-sweep-789,run_8316b30a4a5c7c5750410458d7b93083,0.06934682528177896,0.015556689277500979,0.6519982565404824,0.0210669569951006,0.08668667087807988,1.1364238068283368,0.9349191019537796
789,fearless-sweep-790,run_edc1c89140efcef1be78d7bc6a72df8c,0.40884931882222486,0.540409592107197,0.08791598300742275,0.516839049174379,0.3258843967150977,0.8057486426712588,0.850166084145202
790,hopeful-sweep-791,run_582aa34e71ebc01c0255565b4151f2ca,0.6470962365468342,0.811438413245567,0.343926356106264,0.6752495009980052,0.24600442198357683,0.9493464610849004,0.8006379521937096
791,crisp-sweep-792,run_253f478e69e256f5b3cb9031baf0e9d3,,0.34390844839310697,0.5535215087903925,0.2798947559426595,0.37875868603916707,,
792,ruby-sweep-793,run_ee23cb40080d0fdd2cda11e06583f257,0.10253151257832843,0.970135884059427,,0.741952458718926,0.41473468098547106,,1.236101934520824
793,colorful-sweep-794,run_06bbf46f8281d915c72701248e6879f2,0.5517975489298502,0.8188313754043635,0.37172301044040934,0.706350934494648,0.16375552747946837,1.0047627854288654,0.8524276817342521
794,summer-sweep-795,run_19ef41757377400e1aad183a6a1a05ab,0.6760263442993163,0.8596012819773189,0.49368099346041167,0.7611141353656329,0.24951042324699932,1.042877853283487,0.8640075855861087
795,vital-sweep-796,run_6a9fd03f77c404267bdcba644eaa9405,0.533078114191691,0.8821629103276121,0.11699613768512361,0.7740700417347126,0.2515634870499045,1.0049455428219514,0.938341443705155
796,trim-sweep-797,run_814720730cb112c8d4c5745745b0b935,0.1289085547129313,0.2818944067779321,0.9437220877221008,0.22796225730357525,0.04919456727732124,1.3148673474839798,0.9017689295251077
797,northern-sweep-798,run_43e7c14a1f66fc8f33b0bb1f91ca9cd9,0.4054454962412516,0.6060605264483341,0.5383214890552172,0.47303574668844234,0.25949147188881905,1.0052832661679343,0.8028659287626605
798,fresh-sweep-799,run_35c5af3b157154fd085e1db555a3d2de,,,,,,,
799,fiery-sweep-800,run_9128afcb7106b7f39470cd784ef75ca6,0.68878968556722,0.6343217269490702,0.2528711976265,0.5422790782072221,0.3565540113708158,0.7504397082231596,0.7197563625944853
800,decent-sweep-801,run_5258e81531c2853d9d3e8da00e75d056,0.7160178820292153,0.8763384615321748,0.36886948065508884,0.7672110324804947,0.3864024005053713,0.9923102520111876,0.904746056528169
801,polished-sweep-802,run_0594095bb0265f3f97d3459e5f97c912,0.7262285550435383,0.7157628774164682,0.34829406418598324,0.6216476138631837,0.30952305748578685,0.8417695978759513,0.7464590296933172
802,curious-sweep-803,run_b975a0e18321f6789dfb47ade58867e5,0.8291852474212645,0.5497016559345962,0.10915212601835254,0.5506623117401569,0.3318224889450407,0.585887170750562,0.6652163749031063
803,youthful-sweep-804,run_8b384bd7b185f0e1b3de90c2a5721adf,0.5262708663940429,0.6708343623334381,0.29816973821132015,0.5546906187624755,0.29050852811118333,0.8736951565044689,0.7851727067820652
804,spring-sweep-805,run_0531f267f30e5c5409360ddb9a348846,,,,,,,
805,fine-sweep-806,run_c523057e9909ffd12676ba98c73f976e,,,,,,,
806,youthful-sweep-807,run_0b330b6ff745f9a626272feeae784254,0.5569028854370116,0.39406880180134163,0.46688149760450764,0.3595536200326623,0.17083070120025162,0.7547208797248285,0.5956483753735989
807,genial-sweep-808,run_49b4e00a1a947bee5e4e2351ed1db310,,,,,,,
808,super-sweep-809,run_76ec4ca49d52f8f2567e560abec2ce5c,0.3935333093007405,0.5350436998082344,0.2916546982465817,0.4968426782798045,0.2373183828174361,0.85973023131765,0.8191303368274451
809,polished-sweep-810,run_2045523b9cd771652dd171b58af6ce6c,0.39183139801025385,0.6063671271584803,0.166374925169667,0.5250408274360373,0.2332438408085917,0.8747746893170854,0.8366239347496727
810,peachy-sweep-811,run_b9f96adc556e6f73ffaf185b6f656cd4,0.8657733599344888,0.6724369577142366,0.6216114352706058,0.5073307929595364,0.43337018319646264,0.925520950309844,0.680596091725455
811,divine-sweep-812,run_ab70ba3846bf517f40c1f53270130ca3,0.24037440617879227,0.3134259500797105,0.6178829953015595,0.21729268735256854,0.10633291219204123,1.0281275528135694,0.7972163087772126
812,elated-sweep-813,run_d6f18e2eda24027b85257f4c67247cbc,0.4045947392781575,0.4574819393140852,0.4457772543688701,0.3509526401741976,0.24019267214150514,0.8732207680801402,0.7316882532137315
813,hardy-sweep-814,run_b10b110307900d13b6ad55f85b95f581,0.48457781473795564,0.6549284446429384,0.28334470208932017,0.6102885138813289,0.39527795325331605,0.8802701385738387,0.8912669406883175
814,eager-sweep-815,run_585c577b5b431e5eeae45483a99c8398,0.27440985043843585,0.48272787433141495,0.6611974916306339,0.43652694610778536,0.14840492735312646,1.093932990971541,0.8596864906939327
815,deep-sweep-816,run_7f39cadc3264cd186c241d3789ffd1fa,0.4522442817687988,0.5504968296418484,0.2878886825644618,0.4840682271820003,0.1216203411244475,0.8282288209482973,0.741046478162693
816,peach-sweep-817,run_98cd2ed8816214117c0f49a2bb700326,0.8657733599344888,0.6672076730915641,0.30890296539074635,0.5429323171838151,0.22777953253316524,0.7473980947010317,0.603883935360836
817,youthful-sweep-818,run_603103ad6f2eb46d84ff3ac42def9efe,0.7517548402150471,0.6542577143444377,0.5181666669963654,0.5503719833061161,0.3484996841440316,0.8707327436831503,0.6971276850143411
818,celestial-sweep-819,run_a56c7b105ea934057f63c7a8d4fcfda4,0.5058499177296956,0.5087948424767399,0.2833365247244098,0.4244420250408278,0.2876974099810496,0.7637644151055908,0.7121131484099359
819,cerulean-sweep-820,run_a2ad027d93fcb108492da879e0ba0824,0.4616038004557291,0.7777239345435278,0.4819503773372664,0.6775721284703323,0.18946620341124362,1.0616031048659915,0.8859299629195311
820,jolly-sweep-821,run_0a2d61639560dec4f341d4b55c06602b,0.6853862603505452,0.7308130586136072,0.2462563958286412,0.6221193975684999,0.25061591914087344,0.832893597227703,0.7408256805308743
821,fiery-sweep-822,run_72aae4e2b79cd835fdf630ae1c57aad4,0.27015527089436847,0.33443003997120657,,0.27408818726184075,0.31685091598231246,,0.8415415414336865
822,lyric-sweep-823,run_9f4841c3a1f61952da4a85c52e86030e,,,,,,,
823,glorious-sweep-824,run_2974e6235466933e7280d3d2d8ba01f2,0.28717279434204096,0.5112976085587091,,0.48131010705861116,0.166819330385344,,0.8761339699344618
824,sweet-sweep-825,run_02be492f7298c16b0bd35d37849e5c57,0.5475429693857828,0.12900458057381448,0.47924100221606564,0.1046452549446563,0.14429879974731483,0.6715887763850134,0.48630251648863837
825,lemon-sweep-826,run_3ee10ef9ccd26fb0b0ffd261edd218e7,0.722824732462565,0.750289904672004,0.4609564212806982,0.5983850480856473,0.37834807327858616,0.9231694818975994,0.7602881422595841
826,likely-sweep-827,run_0529f6b7c2d03ec017988c986534687a,0.5985959370930989,0.9008683280861924,0.39029925027880863,0.7271094175285796,0.2694409349336697,1.0606707646744957,0.8731619232392396
827,sweepy-sweep-828,run_6d452592702cb3554b7a236a3ae23826,0.41225274403889967,0.6834153881433465,0.01963299367562898,0.655652331700237,0.17462097283638822,0.9016035071369185,0.8976743847899902
828,true-sweep-829,run_b6a5588f6b2dc5ebf3ddf5f695102f41,0.35354177157084143,0.797816701153705,0.1597311166800049,0.7219560878243522,0.5649241945672767,1.0391986140191813,1.1217255365988135
829,fragrant-sweep-830,run_6eec3968a1963241e9b52b34e22bc569,0.7015530268351235,0.8701092600970521,0.178658030254372,0.746234803121031,0.23393872394188386,0.9370589160091739,0.8370569298081925
830,hopeful-sweep-831,run_08066a004905f968b27d997d1fd14a9a,0.710912545522054,0.8541229223183047,0.32392768578229325,0.72144801306478,0.32702147820593647,0.9581370822499102,0.843209249889761
831,zesty-sweep-832,run_0cdb88134b7b99ec2bacd10368a9727f,0.522016684214274,0.6572556296291778,0.45705777638591916,0.5789330430049002,0.18469677826910988,0.9323919904222713,0.7731393266128812
832,rosy-sweep-833,run_fb1ce88257d0f201624f4de976430454,0.4641564687093098,0.7219175997635663,0.3452021988013605,0.645381963346035,0.16385028427037263,0.9630461406037405,0.8546888815785202
833,dry-sweep-834,run_72023b1c627fc33995b4613dd27088d0,0.12635628382364908,0.742157933915323,,0.7412992197423339,0.16634554643082908,,1.1577774902037044
834,true-sweep-835,run_2eb0c40e702a6893a118bdb78d7df448,0.32035748163859046,0.15488782317709093,0.6930560732385833,0.1052259118127387,0.054374605180037595,0.9829704528550496,0.689886253646169
835,fast-sweep-836,run_90da8185a7c5c24df523f38087915918,0.28717279434204096,0.0996556231997161,0.7283039458117819,0.055144256940664604,0.08172773215413799,1.023953370933691,0.7196130462983079
836,toasty-sweep-837,run_e1b7a7fd0a601525004c8fea52c132ef,0.32035748163859046,0.5350664437943435,0.36311725100359066,0.49031028851388186,0.27654769425142284,0.9381173647341621,0.8824946226368654
837,denim-sweep-838,run_635faa67a9fb1f806da3390dd71a6e1a,0.20208477973937986,0.9997008740866971,,0.8947740881872625,0.40848073278584923,,1.2665488054836913
838,unique-sweep-839,run_173b728d3444d97df89f97a686e5eb8e,0.5067006746927897,0.3780816149231985,0.8234621929771571,0.269007439666123,0.16827226784586313,1.0316878961944989,0.5865362589561379
839,sage-sweep-840,run_b4599ffa002c09598ea99681f3df4307,0.46585837999979646,0.59498266093996,0.7785512126249737,0.4678098348757033,0.15263739734681037,1.115998937147995,0.7262585537476876
840,eager-sweep-841,run_0859f90d1c6c97275c87db97d47b4c9a,0.3969367345174153,0.24300941333761727,0.6977934776495345,0.15802939575394706,0.10636449778900887,0.9537581530951349,0.6324333945063181
841,noble-sweep-842,run_528b4ce6d0fd62691b2a35c63bf8767f,0.7925971349080403,0.4718501278171079,0.20036321826875014,0.42244601705679613,0.192687934301961,0.5529953985381664,0.5085324235494344
842,skilled-sweep-843,run_73fe01a76f29e149d143d98a7ae75dad,,,,,,,
843,young-sweep-844,run_f488577979901624ddc3ae88f9365622,0.5790257453918456,0.672022115452402,0.3253065690732803,0.5914171656686621,0.3134712571067611,0.8571215844804293,0.7907324553365304
844,valiant-sweep-845,run_b655009d0f909ee95cc720a00558d024,0.27270793914794916,0.41924169549717005,,0.35142442387951434,0.15541692987997574,,0.8225614199382251
845,devoted-sweep-846,run_b07aa951318fa37ebf257633e3741187,0.48883199691772455,0.722977850193995,0.6418644699600635,0.6026311014334974,0.25320593809222997,1.093608566646844,0.8298013128907652
846,jumping-sweep-847,run_7d793d6c4e35d6ecba36c96346ad0c62,0.20719011624654132,0.4275314833051942,,0.34344039194338666,0.18665508528111163,,0.8839337845431064
847,grateful-sweep-848,run_9f030f30a5a1bdadafc54e147efc8eab,0.8547119299570718,0.6591621968754651,0.5525175471428893,0.5499001996007991,0.3547536323436524,0.8722838213490395,0.6703349852714036
848,twilight-sweep-849,run_c77a3e6fbfc3b9b4252d42ea211102ae,0.4701125621795654,0.4612379858239364,0.32537865953925416,0.3949011068771551,0.24069804169298673,0.7742043970492473,0.703322918898244
849,bright-sweep-850,run_7761c7ee6f098eafa20c4286d0a78411,0.7049564520517984,0.4414262058436429,0.5602703785104627,0.35490836508800605,0.18760265319014624,0.7718877427629189,0.49820216607245543
850,woven-sweep-851,run_7ebbfc4ca0e63c58556294424042d420,0.721973975499471,0.3497504206645625,0.5572454925464735,0.2561604064598086,0.17762160454832726,0.7142453122128062,0.4176913436253443
851,dandy-sweep-852,run_997634d92a65a0ae7f21de8ae89c6186,,0.598728776862119,0.640994805238629,0.44897477771729327,0.6780006317119394,,
852,firm-sweep-853,run_8515617548c6f7efa3018700576ad349,0.823229153951009,0.5317896997445848,0.6246247627282068,0.456378152785339,0.1633765003158566,0.8391688215017169,0.515965920587873
853,noble-sweep-854,run_4aaf5f6b0fbe78924ac2a666bb3d4c0e,0.8572645982106526,0.5026815932873858,0.44247335688999995,0.4328615496280171,0.16274478837650083,0.6847224625433406,0.4839714683884235
854,graceful-sweep-855,run_e96ccd3875aaf16cbba675a4ce3b90d3,0.34928719202677405,0.6764015225387872,0.34267779699208945,0.6235710397387049,0.20317435249526247,0.9991867947008415,0.9238765164095681
855,glad-sweep-856,run_69aa72b0bad4cd4071c6e1e3ad32747b,0.4428843657175699,0.8849146713144598,0.22266689711692836,0.7729813101070592,0.18523373341756036,1.0691269113352135,0.9706644485776472
856,skilled-sweep-857,run_0e90890e7414989f4fd047466d8ec096,0.3646032015482584,0.9963531973070152,,0.9387588459444753,0.5957833228048024,,1.2806072895521319
857,prime-sweep-858,run_2cd8f16ac475df26ce186cdba167a754,0.7500533262888589,0.7520306865865853,0.15171438969542464,0.7056251134095447,0.1768635502210993,0.8068709619931862,0.7691949400316592
858,chocolate-sweep-859,run_973b447f87231d7805c583b855424fc6,,,,,,,
859,restful-sweep-860,run_c7b68d1dc6590a601f2e3a29d378664b,0.18847068150838214,0.5136240800745298,,0.45249500998004066,0.16817751105495923,,0.9442538027738876
860,cool-sweep-861,run_350f5a3f1f7f1ace25eb465e4bd9c3bd,0.4684110482533772,0.37834446249262177,0.5721507785992955,0.3114679731446211,0.17190461149715688,0.8678063490028661,0.6396485811505254
861,efficient-sweep-862,run_245ae6bd28c2602f9821764610921e46,,0.7945157738135697,0.5171440436824492,0.6518417710034484,0.49628869235628514,,
862,revived-sweep-863,run_7dd861a435e2d88bdb2834ce908e15af,0.42756875356038404,0.8084823494788784,0.4668681593638357,0.7029758664489206,0.17244156664560986,1.0951196827502807,0.92281563414217
863,young-sweep-864,run_f2c2188d6472a3ca5fd31bcc371fec49,0.5015953381856282,0.8787869706044251,0.17071105165817443,0.7669207040464526,0.2639450410612766,1.0246052946284443,0.9519672042219962
864,twilight-sweep-865,run_e9c746fe4327274582e4fa2311888d55,0.6819824377695718,0.4726093279950647,0.4928136236401388,0.39090909090909154,0.1756001263423871,0.7532330412563268,0.5336482845599889
865,rare-sweep-866,run_a36ec9c8141e89e4938aa1300e26b691,0.3195063273111979,0.5298399710114698,0.6740867329827037,0.4748865904554534,0.15475363234365233,1.0946209193297125,0.8441194222901487
866,faithful-sweep-867,run_b422d4c57b99d95106925b5359be5ede,,,,,,,
867,fragrant-sweep-868,run_1a64d81a0cff3489cd5edd577ec59309,0.22335688273111975,0.4462810237659931,0.5343563703736512,0.3968971148611873,0.17613708149083945,1.0430139089837918,0.8897899318728937
868,cosmic-sweep-869,run_3c7fa8e54fd65cd148558543c1477621,0.5067006746927897,0.7820049776765408,0.5021251613231524,0.6635637815278536,0.19957359444093575,1.0521433776312228,0.8505825862914012
869,rural-sweep-870,run_3ad4a1e4bbd7df89da0cfb0754678dd6,0.5977451801300048,0.772543248879908,0.518504130503347,0.6219379422972248,0.18536007580543348,1.0136461635341978,0.763527407419108
870,youthful-sweep-871,run_8053ccb8fb722a8447a74b5c54f7a3e5,0.398638645807902,0.7170009746804884,0.35532384225799735,0.6588459444746881,0.1476468730259002,1.000989964427971,0.904164285946323
871,chocolate-sweep-872,run_639e0a2b319c1d19396f515648d3576a,,,,,,,
872,restful-sweep-873,run_c677fdb589fbe0d8f4c7d50e51bbc2f6,0.2590938409169515,0.19527434226313023,0.8606850992193218,0.1518962075848309,0.2308749210360062,1.1523249738383994,0.7907702723352921
873,likely-sweep-874,run_1ce34173a70aa4eb54c5c457b459571d,0.6683683395385741,0.313892618428687,0.4842512793897971,0.31683904917437866,0.08687618445988775,0.6655880375390435,0.4668126098644243
874,ruby-sweep-875,run_d6a5378c029ed44af4425b9e0fe460c6,0.6019997596740722,0.775910570628584,0.3067060034467787,0.6793866811830892,0.2703253316487687,0.924397088627483,0.8324939872452447
875,grateful-sweep-876,run_2e03a99128f3e9c3ceaae462fd73785f,0.30929605166117347,0.5154390228727426,0.7941413139269259,0.4443295227726374,0.15042640555906747,1.1719256619071179,0.8349423767827484
876,apricot-sweep-877,run_635d67e7ded8c517471478aba79799bc,0.4037439823150634,0.7609538789611618,0.4269934544507673,0.6901288332426061,0.175284270372712,1.056832746784153,0.9287214978336585
877,logical-sweep-878,run_5e0014cbfe2d8fc1526c393ec94399c7,0.9551159540812173,0.7295436534883581,0.2102724627069019,0.6458537470513527,0.22736891977258422,0.7605675699739021,0.6861765558781966
878,peach-sweep-879,run_ac877b0cb658b24fc26bd758a3cdfae2,0.1399703820546468,0.4709344910447686,0.4730449897278635,0.36971511522409806,0.09603600758054262,1.08866973913371,0.9410436360341684
879,still-sweep-880,run_31778b173eedef8ce2a3fb06c7e1f643,0.7492021719614663,0.8919282400638577,0.5062444951069481,0.7467428778806026,0.29072962728995605,1.0558025501003232,0.8396714788525375
880,fallen-sweep-881,run_5592961cf55e3fe5552d64d36c21174c,,0.7779510582401752,0.46664145380709576,0.6452730901832698,0.5213992419456744,,
881,faithful-sweep-882,run_d535bdd0610f26879cc8ae6c82411048,,0.29119337068931905,0.778446780671916,0.2543458537470514,0.1425615919140867,,
882,balmy-sweep-883,run_c6d593a5efa69bcf3b1c2c22274d1146,0.6522015730539956,,0.38777297943281586,0.8450190528034852,0.468082754264054,,1.026704636312916
883,dandy-sweep-884,run_92fc9178e1fdb63d10607b6223ebf3b4,,,,,,,
884,legendary-sweep-885,run_50b4fbc1e3d1f72130de171a5ad61e13,0.5373322963714598,0.5553556517160851,0.5286787395663771,0.4463618218109235,0.27850600126342395,0.8955347640060645,0.7006182075074951
885,vital-sweep-886,run_1726934c28d534c3ccd402283a91e14c,0.34843643506367994,0.5669855638114827,0.400014882747004,0.49401197604790487,0.29129816803537617,0.9518506264862415,0.868007796239209
886,faithful-sweep-887,run_26ab8c423279e1f21c7604962d8e4c67,0.5781749884287516,0.7073624484344867,0.47610920286765307,0.5611141353656336,0.3579753632343661,0.9513032885981146,0.7879922423329958
887,atomic-sweep-888,run_56c24edc071495ffb03dfdb683e80c31,,0.7773343989910715,0.7372420437658658,0.5635456360007257,0.7778742893240681,,
888,sweepy-sweep-889,run_85594b5b48e1a3a5d36b91c5c2c25760,0.5892364184061686,0.4364950385662745,0.6329686238184786,0.34409363091997874,0.20358496525584308,0.871724679813199,0.5732137340309543
889,copper-sweep-890,run_d8c27497c92ddb8ada5d6ca708734e91,0.43097217877705885,0.47961256946547515,0.7152963464390781,0.4323171838141902,0.16050221099178924,1.0322159373619924,0.7324286780840935
890,lunar-sweep-891,run_d59b8c6a50112fcd479d024427be5256,0.7194213072458902,0.8261004271377201,0.45825571276627114,0.6992378878606429,0.23330701200252824,0.9854768474335924,0.7887269416578631
891,classic-sweep-892,run_73533b470b36923d2c079a6eb6771038,0.35183986028035474,0.33935540429963096,0.882009597915072,0.3183269823988392,0.12860075805432775,1.1459557530564008,0.7334724189883958
892,noble-sweep-893,run_81c15b964066cb8e4b715c9568130005,,0.392028491697912,0.5987193713091131,0.2934676102340781,0.5065540113708145,,
893,rosy-sweep-894,run_39b7f8b11646caf3a6f81893f42a4990,0.21740039189656574,0.4331171603403816,0.7925028793163649,0.36369080021774697,0.17616866708780798,1.1950370014814158,0.8807772385967799
894,dainty-sweep-895,run_ed815420a34d25d9b91a1ab6e96ab794,0.3144013881683349,0.8746334451798932,0.03230559749625753,0.8120304844855747,0.28046430827542507,1.1117880965374407,1.0991356570031727
895,snowy-sweep-896,run_982626340c23d8dfd8ba8b4575ad79a4,0.3892787297566731,0.5911460953638183,0.31916097006858,0.569315913627292,0.1933512318382806,0.907908531079331,0.8570214573103064
896,spring-sweep-897,run_7a4618d116136ba4495b1820e7939a79,0.48202514648437494,0.6269474866480218,,0.6627653783342415,0.18501263423878733,,0.8612697431240917
897,feasible-sweep-898,run_bc867419ac418ea0b0465bbb057607d7,0.616464614868164,0.9612840447632438,0.5245409620958023,0.7767192886953387,0.35652242577384735,1.160305833511578,0.9367499587185938
898,confused-sweep-899,run_9836645ca072bfd87f14735e40e55b99,0.16379475593566892,0.648182765516458,0.42577441489846246,0.5530212302667401,0.22522109917877425,1.140466553694311,1.027519457159679
899,atomic-sweep-900,run_c50915bd877ac48b8cd7de99311e615b,0.17230391502380368,0.8921783674969666,,0.8513699872981318,0.39486734049273486,,1.2513320426428587
900,faithful-sweep-901,run_f885e29a8d93062b116f88dc2dc0d093,,,,,,,
901,major-sweep-902,run_9b166c05d90ecee143bfe2682a675979,0.5671135584513346,0.822668792581041,0.3009959665451966,0.7355289421157695,0.25134238787112934,0.9771249589688572,0.8897002258667637
902,azure-sweep-903,run_8ad41f44e93c98586eadb13fa32c8e2e,0.7806849479675292,0.5777029836844254,0.3108015600242238,0.5037379785882775,0.20952305748578737,0.691691722604358,0.5880059138634592
903,glamorous-sweep-904,run_cd4dac7d3363543ae3b967a1197a2413,0.3858753045399983,0.48406929972207635,0.7622785090976809,0.37446924333151915,0.19442514213518808,1.0920351431796709,0.7451023363736075
904,misunderstood-sweep-905,run_5a6d55a39ab4be754d1622cc322a786a,0.5841310818990071,0.6946032029694917,0.161903107688357,0.6441480675013617,0.18125394819962198,0.8256107938351551,0.7878620968457489
905,smooth-sweep-906,run_4d63b4be639e62ab7ef9fb363b731905,0.1365665594736735,0.6322647360551312,0.44118710312454873,0.6007076755579753,0.5652716361339236,1.157550025977895,1.194110145803526
906,resilient-sweep-907,run_11bb87252509c4320cea244f49be6302,0.29908537864685053,0.516434301500933,0.5219638954699397,0.50127018689893,0.16204990524320997,1.0151019664878693,0.8768199806628784
907,fallen-sweep-908,run_8a741aa66785779baf5f44f34556ae12,0.2531377474466959,0.7646454725775822,0.4165782376076032,0.645490836508802,0.2864971572962723,1.1471806096123862,1.0278824181027095
908,clear-sweep-909,run_a84f73687f7ee7565c409a8b355047a1,0.6505000591278075,0.5516394176820372,0.1909284882097428,0.49466521502449695,0.2858654453569172,0.6803748550764506,0.6697484128193261
909,atomic-sweep-910,run_0c295fa5fde9f969961aa73be50077c8,0.6981492042541503,0.8142454099075955,0.010164451438148998,0.7399201596806396,0.2050063171193936,0.8684542627686443,0.8249989913042823
910,neat-sweep-911,run_643cfb6cf7b0d428adb970f9ebf7d27e,0.6487981478373208,,0.296841285199032,0.9317909635274907,0.5573120656980426,,1.1411283360107247
911,volcanic-sweep-912,run_5221e42710a461236f58111ff9df88a6,0.3195063273111979,0.5144249883003416,0.9413703095233467,0.4223371438940318,0.15311118130132784,1.270386857146036,0.8154037867961804
912,swept-sweep-913,run_4242bd3b486fa82947607e77cb0f6194,0.48542857170104975,0.3697885742396161,0.8835562465047914,0.3038831428053002,0.12070435881238087,1.087289742983638,0.6096706172509514
913,solar-sweep-914,run_8b62fc3d446b279e6295c867e82825a1,,0.5974517364292922,0.7417295977764992,0.4384866630375613,0.8008686039166132,,
914,flowing-sweep-915,run_31d9aa4c3bc516ef218647bbf2ce7039,,,,,,,
915,sweepy-sweep-916,run_9b1b1ebc6c74c82543dc06b5f095cd4c,0.24462898572285965,0.4667013213083453,,0.3806750136091459,0.14663613392293134,,0.858487618412906
916,light-sweep-917,run_214479be705391a9e2d4ec440c61a343,0.678579012552897,0.5920742567139698,0.3643311715818531,0.5082743603701694,0.3659349336702468,0.7658985436864836,0.7039621099614833
917,genial-sweep-918,run_a0a1dd9e9c9248dfdfb9858915e1629a,0.6768771012624104,0.6931662609792943,0.1475060417590305,0.634494647069498,0.18153821857233207,0.7788747687555521,0.7348115334225812
918,celestial-sweep-919,run_5b926ec39901fa1c9f2a4ac19f5bb567,0.8998084068298339,0.7286700468129879,0.26878303686762434,0.6471239339502821,0.22954832596336058,0.7830981505355511,0.6939021366056213
919,driven-sweep-920,run_1d48b85d870c41fc3536398b68c1f8b9,0.5628589789072672,0.17539038925063855,0.4835082650337163,0.119306840863727,0.128758686039167,0.6750068913125273,0.4710681413865859
920,peach-sweep-921,run_c1ca5ddb09ba3d56aa093ef00c7d9d07,,0.8240994577338858,0.49134433736175054,0.667628379604427,0.5704832596336078,,
921,worldly-sweep-922,run_66663bdec313f29f2c86af32cefb23af,0.2548392613728841,0.5130319756340853,0.3136804619738679,0.45514425694066407,0.16843019583070182,0.9575289899728681,0.8892634884470108
922,rosy-sweep-923,run_39d1374e71c228c8dd8f4fa8fcdc1f12,0.43522636095682776,0.6280256634224872,0.4052435592886845,0.5708401379060065,0.35064750473783945,0.9368072585224158,0.8762313615601127
923,trim-sweep-924,run_40c3fbaaeff5740a6bd4b575b7faa726,0.4522442817687988,0.3294170826256,0.6578707126901072,0.2472690981673026,0.1741471888818706,0.9172490478577396,0.6257040651609258
924,iconic-sweep-925,run_e0a960372ccfbc3511ba04ed862663e2,0.5254201094309489,0.49279884994339174,0.49245734158309307,0.4201959716929779,0.2404453569172462,0.8429656056549101,0.6779415143082774
925,earnest-sweep-926,run_d3928ec300a0f3fcd16915341a557780,0.8725802103678384,0.6166304701538641,0.3759717791399008,0.5107421520595175,0.22626342387871207,0.7333646556943566,0.5729646460870071
926,swept-sweep-927,run_7cfa42c2645e997672c3564ee2ebd415,0.29227813084920246,0.4725842076276341,0.7998909105448744,0.39606242061331925,0.14360391661402536,1.1679176110264138,0.8236247749814648
927,warm-sweep-928,run_24c7359c58cfc4ca6c477ad7b4fe44c2,0.8742821216583251,0.5439164534306968,0.3166030604828932,0.48359644347668357,0.19237207833228206,0.6417846922095402,0.535422750357053
928,vocal-sweep-929,run_48a63f13ae42a41e9ee83af73e11e96f,0.6700702508290608,0.09563731641117457,0.5025838227554668,0.08885864634367602,0.1364339861023376,0.6087615580617985,0.36791810363422206
929,toasty-sweep-930,run_857a11a77bcc9730ff1ffca6b308b2b8,0.5611570676167805,0.5854308373973152,0.5756736901891963,0.44563600072582155,0.23643398610233782,0.9309739965511773,0.6686371169998326
930,confused-sweep-931,run_b93556db50cff62c07b195eef1ed399d,0.36970853805541987,0.580631253204964,0.1765348323936888,0.5401741970604249,0.43352811118130197,0.8749654428872439,0.9364839098214865
931,likely-sweep-932,run_8c6a1406f28ffa2f8596aa37f2a3742c,0.8019570509592691,0.5045818510844131,0.5366192441919374,0.4100344765015427,0.205227416298168,0.7627477088432639,0.4994672902053399
932,blooming-sweep-933,run_e85248a74ce32b425f947177c2957ffc,0.7534567515055337,0.8523402357703747,0.610276066898212,0.6899110869170754,0.2677984838913454,1.0768956907333471,0.7800492992137148
933,good-sweep-934,run_cccda174d248647c82ca040393e2a3d7,0.16209324200948078,0.4077003300716524,0.8310912543078177,0.3255126111413544,0.17793746051800396,1.2486072109409183,0.9163557905932833
934,ethereal-sweep-935,run_93842027229755ea0b940ad8c579f3ff,0.739842653274536,0.5991407527879997,0.3315067988227693,0.5210488114679738,0.31877763739734655,0.7324945353873463,0.6639223532101141
935,peachy-sweep-936,run_12b3900bdd7c8b55623efb8c372fb8a6,0.6768771012624104,0.7203200434496337,0.43113197929747654,0.6253493013972063,0.2715571699305118,0.8995244055926579,0.7544623602190009
936,super-sweep-937,run_c8eed42dac119d82c11a35b7eb8ca651,0.15273332595825193,0.9436349736029466,,0.8818181818181827,0.3281901452937466,,1.2661646394505028
937,stilted-sweep-938,run_fcd070cdd9620b7b6c6d142bffe828da,0.5194640159606932,0.761500671500817,0.23116418044481016,0.6642533115587019,0.21132343651295007,0.9296423952109439,0.8466433066486557
938,fine-sweep-939,run_e05ee36de4adbac0f58b9474e40c6b3f,0.35694519678751624,0.7576831604807666,0.24532245693901664,0.6736526946107789,0.568367024636766,1.0236143607283774,1.0910401035642365
939,valiant-sweep-940,run_d8eb2561fc5cc34d89a8a6419c31236a,0.6505000591278075,0.9099807931436485,0.491129957149697,0.7435855561604067,0.24856285533796638,1.0915236540587991,0.8584015267075253
940,distinctive-sweep-941,run_ba66ef8edea6850ebf25893917693cee,0.3467349211374918,0.5924098089354488,0.5944224657040534,0.5131010705861007,0.1846967782691102,1.0635049189909094,0.8509646713000667
941,denim-sweep-942,run_82dc6dfb114468beea5c3558f9cbe612,0.7942990461985269,0.9580798687360343,,0.7497187443295236,0.8248420720151617,,1.1334705650170798
942,fallen-sweep-943,run_fff51bb841fac4c614c873ca7fbb6bb8,0.33141891161600745,0.424778152274806,,0.3594084558156417,0.18096967782691145,,0.7803365518475245
943,legendary-sweep-944,run_fd2654ce57b9b3e0e130169004159cb6,,0.387793340938555,0.8563662434857887,0.2789511885320272,0.1400031585596971,,
944,stilted-sweep-945,run_d6bf19bd70703ab3102e217a976952a5,0.6351840496063231,0.28663828362581034,0.6839400845828968,0.20303030303030342,0.14249842072015273,0.8264540051332876,0.4411550538279667
945,solar-sweep-946,run_d1229f7643027f4ae041375bea120e05,0.6385874748229979,0.8130521565871032,0.27053546407042933,0.7134276900743975,0.2238945041061286,0.9299797094590608,0.8304979417726676
946,avid-sweep-947,run_5182d1dfcb75912dd725334775cac0df,,,,,,,
947,swift-sweep-948,run_48ea49da3385264917e716e01a26a25d,0.23016373316446936,0.4099172115031502,0.8843995522755216,0.3559970967156607,0.1344756790903346,1.242112139094908,0.8587581259423706
948,rosy-sweep-949,run_273752f90b84ed2559ff856818d194d9,0.6624122460683186,0.32187645856968183,0.28810094675383974,0.27245508982035993,0.1399084017687935,0.548244563772826,0.4558197324153003
949,dazzling-sweep-950,run_3ce3ad85ac2bccf5442a9f3bf5b50a3b,0.699851115544637,0.7415000447797322,0.18646418662692377,0.6437125748503005,0.42642135186354935,0.8213894095632011,0.8284264609398589
950,dry-sweep-951,run_2b1b483799df3ef6aca2441646e76b9b,,,,,,,
951,rare-sweep-952,run_c3a80b9a4484b647e725b293cd618865,0.4479897022247314,0.6547517571579657,0.1383898264762173,0.5657593903102889,0.1676405559065077,0.8675061823546285,0.8080237697981746
952,misunderstood-sweep-953,run_f0b1d420c4d59dc816c3308e9de1942c,0.6462454795837401,0.7434072101567528,0.30966987260158857,0.6491925240428232,0.21293430195830762,0.8795976187013403,0.7693726086484373
953,driven-sweep-954,run_1440b6387b5f570ad5336d2d85fd0a2c,0.5866837501525878,0.5875796666613642,,0.5739974596262041,0.3093651295009477,,0.7720169618579649
954,clear-sweep-955,run_e9fc6e0aebe59eee8ebff5edca286108,,0.8913995079244952,0.6276616065586396,0.7276537833424058,0.7672299431459253,,
955,ethereal-sweep-956,run_eac3b967c10ea366bfcb83d889253cc4,0.5509467919667561,0.518142663374169,0.3848319451733317,0.47136635819270606,0.14922615287428836,0.7862672759814664,0.6679097783252337
956,golden-sweep-957,run_e96b2600c3df4d0c9463252d879fdab0,0.6556049982706704,0.37627127958822415,0.49512140009665334,0.2810923607330806,0.168998736576121,0.7108679159258594,0.4755853292974525
957,young-sweep-958,run_c09a74d6bf0fcce2357bfbbb27aa4e6f,0.6947457790374755,0.6195289085087401,0.15482456645956152,0.5694247867900574,0.16947252053063758,0.7077901202142198,0.6679413615290997
958,fallen-sweep-959,run_7d53b62c586d3d7b3cf962504dd4a404,,,,,,,
959,smart-sweep-960,run_94bf4ced3d6069f0501a9009b55dd3a4,0.3705592950185139,0.7748764110351738,0.4401056479610783,0.6524224278715307,0.29192987997473147,1.091018805902805,0.9524041580649646
960,restful-sweep-961,run_fc7ef8111a49f8ef707fe8f7a7e6b8a9,0.1757073402404785,0.2810992272434967,0.36278522045898093,0.24973688985665113,0.06685091598231364,0.9434449007089861,0.8638842214419555
961,resilient-sweep-962,run_3345ddca41242fcf9e41734e17079d6f,,0.7188097624685459,0.7151463548556654,0.5542551261114136,0.4882659507264692,,
962,whole-sweep-963,run_608b8856f8f7082ad2aceead11398ca1,0.6947457790374755,0.7636892198459782,0.33351361888760195,0.6434585374705138,0.5051642451042336,0.8874867311165284,0.8731608920415874
963,swift-sweep-964,run_42dbe24385d038bce3b13e4c02488855,0.10933836301167804,0.4332135834963222,,0.35882779894755945,0.24082438408085785,,0.9899656180232685
964,gallant-sweep-965,run_2a953618babb63f38e99be045ea75e9d,0.4862793286641438,0.352222192149092,0.6288669908087281,0.2759390310288519,0.22582122552116196,0.8851232077676529,0.6253371114037484
965,drawn-sweep-966,run_8a625c8be055e7e157aff3fdc5de4d76,,0.638823728241531,0.5628947577777358,0.5025766648521138,0.7666929879974729,,
966,glad-sweep-967,run_9fcd7372d59532fdca418f2577256525,0.6794297695159911,0.7533613532412522,0.2991987406554863,0.6638178189076402,0.2567435249526232,0.8716871500945108,0.7806001581968617
967,hopeful-sweep-968,run_b94b389fb0738477054457b5dacb6e7e,0.42671759923299146,0.9112239325093552,0.13404636853126353,0.8265831972418812,0.33090650663297433,1.0848733544167346,1.0589577938349735
968,graceful-sweep-969,run_a7933ab8b4318e4f4b8b50700bcbce91,0.8181238174438475,0.6238484236840058,0.21602759159974483,0.5495735801125029,0.21593493367024824,0.6847873552034996,0.6178494649330426
969,desert-sweep-970,run_de0a742c9c8b980e4e2c3bbb07f8f008,0.566262404123942,0.7990923596397739,0.2156197633122477,0.6985846488840499,0.24316171825647484,0.9344350077141983,0.8574826149597642
970,revived-sweep-971,run_127abd7313d635b0dfbc08d18b25f2b4,0.4403316974639892,0.4614874639682105,0.8416540354754475,0.3606423516603166,0.25686986734049305,1.1111169172033408,0.7136341103269558
971,likely-sweep-972,run_5c07bb6e4fe04a988332dd83ab6a4856,0.5985959370930989,0.27819597111842587,0.6357090302976833,0.1925058972963174,0.1759159823120665,0.8016509160892367,0.4786754381048259
972,wild-sweep-973,run_3a4d64de3b572872410b97c539497d32,0.0285045305887858,0.3840447750063616,,0.3181455271275637,0.3044061907770055,,1.0666223101459849
973,glowing-sweep-974,run_9cddb96586064dd029cae5eca51d88f2,0.5730696519215901,0.7857642936390699,0.08918328357824466,0.71861731083288,0.2035217940619082,0.8986927758351329,0.8602915100111185
974,bright-sweep-975,run_ebf813adddb73d1433515d782639672f,0.577323834101359,0.9369800863571651,0.288775842397632,0.7779531845400115,0.2977100442198353,1.0676976681631922,0.9340757833195854
975,lilac-sweep-976,run_736f4a62294fb40e938406f848e8d505,0.7432460784912108,0.5489324830332318,0.30871235924235424,0.4559426601342776,0.3829911560328488,0.6801123200532037,0.6484508548377746
976,lively-sweep-977,run_0b762c1afa5b8b608fa175f11b1c09ce,0.7653689384460448,0.36598066145168495,0.6468308500345594,0.30667755398294344,0.18210675931775125,0.779348271415918,0.4269259056933773
977,daily-sweep-978,run_5719c475e4e17a8fe0eeb83a9af3a9d7,0.7934482892354329,0.6871272691728887,0.5822204581810974,0.5606060606060614,0.3811907770056872,0.9240065774578489,0.708695402046758
978,lyric-sweep-979,run_85dd30c4b72b265e9ffbed0d445671c0,0.5594555536905924,0.2990885582771763,0.4394892324881164,0.2559063690800227,0.10030006317119422,0.6904231748278559,0.519256758821615
979,major-sweep-980,run_0baf2baa36dab1b1c656fb2ce7493c6a,0.5764730771382649,0.4990960724088511,0.6952571990671998,0.40676828161858136,0.20990208464940047,0.9549107375757376,0.6236139626883187
980,earnest-sweep-981,run_0c51d878a11675c909b57232afab5c9d,0.46926180521647126,0.45288414657024134,0.693666769322089,0.3667029577209231,0.238297536323437,0.9838499217250968,0.6877061919316794
981,noble-sweep-982,run_80ef7a3227267f4fec500350f0a21a39,0.24207631746927893,0.5120964759237392,0.7421611821796502,0.45089820359281446,0.16631396083386,1.1779194919555147,0.8974507407721067
982,ethereal-sweep-983,run_8c1122f9f71927b1870fe7476e895dfa,0.4471389452616373,0.8087304828851671,0.3544657107256103,0.6982217383414996,0.22964308275426357,1.041799539198546,0.9197308775918758
983,misunderstood-sweep-984,run_f7ccb6180fdf8afb56e4db14a81ebd97,0.5356307824452717,0.6978668508853763,0.11716661028418653,0.6252404282344409,0.17528427037270963,0.8463952542060648,0.7983037885111599
984,different-sweep-985,run_1ffaf95bc6ef7fb2c645a4340ca73766,0.33482233683268225,0.38617966205888354,,0.33211758301578725,0.13245420088439547,,0.7551870813625626
985,cosmic-sweep-986,run_0160ec46c165c221f750c3773b1a74b3,0.49478848775227857,0.8982882604032789,0.18554284684154948,0.7971874432952282,0.3415192672141502,1.0471803182356156,1.0036841643334333
986,mild-sweep-987,run_cc073af475c6726efd7e35ad9d126049,,,0.7069962204422211,0.8713663581927061,0.8430353758686038,,
987,likely-sweep-988,run_1270565df9c6f6e43f3a64a47294eefd,0.36800662676493323,0.5274181015704942,0.46383300225907376,0.44051896207584945,0.11482943777637561,0.9448420670471486,0.778882776508417
988,magic-sweep-989,run_c13dd2a844512d49f1122e59d9d82abd,0.6734736760457356,0.5715768642576853,0.5051863412904104,0.4753946652150252,0.18062223626026572,0.8297787605236256,0.604354134743571
989,laced-sweep-990,run_887eabff4b198caae6a877258526185c,0.33397157986958814,0.3531645690140959,0.8890052726554978,0.3391580475412817,0.09095072646873134,1.1656111890495906,0.7529236829045934
990,noble-sweep-991,run_66b6a16df5a8f86e5af828dc60922f7c,0.41650732358296705,0.44428526631606235,0.5615791770602325,0.3415895481763747,0.23529690461149824,0.9237013983996639,0.7158992639857962
991,crisp-sweep-992,run_da93b6d5634c1d15dc4ab234b2bb1698,0.7134652137756347,0.8336322085725221,0.5313083778630238,0.6747051351841783,0.2528900821225536,1.0292392507447339,0.775424139936651
992,deep-sweep-993,run_4a9c5ea54bbf679958e1fabb743ca773,0.4045947392781575,0.5855409098796565,0.20538125987636932,0.5758120123389592,0.1952147820593821,0.8599692108130069,0.8509851404011582
993,robust-sweep-994,run_47b9fd5c20d41371a97244616285630c,0.31269947687784827,0.5923486811003573,0.6305597208640752,0.524641625839231,0.16565066329753497,1.1049273870537812,0.8803811600086229
994,happy-sweep-995,run_8fc46897a60887431a20055f695ba265,,0.3744752556463897,0.5126069924951296,0.3076937035020877,0.15216361339229198,,
995,electric-sweep-996,run_18f2e265dbeeecd9697eec4741790616,,,,,,,
996,unique-sweep-997,run_19e3d195e80963823a90ae730b6cb530,0.5398849646250407,0.715277388857058,0.2088553940080236,0.6498820540736707,0.16473468098547112,0.8757557675485317,0.8131359327348033
997,fancy-sweep-998,run_14eb7af7520046de315fcb25c6e64b0f,0.677728255589803,0.8495287752358451,0.21917701549368115,0.7815822899655247,0.3630606443461791,0.934663993807199,0.9200777057977265
998,feasible-sweep-999,run_d7384ced115a7d7179cf9881be0aa67b,,0.8390029864446875,0.398419650425333,0.6757938668118321,0.5223152242577388,,
999,hearty-sweep-1000,run_286af60a3104ed7d22408ce752af105c,0.85641344388326,0.832874627958724,0.5594582249368633,0.6859190709490116,0.4814434617814279,1.0135535261861381,0.8502293089991112
