,name,model_unique_name,acc_OTI,distance_OTI,distance_P14,distance_OT3,distance_conc,distance_SL,synthetic_EC50_OTI,synthetic_EC50_P14,synthetic_EC50_OT3,synthetic_EC50_conc,synthetic_EC50_SL,SD_OTI,SD_P14,SD_OT3,SD_conc,SD_SL,pearson_corr_OTI,pearson_corr_P14,pearson_corr_OT3,pearson_corr_conc,pearson_corr_SL
0,pious-sweep-1,run_60d5f51817e261163d8d052e5c77946c,0.48142948746681213,1.5891257179323546,4.115215024496463,1.8294630448515472,1.6484449639190975,1.7710555467637283,0.9628589661774084,3.99714207947741,0.8132533164876808,1.6484449639190957,1.1580471593606585,0.5037172961623614,0.4624030132945693,0.3610444401877215,0.5628647936684359,0.44342372124252505,0.5089417830729237,0.42837132262313987,0.059588051212138116,,0.4346696398936749
1,fresh-sweep-2,run_a667d71fd2a2a96417724a091d125c28,0.5982131361961365,1.2876834716017866,4.526565051714752,2.3256980416929878,1.0397347291391401,1.774465896502611,0.9306700701978303,4.43641807294502,1.8277700568540745,1.0397347291391403,1.2790314923247348,0.5666907594506232,0.4216971693036095,0.38226031989273057,0.6135302729639841,0.4070785257731367,0.5682335637218756,0.32445838700586627,0.010313812743730555,,0.4089366939075427
2,dazzling-sweep-3,run_9d180089e1a3baab33b711191992f8df,0.6419910788536072,1.1411997447351627,4.788758845944475,2.0833354390397973,1.0265677406240472,1.968258426966292,0.8393235481812381,4.70988023952096,1.6049778900821219,1.026567740624047,1.5639064725431242,0.6113717473466546,0.4498603333006175,0.4633818599750982,0.5127550164121967,0.42550727683421186,0.6049392789759485,0.3311035676304228,-0.10446351210026077,,0.3192564139878883
3,swift-sweep-4,run_f8835f0e2fcf8d352145819525e06734,0.5622208118438721,1.37576260370134,3.645209580838323,1.9008591282375231,1.3865738388047564,1.5400458933375534,0.8905552010210597,3.4967610234077307,1.180353758686039,1.3865738388047575,1.0869362240860885,0.5637636088752112,0.47365529850149635,0.3470671710883376,0.5494951500643473,0.45337166163859227,0.5575698181115156,0.46755206637177565,0.12008006083954231,,0.5301767627925229
4,worthy-sweep-5,run_b11ad40a83f1a82b9b4158b2387bc848,0.5751116871833801,1.3793490746649648,3.952585737615678,2.339115603284902,1.1781786766947862,1.75104446906156,0.9249266113592857,3.798747958628199,1.6505748578648132,1.1781786766947855,1.091034973888273,0.569164072461766,0.46739198973781493,0.3827494173610446,0.5943277750035736,0.41456348095032947,0.5502848259554722,0.3922027931148712,0.05725748485163307,,0.446542559996412
5,azure-sweep-6,run_7cec8bf5eaa771982962551f35d05cfb,0.561837911605835,1.3834077855775366,3.967583015786609,2.1277068856601384,1.1285394857200937,1.530341034973888,0.9887172941927247,3.8676374523679913,1.5152621604548329,1.1285394857200945,0.9884673207786043,0.5545895131305411,0.4626423814789082,0.3512358330938926,0.5909836139978957,0.4463804083020297,0.5519760925842598,0.4572063615994807,0.11465703116920392,,0.5215104598664155
6,copper-sweep-7,run_687a6b092685d6bae6605a9e5ca38bce,0.5440970063209534,1.4392342054881937,4.295672291780077,2.361920404295641,1.0285394857200933,1.5555625890172493,1.0875047862156977,4.22022318998367,1.8501073910296908,1.0285394857200947,1.0918895394840953,0.5279858537180334,0.4530118407556887,0.3945072311081314,0.651516672902914,0.45255054902214,0.5325392958174691,0.42149307422344245,0.08996287835587444,,0.5065719489248981
7,deft-sweep-9,run_f5fef8fad19bcaf5c7f6c0b11b190b2a,0.5945118069648743,1.298557753669432,4.080457267283615,2.200075805432722,1.2467628824067487,1.7019979427124543,0.866419910657306,3.9702231899836686,1.5537334175615904,1.2467628824067483,1.0886334863111242,0.5990330629354955,0.4205269186123606,0.35782875203524567,0.5833012382070006,0.41679344687849273,0.5752069856876211,0.39412751744169694,0.024186752580691473,,0.45810173140845273
8,happy-sweep-10,run_fb039f7440d1f98beeee75a29c304343,0.6177409291267395,1.2351244416081681,4.698421339139902,2.08822488945041,1.0059965443642644,1.7647729071055545,0.8758136566687932,4.621502449646162,1.4918635502210986,1.0059965443642642,1.475075170121856,0.6100979149820536,0.506800196412441,0.37209111515499793,0.6577287557721647,0.49594662400115036,0.5894776755148972,0.39998092270393437,0.03907887328551282,,0.41464888185782134
9,crimson-sweep-12,run_41ea6c13d67f7414fef5170c0677de76,0.5521378517150879,1.4362220804084236,4.822890582471421,2.522804801010738,0.8665870515296269,1.559570343408767,1.2106190172303768,4.777817093086554,2.240593809222993,0.866587051529627,1.2651724956480452,0.5356649896909563,0.4761114710765706,0.45227261118028284,0.687899738532574,0.5203256610903304,0.5213010705322462,0.38066360586338854,0.09565057716172773,,0.4881822530155794
10,fluent-sweep-13,run_108e0561fefc3e6a531d31f15797f2a4,0.5818762183189392,1.3488321633694957,4.238405008165489,2.151914087176247,1.2672832604939523,1.718875613229941,0.9844671346522016,4.129640718562873,1.5700694883133275,1.2672832604939528,1.2000118689666095,0.5670824372664283,0.42697125800411334,0.3476389554001852,0.5550241131958528,0.41651631935896244,0.5445483463440269,0.3521415354459659,0.038915126641324155,,0.4303304942186447
11,fallen-sweep-14,run_27f191a08b1586229d0256f29eb9d284,0.7023612260818481,0.946100829610721,4.859580838323354,2.434769425142135,0.7045431446285191,1.9196668776705168,0.7453095086151886,4.791480675013609,2.1502084649399875,0.7045431446285196,1.4972266181357805,0.6796659513686025,0.43080618927876574,0.5736883440283498,0.5563234857254528,0.4012582410313273,0.6744887509259193,0.2561308220585335,-0.21646772824705657,,0.32773950725488765
12,dainty-sweep-15,run_7c4061aecc99bc279a895866df17db82,0.5508615374565125,1.419004467134652,4.460696788241699,1.7808717624763104,1.5661906697835142,1.9114733343883523,0.9439055520102102,4.36271094175286,1.0665192672141515,1.566190669783515,1.4034340876720999,0.5146417904650868,0.4829403696920589,0.3793257350828465,0.49147515088823057,0.41969837570094504,0.5285865639479024,0.38329427556319695,-0.004724832266555429,,0.3495874891942809
13,blooming-sweep-16,run_d80c0f6eea35ee843896ffc69c57a4fe,0.5674537420272827,1.3537204850031905,4.483995645073491,1.9751737207833222,1.2105142799064945,1.8262541541383128,1.0116400765794518,4.382580293957541,1.3529627289955768,1.2105142799064934,1.5008783035290398,0.5140860350598995,0.4099599816576848,0.4166248443635667,0.5543922170838874,0.46244851799261916,0.5359718760152172,0.33293583598456933,0.012656670059936787,,0.37146309318392834
14,ancient-sweep-17,run_fe6eeb29ebea6e8c49456810d9b9d7e4,0.5395022630691528,1.5359540523292912,5.073353293413174,2.320631711939355,0.9585984348002845,1.9203513214116152,1.161940012763242,5.034158954817637,1.7509412507896391,0.9585984348002851,1.6448963443582831,0.5146552012505639,0.5036881132884345,0.3683416339431089,0.6805878460410901,0.5155184155293229,0.48528657246715157,0.38299194579968154,0.032152100066682954,,0.3709460905706032
15,bright-sweep-18,run_5f69e1557fa6c506fe0723be06229c46,0.6040842533111572,1.3239566049776639,5.136254763200871,2.206923562855337,0.8637971338550665,1.9294983383446742,1.075149968091896,5.101959716929777,1.7551358180669616,0.8637971338550664,1.7159281531887955,0.542768242703547,0.5163943768835632,0.4143305238961785,0.6704945651050827,0.5162230307499734,0.5400909561203027,0.3746155516436687,-0.009968004012030102,,0.35235092925633776
16,solar-sweep-19,run_a808b19b0ecf392125e5f27a4b4f98af,0.5372048616409302,1.4754818123803444,5.23320631464344,2.350751737207833,0.7653064335806484,1.794101123595505,1.2319591576260376,5.204300489929232,1.9129879974731525,0.7653064335806478,1.6258941288178506,0.48785183222069484,0.5259808479975406,0.38745602273090063,0.7521833235617721,0.5443032799266146,0.5087307899218505,0.39762185283419715,0.04433056658579235,,0.4281955377854055
17,magic-sweep-21,run_71d1292e7fb7c2c24cdab303a5d885ca,0.752265453338623,0.8074154435226546,5.067256396298312,2.5177890082122545,0.6551478808822034,2.071716252571609,0.6495851946394389,4.999156232988568,2.2096904611497146,0.6551478808822034,1.7549572717202078,0.7168662180217446,0.49616920395557,0.6471350126105417,0.5442858583959659,0.457275794247162,0.7161393265685467,0.2964736316053936,-0.35438100920091353,,0.27515751311201436
18,prime-sweep-22,run_636412f8b249400d28d16d39f76370ba,0.5521378517150879,1.4216975111678365,4.515106151333696,2.4124320909665187,0.9464224006504727,1.5313142902357968,1.1457817485641355,4.453864997278172,1.9800505369551473,0.9464224006504725,1.1928351004905853,0.534424142911049,0.46829771586068575,0.40662963317689876,0.6685374225679916,0.5035461622787764,0.5323108897441386,0.41042391674419554,0.0889175814420135,,0.5060105487390626
19,blooming-sweep-23,run_83fe0a672f06897c062294b5f11f3533,0.5623484253883362,1.4340778557753664,4.7441752857920525,2.008919772583701,1.1455330826303485,1.7291106187687924,1.0929164007657945,4.702041371801852,1.4163992419456732,1.1455330826303485,1.4453948409558461,0.5160195950704457,0.5496833881111693,0.409555278868563,0.641340474244874,0.49860879419188725,0.510589237848446,0.4557069878760801,0.03965952832472089,,0.4378812135413894
20,fanciful-sweep-24,run_50445bcaa8ceaba43882aae082c77d60,0.6116145253181458,1.212469687300574,5.706777354382145,2.727340492735312,0.7632178066876715,2.060428865326792,1.0530312699425661,5.672972237343495,2.5238787113076433,0.7632178066876713,1.847143535369521,0.5597678546705359,0.5834444904245851,0.5563798167480765,0.5615896567220419,0.5212075863525487,0.5876459791671486,0.2546040799191871,-0.19474363668926903,,0.289479682279485
21,fallen-sweep-25,run_1562d91fad12acb6549d3ac9bcb94d84,0.5359285473823547,1.4634460753031269,5.092569406641264,2.2638534428300687,0.8525713995324727,1.764005380598196,1.1817868538608804,5.0641535111595015,1.7720530638029044,0.8525713995324716,1.5715144801392606,0.469623697125536,0.5130811235669978,0.3713549149187498,0.7301357656154972,0.5244165768743764,0.5114170426446372,0.4103616578714311,0.04633392390075847,,0.4290619431727344
22,fiery-sweep-27,run_e370ace0b84869bf2b5214b7ee896f6b,0.7521378397941589,0.8190555201021058,5.158791507893305,2.482526847757422,0.5761357861571297,1.995070422535211,0.6495086151882584,5.10587915078933,2.1965634870499047,0.5761357861571297,1.7212533628738715,0.7368860516016846,0.4939398917634767,0.6007893560642339,0.6114756232826635,0.47779932433927746,0.7160781439009591,0.2878180402302347,-0.27546955921585525,,0.3013214418954161
23,resilient-sweep-28,run_58d3d14066572ed9927250f1ee968602,0.5215060710906982,1.5022973835354179,4.186635819270551,1.7700442198357544,1.4331842666937695,1.7246043677797116,0.9610338225909384,4.0626837234621656,0.7927353126974095,1.4331842666937689,1.2102270928944443,0.4993208736978438,0.4471129324423135,0.3647715736040609,0.5923240865326884,0.44350777680096587,0.5165522886699054,0.4396945489665911,0.07098227403392035,,0.4470523335203186
24,sandy-sweep-29,run_7078b8d9c8cd3bc8255a17fddb40397a,0.5469049215316772,1.4279514996809186,4.848258029395755,2.1214655716993045,0.7913914015651997,1.7068760879886056,1.1683471601786848,4.81396298312466,1.6364624131396068,0.7913914015651993,1.4893179300522228,0.48272455307084294,0.49481837531012846,0.37179548574529897,0.6843078356891921,0.49466521946087644,0.5150244484953065,0.46142564180780926,0.08322873780869292,,0.42615563713852617
25,giddy-sweep-30,run_1babcb914ce257ed9ba3b845cfe8fbb4,0.6359923481941223,1.1594001276324186,5.245019052803484,2.5293619709412507,0.8760392316292305,2.035899667668935,0.9285130823229109,5.192596624931955,2.190006317119393,0.8760392316292301,1.728896977369837,0.5745353067003494,0.4937229404142265,0.5634868946141813,0.5971066493122564,0.45951475807061437,0.5995184014615628,0.2669054051920294,-0.2204252821688967,,0.288600961340324
26,grateful-sweep-31,run_9b78fcb9bd96c3308bc33d2938f7970b,0.5179323554039001,1.561072112316528,3.7816820903647255,2.089665192672141,1.3446539282447403,1.6544706440892545,0.9802935545628597,3.6371529667936864,1.1589892608970311,1.3446539282447405,0.9472305744579829,0.5749781756528157,0.4661285981734844,0.3773334291096,0.6214092692918944,0.4815400268563307,0.5093885630442514,0.4215271893064455,0.10487779736013844,,0.5097254047459611
27,earthy-sweep-32,run_964915db92a4dd35e5be2ad20a1108f0,0.5514996647834778,1.4413401403956603,4.155035383777899,1.9207075173720778,1.4713080597621708,1.886445640132932,0.9191448627951495,4.015895481763746,0.9587618445988636,1.4713080597621724,1.3735638550403537,0.538511680826553,0.4486681864377025,0.3141436005491173,0.580610637799422,0.40658941795072684,0.5278147978455102,0.40367126918194873,0.04066498839952107,,0.3714234785689838
28,crimson-sweep-33,run_1ca88cc51509526fcf8bb068d53f15fa,0.5628589391708374,1.3809317166560304,4.490337506804573,2.1822109917877444,0.8930175830877122,1.5150221554043357,1.133503509891514,4.441834512792598,1.782349968414404,0.8930175830877095,1.1026230416205083,0.5395922611998275,0.4945524388845275,0.40813587459694156,0.6307297697040994,0.4811796943491324,0.539418843433543,0.42019259226179884,0.11277916262875745,,0.5037673329062732
29,lucky-sweep-34,run_b2ebfefc789ec1a210442c2409717518,0.5410338044166565,1.4490236119974471,3.6815732172019597,2.167668982943777,1.2381187112511434,1.56134673207786,0.9844926611359283,3.5145073489384875,1.4907896399241953,1.2381187112511434,1.0657303370786515,0.5461259756737953,0.4359824208054757,0.34838297736487567,0.555193888209888,0.4431137138326055,0.534677098126515,0.469712248770577,0.11749107309291759,,0.5127040116875108
30,graceful-sweep-35,run_fb2bccb49b3e4209c72a85bdd12b8306,0.5871091485023499,1.3206253988513081,4.951469787697332,2.130271636133923,1.0153623335704847,1.7109946194018038,0.9999106573069566,4.901986935220468,1.6336702463676558,1.0153623335704847,1.4737102389618608,0.5497229706552075,0.5136078046961778,0.41440171758771505,0.6478967792338146,0.4919085777458199,0.5547574887164852,0.41384784534871855,0.061436325356472865,,0.4248761482886957
31,resilient-sweep-36,run_9e61d46c13372cff74cdc08867b04922,0.5345245599746704,1.5097000638162088,4.478034839412085,1.9261655085281109,1.460153470881187,1.8681120430447853,0.9381110402042115,4.386418072945018,0.9213518635502216,1.4601534708811859,1.4597721158411143,0.5475746095414366,0.5116935782930384,0.3043820834530536,0.5672171816690318,0.45224026342891016,0.5186209878774657,0.4037845607261388,0.04350474290725556,,0.38086281005313316
32,good-sweep-37,run_6a4336108a29a03ef8a0d7f4391e850f,0.5309508442878723,1.592265475430759,5.050544365813827,2.5527479469361967,0.9882203475963003,2.0048346257319194,1.1049904275686036,4.999101796407186,1.8018572331017046,0.9882203475963014,1.6817376167115055,0.5844867003989618,0.5189689045953328,0.4198014238738307,0.7184783167233414,0.5549352538337851,0.4893986981594489,0.3910371627265231,0.04518290867868416,,0.3566585496901244
33,unique-sweep-38,run_af49a75bc3c8b94cd90b0b3efe42b565,0.558391809463501,1.3986343331206124,3.862574850299402,2.15198989260897,1.0721770505132633,1.5288534578256048,0.9405360561582644,3.749891126837236,1.4432217308907127,1.0721770505132622,0.9905483462573192,0.5721403057640486,0.4513779099676493,0.34687577818216647,0.6226541334489283,0.4679569640897885,0.5559931411917165,0.4730982338121378,0.12778297775325076,,0.5365168687395245
34,fresh-sweep-39,run_b8109f6bd201376c6b1358c1f2a6fa4e,0.5462667346000671,1.5087683471601783,5.084594447468699,2.3634744156664556,1.0024850086390893,1.8830273777496438,1.2300957243139752,5.046869896570497,1.9083638660770699,1.0024850086390875,1.6572084190536498,0.4795424191130974,0.5105809817241275,0.3841185390926795,0.6729884802510989,0.5205483355147547,0.47732592232326615,0.3493267031848294,0.026022314957362486,,0.3812644266007359
35,true-sweep-41,run_541f604de42eae32b8c51cd0876d7a7a,0.5827696323394775,1.3935800893426926,5.329885683179097,2.3986481364497783,0.8923467832096758,1.948702326317455,1.0698787492022974,5.288731627653785,1.9346430827542618,0.8923467832096761,1.7134119322677623,0.5507535743374996,0.5283007520866875,0.39154327490981067,0.6944892058228292,0.5476488743433885,0.5310912190239828,0.3453523668524035,0.025700769219018454,,0.3685535942926072
36,scarlet-sweep-42,run_57932bb11035b85fcf7fd7ff32b723ab,0.6186343431472778,1.2381110402042117,4.917936853565596,2.583108022741629,0.7169732696412237,1.6687846178192751,1.038468410976387,4.871883505715841,2.272520530638028,0.7169732696412247,1.3224006963127075,0.5675987331930965,0.4551973413955082,0.4455596526514063,0.6885642504708871,0.4818427006573932,0.5826403813155268,0.3324667685974529,0.01447948758176576,,0.4446646377998689
37,pious-sweep-43,run_26fd8d7b5760e206526a69390d4977d9,0.5498404502868652,1.4429483088704531,4.571475231355471,2.4433354390397968,0.886421384287021,1.4705253995885421,1.1509508615188262,4.521992378878605,2.0219583070120004,0.8864213842870226,1.0859708814685871,0.542038057982649,0.4558954153189572,0.42341506241420046,0.6981569537079167,0.4953291415365094,0.5277600598108169,0.39758793561801287,0.1005998195301483,,0.5227103176752447
38,prime-sweep-44,run_5e3f5ae71e31cfc0150dc8a7b8cd584b,0.5500957369804382,1.496324186343331,4.607457811649428,2.0537965887555267,1.1583240166683606,1.8271799335337868,0.961952776005105,4.549646162221013,1.0242703727100444,1.158324016668359,1.4519544231682227,0.5845838427266542,0.5326693097867293,0.2903628324234588,0.6747318459773781,0.5211216122757907,0.5212769022536285,0.45293717251420534,0.0492562061503479,,0.41864244584417554
39,gallant-sweep-45,run_28b8979f398b7b4197ce107771e7dc84,0.5955328941345215,1.2943331206126354,5.030048992923244,2.2700947567909027,0.8172985059457262,1.882556575407501,1.0356477345245683,4.977136635819271,1.822779532533164,0.8172985059457254,1.644702484570343,0.5198085453667874,0.4793695183998814,0.4189678510998308,0.6718876746215675,0.4846834486379302,0.5478599661683254,0.3266241193773191,-0.016400553905606685,,0.36047096236370013
40,happy-sweep-47,run_9798cca34b65030f66c271e5587cf453,0.5118060111999512,1.5896234843650285,4.662874251497007,2.172684775742261,1.0456296371582476,1.991201139420794,1.0111423101467762,4.582035928143713,1.1069235628553369,1.0456296371582472,1.655143218863745,0.5916666878873542,0.4769109199376563,0.3113130926156498,0.6901997392582047,0.5297001923827109,0.5050967237613097,0.3988763125032276,0.07029146918542434,,0.3630380194182499
41,twilight-sweep-48,run_5b2b0e19b09ff812966e6456eb8e612d,0.5517549514770508,1.4618889597957878,4.871992378878607,2.5537207833228046,0.6764102042890537,1.5616038930210472,1.2480025526483727,4.833777898747957,2.2416929879974727,0.6764102042890541,1.2916323785409074,0.5447089476473566,0.5590407311760357,0.4470331705136801,0.7278584562296513,0.5318123822766532,0.5232711635637322,0.40433735047114616,0.08752079134098556,,0.5012376098892009
42,eager-sweep-49,run_7c1fc6c1d67915c0af00f3ccb6cee459,0.6278238892555237,1.1806892150606252,4.830947196516059,2.323221730890713,0.94739810956398,1.8944809305269819,0.9557753669432043,4.7760751224823075,1.9978269109286173,0.9473981095639792,1.4751028643772754,0.598680028029344,0.43740912376005775,0.4798962423778055,0.5506653154100791,0.411188704580758,0.5946726987879704,0.2820976620192037,-0.08678803697837592,,0.3432276250367089
43,breezy-sweep-50,run_c8ec8b1f54f5af0f4408690928d78b0b,0.61238032579422,1.270784939374601,4.982335329341319,2.5859759949463035,0.7311972761459496,1.7227884158885898,1.0293299298021705,4.929422972237344,2.2546936197094127,0.7311972761459499,1.3836683019465097,0.5642107326331316,0.4546420910093782,0.4441625961753344,0.670702571788505,0.4685574817503935,0.5676557616517546,0.30924007070994386,0.004431522270937266,,0.4233230792426654
44,restful-sweep-51,run_9e3dc9f7494cafd971191f64e1114bf6,0.5574983954429626,1.4768602425015953,4.943195427327163,2.221958307012002,0.8898668563878442,1.822274094002215,1.2186343331206122,4.913799673380511,1.7075679090334794,0.8898668563878437,1.5846336445640132,0.49027590978048974,0.546045946494726,0.3816235673466781,0.6893415029239128,0.5309766773504064,0.4938385724406974,0.4411836109142357,0.043008268609802336,,0.41116662718723684
45,mild-sweep-52,run_ead7e5d40d5729d2bf3fa36b1a501caf,0.549329936504364,1.369725590299936,4.597604790419163,2.286203411244472,0.8110936070738897,1.4229347998100963,1.2254499042756857,4.580457267283614,2.120581174984207,0.811093607073889,1.1831579363823388,0.5824920362849642,0.5772782328173892,0.5407974970468985,0.6599600988043799,0.56130216958328,0.5557162208096589,0.44888908276518286,0.1329621610924252,,0.5333115141187548
46,azure-sweep-53,run_0ca09761afae446ce76a1723535080a6,0.5549457669258118,1.4382514358647092,4.538105606967881,2.430650663297536,0.8952129281431039,1.5345861686975786,1.125347798340779,4.476374523679912,1.9528995578016426,0.8952129281431036,1.1585773065358436,0.5388948829517595,0.44456092595106605,0.4056456916642722,0.6871282202207869,0.4953362907822686,0.5296734705890208,0.4061224447341497,0.08898828304596054,,0.5041112199663774
47,flowing-sweep-54,run_cdb737a20ba27fc49fe6102a8c3cd4b5,0.558391809463501,1.4481301850670067,4.607866086009798,1.9859507264687297,1.3175780058949078,1.8173366038930208,0.9413273771537979,4.527027762656505,1.2495893872394177,1.3175780058949085,1.4016616553252106,0.5718222020803143,0.5602865083934786,0.32962088561121217,0.6273488801578481,0.5090595501616535,0.5310000384468341,0.42022389707717855,0.04083071369568084,,0.407597421780846
48,major-sweep-55,run_041bcf21262c4ee2d23f30f1ea9bad32,0.6560306549072266,1.1668155711550734,5.516684812193796,2.5671636133922924,0.7953806281126131,1.9725708181674315,1.018404594767071,5.478960261295591,2.2981174984207184,0.7953806281126116,1.7062312074695352,0.6043060615422966,0.5422123997803792,0.5415587587395843,0.6148104230441608,0.5066595275027821,0.5843738064077153,0.27656366145888256,-0.15285477774860123,,0.3247923922715289
49,elated-sweep-56,run_58bb1abfc46aa2d8201e5c76877e3012,0.5931078791618347,1.3118315252074026,5.01295590636908,2.2758812381554003,0.9438001829454212,1.858510049058395,1.047862156987876,4.952694610778442,1.7594946304485162,0.9438001829454205,1.5994342459249886,0.5275220920759125,0.4763420794779471,0.39896513743894263,0.6706971639419818,0.4999789459631092,0.5471483859332221,0.3232970002450963,-0.011703030086252703,,0.3816394177092306
50,unique-sweep-57,run_e927e5c089a97d3786bcafedfc747af9,0.6047223806381226,1.2668666241225268,4.613935764833969,2.3686418193303846,0.9505183453603008,1.6393139737300204,1.0362093171665598,4.556124115405552,2.020934933670247,0.9505183453602997,1.2618096217755965,0.5651062624851211,0.4303617032115774,0.41807617405740194,0.640641960130756,0.4863481180554747,0.5689626278085644,0.36448567669887,0.031453150805725,,0.455806113162062
51,polished-sweep-58,run_b0dd7ee80b722ec58a16b08402501bff,0.5831525325775146,1.3708998085513717,4.623489384866629,2.1223373341756155,1.1279093403801197,1.8668222820066462,0.9059093809827707,4.524033750680457,1.4008717624763114,1.1279093403801201,1.4925937648362102,0.5559197728552833,0.5612915958008363,0.3202115059221658,0.6407059734295149,0.519843448736647,0.5423282702619862,0.371817348208338,0.04418330166790446,,0.3852495572483072
52,swift-sweep-59,run_4bf462003d5ab21a0afc216c797a35eb,0.609700083732605,1.2438544990427567,4.385683179096353,2.277308907138344,1.0772690314056306,1.6457232156986863,0.9750606253988509,4.303864997278171,1.8685660138976619,1.077269031405632,1.2318286121221713,0.5883376796146177,0.41197032328689503,0.4311260096414775,0.5995141567663118,0.4714504278813224,0.5768283114339099,0.355448142082627,0.02501207626718366,,0.4539862797718996
53,dazzling-sweep-60,run_c8f30c5b6840cd07ac4368185f1f399e,0.6154435276985168,1.2646713465220163,5.159553620032662,2.226367656348704,0.8491869092387437,1.8057762304162046,1.0450414805360562,5.127218290691345,1.8186481364497777,0.8491869092387435,1.5920636176610232,0.5686360216910613,0.5206797702282997,0.41700060658302207,0.7162894200860254,0.5128157160682241,0.5654243660805385,0.39652392341523024,0.05688041616450357,,0.4078422579412045
54,olive-sweep-61,run_1e750e94e0e489e9005307f6fcaef6f3,0.5415443778038025,1.4568474792597317,5.073652694610778,2.2104106127605805,0.8112613070433987,1.7219378066149706,1.1988513082322905,5.0236799129014695,1.7445862286797214,0.8112613070433979,1.4932702959329014,0.4831937786301228,0.5055999772444809,0.4066152667369026,0.7370890034430589,0.5068967117174712,0.5094882464697092,0.37249636228984917,0.057933272362560156,,0.4438292662976963
55,lemon-sweep-62,run_e9aa27cdcbb06272b2d262427e06628a,0.5537970662117004,1.508232291001914,5.105470876428961,2.4499936828806055,0.9053460717552596,1.9487972780503242,1.0735673261008298,5.059907457811648,1.837068856601389,0.9053460717552605,1.632394366197184,0.5883315795421018,0.5486984544222563,0.40195607061903393,0.7371843162091942,0.5717027594167579,0.5095597637326965,0.3932559997258788,0.027831882187077883,,0.37900748209765645
56,hopeful-sweep-63,run_ec4bbc11aea5a3cb362f0622ee3958a9,0.5702616572380066,1.365156349712827,4.446189439303212,2.134289324068224,1.1264762679134057,1.7771561956005695,0.9683982131461403,4.36437125748503,1.3315729627289945,1.1264762679134066,1.403497388827345,0.5306009931105315,0.455270600255572,0.33292309165788714,0.6399005009908241,0.4451131150990182,0.547380396137594,0.4232222387572757,0.04490035612808388,,0.4107173319763708
57,fluent-sweep-64,run_5ab0e4aa0c9a1a735ab957eda7c172f4,0.6044671535491943,1.2995788130185066,5.33807838867719,2.5385596967782686,0.5499949181827422,1.9598908055072004,1.076962348436503,5.298394120849211,2.149147188881869,0.549994918182741,1.7169805348947624,0.5142324290956526,0.5295375028707259,0.43834402834977493,0.7343100756394332,0.520966604991805,0.5550102814842006,0.31766472093434756,-0.020456123974920942,,0.3430346167919445
58,scarlet-sweep-65,run_741ea754599277dc9759589a6ba62ebd,0.6279515027999878,1.218621569878749,4.85993467610234,2.4332659507264682,0.9753582681166785,1.7643416679854405,0.9838289725590296,4.808002177463255,2.1102210991787747,0.9753582681166791,1.3441802500395623,0.5951114876458387,0.4571638765274293,0.47888612201896374,0.5833620871981247,0.40641425764084826,0.5832436451964171,0.3268038092233908,-0.07102345564672216,,0.40344256925640537
59,valiant-sweep-66,run_49bc408d8693255a0a98dcf6ece991f5,0.5474154353141785,1.5228717294192722,4.8882144801306495,2.323752368919772,1.1063675170240876,1.929882101598354,1.0158391831525202,4.8014970059880255,1.5405938092229938,1.1063675170240879,1.5673326475708196,0.5685371055593761,0.5380412698149839,0.3693903840628292,0.6858533041485892,0.543853733053351,0.5015531559124913,0.35955508147321824,0.048681255766937354,,0.374802382092421
60,copper-sweep-67,run_e09eab456f0c4b066f95da65a14d800d,0.5911933779716492,1.3879770261646458,5.272400653238978,2.4751989892608965,0.7652200426872648,1.9175818958695994,1.1118315252074027,5.250353837778988,1.9607454200884398,0.7652200426872658,1.6609273619243548,0.5328799187028167,0.5636366507135394,0.414825367940491,0.737921651066745,0.5570494307997558,0.5306059570339303,0.39427121887447775,0.032635918772028705,,0.3837689202720142
61,upbeat-sweep-68,run_da3e1ea814b22a865f2fbd1851985689,0.5359285473823547,1.5457562220804084,4.453592814371258,2.2704864181933035,1.1561947352373207,1.8386809621775595,1.0502105934907466,4.363445835601524,1.4355022109917868,1.1561947352373214,1.4271364139895544,0.5751266744592931,0.5958941968654484,0.3582496887271334,0.6539983684484846,0.5366144025815346,0.4997079617571117,0.4332608419623585,0.041204743172054775,,0.4090298611744367
62,ruby-sweep-70,run_8bdd55aac3b6dbf560af7880bae258f7,0.6395660638809204,1.1518187619655391,4.7478225367446925,2.1490713834491464,1.025398922654741,1.9903347048583635,0.8451180599872369,4.671883505715842,1.6544535691724551,1.0253989226547389,1.5553608165849029,0.6110143174229785,0.41657097378456626,0.4534252785493088,0.5253411286913686,0.4267885680300104,0.6078026128498282,0.3042727504345114,-0.08742496576522635,,0.31596132393625964
63,whole-sweep-71,run_23dcb4df86a07dd3f9e8ac05da29d9f6,0.5702616572380066,1.4061391193363113,4.97874251497006,2.28577384712571,0.9199105600162618,1.8886413989555304,1.0017996171027428,4.9126020685900915,1.631610865445356,0.9199105600162618,1.585697895236588,0.5498661661896503,0.5084913377479121,0.35638524406985284,0.6918445089226944,0.5048804030505737,0.5329739596776932,0.3506889670851734,0.053813645175145475,,0.3777889784880614
64,scarlet-sweep-72,run_3ad99a921c502d4c84a21c877c7b2633,0.605998694896698,1.2737204850031907,4.870087098530211,2.499065066329753,0.8069366805569671,1.7177441050799176,1.077294192724952,4.828933043004899,2.2004674668351227,0.806936680556966,1.422278050324418,0.5518266294092047,0.4497493205291785,0.42742186252913195,0.6643054776695922,0.49151975719356017,0.5643839024332127,0.3266290201912566,0.014574986267406276,,0.4166853184848316
65,dashing-sweep-73,run_cc4a6dfc630f0485b23874d1e25348fc,0.5604339241981506,1.4398468410976384,4.526456178551987,2.115868603916613,1.0419402378290474,1.7716450387719573,0.9112188895979579,4.453946652150245,1.2072646873025892,1.0419402378290479,1.3674355119480923,0.59490852763862,0.614086506943709,0.3250148453213294,0.6808645866738539,0.54365694895551,0.5462327967154726,0.4630758069601443,0.06263294961574897,,0.4394574915852033
66,vague-sweep-74,run_d99889149d68e74c484c4f395481a9ae,0.5786854028701782,1.339948947032546,4.382308111050626,1.9070372710044214,1.2993495273909947,1.7009257793954735,0.8526738991703885,4.294610778443115,1.1142514213518642,1.299349527390995,1.309321095109986,0.5871834976694925,0.549195955399587,0.32339925933020464,0.6047523505387113,0.4757762490678331,0.5682462682233411,0.4420874128387065,0.065263906442981,,0.4380398852658506
67,earthy-sweep-75,run_8c3da659a5f6e2fe24eae7f693500a0e,0.6017868518829346,1.2949329929802167,4.91902558519325,2.2370435881238153,0.9350747027136905,1.8297673682544702,1.0486534779834094,4.860234077299945,1.764181933038533,0.9350747027136906,1.5602231365722423,0.5209573353120138,0.45067169676060814,0.4147000606583022,0.6512098787698087,0.49250038988232203,0.5452439774360429,0.34892883314842943,-2.6032316415763868e-05,,0.3852999454506891
68,rare-sweep-76,run_28befb000a6fefd1e04f545b98de385a,0.5698787569999695,1.4366687938736438,5.24248775176919,2.3140745420088433,0.873696513873361,2.005871182149074,1.18211869814933,5.200843767011431,1.8755780164245082,0.8736965138733612,1.7976420319670838,0.5103187677122363,0.5084682005775057,0.39160361395779464,0.7001151874550952,0.5319287087733288,0.4974182276109339,0.31657776633749435,0.03436251561558973,,0.3234160870959355
69,cool-sweep-77,run_0d6327bb015c2a9bd863156d8321f89a,0.5849393606185913,1.3208168474792596,4.496189439303212,2.420821225521162,0.9244384591930074,1.7538020256369675,0.9821825143586479,4.403102885138814,1.9571951989892595,0.9244384591930066,1.288277417312867,0.5539888300370172,0.3872561326265413,0.3968207068288478,0.6199506819021688,0.4271013079513888,0.5615145990618264,0.312404492604623,0.018908151999661504,,0.417157663298506
70,glad-sweep-78,run_2363e1f0001fa1de55f7725cdb8976b0,0.5417996048927307,1.445513720485003,3.800027218290692,2.0945420088439666,1.3127655249517225,1.535765152714037,0.9621442246330569,3.678524768644529,1.3336070751737203,1.3127655249517223,0.9202484570343394,0.55806771095111,0.44256099127157816,0.3576940267535038,0.5768066341546738,0.45663745022950203,0.5400269119077077,0.46165138429413644,0.0919632710543137,,0.5302331580013971
71,rosy-sweep-80,run_8a207e78af5d14aad85ff84dc54df873,0.6080408692359924,1.2628844926611356,4.694393032117583,2.4770183196462408,0.8921994105091979,1.6467004272827979,1.0014422463305683,4.6380511703864995,2.1036386607706876,0.8921994105091965,1.2370786516853942,0.5659949957683078,0.45814110540868397,0.42424480413753474,0.668818436138249,0.4338198753752368,0.5750263512430162,0.3592558928537155,0.025337300933462814,,0.45745501303703406
72,clean-sweep-81,run_62992d87ca9184e8d67bfc835cb2351b,0.5978302359580994,1.2900063816209313,4.518807838867719,2.378749210360075,0.9782955584917167,1.6717755974046524,0.9635481812380361,4.428660860097986,1.9036007580543268,0.9782955584917158,1.212589017249564,0.5744078979073398,0.40037420712059707,0.3904044950994477,0.6205795145471191,0.43243087645066847,0.5686650438698855,0.3231385864895519,0.03191191555117373,,0.4439476520268246
73,clean-sweep-82,run_a91b10afb595170c18a1bc15696434d6,0.5452457070350647,1.4096234843650284,3.5518780620577024,1.8990271636133917,1.5028305722126232,1.6114575090995409,0.8890363752393102,3.3955906369080027,1.1191029690461154,1.5028305722126234,1.2313419844912166,0.5534387997697143,0.4192555414359724,0.3232567123200204,0.5089727241146316,0.44368983574666354,0.5524142757581161,0.45881634520923,0.1225883327289636,,0.5059192951481757
74,polished-sweep-83,run_5d3b85e4f87dc5f379f23abc314f11db,0.5407785773277283,1.3901595405232927,4.16173108328797,1.8563234365129495,1.4663227970322188,1.7960199398639023,0.8691129546904914,4.050517147523135,0.9873531269741008,1.466322797032217,1.3328453869283112,0.5308332625750356,0.4325317045101018,0.3386109248794815,0.5402645419363878,0.4277095875750272,0.5636429297122326,0.41993931337901286,0.0539799910408858,,0.41154517629157134
75,vivid-sweep-84,run_2092db915c1f319dadfacaf2212a79c2,0.530312716960907,1.6095596681557112,4.4758301578660875,2.1539861023373335,1.3152962699461326,1.890583953157145,1.0313082322910014,4.374904735982581,1.2169551484523053,1.315296269946132,1.3996360183573355,0.5915473547036421,0.598594282561593,0.32640966701784635,0.6405530593117172,0.5619016563106811,0.48064627713950475,0.4029672938364627,0.04879441587235628,,0.3920030617834007
76,fine-sweep-85,run_96ad4cad219a448364c1b218a3d96c99,0.5161455273628235,1.5713592852584555,4.100108873162766,2.529766266582438,1.1117186705966053,1.7679933533786987,1.080867900446715,3.9937942297223734,1.785786481364496,1.1117186705966047,0.9971039721474917,0.5722148292050602,0.45365164915640194,0.41916738498866646,0.6155050796078615,0.499335111042277,0.5069548105995558,0.4209019241397479,0.09628500741232776,,0.46623046042420324
77,noble-sweep-86,run_1a25343d0adb913f700a35af9b98eae0,0.561582624912262,1.409138481174218,4.78622754491018,2.1356411876184453,0.8574245350137208,1.6732394366197179,1.1552776005105305,4.743113772455091,1.637523689197725,0.8574245350137228,1.4123120746953632,0.49344332485512055,0.4999788256801472,0.39160425246623887,0.6766227737613709,0.5034032350362754,0.5178226179988115,0.44457296811791813,0.09378356734364535,,0.44479090166931445
78,dry-sweep-87,run_1e414b9b14e251fe9209b17ce84d1f15,0.5613273978233337,1.4682961072112315,5.543195427327164,2.5728742893240675,0.6347850391299928,1.981298464946985,1.210070197830249,5.504001088731628,2.2348073278584955,0.6347850391299934,1.7205847444215854,0.48718274013215723,0.5734735361643917,0.4451398333492961,0.651773177579788,0.5163116174901634,0.49166656281258736,0.2901661266684416,-0.014878838487532381,,0.337227659306385
79,pleasant-sweep-88,run_d09a6172294ebe3176b4fd03d8a28229,0.5275048017501831,1.5143075941289086,3.7340228633641814,2.2252305748578642,1.2586340075210893,1.6266814369362237,0.952367581365667,3.5723462166575946,1.394125078963991,1.2586340075210891,0.9029435037189423,0.5826456117997355,0.47194646623611947,0.34575040704913323,0.5956290727788522,0.4761788991580521,0.5286117564147756,0.4460267526716131,0.10339176268934044,,0.5112939001922743
80,breezy-sweep-89,run_53ebefad1cdcf47f87f383af155d4234,0.5825143456459045,1.3934779834077853,5.183206314643441,2.337991156032848,0.7226801504217907,1.9090045893337553,1.09780472239949,5.143522046815459,1.8953885028427027,0.7226801504217905,1.693084348789366,0.5531666924357774,0.558277918316462,0.3829198991156658,0.7515589681827877,0.5615290874616707,0.5396050348017332,0.3942255105609681,0.05410882494107827,,0.3861116203423671
81,zesty-sweep-90,run_dfaf73cfd2523af85bb3a3965bd3545a,0.5401403903961182,1.4675558391831525,3.8718290691344586,2.1513581806696136,1.3269641223701594,1.5887403070106028,0.9563880025526483,3.7312193794229733,1.3447757422615298,1.32696412237016,0.9431713878778292,0.5642698657029386,0.43756544208449455,0.3728744053890113,0.591730836234685,0.4562262814848212,0.532921011686578,0.42296379026658953,0.09506291778761364,,0.5105257454986453
82,icy-sweep-91,run_a1542d59e23dd3f538f316840f0a0c51,0.5965539216995239,1.308257817485641,4.134567229178008,2.194643082754264,1.2245858318934848,1.6788020256369676,0.9367708998085508,4.008165487207404,1.5868098547062528,1.224585831893485,1.070564962810573,0.5910556542583689,0.4113905466205668,0.3606720301375986,0.5962797485954405,0.43555367305168635,0.5620470502223944,0.3657180190239335,0.03704280259903511,,0.46752496881798244
83,wise-sweep-92,run_bcab4dd0d7298e09d2309dde9eab5f3f,0.5957881212234497,1.2908870453095085,4.017093086554164,2.105142135186355,1.2612968797642035,1.7063855040354483,0.9313465220165924,3.892651061513337,1.5280101073910293,1.2612968797642037,1.1259930368729225,0.5884343067679141,0.38998276887150135,0.3752004916515021,0.5579359762685158,0.4136612121603956,0.5668664743520473,0.3768237544408553,0.02443051498177698,,0.44841885929398756
84,wandering-sweep-93,run_bb046c76838d097f7619880b0fe00dfb,0.5859604477882385,1.3823101467772814,5.07468698965705,2.2768035375868596,0.8630399430836467,1.8826752650735874,1.0916911295469045,5.03402286336418,1.78905874921036,0.8630399430836484,1.6604882101598342,0.5418312175451774,0.5163792207757282,0.380139833349296,0.712787949665612,0.5384298061981951,0.5325369145087344,0.404609057559835,0.03713375556947082,,0.39173080454002934
85,glad-sweep-94,run_4d5f39dda7b7eb48b99436d5d3a53cce,0.5144862532615662,1.4671474154435225,4.083532934131737,1.7574605180037897,1.37339160483789,1.658941288178509,0.9594256541161456,3.9737887860642362,0.9100315855969691,1.373391604837889,1.2300205728754552,0.46969981713636827,0.46934450941919564,0.37455272483478597,0.5683511851223677,0.4409303958710209,0.5290966827073813,0.4538030372863555,0.07681439235931581,,0.457916103856446
86,silvery-sweep-95,run_46f9907643850b2034e2f38309aae32e,0.5922144055366516,1.3574601148691767,5.10587915078933,2.2833607075173714,0.7943744282955585,1.7894049691406866,1.1251946394384178,5.075993467610234,1.8797094125078961,0.7943744282955579,1.5669330590283284,0.5347553150144437,0.5176351610398823,0.40197123519458544,0.718545738044654,0.516582063525441,0.5361986275855837,0.39766377075497644,0.0627267626269645,,0.4221163629992374
87,magic-sweep-96,run_43aa4c0b99ba0b6ef026dfe02b04e5f0,0.5830248594284058,1.3981876196553924,5.4932226456178554,2.7275805432722673,0.5013263543042992,2.0386493115999365,1.136056158264198,5.455498094719651,2.2532912192040415,0.501326354304298,1.8097681595189108,0.4908487004481887,0.5929728678853062,0.47861284040481433,0.7375749398609435,0.5524482042802701,0.5211470448611992,0.31695955778203994,-0.014520474177062759,,0.3249456240887986
88,scarlet-sweep-97,run_645d0881b2ea20a755b5aebb9705a2ad,0.5541799664497375,1.3705807275047863,4.78402286336418,2.0518509159823113,0.9289714401870108,1.6687371419528403,1.1024760689215054,4.746298312465976,1.5524573594440934,0.9289714401870108,1.4568760879886051,0.5026432316401864,0.501883586624462,0.4048609647862593,0.645538042665784,0.5308493911295014,0.5425817872870365,0.45196042082509374,0.07528875512728322,,0.4483298725062737
89,dry-sweep-98,run_2a23bdcce97cc6bfd245a17c9fa7e8ee,0.5730695724487305,1.347785577536694,4.320522591181274,2.2172204674668348,0.8633448521191178,1.4771205887007437,1.0826675175494571,4.253402286336419,1.805925457991155,0.8633448521191184,1.0096019939863898,0.5547012927808389,0.4652292820239447,0.4173908948695847,0.6569759720358922,0.47118760821850636,0.5556676347274923,0.4430978852295558,0.12884888007277615,,0.5252076916040288
90,easy-sweep-99,run_c7cd8315ca9254e91991dc570fb6134b,0.5507338643074036,1.4862922782386725,4.46962438758846,2.1075805432722667,1.1965850188027238,1.8190615603734765,0.9918953414167205,4.388296135002722,1.2556285533796598,1.1965850188027236,1.3887165690773855,0.5744804272562078,0.5726854006117826,0.31024199470037994,0.6453206776703477,0.5306813499928869,0.5202491433140659,0.44461668804859905,0.04613093357120451,,0.4120436012512455
91,blooming-sweep-100,run_1217ca98399f2782d4d749be6e9f2839,0.6880663633346558,1.0208168474792596,5.102068590092542,2.712457359444093,0.8109563980079276,2.0163673049533153,0.8057817485641346,5.036908002177464,2.428199620972836,0.8109563980079282,1.6076713087513839,0.656921708749082,0.4674250222934934,0.6028255594930243,0.52083738569789,0.40456924903569075,0.6452093092395271,0.2244467071992885,-0.27400845466530266,,0.2997073344160861
92,honest-sweep-101,run_bf1b36edc019b8e3c6b6dc96605e4f0b,0.5345245599746704,1.4985577536694317,4.574224278715297,1.927631080227416,1.3477995731273502,1.8200031650577622,0.9572941927249514,4.4914262384322265,1.094339861023374,1.347799573127351,1.4041145750909962,0.5333496869261233,0.5342063243863744,0.3225813300130894,0.5938319516704553,0.473027535569283,0.5170786278750723,0.4071310876035103,0.025424353652973464,,0.40133185165546953
93,bright-sweep-102,run_6ffeaeec89a24a48279975890544021e,0.5255903005599976,1.4633184428844925,4.251279259662493,2.024156664560959,1.2214910051834535,1.7365880677322358,0.9333120612635605,4.1503538377789875,1.2113834491471875,1.2214910051834533,1.2944927994935902,0.5214195933771422,0.4625410201897302,0.3161260096414775,0.6197319019113368,0.4555460686141699,0.5370217579028874,0.43325337953343634,0.07561340059510674,,0.4422823873155973
94,fallen-sweep-103,run_d784bcda001130fff8fedf0eff2f0fea,0.5962986350059509,1.297179323548181,5.162302667392488,2.1709538850284265,0.841137310702307,1.883478398480772,1.0849010848755571,5.116739248775178,1.7468351231838273,0.8411373107023085,1.6597246399746792,0.5064594537768834,0.48768419201549396,0.4348564952271494,0.661066916795873,0.48826431972301154,0.5433913452238333,0.32143338786135334,-0.0215947802108874,,0.3536022670584718
95,winter-sweep-104,run_937b976e3d3bff473d331f46f2531ebe,0.5221441984176636,1.484224633056796,4.0018236254763195,1.9876942514213511,1.284434393739201,1.6975826871340398,0.9516911295469047,3.8460261295590654,0.9795198989260901,1.2844343937392007,1.204996834942238,0.5059556337556221,0.48046082514253946,0.298926348050953,0.615401758311122,0.45461655793530004,0.5287231654246498,0.43853718312603396,0.07972078705337671,,0.4476289509665054
96,proud-sweep-105,run_7d4090d3beec48ee5e973708816e0163,0.600127637386322,1.2774601148691764,4.680620577027763,2.0708528111181295,0.9475810549852627,1.692502769425542,0.9264199106573072,4.625258573761569,1.481958307012002,0.9475810549852629,1.3845742997309698,0.5813707430987759,0.5012819949189721,0.38804536602496564,0.6651184941790053,0.4692070184654532,0.5787294930865297,0.4631997032818915,0.06968919525803727,,0.4399952461124511
97,hearty-sweep-106,run_946b49512759b6b598e83da84cf61674,0.5530312657356262,1.4455137204850028,4.451524224278716,1.98586228679722,1.264600060981807,1.7379332172812154,0.9407785577536683,4.3530484485574314,1.1024257738471253,1.264600060981808,1.329522076277892,0.5530043569567216,0.5704412811057977,0.29829406506401046,0.6237088754642647,0.49304065950646064,0.5300401846455449,0.4235999509423176,0.057444414040426606,,0.43337653332108617
98,worthy-sweep-107,run_b915462cbb7ff83f8ea9757cb5e593ac,0.5633695125579834,1.4538098276962346,4.763391399020143,2.2449147188881864,1.038194938510011,1.9358363665136888,0.9493044033184421,4.67814371257485,1.3944535691724569,1.038194938510011,1.5601123595505615,0.588637913099936,0.5175068872649852,0.33898876225138075,0.7060292206104505,0.5408705334278464,0.5311830174045213,0.38417622444193467,0.06420528261248687,,0.3759709598956473
99,smart-sweep-108,run_894ea83b96092fcdc943ba9baa6b3bcb,0.5629866123199463,1.4472622846202934,4.988595536200325,2.16849020846494,0.9623030795812582,1.8662644405760405,1.1162093171665601,4.950381056069678,1.6597346809854705,0.9623030795812563,1.6182979901883217,0.5107554311866522,0.49443381153690663,0.39937106918238996,0.6733875597911481,0.5198110008919371,0.5080738065023297,0.42008046901694995,0.05160384739897336,,0.3915276881708055
100,usual-sweep-109,run_b97d50b472be564c2a389b7e0c6f6701,0.5520102381706238,1.3298276962348432,4.256995100707676,2.312495262160454,0.9834332757394044,1.5787189428707074,1.0208296107211234,4.20506260206859,1.958016424510424,0.9834332757394035,1.1559938281373632,0.540566013412868,0.4630555054101075,0.4273648756504805,0.6034075396266232,0.4488861244150648,0.5763738987156316,0.421189403768849,0.07170672168091657,,0.48916681263418277
101,golden-sweep-110,run_38b97bd413aee1ebf43ead45e2cea10b,0.5758774876594543,1.3815315890236117,4.757539466521503,2.3714466203411235,1.00744994410001,1.9139104288653266,0.9523803446075306,4.629667936853566,1.5734301958307009,1.0074499441000089,1.4904019623358125,0.5348429584368665,0.4791713220548132,0.3774726239504518,0.684115051593812,0.48606592657353,0.5416416001412426,0.3195560158334715,0.024605269080492348,,0.37590683371076017
102,decent-sweep-111,run_902ee9156e0730ca1a00a94df08ccea2,0.6139119267463684,1.2855647734524567,5.072400653238978,2.329968414403032,0.9337381847748755,1.9123872448172177,0.9926483726866613,5.028796951551441,1.8527100442198359,0.9337381847748758,1.6773104921664819,0.5771741083059967,0.5404558944599268,0.37851131756217476,0.7008503210545632,0.5299042017268492,0.5577270641098833,0.3745239056229862,0.015908950564307883,,0.370368611336817
103,noble-sweep-112,run_1e83c71f3777e59007b33b6bc912dc08,0.5825143456459045,1.4039948947032546,5.1603157321720206,2.443158559696778,0.7991056001626181,1.9163949992087355,1.1097000638162093,5.113282525857375,1.9536955148452286,0.799105600162618,1.655253995885425,0.5601853284387348,0.5678884006076982,0.41259809085975163,0.7380336035074335,0.5785190224009564,0.5304713639184686,0.37377574810687997,0.043589158349993745,,0.3883793191537025
104,smart-sweep-113,run_0c07da17c4a0aac00b4fe5d5deeb7d58,0.6326739192008972,1.191346522016592,5.271039738704409,2.3538723941882496,0.9337280211403599,1.9367344516537424,0.9611486917677102,5.229395753946652,1.9985975994946301,0.9337280211403602,1.6187648362082612,0.5752308922124165,0.5102821120732971,0.492992529451202,0.5743693746511431,0.47619975037782586,0.5859638887201724,0.3041685852064172,-0.10278933172001253,,0.339939837205388
105,lunar-sweep-114,run_ecc4bbc476899562c0eb2fde7fdbe29f,0.6525845527648926,1.1588640714741543,5.073489384866631,2.594504106127605,0.826227258867771,1.8431278683335968,0.9560051052967462,5.0181273816004355,2.330953885028427,0.8262272588677712,1.4412683968982432,0.6200564736149479,0.46591997617525055,0.5272919260607221,0.5621475333095978,0.4267199441623971,0.6030475985178232,0.2656339237798939,-0.12846856720423777,,0.37776940326168473
106,comic-sweep-115,run_d5173e0012e9bac2b875a1c3493a5587,0.6146777272224426,1.2434333120612635,4.820876428960261,2.4208085912823747,0.8788342311210487,1.8510246874505456,0.9633822590938106,4.755715841045183,2.0572204674668355,0.8788342311210484,1.418258426966292,0.5769350576210207,0.430207757444203,0.4546710085240877,0.5708505905146006,0.40667346232166435,0.578333315673279,0.30288507047881236,-0.05936585442857453,,0.3732886025763377
107,unique-sweep-116,run_573d073fb827d7246ac0c706ef9ff18d,0.5652839541435242,1.3672750478621567,4.298611867174742,2.4899178774478834,1.0076176440695193,1.711493115999367,0.9264071474154425,4.2011159499183455,1.9030701200252689,1.0076176440695215,1.0866632378540906,0.6005418527054299,0.4363842546811281,0.4196957507263034,0.6286130050048323,0.43888270365112103,0.5728114206151269,0.4043440371179583,0.06438402363296969,,0.46293678473362904
108,misunderstood-sweep-117,run_00f2b9db23b81b9b822e9baecb6bd90c,0.6805360317230225,1.0603446075303127,4.0805933587370715,1.8168035375868596,1.8156723244232136,2.1754391517645195,0.8714996809189534,3.9287152966793686,1.2332280480101057,1.8156723244232127,1.611908529830668,0.7199884648308459,0.3665362475562688,0.532417392970022,0.5335474787554121,0.32849143391248115,0.642747327842486,0.2450526932889065,-0.21289482437398827,,0.23426640545968894
109,royal-sweep-118,run_fb65ca6f39b54646b73cde9c84b9c8b8,0.6007657647132874,1.3103509891512441,4.754708764289602,2.5846873025900186,0.855163126333977,1.7171862636493112,0.9714869176770908,4.677299945563419,2.131901452937461,0.8551631263339758,1.2465342617502788,0.5757055617044532,0.47429301060006024,0.4588778214091881,0.6841376222514443,0.4140696833478762,0.5653264099082109,0.33028591285140474,0.03304843415677705,,0.43849748075047584
110,absurd-sweep-119,run_79e38bbbd55a003838cce9446e678286,0.5670708417892456,1.3850031908104656,4.614425694066412,2.335906506632975,0.8098587254802317,1.4709131191644247,1.1481429483088712,4.573761567773545,1.9771446620341104,0.8098587254802321,1.1159123278999856,0.5537712662065455,0.4964524739236593,0.43964658557609426,0.6898301270181881,0.5054514329080824,0.5379311050650164,0.4081616087835125,0.11379689630989459,,0.5146408103084706
111,gallant-sweep-120,run_7a21eae120241dbdc6f43f77eee7f1f1,0.596681535243988,1.2897766432673896,4.892787152966793,2.106898294377763,0.9639495883728021,1.7294152555784141,1.0405105296745374,4.845264017419706,1.6631332912192036,0.9639495883728008,1.499893179300523,0.5544038583137327,0.4943609105697586,0.4251963413466143,0.6845720995679802,0.5009428525341946,0.5632901148924464,0.4136126099047643,0.05528831570588147,,0.43330390790088885
112,dainty-sweep-121,run_f4aa371d9d1a7b9150cb18ef361c0b74,0.5888959765434265,1.3569240587109124,5.18625476320087,2.469222994314592,0.7653216790324219,1.953418262383288,1.0798596043395021,5.12207403375068,2.003941882501579,0.7653216790324221,1.688787782877037,0.5038586324606011,0.5247857131331778,0.41594355585352616,0.7111321420119625,0.5216576149368211,0.5339424237718037,0.3317850794106331,-0.006440204321689846,,0.3574110238549324
113,apricot-sweep-122,run_9470bb670af3aa6a33eb9d5d59f8e46e,0.5462667346000671,1.4562858966177408,4.225367446924333,2.259583070120025,1.160128061794898,1.5977251147333436,1.024607530312698,4.118562874251497,1.7018193303853435,1.160128061794897,0.9978200664662127,0.5657122166806666,0.4222227092699968,0.36507278996264725,0.6406847239953426,0.44486192869445457,0.5301332610248992,0.39196588893205164,0.10040800533636043,,0.5008745718801251
114,ancient-sweep-123,run_9faf1a1881792ffa6d850fc9e54f8134,0.5356732606887817,1.4725079770261644,3.79471965160588,2.0855716993051163,1.3380983839821117,1.5528525083082765,0.9427313337587745,3.6531301034295063,1.2601516108654456,1.3380983839821108,0.9770098116790636,0.5604548737590533,0.4515763643696857,0.33881045876831717,0.5991278073739545,0.483331089417782,0.5343826651139202,0.4157003395661175,0.1057973701233065,,0.5326263881596682
115,serene-sweep-124,run_bc8923807e98893ebd01ab3ef4294c0a,0.5657945275306702,1.349585194639438,4.991045182362548,2.156639292482627,1.0919808923671104,1.9485361607849339,1.0382897255903003,4.93421339139902,1.7287049905243197,1.0919808923671108,1.594532362715619,0.504550457936251,0.5361191429762787,0.47344986112441334,0.5183360022060495,0.4602531656398905,0.5412677730301395,0.36795685730791033,-0.056244830761081666,,0.3332521500955895
116,frosty-sweep-125,run_eb8f6b2daeb25a7470db44a8bb215135,0.5231652855873108,1.5134141671984682,4.552694610778443,2.0052179406190773,1.3951621099705254,1.8829640765943976,1.005922144224633,4.436581382689168,1.213367024636766,1.395162109970525,1.4059028327266976,0.4955085748681337,0.42749225303376925,0.32343549468441724,0.5503589955287321,0.4281717611070147,0.5053095354409984,0.35737659260913485,0.016446554601088875,,0.3745428571989036
117,fancy-sweep-126,run_c43db287b67f96343b88bb9c2e8f72d2,0.5466496348381042,1.4346904913848118,4.267719107240065,1.8055969677826906,1.4346173391604837,1.7178707073904096,0.8378302488832154,4.161404463799673,0.8138218572331017,1.4346173391604828,1.271217755974046,0.5765829497019865,0.5338937835294607,0.3164988985729337,0.5584788085311171,0.48917636532174724,0.5571205193579959,0.444384137941649,0.08229115338019216,,0.43939229670269825
118,effortless-sweep-127,run_b1aa1ba2edc1c59661ad150082fa00f8,0.5716655850410461,1.3704403318442882,4.4937125748503,1.9777384712571062,1.1573787986584,1.7851756607058076,0.8615698787492019,4.421203048448558,1.2726089703095387,1.1573787986584008,1.3449319512581117,0.583167814108634,0.5824510555151764,0.35535836286434885,0.6442909213807072,0.5549821158764571,0.5644472928932187,0.44314108201799524,0.06646905738078093,,0.43097537555041177
119,icy-sweep-128,run_461359d9ff73bfc75971277e17173d7b,0.5955328941345215,1.3278493937460114,5.096652150244965,2.218749210360075,0.8201036690720601,1.824129609115366,1.0459604339502224,5.05647795318454,1.7878205938092222,0.8201036690720601,1.598168222820066,0.5566798322907238,0.5339370739128133,0.3991782396322191,0.7168981831469332,0.5297466067947211,0.5567485017554623,0.3934466208532086,0.05782979455716017,,0.40851140116818624
120,deft-sweep-129,run_8638990614b652574f6a75d7d131f0af,0.5905551910400391,1.3750223356732607,5.215922700054437,2.391118130132659,0.9152098790527493,1.879715936065833,1.1076068921506066,5.158111050626022,1.9590145293746042,0.9152098790527491,1.6414345624307636,0.5267454738962756,0.517963903375464,0.3923281614149347,0.7144680780628176,0.5258525068433298,0.5238238345358006,0.34801539732010295,0.03358894275080507,,0.3861751008022995
121,trim-sweep-131,run_4f18104d15d26fd3704cce0512f9de8a,0.5296745300292969,1.5283854499042755,4.809471965160588,2.0958559696778267,1.2740979774367311,1.8972107928469693,1.0296234843650285,4.748230811105063,1.2829437776373966,1.2740979774367311,1.5333082766260482,0.540880101151278,0.4937739497591947,0.3183901605848737,0.6169968779417292,0.4860666122741429,0.5045458497704955,0.40660452124552676,0.04605367817879391,,0.37080546509548334
122,sandy-sweep-133,run_d4c3138878b857b36778325b46b12d93,0.5532865524291992,1.4970772176132736,5.198530212302668,2.3882627921667714,0.7102398617745705,1.9212098433296407,1.2020931716656031,5.151986935220467,1.9729753632343643,0.710239861774571,1.6790829245133718,0.4871022261118828,0.5034707274632506,0.38957092232544777,0.7196175637297509,0.5326853027265415,0.4868133849483687,0.36058843006451097,0.03725906994131259,,0.3726892422032448
123,prime-sweep-134,run_601bc48ef2ae58d2d8c963b10539e8e9,0.5340140461921692,1.4364390555201019,5.00870985302123,2.055464308275426,0.979987803638581,1.7543677797119792,1.1763752393107842,4.962656505171475,1.5599620972836377,0.9799878036385814,1.5679300522234527,0.4966603363299725,0.5284186914508927,0.4221506560674265,0.6827145873325985,0.5308978761623819,0.5171335860923018,0.4029151947623759,0.046823322735229295,,0.4363228508679824
124,golden-sweep-135,run_75c9a345578b19bb0772b99241bab26d,0.5812380313873291,1.3519719208679,4.350653238976592,2.1287049905243207,1.2656367517024085,1.8856029435037187,0.8787109125717923,4.207593903102885,1.2639039797852176,1.2656367517024079,1.435745371103023,0.5664810010246046,0.45938232404093693,0.33211473996743607,0.6255363793871868,0.4382858153615099,0.5528659877344191,0.3632478176709514,0.03141655593382073,,0.3735851878488393
125,helpful-sweep-136,run_afac8a49fd08de3d5f47478f68401334,0.5574983954429626,1.4119336311423099,4.7370713119216115,2.422122552116235,0.904202662872243,1.6176768476024685,1.1194767070835983,4.673870440936308,2.0597978521794067,0.9042026628722443,1.2248615287228988,0.5256400180328838,0.4416081400539719,0.4079942853494237,0.6602665639824757,0.46200820897807654,0.5342371909592614,0.35834326849396736,0.08866231405881361,,0.4708798073845535
126,zany-sweep-137,run_815a45aed984228c1503f50ac462cabf,0.6146777272224426,1.2234333120612633,4.687806205770278,2.3287176247631076,0.944735237320866,1.7161497072321568,0.976234843650288,4.615786608600979,1.9681743524952622,0.9447352373208657,1.3440576040512744,0.5832588435467636,0.41706015400435464,0.42629473549787694,0.6299239062877351,0.4657989721419234,0.5849087034523547,0.30946644497173403,-0.0017115780193075192,,0.42287240363851497
127,deft-sweep-138,run_70b4b106ec94e96d56f95e5b139b4f5b,0.5641353130340576,1.3754818123803443,4.979450190528035,2.675603284902084,0.8118406342107938,1.7468309859154927,1.0453477983407775,4.927517691888949,2.280379027163612,0.8118406342107951,1.2745410666244654,0.5574437103809089,0.46133992297093024,0.46366216518213454,0.6040895180146084,0.41477900741993545,0.5597169146435672,0.32256886293107145,-0.006067120870187931,,0.43052529113025945
128,usual-sweep-139,run_9532558a418bb80e205a87ea166c7454,0.5633695125579834,1.4055264837268664,4.286472509526401,2.386367656348704,0.8618457160280515,1.5680012660231044,1.0459859604339505,4.2090636908002175,1.8504737839545158,0.8618457160280528,1.031191644247508,0.5568729721855075,0.4646139999034296,0.4113652906809693,0.6542668055288221,0.4282307397518348,0.5464279101654833,0.4326996843062454,0.12145305348622784,,0.497205414052905
129,lemon-sweep-140,run_febecdc30efb00bda8237732fca3614e,0.5595405101776123,1.4373962986598594,5.203320631464343,2.281200252684775,0.9207998780363859,1.9205768317771796,1.17319719208679,5.168045726728363,1.8266203411244468,0.9207998780363862,1.7067217914226929,0.4955972074796787,0.49386322407448996,0.3975810107588673,0.6641457319604634,0.507261325908451,0.5030929342684021,0.34950138615790766,0.03217998065445274,,0.3489681577970603
130,solar-sweep-141,run_e84126791543745017c4f867e19d0e55,0.5818762183189392,1.3906317804722397,4.965187806205771,2.2975742261528738,0.8151234881593656,1.8144128817850924,1.1133375877472877,4.928443113772454,1.7960202147820585,0.8151234881593671,1.5963562272511467,0.5368804657907519,0.5307562189858998,0.3762840404814354,0.7201961509432466,0.5424820052138302,0.5338452532090017,0.43041295914788286,0.04056199806334901,,0.42234881865953705
131,young-sweep-142,run_d3aac7d50edcb012d23b6aac82407319,0.596681535243988,1.3328653477983405,4.284158954817638,2.5535439039797847,0.9370007114544159,1.694207944294983,0.924160816847479,4.160696788241697,1.9517119393556532,0.937000711454417,1.0937331856306383,0.6056094958797731,0.45734210517748924,0.440372729304345,0.692264150780715,0.45159308462184977,0.5683042231229374,0.37536913200622124,0.06665650985029112,,0.4697499960116474
132,splendid-sweep-143,run_e8a022f35013b53f02c03a40299483d6,0.5957881212234497,1.3300446713465217,4.997604790419162,2.331598231206569,0.7309990852728935,1.7537624624149388,1.05412890874282,4.9628198149156235,1.87724573594441,0.7309990852728933,1.5186857097642021,0.550627020570036,0.5193565425574914,0.38918685949621684,0.734770360725997,0.5230539829812001,0.5583280550558585,0.43190465692571633,0.055541570870831475,,0.4369088536901862
133,volcanic-sweep-144,run_7a9c505aabbc2b36a16a68bdd33c6128,0.5573707818984985,1.3892788768347155,3.630130647795319,2.101187618445988,1.2318579123894704,1.5267051748694411,0.9624250159540533,3.48560152422428,1.4426405559065052,1.2318579123894693,1.0313024212691875,0.5682195162358176,0.4332871517514894,0.36856527152571594,0.5555042656672532,0.47763366800329676,0.5514451277419052,0.48274361607568866,0.14222928616951808,,0.5236208628913583
134,easy-sweep-145,run_2a71eb3d6f1b560df8b348ef267edd85,0.5396298766136169,1.470759412890874,3.8328252585737617,2.0622488945041058,1.322659823152759,1.559962019306852,0.9216847479259722,3.6897659227000537,1.2341503474415667,1.322659823152758,0.9867779711979736,0.5703175581155443,0.44166709356012346,0.3569147271972672,0.6153630775273514,0.47118464755903156,0.5353826856702162,0.40750289930429767,0.10411217552451993,,0.5324061263724525
135,clean-sweep-146,run_565a96ba3d7c2a3a4838458590e66106,0.5604339241981506,1.3319974473516272,4.507103973870442,2.1225773847125704,0.9819951214554326,1.4327860420952678,1.1052456924058716,4.465459989112683,1.8163739734680981,0.9819951214554323,1.075435195442317,0.5949605543924725,0.5713326207422521,0.5181101746320596,0.6368823760830298,0.5384833933891626,0.5632192358583286,0.4351333979838768,0.12442985021795566,,0.5381493419750567
136,absurd-sweep-147,run_65fda312ae3da2d5c89fc6e08a994b63,0.5950223207473755,1.265807275047862,4.839439303211759,2.170701200252684,0.8148643154792153,1.8443622408608953,1.0032163369495857,4.777218290691344,1.6817435249526211,0.8148643154792153,1.5474719101123589,0.5109448415090462,0.4439632677819095,0.40717076908342115,0.6080636128586452,0.4609431553565637,0.5654589857426349,0.33619326385210524,-0.024054662422577006,,0.3660836884112514
137,decent-sweep-148,run_ced83fb6951c410eaddc89e2680b308d,0.62233567237854,1.1979068283343968,4.728579205225911,2.325167403663929,0.9047006809635124,1.6709329007754388,0.9844798978940658,4.681545998911267,1.9944409349336691,0.904700680963513,1.3432782085773058,0.5761069723892577,0.45075931026068466,0.4322547329438432,0.6141890621377692,0.5119339689183886,0.5904869014246624,0.34093026736002735,0.0009727575650023412,,0.43395839720087176
138,glorious-sweep-149,run_6a4e1727e41a019d07f94bc0cb71f0e9,0.7363114356994629,0.838353541799617,4.927517691888949,2.5718761844598856,0.6387437747738591,1.875882259851242,0.670414805360562,4.856967882416984,2.31732154137713,0.6387437747738608,1.4917550245291984,0.705769701421495,0.45030411773593143,0.6338414264278645,0.5391669471617353,0.41243140342849904,0.7136539791378456,0.2452736330729895,-0.31627903649885836,,0.3387635589201097
139,glamorous-sweep-150,run_47ef42cc740c5b1970e143b89d5cea29,0.5599234104156494,1.4238034460753028,5.0022318998366915,2.0727479469361967,1.0562252261408678,1.7848868491849972,1.1288194001276333,4.957158410451825,1.6127100442198352,1.0562252261408678,1.5503085931318261,0.49362501567607947,0.5179485804531345,0.4275862784535326,0.6484439389321343,0.4969629018286733,0.5131845052290134,0.41261003258685686,0.033399493524855745,,0.40445289957536046
140,rural-sweep-151,run_550d2ccb86b539447a72c1b0469b4e32,0.5319719314575195,1.5330185067007018,4.569297768100164,2.0610991787744783,1.3932462648643154,1.9284657382497226,0.9623484365028729,4.467882416984215,1.2087807959570425,1.3932462648643167,1.4846613388194332,0.5370228896492275,0.518952517598727,0.3057612616926859,0.600595285775759,0.47977110324868444,0.5058441167203906,0.39089729122702205,0.04603726158481891,,0.3581176578637596
141,toasty-sweep-152,run_583922142e5b2d4d82d41086677bd5da,0.5628589391708374,1.3804339502233567,4.207158410451824,2.1569804169298794,0.9708202053054171,1.548334388352587,0.979081046585832,4.1317093086554175,1.5855085281111803,0.9708202053054179,1.04274806140212,0.5522549603241002,0.49257458589464354,0.3854188615394438,0.6431012293200669,0.4811703913496466,0.5529784367967865,0.43085467696898955,0.12228362649522678,,0.5110621610131943
142,snowy-sweep-154,run_4bd393d446cbc2ffd3d90e5bebf81119,0.5494575500488281,1.4000255264837265,4.959063690800218,2.1519393556538216,0.8608293525764812,1.7263016300047476,1.1670708359923425,4.921339139902015,1.7094251421351843,0.8608293525764814,1.5583082766260479,0.5031816131502738,0.5162951068415497,0.42610701401526035,0.6935211573329494,0.5319495777471287,0.5286457233085846,0.4155157926318697,0.050627031129660716,,0.43569694947739046
143,tough-sweep-155,run_e31e1a5f5d9c2037c4f554e2312aad4a,0.5791959166526794,1.3678493937460112,4.700816548720742,1.991926721415034,1.4566266897042381,1.985559423959487,1.03679642629228,4.61311921611323,1.4535312697409974,1.4566266897042377,1.5219575882259846,0.5414802798491324,0.4363071388677489,0.4386931328416819,0.5146611787455886,0.401893206451334,0.5179389041188285,0.30156082185972655,-0.06880632635445819,,0.3089258425329981
144,vocal-sweep-156,run_8d40da42f2f1efaeb0d6354ecdbaf7bc,0.5340140461921692,1.4953031269942563,3.985683179096353,2.09671509791535,1.4428244740319136,1.7200387719575878,0.9577153797064458,3.857321720195972,1.3174226152874295,1.4428244740319158,1.072926887165691,0.5559337975296827,0.43958428998918514,0.3295386776490119,0.540541977063716,0.427096152038583,0.5233307881294594,0.40252484554529666,0.06694951978382477,,0.4656953238682452
145,swift-sweep-157,run_1e3625950159ece37437ef2e4d817ba6,0.5457562208175659,1.4685513720485002,4.675639629831247,2.464283006948831,0.8581613985161093,1.5573073271087197,1.19791959157626,4.621747414262385,2.074036639292482,0.8581613985161098,1.197036714670042,0.5305123024179338,0.5110736660593002,0.41695415509370115,0.685358399070342,0.4812494629766709,0.5163581448231809,0.3782538036200179,0.06960679482571433,,0.4982316594716885
146,smart-sweep-158,run_d970ea3757ffcd0c461c0f9b9d42240c,0.5460115075111389,1.444339502233567,3.752585737615678,2.1382817435249524,1.1996137818884032,1.5359352745687604,0.9818761965539229,3.602667392487753,1.4402779532533165,1.1996137818884032,1.0289642348472865,0.5552833046825072,0.4590631100987392,0.3645104236503528,0.5882878493085131,0.44427983200314186,0.5359782887149046,0.46909837594198667,0.1291230694973353,,0.5280512220546422
147,quiet-sweep-159,run_6b9fec056927d996f6a85d8ddf841f88,0.5568602681159973,1.4001531589023608,4.738160043549265,2.0566266582438404,0.889668665514788,1.660326000949517,1.0923037651563505,4.702395209580839,1.4355022109917868,0.8896686655147894,1.3647175185947147,0.4800648457812487,0.46952291398272256,0.3448655939724803,0.6914064623934881,0.4630214317954353,0.5262448838455831,0.45356071600235315,0.067561718027044,,0.4519019253646278
148,devoted-sweep-160,run_5c0ca2530a2dee16b3da21d1ac97add1,0.5544352531433105,1.4850159540523291,4.893794229722374,2.422792166771951,0.9541569265169223,1.7731761354644717,1.192099553286535,4.862928688078389,1.964421983575489,0.9541569265169233,1.5188716569077374,0.5313990761551839,0.5182130999665279,0.3985732528812693,0.6831433310433918,0.4996410563038576,0.501167684421327,0.4477669641098737,0.04380939450628962,,0.42692246457299243
149,charmed-sweep-161,run_6f4c2a8acdaf77dd0d4278eb04ce45bf,0.5666879415512085,1.368576898532227,4.32487751769189,2.250549589387239,0.9949842463665006,1.5399232473492637,1.0981748564135287,4.264616222101253,1.863878711307644,0.9949842463664995,1.0980416205095747,0.5314789067620866,0.44843370692905354,0.40758180889442264,0.605966882882567,0.45918152866594253,0.5396079862437155,0.4110796795956082,0.11352296929917297,,0.49242102218150563
150,absurd-sweep-162,run_e9d6129f4e3f1862786288c8ff465766,0.5479259490966797,1.406547543075941,5.103320631464345,2.1650536955148443,0.8504675271877223,1.6793479981009651,1.1910529674537327,5.0660860097985845,1.7570688566013883,0.8504675271877226,1.5069393891438518,0.5090135126229316,0.5200844846162056,0.4563616192574147,0.7286857513581203,0.5287999009244494,0.5268589058830258,0.36749722675222013,0.06398918875746454,,0.4480636744353835
151,valiant-sweep-163,run_eebc783521a70fb7d553ce2be434a095,0.580855131149292,1.3137587747287809,4.370032661948829,2.215173720783322,0.9262882406748654,1.4611766102231365,1.0642629227823863,4.322019597169298,1.8178521794061904,0.9262882406748674,1.0690022155404342,0.5521202601046283,0.4866453754755679,0.4293271717268461,0.6318334351413719,0.5003534085664252,0.5646929823949288,0.4595179887537679,0.11612078548532362,,0.5202168876543563
152,peach-sweep-164,run_3b7683f142125cb1941186e27530d0d4,0.5509891510009766,1.3962858966177407,4.913391399020142,2.0591029690461142,0.8930429921740014,1.6437687925304634,1.1950350989151237,4.891344583560153,1.7015919140871756,0.893042992174002,1.4675858521918033,0.5293005509442779,0.5739731511363181,0.48407974970468987,0.6520962333878157,0.5615349801863643,0.5217158054156993,0.48404896648665824,0.07553014349414802,,0.45055157716848276
153,rich-sweep-165,run_991080440297268b6d627a1e84532225,0.5414167046546936,1.4485513720485,3.6994828524768644,1.9992924826279215,1.2958481553003351,1.5241019148599462,0.9610465858328008,3.5593630919978225,1.202830069488313,1.2958481553003345,0.9925146383921504,0.5504331173630451,0.4419516045269531,0.3369511221785908,0.5729150643942021,0.46360909571059805,0.536385881737504,0.46754794640962893,0.10530237412699262,,0.5363095275733667
154,fancy-sweep-166,run_1f022f2877f72ff0a0681d709a16b943,0.6261646747589111,1.2174601148691766,4.713309744148067,2.3495262160454824,1.1123589795710946,1.8591549295774643,0.9426930440331842,4.626592270005443,1.990372710044219,1.1123589795710942,1.402888115208103,0.6032972624986248,0.40998748684035835,0.4676621013312901,0.5451471239293144,0.39928558986920415,0.5820071975875694,0.2598139237959256,-0.07492566852267654,,0.3631585637931337
155,unique-sweep-167,run_5b5c17522addf2a186459e4f56f1432d,0.5657945275306702,1.3389661774090618,4.2893848666303755,2.175262160454832,1.05683504421181,1.4433810729545813,1.0244543714103378,4.2364725095264015,1.6857612128869233,1.0568350442118088,1.0066268396898232,0.5269372355264583,0.4894848622316495,0.39860629569326056,0.6040637216374452,0.4883327723371723,0.5611611094193917,0.4594330511291189,0.11189187053066973,,0.5368627836348978
156,rural-sweep-168,run_d50b955632b6b29856066e94b1de7db7,0.6011486649513245,1.295443522654754,4.896107784431138,2.120934933670246,0.8684825693668053,1.7067257477448963,1.0411231652839819,4.861322808927599,1.6715982312065698,0.8684825693668065,1.4949359075803133,0.5625748836421315,0.5169285138624059,0.4294697187370303,0.6847309674215905,0.4932477961697014,0.5647228319206647,0.4495715818456277,0.07247146288402762,,0.44132571085912253
157,serene-sweep-169,run_e923eab3b40c9dad478d8ee66d7e1352,0.5492023229598999,1.4427568602425016,4.431301034295047,2.424775742261528,0.9678371785750584,1.511152872289919,1.1089470325462654,4.357321720195973,1.9287681617182553,0.9678371785750589,1.1119283114416834,0.5315199262037436,0.44047863127554615,0.40612090157392333,0.6728616218011663,0.4866655179158188,0.528650532658052,0.40394588253687064,0.07846883463459939,,0.5135335729395593
158,balmy-sweep-170,run_66e6ebe216a90f14a9785d8970a41419,0.5693682432174683,1.3543841735800892,4.235846488840501,2.172229943145925,0.9024697631873155,1.5091826238328847,1.074103382259094,4.1741154055525325,1.7286165508528106,0.9024697631873182,1.0314092419686662,0.5491299865802144,0.4547871963667844,0.40613893943747403,0.6288153751000756,0.4677224963106609,0.5544435532681029,0.471309773998566,0.12687364231582457,,0.513450458543973
159,helpful-sweep-171,run_390e1483e68a9047343b4e1c537c8c6c,0.5506062507629395,1.424390555201021,4.302749047359826,2.3293998736576116,1.032279703221872,1.5073587592973572,1.0747287811104018,4.239548176374525,1.8026279216677195,1.0322797032218716,1.0722424434245932,0.5406437889275667,0.4468964251734679,0.38561951281805706,0.6333902133785144,0.5101886304391253,0.5378991844104705,0.4353044765868505,0.09153671417914463,,0.5160917750955819
160,worldly-sweep-172,run_c0633a94877064eb60619bab0a506a89,0.5502233505249023,1.4134014039566047,3.947223734349483,2.0528995578016422,1.192926110377071,1.5775755657540749,0.9656413529036374,3.8213119216113234,1.35811749842072,1.1929261103770707,1.0726064250672565,0.5419782130072964,0.4184823079782176,0.3377929955623663,0.5922828226942701,0.44193619797605205,0.5443275759892351,0.44039621265294016,0.1099032475854693,,0.5113754675282207
161,jolly-sweep-173,run_ed49f6c98acf9da2b319f3e273b55de6,0.5440970063209534,1.4694830887045307,4.611077844311378,2.4038408085912817,0.8886370566114442,1.538835258743472,1.164390555201021,4.555715841045181,1.9782564750473774,0.8886370566114449,1.1168934958062988,0.5431068994141094,0.4696908706511511,0.4092376209175367,0.6918814568275582,0.47576274330657187,0.5194311957324097,0.3924016209626403,0.08672667893702934,,0.5125968654485951
162,balmy-sweep-174,run_579e94a8f25a6f8b7e86f679cdb2d1b6,0.600382924079895,1.277677089980855,4.4748230811105065,2.016487681617182,1.0313751397499744,1.6810769109036237,0.9185960433950224,4.399373979314101,1.3826405559065063,1.0313751397499746,1.3288534578256053,0.5857382401189194,0.5519092778258811,0.337599048622418,0.6647078363354387,0.5012431870575068,0.5789597651043199,0.4533820587787675,0.0791549916549241,,0.4573692422073943
163,efficient-sweep-175,run_1ff69f3e0357f157060f6fad9327a5c6,0.5945118069648743,1.3043267389917037,4.606450734893849,2.043765003158559,0.9558237625774976,1.665880677322361,0.9144607530312701,4.539330430048994,1.4157169930511688,0.9558237625774972,1.34328216489951,0.5816708599179473,0.5460627684727641,0.3658064361651183,0.6781095216867463,0.48573911347853677,0.5744240101818698,0.4546932065885087,0.09193187222045265,,0.4604424215469852
164,different-sweep-176,run_6feff6bd2dc525233f90c0493757aa76,0.5748564004898071,1.359119336311423,4.313173652694611,2.3232975363234356,0.8790171765423314,1.4666561164741256,1.0719463943841727,4.262221012520414,1.8753126974099812,0.8790171765423322,1.0389460357651508,0.5495092809018545,0.4537397011764,0.4205628451936277,0.6316904352924074,0.5057059383625795,0.5566167287826912,0.47387325031180344,0.129335372678495,,0.5228501842548011
165,glorious-sweep-177,run_d9e690898a7f99e5d1fc0e329718f796,0.5733247995376587,1.3796936821952772,4.360506260206859,2.388780795957043,0.7839160483789002,1.5156432979901882,1.0661008296107206,4.301224823081112,1.89557801642451,0.7839160483788995,1.0151527140370313,0.5575635185209622,0.46211544229275986,0.4026592280432909,0.6747935695120576,0.45895891163034247,0.5546943249617243,0.4577676082396809,0.12133020961853047,,0.5180985671850468
166,generous-sweep-178,run_e85bfae5c20370f935f1085f047b06ee,0.565028727054596,1.4351627313337585,4.983015786608601,2.2196967782691086,0.9063980079276348,1.7932979901883208,1.1284620293554573,4.9457811649428445,1.718610233733416,0.9063980079276354,1.5439072638075644,0.4985305586810525,0.5542445235408008,0.3782061105258117,0.7019454905894792,0.5249092192103438,0.5129164257659955,0.4194173468510287,0.03921159361265575,,0.4210878008341539
167,misunderstood-sweep-179,run_a62aaf9846da4d84d99a8b16cb209dd7,0.5514996647834778,1.4566943203573703,4.308383233532934,2.445483259633606,0.9774723040959445,1.5183415097325523,1.074179961710275,4.219706042460533,1.8834870499052427,0.9774723040959443,0.9689270454185789,0.5659087885807605,0.43398382645517747,0.4018754589279443,0.6892028597130674,0.49435475879814844,0.5283873279132217,0.3985114241107793,0.10368831302357631,,0.5217749298902993
168,fearless-sweep-180,run_ca3a8338f6adc6f4dc01888c1d56e66b,0.5414167046546936,1.4477728142948307,3.772781709308656,2.001970941250789,1.3913202561235896,1.5457509099541065,0.9448755583918317,3.6262928688078384,1.2604042956411878,1.3913202561235913,1.036516853932584,0.5489566327222126,0.43234401040121734,0.3427328161414935,0.573185059733312,0.4592798727804503,0.5361740303296095,0.4261601099224227,0.1070426786612527,,0.5258512526764213
169,zany-sweep-181,run_905b4a817524ff6d520a02727f432d8a,0.5323548316955566,1.56769623484365,4.379314099074578,2.2266961465571695,1.1752261408679743,1.8422930843487892,0.9740523292916391,4.256341861731083,1.2421604548325962,1.1752261408679732,1.4222028802025632,0.5892137279537809,0.5361908221536281,0.33361523481148037,0.6684015087747226,0.5394561397764227,0.5030311049118112,0.41083144718822384,0.03681962212882736,,0.41707131813654075
170,vital-sweep-182,run_3dedf999f96e44e4bc8a51291b8ce439,0.5931078791618347,1.2968091895341414,4.502204681545998,2.089551484523057,1.0572009350543754,1.6772946668776703,0.8612252712188901,4.425775721284704,1.3434744156664555,1.0572009350543756,1.3134633644564024,0.6002900208710323,0.5311269351340725,0.33733071544871185,0.6718333935099663,0.4915942928601954,0.5854494507299168,0.4505459069393104,0.08510190977066046,,0.4623087577048551
171,clean-sweep-183,run_ab19037abea59a088e37e87f44dee76b,0.5553286671638489,1.4720102105934905,4.410887316276538,2.0066077068856596,1.2205762780770402,1.7844912169647098,0.9188002552648373,4.324659771366359,1.053038534428301,1.2205762780770408,1.3473097009020405,0.585634453071753,0.6150744144801128,0.3110252849343933,0.639608633378038,0.5316250969381755,0.531008241125911,0.4557936744972662,0.05523592345271322,,0.4267030395372824
172,vague-sweep-184,run_6c9088f034b2d21e2c7095e4678b91c3,0.5791959166526794,1.3717166560306315,4.875939031028851,2.1532533164876813,0.8793474946640918,1.7239159677164106,1.0714486279514996,4.838214480130647,1.6898799747315207,0.8793474946640909,1.4687569235638547,0.5133389168761915,0.5426666280668037,0.39840787919420234,0.6823519290141422,0.504533992175165,0.5368034492248942,0.4422400064052487,0.059295149275638864,,0.43470757440289853
173,vocal-sweep-185,run_317becb9dd7b6096d427c90bcd4ff045,0.5336311459541321,1.4558647096362474,3.747250952640175,2.0677700568540742,1.3876613476979367,1.557422060452603,0.9830631780472235,3.619379422972238,1.3106759317751093,1.3876613476979365,0.9813736350688398,0.5384513487646373,0.4173474578502234,0.33136002298630396,0.5590876619134835,0.4766923609250074,0.5341072569566728,0.44774128423395465,0.10422112442232728,,0.5226744837684427
174,stellar-sweep-186,run_db6a999097db8609f2fcb0ef022b58fc,0.5877472758293152,1.349317166560306,4.876238432226457,2.1439292482627916,0.9212216688687874,1.7984253837632538,1.0359540523292925,4.834594447468699,1.6077953253316484,0.921221668868788,1.532085773065359,0.5562130481850589,0.5030436793239844,0.3922488267407337,0.6976134636232854,0.513140162523724,0.5487737585512493,0.44108960615009335,0.05943644421739758,,0.42125467000088473
175,treasured-sweep-187,run_113b0edd89836f6c5f700e402089369b,0.5587747097015381,1.425220165922144,4.4895753946652155,2.3146051800379026,0.8292255310499034,1.506520018990346,1.140114869176771,4.428824169842136,1.876854074542008,0.8292255310499027,1.0781690140845068,0.5282937551707303,0.4817220256237578,0.3944401877214826,0.6728026843283961,0.4762804185945498,0.5269696946362941,0.4274621350703724,0.10042852177100867,,0.5131063635822493
176,spring-sweep-188,run_4f028de5f75debb229694e1b110f79a0,0.5456286072731018,1.3941544352265471,3.4129831246597715,1.7874415666456094,1.554721008232544,1.5593448330432027,0.8795405232929158,3.2503266194882965,0.9555780164245106,1.5547210082325449,1.1773223611330896,0.5571665813345555,0.4199707810764181,0.3461732592663538,0.49889320279386024,0.4516661878909787,0.560655889998473,0.4697549004128913,0.1318496116327179,,0.5297219480945256
177,deep-sweep-189,run_c267af9d0f35f222c1ac9b6fea96b69a,0.5480536222457886,1.3892788768347157,3.5883505715841046,1.8548578648136445,1.4196107327980485,1.5641636334863107,0.9387619655392473,3.4575394665215033,1.1409728363866083,1.4196107327980472,1.1651368887482187,0.552144443407734,0.4158689622807961,0.36837132458576766,0.5236066590300089,0.4568176454760471,0.5524338998978859,0.4900998403382215,0.13735284312202536,,0.5239910567401342
178,zany-sweep-190,run_406a8fc590dc09f6f97e94abdd99b743,0.5269942283630371,1.5289087428206762,4.656505171475232,2.31001895135818,0.92783819493851,1.787933217281215,1.0944735162731334,4.560968971148613,1.4942135186355026,0.9278381949385095,1.4167668934958082,0.5235903026188583,0.4920601914112413,0.35567410529004245,0.7260293786433407,0.5120651131295606,0.5063182954027724,0.39020803360519224,0.06853313856380508,,0.4311629883748841
179,devoted-sweep-191,run_049156f1141a2f06ac2de6c71e34866b,0.5455009341239929,1.4246713465220164,3.974033750680458,2.097725837018319,1.3042890537656266,1.5490544389935115,1.0265347798340791,3.8603701687534024,1.4799494630448506,1.3042890537656275,0.9997824022788422,0.5360496564047393,0.42055731651002076,0.35939022443571816,0.5538362051161724,0.492858556488659,0.5335310214071884,0.4286899300729555,0.08337549782499562,,0.5120346021061472
180,bumbling-sweep-192,run_1bbbc2d9009432026532e06fc8388b6e,0.5959157347679138,1.3460242501595403,5.165977136635819,2.4574352495262155,0.6675983331639395,1.807168855831619,1.1307594128908747,5.140500816548719,2.08385344283007,0.6675983331639386,1.60171704383605,0.5438352866909293,0.5317734785436322,0.41261261692685886,0.7431578160805226,0.534830696172547,0.5515867411658779,0.4117495729952317,0.05542296111581446,,0.41734948460544047
181,ethereal-sweep-194,run_baa94bad32084fd605c76549a52fdea1,0.546139121055603,1.4272878111040204,3.9762928688078394,2.0987618445988625,1.0801656672426059,1.551673524291818,0.9933120612635603,3.863119216113229,1.4619204042956404,1.0801656672426065,0.9926135464472229,0.5355166129012167,0.44950652076848546,0.35018708297417234,0.5841133698258947,0.43909654674852433,0.5392587188056068,0.4464995610386027,0.10726213877839164,,0.5079817884908456
182,twilight-sweep-195,run_6d3a84d69c4c3fd441c525d16ba8a052,0.5354179739952087,1.485335035098915,3.5978497550353836,2.119924194567277,1.285938611647525,1.5868729229308434,0.969112954690491,3.443032117583016,1.3283385975994941,1.285938611647525,1.0391438518752973,0.567522885486357,0.4512109900765798,0.3494401877214826,0.5779470406671798,0.45729854235203393,0.5283179457990473,0.47150752739560725,0.1136426755129509,,0.5225924063756537
183,eternal-sweep-196,run_f83fa0179440a4c0decd219182b16c4b,0.5734524726867676,1.3828462029355455,4.513718018508438,2.023626026531901,1.1639902429108648,1.7509099541066622,0.9516273133375878,4.425530756668481,1.2872899557801645,1.1639902429108646,1.4021759772115845,0.5725190391764791,0.5533875969763428,0.33694777000925835,0.665505927102342,0.5146597016199407,0.5486990132897644,0.4280982980010988,0.05775655536470503,,0.43245047177824997
184,vibrant-sweep-197,run_d5e01fe1232dc16ff908fd8c1b729ef3,0.5733247995376587,1.3847862156987873,4.387316276537834,1.927327858496525,1.1882203475963002,1.6921110935274564,0.9218634333120612,4.297659227000544,1.2186102337334166,1.1882203475963016,1.2698132615920241,0.5672294584512642,0.5384914505751702,0.35051192414519683,0.6159062952631544,0.4951313970075709,0.5434183217981592,0.4520115654282595,0.06042072633470519,,0.44644777964251076
185,graceful-sweep-198,run_2ce439296fc7b2bddef9691ef68a7ad2,0.6135290265083313,1.2558647096362474,4.861295590636909,2.5469614655716986,0.776059558898262,1.740880677322361,0.9863816209317166,4.802014153511159,2.155805432722678,0.7760595588982618,1.3325407501186899,0.5755884195102016,0.4431421757511414,0.43691345018037864,0.6754995364257762,0.4291753607087617,0.5766698967930759,0.29810396634893055,-0.007149297196442889,,0.41770171500493614
186,wandering-sweep-199,run_280aa13df5fb1fb642e731230102d699,0.558902382850647,1.4079642629227822,4.7315732172019604,2.4652937460518,0.825683504421181,1.4673049533153977,1.169955328653478,4.687969515514426,2.1158938723941887,0.8256835044211807,1.1435670200981167,0.5555711899620819,0.49053280099694,0.44842974810841874,0.7019011149759891,0.522167048628018,0.5372779614609082,0.3860492756996497,0.09335612827582868,,0.5194392922994612
187,helpful-sweep-200,run_47fa8273f4092fbff271c33f60b9806b,0.5660497546195984,1.3747032546266749,3.853511159499184,2.097751105495893,1.1815225124504523,1.525688400063301,1.025271218889598,3.721720195971694,1.554984207201515,1.1815225124504538,1.0413633486311125,0.5470974529052827,0.43101148863556543,0.3797725313667273,0.561796015327046,0.4763332456257659,0.542545105922686,0.4624599229130985,0.13364837712132432,,0.5023236951050403
188,amber-sweep-1,run_e60fd6f022d84c6cf9962606129d16c1,0.5483088493347168,2.063637523931078,7.4388677191072405,4.5123436512950095,0.1849476572822441,2.875348156353853,2.063637523931079,7.409471965160589,4.4449399873657605,0.1849476572822446,2.807623832884951,1.0,0.9686672751756132,0.978656099351914,0.9771501403675239,0.9674430030814671,,-0.02023380693806184,0.012457153831547281,,-0.015112249420222015
189,laced-sweep-2,run_0b16d1a43bb6b76f0e0c28b29c27bf2b,0.6530950665473938,1.1368730057434586,5.296053347849754,2.4910802274162975,0.5888759020225632,2.0248100965342615,0.9227568602425019,5.253919433859554,2.1906380290587486,0.5888759020225628,1.7210120272194958,0.6033265512680662,0.5174951399860733,0.5236988794176802,0.5683340467330349,0.47145964961245435,0.6035711443082901,0.2744902349734535,-0.14522415645304015,,0.29159771469758333
190,stellar-sweep-3,run_11f6039c62cc56d6428c14315941a4ed,0.7619655132293701,0.7242884492661134,4.893277082199238,2.3214403032217303,0.9304553308263033,2.0419844912169647,0.6011486917677087,4.832035928143711,2.052065698041692,0.9304553308263046,1.699730970090204,0.7489524726698535,0.4655332933524485,0.6809041279570922,0.5889676103017031,0.42204769026118305,0.7560150250171087,0.24243300532233641,-0.4300301997134608,,0.25534782607074547
191,chocolate-sweep-4,run_c050d64aafd79b1eff334698dbb6f9fb,0.5828972458839417,1.297766432673899,4.641671203048449,2.101099178774478,1.134307348307755,1.555507200506409,1.0958264199106578,4.596107784431138,1.8265319014529362,1.134307348307756,1.264670042728279,0.5497738688608601,0.5488183851976783,0.5162585001436644,0.6080679476933499,0.5429755343200438,0.5548229350561805,0.3944133414711249,0.03748182848114043,,0.470183016354962
192,zany-sweep-5,run_4f146e84fcfac2961475c91343748dbe,0.5512444376945496,1.3474920229738352,4.63946652150245,2.380379027163613,1.000848663482061,1.6268673840797594,1.0814550095724305,4.613010342950464,2.098761844598862,1.0008486634820593,1.2665255578414303,0.5297258997964687,0.4951551621483394,0.4579615617916547,0.5767936577197574,0.47126703640082185,0.5638848643034381,0.3702021933158613,-0.0014566884163045857,,0.46363052762980855
193,crimson-sweep-6,run_cca096b6565b7a04bae03d8879a10ca9,0.5797064304351807,1.3551499680918953,3.9910179640718564,2.3296399241945664,1.1785750584408985,1.6316189270454184,0.9873388640714751,3.8489384866630387,1.7978774478837647,1.178575058440899,1.0594160468428548,0.5729631343060444,0.42640374928011965,0.3697733295022827,0.6007391851375805,0.4786654733296366,0.5476137405231328,0.39341417225531533,0.07351547995176783,,0.4811834576709682
194,olive-sweep-7,run_d8be429c4131de1a2ee3f80e5d3a7f3d,0.6650925278663635,1.0805232929164006,5.025449101796407,2.2225142135186347,0.8272944404919198,1.925882259851242,0.8227568602425003,4.971066956995102,1.7916487681617184,0.8272944404919197,1.627211584111411,0.6553500831785282,0.47097862117568673,0.46290393640455896,0.552392516319863,0.4757559902128456,0.6340222658619552,0.3548550881529612,-0.0834446933457558,,0.3401416941720575
195,legendary-sweep-8,run_ebae88ebca00f61c789f5616705f04c0,0.5846841335296631,1.3533375877472875,5.386009798584649,2.4810486418193296,0.7632178066876715,1.9677164108244976,1.1594384173580086,5.362003266194883,2.1004421983575488,0.7632178066876716,1.7886137047001114,0.48242472265230063,0.5532121748537806,0.43276362417392966,0.7223333603940391,0.5363935696885997,0.5264768961009485,0.32211522067049037,-0.038027612263533433,,0.3420101921225117
196,crisp-sweep-9,run_42f8958827aa9b85d096c49cee0f19e6,0.5590299963951111,1.3110657306955966,4.377436037016876,2.2893367024636757,0.9785039129992885,1.5787070739040985,1.0144735162731326,4.33138268916712,1.9519646241313964,0.9785039129992873,1.2269109036239907,0.5267525570041802,0.44986497352381,0.42383504134342176,0.5944285341874056,0.47223671619421853,0.5813390297047778,0.40940519530886,0.049913362929542376,,0.48210249875878286
197,frosty-sweep-10,run_875d89658f52b4b7ce59da9d103de04c,0.5520102381706238,1.495673261008296,4.915133369624388,2.269917877447883,1.103653826608395,1.8989120113942077,1.00219527760051,4.852422427871531,1.5281490840176872,1.1036538266083966,1.5384989713562272,0.5678562753487837,0.5143851713621611,0.3494323659930403,0.6736040712019546,0.5317633136997312,0.5113790551645815,0.3917031035827391,0.050402031815019815,,0.3896069919801726
198,wild-sweep-11,run_c7ad5f68881890dab0c4d9b8b42ba23f,0.58379065990448,1.3466241225271218,5.172917800762113,2.236045483259633,0.8305925398922654,1.874980218388985,1.115966815571155,5.1528307022319,1.890638029058749,0.8305925398922641,1.7030701060294342,0.5255475750694264,0.5174928672649585,0.458267407336462,0.705509100846941,0.5477211487802314,0.5486412385079957,0.41976570905271404,0.06158921275452839,,0.397472014592524
199,deft-sweep-12,run_4b20bdce25688642e1d7fbc135b4794e,0.6005105376243591,1.253529036375239,4.8841589548176385,2.086835123183828,1.0461632279703221,1.7941881626839689,1.0104658583280155,4.8292868807838865,1.6602400505369541,1.0461632279703232,1.5638115208102548,0.5287194612330274,0.4526725820299662,0.4397923251284998,0.6385124942229182,0.4869642199120709,0.5617979556438706,0.34976993001859613,-5.9449771472902535e-05,,0.3889629437970435
200,lyric-sweep-13,run_45acb30a6c93c60fe9f9334f6ddd51f5,0.4911295473575592,1.7252329291640074,5.353810560696789,2.7740745420088433,0.7567689805874581,1.9906986865010283,1.373044033184428,5.329314099074579,2.211800379027163,0.7567689805874589,1.645026902990981,0.5405597570543531,0.581408381010938,0.4968695527248348,0.7568528798862212,0.552276565312543,0.436504285300845,0.3670227333643859,0.052386268577708284,,0.3728974972615839
201,fluent-sweep-14,run_7db5900b56456b32274bbacef32ae1e8,0.5895341634750366,1.293439693682195,4.013037561241154,2.0632469993682876,1.2839363756479314,1.6705095742997305,0.9394128908742824,3.897904191616768,1.4975994946304476,1.2839363756479312,1.2142585852191805,0.5788769492550109,0.4244798799881931,0.3845053155827986,0.5531130692596071,0.44094888386154457,0.5662893109337237,0.401251282527408,0.07385032535468045,,0.45504275063723176
202,frosty-sweep-15,run_66ab9d9966a5ebe2779e6efd5a4e5394,0.5409061908721924,1.5462412252712188,4.646461622210126,2.2720909665192672,1.156870616932615,1.9564962810571291,1.0529929802169753,4.5597441480675025,1.3696904611497156,1.1568706169326137,1.5893891438518737,0.5954457811876325,0.5173291979817912,0.3500657663697603,0.6666256101779076,0.5108696861369608,0.4995832194461418,0.42383555130031264,0.051937550211085176,,0.3568946704924349
203,crisp-sweep-16,run_88f853839785a2b7f3e8ee12db7aab01,0.5888959765434265,1.3429227823867262,4.9396570495372885,2.078370183196462,1.0199258054680354,1.8269385978794113,0.9893554562858978,4.901932498639087,1.4822615287428935,1.0199258054680345,1.5513411932267767,0.5494934592043347,0.5325651278160966,0.38002522108354886,0.6797726403318767,0.5110163682558548,0.5503226350798458,0.4346709423810732,0.039901781764448335,,0.40247028575109717
204,fine-sweep-17,run_44d2242235c0a8213636800da03c224f,0.43178045749664307,2.541174218251436,7.593413173652695,4.577321541377132,0.0,2.844908213324893,2.541174218251436,7.593413173652695,4.577321541377132,1.6010501526376075e-15,2.844908213324893,1.0,1.0,1.0,1.0,1.0,,,,,
205,silvery-sweep-18,run_8e44eff42072ed93b79bb89f3857cd67,0.590427577495575,1.3105169112954689,4.2269733260751226,2.329058749210359,1.1936070738896227,1.6905285646463046,0.9273133375877471,4.1231083287969525,1.7602779532533155,1.1936070738896218,1.1172574774489645,0.5936093315507835,0.4243585323005636,0.3823664719215911,0.593781535763976,0.45280104154500483,0.5695535908833788,0.370880115636975,0.04358109798558718,,0.4602397859806928
206,scarlet-sweep-19,run_fe1dfe97e722605c49b68b166a379d97,0.7466496229171753,0.8135928525845563,4.660234077299947,2.3332154137713195,0.9516617542433172,1.882754391517645,0.6132610082961064,4.582825258573762,2.0358559696778262,0.9516617542433176,1.3896700427282793,0.7438273073911617,0.4078945156732227,0.6184003767199822,0.5585383883676828,0.3836396183370875,0.719334085876412,0.2950900444554845,-0.2987639385335299,,0.3481230382157096
207,fanciful-sweep-20,run_4a77155bc8d0ad4375e322ef58ca562c,0.4846203029155731,1.6405105296745373,3.916412629286881,1.8853695514845228,1.7618914523833722,1.7529316347523338,0.9455520102105939,3.7856015242242784,0.9149210360075808,1.761891452383371,1.2069116948884313,0.587900911211014,0.5782529081731297,0.5237263352807842,0.5530177411520978,0.5348857793960695,0.49670434181220013,0.4210450972296707,0.08229562820413314,,0.47798722349715794
208,swept-sweep-21,run_9bc9096eb268fbb326ad9768d30c23a8,0.6361199617385864,1.1931971920867896,5.131083287969515,2.3847883765003153,0.6499186909238743,1.8847523342300994,0.9257817485641345,5.084540010887316,1.9479469361970934,0.6499186909238744,1.6157778129450866,0.5884433565171041,0.5268041220124484,0.4080257318903042,0.7009261928353192,0.5237866362674678,0.5940312453127214,0.33923431857975483,-0.019057209400369812,,0.37015128950719245
209,jolly-sweep-22,run_4d0ea673376750259549676f765bf1b7,0.4319081008434296,2.5407275047862155,7.593413173652695,4.576879343019582,0.00017786360402479928,2.844769742047792,2.540727504786216,7.593413173652695,4.576879343019583,0.00017786360402634606,2.844769742047792,0.9998926116838488,1.0,0.9998730964467005,0.9997331910352187,0.9999432463110103,0.004603203746863353,,-0.01129074067365322,,0.006414466538154339
210,glorious-sweep-23,run_056ad3d4e3a2364368636488879fe88d,0.5997447371482849,1.3223484365028715,4.573026673924878,2.4357296272899553,0.934947657282244,1.6686342775755656,1.0671091257179324,4.50100707675558,2.04831332912192,0.9349476572822444,1.2760326000949502,0.5464655126230403,0.45517587969977596,0.41587523544998883,0.6457697520589734,0.44509283630288804,0.5489580515311343,0.38490352155445284,0.06803557073031635,,0.449401366024477
211,prime-sweep-24,run_072a5733c13b3a3be71316485b1db3fa,0.593490719795227,1.2937460114869175,4.8141807294501895,2.357624763108022,0.8687010875088932,1.780807880993828,1.0026675175494577,4.746570495372892,1.9463550221099162,0.8687010875088926,1.3443385029276784,0.5648876149107253,0.4573380622007373,0.4073581713118156,0.55793542881089,0.41620517645473415,0.5611172820525222,0.30230500131747096,-0.008401395245731857,,0.4028086791738708
212,winter-sweep-25,run_ba1328680ac1e610c32f3d7a2ff7bf4c,0.5119336247444153,1.5611104020421185,4.734267827980403,2.066544535691724,1.2238591320256123,2.0151368887482195,0.969304403318442,4.64069134458356,1.1723562855337961,1.223859132025612,1.6542253521126753,0.5575006240244706,0.5291836092060896,0.3971813044727517,0.6687599205053156,0.5432476041732003,0.5082628953419313,0.3418241666459853,0.06799373921403126,,0.33988285451257594
213,sweepy-sweep-26,run_ea65777b8490d807e552f6553d694663,0.5308232307434082,1.5158647096362474,4.110860097985847,2.360467466835122,1.1264406951926007,1.7300640924196864,0.9948181238034475,3.9927871529667947,1.650284270372708,1.1264406951925996,1.0025439151764521,0.6003080161879781,0.5206033565522934,0.41629952431120903,0.6435719508290169,0.4920495656508991,0.5253468610157974,0.4184562204476717,0.09571672669916087,,0.4733210698571295
214,jumping-sweep-27,run_8d26ba4228150233ba90e77134aedf98,0.5774090886116028,1.351665603063178,4.516167664670658,2.20030322173089,1.1379510112816342,1.875098908055072,0.9539885130823229,4.383396842678281,1.509943145925457,1.1379510112816345,1.4958142111093515,0.5307328271524585,0.46002922584891087,0.3489577945918335,0.6334312207116347,0.46407249917527155,0.5477536096853612,0.3486334423111438,0.027868777332800243,,0.37597121546921874
215,upbeat-sweep-28,run_28d0983c8fac69c8e1a17e49bd7343aa,0.5560944676399231,1.4333631142310144,5.295672291780076,2.3434617814276684,0.8611952434190466,1.8981998733976893,1.1029993618379066,5.27166575939031,1.9207706885660134,0.8611952434190489,1.6854130400379819,0.5280910929798426,0.5562548651700111,0.4116724132426651,0.6878354898836998,0.5519881672396421,0.5295406404750539,0.3745089003193799,0.029916945215774593,,0.38914733386771644
216,fast-sweep-29,run_9ce4dc2704079a502fbf63f30b31a22d,0.5996171236038208,1.2710784939374598,4.3425966249319545,2.2226405559065063,1.0779449131009249,1.7204423168222818,0.8837396298659863,4.232362547632009,1.670587492103599,1.0779449131009258,1.1864812470327577,0.5809066345600066,0.4124192006192801,0.36577004118379464,0.5992697108850629,0.40065618678005527,0.5790300790323188,0.3400675506354759,0.020608566183143523,,0.4351893519656354
217,glowing-sweep-30,run_52e4f3356b881561cb0a99153c29c553,0.5959157347679138,1.278442884492661,4.259363091997823,2.2650157927984833,1.143978046549446,1.6822361133090677,0.932916400765794,4.161867174741427,1.742160454832596,1.1439780465494467,1.1416521601519234,0.5830213072728961,0.404483138026923,0.37675302493375473,0.5828123982992746,0.43747405171394527,0.5769392165054306,0.40123313086165885,0.05090504798382925,,0.4518399296322376
218,fragrant-sweep-31,run_47306595b1e6fee071ae5e2a7b9bed0e,0.6209317445755005,1.2400510529674535,4.4197604790419165,1.9380922299431453,1.2612562252261408,1.7527536002532043,0.7888449266113583,4.328633641807295,1.160341124447251,1.2612562252261394,1.3665611647412552,0.6406884987837067,0.5368991448057788,0.3321739616256425,0.6399687697942439,0.47341561428708534,0.5935351965718896,0.4212646457886866,0.051776878814169175,,0.42479875543772866
219,sweet-sweep-32,run_b338167c84eaa6501384ce06e541aaec,0.6311423182487488,1.2188768347160175,5.1929232444202515,2.3030195830701192,0.7443642646610427,1.8252373793321723,0.9850031908104665,5.159608056614044,1.9218825015792782,0.7443642646610423,1.606967083399272,0.5762696951214898,0.5137749826442156,0.42700363949813236,0.7116957174530187,0.5027677938582275,0.5797095175854736,0.3678720762708884,-0.03080235383859173,,0.3950731085847683
220,spring-sweep-33,run_2d095052e0994a9ffe749128a650b206,0.5839183330535889,1.3445309508615186,5.324632553075668,2.2970183196462406,0.7938916556560627,1.8622012976736824,1.1152520740268028,5.301115949918346,1.9550600126342388,0.7938916556560613,1.6712058870074376,0.5391039154033908,0.5358258863804437,0.4385089231555087,0.7262583377019602,0.5421897271584893,0.5467123313454568,0.3933278132975403,0.040218851699379776,,0.3996611403985288
221,restful-sweep-34,run_cf162d2676b28d71f49473e34366180d,0.5880025625228882,1.376911295469049,5.1962166575939035,2.324737839545167,0.9163837788393129,1.9455293559107452,1.1009955328653478,5.133015786608603,1.8525331648768162,0.9163837788393154,1.7281136255736658,0.5405100191625725,0.5118715296771883,0.40504756887909843,0.6964413215407453,0.5247197933857438,0.5239999667605632,0.3350558889691606,-0.002781749072980455,,0.35444479972387183
222,worldly-sweep-35,run_9a5abadf9e96beb5eb9143e82e7f3a9e,0.6035736799240112,1.2776132737715378,4.4470604246053345,2.4125710675931766,0.9837686756784225,1.6566110144010124,0.93323548181238,4.350054436581383,1.9250031585596952,0.9837686756784217,1.144227725905998,0.5838101246614885,0.3992042235852888,0.4049503559684577,0.6468606724213474,0.4279720669352295,0.5784432145898093,0.3443445926269386,0.044642663483089456,,0.4698025824169751
223,super-sweep-36,run_f578a732da841e8ae7c7c6c84b422aed,0.5698787569999695,1.4200638162093169,5.266358192705499,2.34595072646873,0.9150167699969509,1.962011394207944,1.1289853222718564,5.216875340228633,1.9478079595704356,0.915016769996952,1.7490821332489321,0.5065460114779897,0.5153869219741276,0.4242392171886473,0.6808968870968823,0.542203432587038,0.5150551691884235,0.3510610605799432,0.029444446497835675,,0.35033404245415156
224,smart-sweep-37,run_744746f53d90a8a72ad30b95e981739c,0.5885130763053894,1.361774090619017,4.769107240065323,2.532116234996841,0.8224413050106717,1.6980455768317768,1.1182514358647095,4.71864452912357,2.1805306380290572,0.8224413050106714,1.3462494065516704,0.5310081054426861,0.44488450335604474,0.43998084474667176,0.6579926645178228,0.4501639497166166,0.5380242119631389,0.36294042032248913,0.050656775708044166,,0.43212456613477795
225,curious-sweep-38,run_625121b3fc3cf22e720966ea9321c2ed,0.43178045749664307,2.541174218251436,7.593413173652695,4.577321541377132,0.0,2.844908213324893,2.541174218251436,7.593413173652695,4.577321541377132,1.6010501526376075e-15,2.844908213324893,1.0,1.0,1.0,1.0,1.0,,,,,
226,vivid-sweep-39,run_f021d872e2b1b36039f6498999759da7,0.43178045749664307,2.541174218251436,7.593413173652695,4.577321541377132,0.0,2.844908213324893,2.541174218251436,7.593413173652695,4.577321541377132,1.6010501526376075e-15,2.844908213324893,1.0,1.0,1.0,1.0,1.0,,,,,
227,gallant-sweep-40,run_55d62acd3133c8fa4f05b5acb2b63851,0.6338226199150085,1.2049138481174217,5.187588459444747,2.3692608970309537,0.5804350035572721,1.8494935907580308,0.9370389278876832,5.14251497005988,1.9133164876816164,0.5804350035572722,1.5887798702326315,0.5939299345310125,0.5140633364104036,0.3876237908246336,0.710598333752781,0.4866160185586404,0.590829933737094,0.3316799372423628,0.026199426239010587,,0.37630908022181353
228,denim-sweep-41,run_3a32a2254122011b780a8f5d9b59ad6f,0.527121901512146,1.5332865347798337,4.733859553620033,2.1124320909665184,0.9414574651895516,1.944504668460199,1.0816209317166565,4.656940664126292,1.4227289955780165,0.9414574651895525,1.5985480297515426,0.487531507703831,0.46152182255086904,0.3208035628771191,0.6288043223253164,0.4841155335197043,0.4838021114121206,0.3461590559156599,0.03068552860574289,,0.338071289214006
229,lunar-sweep-42,run_654aa784c3bedbc5ce5ccee13f599eda,0.6163369417190552,1.2511167836630501,4.606586826347305,1.9730259001895132,1.4292763492224818,1.9624307643614494,0.8741161455009581,4.509580838323354,1.369298799747315,1.429276349222481,1.4391517645197025,0.608781872037867,0.43409631907338325,0.4248528238035948,0.5154920488335134,0.4121048233699115,0.5719699546146486,0.34928503734454724,-0.06784973854669135,,0.33840395106642973
230,misty-sweep-43,run_0fc0d36497ddaaec16b6da0a51641f6a,0.6288449168205261,1.2018506700701976,4.88968426782798,2.255350600126342,1.0889318020123997,2.021526349105871,0.8829738353541795,4.818644529123572,1.7931522425773843,1.0889318020124008,1.585484253837633,0.5966058551082725,0.44636404935128976,0.45902196469048306,0.533082769947663,0.43149070298239084,0.5861771146189315,0.31427103413979157,-0.08291275881678317,,0.30498146004456045
231,fiery-sweep-44,run_1f40783386bd8cbed6803eac9e88eb02,0.6978940367698669,0.9553924696873004,4.932525857376158,2.4976373973468093,0.8429057831080393,1.8450308593131826,0.7398978940650927,4.866875340228634,2.2109665192672137,0.8429057831080394,1.4451653742680801,0.6768904779337921,0.43918518100302784,0.5544124126041567,0.5723083596785818,0.42974271565864786,0.6817994570218987,0.28395210845627483,-0.2024196570503643,,0.3569904565955367
232,solar-sweep-45,run_2906f92f4bfabc012f13ee6647c784ed,0.463560938835144,2.071142310146777,6.301252041371803,3.485799115603284,0.6154842971846732,2.618491849976262,1.6730057434588386,6.257158410451823,2.777751105495894,0.6154842971846745,2.3446747903149237,0.7596156029495771,0.7573059160366236,0.6592489544424225,0.8432770353363401,0.755787832105278,0.33466908578626886,0.20100710426373788,0.057241380914557854,,0.13218448748376957
233,zesty-sweep-46,run_6bf82a0714bc3628199afd8f3f6cece2,0.43178045749664307,2.541174218251436,7.593413173652695,4.577321541377132,0.0,2.844908213324893,2.541174218251436,7.593413173652695,4.577321541377132,1.6010501526376075e-15,2.844908213324893,1.0,1.0,1.0,1.0,1.0,,,,,
234,azure-sweep-47,run_4cb1701b21c3e47418644d2e15b9955a,0.574984073638916,1.3735417996171027,5.257348938486664,2.30756790903348,0.821785750584409,1.8821174236429812,1.1899808551372042,5.237751769188894,1.9816677195198973,0.8217857505844088,1.7392625415413843,0.5358282896334222,0.5196289478469951,0.44064952271493796,0.714827273960858,0.5589070389363272,0.5325451457417388,0.4142060296994545,0.038133027909539624,,0.39208593148566356
235,sweet-sweep-48,run_99827edb0edc2793a71376e1fa795d85,0.5600510239601135,1.4005488194001274,4.566194882961351,2.1125963360707516,1.209604634617339,1.9174750751701215,0.9481940012763241,4.452531301034295,1.3916740366392928,1.2096046346173375,1.4608521918025004,0.5060876080594696,0.46342536625487146,0.3234394853621939,0.6284232362062374,0.4524797147939068,0.5322657941635258,0.34784880124991674,0.026794047551849,,0.3560498062737137
236,summer-sweep-49,run_0d1f9a0c6c3863c7c029706822815f87,0.5961710214614868,1.326573069559668,4.4127109417528585,2.138799747315224,1.1056306535216993,1.7725391675898083,0.7981748564135291,4.303456722917801,1.1849147188881872,1.1056306535216993,1.3252452919765787,0.6234834089631813,0.5737059969649064,0.3502234779554959,0.682807408210377,0.5252191403779234,0.5800780104813723,0.4297169055490285,0.07463831219827705,,0.43818608491497696
237,stoic-sweep-50,run_5b0ea95e041ac389391091c6b88fa8a8,0.5894064903259277,1.3043650287172939,4.352367991290147,2.1701958307011995,1.1556662262425041,1.6291976578572556,0.9728525845564775,4.2666303756124115,1.6526342387871125,1.1556662262425024,1.1323389776863422,0.5684561930031575,0.42890099385851715,0.3510720556779363,0.5964901181701009,0.4258590314012268,0.5608738481682586,0.35981446734435596,0.06169799353942412,,0.46554602680128215
238,pious-sweep-51,run_ce6ed88217cdf5b2291d0d33c94d91a2,0.5703892707824707,1.448781110402042,5.415242242787152,2.4708528111181294,0.6579174712877325,1.8695679696154455,1.2367326100829608,5.399074578116493,2.1504737839545163,0.6579174712877348,1.7077702168064566,0.5061339672358324,0.5375815227490285,0.42304839894007595,0.7549958437593044,0.5588034625104438,0.5088331200892057,0.38917077244148274,0.05332617027935063,,0.40165963622566436
239,absurd-sweep-52,run_3b04a50e69b760109ce5a4a99cfec242,0.43178045749664307,2.541174218251436,7.593413173652695,4.577321541377132,0.0,2.844908213324893,2.541174218251436,7.593413173652695,4.577321541377132,1.6010501526376075e-15,2.844908213324893,1.0,1.0,1.0,1.0,1.0,,,,,
240,light-sweep-53,run_7f7bdec4add490ca0bcad4bf87f2386c,0.5830248594284058,1.3460625398851305,4.455606967882417,1.8886291850915977,1.3463969915641831,1.7895394840955845,0.8688959795788129,4.34978225367447,1.044068224889451,1.3463969915641831,1.4153821807247973,0.586314594169431,0.5382487461009386,0.33045493726654535,0.5938226035136165,0.4836774288694744,0.5597327789404586,0.4112525798778547,0.05280519656750299,,0.40610556809821025
241,mild-sweep-54,run_82f12195f19b9d127837ed07c45ad32f,0.637779176235199,1.161569878749202,4.697142079477409,2.3664055590650657,0.7099349527390995,1.9500949517328687,0.904033184428846,4.611894393032118,2.0313076437144653,0.7099349527391009,1.4948963443582846,0.6135317311016613,0.406171902761344,0.49828560482712386,0.5496317147529137,0.39780856741895476,0.5991119319158102,0.23773388215687274,-0.12185586669791693,,0.32127167124685596
242,quiet-sweep-55,run_8fbf654b13b7293e92d37f28fb96377a,0.5931078791618347,1.3003828972559026,4.8620032661948835,2.2240050536955143,0.5515855269844495,1.9577306535844277,1.001033822590937,4.786554164398476,1.7331648768161705,0.5515855269844497,1.6670359234056027,0.5103306182742466,0.42393532190567096,0.41418350732688436,0.643323537819005,0.45432218858249857,0.5473937833849184,0.28669007196953106,-0.044750893861342095,,0.31709977333076306
243,splendid-sweep-56,run_a9f9d1b372171f603b4096da73325a8a,0.5691129565238953,1.4211869814932994,4.796216657593904,2.20218572331017,1.0168817969305823,1.8560175660705807,0.9499936183790686,4.732035928143713,1.466392924826279,1.0168817969305812,1.4890528564646306,0.5678348012891709,0.5769928761516215,0.3427332950228267,0.679160375715012,0.5511039597273162,0.5349262023117977,0.4171768333114274,0.04753361262306316,,0.4050648496623723
244,deft-sweep-57,run_97eed736a0a68865a02d58fb727428a7,0.6025526523590088,1.342271857051691,5.461023407729995,2.590347441566645,0.5872802114035979,2.0027496439310015,1.17869814932993,5.412030484485574,2.304977890082122,0.5872802114035984,1.8567613546447215,0.5067771568974311,0.5349267239024385,0.45904894167225363,0.7451299610883031,0.5518199747301898,0.5274934800463564,0.26643678906899726,-0.03341756144542643,,0.3293397554278833
245,glad-sweep-58,run_5e197610517e3abd3a99fddc5e602e00,0.4293554425239563,2.4062667517549454,7.420985302123027,4.269551484523056,0.2698190873056205,2.747285962968824,2.406266751754945,7.420985302123028,4.269551484523055,0.26981908730562026,2.7472859629688235,0.8803173307954096,0.9544605291024163,0.912023752514127,0.9164343979335474,0.9207121128655456,0.094137289435723,0.04762221809629134,-0.03349438964900094,,0.06961586891734206
246,sleek-sweep-59,run_a4510b8ff412c3f5422689bd34d862d0,0.6034460663795471,1.2595149968091892,3.9868535655960806,2.2672520530638023,1.0911474743368228,1.6281492324734923,0.8643650287172938,3.875639629831247,1.6951610865445335,1.0911474743368244,1.0419884475391668,0.6007053775444232,0.41919790551157926,0.3621769945407528,0.5920954626776767,0.44123589099381155,0.5915287706775817,0.42173418105477445,0.07598229986098756,,0.4823984064232911
247,magic-sweep-60,run_66aa2d4c7bb7b481255dbb9ca1a0b184,0.7544352412223816,0.768895979578813,5.122074033750682,2.482413139608338,0.5254954771826404,2.050391675898085,0.6030248883216336,5.072591181273816,2.2140998104864176,0.5254954771826406,1.7253718942870708,0.7183842660089774,0.4597513743189065,0.6546569613383137,0.575691744338539,0.4420918488119743,0.7398999531512596,0.2309516104353581,-0.3649248205621205,,0.26536155634443503
248,prime-sweep-61,run_2486cc184b07e44e91619df430ea336f,0.5512444376945496,1.4318953414167195,4.762221012520413,2.2790018951358175,1.0510722634414065,1.7412525716094316,1.1385194639438407,4.700000000000001,1.886835123183828,1.051072263441407,1.322016933059028,0.5115658591857055,0.46366201814318925,0.41146825016760846,0.5481723677264723,0.43187831735409415,0.5105977073804621,0.33325279404089586,0.00868294614447912,,0.40940386322880534
249,golden-sweep-62,run_ca24218f06904cae5f09622064b712db,0.5763880014419556,1.3801021059349072,4.686554164398476,1.9623373341756154,1.1738235593048074,1.7950189903465736,0.9229227823867253,4.610125204137181,1.2405685407454201,1.1738235593048074,1.4484926412407022,0.5826570035901112,0.5313055075230911,0.35802780704274817,0.6553553882328838,0.5114285029734664,0.5498793266553279,0.4085478050296273,0.05704148197576428,,0.41292142868260734
250,trim-sweep-63,run_75c5872a96eed77ec5d0218ff8f96d31,0.6654754281044006,1.0686024250159538,4.901497005988024,2.4440050536955145,0.5810753125317614,1.8677955372685549,0.8248500319081044,4.808900381056069,2.100164245104232,0.5810753125317615,1.4108165849026753,0.6300267831869442,0.42386461202163517,0.5175063052708873,0.5612595535044204,0.39789703298870244,0.6358809572382607,0.23481965769056212,-0.15760409076605728,,0.36256692498196563
251,misty-sweep-64,run_58d79ff33a4ee9bd6bcb63e4e96602d2,0.5414167046546936,1.4799106573069558,4.376374523679914,1.876816171825647,1.4360859843480027,1.7679063142902354,0.9007402680280789,4.271529667936854,0.9535565382185727,1.4360859843480014,1.2819433454660547,0.5519111616402194,0.5539611491872778,0.3377058391597229,0.5793859057344093,0.5086927854963825,0.5296440641044181,0.4171448395083174,0.04926563638187281,,0.42451418266808283
252,lively-sweep-65,run_33f7c24c9fd83102d9d6bfb7b7445dc3,0.43178045749664307,2.541174218251436,7.593413173652695,4.577321541377132,0.0,2.844908213324893,2.541174218251436,7.593413173652695,4.577321541377132,1.6010501526376075e-15,2.844908213324893,1.0,1.0,1.0,1.0,1.0,,,,,
253,radiant-sweep-66,run_36d781e09dd22102be00524466fca135,0.5841735601425171,1.406981493299298,5.281246597713664,2.346279216677195,0.7122522614086796,1.8688597879411297,1.1650670070197833,5.2577299945563425,1.9694756790903336,0.7122522614086805,1.6895434404177883,0.5416863925065308,0.5353032391290431,0.4209062031095361,0.759138119284464,0.5655281532935126,0.5310282231134928,0.40501327634753304,0.05727567813279341,,0.4128637256725109
254,absurd-sweep-67,run_e9ebd2152c4ea2c3cdb511eea675443f,0.5286535024642944,1.496911295469049,4.9087098530212305,2.7119140871762473,0.9354914117288342,1.816478081974996,1.126113592852584,4.847468698965706,2.204662034112443,0.9354914117288348,1.2202761512897613,0.5804507147296208,0.47211189162096656,0.4625037512371101,0.6381115132488865,0.47054490076848593,0.5260551090187551,0.35446027166539185,0.04995165856808656,,0.428418597124812
255,solar-sweep-68,run_4b4f00713c470e00fb2bb2050cb4e569,0.5951499938964844,1.2900574345883853,4.4956178551986925,1.8749463044851542,1.3292509401361925,1.7357018515587905,0.8785960433950222,4.400081654872074,1.1945672773215399,1.3292509401361932,1.426990030068049,0.6070913522536179,0.48704010684498716,0.41055757749896243,0.590094682159328,0.46712193956542347,0.5754602830501223,0.39821672030466904,0.05490087531009058,,0.41315966187601383
256,dashing-sweep-69,run_ed575dd8df97499029160784394d382a,0.5826420187950134,1.36724952137843,4.1894665215024505,2.285811749842072,1.1714249415591014,1.7254351954423164,0.9394767070835983,4.0738432226456185,1.6172331017056214,1.1714249415591023,1.0603695204937496,0.5862303704614682,0.42554288867382967,0.3613753471889666,0.6026851613991795,0.4283049795768916,0.5510620335408689,0.3895090335013012,0.05689035025548389,,0.4555617655270785
257,ethereal-sweep-70,run_5303e0096d5d6ebade7cb0dfb26495e0,0.43178045749664307,2.541174218251436,7.593413173652695,4.577321541377132,0.0,2.844908213324893,2.541174218251436,7.593413173652695,4.577321541377132,1.6010501526376075e-15,2.844908213324893,1.0,1.0,1.0,1.0,1.0,,,,,
258,elated-sweep-71,run_166ec90b35da4a2c4d286585c74ab95a,0.7705169320106506,0.7127760051052966,4.98298856831791,2.500859128237523,0.4768065860351661,2.0780068048741884,0.5367964262922782,4.907539466521502,2.2277953253316483,0.4768065860351677,1.7445837949042562,0.7477106665721875,0.46750072068916665,0.6670242313954602,0.561919974745708,0.42720478606324164,0.7606664033599375,0.25147121962050234,-0.3972991697381488,,0.24714972624269627
259,vague-sweep-72,run_8403a4ea33180d4737add1cf5f7c3043,0.6756860017776489,1.078825781748564,5.308247142079479,2.6179532533164873,0.772568350442118,2.081836524766577,0.8571282705807276,5.25729450190528,2.266809854706254,0.7725683504421189,1.752686342775755,0.6307291578622859,0.5375839769440935,0.5454817546212049,0.5474669919022989,0.4985930117419217,0.6233443822497933,0.26854025063297804,-0.1940650542609066,,0.28407630679344287
260,usual-sweep-73,run_1bec2484add6daac6591dbd2579f72a4,0.5252074003219604,1.5303254626675173,4.213391399020142,2.2232596336070745,1.3575312531761357,1.7207429973097004,1.0609700063816205,4.08502994011976,1.5749210360075796,1.3575312531761359,1.058280582370628,0.550341925108537,0.4275201115598724,0.3502440698528238,0.5807028396607523,0.42093613975466215,0.5042486151719167,0.3826801504548394,0.07856410829166602,,0.45771961106738845
261,clean-sweep-74,run_e535acbeba13563954ca9dfcee478bac,0.5578812956809998,1.3959540523292915,3.79735982580294,2.3235754895767524,1.1556763898770197,1.6010326000949513,0.9038544990427575,3.6665487207403396,1.56227416298168,1.1556763898770215,1.0642783668301936,0.5835669322036776,0.47844898496311905,0.37675015164575554,0.6137156668134552,0.4583356084859096,0.5627226117948054,0.47096151885510806,0.12571866344819088,,0.5141518125004492
262,sparkling-sweep-75,run_2a79304d340c52c0040357564455830e,0.5659221410751343,1.4017996171027438,4.354763200870987,1.9716108654453564,1.359711352779754,1.8068127868333594,0.8858072750478623,4.255797495917257,1.1273657612128862,1.359711352779754,1.393915176451969,0.584861314410231,0.5367194363089521,0.30651821345337293,0.615001016630903,0.5058302441604752,0.5520472366946034,0.43506487912990205,0.06486212376207615,,0.4154607266994338
263,legendary-sweep-76,run_8862d73a32e1b87d50b4db46c04927b4,0.58379065990448,1.3207913209955329,4.942378878606425,2.219444093493366,0.7455584917166378,2.016727330273777,1.0140906190172303,4.869869352204682,1.7523436512950104,0.7455584917166388,1.6749723057445791,0.525959450058987,0.46062275030434047,0.42000766210133134,0.5673256842748333,0.4389087031142308,0.5468930170689524,0.3115178353758524,-0.05079512636042094,,0.29508383262308474
264,avid-sweep-77,run_661b1b7774b1255791cdfac77a7cf520,0.5920867919921875,1.401595405232929,4.967637452367992,2.3359949463044845,1.0314107124707792,1.964159677164108,1.0999489470325463,4.921094175285794,1.8262539481996216,1.0314107124707812,1.6589373318563065,0.5537594077792773,0.5382487506504249,0.39972161031829645,0.6640854409835902,0.5182227955509193,0.5047998536141106,0.35910737205475857,-0.03159454768801728,,0.33717110267233025
265,fearless-sweep-78,run_3f1e5a466b4a26863953da7dee936f96,0.6125079989433289,1.2260625398851304,5.125176918889494,2.2926595072646867,1.0225480231730866,1.976313498971356,0.9717421825143581,5.080103429504627,1.933367024636765,1.0225480231730857,1.6379767368254476,0.559387247166535,0.49742101505548336,0.5046044440187721,0.5694722976768095,0.46249898054904026,0.5757441410176347,0.30789348498977026,-0.12641806772685107,,0.3184901097519675
266,northern-sweep-79,run_0e556845137cd6f6376511fa213cbcd4,0.6870453357696533,1.0423229100191447,5.19959172563963,2.323461781427669,0.9912846834027849,2.0315714511789835,0.8477345245692404,5.156967882416985,1.9759317751105487,0.9912846834027854,1.7046288969773695,0.6531489170713243,0.5057651410338706,0.5572382913514031,0.535876649714195,0.4813984274698495,0.6281566585178886,0.32326946844672,-0.21919761505958804,,0.30086832837224553
267,driven-sweep-80,run_05ffe4019714a13faf19c345288d4ffa,0.5657945275306702,1.3576005105296742,3.9991834512792597,1.9905748578648128,1.3460768370769387,1.7182742522551033,0.9245437141033818,3.8634730538922164,1.3776626658243825,1.3460768370769383,1.229597246399747,0.5429826980179061,0.49053331256139027,0.3548127573987166,0.5354331286107924,0.45791506874732446,0.5531101773952349,0.37558727452146745,0.08309716208029153,,0.44238001481966555
268,stellar-sweep-81,run_df53c7efc9fbc6982bb1cd12669edd70,0.762093186378479,0.7359795788130183,4.397196516058792,2.2521667719519893,0.9690923874377477,1.8121696470960593,0.5099170389278873,4.278143712574852,1.875375868603916,0.9690923874377475,1.2928548821015973,0.7766426469146213,0.3659581317051592,0.5904278006576638,0.5639177055278031,0.39111243499319326,0.7573204774698359,0.24039585774572564,-0.2589231676086294,,0.40417573684976466
269,treasured-sweep-82,run_a071eaf7884ff4cf13224324331cae9b,0.5978302359580994,1.2764007657945116,4.7224278715296695,2.0812381554011368,1.091924992377274,1.8205926570659914,1.0069176770899801,4.639629831246598,1.5564876816171824,1.091924992377273,1.5665018199082137,0.5346368603025008,0.4303281499924762,0.42086070938288156,0.619242794531645,0.4926168467903882,0.5533562798771492,0.34578648631745035,-0.0036819836052360277,,0.3856853239393494
270,distinctive-sweep-83,run_6148cc7a5e9d9635da8c7213ea9552c0,0.6418634057044983,1.1695469049138478,4.941888949373979,2.0689450410612755,0.858410407561744,1.8186936224086085,0.8667517549457563,4.89877517691889,1.5702210991787744,0.8584104075617427,1.5156076910903609,0.6218953603629032,0.5165882817993821,0.4041619576668901,0.6829647485924498,0.49824524453314567,0.6029553763344131,0.39560436841704694,0.021483286626987397,,0.3938266585270393
271,deft-sweep-84,run_2d249feb9fa330b879c3202ec693ea26,0.5917038917541504,1.2934652201659218,5.128007621121394,2.26520530638029,0.8929972558186806,1.8412644405760403,1.0632673899170393,5.085383777898748,1.9008212255211598,0.8929972558186801,1.639729387561323,0.5031840378209792,0.4747810496570557,0.41912827634645466,0.6697273668176539,0.5175252724196379,0.5553208426886072,0.34129624463037944,-0.007286773592428436,,0.39129798676073463
272,leafy-sweep-85,run_7e4066ed1a0f3bed8ed57e1d679a98d6,0.6017868518829346,1.3259859604339501,5.495073489384867,2.394061907770056,0.5859233661957516,1.9332805823706283,1.1010721123165281,5.468127381600434,2.0303853442830064,0.5859233661957508,1.752753600253205,0.5298818152587161,0.5640765827450241,0.4123062925007183,0.7437537180852637,0.5383596321163506,0.5401458460377705,0.31554402277784854,0.007329930196254081,,0.3580987968279395
273,pretty-sweep-86,run_9c73836fe78dc3c6e285e63ea35b387e,0.6437779068946838,1.1413784301212504,4.733505715841045,2.1398862918509156,1.1994003455635733,1.976740781769267,0.7967708998085509,4.639929232444202,1.6010360075805417,1.1994003455635724,1.5174829878145268,0.626964095755709,0.4372540509838476,0.4565721674169141,0.49263162658858956,0.447716760417795,0.6127613075383439,0.3271750196426333,-0.08772189000980488,,0.3286776170672352
274,polished-sweep-87,run_b2c313b7caa95652d47bb7e762f8e02c,0.5310785174369812,1.4801786853860877,4.002640174197061,2.098736576121288,1.3081410712470778,1.6756053172970404,0.9816464582003837,3.8816276537833434,1.3887176247631066,1.3081410712470767,1.0605159044152555,0.5358330954555854,0.4678553164911758,0.36298598473964816,0.5654826051944515,0.4439429095903184,0.5251586501686507,0.41488961289796367,0.09826167082217238,,0.4748503313603797
275,dainty-sweep-88,run_181be64aa437d79ccfb5b10a722b9d56,0.5979579091072083,1.3128398213146137,4.7905824714207945,2.4997978521794053,0.8748704136599247,1.7068919132774172,1.0897638800255258,4.746488840500816,2.1728237523689184,0.8748704136599263,1.3802342142744108,0.5469478483487757,0.43843577724858157,0.4283012482840085,0.6533178416280672,0.45807990389999004,0.5517905880685431,0.3571969713768557,0.029169560638245023,,0.4261523759190849
276,pleasant-sweep-89,run_7410178237b0f242c57ed28507b506f3,0.5982131361961365,1.2743075941289084,4.028796951551444,2.0182691092861647,1.316302469763187,1.682196550087039,0.9221186981493293,3.8955362003266205,1.4957043588123815,1.31630246976319,1.1570659914543444,0.5847059557639356,0.41669741032527935,0.40602081537528334,0.5360715403378098,0.4173550657142773,0.5714579534258047,0.3644109249814087,0.02509194583820648,,0.45249036986275964
277,driven-sweep-90,run_65d60bfabcd55624bc0d8f7752a7e624,0.5943841934204102,1.3093682195277598,5.436064235166032,2.4484144030322166,0.6800792763492224,1.9578691248615283,1.1356860242501587,5.410097985846489,2.1532027795325326,0.6800792763492223,1.7882378540908377,0.5325525247314714,0.5279373924577283,0.4724189892411327,0.6848199262395123,0.5352404693404373,0.5431208773799796,0.3057270940935991,-0.05124014081555053,,0.3317798168518947
278,dauntless-sweep-91,run_37fa79a9793b2b0cdfa523df91fae1f8,0.43178045749664307,2.541174218251436,7.593413173652695,4.577321541377132,0.0,2.844908213324893,2.541174218251436,7.593413173652695,4.577321541377132,1.6010501526376075e-15,2.844908213324893,1.0,1.0,1.0,1.0,1.0,,,,,
279,skilled-sweep-92,run_d6a5a6ee1a24b429f9c793d6ec0fae6b,0.5701340436935425,1.4231269942565408,5.134540010887315,2.364232469993682,0.8288393129383066,1.8424473809147015,1.1658200382897255,5.110533478497551,1.9513076437144654,0.8288393129383081,1.6107176768476017,0.5124285866858173,0.5580237382687454,0.39098809181751426,0.7206996518233992,0.5379096843151967,0.5176497785540543,0.4190699612703406,0.035452804596144416,,0.4039014481214623
280,stellar-sweep-93,run_cadecc4ec58bbec2286b2e96f04b49d5,0.6061263680458069,1.2616464582003828,4.317555797495918,2.203082754264055,1.0852830572212622,1.6895473967399905,0.890389278876835,4.21173108328797,1.652469993682879,1.0852830572212628,1.1685472384871014,0.5836800828902937,0.4370468282053748,0.350500750247422,0.5989334647561786,0.41702610989808697,0.5780020615493531,0.3773582486715062,0.04651389115567037,,0.4448304746912884
281,eternal-sweep-94,run_14b2e6801b195443f72daf8f1fa35f28,0.5636247396469116,1.416324186343331,5.225313010342951,2.3401263423878707,0.8303536944811464,1.8957271720208893,1.122259093809828,5.194937397931409,1.9325963360707512,0.8303536944811495,1.6882101598354171,0.5114321052509276,0.5148432424479439,0.405665964307378,0.6990018264904825,0.5428506470542361,0.5276010558657928,0.3901429517800711,0.030455862187539012,,0.3874011024603436
282,fresh-sweep-95,run_0553858b6ac9bbea9dcb5f8e935c0bf8,0.7333759069442749,0.8332482450542436,4.667882416984213,2.441869867340492,0.6295304400853745,1.8984451653742678,0.6556604977664315,4.594393032117583,2.186392924826277,0.6295304400853751,1.4729427124545025,0.7148466926027887,0.42177854874382215,0.5997522587236217,0.6296837120757177,0.4220909698530978,0.7184693963748614,0.23482699054077902,-0.2652826919594906,,0.32248854244542063
283,northern-sweep-96,run_dcad49d11a9ad0232db2a053e543af1d,0.6192724704742432,1.2161710274409698,4.803075666848122,2.383790271636133,0.8057881898566928,1.6556812786833357,1.0282450542437784,4.754572672836146,2.1074542008843955,0.8057881898566936,1.331943345466054,0.5669302351309358,0.48395255050667724,0.44919500047888133,0.6316321890094564,0.5094989845590812,0.5853704346299478,0.32978802493032067,-0.012323075114794385,,0.43812640404776404
284,stilted-sweep-97,run_b48f47c23b6c995497e565b777c97bcb,0.43178045749664307,2.541174218251436,7.593413173652695,4.577321541377132,0.0,2.844908213324893,2.541174218251436,7.593413173652695,4.577321541377132,1.6010501526376075e-15,2.844908213324893,1.0,1.0,1.0,1.0,1.0,,,,,
285,toasty-sweep-98,run_c26f28a4e949de6548b8c02ec1ab89e8,0.571793258190155,1.426930440331844,5.4284158954817645,2.4157801642451036,0.7560016261815224,1.9134119322677636,1.1877728142948307,5.402939575394665,2.0672267845862287,0.7560016261815229,1.7333834467479026,0.5192776354474198,0.5504958780744973,0.40872729304345046,0.7445732018387736,0.571382026595664,0.5222322721416128,0.371497690123453,0.036527968096516455,,0.3929790005141309
286,clean-sweep-99,run_641b1c4786a4417e72c3cc953b2cb876,0.6200382709503174,1.2443012125079769,4.803266194882961,2.558294377763739,0.8016617542433173,1.7486548504510202,0.9784939374601157,4.737125748502994,2.1545420088439666,0.8016617542433169,1.3318404810887798,0.5945738455696999,0.4349217836659048,0.4409754812757399,0.6718102604128522,0.45730613927200603,0.5776677053819834,0.3213709897496384,-0.0131669537896128,,0.4230108401382304
287,dry-sweep-100,run_db83cdf3f9c1e229c5bd6d3cbee762c8,0.5739629864692688,1.4127504786215697,4.980947196516058,2.2483891345546425,0.8697885964020734,1.8326673524291814,1.0993873643905547,4.942242787152965,1.6713834491471875,0.8697885964020736,1.5886176610223128,0.5333984338009401,0.5106846430313376,0.3762706318041056,0.7081606801393724,0.5253923661192815,0.527964907803762,0.4258280167476249,0.06659701066225357,,0.41052239001092866
288,autumn-sweep-101,run_0499c71789841ee2bd9c4a382c21ad7f,0.5701340436935425,1.3378685386088063,4.81216657593903,2.5843461781427663,0.8182843784937494,1.6915097325526187,1.046330567964263,4.738187261839956,2.223967150979153,0.8182843784937479,1.263087513847126,0.5517147029555287,0.4839873396695342,0.4365689748746927,0.6497523379123499,0.43955869259635727,0.5660678717639098,0.33619634404814613,0.0318268737461751,,0.44765877664683734
289,crimson-sweep-102,run_4ac7e6fb78f4061c7aba389ed0dfcc2b,0.7729419469833374,0.7198213146139119,4.769433859553621,2.502451042324699,0.6265779042585629,1.8216371261275517,0.5677345245692408,4.702313554708764,2.265672773215412,0.6265779042585633,1.3457153030542803,0.7560012227570633,0.43451759138714724,0.6297597611978418,0.635251668194742,0.40335798661819783,0.7587386184066764,0.31160533926324546,-0.31073868289869006,,0.37926017800475786
290,zesty-sweep-103,run_2f7ebc46c04962564a70787e84f2bc54,0.5546904802322388,1.4468666241225268,4.766712030484486,2.0934933670246365,1.0743266592133347,1.8799295774647884,1.006458200382897,4.70302123026674,1.4270372710044197,1.0743266592133358,1.5659479347998102,0.5577314415069663,0.47939108498654587,0.35235849056603774,0.6602045855235518,0.5032143576040473,0.5283003856401023,0.40441561382160807,0.06096832153999632,,0.3837678303488748
291,sweet-sweep-104,run_6ddfe849679412cecb5f29ef364e651b,0.5813656449317932,1.359770261646458,3.960152422427872,2.0371951989892603,1.4144018701087506,1.7260088621617342,0.9064964901084883,3.8224823081110504,1.3618825015792808,1.414401870108751,1.1635622725114727,0.5968199857702621,0.41965106972372723,0.33613143696325387,0.5508359976452946,0.4135737053803481,0.5517047083130505,0.3727411304012446,0.0652510874108031,,0.4576781427482208
292,fancy-sweep-105,run_e53e510bc17972406d053f6915f159fe,0.5174218416213989,1.7141289087428202,5.052749047359826,2.873455464308275,0.9305671308059761,2.045173286912486,1.2516656030631783,5.002286336418073,2.070713834491471,0.9305671308059774,1.6622566861845223,0.6112572542100556,0.5760804044044364,0.5193466462343964,0.7256121712185388,0.5899432179617811,0.44830498471192215,0.39187845123402354,0.045735304917017106,,0.3550582069089885
293,dulcet-sweep-106,run_1a994117ff42909488b8e6230bf82b5c,0.7411614656448364,0.8260880663688576,4.875421883505716,2.478016424510422,0.8464630551885353,1.8417827187846176,0.6808934269304395,4.826918889493739,2.2613771320277944,0.8464630551885353,1.4365761987656278,0.7241328212258293,0.43685817440764785,0.6265474252146984,0.598068241908972,0.4176366580274112,0.7183508920882101,0.26143043099600416,-0.28757951172708385,,0.36144851156412605
294,logical-sweep-107,run_53501badc3d50f4d7de3d483837e7a99,0.7717932462692261,0.715175494575622,4.696543277082199,2.5062665824384074,0.7470118914523832,1.8775162209210314,0.5518315252074034,4.6289330430049,2.269526216045482,0.7470118914523824,1.4386255736667188,0.7522311989078925,0.44255511510462986,0.6681753024933754,0.6015156215267806,0.4049659488600684,0.7578599167955946,0.2918252604273087,-0.41242590316382816,,0.34090483784622627
295,colorful-sweep-108,run_d2390348850a58a252d34ccc9cdb456c,0.5560944676399231,1.433286534779834,5.544039194338596,2.5381680353758678,0.7176999695090964,1.9605000791264438,1.1989534141671998,5.495046271094176,2.2025647504737833,0.7176999695090949,1.6958695996201931,0.48337581613725134,0.5653595171329,0.42992864668135233,0.6523279979487715,0.5178898641632401,0.5135575875779883,0.29852927105656935,0.005116465720312824,,0.3482050513623557
296,trim-sweep-109,run_700393efaf0c49739d8f5227fcab45e2,0.6015315651893616,1.2816719846841096,5.256614044637996,2.3154643082754256,0.65376054477081,1.8846890330748534,1.0758264199106555,5.2247686445291235,1.95413771320278,0.6537605447708098,1.6787387244817207,0.5133042986356521,0.5047127339148668,0.45352871691728125,0.6745735287019119,0.5150174381979525,0.5535465289311641,0.32572802986456956,-0.05257494783080152,,0.3668123286208306
297,laced-sweep-110,run_4e472a61dff57d48a552089f19ec0a7c,0.581110417842865,1.3402297383535418,4.185655960805662,2.2976753000631707,1.0387895111291796,1.7036121221712293,0.996541161455009,4.068072945019052,1.7933796588755535,1.03878951112918,1.1648085140053794,0.5534444933136333,0.39201326876864256,0.37366711362257765,0.5905795171119315,0.41525340179730785,0.5559066438432871,0.3650937026720792,0.05235359098861375,,0.4459007247867138
298,blooming-sweep-111,run_d6c57689bd21f76c3bd50a6795ad0191,0.584045946598053,1.3373324824505421,5.070876428960261,2.594478837650031,0.5738286411220652,1.8574260167748058,1.0579706445437143,5.011105062602068,2.2347946936197087,0.5738286411220654,1.4840520652001896,0.5411910097745769,0.4527269860499003,0.4498252083133799,0.5881304281706988,0.42379219382062977,0.552257951092228,0.26116233505683595,-0.015049784490051066,,0.3648078046505773
299,dandy-sweep-112,run_35d636f01883402d79e294d91e66eb99,0.5922144055366516,1.3472622846202935,5.269134458356015,2.430082122552115,0.8595843073483076,1.9901487577148282,1.0839821314613902,5.229940119760479,2.0207075173720774,0.8595843073483078,1.7567811362557362,0.5230599436774275,0.5399363021885212,0.4041956389873256,0.7190793188878584,0.5608078143840927,0.543785843103095,0.34786650722504614,0.026036806119607514,,0.3519136285293141
300,still-sweep-113,run_f86f916b4e2d8dfb3af0c460255c9b47,0.43178045749664307,2.541174218251436,7.593413173652695,4.577321541377132,0.0,2.844908213324893,2.541174218251436,7.593413173652695,4.577321541377132,1.6010501526376075e-15,2.844908213324893,1.0,1.0,1.0,1.0,1.0,,,,,
301,divine-sweep-114,run_0f7ac556f0b968062bd019d34a0e8fa0,0.571282684803009,1.4471218889597954,5.472074033750681,2.5619077700568536,0.7080800894399837,2.012375375850609,1.1571920867900445,5.441208492106695,2.143600758054326,0.7080800894399836,1.8316347523342313,0.5434512085532316,0.5707603039695743,0.43405325160425245,0.7661106278942528,0.5961155948559426,0.5174532127015301,0.35444515503529145,0.02976383680105471,,0.35895966408443714
302,distinctive-sweep-115,run_bc69a1fe03d25d88657972504b1fac21,0.564773440361023,1.4222718570516906,5.06213935764834,2.224573594440934,0.9907053562353897,1.8421823073271084,1.0919081046585823,5.02245508982036,1.6850789639924184,0.9907053562353894,1.5732789998417458,0.5157878597732742,0.4878298220803106,0.40606343581393867,0.6682640707431706,0.5088094967021759,0.5221153738270301,0.39514479093939203,0.04313654021951113,,0.3957718121279832
303,grateful-sweep-116,run_282627d764ab5301cb3e652464ca0b59,0.6215698719024658,1.2113848117421826,5.058002177463256,2.1709033480732782,0.8239302774672222,1.795462098433296,1.0184045947670708,5.035465432770823,1.8455969677826913,0.8239302774672226,1.6264717518594705,0.5615186975879715,0.5097484186693606,0.48262953740063214,0.6710952281972229,0.5045686238253643,0.5838920909169255,0.4116734652494154,0.041634062384670045,,0.39865869833027107
304,genial-sweep-117,run_1b70e8c9f3f136ac682d5bac5a8af19c,0.6553924679756165,1.0778302488832163,4.667691888949374,2.01680353758686,1.1932869194023783,1.94537110302263,0.7646968730057438,4.583913990201415,1.4605053695514838,1.1932869194023785,1.5358917550245286,0.6400413490976599,0.4292624250108186,0.44927034447530567,0.520171607753377,0.42093958819787874,0.6360378476163628,0.3349963996661734,-0.10240081534580334,,0.3297632539596849
305,lunar-sweep-118,run_5fedfeaf63db00c5978cd739cee96c43,0.5471602082252502,1.5120102105934905,5.126918889493741,2.8440303221730883,0.706255717044415,1.7197301788257633,1.2335673261008306,5.0793957539466525,2.5208591282375243,0.7062557170444156,1.3343923089096361,0.545415122538398,0.4991729754392044,0.5242460811544233,0.7554882726545549,0.47730875568873493,0.5090034219686509,0.3436819691091776,0.08171692068198427,,0.46175529992626957
306,serene-sweep-119,run_03b8eaf34a8a238fe086df41fe60660d,0.6445437073707581,1.089342693044033,4.6446107784431145,1.9958307012002523,1.3134769793678218,2.0489159677164106,0.7363880025526485,4.565242242787155,1.4599620972836385,1.3134769793678223,1.5622408608957106,0.6560364641066017,0.40828486032693134,0.4500882737924209,0.5252796879995878,0.3798956050381259,0.6474446467641439,0.2883504472912659,-0.18738885858471988,,0.27287535843922195
307,lively-sweep-120,run_72fdb6c55ae8d7998903b1281945cc74,0.6271857023239136,1.2399234205488192,5.356831790963527,2.3841945672773206,0.6729901412745198,1.9060966925146383,1.043956604977665,5.321556886227546,2.045078963992419,0.672990141274521,1.7252848551986069,0.5791765103272406,0.5356968202366971,0.42801216358586347,0.7486866863017663,0.5449456098152534,0.5775183114638984,0.3515639756284358,0.02545537384171026,,0.3775202646366812
308,chocolate-sweep-121,run_0d2385939927118213c4c8782cf2ffeb,0.529802143573761,1.5156987874920227,4.3496461622210125,1.857005685407454,1.5563421079377984,1.8363625573666718,0.8828972559029985,4.243821448013066,0.8752621604548334,1.556342107937799,1.364998417471118,0.56931351376432,0.523540112840199,0.30123184241611595,0.5506154679703325,0.4751723630215926,0.5305378562084155,0.42806696125079285,0.03989219633321134,,0.39566517923806127
309,azure-sweep-122,run_1dd4a5e7de175a764bd75606d5406669,0.5610721111297607,1.4553541799617102,5.515160587915079,2.42520530638029,0.6608344343937392,1.940010286437727,1.311767708998086,5.506341861731084,2.2175236891977264,0.660834434393739,1.8366790631429022,0.5694458745680515,0.5926874975710797,0.48780416946014105,0.7540648916994794,0.6102211709709688,0.5178556321559202,0.41011689606992946,0.06739723888322013,,0.3962089837807593
310,eager-sweep-123,run_fcdbd0413de8c3b936eba7dc7dddc8b8,0.7611997723579407,0.7402935545628588,4.559608056614046,2.482564750473783,0.7235948775282041,1.8696550087039085,0.564084237396299,4.4915078933043,2.2395830701200237,0.7235948775282041,1.4212217122962496,0.7498667387903997,0.39166208179555645,0.6561753344187977,0.5898019722715999,0.3986256892692099,0.7538009235428491,0.23898637705522907,-0.3666896337991906,,0.33937105566786585
311,earthy-sweep-124,run_aa5299189f752fd87ccedb57d52af49f,0.5734524726867676,1.3867389917038926,5.056750136091454,2.208553379658875,1.0085984348002843,1.8621340401962332,1.038455647734525,5.014126292868808,1.6627289955780153,1.0085984348002843,1.5996399746795376,0.5287592752851298,0.5137158436201261,0.37513743894263,0.6654020807704077,0.5045820734435487,0.5366361985030597,0.38449251406323975,0.02661367189950259,,0.3871323189130459
312,rosy-sweep-125,run_88fd6c5a52155f04ce24360a449629c9,0.7708998322486877,0.72639438417358,5.128933043004898,2.485445356917245,0.4962547006809635,1.9891201139420789,0.5559285258455648,5.071121393576483,2.189020846493999,0.49625470068096245,1.6341193226776385,0.7429619770279404,0.48222820424054985,0.6445035596845768,0.5626395388386075,0.449519857880087,0.753494991444136,0.2830965590332371,-0.3626352440767684,,0.3125708760159843
313,faithful-sweep-126,run_5980ca5557545d555eace5f2333ef298,0.6098276972770691,1.2425015954052328,5.053701687534022,2.270814908401768,0.7872548023173087,1.8551590441525554,1.03665603063178,4.990990745781163,1.88739102969046,0.7872548023173087,1.6393812312074698,0.5247756008261116,0.4793856432955314,0.4424193084953548,0.6533768036649085,0.5018738777348951,0.5631965729264443,0.32874464386373514,-0.04538883836397892,,0.3542558700255915
314,comfy-sweep-127,run_088b864695afbab129429626806c3529,0.5777919888496399,1.3770006381620932,5.3603973870440935,2.3746809854706252,0.6876257749771317,1.8548188004431079,1.204007657945118,5.340310288513881,2.065811749842072,0.6876257749771304,1.7113229941446424,0.5325223050976728,0.5298747560312741,0.4335406889506114,0.7499087468810628,0.5588505781789037,0.5364890310179529,0.40573764718471167,0.05143468700449133,,0.40811731515936317
315,fancy-sweep-128,run_25ac29bd0e219224394f9f8c11b15e23,0.48627951741218567,1.7042884492661134,4.890419161676647,2.8115350600126336,0.799176745604228,1.9760602943503713,1.2638800255264835,4.844855743059336,2.0784586228679713,0.7991767456042269,1.5702128501345145,0.593860233739385,0.4948782114166061,0.4829061711841139,0.7380628963461242,0.5475417954781845,0.46445540230243587,0.3849470426562883,0.07283045691386547,,0.37754077628220556
316,gallant-sweep-129,run_6b30381d2ad96b58b455b9fd9e505dbc,0.5774090886116028,1.3015188257817483,4.140119760479043,2.0545293746051794,1.2000406545380629,1.6587949042570025,0.9155583918315258,4.057811649428417,1.5484649399873651,1.2000406545380617,1.123979268871658,0.5641785789767123,0.4315124115847793,0.4037003160616799,0.5561910248669666,0.41941064417543733,0.5797199642858336,0.419224382003766,0.08877188892797894,,0.4624199859160826
317,olive-sweep-130,run_298f3fce0fcd0541fbb7fa08d8e2e007,0.5480536222457886,1.2829865985960434,5.100762112139358,2.2663044851547687,1.1162262425043195,1.7880835575249245,1.0514103382259097,5.0801850843767005,2.008389134554643,1.1162262425043201,1.589254628896978,0.5692355313324091,0.5665406234037622,0.48683188072662265,0.5595264283746856,0.4938697132130775,0.5861864396129741,0.3669122838312334,-0.06964367841883137,,0.3969442916807044
318,skilled-sweep-131,run_ef62674ab50befe50a790506a3f6c008,0.6162093281745911,1.2550989151244416,5.324823081110508,2.3924826279216673,0.6808720398414473,1.9720485836366508,0.9690746649649007,5.281709308655416,1.9479595704358799,0.6808720398414464,1.7022907105554679,0.5956494044078033,0.5259955650799555,0.41532069086613665,0.6090857935881345,0.5100181186874543,0.5799036969363986,0.3200726629784689,-0.024674490395471815,,0.336318833386457
319,snowy-sweep-132,run_06f42425619db8d6553a5c513dc4ca7d,0.5931078791618347,1.320650925335035,5.13886771910724,2.407605811749842,0.8086238438865737,1.8953394524450067,1.0635737077217615,5.0986935220468155,1.9374984207201509,0.8086238438865739,1.6578414306061091,0.5110744637241181,0.505714751682774,0.40803802317785653,0.7018247720767101,0.5206370742974763,0.5482826802433005,0.34572121844473164,-0.005645201696013569,,0.3762242675845338
320,jolly-sweep-133,run_c43c641242be5ea156bb7c4e5b20a9c7,0.5670708417892456,1.3953158902361198,4.41031573217202,2.2306001263423876,1.1534251448317918,1.9147096059503081,0.9250414805360556,4.268726183995646,1.3896272899557813,1.1534251448317916,1.4585852191802482,0.5264845914596951,0.4437975838345958,0.34280656386680713,0.6527564188022659,0.4691633480430206,0.5391146759223744,0.3608185862450597,0.049401805602828835,,0.37194703296895537
321,fast-sweep-134,run_85da24bf173ff64b990981fef29b9657,0.5906828045845032,1.3396043395022332,5.349836690255852,2.4904864181933033,0.7300132127248703,1.8825447064408924,1.1215826419910655,5.307702776265651,2.074946304485153,0.730013212724871,1.6514559265706599,0.5006571101213303,0.5427847296960171,0.41774478817482363,0.7014462947143647,0.5016239090770293,0.5367442537362072,0.3023121138711632,-0.004466273464298176,,0.3669700345946493
322,icy-sweep-135,run_6bca03331c1ddbc056bef4f0beeb4306,0.5626037120819092,1.4122144224633055,4.787071311921612,2.559747315224257,0.7938713283870311,1.5727053331223293,1.128487555839184,4.73905824714208,2.195249526216045,0.7938713283870306,1.1820976420319662,0.532111354298078,0.45985389446332386,0.44872872968745015,0.7068710585052606,0.44477383017757294,0.5386069999517024,0.3885933942181969,0.10094053494540267,,0.4881179166429973
323,resilient-sweep-136,run_66ef2e0ed7b0970e99c618dfbc6dbfa2,0.5831525325775146,1.4096873005743455,5.070930865541644,2.371522425773847,0.8953399735745503,1.8921110935274565,1.0616336949585183,5.039575394665215,1.796740366392924,0.8953399735745499,1.6200031650577613,0.545264050003499,0.5482089259140231,0.38562909044472116,0.7004496130353156,0.5282126625632269,0.5238320104773162,0.40101435367079624,0.03152692603017859,,0.37926389123463855
324,vocal-sweep-137,run_027a3ada69519779a76b808b6c8f5143,0.634843647480011,1.185781748564135,5.211567773543822,2.3680101073910294,0.6324219941050919,1.846585693938914,0.939272495213785,5.165024496461622,1.9944914718888191,0.6324219941050934,1.6263926254154129,0.5819853432179046,0.5150563322943924,0.3911860294352393,0.7182838346899919,0.5066417118712979,0.5993923828201017,0.33660462957411164,0.03600026883918428,,0.3862778793555668
325,clean-sweep-138,run_caf3a8f7709d8c9bfd36df7191713514,0.5483088493347168,1.5049138481174216,4.914452912357104,2.4890840176879334,0.8610783616221158,1.725747744896344,1.2469176770899795,4.865459989112685,2.1439292482627925,0.8610783616221152,1.3291580946352273,0.5103521256005772,0.4467667476293234,0.4228135874596941,0.6409721228117974,0.42783014215316373,0.48461732899753546,0.3385527195315463,0.05041120383338868,,0.42635530338024796
326,jolly-sweep-139,run_9d1d8003c8ff2944c0f1e7b2a91930be,0.6113592982292175,1.2887938736439055,5.0113228089276,2.6508654453569163,0.659741843683301,1.7873912011394204,1.0742182514358647,4.960860097985847,2.326380290587491,0.6597418436832997,1.4242720367146693,0.5521228649672859,0.45882514517814926,0.4686366248443636,0.7007947413931831,0.44373412319795813,0.559628411381881,0.3036904726838422,-0.0020360516430785736,,0.39675715025695313
327,rosy-sweep-140,run_e7c2f2a948f6b162cab155e8dd7e171f,0.5282706022262573,1.521186981493299,4.139412084921067,2.240770688566013,1.255468035369448,1.6992799493590756,1.0332227185705163,4.019869352204682,1.5872015161086532,1.2554680353694485,1.043685709764204,0.5603484338656168,0.48786494638865224,0.38139482169651695,0.6151881836830178,0.4352158510049044,0.5102712356549033,0.3988115621240442,0.08091235394159838,,0.46307293538969346
328,polished-sweep-141,run_618cb8a55f614d8d1598bf96e72fd732,0.5656668543815613,1.3930950861518823,5.10669569951007,2.303853442830069,0.7103414981197276,1.9472938756132294,1.1086790044671355,5.05182362547632,1.8730638029058737,0.7103414981197286,1.644564013293242,0.49443016722252014,0.48139564118578293,0.40800721514542027,0.5799713270369569,0.4828101802353377,0.520813923053193,0.3155971231925014,-0.019137292774688952,,0.3399257163606128
329,still-sweep-142,run_7bba2d262c755a217b23a458723a2e06,0.536183774471283,1.4511933631142309,4.288405008165487,1.787681617182564,1.4267913405833925,1.7629490425700265,0.8511167836630508,4.206096897114862,0.8520909665192673,1.4267913405833927,1.3093171387877829,0.5810375203010749,0.5187962043292749,0.372836414136577,0.5776813452802677,0.5032944512412127,0.5512144457284238,0.44522460486085474,0.05757458212908376,,0.43157812382119964
330,grateful-sweep-143,run_07016aeab316d1dc05d54b4bb2f58ff4,0.5619655251502991,1.4378685386088064,5.181654872074035,2.3351610865445354,0.8198343327573939,1.8325724006963124,1.1725207402680282,5.142950462710943,1.9270120025268471,0.8198343327573948,1.6219219813261587,0.48624018611286146,0.49431998718298525,0.3834829039364046,0.6933569855183379,0.5267251116250808,0.5073630356013403,0.36654429207356176,0.03824790105266296,,0.3998505039637965
331,olive-sweep-144,run_f4e2014d84f630097f0a6de86d107beb,0.6645820140838623,1.0606381620931715,5.089031028851387,2.3376626658243835,0.6229647321882305,2.031919607532837,0.7833439693682183,5.01799129014698,1.9407454200884398,0.6229647321882303,1.6264282323152397,0.6240422441541341,0.46982957007921405,0.530884813076653,0.548019463048595,0.40401706538971044,0.635294072339831,0.2360618195979078,-0.19365673248393273,,0.28320676485176555
332,robust-sweep-145,run_e8b1fea66e64b1cd052f193f7a252ff6,0.6048500537872314,1.247517549457562,3.9908546543277086,2.2366645609602016,1.063466815733306,1.6777100807089724,0.823190810465858,3.8860097985846487,1.6036260265319018,1.0634668157333058,1.0562984649469858,0.5949934319295697,0.43712813561205577,0.359864795836925,0.6016315466261383,0.42767344449950645,0.5971591086171996,0.4260888154958476,0.0606487779425095,,0.47506460077132673
333,floral-sweep-146,run_4957d38d5f5a6af220382ab4dbfec87d,0.6103382110595703,1.2443012125079769,4.402694610778443,2.3107012002526846,1.0256682589694075,1.6372764677955367,0.9500063816209319,4.32185628742515,1.8712950094756797,1.0256682589694086,1.1987418895394841,0.5938494464660894,0.4140751324699177,0.3861981610956805,0.6335050601200305,0.4603551997454252,0.5839718767433311,0.37023931726819836,0.05008035330688246,,0.4596982972070724
334,leafy-sweep-147,run_9d6b2e1fd65c04d75a42ebe2e1017811,0.5922144055366516,1.2772048500319078,5.05443658138269,2.2182564750473777,0.9361215570688078,1.888134989713562,1.0408040842373962,5.006913445835603,1.7876689829437764,0.9361215570688085,1.6712177559740475,0.507262045287098,0.4712043272529147,0.42256696357309326,0.649071326781581,0.5197162913568601,0.5609994202510882,0.3476070135786463,-0.011073052194028155,,0.36781553237874076
335,frosty-sweep-148,run_8f3d0cc2863d9aff75008bc3af0acd03,0.568602442741394,1.3799106573069557,4.209281437125749,2.176854074542008,1.2091421892468746,1.8511829403386608,0.8990682833439697,4.059363091997823,1.2846620341124455,1.2091421892468732,1.3731959170754875,0.5540868734186315,0.467100833488117,0.32015898860262426,0.6297936064261495,0.47217923501147246,0.5509265842752358,0.40329598913591524,0.04780200528246353,,0.39984441069459314
336,crisp-sweep-149,run_4c38848d82f963945a251db368e09a3c,0.6016592383384705,1.2804339502233564,4.100408274360371,2.202526847757422,1.1398617745705866,1.6387323943661969,0.8880408423739629,3.989194338595537,1.6413013265950724,1.1398617745705857,1.0628976103813892,0.5942193827813553,0.4454193283183032,0.3605926954633975,0.6015598071876989,0.4189297760164968,0.5768185496625746,0.40464000155011365,0.035906418645175436,,0.4810930137021698
337,deep-sweep-150,run_04c9033678146a3cf072bb95db576ac8,0.5719208717346191,1.4061135928525843,4.417773543821449,1.9916108654453564,1.2546549446081918,1.7858363665136887,0.9062029355456281,4.307049537289059,1.132697409981048,1.2546549446081918,1.3868254470644081,0.5884132394639938,0.5308572365361192,0.29998738945822556,0.6437502596680064,0.5046416159940698,0.5446561905604834,0.4240035123721638,0.06015148589165539,,0.4207427125798973
338,dainty-sweep-151,run_5f87a45dc97d37670e9b3113b51b7001,0.5559667944908142,1.392992980216975,4.293222645617855,1.8563360707517367,1.4479926821831484,1.6779355910745368,0.8889470325462676,4.212874251497006,1.0196841440303228,1.4479926821831486,1.2888233897768635,0.577100457487661,0.507509822492393,0.34679819940618717,0.5569168314060042,0.4669656684152954,0.5589805660769219,0.46553970517517174,0.07005963974904841,,0.44963950150409365
339,dazzling-sweep-152,run_993a3bcf7ff6036cc01298544277653a,0.5511167645454407,1.4274537332482449,4.640555253130103,2.0055716993051163,1.252937290375038,1.8049335337869914,0.95832801531589,4.565106151333697,1.2283133291219201,1.2529372903750369,1.4584071846811204,0.5328581733471935,0.5073003269928055,0.326413657695623,0.6152882163762319,0.4802518782678886,0.5344487907640434,0.426483818150076,0.04667422182739764,,0.40406541995758405
340,quiet-sweep-153,run_e0cd73c69f7f1dc2357dbcbe9a456f2d,0.600127637386322,1.3219272495213783,4.562928688078389,2.124977890082122,1.2016668360605751,1.7939112201297671,0.842693044033183,4.46984213391399,1.2964245104232455,1.2016668360605758,1.4384831460674155,0.6168677297442643,0.49325156511424845,0.32642978003384093,0.6421284716436167,0.47841308065491783,0.5700748647738814,0.42309087430334225,0.0458141843935104,,0.4193597316766012
341,warm-sweep-154,run_0efd35a8c26d971c4b65d9f556c524b0,0.5871091485023499,1.3366943203573705,5.057267283614589,2.2435754895767523,0.5150574245350137,1.9536872922930841,0.9675047862156996,5.00141535111595,1.6674415666456095,0.5150574245350139,1.6686896660864057,0.5460092092228562,0.5029578899151317,0.35282077067969225,0.6984074563656681,0.4987731944702578,0.5528930573932392,0.35211866038912776,0.04792059080236641,,0.33643539157958813
342,still-sweep-155,run_bb922f68652105d41d940cfe564f2ef3,0.606509268283844,1.3021697511167836,4.664616222101253,2.613392293114339,0.847296473218823,1.7608086722582685,0.985590299936184,4.577408818726185,2.1413897662665824,0.8472964732188218,1.2385266656116474,0.5862484018422833,0.42707570207570206,0.4514861284040481,0.6903040601302677,0.4399041404660293,0.5648069316819803,0.32159057628072696,0.012576800432019863,,0.43595026707796786
343,efficient-sweep-156,run_01eecce990ccedd2fbcb295a82027429,0.7383535504341125,0.8127760051052966,4.8747958628198145,2.4867214150347436,0.7240319138123792,1.7344833043203036,0.649432035737076,4.8307022318998385,2.246683512318382,0.7240319138123804,1.3698686501028638,0.7143672306706049,0.49072765144764446,0.5845662931392268,0.5867509425837878,0.4847668937052473,0.7311846848051882,0.31041730082582264,-0.2471418927610461,,0.4002747939675798
344,solar-sweep-157,run_a63991cc92105fd1b21b1f13b5a38a0b,0.5518825650215149,1.4686534779834075,4.743848666303755,2.1451674036639288,1.179586340075211,1.8964630479506246,0.9958519463943836,4.665949918345128,1.330524320909666,1.1795863400752091,1.5799889222978318,0.5456839191083145,0.4685580437807775,0.32851339271461866,0.6545377737042047,0.48916490715191996,0.5155538461482128,0.40050132996004384,0.050194713420825626,,0.3715123350427192
345,amber-sweep-158,run_11c661f571cc20c9df581e481087f246,0.5710274577140808,1.4392852584556475,5.348584648884049,2.477687934301958,0.7818121760341498,1.926938597879411,1.1534907466496487,5.317719107240066,2.1310423246999366,0.7818121760341498,1.726685393258426,0.5400162763092083,0.5330917131533169,0.4210715767966031,0.734368901727676,0.5557366992681396,0.5211137210915261,0.3724416855943721,0.05433178509689646,,0.3844035660600756
346,genial-sweep-159,run_f09389514e619a168b5c99cd1092a977,0.5232928991317749,1.5092916400765792,3.8707675557974954,1.932368919772583,1.5739658501880271,1.715350530147175,0.9751499680918945,3.7335873707131193,1.1767150979153507,1.5739658501880263,1.159036239911379,0.5336561464277851,0.476330504574013,0.36999760559333394,0.5166950003022336,0.43761134385166073,0.5141066747885681,0.4063720554975778,0.0731935229489104,,0.457009656844179
347,avid-sweep-160,run_50741a084e89117bce97e6a3562dad3c,0.6185067296028137,1.2904530950861517,5.457784431137725,2.501591914087176,0.7055086899075108,1.9807920557050163,1.0754179961710277,5.4151605879150795,2.1151989892608967,0.705508689907511,1.7985559423959483,0.5545287790542431,0.5464191924099849,0.43138109376496503,0.725076673227399,0.540969019808798,0.5516923368143973,0.3053696217134185,-0.033073399756252536,,0.3374599233249734
348,vocal-sweep-161,run_f9ce88ca5b6b8e5cc2684faec96cd8e5,0.5761327147483826,1.3319719208679002,4.9554164398475775,2.2493619709412505,0.8303740217501778,1.7636611805665452,1.1640331844288445,4.938268916712031,1.9064308275426416,0.8303740217501788,1.578362873872448,0.5433764250602051,0.5251531973768916,0.395305047409252,0.6718030904179986,0.498346957726088,0.5399407153820606,0.42354247233738707,0.0438800439799589,,0.41766896915688995
349,peach-sweep-162,run_751bc90652875a4cdea3da193497efe2,0.5813656449317932,1.3816847479259733,4.848856831790965,2.4755527479469355,0.9218568960260188,1.847052539958854,1.032252712188896,4.771937942297225,2.0377637397346806,0.9218568960260177,1.3273342300997,0.5505379811363316,0.4418170196036755,0.41884222456341985,0.5612700049251607,0.38583405364051093,0.5300471681132115,0.29748628005933375,-0.013909340036842632,,0.38210344677529895
350,distinctive-sweep-163,run_82c426594a83ac6906135d2765e3b20a,0.5693682432174683,1.4401148691767707,4.946924333151877,2.656917245735944,0.803176135786157,2.005313340718468,1.0750606253988508,4.84795862819815,2.0004169298799748,0.8031761357861561,1.6839966766893484,0.530545310008733,0.49546289546206745,0.45006784152220414,0.7150405664156054,0.529265528195884,0.5205294078131175,0.3189915689703503,-0.0046796384217935305,,0.34906280352839947
351,graceful-sweep-164,run_c1629bf897f160e89f601ee689b5cd52,0.6299936175346375,1.1957243139757496,4.6663581927054985,2.0672646873025893,1.0651997154182336,1.7648045576831777,0.8573197192086784,4.594828524768645,1.486481364497789,1.0651997154182333,1.441209052065199,0.6286419225312758,0.5051548711834208,0.38487549085336653,0.6517319854833881,0.48058872921502516,0.5997800908803701,0.40378188361504874,0.06240971828094674,,0.4162630054143722
352,young-sweep-165,run_c15e093fe9b21dfc9fef1431e7a86d45,0.615571141242981,1.2718059987236756,4.959335873707132,2.6918382817435242,0.6332960666734423,1.7717360341826236,0.9867007019783031,4.877027762656505,2.2884144030322155,0.6332960666734417,1.3494382022471911,0.5626018671155432,0.4588596671850655,0.47992321935957605,0.7021567011635838,0.4217956832104163,0.5734970981023683,0.29242343126422893,0.005012690902498562,,0.4124021980812005
353,misty-sweep-166,run_8c2fd57dfbfc8a4dcb8153b6fcec07ff,0.5606892108917236,1.429227823867262,5.221393576483398,2.348439671509791,0.8121861977843277,1.8959566387086564,1.1103509891512446,5.172890582471421,1.848186986734049,0.8121861977843272,1.6615920240544384,0.530990667490045,0.5148385119932747,0.392286817993168,0.7154020870647191,0.545807975024241,0.5276726498696243,0.3674434926022962,0.047732725787981906,,0.39370188033862324
354,comic-sweep-167,run_85fba7cddb0327511a9c0c48806fd007,0.5101467967033386,1.506930440331844,4.4480675013609146,1.9656727732154131,1.348256936680557,1.802797119797436,1.0001276324186343,4.357430593358737,1.1531017056222346,1.3482569366805568,1.3515864852033548,0.47535019304111603,0.43297707772710253,0.3268480030648405,0.5954588489013398,0.44427312571985866,0.5135029079895378,0.42206956173550103,0.0439737148660882,,0.4133363330000236
355,golden-sweep-168,run_118e9c5fcc3c5eb34c80752977501126,0.764773428440094,0.7440076579451179,4.771937942297224,2.326797220467466,0.8989429820103668,2.0323508466529514,0.5321888959795777,4.694039194338597,1.953177511054957,0.8989429820103674,1.6124030701060288,0.7722783198537638,0.43941746032959234,0.6393144015579606,0.5633105550692239,0.3955451884529554,0.7475171789069883,0.2918560368781506,-0.37448437244320665,,0.277451756443975
356,dazzling-sweep-169,run_9f484b0f5f87772d126370340d5ace25,0.4594767093658447,1.9914996809189531,6.0429776810016325,3.0783449147188873,0.8436782193312328,2.396751859471435,1.6726228462029349,6.012602068590092,2.52547062539482,0.8436782193312329,2.177840639341667,0.6654638176735539,0.6779394541332325,0.5485228107141717,0.7674331099106836,0.6703270268115454,0.3306116196705342,0.24154551623188247,0.03758258605897255,,0.19347761071972325
357,deep-sweep-170,run_7e9f0bccb393d9d615db8b80d38efed8,0.5594128966331482,1.4514486279514995,4.481627653783343,1.9498168035375865,1.2493393637564791,1.7903426175027692,0.9515379706445429,4.398339684267829,1.041124447252053,1.2493393637564778,1.4119836999525242,0.5557328762748717,0.6001851084842176,0.34314704849471633,0.6152016080819291,0.5085495902862611,0.5263769350549663,0.44437552416079,0.04779818014857454,,0.4131542944199165
358,fallen-sweep-171,run_988e77391a4ac378e49a0de3783f12dc,0.5877472758293152,1.3893554562858965,5.226102340773,2.437043588123815,0.7635684520784632,1.895030859313182,1.186266751754947,5.204055525313009,2.122691092861655,0.7635684520784631,1.6858047159360663,0.5607672917807436,0.5344830302040996,0.4088765443922996,0.7302633042555853,0.5397996169441762,0.5133690598545606,0.3955689402769706,0.023977685197031,,0.3810561200888718
359,chocolate-sweep-172,run_6a64e61c7ef9c1cb947b6eba8b05eff4,0.43178045749664307,2.541174218251436,7.593413173652695,4.577321541377132,0.0,2.844908213324893,2.541174218251436,7.593413173652695,4.577321541377132,1.6010501526376075e-15,2.844908213324893,1.0,1.0,1.0,1.0,1.0,,,,,
360,legendary-sweep-173,run_fba5f9eeed3ce24d912076c36c800a98,0.6746649742126465,1.068462029355456,5.226810016330973,2.327909033480732,1.0152911881288749,2.0574972305744574,0.8619272495213788,5.153320631464345,2.017220467466834,1.0152911881288753,1.7034222187054906,0.6410142249215629,0.5020452422544794,0.5687641669061073,0.5403462844840843,0.4566532647921534,0.6206784044155309,0.22968190454638576,-0.2146472249151381,,0.2752513739313237
361,proud-sweep-174,run_617a2675d795441aad41a7ecd81a1094,0.5948947072029114,1.3144479897894064,4.9683723462166585,2.085988629185091,0.8920063014533997,1.749137521759772,1.0208423739629873,4.938976592270005,1.6621351863550229,0.8920063014533992,1.5307247982275678,0.558750048671324,0.5149603128602814,0.45361443667592505,0.6831234347868008,0.5048127356094991,0.5577083117056925,0.4496209628040981,0.05245492146080491,,0.42929875797740635
362,atomic-sweep-175,run_6331107eefb56766fe6ce32d3f1e5cf7,0.5609444975852966,1.4248883216336945,5.219814915623299,2.2621604548325953,0.8238438865738388,1.8591747111884787,1.1616081684747925,5.1923788786064256,1.8613897662665813,0.8238438865738384,1.667182307327108,0.5119794017318093,0.5124706772975826,0.4312977684129873,0.6964685784143037,0.5195949211458094,0.5156752933785462,0.37349693827270536,0.034184188038908214,,0.3827663936488658
363,light-sweep-176,run_a08f66d6d3295c5750247d88d49e8c55,0.6186343431472778,1.1206892150606251,4.75808383233533,2.262324699936828,0.9360961479825185,1.9542767843013131,0.8227185705169109,4.680675013609146,1.821743524952621,0.9360961479825193,1.585246874505459,0.5817842347976487,0.44533390135185247,0.4340901254669093,0.5348399390592681,0.4259854562025529,0.6419818285974112,0.320352031000931,-0.10384483051936391,,0.3237863650478575
364,atomic-sweep-177,run_ca84b588a1508f4a2e95a7332d6c3699,0.5719208717346191,1.3779323548181237,4.191099618943931,2.120492735312697,1.3298251854863297,1.81056338028169,0.932469687300574,4.062248230811105,1.4871257106759317,1.3298251854863303,1.1656037347681587,0.5742468028514698,0.40122270904757745,0.3653473485936851,0.5073186201165218,0.4039950038637832,0.5471776363765966,0.340444580273561,-0.0049390726631911575,,0.41662459825875897
365,radiant-sweep-178,run_d1a4832fd93ec0d4e65e3fac3ef57c6a,0.5671984553337097,1.333261008296107,5.102504082743604,2.114845230574857,0.9726547413355014,1.8489278366830195,1.0297766432673907,5.069188894937398,1.7101073910296885,0.9726547413355014,1.6367819275201765,0.5210844131604475,0.5337151249529533,0.47258404367397755,0.6432148190818234,0.5221209458804975,0.5577286790327731,0.37387241973013013,0.036558061782169,,0.38737692191075135
366,leafy-sweep-179,run_87d060488ea018275746b7d20d354941,0.6019144654273987,1.3120102105934905,5.332444202504083,2.4881238155401126,0.7252667954060371,1.9017882576357015,1.0843395022335673,5.2849210669569935,2.0608338597599487,0.7252667954060379,1.6776784301313505,0.51981239805262,0.5512674547610211,0.42011126009641475,0.733028155631112,0.5175187365270785,0.5465836940107724,0.3186485685934514,-0.011193370627158333,,0.3717037948190021
367,polished-sweep-180,run_8926cbd4b765e684f927bbb7a9051d3b,0.5074664950370789,1.5030759412890873,4.101850843767012,1.8448894504106121,1.4687722329505029,1.7746043677797116,0.9078238672622837,3.982308111050627,0.9122931143398606,1.4687722329505037,1.2389341667985436,0.4957132267366505,0.4444664725512107,0.305123391756856,0.5862447102867134,0.43877945009104613,0.5324308231620811,0.445182639178451,0.07529054421790005,,0.43227872473420814
368,visionary-sweep-181,run_97d1f95adc1025d12c9c16b0be1e2053,0.5945118069648743,1.3522527121888959,5.610669569951008,2.588363866077068,0.6748297591218619,1.948278999841747,1.2254371410338225,5.588622754491017,2.353670246367655,0.6748297591218617,1.8127591391042874,0.5300349414678571,0.570448464744535,0.48019825687194717,0.7307386951040906,0.5585137471368784,0.5208079059506663,0.3288616030986371,-0.052616380953747904,,0.35201569068027755
369,floral-sweep-182,run_ea7d7c56e1527a1462f8b0998d8e97aa,0.7088704705238342,0.9256158264199105,4.72934131736527,2.4184333543903973,0.9210946234373412,1.8670003165057758,0.68668793873644,4.623516603157322,2.0641945672773208,0.9210946234373408,1.366224877354012,0.694955621221813,0.40923115699864443,0.5421429939660951,0.518748359761115,0.38658476901352196,0.6814214723765535,0.23354590341496817,-0.21627513430366552,,0.35485876832336943
370,solar-sweep-183,run_92297382b9f3aef036b1ccf9f4c32b44,0.5670708417892456,1.4505679642629223,5.015541643984758,2.23943145925458,0.9989226547413355,1.859503085931318,1.093784301212507,4.9773271638541114,1.690688566013898,0.9989226547413362,1.594516537426808,0.5288035273921189,0.560307459030259,0.355815056029116,0.6903529291543417,0.5331016318971037,0.508661703940506,0.41894134231726965,0.028005977283545036,,0.39309748993984406
371,woven-sweep-184,run_1ecdeebcf87625615484c8828caf43f1,0.5636247396469116,1.3946904913848115,4.292324442025041,2.0560833859759944,1.392570383169021,1.801938597879411,1.0045947670708357,4.1855198693522055,1.4751737207833224,1.392570383169022,1.2215065674948566,0.5495785721738713,0.41943718750842923,0.3733579159084379,0.49925378129357356,0.39201885950729964,0.532134587881401,0.35434093929505794,0.02974487211165147,,0.40376197708035694
372,solar-sweep-185,run_5fe06a4e7bfb70dcf99b2c8ddaf89da2,0.6297383308410645,1.182539885130823,4.760860097985847,2.299936828806064,0.9265372497204999,1.784764203196708,0.9688832163369492,4.698639085465433,1.9927353126974081,0.9265372497205001,1.380483462573191,0.6015411017972,0.43901440415864296,0.474282795389969,0.5903790400521838,0.43942953610444063,0.5926392613701663,0.26483462826797577,-0.06482345993869157,,0.3841091564881514
373,royal-sweep-186,run_06cbbb83d2c18ec92644790de660744b,0.6887045502662659,0.9800893426930438,4.286309199782254,2.2232090966519262,1.169935969102551,1.9300007912644404,0.6816592214422464,4.183424060968972,1.8049273531269736,1.1699359691025493,1.4070462098433296,0.7007212335411145,0.38507219802097753,0.529629665102321,0.5020850229541884,0.36919964762887597,0.6739768747063655,0.2936263690348131,-0.21242089891934923,,0.3435111145773895
374,trim-sweep-187,run_1e4d836ee2ed14ffc8b2c5df21b136e1,0.6022973656654358,1.2445309508615185,4.289711486118673,2.2012381554011364,0.9168716332960666,1.7216964709605946,0.9442629227823871,4.213772455089821,1.757624763108023,0.916871633296066,1.2354486469378057,0.571699421814368,0.4582497415790729,0.4098620821760368,0.5698392737157545,0.43980643897825566,0.5857263712021341,0.38488661345377967,0.04465578496100006,,0.41982741721978967
375,daily-sweep-188,run_3e923b471f1195897931cb5a02f817b9,0.6231014728546143,1.214881940012763,4.837697332607512,2.4874668351231835,0.8375800386218112,1.778786200348156,0.9922654754307596,4.781355470876429,2.1631459254579917,0.8375800386218106,1.4280582370628259,0.5777242719946613,0.44421210648005766,0.45204402515723274,0.6297668543905156,0.4596781126775719,0.5852007354012174,0.3089169240499444,-0.025693050273512652,,0.3927177611841065
376,earnest-sweep-189,run_c3b5bebc6ea4cafbccec85f18545d8a7,0.4944479763507843,1.6124186343331204,3.4680729450190526,1.6859633607075168,1.9877223295050308,1.8006448805190691,1.035494575622207,3.2701415351115943,0.6379279848389128,1.98772232950503,1.2701099857572407,0.5692520696657073,0.4592068076429104,0.4223166682629378,0.49324229325467905,0.47089753306543675,0.5111050689208546,0.42101940662198645,0.08883707224253218,,0.47522928031177986
377,soft-sweep-190,run_6490a94da9a16ba1d8ecf22c8f3f59b6,0.594001293182373,1.3263178047223991,5.203592814371257,2.4630195830701194,0.8132533794084764,1.9409241968665927,1.0435098915124446,5.159009254218835,1.9309917877447877,0.8132533794084759,1.6778604209526813,0.5258149553611746,0.5298480295689915,0.41024630463237877,0.6799284725742274,0.5031601353359308,0.5396649134476835,0.3163897432337841,-0.021170170929003584,,0.35112005887032693
378,distinctive-sweep-191,run_713d9a82a64d6e461a7743de5606d9e5,0.6462029218673706,1.15319719208679,5.041399020141537,2.27198989260897,0.7021750177863604,1.838597879411299,0.9386215698787483,4.994365813826892,1.8917751105495884,0.7021750177863612,1.609004589333756,0.6033177206050827,0.48945858338826076,0.41192494333237556,0.6922828319204044,0.4891029354868228,0.6031932896257766,0.36535841847008543,0.014964644531725885,,0.37911994291178686
379,good-sweep-192,run_19bf7b5379afdd93540267d791809945,0.5910657048225403,1.2896745373324823,5.030620577027763,2.7114213518635495,0.8401616017887995,1.7609708814685867,1.13230376515635,4.992896026129558,2.5007075173720783,0.8401616017887988,1.4682109510998564,0.6114212314730878,0.5629411030186872,0.48940858155349104,0.6179365633997905,0.5231930502237758,0.5826709964160653,0.3157907814147948,-0.06455162895492825,,0.4048274987191543
380,dutiful-sweep-193,run_5705e76bdd7d36e1a608da609dace8c1,0.6834716200828552,1.0193363114231013,4.845291235710399,2.408427037271004,0.658445980282549,1.892130875138471,0.7790299936183787,4.7556341861731095,2.068363866077068,0.6584459802825482,1.4457627789207155,0.6619773474903825,0.42385549485125545,0.5289231555087317,0.5750750944286802,0.4007807233506249,0.646395656257394,0.21815247189150852,-0.17377677506580017,,0.34122235529243206
381,glorious-sweep-194,run_8a8960d3e763fb9ce39dd4f9388640f7,0.6336949467658997,1.1794001276324184,4.718753402286336,2.376614024005053,1.0457261916861469,1.7872843804399428,0.9388640714741542,4.646243875884595,2.0507264687302578,1.0457261916861456,1.3297357176768472,0.6112502906208385,0.461641409081834,0.4966783194457747,0.5633168638879854,0.40703714362914806,0.5976503960397588,0.29758433692911274,-0.09202777764904752,,0.39997299626391214
382,visionary-sweep-195,run_e84a2ea25d9fdcfca90510a6c198a4d5,0.47415444254875183,1.7748691767708997,4.800272182906915,2.5688313329121915,1.2203323508486634,2.0605159044152552,1.2375111678366302,4.72286336418073,1.6931396083385963,1.2203323508486643,1.515018199082133,0.520170947163731,0.49745580876782647,0.41991044919069054,0.685428037455116,0.5275539540485101,0.418450505970438,0.36481069408123645,0.039836216807762365,,0.34709151743964584
383,clean-sweep-196,run_c611c23528aecbb52f4e0d16911463d2,0.4948308765888214,1.7087938736439052,4.3274904735982584,2.2002274162981674,1.5167445878646202,2.0298385820541225,0.9352648372686657,4.198149156232989,0.7203537586860383,1.5167445878646217,1.5041383130242112,0.5705442536379006,0.4554294534020795,0.39028493439325734,0.5958535261970961,0.45792921280275356,0.47481287673595285,0.3991054815087489,0.0683418690566521,,0.3296764189879946
384,ethereal-sweep-197,run_f17de933d59c17239e09cb4fd1c5d971,0.43178045749664307,2.541174218251436,7.593413173652695,4.577321541377132,0.0,2.844908213324893,2.541174218251436,7.593413173652695,4.577321541377132,1.6010501526376075e-15,2.844908213324893,1.0,1.0,1.0,1.0,1.0,,,,,
385,golden-sweep-198,run_3f2134c471e8fa750b9fb2083b71bf32,0.6051052808761597,1.1812125079770261,5.185329341317365,2.4489576753000626,0.7579581258257954,1.7850490583953156,0.9494065092533512,5.151034295046274,2.2011749842071997,0.7579581258257958,1.4334665295141635,0.5904456360231083,0.48109544485422173,0.4932675669635731,0.5644647372370971,0.4269586198179165,0.6094839805415189,0.25705067893225736,-0.11111793594536162,,0.3843027700359757
386,light-sweep-199,run_12a5feafcf0c8d3d1bbcb5af3b777fe2,0.5206126570701599,1.487785577536694,4.359254218835058,2.005104232469993,1.343673137513975,1.8188281373635067,1.0009700063816203,4.250979858464889,1.1627289955780156,1.3436731375139743,1.3708221237537592,0.48602213166753844,0.4456009743907601,0.32556891102384833,0.6175166557343785,0.45876051328904643,0.5165195182844756,0.40191304400884514,0.05684660929900687,,0.40884747376096403
387,glamorous-sweep-200,run_7c888d91a10b38fd98dab43f9d384a42,0.5881301760673523,1.3665858328015315,4.972890582471421,2.2527732154137707,0.8644577700985873,1.8613783826554833,1.0231269942565417,4.9327163854109966,1.7070246367656357,0.8644577700985863,1.5914068681753464,0.5679200264217172,0.5493779497604888,0.3611170705232577,0.7286981020175847,0.5540804562732076,0.5488190275366197,0.4378618553013285,0.04114989390263668,,0.4096812818845853
388,efficient-sweep-201,run_7d4a8054b3aabb3f56db65ef33c8a22d,0.6005105376243591,1.262208040842374,4.222890582471421,2.1102210991787738,1.2343225937595281,1.688989555309384,0.916451818761965,4.127844311377245,1.5865824384080858,1.2343225937595284,1.2007477448963448,0.5898167210624894,0.392294003914661,0.3901936276857262,0.5714222579607272,0.4300694147084682,0.57663179936831,0.36415726377357377,0.014371358593006783,,0.4417798767613912
389,stellar-sweep-202,run_8e733114c0371852b253e83da719c42f,0.6024250388145447,1.2729164007657945,5.1017419706042455,2.201415034744156,0.8775383677202966,1.8281927520177241,1.0808551372048503,5.0752857920522585,1.794908401768794,0.8775383677202971,1.6324260167748055,0.5079462670301554,0.49409401849930285,0.43905436899402994,0.6730312554920526,0.5149111065598196,0.5535403162482523,0.39956767185603137,-0.020046940928832108,,0.3905732581818472
390,soft-sweep-203,run_d8271420543295a4d67004fbe21ae83f,0.5957881212234497,1.303037651563497,5.086472509526402,2.276816171825647,0.8853694481146456,1.8527298623199873,1.0560689215060621,5.046298312465978,1.8277700568540731,0.8853694481146461,1.6224956480455768,0.5167851715689256,0.5095516210385551,0.4042626823739744,0.6932654056430866,0.5028275256469049,0.5488145437757495,0.3566785446773147,0.005662850208424219,,0.3855861334789958
391,confused-sweep-204,run_5f67ed62885fd6336ffb6d901507e5b8,0.5946394205093384,1.326100829610721,5.197495917256397,2.4260897030953874,0.5096503709726597,2.0093210951099856,1.0239948947032558,5.15242242787153,1.905483259633606,0.5096503709726591,1.7330115524608318,0.5074660153319112,0.5154723489405783,0.4239574753376113,0.7091093629374188,0.5058437088330504,0.5433120234046691,0.3138111864913185,-0.04122987838912337,,0.32198136787254816
392,lively-sweep-205,run_79c0d0514a78a16b56a7503147ded7e6,0.43178045749664307,2.541174218251436,7.593413173652695,4.577321541377132,0.0,2.844908213324893,2.541174218251436,7.593413173652695,4.577321541377132,1.6010501526376075e-15,2.844908213324893,1.0,1.0,1.0,1.0,1.0,,,,,
393,daily-sweep-206,run_b117c442c5096478712e80bc68b745b9,0.6082960963249207,1.2665220165922142,4.715677735438215,2.4462539481996197,0.8684012602906799,1.6636374426333278,1.0337970644543708,4.658845944474687,2.0620593809222982,0.8684012602906778,1.2889816426649776,0.5759312638502684,0.4274879570550339,0.4175859591993104,0.6399373991069404,0.47464357437277604,0.567770418247012,0.34404538198565104,0.016850727037514113,,0.44538747471275036
394,silver-sweep-207,run_68b0fef5e1895d4c9572a0cda58b2857,0.5984684228897095,1.2314869176770897,4.927653783342406,2.5580037902716355,0.9268218314869398,1.8054518119955685,0.987964262922782,4.883070223189984,2.2473025900189514,0.9268218314869393,1.4401962335812621,0.5958458021810561,0.49587671192616883,0.472261437282508,0.5488884706617363,0.46187090499043715,0.5987250940473141,0.31612289061099486,-0.09385632105132144,,0.3864943689676196
395,splendid-sweep-208,run_218bc61db06e107eb93786fbd5dfd137,0.5689853429794312,1.3650925335035096,4.554327708219923,2.5194440934933664,0.6184571602805163,1.7942910270612435,1.0292150606253991,4.486227544910181,2.1045988629185106,0.6184571602805164,1.356326159202407,0.5124457123378672,0.44021690919067796,0.4340342559780353,0.6369754230548871,0.4109826701057626,0.5513207943651991,0.37210195458287254,0.02903997000757222,,0.3965039520865597
396,hearty-sweep-209,run_67c8b480f4e95705905896f9f105ce84,0.6008934378623962,1.2641225271218888,4.213119216113229,2.1973215413771316,1.1952942372192297,1.6810689982592182,0.8742565411614556,4.109744148067502,1.6570562223626026,1.195294237219229,1.1649825921823076,0.5792143029471197,0.4936132406750596,0.3535039747150656,0.5784234644172093,0.44074700802269745,0.5819291507639162,0.38583237402784265,0.031261617855491336,,0.4526967181390763
397,helpful-sweep-210,run_a005fab6dfefae7e993cb99631f372c3,0.6116145253181458,1.26468410976388,4.392651061513337,1.888894504106127,1.2575160077243621,1.7261512897610378,0.8300191448627959,4.294175285792053,1.0992166771951979,1.257516007724364,1.316244658965026,0.6283632613382112,0.5507993118710006,0.35404894167225365,0.6156733574106911,0.4670316063729072,0.5845248706531767,0.4324966845456486,0.061137877708526106,,0.43149647692452164
398,fluent-sweep-211,run_b5d5c2e55e9620ced0296e37d8e0cb8a,0.6208040714263916,1.2085513720485002,4.84069134458356,2.111964624131396,0.8497459091371073,1.8239792688716567,0.850159540523293,4.773571039738705,1.559267214150346,0.849745909137109,1.496965500870391,0.6057722519285733,0.47238456912139554,0.36984883312581807,0.6602127436376217,0.47843422891575854,0.6027388581337204,0.35536591190425376,0.04749394567530871,,0.38697161555683185
399,avid-sweep-212,run_0a7abae62a4fe0ad44d9a53403f9c19b,0.5286535024642944,1.5178430121250797,4.5529395753946655,1.9728616550852807,1.3605600162618152,1.8562628580471592,0.9212125079770255,4.487778987479587,0.9904611497157291,1.3605600162618146,1.4113190378224396,0.5627211068633141,0.5554279973137407,0.28680841554129555,0.5896196990057305,0.5025437611992152,0.5247222827071473,0.4379939017558324,0.05556833020812904,,0.3964180041496906
400,northern-sweep-213,run_281c993e364eb049aabba68d4826e84a,0.6093171834945679,1.2421697511167833,4.302640174197061,2.2207075173720776,0.966205915235288,1.680139262541541,0.9334014039566036,4.227191072400655,1.7502463676563478,0.9662059152352875,1.1974521285013442,0.587345783879908,0.41335173989742097,0.38334418797688596,0.606658845194413,0.4301140622426678,0.582809338452732,0.38347079665876954,0.0405803994273197,,0.44223683945820524
401,devoted-sweep-214,run_0129f2135a27de17cb33467f118b66a3,0.49968090653419495,1.6291257179323544,4.64273271638541,2.1497915350600123,1.2896788291493038,1.927737774964393,1.0676451818761972,4.550626020685901,1.2879722046746682,1.2896788291493024,1.4031057129292621,0.5015694721958587,0.4822988279370968,0.3167051368004342,0.6486492658650553,0.4611156027670182,0.4698964324732678,0.3925025452919429,0.04979741019479225,,0.37379938601868
402,swift-sweep-215,run_a56f40fc26d4b45cb963665fec1aed78,0.5456286072731018,1.46345883854499,4.810479041916169,2.5177511054958934,0.8759731680048785,1.6107453711030224,1.1811104020421193,4.763445835601525,2.1450157927984828,0.8759731680048802,1.295909162842223,0.5284000006316667,0.5131782937683725,0.43024997605593335,0.6823665368645482,0.5003917735120977,0.5205522111015557,0.39347615218644416,0.08038734927639343,,0.4768281571602885
403,smart-sweep-216,run_bb688ee54881aebe3be6744220ebee5b,0.5479259490966797,1.4190427568602424,5.165432770821992,2.2983070120025264,0.8530440085374529,1.790544389935116,1.143816209317166,5.134567229178008,1.8397094125078954,0.8530440085374512,1.543788574141479,0.4722481355294345,0.5070863585900184,0.3861221785908119,0.7174513385401616,0.5268857650517087,0.528453116028076,0.4041146508079516,0.04995638835329044,,0.4294416013140636
404,devout-sweep-217,run_4ccb17d0ab5ac5b67106afd91ed1c21b,0.7296745181083679,0.8863560944479896,5.355960805661406,2.568566013897662,0.544562455534099,2.001863427757556,0.7898659859604349,5.3275449101796415,2.3203158559696773,0.5445624555340988,1.7459922456084824,0.6813505807448496,0.5291660901456633,0.6239043195096254,0.5800578739987596,0.521992364018977,0.6999931015130613,0.32271147605128087,-0.29051018644009613,,0.31713583895482295
405,easy-sweep-218,run_beae86e16c99b842232e9f5508c9405e,0.6199106574058533,1.2652839821314612,5.111731083287969,2.245319014529374,0.8742453501372089,1.8791264440576037,1.0405998723675818,5.080375612411541,1.880669614655717,0.8742453501372086,1.6660547554992873,0.5697723147107019,0.5145132687180927,0.43549053411231364,0.693766177632566,0.5089061464518441,0.559591167192381,0.37474108705838927,0.0027395917446749185,,0.37173245516876463
406,dry-sweep-219,run_78c91a2a79ad6257443c12704880f61e,0.5929802060127258,1.2841735800893428,5.158002177463255,2.1480985470625384,0.9329606667344242,1.8054518119955685,1.0978557753669433,5.102150244964616,1.8164750473783953,0.9329606667344246,1.6160943187213161,0.5193506634481034,0.4777640615823307,0.4778825463716758,0.6680636122583948,0.5247614221035685,0.547694772392209,0.30980530210794244,-0.00040152764037182376,,0.3791565620310673
407,eternal-sweep-220,run_756323b2310e65f44b4baac27f82e00a,0.6119974255561829,1.224862795149968,4.944991834512792,2.2663044851547687,0.855330826303486,1.8328374742839053,0.9693937460114872,4.874931954273271,1.7695135818066945,0.8553308263034856,1.5402199715144795,0.5490712059958202,0.46279510950047165,0.4199964882035565,0.6561536982850248,0.468920509188721,0.5773354276910698,0.3229280115245841,-0.028383237373531156,,0.3772503338524981
408,warm-sweep-221,run_7f82870344ace04aa640210feceb46f0,0.5253350138664246,1.5534269304403316,4.435084376701144,2.0784207201516103,1.3187976420367922,1.8318523500553883,0.8947670708359928,4.356695699510071,0.8581174984207207,1.3187976420367908,1.3282283589175512,0.5894917586134862,0.5586959496267946,0.3081612553076014,0.6272166138153354,0.5064206796162467,0.5196802045344139,0.4535200589250299,0.06192979066532442,,0.4152452831499062
409,noble-sweep-222,run_2aeafd274570392253de1ac4b0e0eb88,0.5155073404312134,1.498978940650925,4.537615677735438,1.9881364497789002,1.293703628417522,1.8415809463522705,1.061327377153797,4.434730538922155,1.309033480732785,1.2937036284175225,1.4092419686659279,0.4614479410937263,0.4391728364776754,0.3834773169875172,0.5848491211659697,0.44585590105094897,0.5009285940428418,0.3744914307159003,0.038564809051323146,,0.3860309650980608
410,peach-sweep-223,run_1442e5042f10e4d067113e306fe9a4c4,0.5578812956809998,1.3121378430121249,4.3863091997822545,2.363676563487049,0.9069925805468035,1.5576040512739355,0.9594894703254626,4.339765922700054,1.957485786481364,0.9069925805468024,1.064377274885266,0.5148438527749657,0.4647952074559649,0.39179309133863294,0.6143160252970904,0.45139985704539504,0.5870787542900235,0.4241110859527507,0.06833975719150231,,0.5074039260949101
411,glamorous-sweep-224,run_3d92dc935731965af10d1215b7fc4571,0.43178045749664307,2.541174218251436,7.593413173652695,4.577321541377132,0.0,2.844908213324893,2.541174218251436,7.593413173652695,4.577321541377132,1.6010501526376075e-15,2.844908213324893,1.0,1.0,1.0,1.0,1.0,,,,,
412,swept-sweep-225,run_9134792dce7012e806aca1be59c37473,0.5231652855873108,1.457447351627313,5.34738704409363,2.3209602021478197,0.8421130196158145,1.7970011077702162,1.2819272495213772,5.337588459444746,2.1038660770688558,0.842113019615814,1.6548583636651357,0.5530238439696893,0.5910942134094024,0.4784115506177569,0.667931006383625,0.5387317598506972,0.512322772966654,0.41253710981458114,0.0206045219151475,,0.41714974211433353
413,legendary-sweep-226,run_ff4ed3d714420bf3b2d0b8f160585ace,0.5425654053688049,1.5411997447351624,5.0852204681546,2.318041692987997,0.980750076227259,1.9580432030384554,1.1426037013401398,5.0504354926510615,1.703133291219205,0.9807500762272598,1.6862201297673678,0.547446245507309,0.5384111119563045,0.3662356734667816,0.7022770803905339,0.5561176270963596,0.4923655461837263,0.39251310285938384,0.04281258207180716,,0.3733742600105501
414,icy-sweep-227,run_5423c889f6dbd7aec15adba4b5967629,0.7632418870925903,0.7433950223356731,4.72223734349483,2.551408717624762,0.5477487549547717,1.9060452603260005,0.5763752393107848,4.645318454001089,2.2712950094756788,0.5477487549547708,1.433328058237062,0.7393278813256372,0.4271241442466975,0.6372320658940714,0.5556632419233866,0.39137408597168266,0.7492372511676746,0.2524094879285584,-0.34711124832845086,,0.3318167998134403
415,cool-sweep-228,run_c16c880bdbf059fa17ebe96efdf8bdde,0.5363114476203918,1.4632929164007655,5.445155144256941,2.401099178774478,0.774789104583799,1.8559265706599144,1.262271857051691,5.428497550353837,2.094782059380922,0.7747891045838006,1.6979743630321247,0.5011026477392051,0.5621216184730492,0.4156466494269387,0.7277154502950061,0.5626255807080982,0.5059680929924101,0.39361855844004523,0.037592576470434486,,0.4035928739214968
416,neat-sweep-229,run_bee8317b1b043d535f94507beafebf2c,0.5785577297210693,1.3910784939374599,5.189738704409364,2.3553632343651287,0.8260138225429413,1.8762343725272983,1.0673771537970638,5.153973870440937,1.86542008843967,0.8260138225429412,1.6347483779078975,0.5427421451960551,0.5425558728468344,0.3799944130511126,0.7174421989569234,0.5293967584231959,0.5368254061770195,0.38512854180057676,0.0454458351999073,,0.3923052429123581
417,crisp-sweep-230,run_a5c80334c8b9c2e6b7d6cddb0a7e7017,0.7372048497200012,0.8169878749202295,4.744937397931411,2.3933417561591908,0.7616729342412847,1.9232671308751381,0.6295213784301206,4.677817093086555,2.1120783322804795,0.7616729342412838,1.4390132932426016,0.7283695093961094,0.4033919038232952,0.6223310347029339,0.5858801212514464,0.4076471582747189,0.7239765596161629,0.2217917737935245,-0.29580834277317625,,0.32795901937258676
418,glowing-sweep-231,run_0302912f6c819cba0868c8de53b5627e,0.6178685426712036,1.2489980855137204,4.8641535111595,2.589892608970309,0.7620184978148185,1.719085298306694,0.9698659859604344,4.802912357103975,2.18682248894504,0.7620184978148178,1.2893100174078176,0.5799561269980014,0.4527648397972232,0.45652986623248093,0.6921953042713674,0.4236028062188711,0.5816252477572422,0.32531498989358687,0.006889598860180507,,0.437278350349666
419,dulcet-sweep-232,run_2f269621374abf1b8a9f6e002df92852,0.5608168244361877,1.4271218889597956,4.7905824714207945,2.6546557169930507,0.7447047464173188,1.5675106820699476,1.1716528398213149,4.745508982035928,2.3231206569804166,0.7447047464173187,1.193638233897769,0.5364758493541987,0.48769689443376224,0.4697209718098522,0.7004589387614745,0.4770240971187749,0.5363986482451366,0.3990539006101372,0.10700264895441655,,0.4922424498477601
420,deep-sweep-233,run_d95630395421fe360ee40172b559fa98,0.49712827801704407,1.6782769623484364,4.7841317365269465,2.8675426405559055,0.7261967679642239,1.913926254154138,1.324709636247608,4.704273271638541,2.3859886291850905,0.7261967679642237,1.3985519860737459,0.5496012665282562,0.49851521906261415,0.5391056092966829,0.6642184742992504,0.49969986376487974,0.45790822481631577,0.3135580561794185,0.06132997241257432,,0.3763447014200093
421,silver-sweep-234,run_48f87d44fbc8071d52a1f87ef27cb0ac,0.5038927793502808,1.4932737715379705,4.209390310288515,1.8176373973468092,1.4260798861672934,1.791834150973255,0.9929036375239296,4.115813826891671,0.9653190145293741,1.4260798861672923,1.3644801392625405,0.47737326846086825,0.43248981233551326,0.3279778437569837,0.5507854102388553,0.43680389558853866,0.5258505379983677,0.3944993305233925,0.0664107784453275,,0.41280148839368075
422,young-sweep-235,run_7d98d6678a28f104ff519fdc18f35edc,0.5417996048927307,1.4562476068921502,3.932661948829614,2.1990777005685405,1.3664498424636649,1.629078968191169,0.9308359923420552,3.766086009798585,1.4585849652558436,1.3664498424636653,0.9615524608324095,0.5707055242219572,0.44464573747313124,0.3591860613606615,0.5850501503089556,0.45051806329283867,0.5396221867457047,0.39234740788431177,0.0892975438375947,,0.4945599000529819
423,true-sweep-236,run_7b42c4c02a73c12137013ee3e0b7c9d7,0.5604339241981506,1.4691767708998082,5.257457811649429,2.447252053063802,0.9175627604431345,1.948999050482671,1.1073388640714747,5.21679368535656,1.9490840176879334,0.917562760443134,1.6867186263649312,0.5332107013153139,0.5250754701631147,0.40751300960955206,0.689162099482789,0.5450038318144727,0.5057279197753044,0.34519802039179603,0.035413968687785125,,0.37061974638173156
424,ancient-sweep-237,run_7d6e40f2f17202f44581ff4699325679,0.5950223207473755,1.3469814932992978,4.785574305933587,2.582653190145293,0.8350391299928853,1.7364377274885265,1.0124824505424372,4.731192161132281,2.115249526216046,0.8350391299928855,1.2392229783193538,0.5807204128076501,0.4873369618316709,0.4571413976949845,0.6833898010449333,0.4249937487278133,0.5521192267471953,0.3729712466878975,0.04650603310644949,,0.4403861920101442
425,glamorous-sweep-238,run_16fa4a1678ed7fec9fab987874c3bdb9,0.6045947670936584,1.292444160816847,4.795862819814917,2.5766771951989886,0.7722685232239048,1.715196233581263,1.0009061901723024,4.730702231899836,2.1496272899557805,0.7722685232239049,1.2824299730970083,0.5646274594455367,0.4405290967041621,0.44194202343325995,0.6952416766400986,0.44185996312722464,0.5691109185504182,0.34448761944965933,0.028418752855822432,,0.43243421264512916
426,icy-sweep-239,run_182c9a588cc897246594545a716e79ec,0.5402680039405823,1.4981493299298019,4.464997278170931,1.9944535691724568,1.3334637666429514,1.8236983699952523,0.908640714741545,4.348394120849211,1.0609981048641812,1.3334637666429487,1.3720604526032598,0.5783134300259982,0.5527626009445057,0.29310889761517095,0.6118253044052355,0.5219274587316538,0.5296897158255629,0.4002204144526374,0.05094915302500233,,0.41146081812655433
427,dry-sweep-240,run_e6cf8c40ccb0d895f4a614c67f1a9fef,0.577919602394104,1.4027185705169112,4.839738704409363,2.233821857233101,1.0127045431446284,1.9073745845861685,0.9182003828972563,4.7549809471965165,1.4730638029058751,1.0127045431446289,1.5374188953948402,0.5627223253302447,0.510136491107453,0.3396462663218721,0.6698586923742531,0.5228030725671242,0.5379050371154686,0.3672472366672037,0.03694506434336428,,0.37381377870100096
428,curious-sweep-241,run_59c8e1d928d65533bf9f77843ddbf1ee,0.6109763979911804,1.269751116783663,4.744311377245509,2.5904990524320906,0.7990192092692346,1.692391992403861,1.0037141033822587,4.682090364725094,2.2015792798483864,0.7990192092692336,1.2682426016774797,0.5795385876047487,0.43344381785887265,0.4453969926252275,0.6584186651548625,0.451188644486752,0.5751467518139628,0.3356145269126246,0.0001810762579881331,,0.44669125836922624
429,rich-sweep-242,run_f61be0c3cc1347b335074cf3dba957dd,0.5041480660438538,1.5325079770261643,4.664752313554708,2.0373341756159182,1.3468492733001318,1.8126641873714193,1.0624633056796426,4.615269461077843,1.2826405559065068,1.3468492733001323,1.301562747270138,0.488252399567062,0.4626721866796139,0.3166235673466782,0.5375965572698366,0.4211137551984959,0.5065108110934264,0.4090279409387355,0.0583164330804154,,0.4072040484544456
430,morning-sweep-243,run_0a4194dae66ccbf0ae26ca9e913686cc,0.6222080588340759,1.240982769623484,4.829014697876973,2.2134301958307008,0.991584510620998,1.8577583478398476,0.8809827696234837,4.742297223734349,1.5752874289324057,0.9915845106209983,1.5406432979901872,0.6141961496871533,0.49955763500438594,0.36049372665453505,0.6483077796421675,0.4739004205092656,0.5801061520136622,0.33535817246526556,0.018369258093451107,,0.3709891448882802
431,earthy-sweep-244,run_e5ed52fed53524205ece0f3c4e8337c4,0.5566049814224243,1.4302999361837905,4.497441480675013,2.007668982943777,1.2673594877528203,1.788400063301155,0.9742693044033176,4.410234077299945,1.273013265950726,1.2673594877528211,1.4628817850925775,0.5460369151700617,0.49752178870269154,0.3542486351882004,0.6085546535851959,0.48265639780625025,0.5287111829322116,0.41552377456439077,0.06165833774660573,,0.40875056000819265
432,autumn-sweep-245,run_e85b3f770de43387858598c91e93757d,0.543203592300415,1.479974473516273,3.775258573761569,2.1615919140871758,1.3823965850188025,1.6299730970090203,0.9318187619655393,3.6126020685900944,1.3679090334807338,1.3823965850188025,0.9948330432030379,0.5796129772311357,0.46113603243836243,0.34063515627494173,0.5838562644229549,0.4695935236264396,0.530139878791872,0.42334297826809153,0.09329494915711375,,0.49684717084349533
433,major-sweep-246,run_18eed2f55ba27c80f5f3125a5d6ed156,0.5216336846351624,1.5994894703254625,4.433124659771367,2.236917245735944,1.3348155300335398,1.957342934008545,0.8856924058710914,4.302313554708763,1.006443461781428,1.3348155300335418,1.4768634277575559,0.6098056302261285,0.5384203107646869,0.32567618044248636,0.6403668220413841,0.5524884547038225,0.512247102898864,0.40337472880642666,0.051467640266069536,,0.3766275140906451
434,genial-sweep-247,run_308f7877db4203566d4f3912eebaa9d5,0.5572431683540344,1.4254371410338225,4.62632008709853,2.05982312065698,1.2341447301555035,1.8273381864219018,0.9735417996171019,4.537152966793687,1.3872267845862278,1.234144730155504,1.4899984174711194,0.5484203447222372,0.5115337609082019,0.36208089901988955,0.6186642190457852,0.48602824987410037,0.5348258730292997,0.40280464584950315,0.04060315246099275,,0.39001913357802737
435,visionary-sweep-248,run_04df1d90b5847cc51fbd7ac1047ea680,0.5751116871833801,1.3638162093171666,4.551360914534567,2.055198989260896,1.2110275434495374,1.723698369995252,0.9270835992342052,4.476401741970604,1.3544914718888184,1.2110275434495377,1.3849343250514323,0.585610288927751,0.5044032717963761,0.36308495354851067,0.6341978278046877,0.4838568105551097,0.5573022457877812,0.43875852784333763,0.06459973011168504,,0.44146326726572516
436,efficient-sweep-249,run_333558b4e387025e974b050d71f74185,0.48947033286094666,1.7789406509253347,4.873189983669025,3.2910423246999363,0.8081156621607887,1.830075961386295,1.3743714103382256,4.796761023407731,2.8038534428300674,0.8081156621607887,1.1046921981326152,0.6767309102556284,0.4967408271843488,0.6359405229384159,0.735662997992894,0.5272219741062247,0.4436088395804667,0.3415918537936816,0.09471261621089447,,0.4500409689359947
437,lucky-sweep-250,run_8063a34be4d30d4e2496fb52710bf6b6,0.43178045749664307,2.541174218251436,7.593413173652695,4.577321541377132,0.0,2.844908213324893,2.541174218251436,7.593413173652695,4.577321541377132,1.6010501526376075e-15,2.844908213324893,1.0,1.0,1.0,1.0,1.0,,,,,
438,glorious-sweep-251,run_6395fb05ed4a191f6d0dfe14af4c2420,0.5851946473121643,1.2947032546266752,4.295508982035928,1.956462413139608,1.3349679845512756,1.765868808355752,0.8896745373324827,4.1828252585737635,1.200050536955148,1.3349679845512747,1.3363783826554843,0.5674974400198277,0.4508819846290452,0.4003704945247901,0.5785634358277412,0.4358692682493249,0.5676740620812806,0.3924917572207892,0.026331492929937028,,0.4095286991419037
439,autumn-sweep-252,run_93ca9aa25a56875c279d83e07768ff03,0.6006381511688232,1.3016719846841096,5.1618127381600445,2.3103853442830067,0.6037097265982315,1.914397056496281,0.9726866624122541,5.116249319542733,1.7852684775742256,0.6037097265982322,1.6474165216015177,0.5589451524323974,0.5016095058602842,0.3819343613319286,0.7025300394983605,0.49775716140322745,0.5606117584782608,0.33874424512490425,0.0024156219774420784,,0.36028505185956017
440,trim-sweep-253,run_9627b49e8f09b4ca2f2421fa650e7e0b,0.5740906000137329,1.3616336949585193,4.476946107784431,2.399014529374605,0.7925246468137005,1.525949517328691,1.0501084875558389,4.40688622754491,1.9511560328490196,0.7925246468137005,1.04461544548188,0.5530644338796391,0.4397965103782677,0.401711681511988,0.6729418399978435,0.45297204153991955,0.5594881068559493,0.40408592091239043,0.10246395350839219,,0.5115607386322486
441,proud-sweep-254,run_07a718bb26bbb47a11ae1a8a4c393f46,0.6388002634048462,1.155494575622208,5.0664398475775725,2.3288566013897656,0.6958684825693667,2.036156828612122,0.8331716656030642,5.002749047359825,1.8762602653190148,0.695868482569367,1.6300957429973093,0.6055804307107532,0.4752082843252568,0.4802854132745905,0.5207602285509346,0.4201544785132708,0.6062323429314725,0.26274696608568776,-0.12572973557261566,,0.2869710658200016
442,azure-sweep-255,run_422a9cdf8253cf929de18f642dd37fe2,0.5642629265785217,1.4567070835992342,5.2295590636908,2.345546430827542,0.8490242910864925,1.9391873714195282,1.1674664964901091,5.19575394665215,1.92783322804801,0.8490242910864921,1.7125850609273625,0.5327752277547266,0.5243574285446574,0.401618459279124,0.7211685738928112,0.554337516936858,0.5114830170731735,0.3827305900547132,0.049774276604928724,,0.37711146662154027
443,fanciful-sweep-256,run_c06af4eefbeda037f676ca93fdc6ac12,0.6236119866371155,1.2129164007657944,4.879994556341862,2.1503853442830065,0.5462394552291899,1.84874980218389,0.9140268028079138,4.828551986935221,1.6869867340492721,0.54623945522919,1.563396106978952,0.5895337021731032,0.46994497411584985,0.4032199980844747,0.6502585316217528,0.4531225809337617,0.5854654247066737,0.36837402779865547,0.013823808128846288,,0.35936190260350065
444,easy-sweep-257,run_a1ce0323cc83600805c3be13598b5606,0.6195277571678162,1.168079132099553,5.140419161676648,2.5911813013265945,0.7119524341904665,1.826119639183415,0.9041097638800247,5.092406096897115,2.29444093493367,0.7119524341904658,1.3932109510998572,0.5810057195011755,0.4894038174314232,0.4959204099224212,0.549359426625788,0.4226570160018194,0.6135452244393587,0.2496416629282827,-0.120452825134751,,0.38406611941821245
445,firm-sweep-258,run_2fe646297942e6a3766e1b603c53b459,0.565028727054596,1.3719208679004464,5.29814915623299,2.3461528742893236,0.7034353084663076,1.8534696945719256,1.2154690491384812,5.2888405008165496,2.1236891977258385,0.7034353084663074,1.7383169805348964,0.5689993223540557,0.6022940276225391,0.5035469144079431,0.6937237777013904,0.5656032592615085,0.5418287832517787,0.4104106724510054,0.0395606322768238,,0.39629562509116584
446,earthy-sweep-259,run_826bed2c84ef1f47123e07568a500bda,0.43178045749664307,2.541174218251436,7.593413173652695,4.577321541377132,0.0,2.844908213324893,2.541174218251436,7.593413173652695,4.577321541377132,1.6010501526376075e-15,2.844908213324893,1.0,1.0,1.0,1.0,1.0,,,,,
447,ethereal-sweep-260,run_1718bfbd5178df71cab3343d3f0f5c8f,0.5449904203414917,1.4384556477345243,5.129014697876974,2.2955780164245096,0.908857607480435,1.8241929102706123,1.1388768347160185,5.090310288513882,1.8336197094125064,0.908857607480435,1.5628382655483457,0.4664673286173846,0.4968802373432586,0.3698745330907001,0.7053144136567847,0.5256115239623942,0.5182185675615788,0.3989172364280841,0.04381204031096678,,0.4173137138611714
448,usual-sweep-261,run_1e9d3381e18dd479801d8f0c5740bd30,0.6518187522888184,1.1718059987236755,5.372210125204137,2.6358686039166135,0.6979164549242809,2.108715777812945,0.9200127632418635,5.315868263473054,2.265432722678458,0.6979164549242816,1.7767882576357017,0.6049641144089547,0.5458594837801111,0.5319533569581458,0.5441745218013697,0.4860070281901564,0.592138775714075,0.2756706373623313,-0.18639840945379962,,0.26971933931402803
449,zesty-sweep-262,run_4ddb16ba65d5298827f3a183e5d87a7f,0.43178045749664307,2.541174218251436,7.593413173652695,4.577321541377132,0.0,2.844908213324893,2.541174218251436,7.593413173652695,4.577321541377132,1.6010501526376075e-15,2.844908213324893,1.0,1.0,1.0,1.0,1.0,,,,,
450,playful-sweep-263,run_b515e8661271f1bf7816f1ccf324e6a2,0.5227823853492737,1.5448117421825143,3.9856559608056616,2.1993556538218564,1.3944201646508791,1.727864377274885,1.0194001276324183,3.8254491017964067,1.4242324699936828,1.394420164650879,1.0269781611014401,0.5467896237021808,0.4395853449644891,0.35198049356702743,0.5831772046908944,0.45523626047437316,0.5015427444563514,0.3679981044635801,0.08069681935626477,,0.46425476791413745
451,olive-sweep-264,run_5bee068e1d7009e71404c6264eea63a7,0.43178045749664307,2.541174218251436,7.593413173652695,4.577321541377132,0.0,2.844908213324893,2.541174218251436,7.593413173652695,4.577321541377132,1.6010501526376075e-15,2.844908213324893,1.0,1.0,1.0,1.0,1.0,,,,,
452,volcanic-sweep-265,run_a0422c2f532acb3a773b236b3a0fee46,0.6224632859230042,1.1245437141033823,4.858655416439848,2.176879343019582,0.920622014432361,1.81789840164583,0.8805615826419909,4.818971148611866,1.8343398610233719,0.9206220144323599,1.5623120746953623,0.5897446673900215,0.5727630183851411,0.5401018420968617,0.5954210489846509,0.5470382026921892,0.6351157823710807,0.3727122877179033,-0.0777131036348932,,0.36784605735831344
453,good-sweep-266,run_72e06f9c00088010429168d0b8d0ce13,0.5483088493347168,1.4191703892788765,5.1473053892215574,2.1647504737839536,0.8326151031608904,1.8079759455610063,1.213095086151883,5.126238432226456,1.783588123815539,0.8326151031608907,1.6417629371736038,0.49734176607816116,0.543064944178613,0.452000446955911,0.7157408376839871,0.5556115460055604,0.5220329354029455,0.4373921510197656,0.048117335256633115,,0.41959085665123974
454,pleasant-sweep-267,run_fd803afd144a42adbccbe09e1e46c0b8,0.723548173904419,0.8735162731333758,4.8029395753946655,2.216159191408717,0.7588931802012399,1.9255064092419683,0.6757115507338859,4.729940119760479,1.826001263423878,0.7588931802012409,1.5133209368570975,0.7124722869219967,0.4578168122178738,0.5618084155412955,0.5915217688355716,0.4127550057421657,0.6995555335070367,0.3018166775003476,-0.23303611262898116,,0.3255055787113943
455,lyric-sweep-268,run_497513d3ff09526a579dc19af351d888,0.6089342832565308,1.286343331206126,5.6357920522591165,2.6123310170562224,0.5570129078158349,1.9427282797911058,1.1317294192724956,5.613255307566686,2.330435881238155,0.5570129078158347,1.7859867067573993,0.5158624288161653,0.5825253501416022,0.4782667688280178,0.7409550079358227,0.5365046064213205,0.5519524060740642,0.29232000659737833,-0.05764210383197607,,0.3423144301520054
456,happy-sweep-269,run_6bc1cdf2c65fcc0e42500f41ea9af27c,0.5492023229598999,1.4426419910657302,4.949972781709309,2.2733164876816168,1.1074753531862993,1.8833557524924827,1.0727632418634334,4.874033750680458,1.6922804801010753,1.1074753531862984,1.4689626523184054,0.4974034230538579,0.4671703165273695,0.3680833572774,0.6077768893891667,0.44002163644679776,0.5135858629165679,0.34130724205104523,0.0021701199996476406,,0.3656219351852554
457,twilight-sweep-270,run_b15baac3d60635d19357e7746fbccb78,0.5885130763053894,1.328462029355456,4.243494828524769,2.3097409981048633,1.097189755056408,1.7145473967399902,0.8437141033822596,4.117093086554164,1.6356664560960197,1.097189755056409,1.0512620667827184,0.5931663796420015,0.504038494749711,0.38967994764230757,0.6249771008998258,0.4956135642106294,0.5702213831320514,0.36319144850078977,0.0478134674565599,,0.456658476605308
458,sunny-sweep-271,run_b90a589e64b745dd8ded7cea9c24b391,0.5832801461219788,1.234613911933631,4.628960261295592,2.322539481996209,0.7721414777924586,1.6181634752334229,0.9446841097638802,4.5765378334240605,1.9545041061276056,0.7721414777924576,1.230475549928786,0.5790185314644181,0.468038795753829,0.43375698368610927,0.6331241618087902,0.46323892897668967,0.6068217629972941,0.37341400863145197,0.036077467518961986,,0.4708632144995344
459,solar-sweep-272,run_22921a2fa461b601423e666a199bf8fa,0.5812380313873291,1.3265220165922142,4.446053347849755,2.078142766898294,1.2104685435511737,1.8254787149865481,0.8932354818123804,4.33581927054981,1.283398610233733,1.2104685435511737,1.3937094476974194,0.5492495450149445,0.46012639554478724,0.32042843916610797,0.6223703746381866,0.4645208759531102,0.5603878688908104,0.3646733753728668,0.019494254767213337,,0.4015912810412616
460,absurd-sweep-273,run_f762561458b7219fb5276e92cbaea531,0.5919591784477234,1.2850031908104655,4.56899836690256,2.1027542640555903,1.03940441101738,1.8925700269029906,0.96382897255903,4.4827708219923785,1.5107517372078332,1.0394044110173795,1.5657699003006798,0.5421935292959952,0.4198961462495228,0.40383599910608814,0.5899443259471174,0.45465995060773706,0.558534402348891,0.34361429989642966,-0.012736590626518884,,0.3485976238808849
461,earnest-sweep-274,run_a5394a46e78c26566518de376462627f,0.5425654053688049,1.2877728142948306,4.5590364725095265,1.9571193935565379,0.9292153674153877,1.6742839056812786,1.0065730695596677,4.529640718562875,1.5529121920404285,0.9292153674153885,1.4425542016141801,0.5826743995023947,0.518109696716286,0.4156779363407081,0.6112170844440892,0.5048375474431634,0.583634665926307,0.44698894899917113,0.05385409006758163,,0.44369490968797176
462,fresh-sweep-275,run_c3926904f8b58487de7b64a7e45c95d1,0.6016592383384705,1.2811104020421185,5.03358737071312,2.29286165508528,0.8297743673137513,1.838206203513214,1.0596426292278243,4.985084376701143,1.8456222362602648,0.8297743673137523,1.5845426491533467,0.5251931273358501,0.4881721499399852,0.41960795581521565,0.6936331843354306,0.49620597624884083,0.5528598966432179,0.37043101025727326,5.628859861958602e-05,,0.38805488962732304
463,curious-sweep-276,run_96355d8147475d2234adc31f1943bd22,0.5571154952049255,1.4204339502233565,4.393440391943386,2.1927353126974096,1.2995578818985667,1.7120786516853927,1.0259731971920867,4.278307022318999,1.6591787744788373,1.2995578818985667,1.134890805507201,0.5549735338684725,0.39016431965749687,0.3656268556651662,0.5436339855851292,0.42236963184750176,0.5262472212507368,0.31918055198754725,0.03318426232598001,,0.4383698666775037
464,earthy-sweep-277,run_b5e866c30de91bf8f568c90267e3a97c,0.5756222009658813,1.4028589661774087,4.67607512248231,2.209993682880606,0.9707592234983229,1.84737695837949,0.9528015315890237,4.593767011431683,1.4315982312065705,0.9707592234983218,1.4810531729704062,0.5909205224467139,0.4997082581303261,0.3359341378539731,0.7070966228751059,0.5239581992506517,0.5455381619160642,0.41405862475486,0.07080669507609039,,0.4064442276049394
465,sweepy-sweep-278,run_0d7fe19494ccbb80233214966ba5f062,0.5783025026321411,1.2580344607530312,4.716249319542733,1.7856854074542001,1.2078158349425754,1.6620944769742045,1.1167453733248247,4.692242787152968,1.5255085281111795,1.207815834942577,1.5180289602785244,0.6096086111584251,0.6055195585041079,0.635919931041088,0.6017934306509249,0.6215646945315508,0.5618602244873823,0.44008813083170595,0.044036410038964,,0.4277086034475914
466,rose-sweep-279,run_83cd5a6c6bad2a559cd3433e013f0595,0.6357370615005493,1.1691512444160816,4.92185628742515,2.179658875552747,0.5325592031710539,1.884238012343725,0.8564773452456929,4.859145345672292,1.6952242577384709,0.5325592031710535,1.5976736825447069,0.6054375886421107,0.4629573851243609,0.4034961529866232,0.6560106505631371,0.45869701308749644,0.6064457042514314,0.3381729783522396,0.0008423185887448947,,0.35369011472719675
467,ethereal-sweep-280,run_adceca80e7142e02e15620b736d58968,0.5831525325775146,1.315941289087428,5.248938486663038,2.199722046746683,0.8852525663177152,1.8140370311758187,1.1574218251435848,5.228851388132825,1.900341124447251,0.8852525663177165,1.6654850451020722,0.5431710625102427,0.4936231451593042,0.49657041151869236,0.6648974309445644,0.5603899528248157,0.5364146614565766,0.3152274847290859,-0.016695084060163012,,0.38147663265328957
468,leafy-sweep-281,run_3422ae9632ddde2aba8e6a0e362e316f,0.60306316614151,1.2687428206764517,4.280321175830157,2.0958433354390396,1.218939932920012,1.7052935591074534,0.8791065730695612,4.180375612411541,1.536904611497156,1.2189399329200117,1.0994065516695686,0.5964639681201195,0.43318471678356424,0.3657492896593557,0.5385127622767804,0.4197492744708332,0.5807969034958017,0.35304334242627533,0.0021182179751198793,,0.4482939584318665
469,graceful-sweep-282,run_5d43fd78f14cb0381f28a40949cb1394,0.587492048740387,1.2874026802807912,4.8487479586281985,2.188679722046746,0.9405274926313648,1.8503402437094476,1.0163114231014678,4.793385955362003,1.709298799747316,0.9405274926313645,1.5694730178825753,0.5118726823447697,0.48376006300856433,0.40049691919675634,0.6443760294024035,0.47038905044415225,0.558156132077841,0.34789181213192033,-0.025455483524363054,,0.37712738305592053
470,pleasant-sweep-283,run_4593eae73101e4d5882cb4a048e3a509,0.5860880613327026,1.3663560944479896,5.005416439847578,2.3484775742261523,0.8175678422603923,1.832188637442633,1.0513848117421818,4.964262384322266,1.8504990524320888,0.8175678422603914,1.5690536477290722,0.549383195205862,0.5302255044844387,0.38484356543115283,0.7099607591437219,0.5391188471070544,0.5441687799790086,0.41101729271789056,0.06637696560059775,,0.40700673753362887
471,graceful-sweep-284,run_97119be3d0cd47ed65702fffc92cf584,0.5543075799942017,1.3740778557753666,5.1863636363636365,2.171497157296272,0.8996595182437239,1.7701139420794427,1.1882195277600516,5.1574578116494285,1.8492987997473145,0.8996595182437255,1.6316743155562574,0.5233580373528511,0.5543965408315175,0.4813336845129777,0.6992971713756194,0.5542411779662682,0.5360117725933676,0.407596934145429,0.04763742633375756,,0.42417969339017136
472,icy-sweep-285,run_8811a87685adc0dbe76ece3edf5b1a18,0.6173580288887024,1.240599872367581,4.866276537833424,2.5807201516108647,0.8114290070129078,1.7260840322835889,0.9819144862795152,4.81679368535656,2.222577384712572,0.8114290070129095,1.3259336920398792,0.5810882833073744,0.44773187588823654,0.4457631772180187,0.6772494110373188,0.4340141831692666,0.583054187519781,0.32249017779442907,-0.009546879803433522,,0.42938432187546993
473,snowy-sweep-286,run_2240c4d7c0209af597fd9642f7531d86,0.43178045749664307,2.541174218251436,7.593413173652695,4.577321541377132,0.0,2.844908213324893,2.541174218251436,7.593413173652695,4.577321541377132,1.6010501526376075e-15,2.844908213324893,1.0,1.0,1.0,1.0,1.0,,,,,
474,zesty-sweep-287,run_dcff52a3dcb5e50fef6fbde9553a8286,0.6806637048721313,1.0388130185067006,4.815568862275449,2.238559696778269,0.9913609106616524,2.055835575249248,0.7605998723675806,4.732770821992379,1.7695893872394177,0.9913609106616516,1.62563301155246,0.6596107468152419,0.4603704941837952,0.527815662612138,0.5023636661716668,0.42759016721114645,0.6379597857198844,0.285469009296518,-0.23847286363697154,,0.2774146399666858
475,comic-sweep-288,run_f11fcb1074829dcd705043d45c93b6bc,0.5666879415512085,1.334435226547543,4.267093086554165,2.3328995578016416,1.0521394450655552,1.681824655799968,0.922514358647096,4.159798584648884,1.8158180669614643,1.052139445065557,1.1422376958379499,0.5637633082783454,0.3967722471999126,0.3816787983271078,0.5893052078476999,0.4059467976540063,0.5793479124217453,0.37584863227408966,0.07222648883109753,,0.4588078495088037
476,desert-sweep-289,run_c37cda272689282cd833701e0ebf78fc,0.6039565801620483,1.2937843012125079,4.150326619488297,2.3581301326595066,1.0069468441914828,1.7056852350055387,0.9397574984045942,4.017555797495917,1.8063676563487057,1.006946844191482,1.1757833517961698,0.5894800937491087,0.4068079540446894,0.3860064489352871,0.6137310816758123,0.42307631702772475,0.570399230917819,0.3780230605585515,0.045037618303530425,,0.44553041083724015
477,charmed-sweep-290,run_48e729ace1be3ff194d53e382a21b90d,0.5417996048927307,1.4427185705169112,4.685438214480132,2.51435249526216,0.9599044618355522,1.6649311599936694,1.119246968730058,4.625666848121938,2.1149715729627285,0.9599044618355503,1.2345861686975788,0.5344356325574193,0.48234386178466765,0.4327210037352744,0.6306271724091934,0.4437845497333681,0.5361153670413086,0.373908789121832,0.055675953160613495,,0.4600113818329609
478,treasured-sweep-291,run_be501db3da008d3a8a5d117dd500bf28,0.605998694896698,1.2518442884492658,4.464616222101252,2.35623499684144,0.9755208862689297,1.7216648203829716,0.9263050414805357,4.3729994556341865,1.8871130764371429,0.9755208862689303,1.245244500712137,0.5803100172620336,0.4080956092827635,0.3940455895029212,0.6051997058630565,0.42244562136577934,0.5810180464556027,0.3579753019969194,0.012590727654496037,,0.4311623863925287
479,celestial-sweep-292,run_3cd0e14f7a4277e80be4e6febd865311,0.5508615374565125,1.3624377791959157,4.562221012520414,2.182716361339229,1.0558949080191076,1.4683850292767842,1.1150095724313978,4.523516603157321,1.8639418825015792,1.055894908019107,1.1507714828295608,0.5282866507601621,0.5363151391392623,0.465172237652843,0.616696359573401,0.5383585163087986,0.5500725250076359,0.4295916459552607,0.10181472975851172,,0.5136691207590884
480,splendid-sweep-293,run_9eb4b87724e01f0ed710e00eeece2114,0.618889570236206,1.2200638162093167,4.620685900925422,2.323385975994946,0.8506657180607784,1.641406868175344,0.9308232291001911,4.548176374523681,1.889551484523056,0.8506657180607797,1.2041541383130243,0.5786667303015222,0.42575921952370965,0.3841884557673275,0.6353863663988555,0.43439045984686186,0.5914746960578599,0.34592218861389795,0.021354390901170306,,0.45910155031131505
481,super-sweep-294,run_cef3d702ad3f25f28808fc17606f6526,0.6153159141540527,1.2479132099553283,4.934240609689712,2.127795325331648,1.1080191076328894,1.9799335337869914,0.9768219527760044,4.859281437125748,1.7024257738471245,1.1080191076328891,1.6384633644564006,0.572472326794645,0.4603574338726113,0.4722483478594004,0.5479401358738305,0.4458465524309374,0.5599807460513385,0.27531700902678047,-0.10147279060229444,,0.3091160067426367
482,fresh-sweep-295,run_7c21a9925d2d0d12ec6b91b2706704f2,0.7005743384361267,0.9413656668793872,4.861350027218291,2.3933291219204036,0.6225480231730866,2.018946827029593,0.6723420548819399,4.792759934676103,1.9303221730890714,0.6225480231730877,1.6179419211900608,0.6656218467078601,0.433761528701374,0.5225120518468857,0.5409843790847777,0.412393057955345,0.6806213350601404,0.30336302150875993,-0.2192680850257562,,0.28960189412292403
483,lively-sweep-296,run_a21feea6698a7616902c34b791abec17,0.612890899181366,1.2764773452456923,4.992378878606424,2.6669361970941243,0.7911373107023071,1.6848710238961857,1.0573069559668165,4.938486663037563,2.352040429564119,0.791137310702308,1.3210397214749177,0.566642315310693,0.45034223863919487,0.47022204131149636,0.6927935366316728,0.4673670332153983,0.5650959828269103,0.29035162153774713,0.01777344726052349,,0.44164178104932217
484,trim-sweep-297,run_7c2a61232218b12aaea4fdd737585720,0.7193363308906555,0.9047223994894701,4.88198149156233,2.483398610233733,0.6718823051123082,1.8790947934799807,0.6894575622208055,4.815841045182363,2.152773215413772,0.671882305112308,1.4060215223927832,0.7021734202288592,0.4344748398651621,0.5435965584394853,0.5713773852049183,0.3850869587153123,0.6939057588736066,0.2638399466483165,-0.21063217911983043,,0.3575252728984458
485,ancient-sweep-298,run_890a7a0ca6a30c6dadbf567b7282d05e,0.43178045749664307,2.541174218251436,7.593413173652695,4.577321541377132,0.0,2.844908213324893,2.541174218251436,7.593413173652695,4.577321541377132,1.6010501526376075e-15,2.844908213324893,1.0,1.0,1.0,1.0,1.0,,,,,
486,pretty-sweep-299,run_84af64996507bbb13bc7f5c0c2e93695,0.5560944676399231,1.3577536694320356,4.653674469243332,2.1136323436512945,1.4206372598841346,1.9177441050799175,0.8697894065092526,4.574305933587371,1.3904990524320908,1.420637259884136,1.4280780186738415,0.5445486853007476,0.4447879400055815,0.3367475976119784,0.5263732646815947,0.44069881714574677,0.5692908273169657,0.36807757975524635,-0.0358961033336567,,0.3624313496606333
487,easy-sweep-300,run_98088f23e75122e34a899c71ff866897,0.5994894504547119,1.2724824505424375,4.324523679912902,2.257725837018319,1.136700884236203,1.7156789048900138,0.936145500957242,4.225557974959173,1.7465319014529366,1.136700884236203,1.103097800284855,0.5882007942935512,0.4086836205191453,0.4013309708520895,0.6040916515572033,0.4274557017572669,0.5747550992134205,0.3528117882422879,0.03918507758959344,,0.4557457533287786
488,cosmic-sweep-301,run_1a91c9f4d93a81a1c5f6363b612bb52d,0.4630504250526428,1.8951372048500317,4.61943385955362,2.373834491471888,1.220947250736863,2.2256369678746633,1.2206253988513087,4.535166031573217,1.1358054327226792,1.2209472507368628,1.6429656591232786,0.5912231045479087,0.5398845237276331,0.4189662548287201,0.6914311856076014,0.5511015112827711,0.40173653073097754,0.4153411824402102,0.07201282787715826,,0.2919600993904733
489,fancy-sweep-302,run_f4dca68026872e5f2ef17ba84144bb8d,0.5728142857551575,1.3727249521378428,4.48279804028307,2.1516361339229304,1.0896991564183351,1.8462019306852346,0.9667772814294833,4.384322264561786,1.436222362602652,1.0896991564183378,1.4141478081974996,0.5300108483659669,0.4327875549775079,0.33985250454937266,0.6215388488657472,0.4320328883751488,0.5383527794320876,0.391642253463344,0.05082578921617131,,0.3906169678413728
490,cosmic-sweep-303,run_90bb852733b26a2971da994059d6436d,0.558902382850647,1.369751116783663,4.486091453456723,1.8631711939355649,1.319864823660941,1.7943385029276784,0.969546904913849,4.392514970059882,1.1793051168667072,1.3198648236609398,1.4177599303687285,0.5017892058239057,0.43699531235094113,0.39674344730709066,0.568853462098055,0.4502065288179472,0.5372314672074687,0.36494888044068863,0.01917789128711911,,0.3871176647429018
491,northern-sweep-304,run_ea4a7abf2561498bfd6aed9da1be754f,0.6015315651893616,1.2637906828334395,5.274904735982579,2.270360075805432,0.7922858014025815,1.8397649944611487,1.1296234843650288,5.253347849755036,2.0224636765634867,0.7922858014025802,1.7095861686975782,0.5688247417262912,0.5699980984664107,0.5179847077227596,0.6575237213935909,0.5706925187314793,0.5564918779082078,0.34792321931052206,-0.043992774344020075,,0.3716272399503544
492,comic-sweep-305,run_69fb2d8312fd49b4e703e223a667057e,0.43088704347610474,2.456298659859604,7.515296679368536,4.402653190145293,0.16185587966256734,2.7976895078335176,2.456298659859605,7.515296679368535,4.402653190145294,0.16185587966256712,2.7976895078335176,0.9224302989958999,0.9798550886023562,0.9500529962008748,0.9542955798091379,0.9604512499918385,0.06240671781538341,0.023942650611351424,-0.04336992847580144,,0.0488388675290101
493,eager-sweep-306,run_be6ce3da5ed86af9d6327a915188d090,0.433439701795578,2.4786343331206124,7.535302123026674,4.500821225521162,0.09907002744181319,2.819983383446748,2.4786343331206124,7.535302123026673,4.500821225521161,0.09907002744181236,2.819983383446747,0.9487068643803361,0.9824621241623941,0.978146250359161,0.9796009964597462,0.9710147397055852,0.06634928249458848,-0.00579502190877838,0.005387544233420978,,0.00547574999390979
494,solar-sweep-307,run_a78c48b5ce5f22e34e92cc98af356724,0.5975750088691711,1.2896745373324823,5.1224006532389765,2.2433859759949457,0.8799674763695498,1.8792253521126756,1.0436247606892157,5.0743875884594445,1.7831206569804166,0.8799674763695495,1.64920477923722,0.5183154934075196,0.507183261129954,0.4064736774893848,0.6862399320256369,0.5009103291641351,0.5513520966209555,0.35339750758678923,-0.0034726341218051238,,0.3675026590675784
495,legendary-sweep-308,run_372eb43e9b683bf45b2de7e1da4d907d,0.5387364625930786,1.4834205488193999,4.4259662493195435,2.0767782691092855,1.3344547210082325,1.8245291976578568,0.9334269304403312,4.311812738160044,1.2023373341756138,1.3344547210082331,1.4152634910587107,0.5491256333759521,0.5018764029857247,0.30011205823197007,0.6013283581311124,0.48151966667214713,0.5274750035327815,0.39884884366038537,0.05502339200190165,,0.4050629447956787
496,rosy-sweep-309,run_43ba7aed17ae5f6b53334adcdeb2a973,0.5723037719726562,1.3548564135290362,4.700571584104519,2.472659507264687,0.7974082731984957,1.5481523975312546,1.1122527121888968,4.649618943930322,2.1180543272267847,0.7974082731984955,1.2297554992878623,0.5470449654854871,0.5085208621442185,0.4314676116591642,0.6717761846249177,0.5239661187017945,0.5555718761997579,0.41449439876838523,0.09455042905826788,,0.4802782880076078
497,lucky-sweep-310,run_587c2633af7c746a37326124b7f30796,0.622080385684967,1.2146394384173576,4.856586826347305,2.4800126342387867,0.7804553308263035,1.7662248773540115,0.9865092533503513,4.799265106151334,2.13877447883765,0.7804553308263044,1.4247547080234222,0.5593005001176516,0.4308209200096392,0.42668007534399643,0.6646967426055524,0.43568968642049627,0.586536591673471,0.3129411468071874,-0.014260761434210456,,0.40342895139775065
498,laced-sweep-311,run_55d131800cb71391b94d411404669142,0.5982131361961365,1.2743969368219525,4.671420794774089,2.069463044851547,1.1578005894908017,1.8299691406868173,0.9412763241863423,4.5802939575394666,1.419823120656979,1.157800589490803,1.4796684601993983,0.5648645492718534,0.4293899205708234,0.40505586948887395,0.6114725598744222,0.46200324493657763,0.5646450499995073,0.35304135708820383,0.02550750339373642,,0.38246831600788467
499,bumbling-sweep-312,run_b97e2123d664ce9e02ab0d59fc71771a,0.5269942283630371,1.5067645181876195,5.430538922155688,2.4855843335439034,0.7265880678930785,1.7914939072638072,1.2726611359285258,5.411921611322808,2.147719519898925,0.7265880678930787,1.5312786833359708,0.49302796439311247,0.5484369087563536,0.4377055199055008,0.7533136738969627,0.5179392050594742,0.4966923397930075,0.38275454371434037,0.0727727469327703,,0.42882979594987997
500,floral-sweep-313,run_293766fd7bd23375f0b1844477ccb648,0.5255903005599976,1.5160306317804721,4.569052803483942,2.359431459254579,1.0664600060981806,1.7119124861528718,1.132137843012124,4.485764833968426,1.8562223626026517,1.0664600060981808,1.2196114891596772,0.5203997892534572,0.42235466812873,0.3879048941672254,0.6156072310759441,0.414025133218526,0.5042006452197234,0.35710794244492167,0.08211759580183506,,0.4405712581247586
501,warm-sweep-314,run_548ed80b87b216b50d58c7a3afac0524,0.584045946598053,1.32639438417358,4.487751769188896,2.0346557169930506,1.2396330927939831,1.8382418104130396,0.9560561582641992,4.368209036472511,1.362135186355021,1.2396330927939854,1.4886532679221394,0.5495822051365222,0.41814419496477423,0.38054608434696546,0.5973771453115289,0.458648872051568,0.5471854716050827,0.34989399903283314,0.0013921320427169592,,0.3781251901131082
502,different-sweep-315,run_535e8744b94ceb1818743cb0880a8a1c,0.5729418992996216,1.326815571155073,4.435492651061514,1.9255969677826905,1.3586340075210894,1.8252690299097956,0.9557881301850668,4.338486663037562,1.2851800379027147,1.3586340075210888,1.4683454660547548,0.5305676252355288,0.4337947381815166,0.41109137055837564,0.5543485537652175,0.45612392048083,0.5513815807154958,0.363189237267453,0.010327451131887572,,0.37758857115659383
503,autumn-sweep-316,run_e5b95de1d001afc4dc4bd25706c3137c,0.5959157347679138,1.324428844926611,5.355715841045183,2.489955780164244,0.6397245655046244,1.8733343883525873,1.1162858966177414,5.323380511703864,2.106746683512318,0.6397245655046252,1.6580550720050646,0.49746320779905906,0.5530308050362368,0.4181277336142771,0.7342813666339396,0.5231282561307234,0.544344626656769,0.3449735860348957,-0.003279542393003154,,0.38326474095314617
504,valiant-sweep-317,run_928ce8485db9440b20e2050c2a3e3f75,0.5965539216995239,1.3305296745373323,5.397523135547089,2.448995578016424,0.7776501676999694,1.9243828137363506,1.1182514358647093,5.36861731083288,2.0925837018319635,0.7776501676999693,1.7176491533470482,0.5111237148228981,0.5409095788299991,0.4219147271972672,0.7063076107981987,0.5143268698615487,0.5326500238839726,0.31125742311257376,-0.010937191805610702,,0.3557582801810667
505,hopeful-sweep-318,run_a49b002a766b3b9eba1d59bb95b7656a,0.5914486050605774,1.3586598596043393,5.226646706586827,2.3394061907770047,0.6494918182742148,1.9207311283430921,1.079298021697511,5.1943113772455085,1.870018951358181,0.6494918182742142,1.7092973571767678,0.5195973761461254,0.5163332997783451,0.37828432781023524,0.702617415388952,0.5276569730332762,0.532275602621415,0.34745032615000476,0.027130643476705657,,0.36408606795733217
506,atomic-sweep-319,run_5e39cd1f1dc90526b4739eb9277f3920,0.6279515027999878,1.183982131461391,4.885383777898748,2.402918509159823,0.9422299014127451,1.8354842538376324,0.9507977026164648,4.8241426238432235,2.084409349336701,0.9422299014127458,1.4094833043203039,0.6023632497728257,0.4491636631464158,0.4910878587619321,0.5700339850090703,0.4051737881318175,0.5965464576164969,0.2693093403408744,-0.0884109748876348,,0.37362685588516154
507,dandy-sweep-320,run_127334d0acc27ff2e010455caeb3e643,0.43178045749664307,2.541174218251436,7.593413173652695,4.577321541377132,0.0,2.844908213324893,2.541174218251436,7.593413173652695,4.577321541377132,1.6010501526376075e-15,2.844908213324893,1.0,1.0,1.0,1.0,1.0,,,,,
508,summer-sweep-321,run_8f1599a2017a79de68cc6d643507a5ca,0.625271201133728,1.2254754307594127,4.928279804028307,2.149715729627289,1.2273249313954668,1.9948607374584584,0.89580089342693,4.8567501360914545,1.5622488945041064,1.2273249313954688,1.5592459249881299,0.6077247196038329,0.450823456499855,0.4217172684608754,0.5351613663131689,0.4490203143241823,0.5786692367597726,0.3080841799490995,-0.08417394219328247,,0.31865084796824544
509,olive-sweep-322,run_1a3c65f6f659fc2d9d9e75eef005212f,0.543203592300415,1.4962858966177406,4.917719107240066,2.621276058117498,0.7400396381746113,1.6671783510049054,1.2396681557115505,4.8746053347849765,2.293291219204043,0.7400396381746113,1.3455768317771784,0.5434501647005666,0.48194335408424765,0.4586323149123647,0.6910327976052034,0.47402576069142544,0.5086845158812344,0.37841276754493813,0.06831452150169695,,0.45812108238197297
510,wandering-sweep-323,run_f4bb4d5b442089f27fc8cacc5572ce87,0.5911933779716492,1.3442373962986596,5.087697332607513,2.214301958307012,0.805300335399939,1.8637165690773851,1.0761327377153804,5.0617310832879685,1.7688439671509777,0.80530033539994,1.6257912644405763,0.5382844682964198,0.5183661722325485,0.40565702518915814,0.6890900322105131,0.49461179695826524,0.5391512399655136,0.39445524151325745,0.05746381292428515,,0.37417150096599106
511,rose-sweep-324,run_8242208bdd20ab9947b6c427c37a45cb,0.43178045749664307,2.541174218251436,7.593413173652695,4.577321541377132,0.0,2.844908213324893,2.541174218251436,7.593413173652695,4.577321541377132,1.6010501526376075e-15,2.844908213324893,1.0,1.0,1.0,1.0,1.0,,,,,
512,crimson-sweep-325,run_940470cc1196f6f61e80061b74cdd58b,0.6738991737365723,0.9715890236119974,4.819706042460533,2.5633354390397973,0.706631771521496,1.780665453394524,0.7537970644543709,4.765323897659227,2.280934933670246,0.706631771521495,1.2994025953473645,0.6319744877616846,0.44296964684906426,0.5372726111802829,0.5746828906728121,0.4196920997918119,0.685773390966447,0.30357350422289403,-0.20109799758257357,,0.3974290664136844
513,sweepy-sweep-326,run_54f43c63c6959e077b42b5f720f5182a,0.6051052808761597,1.2887428206764517,5.277653783342408,2.3576626658243836,0.7518955178371786,2.018614495964551,1.0429227823867264,5.226211213935764,2.001655085281111,0.7518955178371789,1.7264954897926885,0.539919756721623,0.5005449265909058,0.4812407815343358,0.5832504673175912,0.4753685683194448,0.5493998056275422,0.2759478570098469,-0.09974714910103705,,0.2987220973708761
514,expert-sweep-327,run_fc39a8ad5e1a1b59b8dbb8c48cce1aa2,0.5863433480262756,1.3418251435864705,5.036717474142623,2.369677826910928,0.8050309990852728,1.885630637759139,1.079693682195278,4.983315187806206,1.866658243840808,0.8050309990852732,1.6278366830194655,0.5014670043906252,0.47922310506518767,0.4117506305270887,0.669703978306856,0.49351459031484846,0.5342395061629212,0.3427910464349767,-0.024262951260889676,,0.3674654910900761
515,ancient-sweep-328,run_f42745ea80c3fb495fcf3bbffcb5e611,0.498276948928833,1.5632035737077214,4.182607512248231,2.015919140871762,1.506865535115357,1.8796724165216012,0.9392342054881947,4.049346761023409,0.9615919140871765,1.5068655351153568,1.3044785567336603,0.49253699026010045,0.49856191827488977,0.27304744117740953,0.5964896444875218,0.4656261643003174,0.51111819862536,0.4123389478480999,0.04105631115384714,,0.3997534666047547
516,absurd-sweep-329,run_84ba9d7de47571c25b79fb87f9dc9755,0.5742182731628418,1.4016975111678365,5.205933587370713,2.345609602021477,0.86080902530745,1.879446906156037,1.1267007019783026,5.180457267283614,1.9430827542640539,0.8608090253074486,1.6893060610856145,0.5257675003106662,0.5321830126774567,0.3953101554768062,0.7099472764194055,0.5467182518953907,0.528924736921349,0.41080097909926555,0.0294601962329952,,0.39585795658260325
517,rich-sweep-330,run_df8de3707bfdc9c4ab7862a25bc256b7,0.5961710214614868,1.3203190810465855,5.178497550353837,2.3586860391661397,0.8461327370667749,1.9456480455768315,1.0512954690491383,5.116276537833424,1.8620088439671485,0.8461327370667758,1.6827979110618767,0.5232870157960894,0.5088530269571819,0.41201896370079494,0.6790077632068736,0.497894430765505,0.5392320821794958,0.30385191180054766,-0.017117605670341624,,0.34625400673872
518,volcanic-sweep-331,run_086a0536a8a0574e7f42e38594f0e7ba,0.5950223207473755,1.339910657306956,5.117637452367991,2.476576121288691,0.6935206829962394,1.9038890647254312,1.0830631780472249,5.042678279804029,1.991370814908402,0.6935206829962393,1.630641715461307,0.5230357770907644,0.5094547139491331,0.40865801487724673,0.7198685278107306,0.5114101048508779,0.5411531098381988,0.3218268989531653,0.008721364829182648,,0.36539408166059867
519,fallen-sweep-332,run_c1fb85fc4c47ea46ad392269189fc417,0.6575621962547302,1.096260370134014,5.146407185628744,2.227454200884396,0.8835298302673035,2.0029435037189427,0.8775494575622206,5.101333696243877,1.8814024005053698,0.8835298302673039,1.6891042886532674,0.6120068023319762,0.4835999784677873,0.5271720461003097,0.5503714758290793,0.45148230831903846,0.6152674424277867,0.29613572668788957,-0.1581455503729144,,0.294809754505448
520,ancient-sweep-333,run_6ec67fe9afd4e2f98647b7d85326c766,0.6542437672615051,1.099502233567326,5.127980402830702,2.258534428300694,0.6693312328488666,2.010262699794271,0.864250159540523,5.081437125748503,1.901617182564749,0.6693312328488678,1.6799730970090216,0.6061267908049804,0.4808988332468527,0.5177510136321553,0.548419396946615,0.4221133308511954,0.6168094459107509,0.2773529958282399,-0.14633565767344928,,0.28028338276681264
521,wise-sweep-334,run_23f3491191a3642de29c2d341f26656f,0.5791959166526794,1.3076834716017864,4.447795318454002,1.9952242577384705,1.26518446996646,1.7900696312707702,0.9943203573707726,4.343930321175829,1.427416298168034,1.2651844699664587,1.4512343725272987,0.5316940283579563,0.42826602080340526,0.4233328544520001,0.5731885393394351,0.47344560329502683,0.5526779941343669,0.3715623661335111,0.025237088779548944,,0.3932708409427433
522,ruby-sweep-335,run_b7e9bf4423828ec919502cd5673bcc65,0.6373962759971619,1.1787747287811101,4.9028579205225915,2.4730385344283,0.7041874174204694,1.8263609748377905,0.9382386726228462,4.826428960261296,2.12192040429564,0.7041874174204693,1.4014282323152392,0.6104783857967335,0.44544929628951585,0.4713474124445296,0.5658939156862224,0.41358652736150076,0.5969599308908068,0.27417192747760116,-0.09433163520859408,,0.37808707035482836
523,quiet-sweep-336,run_401eb7176be34b38b26dbdd77a48e9da,0.6547542810440063,1.1135035098915123,5.241616766467066,2.271054958938723,0.6337737574956804,2.0151091944927995,0.8782514358647088,5.187724550898203,1.9267972204674648,0.6337737574956814,1.6742087355594244,0.6042978305498432,0.5037818655619138,0.5135777224403792,0.544161027077545,0.4443131652013068,0.6063296803127641,0.2675599800269635,-0.15222569564992444,,0.29018792660834675
524,different-sweep-337,run_14a463939fe595be30d84ba0f410258b,0.5859604477882385,1.2965922144224633,4.297387044093631,2.144055590650663,1.2138530338449027,1.6330590283272668,0.9620931716656034,4.201360914534568,1.6731901452937454,1.2138530338449032,1.1253046368096213,0.5560988091959925,0.44187266007286374,0.39288270599878683,0.5764093577012406,0.4372834790875211,0.5655256674034839,0.36225826091800867,0.05251830286352557,,0.46472260283636324
525,earnest-sweep-338,run_578c5004da3eea57408f902bcc2c2c85,0.558391809463501,1.4077728142948307,4.521175830157867,2.0586986734049266,1.253074499441,1.8378422218705486,0.8504275686024233,4.4320087098530205,1.161819330385343,1.2530744994410001,1.4317099224560854,0.5704438000587633,0.5225987280971053,0.3077671359703732,0.6232525042253065,0.5053014558916835,0.5593383460050088,0.4016016599788891,0.05723110220841379,,0.40028799410357374
526,sparkling-sweep-339,run_b651517710ce4a13449976858fd50410,0.5392469763755798,1.4973324824505423,4.4625748502994025,1.9844219835754893,1.3830775485313547,1.8121419528406393,0.9195405232929166,4.371448013064778,0.9410612760581174,1.3830775485313553,1.3792332647570813,0.552464859748715,0.5350843598086337,0.2767108833764327,0.5989788353733418,0.4839685274008399,0.522710361308446,0.4148219403620469,0.055527605050217754,,0.40622559028333843
527,comic-sweep-340,run_fe11a923bf8614a376f350c9744f9b71,0.7245692610740662,0.8791065730695595,4.978905824714208,2.307125710675931,0.8810143307246671,1.9940417787624618,0.6468410976388005,4.901986935220468,1.8723057485786463,0.8810143307246663,1.573025795220762,0.7132029692367776,0.4713227918300286,0.5708678926028796,0.5447826127942688,0.4363261090394611,0.6975886703683011,0.29204714907702534,-0.24076921178527674,,0.320320848772419
528,twilight-sweep-341,run_39c9b98ece029befd465e902673d8d00,0.6232290863990784,1.2064709636247606,4.830811105062603,2.420947567909033,0.7788901311108851,1.6426135464472225,0.9898276962348429,4.77544910179641,2.0940998104864184,0.778890131110885,1.3244302896027842,0.5826538594477034,0.4463652761960731,0.42823133160936055,0.6652983678646043,0.49581124606540977,0.5911168876875432,0.3262464793043369,0.002547022366517271,,0.4487260408820291
529,gentle-sweep-342,run_63546e879e89b7c23eaead20e0efe091,0.6321633458137512,1.1957498404594764,5.215677735438214,2.2821604548325953,0.7295660128061794,1.872590599778446,0.9811742182514359,5.18481219379423,1.934668351231839,0.7295660128061805,1.6683494223769588,0.573950319792553,0.5046520147025645,0.43224355904606837,0.6830272980275132,0.4900183006270144,0.5847025597117044,0.35293071754485245,0.007032485089190993,,0.3585472754442142
530,easy-sweep-343,run_d9ab543090ff5b88d6b752b9118d6ad9,0.5692405700683594,1.449878749202297,5.17729994556342,2.4308401768793426,0.8092539892265473,1.9043915176451969,1.035890236119974,5.137125748502994,1.8403663929248257,0.8092539892265477,1.5996676689349563,0.5824123276837212,0.5449330827698744,0.4008374038246656,0.7351871021473276,0.5608568584588955,0.5301742855965186,0.3814892132666813,0.0413170685218755,,0.39823380238580264
531,proud-sweep-344,run_a9e90195541a62025be3551aa05ac45e,0.7111678123474121,0.9600765794511804,4.928470332063146,2.521857233101705,0.8177304604126435,1.898472859629688,0.7597447351627323,4.838813282525857,2.1836007580543253,0.8177304604126437,1.4216252571609427,0.7019583471427987,0.448676769296201,0.5462313635347827,0.5484603405175688,0.39776377602694163,0.666560480688525,0.2586439110658623,-0.2016046842255889,,0.3531628038423386
532,balmy-sweep-345,run_a16cc8181ec41c0b5f42a05b94d252d9,0.6045947670936584,1.3120995532865345,5.2056614044638,2.2593682880606436,0.862719788596402,1.945707390409875,1.0745500957243141,5.164017419706043,1.8261149715729605,0.8627197885964019,1.7497270137680003,0.565194775483817,0.49532708419950494,0.4198584107524822,0.6804529170547308,0.5184103072367493,0.543281604247303,0.33371574199455356,0.0009454194171358565,,0.3436611475289542
533,serene-sweep-346,run_7e1c7920dbf1b79715882ceb4edae5f6,0.6112316250801086,1.222335673261008,4.93157321720196,2.1888692356285526,0.666998678727513,1.9603734768159518,0.938838544990428,4.86396298312466,1.7824763108022728,0.6669986787275157,1.634997626206678,0.5574614631100357,0.46531995505350254,0.4600298502697698,0.5686193631666906,0.4355050241953092,0.5802687248019254,0.28980955177177314,-0.08095048615524317,,0.30821053124599435
534,jolly-sweep-347,run_21806a77973c66555ac72bcc7c405120,0.5800893306732178,1.3839566049776642,5.165487207403376,2.333240682248894,0.9741335501575361,1.8973650894128813,1.0970134014039579,5.125313010342951,1.8767909033480714,0.9741335501575347,1.6959724639974683,0.5398286192469748,0.4915346418403832,0.4046411582543179,0.6707878236678477,0.5289838625532564,0.5283034754264717,0.359074417713768,0.029255996948323176,,0.36615032813017195
535,sweepy-sweep-348,run_2dcdabd00a75f1af4a23e2815746f2b6,0.6090618968009949,1.2767836630504146,4.431246597713664,2.4049652558433348,0.9652606972253277,1.8353972147491688,0.9078238672622838,4.330321175830159,1.8505748578648131,0.965260697225328,1.318456243076436,0.5982345786463701,0.40030350178604746,0.39992960444401876,0.634942326081972,0.43515090755291674,0.5716642728758561,0.34004237992080444,-0.0024312388116713435,,0.3950597842775845
536,warm-sweep-349,run_02b00fc0e83e58dee0dde336dfe4d443,0.6181238293647766,1.2186088066368856,5.391426238432227,2.3912065698041687,0.6648236609411525,1.8230178825763568,1.0637651563497128,5.3590909090909085,2.0758307012002515,0.6648236609411506,1.657730653584428,0.531746473427215,0.532185810105982,0.45915445519266995,0.7064863780828803,0.5306357428191802,0.5765121443060381,0.3388132532610766,-0.0355348687557733,,0.3885399887905229
537,sweet-sweep-350,run_404edfd6bc56c19e3e2ad1cde0531bf5,0.5871091485023499,1.3394767070835991,5.0987479586281985,2.361490840176879,0.8612714706779143,1.952441050799177,1.0897511167836629,5.050244964616223,1.9023499684144014,0.861271470677916,1.7071095109985743,0.501008425299907,0.49072161705967554,0.40150719918270916,0.67841431463652,0.5134361968219088,0.5376604910644991,0.33682408077149195,-0.007428113405488823,,0.34478348926301233
538,logical-sweep-351,run_b158507da235997978486541687bb903,0.685896635055542,1.031844288449266,4.790963527490475,2.4413265950726464,0.8930684012602906,1.7648639025162207,0.8416209317166565,4.723843222645617,2.1368793430195825,0.8930684012602921,1.328679379648679,0.6701319709643255,0.4519255179751818,0.5222464323340676,0.5576140536788217,0.42143038378304504,0.6451217210830742,0.30822192349843647,-0.14411864340991853,,0.4108298017761251
539,bright-sweep-352,run_81032501b0cc997f34259fa4060751d7,0.5456286072731018,1.48215698787492,4.708410451823626,2.517346809854706,0.8348917572924077,1.709673207786042,1.1288194001276322,4.630021774632553,2.0386102337334164,0.8348917572924082,1.2625217597721166,0.5508754034611244,0.44223006189687214,0.43679420872841046,0.6929668936985948,0.4440910507866736,0.5191736926196742,0.3656621528932576,0.07600014406504815,,0.4442947208845386
540,summer-sweep-353,run_42cf1062a35a2293e8f7da80efd11d2b,0.5994894504547119,1.296770899808551,5.169569951007077,2.3320909665192664,0.8096147982518548,1.8809542649153344,1.0277472878111036,5.123516603157324,1.8774352495262148,0.8096147982518557,1.6510049058395335,0.516754705669469,0.5147338909972219,0.41416738498866645,0.6928267956621803,0.5123883368965688,0.5519710103865678,0.3356716653193402,-0.026152471044967485,,0.37725117250895457
541,graceful-sweep-354,run_3a35a237da7b66886f57c43530cf1acb,0.43178045749664307,2.541174218251436,7.593413173652695,4.577321541377132,0.0,2.844908213324893,2.541174218251436,7.593413173652695,4.577321541377132,1.6010501526376075e-15,2.844908213324893,1.0,1.0,1.0,1.0,1.0,,,,,
542,breezy-sweep-355,run_c9cb34d17ac833c12038202edda63eca,0.6395660638809204,1.2013656668793873,5.03500272182907,2.2957801642451034,0.6073889622929158,1.8336603893021044,0.9084492661135929,4.974741426238431,1.7896272899557804,0.6073889622929164,1.5149786358601056,0.6024487460518317,0.5364910996176935,0.37596095520863265,0.7343049811429221,0.5245435819566953,0.5944623031512848,0.36907231502711624,0.017555040927149823,,0.4000060545584716
543,still-sweep-356,run_b88e7027670d9e9c9fb60e7a68dd96d1,0.6084237098693848,1.2234333120612633,4.4407185628742525,1.8531017056222356,1.376735440593556,1.9138708656432977,0.8266751754945766,4.345182362547631,1.2140240050536948,1.3767354405935557,1.4538297198923875,0.5954007672971765,0.43745820007888203,0.412701369600613,0.5232769189710821,0.40925667225068685,0.5939675258103688,0.37094648306347533,-0.027111803798369194,,0.35009047549562106
544,grateful-sweep-357,run_d99b50f12fa8d00da9fad7e7154fa9c5,0.5756222009658813,1.3823739629865983,4.314507348938488,2.41220467466835,1.0889673747332045,1.7191921190061716,1.0058328015315887,4.175857376156778,1.831244472520531,1.0889673747332036,1.1354526032600087,0.5621341110190844,0.4109361510141492,0.3988516425629729,0.6323660191152602,0.4197740987137978,0.5435480915739722,0.3180602493930359,0.0768115270782995,,0.4426873552549031
545,smooth-sweep-358,run_40a1a4389296548ced219e123ea64ac4,0.498276948928833,1.6263433312061262,4.780511703864998,2.223120656980417,1.2477995731273501,1.9597523342300995,1.094728781110402,4.682035928143712,1.4174731522425772,1.247799573127351,1.4562707706915652,0.49134347854674537,0.4790695983232333,0.3463933850525173,0.6537839046843894,0.46988612645162725,0.4677137576965387,0.3589483944799431,0.05287512113202367,,0.3581701254960513
546,magic-sweep-359,run_d1f4f54e7be6d9f150ae46dc28ba5d94,0.5540523529052734,1.4546266751754944,5.079667936853568,2.2199620972836382,0.9414269742860047,1.9272353220446268,1.1527504786215703,5.0541916167664676,1.8180164245104211,0.941426974286004,1.691161576198764,0.4970703711039609,0.5448413502155264,0.39175126903553303,0.6987859362583864,0.5556722410404438,0.5105283669005742,0.4203885696271153,0.043490644681059176,,0.37942299046128763
547,peach-sweep-360,run_e024515153deddc54da491c8c6cfd033,0.43178045749664307,2.541174218251436,7.593413173652695,4.577321541377132,0.0,2.844908213324893,2.541174218251436,7.593413173652695,4.577321541377132,1.6010501526376075e-15,2.844908213324893,1.0,1.0,1.0,1.0,1.0,,,,,
548,deep-sweep-361,run_195e2ae4ecf435b984f58525367c3697,0.5467773079872131,1.451346522016592,5.123625476320087,2.2325331648768154,0.6528763085679439,1.949224560848235,1.1352265475430758,5.064344039194339,1.7795704358812385,0.6528763085679437,1.6306852350055387,0.473212735323974,0.4707737613498055,0.40243287679979567,0.5806417276397351,0.44738719074698974,0.4933653027657663,0.2783900604327594,-0.006474117191699963,,0.3217903979491636
549,bright-sweep-362,run_15002097f36ffac09b79a94be1b0e0c1,0.5508615374565125,1.393146139119336,4.82000544365814,2.501768793430195,0.8340837483484094,1.5356425067257475,1.1838544990427569,4.799918345127925,2.2831585596967785,0.8340837483484086,1.2202365880677322,0.5822333872659256,0.5565248938584646,0.47948440443124857,0.6695734748320529,0.5135342493690163,0.5490447181886395,0.3926246255530603,0.08978650994677384,,0.50358612252547
550,honest-sweep-363,run_d18d73022baa7689ad59aaaacdd6fe30,0.5853222608566284,1.3064709636247605,5.057593903102886,2.3967909033480725,0.8224209777416404,1.9117661022313652,1.0461774090619012,5.00321175830158,1.8905495893872393,0.8224209777416408,1.6625890172495648,0.5075413434054287,0.5111836233499368,0.39810490693739425,0.7057957895181206,0.5169225458516536,0.5565784564313081,0.3527047800037565,-0.015124050145497864,,0.3701732984817253
551,dauntless-sweep-364,run_db19e3d9415fad76c268df4f37eaf166,0.4805360436439514,1.686955966815571,4.510996189439304,2.1205559065066324,1.5849070027441812,2.0223927836683013,1.0914741544352264,4.3674469243331515,1.2147062539482,1.5849070027441807,1.391296091153663,0.4838751754494674,0.4281865511364071,0.3022548925709543,0.5645697823368093,0.4311457783913885,0.45340178453271474,0.33402812045153984,0.03447853182809518,,0.3399594724531484
552,charmed-sweep-365,run_f542a5748a04ea349fcc0030b64c937a,0.6076579689979553,1.2703382259093807,4.649346761023408,2.154365129500947,0.9806687671511332,1.7551709131191644,0.8834588385449902,4.564099074578118,1.5099810486418175,0.9806687671511339,1.4468151606266813,0.6000009464419991,0.4920747411736632,0.3575782970979791,0.6613953225065339,0.48829239860116647,0.5802097286496817,0.4116735692051323,0.06504613219719454,,0.42271020784188135
553,rural-sweep-366,run_d7c47e28ff964e7dbdd008228d8cc1c1,0.5594128966331482,1.3776132737715379,4.262792596624932,2.0083006948831326,1.2554883626384796,1.8222068365247663,0.9415698787492016,4.147169297768101,1.21246999368288,1.25548836263848,1.3689310017407816,0.521668644931474,0.41182479760751217,0.3383575966542157,0.5924606974007324,0.4315407251150495,0.5445217235827975,0.4025931727175658,0.05162946058086243,,0.40448792463362937
554,earthy-sweep-367,run_f324fdfa64fa8fdf574bfa2c3d9ca02a,0.5670708417892456,1.330912571793235,4.318644529123571,1.9813392293114334,1.2813090761256225,1.7300087039088463,0.999170389278877,4.228987479586282,1.5038281743524928,1.2813090761256207,1.2676175027694259,0.5325595090473051,0.40065536764357684,0.45823037384669413,0.5432310391585425,0.43993578293674884,0.5488202458863247,0.3083818980250477,0.042465131415941354,,0.41109125641154914
555,swift-sweep-368,run_1afe8f3c9ac2e8b5b066cb58d4c4f9bc,0.5246968865394592,1.5873005743458835,4.761186717474142,2.3582564750473782,1.1454416099197073,2.0082251938597877,0.9860753031269938,4.680348394120851,1.3547062539481993,1.1454416099197067,1.5592934008545662,0.5964099143009682,0.5235350381410727,0.36914775085400503,0.672793160597635,0.5501924184904186,0.5034133648206333,0.4012565848337159,0.055292443727889884,,0.35563066918491143
556,breezy-sweep-369,run_25306cfceac5c0d6d00944d27eb2f24d,0.5919591784477234,1.3002297383535417,5.413445835601524,2.3371320277953247,0.681735948775282,1.8238843171387875,1.1782386726228467,5.394338595536201,2.121642451042322,0.6817359487752818,1.7180606108561474,0.5733319507969002,0.5595385890352853,0.5072713341633943,0.7309697344038693,0.5652445752345696,0.5664825335854758,0.3953673279710397,0.06369563549587284,,0.411285604086899
557,vivid-sweep-370,run_0b94b6e0a985e40f01f67163f6dcbade,0.6179961562156677,1.2583152520740266,4.7767283614589,2.3602526847757415,1.011728834231121,1.8783153980060134,0.9954945756222072,4.7042188350571585,1.955615919140872,1.011728834231121,1.3969101123595502,0.5926520566266694,0.4380499820810903,0.4597951984164991,0.550548965275782,0.38763335456804526,0.5700615737424012,0.31532161295979033,-0.07152125860111186,,0.36406306297683316
558,sleek-sweep-371,run_ed7f900d6be549445d78eb76f362ec25,0.5777919888496399,1.406343331206126,4.210479041916168,2.403221730890713,1.1960463461733917,1.7632022471910112,0.9705296745373323,4.065459989112684,1.7967150979153508,1.1960463461733906,1.2060254787149867,0.5822164534707807,0.4865969151066276,0.410905883855314,0.6371637254171377,0.4336180563944947,0.5338394596227138,0.34201798858301635,0.0453250087192337,,0.4328511245867266
559,autumn-sweep-372,run_fbc273ef03b9c6ea515d5d476b8a24fc,0.5922144055366516,1.3348564135290362,5.088731627653783,2.292899557801642,0.7892519564996442,1.8079324260167744,1.0665220165922136,5.051986935220466,1.8487681617182545,0.7892519564996432,1.5655918658015506,0.5478297217422943,0.5238693940371482,0.38633687705519903,0.71916385624722,0.5157365698075742,0.553216320718736,0.40593346242236683,0.04471083573890347,,0.41388912635590414
560,autumn-sweep-373,run_ef97e519e9b910fdfda208d290b37f5f,0.43178045749664307,2.541174218251436,7.593413173652695,4.577321541377132,0.0,2.844908213324893,2.541174218251436,7.593413173652695,4.577321541377132,1.6010501526376075e-15,2.844908213324893,1.0,1.0,1.0,1.0,1.0,,,,,
561,autumn-sweep-374,run_3f54e394b8a5d7ae9982b99f589c6ec0,0.6185067296028137,1.2482067645181876,4.787942297223735,2.4150852811118124,1.0114645797337127,1.8380796012027214,0.9658583280153163,4.7139629831246594,1.9950221099178764,1.011464579733713,1.3232038297198927,0.5960330786921995,0.4110178974462501,0.44275324841171027,0.5244658775274139,0.3916938996394463,0.57575596885897,0.2681582263092377,-0.0571693525383595,,0.378689944265934
562,playful-sweep-375,run_41315ca9d9c7a0b1aec54522e03f9c98,0.7059348821640015,0.8931333758774728,4.636526946107785,2.083171193935565,0.9345207846325846,2.011018357335021,0.6303126994256536,4.533641807294502,1.6401768793430183,0.9345207846325846,1.6117225826871333,0.6951016551727633,0.41702360368483316,0.5499811640008939,0.5744186089511485,0.4156542832963486,0.7031939848754454,0.23811789496035413,-0.2455111940424232,,0.273976026621439
563,winter-sweep-376,run_e0961c0cb5e48c862ea42c66b3e99593,0.5370771884918213,1.4954052329291638,4.298067501360914,1.8547694251421347,1.5477538367720296,1.7752848551986073,0.9025526483726868,4.194202504082744,0.8430827542640549,1.5477538367720305,1.2787822440259535,0.6036036878639595,0.5684246242842192,0.33771366088816523,0.5749334071953711,0.5274101902141881,0.5440869083577153,0.4509323146229539,0.07321220242591966,,0.4309228919400125
564,comfy-sweep-377,run_08dd94c8c685c14ad96dd2d4ab5e2a04,0.6910018920898438,1.0095979578813017,5.199646162221012,2.5721036007580538,0.6836111393434291,2.07799493590758,0.7607913209955323,5.1384050081654875,2.202552116234995,0.6836111393434314,1.6737141952840628,0.6572045060542115,0.5152604909938977,0.5763791782396321,0.5686448254146749,0.4390668788846631,0.6558680415534057,0.284400086641395,-0.25472062929591766,,0.27654231837255006
565,morning-sweep-378,run_229435fa669681d2bef310efb89df698,0.7021059393882751,0.9829610721123164,5.334349482852478,2.4917372078332276,0.8428549649354607,2.035749327425225,0.831333758774729,5.307403375068046,2.252646873025901,0.8428549649354612,1.788993511631587,0.6519425811047184,0.519996160385282,0.6014808607093829,0.5668283249672035,0.5077979534030849,0.6510301303279944,0.31695632772593507,-0.2606224008472489,,0.294842257301174
566,visionary-sweep-379,run_c95d56875c1a5c963a9bee98a1a0e9dd,0.5627313256263733,1.4295469049138478,4.9907729994556345,2.1970814908401763,0.9640410610834433,1.8629886057920555,1.1276707083599244,4.958927599346761,1.7567530006317114,0.9640410610834419,1.6337513847127698,0.5068472244814862,0.5350011284747813,0.38036794049101297,0.6897924448892929,0.5431487603375105,0.5134393608136494,0.4105214309921071,0.035023662572071235,,0.3932726050857568
567,blooming-sweep-380,run_62737e6ffefcabf529943a69422700f5,0.5636247396469116,1.3872112316528395,4.773843222645619,1.9895767530006312,1.3198495782091675,1.793341509732552,0.9700063816209309,4.71701143168209,1.3894630448515466,1.3198495782091686,1.468535369520493,0.5474361699567748,0.5370878797360101,0.3868780129617214,0.6172259805569076,0.49634567269056684,0.5408751647349747,0.41601869435682837,0.03186639484641643,,0.41202317134839217
568,volcanic-sweep-381,run_b8dbdcf5596bf6a79aab07902b4b720e,0.6144224405288696,1.1844288449266112,4.733886771910725,2.266216045483259,0.6964325642849883,1.7660587118214905,0.9296490108487551,4.667256396298313,1.9344788376500317,0.6964325642849879,1.350241335654376,0.5827696635455587,0.43503866350531967,0.45217523864253106,0.5658977759890474,0.42378190719348496,0.6033732927339699,0.30612656127618354,-0.05062230851578861,,0.395153975234677
569,serene-sweep-382,run_a0a8aa98a12ea2ff9caa0a15f0d418d3,0.5812380313873291,1.3401148691767708,4.81943385955362,2.1041187618445987,1.195075719077142,1.9364614654217434,0.9757498404594755,4.736145890038106,1.5513708149084007,1.1950757190771426,1.494651052381706,0.5408318463092745,0.4383450900650665,0.41211106854388146,0.5405912629294356,0.42237940634679294,0.5432218575012864,0.3254582692978198,-0.046191778810531686,,0.3420571960890069
570,pleasant-sweep-383,run_1f02b6a47c1514902a888e0c73c4dccd,0.5984684228897095,1.3262667517549453,5.166929776810017,2.4145672773215408,0.7912948470373005,1.8547950625098906,1.05356732610083,5.11842678279804,1.8387618445988634,0.7912948470372998,1.5643851875296724,0.5318540943389841,0.5373675548517399,0.39285094020368416,0.7061678600738553,0.49039108162449907,0.5416404113282501,0.36326534027216556,-0.002028472273972848,,0.3874639578341013
571,curious-sweep-384,run_eb08f9c38dacba8d6a34e843b2aee003,0.5766432881355286,1.4178174856413528,5.205008165487207,2.4127353126974094,0.771917877833113,1.9225312549454026,1.1099680918953416,5.176592270005444,1.9392672141503464,0.7719178778331129,1.7038336762145898,0.5599266351582342,0.5393473267138107,0.3965629090444721,0.7380090007077249,0.5562904269958872,0.532165523668024,0.4074667777071853,0.04163683693374401,,0.3881004049061548
572,ethereal-sweep-385,run_528261ad8d09cef66debecd3dc6d6e52,0.5252074003219604,1.4572176132737715,4.329450190528035,2.1019583070120023,1.16128163431243,1.7865761987656272,0.9492661135928514,4.231954273271639,1.2787744788376505,1.1612816343124301,1.3059542649153348,0.5239992771726907,0.4583804826919953,0.3236267279634773,0.6183510122169888,0.46746462170011016,0.5412477343411597,0.4266607681878794,0.06971528065074578,,0.4333904114894522
573,royal-sweep-386,run_1c6c26471a3eb7dbc5ea81a818b61b6e,0.6315252184867859,1.1948053605615823,5.015432770821993,2.270650663297536,0.7333418030287631,1.9425818958695995,0.8777664326738986,4.959580838323354,1.7414276689829424,0.7333418030287618,1.6632813736350682,0.6031421102821174,0.5036721653172487,0.3938577083931935,0.6865811376730632,0.48761616061555807,0.5991027776058349,0.32365020715845566,-0.0018643488186232404,,0.3369466968706778
574,summer-sweep-387,run_3b41686933b6d09b0648db468a18f494,0.6028079390525818,1.29490746649649,4.917964071856288,2.1697157296272893,0.8569112714706779,1.8116671941762934,1.050695596681557,4.8699510070767555,1.7515982312065699,0.8569112714706763,1.5792965659123284,0.5774872127431501,0.5065702845879543,0.42884302269897523,0.7047236442973118,0.5231029219687532,0.5664917673679077,0.42231998990806424,0.06684569109972646,,0.41467610266122246
575,radiant-sweep-388,run_f9f7e3be35308ba38cc1b09ae845da5b,0.5762603878974915,1.3950350989151243,4.938323353293414,2.4436891977258366,0.8579479621912797,1.8892348472859628,1.1570261646458198,4.88541099618944,2.1086797220467446,0.8579479621912787,1.5079561639499914,0.5278173627607042,0.45097371263390706,0.4460174632059509,0.5662638304267875,0.42079795707699325,0.5165557000556587,0.2906849484193711,-0.029258829575446565,,0.3554490410311229
576,fallen-sweep-389,run_853eda0918789fb8d5fad85595a2c015,0.5790683031082153,1.3627058072750478,4.019733260751225,2.221920404295641,1.2162109970525457,1.6861410033233104,0.9335545628589663,3.8938214480130653,1.5748704990524307,1.216210997052546,1.0452168064567187,0.581964669514756,0.4136065358950216,0.3461082910321489,0.5921088276138556,0.42441631021724,0.554203271011781,0.3963933625065368,0.06234527486559627,,0.46769392230177187
577,fragrant-sweep-390,run_d8f73d27dae76f1c7ec7a872af8248c8,0.5771538019180298,1.1809317166560305,5.192324442025041,2.3576626658243836,0.8949690009147272,1.8491256527931632,0.9746266751754941,5.180566140446379,2.0997978521794054,0.8949690009147278,1.6586999525241335,0.580148424900304,0.5557959018794312,0.47709095552788683,0.5793654168907406,0.4989074610176571,0.6269320652969395,0.33373084560909944,-0.1535047679095717,,0.3549660270196602
578,youthful-sweep-391,run_405421e49af94079a0d672968d4a1b36,0.5756222009658813,1.4122144224633053,5.325911812738161,2.471105495893872,0.7086797438764101,1.9110262699794267,1.1597319719208674,5.294066412629286,2.102931143398608,0.7086797438764093,1.6975272986231993,0.5230889865190849,0.5595699557207605,0.4188929859847397,0.7465823227910569,0.5677895366042185,0.5259863715478714,0.37991831319179536,0.04172059662525568,,0.39059876148824413
579,jumping-sweep-392,run_725c44bc6cd1ab6e630f9ff6e3c86a1b,0.6020421385765076,1.2830248883216335,4.383587370713119,2.3816171825647494,1.072639495883728,1.7595268238645354,0.9501340140395648,4.292460533478498,1.8819330385344264,1.0726394958837278,1.2311204304478562,0.591024492804241,0.4144695059464212,0.4078881333205632,0.6063967788510142,0.44641600361590883,0.5696111518857891,0.35794471682330925,0.019280344190001297,,0.42510126913893287
580,rosy-sweep-393,run_a53b24bea05dba105baa261a31ff3c7a,0.6127632260322571,1.290287172941927,5.194093630919978,2.755994946304485,0.6694938510011179,1.8309384396265227,1.104199106573069,5.145590636908001,2.4650663297536313,0.6694938510011176,1.4691011235955058,0.5514662813308144,0.4844451481488626,0.4928903681001181,0.7039528200404874,0.43740258980341656,0.5565641688687007,0.28297991846886317,-0.0031367945829043065,,0.38459400858172477
581,dainty-sweep-394,run_d22aac6dd8eebf80eda80df621f85a5a,0.5691129565238953,1.424862795149968,4.881219379422973,2.3484902084649395,0.7224616322797032,1.9101202721949675,1.1374601148691772,4.7930321175830155,1.9574478837650036,0.7224616322797054,1.467740148757714,0.5355421518424595,0.418576938302537,0.4322631931807298,0.559558745469235,0.3842473902812814,0.5009552933887971,0.2152112938533149,-0.04748495793456903,,0.3390228913591495
582,rose-sweep-395,run_f5cd4b5bfbf0019990264df8e2f35d28,0.6035736799240112,1.268257817485641,5.063527490473597,2.229804169298799,0.8388047565809533,1.8235361607849343,1.0261135928525844,5.002286336418074,1.7746304485154771,0.8388047565809522,1.5685195442316815,0.5279919371738073,0.4815814788515415,0.41306819270184847,0.6875858399238133,0.4750498729118041,0.5564976264633327,0.31299687712036517,-0.01476749874943381,,0.3838936441535109
583,spring-sweep-396,run_a351bf07864a928aed2394f7682869c8,0.5425654053688049,1.5348564135290361,4.732934131736528,2.3112192040429558,1.0899684927330011,1.9586168697578727,0.9919846841097651,4.650626020685901,1.4185217940619075,1.089968492733,1.5110381389460361,0.6001727472771224,0.510672900301912,0.35296108291032147,0.6845836743790882,0.5339961064034113,0.5135479743363617,0.40212698480148246,0.053867237521614486,,0.3718511381473675
584,effortless-sweep-397,run_a68d44a42b59774a8a548dcfbe01de1b,0.6099553108215332,1.3028589661774088,5.128361458900381,2.7408970309538847,0.7079073076532166,1.8430803924671622,1.0740395660497775,5.073979314099076,2.4043461781427653,0.7079073076532169,1.510440734293401,0.551662218067017,0.49143107127014823,0.49173482744309294,0.6970229692141612,0.45956979447163926,0.557000235513421,0.2824024201827797,-0.023777263704983842,,0.38193484324694327
585,fluent-sweep-398,run_5602cc6e28e99e08206aeb316c055556,0.43178045749664307,2.541174218251436,7.593413173652695,4.577321541377132,0.0,2.844908213324893,2.541174218251436,7.593413173652695,4.577321541377132,1.6010501526376075e-15,2.844908213324893,1.0,1.0,1.0,1.0,1.0,,,,,
586,earthy-sweep-399,run_f805cfde18cad64bf977588d974dc848,0.5401403903961182,1.4419910657306954,4.754246053347851,2.4050536955148445,0.8725226140867974,1.580803924671625,1.163088704530951,4.727789874795863,2.0794188250157917,0.8725226140867967,1.232069947776547,0.5073239768710756,0.48880046406377015,0.4280899019889538,0.6531500803492093,0.4592747464360738,0.5298205704013089,0.4231579071295225,0.08420270324007698,,0.49060703772971914
587,dainty-sweep-400,run_039a3a2a4a149627b36a0ce3fc012257,0.6190172433853149,1.2228462029355456,4.708356015242243,2.3771067593177504,0.7319493851001118,1.757588225985124,0.9896617740906176,4.646135002721831,2.044068224889451,0.7319493851001118,1.4254470644089248,0.5576278354659724,0.45475161483507787,0.4358578360948824,0.6304370406979982,0.4762979345914447,0.5804987764697979,0.32701115014752796,-0.021819380617081163,,0.3886540722619188
588,dutiful-sweep-401,run_e5074fa904434d20ccb736d6d3303460,0.5581365823745728,1.4036758136566687,4.037289058247142,2.300909665192672,1.211037707084053,1.6564329799018829,0.988079132099552,3.9407729994556346,1.688894504106127,1.2110377070840532,1.0374426333280578,0.5555505494204118,0.4325111117662371,0.36464514893209465,0.6046202496063531,0.436178926238279,0.5429362109798611,0.41780156820071335,0.09299020140175324,,0.4772882597474457
589,desert-sweep-402,run_7feaba5deaed7c3ab6613815e4173054,0.5970644354820251,1.3030504148053603,5.221801850843768,2.351219204042956,0.8368990751092591,1.8762027219496753,1.1121378430121243,5.195345672291779,2.00971572962729,0.8368990751092592,1.6765192277259053,0.5070891353619797,0.4937559775193912,0.4443793697921655,0.6750053102532501,0.5192866860949221,0.5442964697166934,0.3510070207089533,-0.025104055275767007,,0.37941180943616665
590,winter-sweep-403,run_6cd120f04313ad9a09d9656cfaa0d64a,0.5409061908721924,1.5039948947032544,4.6468971148611855,2.008022741629816,1.3061439170647424,1.8708221237537583,0.9797319719208676,4.569488296135003,1.1224257738471253,1.306143917064741,1.4336406076910901,0.5503961077295958,0.542144587160816,0.30256744245442646,0.6197004481926058,0.4793127792645225,0.5135696090511637,0.4228025298505984,0.040885825313681956,,0.3819545884661743
591,classic-sweep-404,run_b661ca7150c5fa4c19091f2bf806de0e,0.5913209915161133,1.252405871091257,3.9610778443113777,1.7505243209096646,1.4348307754853136,1.6231444848868488,0.9213529036375235,3.8336962438758846,1.0080985470625383,1.4348307754853127,1.2707073904098736,0.5771112058500856,0.4123346522091678,0.4149471634262363,0.5313802586755731,0.4808617684809062,0.5780516758146976,0.4361196899673012,0.06457610159645727,,0.4482608060282718
592,ruby-sweep-405,run_c5ab31937a6e55e3e54ab6900135f181,0.6210593581199646,1.220918953414167,4.974523679912902,2.5659633607075167,0.7803130399430835,1.7549612280424116,1.001748564135291,4.932879695155144,2.257271004421982,0.7803130399430833,1.3840797594556096,0.5719220988988886,0.4521842707620454,0.45194569485681446,0.6651615405974326,0.4380855343495308,0.5813262451130266,0.316181194840396,-0.021673694681174666,,0.4090169299789522
593,ethereal-sweep-406,run_313d818d9d00d4cbc0be8fb6e0c8af58,0.507594108581543,1.5714486279514996,5.114833968426783,2.1867593177511053,0.7171409696107327,2.0314052856464624,1.2160433950223357,5.043794229722373,1.6752747946936188,0.7171409696107337,1.6847365089412893,0.438539879657349,0.47351511872116814,0.394136098074897,0.6328327241294596,0.4569627986639523,0.45479827835806785,0.282540220881921,0.02111924385584696,,0.28857427333514324
594,dry-sweep-407,run_30341f7857dac5b1d9f6c1c21e77ed8f,0.5900446772575378,1.3487938736439053,5.226782798040285,2.3122804801010735,0.797194836873666,1.8526982117423638,1.08390555201021,5.202776265650517,1.921402400505368,0.797194836873665,1.6699636018357324,0.53526039168237,0.5253051284801193,0.41473597675829266,0.7114084765391206,0.5413703569222192,0.546919496175421,0.4170492793865179,0.04242167987923476,,0.3986899060376574
595,pleasant-sweep-408,run_7d12b30d8d2d9606839902b916331582,0.5539246797561646,1.3950606253988511,4.3754491017964074,1.8823246999368282,1.3704746417318832,1.7584230099699316,1.1136311423101486,4.250517147523137,1.301377132027795,1.370474641731885,1.4706480455768314,0.5391771126899045,0.4429803442076568,0.4800751843693133,0.582635258636242,0.5066943670486963,0.5131206490708903,0.37549823378895775,0.04321412552393619,,0.40355748685236736
596,cool-sweep-409,run_859880c531aa59fc99fdd8a35cd7ce75,0.5910657048225403,1.3091512444160815,4.091235710397387,2.147706885660139,1.2845055391808111,1.7351123595505618,0.8756349712827052,3.9746325530756668,1.531749842072015,1.2845055391808113,1.1152437094476968,0.5927837076794926,0.4148794745561794,0.35496919196756377,0.5673499216941236,0.4028605714325089,0.5691609951479758,0.3816808038975232,0.030655617581867273,,0.44380726668602066
597,peach-sweep-410,run_cc598f37a9ccf733c1433297f9645cbd,0.5880025625228882,1.3364518187619654,4.911867174741426,2.256487681617182,0.9753481044821627,1.9141082449754705,0.9888576898532234,4.824659771366359,1.6070625394819962,0.9753481044821629,1.608672258268714,0.5365983907600153,0.47066879155980934,0.38087044663665676,0.669678072214208,0.48213340176597114,0.542377349554659,0.32136487865771063,-0.0007333756520619961,,0.35069353809856063
598,worthy-sweep-411,run_b76e9f9e3cda4468ba95930d0be858f5,0.5548181533813477,1.450874282067645,5.234240609689712,2.4415792798483884,0.7292204492326455,1.8870272194967554,1.1278621569878748,5.196516058791507,1.994188250157928,0.7292204492326446,1.6620628263965807,0.5299667125429395,0.5412038133126217,0.40572071640647445,0.7322921883892537,0.5464846074209804,0.5260711118977501,0.3829581408212895,0.04457473087528535,,0.3950501745851912
599,colorful-sweep-412,run_a41b8ebfad2202173db45373c49fedb8,0.5731971859931946,1.4209955328653476,5.186908002177463,2.392457359444093,0.782315275942677,1.9026784301313495,1.1009700063816206,5.149183451279261,1.8770183196462407,0.7823152759426779,1.647804241177403,0.5274947632068981,0.5725061356898621,0.39820818567825556,0.7472419164381711,0.5643416820055243,0.5232228216948324,0.38097865531738734,0.05003241532693051,,0.3878777291587378
600,resilient-sweep-413,run_d591de75f7a0673526f5d1a903580566,0.5539246797561646,1.4551244416081681,4.650816548720741,2.132154137713202,1.255564589897347,1.8331974996043676,0.946483726866624,4.553810560696788,1.2849399873657599,1.2555645898973464,1.4807604051273933,0.5582027300237082,0.5158326490400564,0.3098434058040418,0.6510740200477244,0.49166879006728426,0.5276764685721096,0.3969454693019754,0.04553627049345027,,0.39869145984676796
601,rare-sweep-414,run_950bfc88b1b3dbdaf3d773befd262d25,0.5568602681159973,1.3992214422463303,4.908737071311922,2.3474289324068223,0.9625266795406037,1.772942712454502,1.1488066368857697,4.849945563418618,2.0128616550852816,0.9625266795406037,1.3956520018990328,0.5271032906577091,0.45719436516206463,0.4314676116591642,0.5781677301519302,0.4400780641469922,0.5221211085994091,0.27683935778514546,-0.0010949314576733649,,0.39260048538582093
602,feasible-sweep-415,run_ac45959c16f4698c3c1c85150a7cfdfa,0.5674537420272827,1.3304786215698787,4.7030756668481235,2.413240682248894,0.8978351458481553,1.6300205728754547,1.0074664964901094,4.658982035928143,2.025331648768162,0.897835145848155,1.1899192910270624,0.5353558605656538,0.4724120743040691,0.41128547712543495,0.6379846336812354,0.44355736854898276,0.5725782399178072,0.3850447377265698,0.060533528993663405,,0.46549877408761176
603,clear-sweep-416,run_1524879af57e77fb15740e159723e6b9,0.5700063705444336,1.3583152520740265,4.345617855198694,1.9349842072015153,1.3855168208151234,1.8387323943661966,0.933069559668155,4.201578660860098,1.1709917877447875,1.3855168208151243,1.4108086722582684,0.5403419532947412,0.4129749807678052,0.37242313954602047,0.5722940727404352,0.4244427117528232,0.5418747935089063,0.3312955770194148,0.020947525324956612,,0.37002059065343923
604,brisk-sweep-417,run_00f35a4d397f496d445fa2cddf5ce3ae,0.587236762046814,1.3578302488832161,4.835519869352205,2.127327858496525,0.8723549141172882,1.782979901883209,1.0168985322271868,4.78603701687534,1.5862918509159818,0.8723549141172904,1.4962019306852332,0.5588155158936938,0.5458866543227985,0.3813619385116368,0.7143039922197056,0.5326401456166341,0.5502441300342055,0.44399470717628686,0.05400051330388664,,0.4321593905539902
605,peach-sweep-418,run_a3d1076e194e3915e92123bed0f0e649,0.5494575500488281,1.47319719208679,4.979123571039739,2.2291471888818695,1.033138530338449,1.8734926412407025,1.1198596043395022,4.945318454001089,1.7095262160454832,1.033138530338449,1.5624307643614506,0.5191049035817719,0.5319170899003145,0.3601029594866392,0.6671618937209474,0.5312233811160336,0.5117986351568027,0.42401399269343104,0.027896208512602244,,0.39502843319247627
606,honest-sweep-419,run_6b2d858116723cd4d5511f4b1fcd9f31,0.6107211112976074,1.282693044033184,5.167147523135546,2.670031585596967,0.6625774977131823,1.7994817217914225,1.0658200382897234,5.124523679912903,2.36149084017688,0.6625774977131835,1.4833636651368882,0.5499905355700391,0.48869873578270395,0.4734265555661974,0.7042153865625151,0.4625616587345065,0.5647862696092034,0.2813957856898184,-0.011361810145542023,,0.3963057677965014
607,graceful-sweep-420,run_42d1865a9a78d473cc5e7abf999dc2be,0.5913209915161133,1.3514103382259093,5.043249863908547,2.322312065698041,0.8082986075820712,1.8870628263965814,0.9886534779834077,4.994256940664125,1.7629690461149703,0.8082986075820711,1.6291264440576032,0.593447213745511,0.5409571656975857,0.37545270248699036,0.7368405659109083,0.5408958991493603,0.5599998598831879,0.4042418255950648,0.06143171459795538,,0.39584260964340956
608,frosty-sweep-421,run_c44944b3d4cf0af0bcf435fa92e30be2,0.5950223207473755,1.3051691129546905,5.1889765922700075,2.320530638029058,0.7773096859436933,1.8579799018832093,1.0616464582003828,5.128225367446925,1.8957043588123812,0.7773096859436924,1.6225470802342148,0.5029325008506713,0.5131469220279127,0.400912907448201,0.692482359310093,0.5023760136927995,0.5417668433842024,0.3134360489082698,0.005868190325867467,,0.3766361526882057
609,fluent-sweep-422,run_419bca58626470808083f538a3991499,0.5470325350761414,1.4277983407785575,5.076510615133372,2.2050536955148443,0.8852525663177152,1.8188518752967238,1.1858838544990427,5.038296135002722,1.7692987997473149,0.8852525663177152,1.605637759139104,0.4837373546944395,0.5011297961543052,0.40603885323883404,0.7081629036191612,0.5420739497418996,0.5183896462023732,0.40380031945789263,0.05236435100242856,,0.4137511931399125
610,radiant-sweep-423,run_86dea0eb6b50ea9ce3309a4a3a3e94ff,0.6114869117736816,1.2110529674537331,4.212629286880784,2.346645609602021,0.888098383982112,1.649497547080234,0.8960816847479252,4.129831246597714,1.869778900821226,0.8880983839821113,1.1237260642506723,0.5753291286251856,0.4040877957626045,0.38183762730262105,0.6177550529159022,0.4346941561779322,0.6030350180985156,0.39730778797030425,0.04748233317974346,,0.46617359253874757
611,trim-sweep-424,run_9eece292ddefe1eb432da756e6236453,0.43178045749664307,2.541174218251436,7.593413173652695,4.577321541377132,0.0,2.844908213324893,2.541174218251436,7.593413173652695,4.577321541377132,1.6010501526376075e-15,2.844908213324893,1.0,1.0,1.0,1.0,1.0,,,,,
612,hardy-sweep-425,run_cf0330dab7cfee136e2686aa9782c90d,0.5375877618789673,1.4969878749202294,4.980348394120849,2.2177637397346803,1.1205661144425247,1.941019148599462,1.1519208679004471,4.9044093630919985,1.7251674036639284,1.1205661144425247,1.562731444848868,0.4708743653306006,0.4546849428728093,0.39950739073524244,0.5437631481035503,0.4404499414748062,0.47701907097322005,0.29602857518764336,-0.02078964270379005,,0.3382048235680444
613,drawn-sweep-426,run_c2203ab27cc4ba30182b103cdd5e5c13,0.6843650341033936,1.031167836630504,4.961622210125205,2.5356664560960196,0.6598993800182944,1.893424592498813,0.7945373324824505,4.867555797495918,2.1930638029058733,0.659899380018295,1.4265469219813258,0.6610737392264051,0.44265606517080364,0.5399118858346902,0.5709609067636431,0.39358080309810417,0.6456640090482383,0.2285564474823739,-0.20138210014516836,,0.35657366739085866
614,hearty-sweep-427,run_ed547ac5f3b0acf8c03e6dda198a5cd7,0.5989789366722107,1.259298021697511,4.940990745781165,2.1421351863550213,0.9465951824372395,1.8069314764994457,1.0254243777919592,4.883669025585193,1.688464939987365,0.9465951824372402,1.5933612913435669,0.5230818941334993,0.4581035137623171,0.4398756504804776,0.625356430378827,0.5176673233125222,0.5594651965715199,0.34956613714947404,-0.01129926947380519,,0.3732194434591499
615,bumbling-sweep-428,run_5884356ec59239c095321571ebcb770f,0.6524569392204285,1.1404722399489469,5.304491017964072,2.5067972204674662,0.699141172883423,2.1162644405760402,0.8840842373962978,5.242270005443658,2.1545672773215405,0.699141172883424,1.7760049058395317,0.59446787591345,0.5286796216724098,0.5348435654311529,0.5312179802023569,0.4709625902914415,0.6020814343215795,0.241987018176059,-0.19231873911479852,,0.2599496997322991
616,fine-sweep-429,run_8fd007ae68040b52a083c367f054564f,0.5682195425033569,1.4286534779834072,4.4007076755579755,2.046089703095388,1.3094420164650877,1.8704541857888903,0.9333375877472881,4.297822536744692,1.1417435249526209,1.3094420164650873,1.4701614179458764,0.5756625449026934,0.52812043320046,0.28899035852249144,0.6105320325555861,0.5090084364224153,0.53387573384512,0.403631568298019,0.04450424172059336,,0.3845493220966725
617,zany-sweep-430,run_f161bff7d497ed1ab2d0150b6b824eb3,0.5857051610946655,1.3301595405232929,4.503483941208493,2.279785217940619,1.0602347799573124,1.6770572875454972,1.01059349074665,4.429994556341861,1.8211623499684135,1.0602347799573126,1.2413712612755192,0.5501180733145068,0.48716784630800297,0.3756282923091658,0.6232228090580095,0.4225489221855321,0.55202294691733,0.3564505884810745,0.03722086355192644,,0.44054201150032296
618,different-sweep-431,run_43e9d0e8ee0d2b5715e617e43a15bd6f,0.6056158542633057,1.2940395660497765,4.6737071311921605,2.6039924194567274,0.7244740319138122,1.7805863269504665,0.9528781110402048,4.590909090909091,2.0967909033480727,0.7244740319138125,1.2793123912011384,0.5740169632587115,0.4387958958741094,0.4574450084602369,0.6894084088338343,0.4380902086334685,0.5715901663853505,0.34978951793566315,0.02076942383695768,,0.42616029390278043
619,fancy-sweep-432,run_2d108905c73f189e53c67df1146ee271,0.508104681968689,1.574524569240587,4.650163309744149,1.9520909665192667,1.3969966460006096,1.9653940496914064,1.138481174218252,4.566875340228634,1.2642703727100444,1.39699664600061,1.4933177717993347,0.4518532120568852,0.4682898346340618,0.3517456820866456,0.5487112546386345,0.42917905098241776,0.467768317478984,0.37354678522987267,0.016477066653549227,,0.3331173057550184
620,splendid-sweep-433,run_16201b00e36a1bea26c3260620c6eea7,0.43178045749664307,2.541174218251436,7.593413173652695,4.577321541377132,0.0,2.844908213324893,2.541174218251436,7.593413173652695,4.577321541377132,1.6010501526376075e-15,2.844908213324893,1.0,1.0,1.0,1.0,1.0,,,,,
621,honest-sweep-434,run_c69e5efe02ffacc24350ff4140042a53,0.5775367021560669,1.312469687300574,5.181491562329885,2.22699936828806,0.8077650167699969,1.823844753916759,1.1040970006381616,5.168753402286336,1.8993935565382178,0.8077650167699967,1.6805625890172493,0.5604021885280202,0.5656569835199816,0.4960741308303802,0.6825207751039455,0.5410783397127782,0.5656835266657387,0.411306551967799,0.045941347481543854,,0.4110726086475817
622,celestial-sweep-435,run_1db08a6004db053ea03e4a56aed3b7bd,0.4943203628063202,1.5925590299936183,4.630321175830158,2.1817308907138337,1.1170444150828334,1.880400379806931,1.1569751116783653,4.580838323353293,1.5000379027163604,1.1170444150828334,1.405974046526349,0.47260592424734627,0.5019470266822715,0.3409890495801807,0.6409019016723795,0.46110268722319153,0.4815973750445708,0.4443500511754989,0.06696716909675668,,0.38532002506330415
623,cosmic-sweep-436,run_41467f3d6f948dc7dc48240810709187,0.5851946473121643,1.3396171027440966,4.579912901469788,1.9931522425773842,1.2648084154893788,1.792696629213483,0.9072495213784294,4.498094719651606,1.2557548957675286,1.2648084154893773,1.4743709447697413,0.5890267138320743,0.5054423514482551,0.36016218114484566,0.6193966087768483,0.4743283860222355,0.5583403863494774,0.4022117424515984,0.05136399068718045,,0.4012269403355966
624,summer-sweep-437,run_c9cf977ff671eb890e378adfb6acde26,0.6889597773551941,1.0103892788768345,4.66094175285792,2.2386355022109914,1.1169427787376764,1.8398362082608006,0.7884620293554556,4.5805933587370715,1.9255590650663286,1.116942778737677,1.3776586485203366,0.6782770531603061,0.4210483390189779,0.5281470484947164,0.561440697707721,0.3986086276582066,0.6491597288136207,0.306932963885417,-0.1661814766596676,,0.37003596549013057
625,playful-sweep-438,run_71df669fcab308cc7f3a0a7db896fde3,0.5848117470741272,1.3323548181238034,4.462928688078389,2.1258243840808584,1.1870210387234474,1.839757081816743,0.9197447351627309,4.357103973870442,1.3537965887555266,1.1870210387234474,1.435974837790789,0.5514764735253398,0.45354887499900415,0.3338813332056316,0.6254453101262043,0.45393191587531323,0.5530581960281334,0.40093225877853367,0.043343744805555084,,0.39526801843749193
626,skilled-sweep-439,run_ae3329034adcd4f42ec87fea2aee7857,0.584301233291626,1.3383407785577535,4.671393576483397,2.07360707517372,1.2051478808822036,1.8382220288020255,0.9459476707083585,4.582226456178551,1.40252684775742,1.2051478808822038,1.538554359867068,0.5696482852313131,0.46609189873191464,0.3802102289052772,0.6309392442578128,0.4761600463190066,0.5524791575929238,0.3757840156573913,0.030175598689704958,,0.3819164955107601
627,stoic-sweep-440,run_3e831139e7c3df5105552440096d4b05,0.43178045749664307,2.541174218251436,7.593413173652695,4.577321541377132,0.0,2.844908213324893,2.541174218251436,7.593413173652695,4.577321541377132,1.6010501526376075e-15,2.844908213324893,1.0,1.0,1.0,1.0,1.0,,,,,
628,ancient-sweep-441,run_029d77f471659914be42112c78378c16,0.5671984553337097,1.416719846841097,4.502749047359827,2.0839292482627916,1.3081817257851407,1.8357018515587908,0.9174984045947688,4.396924333151879,1.279747315224257,1.308181725785142,1.4487260642506725,0.5553820786358076,0.6045420857198421,0.3564680905404974,0.6238485109937418,0.5392737733517217,0.5354213234222404,0.399418343993003,0.05551795648977284,,0.40016378042040607
629,unique-sweep-442,run_985316914f6e50bcc673a2d3814de54c,0.6051052808761597,1.2855647734524567,5.215078933043005,2.3960960202147814,0.6605600162618153,1.922357176768476,1.0498532227185695,5.18323353293413,1.9733291219204034,0.6605600162618148,1.6908411141003317,0.5146623175864139,0.5246681271124023,0.43205025061456437,0.7136004381155502,0.5141513409461865,0.5587437841196186,0.35823865187552606,-0.035375104362146415,,0.3666003811268701
630,earnest-sweep-443,run_33d403b9e337bd8c8d86d47689ac8476,0.5077217817306519,1.636094447989789,4.7915078933043,2.4062665824384073,1.120449232645594,1.963823389776863,1.1288321633694955,4.688132825258573,1.6473783954516728,1.1204492326455928,1.4433217281215371,0.5201217606819224,0.5012780472286815,0.3908880056188743,0.6937335496850379,0.4877633533344399,0.46749526432489036,0.3650304681315364,0.066554560217683,,0.36956262530822215
631,decent-sweep-444,run_0c236fedc50a192e31e7b373f09169c9,0.5373324751853943,1.5084747925973194,5.173571039738705,2.7458370183196457,0.595690618965342,1.5582449754708019,1.427606892150607,5.1716113228089275,2.6923562855337946,0.5956906189653435,1.4569789523658792,0.5912687472048103,0.7024183779710723,0.5394444976534815,0.7255039097770049,0.6593490872917203,0.5189840944537076,0.4342262364064587,0.1067668203237419,,0.4990129011723317
632,hopeful-sweep-445,run_f733a7d5dee51b60d78e0969707bfbe2,0.5675813555717468,1.3746011486917673,4.556314643440392,1.9272773215413763,1.3487244638682794,1.7390845070422531,0.9107594128908739,4.492133913990203,1.2023626026531904,1.3487244638682794,1.3651408450704219,0.5709257255226734,0.5278972710442753,0.3561600102161351,0.5944391594710932,0.47379016266028245,0.5545474415957267,0.45436279667449864,0.06550006587629187,,0.42240883346163804
633,sunny-sweep-446,run_e1b26d5a256e09a6f236342dbc2076c6,0.5817485451698303,1.3307977026164646,4.583560152422428,2.1154643082754263,1.1166429515194631,1.8563103339135936,0.9974473516273129,4.476755579749591,1.4631080227416298,1.1166429515194636,1.521534261750277,0.5383435324676749,0.42714772954149627,0.40099383839351277,0.6189391685622261,0.45776554077698267,0.5441042099876997,0.3401450146237887,0.004262345000603546,,0.3735540245278142
634,sandy-sweep-447,run_b371ce6a71b48df1fadb9de9a5113b21,0.5368219614028931,1.3887428206764518,4.283043004899292,1.6821478205938085,1.6457363553206625,1.7112913435670198,1.0694065092533511,4.194855743059335,1.0431964624131396,1.645736355320662,1.3831381547713253,0.6085286181039025,0.46128015434849806,0.6055965265140631,0.5360222301795479,0.5305822172961506,0.5273819769074661,0.37874247214249807,0.04555842037119004,,0.4083178426253416
635,rich-sweep-448,run_e748dac6a8288dcbb2eaa9bad143a115,0.679770290851593,1.0177919591576259,4.764044637996734,2.413708149084017,0.5690059965443642,1.8139460357651522,0.7823101467772815,4.692025040827437,2.0766645609602006,0.5690059965443635,1.3820343408767215,0.6462884112598606,0.4247731406280159,0.4932838489289021,0.5631796704591485,0.40990760572916984,0.6523842497815097,0.28355078670007344,-0.12151999259564197,,0.37687676362935385
636,honest-sweep-449,run_6fbd65af488cffe3dd23ba206aeab078,0.5848117470741272,1.3946649649010847,5.142133913990203,2.4569930511686664,0.6923264559406443,1.9698567811362553,1.1097894065092537,5.096080566140446,1.9916740366392924,0.6923264559406441,1.712134040196234,0.5241786028274978,0.5435344958928654,0.41482201577115857,0.7298848807428888,0.5463999726662844,0.525375415657158,0.35535258835406264,0.027665306432705206,,0.35145086733172914
637,dandy-sweep-450,run_6b64eea35adb33e12ccf616704516716,0.5917038917541504,1.3530695596681555,5.425176918889493,2.4627921667719512,0.7135887793474947,1.9873002057287545,1.1538864071474157,5.373244420250408,2.106696146557168,0.7135887793474943,1.7877591391042875,0.5001756457609374,0.5457524947764821,0.44773153912460495,0.7025908905517283,0.5365947095639,0.5188885674486616,0.30922481679775826,-0.0433810798686535,,0.32783968112009154
638,comic-sweep-451,run_d917f4d9b936439110b75f7c6459a725,0.5945118069648743,1.3019910657306955,4.278062057702776,2.3879595704358807,1.0793678219331233,1.674398639025162,0.9435992342054877,4.193794229722374,1.8541124447252058,1.0793678219331244,1.13317376167115,0.5836013353737233,0.43909809777084474,0.39522236056571847,0.6285738080023021,0.4258635413638804,0.5705024708847328,0.3994874960810365,0.047664224485287926,,0.46699460986303576
639,visionary-sweep-452,run_dcbec6cf9b3f21cae8ccdce72a5be4c1,0.5831525325775146,1.3393363114231012,4.585547087642895,2.20236260265319,1.1381237930684012,1.854114575090995,0.9970261646458213,4.501769188894938,1.742918509159821,1.1381237930684012,1.3740623516379171,0.5446546712912551,0.43281628245547865,0.4115884493822431,0.5363244517435356,0.3952613640127006,0.5450645684621063,0.3285880490635415,-0.04375209997755092,,0.36811898905299417
640,vibrant-sweep-453,run_66d6c445197dbbb6f28bb9e71a120444,0.761837899684906,0.7619910657306954,5.200163309744148,2.4914213518635497,0.7570586441711555,1.9922535211267605,0.5795788130185069,5.126673924877516,2.1922173089071384,0.7570586441711555,1.6184522867542332,0.7582012465740214,0.48925924689139677,0.6679069693196693,0.5455248156359601,0.4056235561079121,0.7397247702709039,0.2086389321315797,-0.384610635988083,,0.29421183238908666
641,stoic-sweep-454,run_19432abf3ce29bd76bb6346fb3d982b2,0.5559667944908142,1.489227823867262,4.655525313010344,2.176512950094756,1.2069315987397091,1.8930131349897135,0.9695596681557115,4.552150244964617,1.3765887555274792,1.206931598739709,1.468650102864377,0.5879933166815622,0.5301840563902548,0.32655221402803053,0.6558892968054375,0.5367024112471144,0.5158145651901196,0.38499094151559754,0.047974848109710866,,0.3942726073937509
642,hopeful-sweep-455,run_5190f8c2376047140be4827246caf86c,0.43178045749664307,2.541174218251436,7.593413173652695,4.577321541377132,0.0009452180099603617,2.84487656274727,2.541174218251436,7.593413173652695,4.577321541377132,0.0009452180099602203,2.844662921348314,1.0,1.0,1.0,0.9999556580347642,0.9999679651460789,,,,,0.0017115711794783882
643,peach-sweep-456,run_3844a68346c225ea86a5f79891cfd88f,0.622590959072113,1.2210721123165282,4.962847033206315,2.5710170562223618,0.7325236304502489,1.7305032441842063,0.9759412890874282,4.913854109961894,2.2069993682880593,0.7325236304502477,1.3490109194492796,0.583708819169675,0.4611779099534954,0.4435169045110622,0.6918724748791286,0.43950735994793816,0.5893959665857327,0.30654448151082603,0.0052030127910676904,,0.4253811568647701
644,easy-sweep-457,run_45767ace83cdec1e16652fec670e5476,0.5781748294830322,1.3986343331206126,4.564833968426784,2.1196083385975992,1.2723955686553512,1.8602429181832565,0.9494958519463939,4.458519324986391,1.38870499052432,1.2723955686553508,1.506025478714987,0.5694638376928288,0.5424197949338296,0.3204329087252179,0.624643738949934,0.5153062885038067,0.5329954679149986,0.36768387634554867,0.03316552774952397,,0.3854029141561981
645,absurd-sweep-458,run_7309a74c9f5a2703ffcc51f7d34365b1,0.43178045749664307,2.541174218251436,7.593413173652695,4.577321541377132,0.0,2.844908213324893,2.541174218251436,7.593413173652695,4.577321541377132,1.6010501526376075e-15,2.844908213324893,1.0,1.0,1.0,1.0,1.0,,,,,
646,earthy-sweep-459,run_1bbc16ea518918956c2d4c0c13a8cf13,0.43178045749664307,2.541174218251436,7.593413173652695,4.577321541377132,0.0,2.844908213324893,2.541174218251436,7.593413173652695,4.577321541377132,1.6010501526376075e-15,2.844908213324893,1.0,1.0,1.0,1.0,1.0,,,,,
647,restful-sweep-460,run_96368d4b356244fd2d8f4be349c2cb0a,0.5812380313873291,1.3483216336949584,4.613037561241155,2.013468098547062,1.2286970220550866,1.8048069314764992,0.9405360561582643,4.534648884050082,1.2583322804801,1.2286970220550877,1.4858403228358916,0.5786210210945681,0.5048159612516417,0.3476590684161798,0.6185030417408868,0.4774915011889733,0.5522843018535248,0.41464247037335816,0.06144549794826304,,0.3999187194260323
648,northern-sweep-461,run_be0797cc9fa79c9254603bc3d30c39d9,0.6208040714263916,1.2204977664326737,4.865759390310289,2.542590018951357,0.7161550970627095,1.6978042411774015,0.9944352265475429,4.810887316276537,2.216298168035376,0.7161550970627083,1.3576159202405442,0.5823634668402089,0.4523907062266533,0.44354372186572166,0.6754929269968561,0.47076088964074,0.5849353966917521,0.31829292468040604,-0.006560667800326381,,0.4311556741320373
649,devout-sweep-462,run_0b4f5bc4cd73d063c1b96300b37a2591,0.43178045749664307,2.541174218251436,7.593413173652695,4.577321541377132,0.0,2.844908213324893,2.541174218251436,7.593413173652695,4.577321541377132,1.6010501526376075e-15,2.844908213324893,1.0,1.0,1.0,1.0,1.0,,,,,
650,smart-sweep-463,run_598b2f9c9b6d80058fcafe37b73ca7d0,0.5657945275306702,1.4415188257817482,5.255117038649973,2.399570435881238,0.8857353389572111,1.9445996201930682,1.1722654754307589,5.21641262928688,1.9880227416298164,0.8857353389572126,1.7291066624465894,0.5026015602295728,0.5080426368344926,0.3962230629250072,0.6580439317463069,0.5263548711611814,0.5010991641337926,0.3569311805421046,0.017485471403311442,,0.3545223924181225
651,fluent-sweep-464,run_9f4dd6c02913d5572a5367af5ab0db27,0.5671984553337097,1.3843522654754306,4.4588187261839956,1.8893746051800375,1.3256987498729544,1.8163356543756923,0.850210593490746,4.3627925966249315,0.9744788376500324,1.325698749872954,1.3684008545655966,0.5695174273509824,0.5356537113272947,0.31981914248315935,0.5910931942242866,0.47574102459780565,0.5557109751206206,0.38668566556168016,0.07120714548339835,,0.39909509974103324
652,silvery-sweep-465,run_ae909e3414bff5320d85f8df7300592e,0.5289087295532227,1.5150478621569876,3.991888949373979,2.163385975994946,1.4195497509909543,1.7001582528881152,0.9567836630504151,3.856668481219379,1.3838029058749195,1.4195497509909547,1.0153663554359869,0.5638892172829795,0.4527141168171374,0.33609344571081956,0.5841064906455424,0.4701280152306999,0.5203359819745044,0.4105311880962558,0.09461926643304536,,0.4828095924841627
653,ethereal-sweep-466,run_8c44bd0a190879574249c0560ba69bd5,0.539757490158081,1.438034460753031,5.171284703320632,2.30445988629185,0.8891503201544871,1.86545339452445,1.1919846841097645,5.123761567773545,1.9138344914718874,0.8891503201544864,1.6519544231682233,0.4869461974840823,0.5167949748154598,0.4015239600293714,0.6920415186930691,0.546303649488998,0.5151463563826497,0.38139071503187955,0.02824384801495003,,0.39250631314909434
654,divine-sweep-467,run_1d28ab8f47b8b6e99281e3f8aa4f96cb,0.5608168244361877,1.4664709636247606,5.1707131192161135,2.3339102969046106,0.7932767557678625,1.8804122487735397,1.1347287811104028,5.132988568317911,1.8844472520530626,0.7932767557678622,1.6446945719259383,0.5275185601707484,0.522738567676964,0.3869115346550458,0.7240135774732195,0.5270931060636613,0.506468251448952,0.38547483656303455,0.04875668644621353,,0.3858613626707338
655,playful-sweep-468,run_3e87d68ecf1d56ae24ae1f7bf7b25a8d,0.5412890911102295,1.5688576898532225,4.4520141535111595,2.236045483259633,1.2298455127553611,1.8653544864693778,1.0347160178685388,4.35647795318454,1.3890840176879342,1.2298455127553616,1.4090164583003641,0.5878339873151758,0.5554195863247217,0.34717156721897646,0.6363770448960204,0.5334602415865145,0.4888637260428278,0.42680239557027,0.056263413179312605,,0.3991008274763303
656,sandy-sweep-469,run_ebf5411679de3b6561bb0c15076b06cd,0.5176770687103271,1.5728270580727504,4.078279804028307,2.5647378395451668,1.031735948775282,1.7202840639341666,0.9977919591576256,3.968535655960807,1.7717245735944407,1.031735948775283,0.929597246399746,0.6079228943327205,0.4894684792790314,0.4528752035245666,0.68817121715484,0.502514612798951,0.519033683985679,0.4385900239490573,0.09226688618748743,,0.4915404457597994
657,dark-sweep-470,run_3b00ec9f8822271aa4c9b1264584be57,0.5130823254585266,1.5897000638162093,4.729014697876975,2.0545041061276055,1.3166937696920418,1.892031967083399,1.1688194001276315,4.6658138268916725,1.3435123183828184,1.316693769692042,1.5294825130558625,0.4949988437177928,0.45784398731004733,0.37526322510615207,0.5833819753617843,0.44873804429521097,0.46088405969032203,0.40173421278477517,0.023252811966843367,,0.3596618258130996
658,usual-sweep-471,run_3fb2ab98aa810dbb92ce767b523defff,0.6483727097511292,1.1234971282705806,4.902204681545999,2.376171825647504,0.8148897245655046,1.97531650577623,0.8944479897894063,4.828715296679369,2.0402905874921036,0.814889724565505,1.5692554201614188,0.6109483578520772,0.43278183703158035,0.5331288510040545,0.5705077950718852,0.3995383289465795,0.6107331932190532,0.22331792192583433,-0.19201975961830905,,0.29827304488557077
659,sandy-sweep-472,run_01281e7f5d92e47ffacc0e2cc5b64ad4,0.43178045749664307,2.541174218251436,7.593413173652695,4.577321541377132,0.0,2.844908213324893,2.541174218251436,7.593413173652695,4.577321541377132,1.6010501526376075e-15,2.844908213324893,1.0,1.0,1.0,1.0,1.0,,,,,
660,flowing-sweep-473,run_943567c19b455af53f30d7a59e14d0e8,0.536439061164856,1.48301212507977,5.44534567229178,2.3773973468098544,0.7937544465901005,1.8030859313182463,1.307951499680919,5.4228089275993465,2.1137207833228033,0.7937544465900986,1.6510444690615613,0.499209356475755,0.5557740097517528,0.44542939692877437,0.7427506216568727,0.5526755060994605,0.48995374396362235,0.3792873247713776,0.05291139007705212,,0.4198389861423376
661,colorful-sweep-474,run_739f909d1119bec1ee8bb77a87ffc778,0.5470325350761414,1.5354435226547543,5.121366358192706,2.3955780164245093,1.0439831283667038,1.9970841905364771,1.197268666241225,5.0860914534567225,1.955679090334806,1.043983128366703,1.689440576040513,0.5279201150667192,0.5433779245664451,0.3916136704657919,0.6778080895052763,0.5571515269476397,0.4767923062747142,0.3855471628603644,0.028175990547767593,,0.34220860249947305
662,twilight-sweep-475,run_0353d32df49db7543c867879fd96d188,0.5550733804702759,1.467900446713465,5.124904735982581,2.3693240682248886,0.9073127350340481,1.9814804557683174,1.1290363752393102,5.047985846488841,1.8771067593177502,0.9073127350340507,1.600913910428864,0.49150766775078497,0.4834849272690825,0.4078333812214666,0.5767771156360715,0.45028349334972106,0.48810397568490754,0.26187891623829385,-0.014700429139992088,,0.3189904212357565
663,glowing-sweep-476,run_a42d0b208cd6c79d77fe6bcb06833d6d,0.5028717517852783,1.7089470325462666,4.54393032117583,2.2962349968414397,1.3321679032421991,2.0066110144010123,1.0061774090619013,4.460152422427872,1.0808970309538848,1.3321679032421991,1.4416007279632848,0.5920381617885452,0.5338469119422072,0.3384319828879737,0.6328225142569082,0.5150530512685214,0.46659606702905,0.42236180428376136,0.042249470049758125,,0.3604056029336821
664,magic-sweep-477,run_c1ba42e81c95ab84d9bab0c490a6228c,0.5853222608566284,1.3533120612635605,4.572427871529668,2.0371951989892603,1.238708202053054,1.846190061718626,0.8745373324824511,4.476401741970606,1.1908022741629805,1.2387082020530553,1.469041778762461,0.591698324319979,0.5464772911182261,0.3047196947929636,0.6476344179603637,0.528726682277091,0.5596160069313741,0.3993604374371714,0.037024652284222054,,0.40166712096825197
665,zany-sweep-478,run_837b84f1315c4d4c5f45a141d3e39a3e,0.5134652256965637,1.7067134652201652,4.568345127925967,2.3686923562855333,1.2757495680455329,1.979909795853774,0.92077855775367,4.471339139902016,0.9671004421983574,1.2757495680455329,1.3915413831302417,0.6505356129592261,0.6335035624701275,0.3609414807010823,0.6785324027692438,0.5996985056744791,0.4813471231653493,0.421408972688626,0.053468211866630116,,0.3828754308386302
666,generous-sweep-479,run_18ce4fcfa0b82fc940fce0c0533baa8b,0.5323548316955566,1.6483216336949582,4.91072400653239,2.506064434617813,1.0752566317715213,2.0037387244817215,1.0473261008296104,4.835764833968429,1.5166645609602005,1.075256631771521,1.5828651685393256,0.6379134307087824,0.553320834277099,0.4051532420266258,0.7215652056070878,0.6002198124396201,0.48167754161829524,0.38047255683748266,0.042855208298101216,,0.3736881003938044
667,peachy-sweep-480,run_060ccbc1b70c8612c30f361f91bc0dd7,0.5354179739952087,1.4366815571155072,4.176891671203048,2.2282501579279845,1.1990192092692347,1.6566347523342297,1.0247606892150611,4.06616766467066,1.6415540113708147,1.1990192092692338,1.107077860420953,0.5342700649780004,0.43159162319480937,0.35479471953516584,0.5801634822363669,0.4139502811369162,0.5401865947329562,0.40043862913515277,0.07713541946006605,,0.47318576173295585
668,neat-sweep-481,run_ccadd8a470f4babd02c9a08e29d6f4a8,0.5499680638313293,1.473107849393746,4.316031573217202,1.9640176879343016,1.4016261815225124,1.7551471751859469,0.8716528398213153,4.203837778987481,0.9384965255843334,1.4016261815225117,1.3205293559107456,0.5853606034724,0.5241338233190649,0.28124924177122246,0.6015458540810805,0.4646066376619079,0.5367525562034248,0.44144419771776816,0.06487095392022965,,0.42397338074460234
669,classic-sweep-482,run_54156ee0c9269b0b8b3b3017071a9886,0.5795788168907166,1.3178430121250795,4.475557974959173,2.104649399873657,1.1401260290679947,1.856132299414464,0.9231525207402677,4.350136091453457,1.383082754264055,1.1401260290679942,1.4594002215540436,0.5288155697833397,0.41293835335976725,0.3582512849982441,0.6194732054544517,0.4390300356989354,0.5583718017631073,0.3484093647891467,0.023559208824581068,,0.3866959470447639
670,crimson-sweep-483,run_f95ed94309e795b392364e608486a764,0.6395660638809204,1.1784939374601147,4.967773543821448,2.2212886923562847,0.7517024087813802,1.94394287070739,0.9044160816847473,4.909471965160587,1.7711433986102336,0.7517024087813801,1.633735559423959,0.6139716207664188,0.4553022249980154,0.44334402834977493,0.5767418916469162,0.47688421909035544,0.5972708912413613,0.3247706152977209,-0.08605689715468773,,0.3297647784727675
671,atomic-sweep-484,run_464e7e681b2a999f21e56b7096932093,0.5791959166526794,1.3633567326100826,4.7667392487751785,2.1776500315855962,0.971745096046346,1.9269425542016139,1.006573069559668,4.682471420794775,1.5107770056854062,0.9717450960463476,1.557342934008545,0.5304601633072098,0.4440539549654245,0.37956278134278326,0.6095013841269841,0.44686475544513854,0.5306462089912609,0.3299714090403685,-0.006574340581649185,,0.3443614395062513
672,wise-sweep-485,run_09950160047388f1c670fdfb7b5ebc88,0.5523930788040161,1.3383790682833436,4.0599891126837235,1.7311686670878077,1.2992123183250328,1.6665018199082131,0.8791320995532879,3.937506804572673,0.9401010739102962,1.2992123183250326,1.2155048267130881,0.5286106777752039,0.4248180973870703,0.35821281486447654,0.560275699308212,0.4336678936580922,0.5759944522626128,0.44925830104935094,0.08069378476909331,,0.45440072945090954
673,fast-sweep-486,run_f6d072254cb9074b49a95c0f225ac785,0.5720484852790833,1.3637396298659856,5.033478497550355,2.2392293114339856,0.94862790934038,1.8532323152397527,1.1608806636885776,4.999183451279258,1.8689324068224897,0.9486279093403799,1.6736311125178034,0.5175954600925838,0.47479147985970754,0.45238770232736325,0.6342419381339087,0.5180338088837475,0.5151786915993835,0.3526123413858474,-0.021402835527252473,,0.36322780104685265
674,classic-sweep-487,run_91b64cd4ccd1c5fe84d57dde62008dd1,0.5269942283630371,1.4929546904913846,4.342406096897115,2.0653695514845225,1.301600772436223,1.8469694571925934,0.9680025526483723,4.191017964071857,1.1993303853442832,1.301600772436225,1.3386453552777335,0.5109635257118109,0.4621829207778352,0.30566564505315585,0.6310883870053228,0.4754016425978718,0.5213509159055791,0.3770197728795822,0.06403883194915377,,0.40696798282626473
675,celestial-sweep-488,run_d3399d838df79f788d63b917f1a254e0,0.5098915100097656,1.5812890874282064,4.90304844855743,2.316032849020846,1.0253277772131313,2.053165057762304,1.0951627313337586,4.833478497550353,1.5570056854074534,1.025327777213133,1.7816980534894744,0.5630216700469525,0.465141129157002,0.36334706126488525,0.7087625415933725,0.5624681920903754,0.4958912974481406,0.35706585844837324,0.06216614929387032,,0.3299972210798368
676,unique-sweep-489,run_106ba107a019f1b5f1582c99970d340f,0.6432673931121826,1.1691257179323546,4.787697332607512,2.323284902084649,0.9886827929667649,1.821518436461465,0.9398468410976384,4.725966249319544,1.969412507896398,0.9886827929667651,1.3735836366513685,0.6195641711894173,0.4655220894843904,0.48912332790601154,0.5645663844859283,0.4036088501529025,0.5974968170808783,0.3285395871998334,-0.09012656698760957,,0.3819369990581828
677,generous-sweep-490,run_e7aff4222d04598c03ef5adbce4e7284,0.5987236499786377,1.27918315252074,4.103456722917801,2.129349336702463,1.3407815834942576,1.7313578097800284,0.8870197830248877,3.9893032117583016,1.5857359444093486,1.3407815834942587,1.1547396739990508,0.608923684527626,0.38994272859055257,0.400726622609584,0.5518761400708855,0.43471630333842465,0.5750712281992147,0.356221694512321,0.019327952911080054,,0.44126306506916096
678,frosty-sweep-491,run_15710e6b74ed29c14bfed3e7d456f6ee,0.5682195425033569,1.4036502871729417,4.251986935220468,1.8474794693619705,1.4791391401565197,1.7594912169647094,0.9062667517549452,4.128034839412086,0.9886165508528111,1.47913914015652,1.3139064725431235,0.5780816397163324,0.5315821951428714,0.3245816173418894,0.5726683598413209,0.49372608183833655,0.5418690785276037,0.4165998496290329,0.04482925080652214,,0.4208605714576636
679,crimson-sweep-492,run_7ce473b6b49362a8b5c5d78b211ae4f9,0.5638800263404846,1.4111167836630503,4.2629831246597725,2.1731143398610224,1.3527594267710132,1.6942752017724318,0.9776005105296732,4.14980947196516,1.5698926089703094,1.3527594267710121,1.087391201139421,0.5668256643163527,0.41218429118418354,0.33674648022220094,0.5395498959095589,0.4208988443277353,0.533340645618722,0.3621460116086344,0.04626125994383837,,0.4538615178334739
680,frosty-sweep-493,run_026476ee20f24b501f5db9d43b3c8920,0.5739629864692688,1.400382897255903,5.1263473053892215,2.2234744156664554,0.8873208659416606,1.8152753600253202,1.1290619017230377,5.100381056069679,1.826456096020214,0.88732086594166,1.5997824022788416,0.5054618856569064,0.5157905033579858,0.4135446796283881,0.7052976917079913,0.5299481206119274,0.521424904761896,0.40695369065393183,0.04679318492756901,,0.41300904284611073
681,deft-sweep-494,run_982fdfaf487550a862ded0d8b2801353,0.6160816550254822,1.2499170389278875,5.228524768644529,2.408869235628553,0.7289816038215265,1.8955491375217595,1.0647479259731971,5.174632553075666,2.044371446620342,0.7289816038215283,1.7178707073904096,0.5184537108041829,0.5036986246235907,0.4236706254190212,0.7178158830268423,0.5500256098156586,0.5648115027437342,0.3368635399851652,-0.007193669964579402,,0.3776786711698325
682,whole-sweep-495,run_2be5c079a19c300673ae1e413977b60c,0.5553286671638489,1.4610976388002548,5.142433315187806,2.252368919772583,0.8738845411119014,1.8851796170280104,1.1371665603063175,5.102259118127383,1.7572836386607702,0.8738845411119014,1.672179142269347,0.4959597036707957,0.5262993466594054,0.36855186284838615,0.7002741263612469,0.5337222302359464,0.5048302445954327,0.37168256940500327,0.04665705914831603,,0.3862983821861988
683,fragrant-sweep-496,run_ce0008fa5508528068f2eed544159187,0.5700063705444336,1.3514996809189532,4.655770277626566,2.241844598862918,0.6537757902225836,1.8022827979110616,1.0684620293554565,4.5891399020141534,1.8472899557801628,0.6537757902225844,1.3989990504826715,0.5235898709879028,0.458981630822579,0.4159322223286403,0.5690978611983387,0.43630682853219216,0.5390745986685688,0.3350912671649565,-0.0046816895921921176,,0.38175493580343145
684,lemon-sweep-497,run_ccb2fa0f21a1cc33aa5cb770b5978071,0.5580089092254639,1.431869814932993,4.740609689711485,2.655072646873025,0.810255107226344,1.6316584902674471,1.1217230376515634,4.672509526401742,2.250739102969045,0.8102551072263456,1.2216094318721324,0.5611955579069614,0.44815867557500555,0.4714037608147368,0.7111408796553272,0.46470001506611347,0.5397841493302102,0.369022172388725,0.07366453539498458,,0.48064104154448417
685,treasured-sweep-498,run_6a017b1d089431d4ca74afe50659c722,0.5526483654975891,1.5018251435864707,4.835166031573217,2.2660265319014528,1.0589490801910761,1.8991889539484093,0.9828462029355469,4.76902558519325,1.4355906506632963,1.0589490801910753,1.564982592182307,0.5895578674525824,0.541866047647396,0.3460361395779459,0.6863228919532036,0.5387726466069859,0.5179353526210213,0.4168801680588401,0.05867056542645274,,0.3866878200126057
686,rare-sweep-499,run_89ef24fb6271aa30ede07a57ac97ca8c,0.6236119866371155,1.2191831525207402,4.9323897659227,2.530915982312065,0.7695141782701493,1.7207865168539322,0.9979451180599865,4.874578116494285,2.208528111181301,0.7695141782701497,1.3771087197341358,0.5834483962137098,0.45577405347737043,0.43345959837818854,0.6829397666183188,0.4613327019855774,0.5856342703178632,0.31734520272925376,0.011029377283350295,,0.4169862021928411
687,stellar-sweep-500,run_fdd9e7dc60fb0f56759dbcf3041c8fa4,0.5945118069648743,1.3111167836630502,5.25201415351116,2.340265319014529,0.762475861368025,2.05305032441842,1.0064837268666245,5.187833424060969,1.8792672141503473,0.7624758613680273,1.6975510365564164,0.5374266835570436,0.5075439911558797,0.4467855888644128,0.5660323299460943,0.45443621647591603,0.5461922787725759,0.2696659822787059,-0.071111225096227,,0.2854211548080672
688,ancient-sweep-501,run_eab90fe149bcd9e57ed5a23d2da7c239,0.6077855825424194,1.2845054243777918,4.71314643440392,2.4804421983575486,0.7035166175424331,1.7676887165690771,0.9791831525207405,4.633777898747959,2.035552747946936,0.7035166175424339,1.2872092103180888,0.581757271629896,0.42485060018035375,0.4205299620087476,0.6637059305564599,0.4105628324402997,0.5652330296908834,0.3122476059572557,0.006545937439458638,,0.41513811480597307
689,helpful-sweep-502,run_d97b89a427ac8d4069e8b936c0e2b3b0,0.6187619566917419,1.2246202935545625,4.801660315732172,2.5225647504737827,0.8588118711251141,1.6653426175027692,0.9905169112954697,4.749237887860642,2.1723057485786486,0.8588118711251157,1.2672574774489622,0.5753128453865742,0.43257077549773704,0.4334897679021805,0.6651055228677333,0.44646550994855605,0.584353560283141,0.34875222579018783,0.03787807299381901,,0.45092609787471544
690,usual-sweep-503,run_e3ce23b39058a956209320c851a12750,0.43178045749664307,2.541174218251436,7.593413173652695,4.577321541377132,0.0,2.844908213324893,2.541174218251436,7.593413173652695,4.577321541377132,1.6010501526376075e-15,2.844908213324893,1.0,1.0,1.0,1.0,1.0,,,,,
691,balmy-sweep-504,run_f0924b6c6520b951a2e439aa77052296,0.5406509041786194,1.333261008296107,5.2299129014697865,2.147883765003158,0.9127960158552698,1.7561085614812468,1.333261008296107,5.2299129014697865,2.1478837650031584,0.9127960158552704,1.7561085614812462,0.8175323290246418,0.759165286756947,0.6940671391629154,0.6515708453861764,0.7120418136450422,0.5566569742256327,0.40764636933959786,0.028435759043070608,,0.41344999442844765
692,lyric-sweep-505,run_865b4e9b13d18fd9024d7eb1fba8e1f2,0.5994894504547119,1.2720995532865345,4.032226456178552,2.1499810486418185,1.1986838093302163,1.6831974996043673,0.9428844926611358,3.8960261295590644,1.6164118761844597,1.1986838093302168,1.1593487893654053,0.583573847632037,0.37631391689451504,0.3894914280241356,0.5597762201846244,0.4424058048492239,0.5679757139837016,0.3302540280158533,0.037909901121929684,,0.44443146751547846
693,vibrant-sweep-506,run_8ad7c194ddfdcf885d80faa5c830a6b4,0.43178045749664307,2.541174218251436,7.593413173652695,4.577321541377132,0.0,2.844908213324893,2.541174218251436,7.593413173652695,4.577321541377132,1.6010501526376075e-15,2.844908213324893,1.0,1.0,1.0,1.0,1.0,,,,,
694,lyric-sweep-507,run_6f233048f4c9e663563bcb0c54460848,0.5962986350059509,1.3699298021697508,5.331301034295047,2.543626026531901,0.5761408679743876,1.978386611805665,1.1190555201021044,5.294066412629288,2.1295262160454826,0.5761408679743875,1.7676649786358607,0.5409183945776104,0.5556589585530483,0.4360412476455001,0.7720876689176464,0.5725910116090283,0.539493685200182,0.36257495072924245,0.025990567347188437,,0.3503984053989352
695,astral-sweep-508,run_6129c3909dbf1b286adf39de1f5ed907,0.5705168843269348,1.3582514358647093,5.183886771910724,2.181313960833859,0.8694379510112816,1.8274489634435824,1.0988768347160187,5.167229178007622,1.834819962097283,0.8694379510112811,1.6674315556258894,0.542971981144208,0.5866336701530289,0.4919388308910385,0.677697181978337,0.5527833831255697,0.550392826091299,0.4328326561426572,0.05052546022958232,,0.4090741683249083
696,soft-sweep-509,run_702af4dc3dce7c9606d057172ca9003d,0.5190810561180115,1.5260370134014039,3.9256940664126296,2.0011497157296265,1.5429870921841649,1.6683612913435668,1.0150989151244403,3.8135002721829068,1.2814024005053706,1.542987092184164,1.0842340560215218,0.5250752508920734,0.4381316428312007,0.330391246049229,0.5474857808921737,0.44895397468229775,0.5071350468809042,0.4481552920667929,0.09507764037191155,,0.4845777008516574
697,feasible-sweep-510,run_d662ae10c4ddba34293e302c035ac149,0.5626037120819092,1.3832546266751753,4.629150789330431,1.9753885028427034,1.2161957516007724,1.7766300047475863,0.9619144862795154,4.551741970604246,1.287113076437144,1.2161957516007704,1.509578256053172,0.5543151318397501,0.4670000739948658,0.41360725345592697,0.6227478446209913,0.4884785417963023,0.5486142115090458,0.4167092720840657,0.048533118294114136,,0.40625992075033235
698,driven-sweep-511,run_cdb79a5856d879ca52a79859237deee6,0.5891512632369995,1.2920995532865347,4.823380511703865,2.142779532533164,0.9046701900599654,1.992522551036556,0.9277345245692417,4.733233532934132,1.5596588755527472,0.9046701900599672,1.5745687608798868,0.5357117542770554,0.4351750090797635,0.4140376081473678,0.5357480909292782,0.43598423377210055,0.5638149079446013,0.3078706009288413,-0.06934453877039243,,0.31565119097612165
699,bright-sweep-512,run_78cebfa11773790a506587dde656e9fb,0.6820676326751709,1.022182514358647,4.827844311377246,2.4688818698673396,0.6400193109055798,1.8939943028960275,0.800944479897894,4.756804572672836,2.137195198989259,0.6400193109055786,1.4364456401329322,0.6516868309040453,0.4349457852386925,0.5280868690738435,0.560928568473835,0.3931099646383542,0.6500053896279747,0.278331223844535,-0.17135960353881002,,0.34401500687044256
700,feasible-sweep-513,run_f31cc63ddfefde161f5399efb6f66835,0.6005105376243591,1.252201659221442,4.160043549265106,2.0949589387239413,1.2874733204593962,1.6957232156986861,0.8896745373324834,4.043440391943386,1.5292482627921644,1.2874733204593953,1.1492126918816272,0.5960997015369809,0.3730214332462784,0.3899621683746768,0.563119034612588,0.44294998146526143,0.5822793206481947,0.3292572495015101,0.03192698696770502,,0.4426556903867891
701,fragrant-sweep-514,run_cd5dc35f0a16e718b225f11c0c24b013,0.5922144055366516,1.3893937460114867,5.250244964616224,2.412457359444093,0.8615712978961276,1.92776151289761,1.1552903637523928,5.2149700598802395,2.012495262160455,0.861571297896127,1.7170398797278055,0.5307788872108454,0.5412061762652131,0.4033050793346742,0.6977500837930791,0.5227601662651866,0.5198719344636936,0.3546565652595297,0.013795122179015296,,0.3572228224544783
702,youthful-sweep-515,run_d5dfa3ecfcde277ee99d9f18a798a203,0.5467773079872131,1.4509253350350986,5.367583015786608,2.405837018319646,0.7686197784327676,1.8646067415730336,1.199591576260371,5.3234893848666305,2.03321541377132,0.7686197784327662,1.6143614495964533,0.4797486167097428,0.5348022208933679,0.3959916036139578,0.6991096954994298,0.5193855697855169,0.5094279406369815,0.3168282611387084,0.030732316048941777,,0.3854427135526595
703,fancy-sweep-516,run_f1fb4342adf630ea83076e3198d5fa2c,0.5483088493347168,1.4219910657306956,4.827245508982036,2.593341756159191,0.8532371175932514,1.8936342775755655,1.0268410976388007,4.7405280348394125,1.86966519267214,0.8532371175932514,1.4986825447064407,0.5629654967844936,0.5054553159674794,0.41826293777735213,0.6992392793435017,0.5228874103435749,0.5451850191860785,0.35938003897392756,0.05414917477458184,,0.396848488904738
704,dutiful-sweep-517,run_6a33a5035710b944f15f5836ecf342db,0.5577536821365356,1.4703637523931075,5.149755035383779,2.296070751737207,0.9390080292712674,1.8728121538218072,1.1294320357370773,5.117909635274905,1.7752495262160435,0.9390080292712674,1.5819037822440265,0.5250589080104355,0.5397775397789889,0.3617381796124254,0.6777451166283565,0.5298380925954245,0.5050537367648554,0.3916375442638659,0.021096466348728,,0.39440257293320496
705,distinctive-sweep-518,run_20d1140dc047f161b193279b4ab67129,0.5955328941345215,1.3045309508615186,5.247087642896026,2.399848389134554,0.7482264457770098,1.9181793005222343,1.0515890236119956,5.201524224278716,1.9507896399241937,0.7482264457770087,1.6724916917233725,0.5128970757190784,0.5317432434164789,0.42117453628324236,0.6991646038627053,0.5036573020379911,0.5519836946664818,0.3244512831281417,-0.032964306997764176,,0.3542025420060989
706,crimson-sweep-519,run_6bc45b566851cd2c06aa596b2895415b,0.5372048616409302,1.5748053605615822,4.765650517147524,2.280795957043588,1.1989175729240775,1.8885899667668928,1.0356094447989799,4.69755035383778,1.4967150979153516,1.198917572924079,1.4734135147966434,0.5926289210534685,0.5482983817032686,0.3567067330715449,0.6495485616594558,0.5287006701093943,0.4913448471747859,0.4091955361463391,0.02600597665678131,,0.391936495344008
707,expert-sweep-520,run_a99672bb3b291126cf7630c08d2845ec,0.609444797039032,1.269202297383535,4.793467610234077,2.12454832596336,1.213370261205407,2.0224639974679537,0.946419910657307,4.711649428415895,1.5967150979153502,1.213370261205408,1.5951099857572395,0.5719071625524692,0.4442974472590195,0.4572189764709638,0.5135492498661846,0.4264426689009821,0.5575715791053313,0.3203996409979283,-0.10739250323369098,,0.30004969431602574
708,icy-sweep-521,run_1f6a0f52e5a9579b5112308db26d84b3,0.6019144654273987,1.3286024250159538,5.076374523679913,2.3813265950726463,0.7682335603211708,1.870497705333122,1.0556732610082955,5.0440391943385965,1.9107264687302592,0.7682335603211723,1.64873793321728,0.5450859738335412,0.5328325400444766,0.3897626344858411,0.7264354706853858,0.5459576297161522,0.5512831792847005,0.40279969783453845,0.05712707109827039,,0.3949989054768092
709,deft-sweep-522,run_9f68e9b77c0e8c6561717d54846e13da,0.6283344030380249,1.2013529036375237,4.978143712574852,2.641516108654453,0.6382203475963004,1.7269821174236428,0.9821825143586462,4.926211213935766,2.307327858496524,0.6382203475963018,1.364361449596455,0.5702550834576602,0.453398681294013,0.4624596941544552,0.6990840936640182,0.45162131135152006,0.5958617069248083,0.3155905401957977,-0.006565672423518132,,0.42330392479768636
710,worthy-sweep-523,run_7a60659b9682f44d36a2e9db10f66a8c,0.5862156748771667,1.3670325462667516,5.070767555797496,2.2666835123183824,0.8458125825795303,1.9004470644089253,1.0970899808551362,5.0193249863908544,1.798193303853442,0.8458125825795305,1.6638748219654997,0.5261925087799715,0.5121602413362921,0.37600229863039936,0.7053617420972325,0.513172871727244,0.5284416653833014,0.3729551935784987,0.04019548584122623,,0.36880457396057414
711,honest-sweep-524,run_f7da0084687d549eaf56859d511abe5a,0.5795788168907166,1.3752010210593486,5.067310832879695,2.2200126342387865,0.8266134769793677,1.8378461781927518,1.067811104020421,5.020767555797497,1.7209854706253946,0.826613476979369,1.6093923089096387,0.5432562353609791,0.5400621318783227,0.39354244484883316,0.727106208164595,0.5259180358196031,0.544198368471275,0.4077624002984619,0.06405759634887145,,0.4040670655659544
712,sparkling-sweep-525,run_a4ba7cede5c982def37717ec8f9f0387,0.5651563405990601,1.3341544352265473,5.099482852476865,2.2534301958307004,0.8576328895212928,1.8132259851242283,1.0761582641991065,5.05342950462711,1.8158307012002526,0.8576328895212917,1.5743036872922933,0.5185537228155528,0.5135345503856003,0.3945324521916802,0.6830534483496102,0.4740508404768564,0.5441991372522529,0.3435491541047757,0.014294918562083897,,0.38689196552822364
713,balmy-sweep-526,run_0675eef25d255853ca06933f5775d926,0.5798341035842896,1.3255009572431393,4.496434403919435,2.0883259633607074,1.2010112816343124,1.8951218547238484,0.9128908742820683,4.375421883505717,1.384990524320908,1.2010112816343113,1.4989594872606422,0.5359089552703911,0.4717321540943738,0.3497051687258564,0.6130357879523878,0.45647102432149195,0.5564562077754853,0.3583129407253356,0.00844686582092155,,0.36735235582576525
714,kind-sweep-527,run_c790de622065eb822a920844c223ff00,0.5980855226516724,1.3507977026164641,5.380892759934676,2.5854706253948194,0.5681471694277873,1.8947301788257631,1.1006126356094452,5.348557430593357,2.2241819330385337,0.5681471694277879,1.6872131666402919,0.5529153209626827,0.5503548111443567,0.44808926348050954,0.7709862867449487,0.554506153111698,0.5503381140187044,0.3738772284100542,0.038345998788590546,,0.3882832211030614
715,sweepy-sweep-528,run_709497bb4707fcd3df3be6ba35f18f5e,0.6085513830184937,1.259706445437141,4.080538922155689,2.089096651926721,1.375688586238439,1.8402001899034655,0.8746649649010849,3.952177463255309,1.4718761844598862,1.3756885862384391,1.2415690773856618,0.6164400339434101,0.4034166115774436,0.38654918111292025,0.5246218550740751,0.3878869232504141,0.5824204814314606,0.3224821513706534,-0.01297969960637177,,0.4072493306424758
716,stellar-sweep-529,run_2a06d5d0a9043b80bc34dd8e203427e1,0.5492023229598999,1.4981748564135289,4.647223734349483,2.187378395451674,1.1862892570383168,1.8955728754549768,0.9477217613273773,4.557566684812194,1.233948199620971,1.1862892570383172,1.5263293242601674,0.5984294926553259,0.5191423982412373,0.3122802732816141,0.6601537778908042,0.5227668810444212,0.5265521862697957,0.40748979873763547,0.04492456520556651,,0.3891246842165353
717,faithful-sweep-530,run_d801c522d04576a11edecc7433b3b13e,0.5591576099395752,1.4168602425015953,5.233587370713119,2.39623499684144,0.6955025917268014,1.9724402595347363,1.1407147415443528,5.178225367446925,1.9924573594440933,0.695502591726801,1.6816743155562583,0.4734614542554392,0.49894061043064947,0.4124695910353414,0.6299719228318545,0.4917188443001206,0.5168601359166428,0.30880545662739356,-0.010775758291828474,,0.3307376002571687
718,genial-sweep-531,run_2749d868d79b2ffa66bd82645ddda90e,0.5521378517150879,1.4509380982769622,4.5639357648339685,1.9909159823120652,1.3173696513873359,1.91233581262858,0.928972559029993,4.450762112139358,1.227403663929248,1.3173696513873359,1.5133248931793009,0.5574732247613976,0.5282554566436591,0.33051144526386367,0.6173966730139772,0.5042775541592828,0.5336608272344069,0.3948271365783839,0.037030223601306034,,0.3735835638524241
719,radiant-sweep-532,run_ec48756c93789dc7a9fbb66902dad044,0.5527759790420532,1.4430504148053602,4.744256940664127,2.087845862286797,1.1071348714300233,1.8428746637126125,1.0141289087428205,4.67958628198149,1.452659507264686,1.107134871430024,1.5100925779395467,0.5335865780272815,0.49860661242748977,0.36334881716310696,0.6337489356108172,0.5047040727636226,0.5240795385292677,0.40113422815908073,0.038164397769719166,,0.3954137231433191
720,gentle-sweep-533,run_9a04e53c85a9562a7fb617857e1c2924,0.5790683031082153,1.366930440331844,4.593712574850299,2.006986734049273,1.1361113934342921,1.7833755341034971,0.8952776005105294,4.512384322264562,1.2284775742261511,1.136111393434291,1.4536556417154618,0.5841777357184785,0.5409301766288485,0.32729192606072216,0.6525685611501336,0.49265073416550365,0.5609031603304458,0.4264782939235945,0.06445197733213123,,0.41704938842604033
721,glorious-sweep-534,run_7c9af5535ead683ede8fafed27aa6818,0.5244415998458862,1.4595149968091894,5.4397114861186715,2.3453695514845223,0.7372497205000509,1.862248773540117,1.359119336311423,5.430892759934677,2.2046746683512324,0.7372497205000523,1.79630479506251,0.5810883005444749,0.6573325335639862,0.5228603582032372,0.722865329898039,0.6068820357890083,0.5194702745889532,0.4138255046370647,0.04839130895778787,,0.41317277441586964
722,gentle-sweep-535,run_e43034aacaf9b622109d088ca9cc2b58,0.4472239911556244,2.194741544352265,6.183233532934132,3.842956411876184,0.2950757190771419,2.551182940338661,1.8953924696873017,6.133260751224823,3.3300694883133293,0.2950757190771407,2.2300087039088456,0.7480813811768842,0.7634208971429105,0.7827471825814896,0.8839602069011546,0.7754469890237439,0.28132760416361663,0.2150558590387162,0.032559084050551884,,0.18427471352386918
723,wandering-sweep-536,run_813e26e077afd240d6570f007406ea02,0.5834077596664429,1.338034460753031,4.87348938486663,2.2283259633607067,0.9788393129383066,1.903319354328216,0.9971027440969998,4.791671203048448,1.6242072015161084,0.978839312938306,1.550882259851241,0.5160411530944568,0.45262789242685236,0.374506273345465,0.6361405923627944,0.45688955514483576,0.5395964104030146,0.3166449571515785,-0.009616815829454173,,0.3584112784390972
724,fearless-sweep-537,run_87fb4b1a29b02b658df2c041f25a77da,0.5991065502166748,1.3088959795788127,4.982308111050625,2.1336449778900817,0.8964935460920824,1.8273540117107137,1.0361965539246971,4.939684267827981,1.6669740998104854,0.8964935460920822,1.597689507833518,0.550851742483153,0.4908160800640018,0.41892650767806405,0.6397278564448818,0.4918065836952783,0.5439202276164387,0.38682899767366175,0.03918159528766979,,0.3838749388532305
725,still-sweep-538,run_c4a7d100df66b02a3df7a1a2c6aa6bb8,0.6594766974449158,1.0703382259093808,4.884104518236254,2.3285028427037266,0.6387844293119219,2.038787782877037,0.8036119974473512,4.811105062602069,1.9234996841440297,0.6387844293119218,1.6768792530463674,0.6124541879974479,0.42966337173665853,0.5052038438208346,0.5441428759000941,0.4324427083097725,0.6355073478205775,0.2647539371940167,-0.1568293601484107,,0.2840147293563099
726,lilac-sweep-539,run_8f99d3ac1275240c73e876daa1f50b02,0.6100829839706421,1.257319719208679,5.095019052803485,2.6796967782691086,0.65629128976522,1.8187094476974202,1.0342437779195914,5.047495917256398,2.3499557801642443,0.6562912897652204,1.426677480614021,0.5482096633580475,0.48233623356002714,0.47505507135331865,0.686713939440354,0.43039334446371297,0.5799232623350921,0.3019787870786793,-0.018562233167999487,,0.39102742641460875
727,twilight-sweep-540,run_a25476c986052dfd060629a12ab5bfbf,0.6183790564537048,1.2344862795149965,4.851333696243875,2.4519646241313957,0.8497967273096859,1.6823745845861686,1.00382897255903,4.798911268372346,2.1140745420088427,0.8497967273096856,1.3178311441683799,0.5711816996837975,0.4539769735640881,0.4255395396354117,0.6531887974288112,0.48620423847034766,0.5797185589687184,0.32786787375103155,0.01310576160733351,,0.43570475254197577
728,sweet-sweep-541,run_aec8ef230a56c2896dc6604aaf6fb1c4,0.5637524127960205,1.4306317804722397,4.875340228633643,2.2326468730258995,1.015148897245655,1.8801392625415412,0.9835609444798992,4.814099074578118,1.5614782059380916,1.0151488972456557,1.5415176451970243,0.5566735304466466,0.5497623325652587,0.35271174536283245,0.6927330356967458,0.540917068692695,0.5287767820448636,0.3835098525242404,0.05047462658279006,,0.38765790090899427
729,desert-sweep-542,run_58d26a87bbcb46fb415be6d283a779c8,0.5509891510009766,1.4522654754307591,4.355988023952096,2.0520530638029055,1.2973218823051123,1.8345109985757238,0.8703382259093816,4.243794229722374,1.0887176247631083,1.2973218823051127,1.4072994144643138,0.5896321952923831,0.5155995823996271,0.2853704945247901,0.6093011605616587,0.49497981485424764,0.5463968280905828,0.4230881554416486,0.06058127530436283,,0.40674859082722453
730,different-sweep-543,run_62e51f90be85d84429b154905ad8d269,0.5974473357200623,1.2993746011486915,4.807158410451824,2.3754137713202774,0.8520682996239455,1.876052381705966,1.0551627313337593,4.743957539466521,2.0415413771320274,0.852068299623944,1.469279158094636,0.5614838533154273,0.4435289215085028,0.45315199693515945,0.588025750814049,0.41382997887557593,0.5519902156207539,0.266094799024899,-0.05048688205617005,,0.35431265275290913
731,comic-sweep-544,run_2e003eda48fa3c4c68907b6f59672376,0.574984073638916,1.402629227823867,5.147577572128471,2.9837902716361335,0.41688687874784025,1.8768515587909476,1.1172941927249531,5.09172563962983,2.600859128237524,0.41688687874783975,1.4489990504826702,0.5740643157063761,0.5403741338738689,0.5519067458417137,0.756423867549293,0.4836665355526697,0.549563626705646,0.2995902921341198,0.04091876825782467,,0.38739646071855205
732,frosty-sweep-545,run_5fe867b8e1c71c2ef39af7c607455698,0.6121250987052917,1.2405743458838543,5.032416984213393,2.3486418193303846,0.900782599857709,2.0671546130716885,0.9368602425015944,4.959417528579206,1.911193935565382,0.9007825998577093,1.7077385662288347,0.56388178511825,0.46162784226118436,0.46990390447913677,0.5369727158466432,0.4593522354485946,0.5777596479508705,0.2924877155332024,-0.10454652718475618,,0.280746422691331
733,pleasant-sweep-546,run_e9a002a1612b0386e9a73fcc73383883,0.5548181533813477,1.4093299298021695,4.443440391943387,2.1609981048641815,1.1353135481248096,1.7821372052539954,1.033018506700702,4.332226456178551,1.653051168667088,1.1353135481248093,1.2495291976578584,0.5210206313354632,0.4342755839953038,0.37790074386233763,0.5220572961840553,0.3907867382569087,0.5258206204619925,0.3232917331159832,-0.002969081725461953,,0.40943796281056866
734,astral-sweep-547,run_4fca501f1432c965208e9c3e9fc79e8a,0.5871091485023499,1.3177409061901721,4.9991290146978775,2.2548831332912185,0.916963106006708,1.8272115841114096,1.0528525845564782,4.9437670114316825,1.735249526216045,0.9169631060067076,1.5565991454344044,0.5236655433713957,0.4837479618807244,0.3919166427226,0.6806687963242835,0.4824226860549547,0.5428637909867199,0.3452844594134622,-0.005168853780342569,,0.3885527038995008
735,effortless-sweep-548,run_a5a0295eb113e14f33c3cd44cd308790,0.5352903604507446,1.479566049776643,4.17125748502994,2.1509159823120654,1.3051834536030082,1.7018436461465418,1.0391576260370132,4.083560152422428,1.4909286165508533,1.3051834536030094,1.0992245608482358,0.544098694617529,0.424315417830678,0.34421144207132137,0.5653022957911471,0.4131533549864815,0.5204274068617404,0.4179509274517125,0.06923302985615146,,0.45530762732393626
736,balmy-sweep-549,run_b3254e054eba32324c11af5ad39f020e,0.5867262482643127,1.324071474154435,4.726347305389222,2.3056222362602643,1.0169631060067077,1.8009653426175027,1.0382769623484362,4.6562874251497,1.94472520530638,1.016963106006709,1.3674157303370789,0.555589103413878,0.4622717515182242,0.4334091562110909,0.5683996725169183,0.43552943719066745,0.548043659367744,0.304969290962393,-0.020198905446544985,,0.3839614191203113
737,pleasant-sweep-550,run_47c4afa444b8cdefee74ee1b5a8d135b,0.6010210514068604,1.2882578174856414,4.890283070223189,2.3068351231838276,0.918736660229698,1.8332528881152077,0.9202169751116782,4.83296135002722,1.6771825647504721,0.9187366602296989,1.4614456401329319,0.5522253802299351,0.5084010895898171,0.3758340516553331,0.6936153594822538,0.49136127373682514,0.5682375184349577,0.3734311397594116,0.02784576484043441,,0.4036587895459526
738,celestial-sweep-551,run_a8b59b1ea1125cbc7122d5ce36ff7054,0.6190172433853149,1.246049776643267,5.060479041916169,2.0669109286165503,0.9880323203577599,1.818127868333597,1.0103382259093814,5.0217746325530745,1.6612507896399225,0.9880323203577612,1.5866830194651051,0.5620000889676328,0.5092065819378441,0.42949190690546885,0.6496164708880166,0.4886813145826939,0.562117290128209,0.37647069685933343,-0.005738337098477819,,0.38878237271958604
739,distinctive-sweep-552,run_cbbe63b3ac731f4ff503940445900e7d,0.5698787569999695,1.2449010848755584,4.9427054980947185,2.681844598862918,0.8356946844191483,1.725684443741098,1.0107977026164647,4.915269461077845,2.479241945672773,0.8356946844191478,1.4480218388985604,0.5633150075178049,0.5378029197045608,0.47900919452159757,0.5884345756241289,0.5090263348249314,0.6156514015500746,0.27884013697291476,-0.08699593553766849,,0.4097326025766333
740,breezy-sweep-553,run_eb267304a26acf2aa6859a5f5e5eb983,0.5835354328155518,1.3014294830887043,5.162193794229721,2.7389387239418816,0.7395568655351153,1.8206876087988602,1.0271218889597953,5.129368535655962,2.4095767530006316,0.7395568655351131,1.4512304162050955,0.5883993809182436,0.4941323072280579,0.4734730070555183,0.5739489696770581,0.4405445126273654,0.5850797249496544,0.31965583704851075,-0.07794793794926602,,0.39187572465763937
741,treasured-sweep-554,run_6d35793fcb37f4a30925f114cbd0453b,0.5679642558097839,1.3624888321633692,4.692651061513338,2.060833859759949,1.237239556865535,1.8253639816426646,0.9076068921506073,4.631409907457814,1.3787113076437127,1.2372395568655363,1.4936501028643767,0.5633681230227598,0.5153183220406997,0.3393466462343965,0.5966995508320848,0.5052735082979546,0.5626497955226604,0.41700300273459345,0.036317507845586156,,0.4023999263303086
742,easy-sweep-555,run_dfec482126e52e4ec6e735becd5c34c8,0.5849393606185913,1.3338991703892786,3.9014970059880247,2.1212002526847753,1.289597520073178,1.6670873555942394,0.9265730695596673,3.7398203592814383,1.5338092229943125,1.2895975200731784,1.1218032916600729,0.5778192090591118,0.4467498263208361,0.332778309868148,0.5859386158677112,0.40854356856953006,0.5580988506946264,0.3839944529858776,0.07620827585653381,,0.45832257366418305
743,clear-sweep-556,run_c8538a8349240e066ca593fb03c9f3fe,0.6141672134399414,1.2622590938098277,5.094011976047905,2.6942387871130755,0.6643713792052037,1.7498377907896816,1.0141416719846834,5.031301034295047,2.3376373973468096,0.6643713792052016,1.3951930685234994,0.5710334412994236,0.500701936942746,0.4777714459023721,0.7127857921776191,0.43585181903043596,0.5771791550583238,0.29614768420251214,0.003110614544145379,,0.41473080506151583
744,sweepy-sweep-557,run_e02e66debde96c6b44402b631d692701,0.6082960963249207,1.2673005743458836,5.104763200870986,2.712128869235628,0.6970423823559304,1.7293875613229936,1.0315890236119982,5.060669569951006,2.4069867340492723,0.6970423823559293,1.3523104921664815,0.543030496481086,0.47796479729895586,0.48813284168183124,0.6812704455576049,0.4414655001561104,0.5758955373312162,0.3332801989217908,0.0034411227526085497,,0.4289215170315086
745,super-sweep-558,run_2891dcf5d598955fb0bdbf71bcf19bc9,0.593490719795227,1.2942693044033182,5.3182906913445835,2.4535818066961466,0.6577192804146762,1.9900656749485677,1.0298404594767077,5.276156777354379,2.086771951989893,0.6577192804146766,1.6839887640449438,0.5242637852550167,0.5122024681508668,0.45391629154295565,0.5973256325571319,0.4663733116485608,0.5593211452237938,0.2811032714217252,-0.06254210154575018,,0.30785870148898675
746,feasible-sweep-559,run_3875ccf535b8e619f9d8202762c89807,0.6433950066566467,1.1294192724952135,4.709036472509527,2.011269740998104,0.8250736863502388,1.7614733343883526,0.8215698787492023,4.637506804572673,1.4716740366392929,0.8250736863502407,1.4624465896502608,0.6315689032226549,0.4507740409915583,0.4293560642339495,0.625348296979372,0.47246461517761584,0.6210324205604862,0.3743222083725466,0.02122365002383403,,0.4039820201377895
747,generous-sweep-560,run_99031d048fa5db37073005be8c50f505,0.6202935576438904,1.20089342693044,4.3908818726184,2.0964371446620333,1.1493190364874477,1.8297713245766734,0.8783407785577538,4.2884866630375615,1.6375615919140858,1.1493190364874484,1.3151091944928,0.6076130697967583,0.40605782540543905,0.4198577722440379,0.5197403253770425,0.39150950625017344,0.5950009775925817,0.28714334958667864,-0.05479747645441074,,0.37900026855008273
748,noble-sweep-561,run_18bf724cd5fb034843cd83b405f2c2f7,0.5398851037025452,1.5047989789406508,4.708573761567774,2.561806696146556,0.9075820713487142,1.7167352429181832,1.1645564773452455,4.641453456722917,2.0796967782691094,0.9075820713487135,1.3231365722424437,0.540349062623865,0.5290584045651445,0.45456022730900614,0.6698035052630075,0.44408237255070093,0.5110796628220714,0.3918664514869002,0.04698488839749232,,0.44286706277801197
749,peachy-sweep-562,run_05a306c120635f31f5ff1321fc5dab7f,0.5306956171989441,1.4134779834077853,4.765269461077845,2.5043461781427663,0.848114645797337,1.5444927994935904,1.2076324186343326,4.744202504082744,2.3065824384080846,0.8481146457973361,1.2522313657224242,0.5357190355119158,0.5258494052527438,0.46179325096574403,0.6590313743942002,0.5018507764556357,0.5487034177507735,0.43704857268937713,0.08514755305709173,,0.505864573089913
750,rosy-sweep-563,run_ec078220b21423d8bb724dae21ad22cc,0.6140395402908325,1.256975111678366,5.077572128470333,2.637321541377131,0.741828437849375,1.7235796803291656,1.0718059987236763,5.034948285247687,2.370650663297535,0.7418284378493749,1.4210634594081346,0.5567250719030051,0.4578688623841887,0.46260112377486196,0.6941027648874779,0.4785524000940926,0.575933953594769,0.29549996362084924,0.0017901544379634038,,0.4232989245972722
751,atomic-sweep-564,run_9c36ccdc63838bafeca8deeae7c7254d,0.6070197820663452,1.2399744735162728,5.276020685900926,2.247062539481995,0.7505589998983636,1.8784894761829403,1.0775494575622209,5.247604790419161,1.9604169298799738,0.7505589998983643,1.7243115999366996,0.5454072083773673,0.507144710300243,0.4970014047185774,0.6685973758150088,0.5391435692616537,0.5667714703799176,0.34425492997741114,-0.023451646384335,,0.35065464096669896
752,pleasant-sweep-565,run_7cc032863e150879605e7bf251ea1d55,0.6426292061805725,1.1291512444160814,4.882825258573762,2.133265950726468,0.537239556865535,1.8302223453078017,0.8316400765794499,4.814235166031573,1.6054327226784573,0.5372395568655356,1.5245015034024378,0.6182135485278386,0.48120305385172246,0.3893377071161766,0.6578863512585846,0.4456526827850688,0.6223565381678322,0.33605319167928305,0.005372161267240549,,0.3700714036821919
753,glorious-sweep-566,run_8ab668515efa63352c7f64417d02a2c5,0.5687300562858582,1.3930695596681555,4.851170386499728,2.0804421983575487,1.0798607582071347,1.848904098749802,0.9464582003828962,4.787969515514425,1.4466708780795945,1.0798607582071356,1.537414939072638,0.5583766223140065,0.5500252814949103,0.3331920633400377,0.6800586605618466,0.5343407606320469,0.547705430693933,0.407878236034413,0.04184692668257822,,0.40025303870185075
754,northern-sweep-567,run_6b9a07408385f59e49806f93e8272dbb,0.6079131960868835,1.2731461391193362,4.349836690255852,2.385420088439671,1.0660839516210996,1.6348631112517802,0.9374984045947675,4.245971692977681,1.8656096020214779,1.066083951621099,1.128532995727172,0.5968285287088162,0.42039935101882414,0.39168358714043994,0.6158071626011081,0.43416445537926834,0.5734607168861028,0.36476712115806564,0.04355565519108495,,0.47140201251220876
755,lively-sweep-568,run_5f4948fd430b8fa88752c47546d378de,0.5419272780418396,1.4705424377791958,4.220713119216113,2.3183322804801008,1.1946183555239351,1.632255894920082,0.9982003828972553,4.102640174197061,1.6903095388502842,1.1946183555239334,0.9893377116632368,0.5633089739510301,0.43001929421939855,0.37780400983303003,0.636320600219338,0.440196276287374,0.5269670368787762,0.4032844157189985,0.08066207683698065,,0.4927580128764152
756,valiant-sweep-569,run_6fe93c8378090f9c741fb1f39e14c128,0.5832801461219788,1.3892788768347157,5.502721829069134,2.601958307012002,0.5739302774672222,1.9298544073429338,1.208704530950861,5.47185628742515,2.2574352495262167,0.5739302774672208,1.7524608324101922,0.47981193822881346,0.5726981025245523,0.4473983973438049,0.7376852663655235,0.5480938652183276,0.5246820323522252,0.332098136170486,-0.017294652161185947,,0.3641930337782959
757,vital-sweep-570,run_92e73e6d9c8d8a2bcfa1f2145fb1d4f3,0.6654754281044006,1.0975749840459474,4.867093086554164,2.1481996209728353,1.1146305518853543,2.079921664820383,0.8014422463305684,4.773516603157322,1.693341756159191,1.114630551885356,1.6160349738882744,0.6507289455251353,0.445006295124079,0.516911853909268,0.5068337726873446,0.4213195586529297,0.6161654652393671,0.26418124592529485,-0.16765099606082523,,0.27782852372362693
758,vague-sweep-571,run_52ef09e81910322de9062298fc575acf,0.5714103579521179,1.388640714741544,4.653674469243332,2.0760833859759944,1.0822288850492936,1.8156432979901882,0.9443267389917024,4.576755579749591,1.3611118130132656,1.0822288850492945,1.4763807564488045,0.57143025444185,0.4710461807932662,0.33145452223605654,0.6286371127578055,0.45991187069596434,0.5434996280362291,0.39675092401121126,0.06899480874980254,,0.39112227356696916
759,different-sweep-572,run_7686e3796d0da73fb3424f994993da7a,0.5733247995376587,1.371474154435226,4.700898203592815,2.2036765634870497,1.0345106209980688,1.954328216489951,1.0355966815571152,4.574986390854654,1.6185975994946296,1.034510620998069,1.5946985282481405,0.5141495405595394,0.4128377611865092,0.3973058136193851,0.6075373337426359,0.4446234242286284,0.5266262396656953,0.2929962796055633,-0.0023094648510768034,,0.32431346814624584
760,smooth-sweep-573,run_8086c0e7b71118f2a301b54aef44cdbb,0.5800893306732178,1.35238034460753,4.223761567773544,2.278787113076436,1.1151539790629128,1.6954502294666876,0.945283982131462,4.066984213391399,1.7189513581806681,1.1151539790629112,1.1201851558790947,0.5509617573800437,0.4542524439435561,0.37095185646330175,0.6053998258064833,0.42754665662939195,0.5496132931571903,0.3201445386366233,0.037378519855937986,,0.44700012656990906
761,silvery-sweep-574,run_06eded2af9b56196bffe88a0ae49d571,0.6912571787834167,1.0185322271857051,5.222074033750681,2.4827542640555897,0.786523020632178,2.065817376167115,0.8122271857051688,5.155443658138268,2.1480732785849646,0.7865230206321769,1.722424434245925,0.653889768998478,0.49284735868153384,0.56502538071066,0.5532444603897102,0.4497426809255907,0.6437631289992981,0.24469999647028795,-0.21823330093287735,,0.2723562752027062
762,grateful-sweep-575,run_a7eb41d4bddd902aeaf3bba35639eda6,0.5897893905639648,1.2546394384173578,4.238214480130648,2.291572962728995,1.2705966053460718,1.7285092577939543,0.8944097000638161,4.173543821448014,1.7669361970941257,1.2705966053460718,1.1370074378857413,0.5917650580095086,0.4533524074586987,0.3798105226191616,0.5166916544941325,0.40198281333791985,0.6048366637190502,0.3940967846561985,-0.028921110657904203,,0.44853102271362233
763,eager-sweep-576,run_baa453bb700301aed5a7264d82ac1202,0.43178045749664307,2.541174218251436,7.593413173652695,4.577321541377132,0.0,2.844908213324893,2.541174218251436,7.593413173652695,4.577321541377132,1.6010501526376075e-15,2.844908213324893,1.0,1.0,1.0,1.0,1.0,,,,,
764,good-sweep-577,run_9619bb990c60de9064b8c6ff014d8ed0,0.5739629864692688,1.381914486279515,4.529831246597714,1.9758433354390392,1.2958989734729138,1.8580985915492954,0.9157753669432038,4.4465432770822,1.2119646241313953,1.295898973472914,1.453319354328217,0.5727036601217457,0.46110405890197564,0.3571958305398589,0.6038633970139338,0.45756146330767566,0.5456705839793683,0.3935711838802073,0.037972731794579995,,0.37683257315247604
765,tough-sweep-578,run_a000fef669aa1a0420c111bb713c3926,0.4908742904663086,1.5726611359285254,4.170359281437126,1.7673783954516735,1.6245045228173594,1.7973532204462725,0.9631652839821316,4.048856831790964,0.818622867972205,1.6245045228173596,1.253635860104447,0.4788893350123761,0.48373114040818477,0.3642237333588737,0.552479281834807,0.4280468360111277,0.5025004655941147,0.42469877662758826,0.04294409293561316,,0.4188427763685322
766,firm-sweep-579,run_f1b44f29ad0978fa17e904608d75ecd0,0.5668155550956726,1.4123165283982126,5.009172563962983,2.2054074542008837,1.0257953044008536,1.8355989871815157,1.0856285896617743,4.971448013064781,1.7505369551484513,1.0257953044008536,1.6065754075011873,0.5305392897464296,0.5125540084673824,0.38582479328289115,0.6704687323069788,0.5168123303356863,0.5258606775646293,0.4118894299193646,0.04296150923786263,,0.40317806826897645
767,dazzling-sweep-580,run_75cf82bde4756906ebf553765e176708,0.5509891510009766,1.565603063178047,5.137561241154056,2.7557927984838906,0.7477233458684825,1.9865761987656274,1.1994001276324178,5.081219379422973,2.1557675300063166,0.7477233458684823,1.7072756765310961,0.5916733815874451,0.5476956442854995,0.4863924272898509,0.7568393587038109,0.5926976069394174,0.49173689743066296,0.36504200200948567,0.04193260373600893,,0.3718265273454987
768,worldly-sweep-581,run_98572988aa37e7beda33740976e902ee,0.5444799065589905,1.4879514996809184,4.803592814371258,2.0495893872394184,1.4160483789002947,2.0039840164583,1.0737332482450548,4.710996189439304,1.4441692987997463,1.4160483789002938,1.5213680962177563,0.5096763157952173,0.4310587221597224,0.3879875810107589,0.4989206166536515,0.4071745687200802,0.4840022834551194,0.29976845562182247,-0.023354565583705855,,0.30972954721838225
769,fresh-sweep-582,run_e0a71a9492dcead67bb7fbbd1cd2693d,0.5223994851112366,1.482858966177409,4.339847577572129,1.8788881869867335,1.4063573533895721,1.8335219180250035,0.9753669432035732,4.23843222645618,1.0606948831332905,1.4063573533895712,1.3469892388036067,0.4776092935915864,0.4698559482530518,0.333621460268812,0.536759746842777,0.43193847567199467,0.5124141351236581,0.4174191717904964,0.03566215260211461,,0.3968065593561093
770,rose-sweep-583,run_3d9d241b9314390af6dfaa5fdbeb55eb,0.5470325350761414,1.495686024250159,5.12852476864453,2.8338344914718885,0.6791340583392621,1.6997191011235955,1.2154052329291645,5.082471420794774,2.4467340492735303,0.679134058339263,1.3463562272511465,0.5537925584623822,0.5070222123508481,0.5218237397439581,0.758497064383242,0.4912304240772681,0.5193161281428702,0.34307276380653606,0.07289890984915928,,0.4651862883068314
771,royal-sweep-584,run_b6e32c2137d6727df76e7fa5607c3183,0.6103382110595703,1.2441480536056155,4.862493195427328,2.5554264055590643,0.8112562252261408,1.705435986706757,1.0095851946394385,4.811050626020686,2.22170562223626,0.81125622522614,1.3071372052539951,0.5615387177269561,0.4389220647533832,0.43972655875873956,0.668335580385804,0.4348139003277699,0.5785266407809179,0.3216366947010631,0.003667503315716719,,0.43088435623204707
772,lyric-sweep-585,run_23563a17d45ab84429fd347e2e96b8eb,0.5591576099395752,1.4291384811742183,4.559499183451279,2.049778900821225,1.2211962597824981,1.8072084190536475,0.8791448627951486,4.473761567773543,1.2224257738471251,1.2211962597824981,1.4110460515904408,0.5912905539759125,0.5458808643433392,0.30955607700411836,0.6346514874517595,0.5026619992304491,0.5504128037933029,0.43050246431401723,0.06157741522018148,,0.4164769132074219
773,polar-sweep-586,run_43d8c63d829e4bdb89f18bcd0eec92d5,0.5804722309112549,1.4190427568602424,5.33258029395754,2.4777258370183195,0.6945929464376459,1.901851558790948,1.179425654116145,5.301714752313555,2.088843967150977,0.6945929464376454,1.6741810413040046,0.5234362638791655,0.5685239891071955,0.4222003000989688,0.7492490907514041,0.5833339887524011,0.5208170187953972,0.3738071940200686,0.042627046120322254,,0.3993566890564032
774,fresh-sweep-587,run_1ade330e7ad693e7ea15e1953dde9895,0.7275047898292542,0.8530567964262922,4.978688078388678,2.384939987365761,0.589567029169631,1.9758031334071844,0.6439948947032542,4.920386499727818,2.0680227416298163,0.589567029169632,1.646724165216015,0.6999040611553677,0.44879881861570503,0.6001441432812948,0.5937025445335085,0.4346987198494333,0.7073920252253121,0.26425392472599013,-0.2919768879678374,,0.2891085767964875
775,quiet-sweep-588,run_04e67362bd4eb61100c80bc12d7e2c70,0.5985960364341736,1.2789023611997443,4.0728905824714206,2.079507264687302,1.3523173086695803,1.7503995885424906,0.8954690491384806,3.9440391943385964,1.4928995578016422,1.3523173086695788,1.1221514480139259,0.597925682786894,0.3762652030180928,0.3834793921399611,0.5424888993348915,0.41072838933084393,0.574930202393395,0.35058944235978423,0.03517122133356734,,0.4392218398799086
776,neat-sweep-589,run_079b9da8513ec2260f8da319009a59cf,0.5828972458839417,1.346330567964263,5.461649428415896,2.43776373973468,0.6692295965037096,1.9274291818325684,1.1967708998085507,5.436173108328797,2.165293746051801,0.6692295965037105,1.7832212375375855,0.5202329391495666,0.5283280853998819,0.4600271366088816,0.6848290764546475,0.5244100007173715,0.5213892171482262,0.3120266197621218,-0.023503332991213793,,0.33689931722983835
777,splendid-sweep-590,run_2e6c52a896aea1685247a32d3e366803,0.5126994252204895,1.6264071474154433,4.259825802939576,1.88634238787113,1.4890486838093298,1.8653228358917548,0.9541927249521375,4.169678824169842,0.7587744788376493,1.4890486838093286,1.271328532995727,0.582530071692063,0.6350425055464303,0.454965041662676,0.5948318872210667,0.5548450087623407,0.4893789967665275,0.45971660193582925,0.044136696611043885,,0.40624396123689055
778,rich-sweep-591,run_72f7252740d4a4697b59663f53032263,0.5854499340057373,1.3495086151882576,4.709499183451278,2.265634870499052,0.9905274926313649,1.8611528722899187,0.9336821952776001,4.613962983124659,1.520745420088439,0.9905274926313637,1.4568009178667507,0.5474664761471834,0.48424328087391544,0.35283146569613383,0.6750436931373377,0.4683118669302956,0.5498829728249606,0.3529909512088606,0.020863525392537274,,0.39015177241671145
779,good-sweep-592,run_e14a98098634d7875dcbe3707647f1b6,0.5937460064888,1.3095213784301212,5.017528579205226,2.2762349968414397,0.8959599552800079,1.8996241493907262,1.0614039566049775,4.970005443658137,1.8339229311433987,0.8959599552800089,1.6630519069473024,0.5176620126153126,0.4730813158586152,0.4154223733358874,0.6736198844406279,0.5069169566885163,0.5442511206410006,0.35495647839713995,-0.01060699014930247,,0.3623695876571575
780,effortless-sweep-593,run_951a245dc0b7ecfb8b1fb3eedc6e5803,0.526866614818573,1.4835737077217612,5.3937125748503,2.7427921667719515,0.7000762272588678,1.6018317771799333,1.3785832801531586,5.382444202504082,2.6583954516740356,0.700076227258868,1.4401052381705963,0.546185423514549,0.6308323806709194,0.5140133448264853,0.7148031346717119,0.5692043796851718,0.5136601559645387,0.3694360725639654,0.08976504428530815,,0.4729385939351755
781,royal-sweep-594,run_9fe0012603711832a0c1a50d199710e0,0.6067644953727722,1.2828079132099552,4.738486663037563,2.250221099178774,1.0026171358877936,1.8389816426649783,0.9540523292916396,4.643930321175831,1.6133922931143394,1.0026171358877944,1.4973690457350841,0.5665071602300601,0.466124310788223,0.3667796826613032,0.6843023693292559,0.4702933281107192,0.5624728464632553,0.35163933900205,0.017950912353166315,,0.39555007170283907
782,frosty-sweep-595,run_473475771fecd9cdc3cb6e31d755449c,0.5798341035842896,1.380395660497766,5.110288513881328,2.3160707517372074,0.806840126029068,1.8328453869283114,1.0362476068921498,5.071584104518236,1.8102716361339233,0.8068401260290686,1.5758347839848081,0.541982745938242,0.5009212603435601,0.37795501708010093,0.7099425821603855,0.5315723087411638,0.542375690890393,0.40159295178535415,0.05701877786811496,,0.4060436088525179
783,trim-sweep-596,run_2bfb4081d05d7605446fcef01522bc3a,0.581110417842865,1.3308870453095083,4.224550898203594,1.9264308275426403,1.3868533387539383,1.813965817376167,0.9178174856413522,4.081001633097441,1.183575489576753,1.3868533387539377,1.400142427599303,0.5613785537126884,0.41527228199842714,0.3719490470261469,0.569916978859956,0.42675025515743226,0.552993521649419,0.38074444682561037,0.0336514136529554,,0.3923210893032253
784,clear-sweep-597,run_cac09564a789e10ef826a39b22e8cd14,0.6999362111091614,0.9568730057434587,4.445672291780076,2.3258370183196457,1.057729444049192,1.8308909637600883,0.6506317804722405,4.330538922155689,1.898673404927353,1.0577294440491927,1.2279949359075815,0.7079578842643033,0.4154079934250421,0.5118682757079462,0.5265315254687712,0.397178433758628,0.6823981397187862,0.2819702803376001,-0.17707179712764887,,0.39676778231964077
785,fluent-sweep-598,run_b451529feae3a98ba0a4702bf7cdf138,0.6759412884712219,1.0739502233567326,5.370277626565052,2.5141756159191404,0.7856743571501169,2.0023223611330905,0.9062412252712186,5.32814371257485,2.2545672773215406,0.7856743571501162,1.736979743630321,0.6256959461230667,0.5243343871662107,0.5719128116719343,0.5897616590309065,0.5145002353527561,0.6216952481698499,0.294758886008821,-0.21124825332638322,,0.31823275884036717
786,atomic-sweep-599,run_c6075f5b41a4e7c8fe3495291b12ca7f,0.5395022630691528,1.4749329929802169,4.602313554708765,1.9001895135818063,1.4483484093911982,1.8534815635385342,1.029010848755584,4.535193249863907,1.149286165508528,1.4483484093911987,1.5254708023421415,0.5371051371945117,0.4739602298372129,0.4175468505570986,0.5501630950491657,0.46545732652997224,0.5094066055361779,0.4088155061793606,0.05154276150850462,,0.37022029176140014
787,vague-sweep-600,run_329383199919ac27e50a9e435023a8e0,0.6357370615005493,1.1684237396298658,4.867855198693522,2.0609475679090328,0.9373259477589184,1.7798623199873393,0.8438034460753027,4.800244964616223,1.4950852811118132,0.9373259477589179,1.462604842538376,0.6201207356416252,0.5110829596486454,0.37498754908533666,0.6716485762497181,0.48104438190983023,0.6087685585201164,0.3728868865090473,0.02923879656778,,0.40942078379998326
788,drawn-sweep-601,run_b8b05d6b062148afeca9204894d2cc90,0.43088704347610474,2.121391193363114,5.673162765378334,3.4746557169930505,0.9755920317105395,2.3715579996834935,1.6375622208040832,5.609471965160585,2.798066961465572,0.9755920317105395,1.8702840639341662,0.6086465519419066,0.6894539191538911,0.6789095872042907,0.7850967114823862,0.6139792222677489,0.2975453173996477,0.26337059838793286,0.03957196881060307,,0.2383890650434714
789,royal-sweep-602,run_64a95d7dd52c1534027a386b8687e466,0.5544352531433105,1.457243139757498,5.19553620032662,2.491560328490208,0.9152251245045228,2.0424750751701217,1.0345245692405869,5.139194338595536,1.8676437144662028,0.9152251245045219,1.7661655325209693,0.573408388497687,0.5078683558747232,0.4032407496089136,0.6869714251048623,0.5548451761008066,0.5318763936913498,0.3328010676597693,0.03378469895021319,,0.33092219732620987
790,fearless-sweep-603,run_f99b28e7acb2b5b6be45e9ee8809076a,0.43178045749664307,2.541174218251436,7.593413173652695,4.577321541377132,0.0,2.844908213324893,2.541174218251436,7.593413173652695,4.577321541377132,1.6010501526376075e-15,2.844908213324893,1.0,1.0,1.0,1.0,1.0,,,,,
791,whole-sweep-604,run_f6a6d06502a1453b7af62169093b9f65,0.46419909596443176,1.6598340778557752,4.146570495372891,2.0700694883133286,1.43535928448013,1.925221554043361,0.9265092533503506,4.030947196516059,0.8499557801642453,1.4353592844801302,1.245770691565121,0.5274949495304282,0.5154763828183578,0.29258452255531076,0.5847784031523247,0.48055514046350156,0.5029138691324465,0.43261774950805887,0.04644413180658907,,0.3966342767168311
792,dutiful-sweep-605,run_8f0425f88ce4aa5d7b97e1aa2374d9a7,0.561582624912262,1.4072239948947032,4.722346216657594,2.075211623499684,1.1811312125215976,1.796819116948884,0.9240842373962982,4.669433859553619,1.403284902084648,1.1811312125215976,1.4685235005538837,0.5582735255318485,0.5205074228001728,0.35123647160233695,0.6349211220907127,0.5192918840892151,0.548661495194529,0.4328526004356554,0.04769414261547056,,0.4226921871336855
793,gentle-sweep-606,run_1f81871bfd59e039984d1daecb894c27,0.4902361333370209,1.6200893426930438,4.555879150789331,2.2417814276689825,1.2234881593657891,1.9184681120430445,1.1250031908104654,4.445155144256941,1.4671509791535042,1.2234881593657883,1.4502373793321737,0.4996428745005794,0.45358164039874205,0.33631931807298154,0.6551154359082941,0.4845477011383161,0.47697988279759884,0.37215009312143416,0.06579869634083302,,0.3803216609133489
794,devout-sweep-607,run_9f976b7afa50d33fab0441f91439d624,0.57447350025177,1.2372814294830885,4.809662493195429,2.5069235628553375,0.9683910966561643,1.664096376008862,1.0031780472239937,4.771448013064779,2.2540745420088437,0.9683910966561627,1.3273263174552947,0.5712554950345565,0.5203103443649679,0.4625915461481978,0.5773544870713727,0.4719512222630925,0.6145480229102627,0.3107290598944692,-0.08878474780421863,,0.44017585499353473
795,rosy-sweep-608,run_f0cce13df4c13f39bb3a90c9cc0a800e,0.581110417842865,1.4076834716017865,4.382335329341318,2.1353885028427038,1.2128976522004267,1.8071095109985758,0.8657306955966806,4.257403375068047,1.1782185723310172,1.2128976522004256,1.350557841430606,0.5923664138207613,0.5775823768392411,0.3195613446987836,0.6494933139099989,0.5243654565806479,0.5442716002195002,0.41140571761721983,0.04951584718329993,,0.4176764819251371
796,stellar-sweep-609,run_7e91a6d6afad069a6294268b82df94f4,0.5489470362663269,1.462948308870453,4.5553892215568865,2.053935565382185,1.2903038926720192,1.8229150181990819,0.9970389278876843,4.482879695155144,1.2953253316487672,1.29030389267202,1.4484016458300366,0.5386077385296342,0.5415491200747717,0.3118302844555119,0.607747223758354,0.4844996441538732,0.5181735869827367,0.43109493560276296,0.05610457949502115,,0.39749327507474036
797,drawn-sweep-610,run_8a79f68b589a91ef0f9bc4062fb911f0,0.5368219614028931,1.4577791959157622,5.502966793685357,2.5470120025268472,0.7138631974794186,1.9421427441050796,1.2328653477983402,5.479450190528035,2.2720151610865416,0.7138631974794177,1.7287862003481564,0.49457000459645495,0.5456341259913281,0.4385435622386106,0.5852240783355189,0.5076757114909499,0.5081314908783372,0.3323564655846538,-0.02730127584081818,,0.3404021801659643
798,helpful-sweep-611,run_3b9dc4c9bcac725294193db0884af1fc,0.5910657048225403,1.3180344607530312,5.077354382144802,2.3632343651295002,0.49581258257953037,1.9846099066307956,1.0340778557753674,5.016113228089276,1.8789513581806687,0.4958125825795316,1.706306377591392,0.5063377109827731,0.47361009733393233,0.4133992593302046,0.6895043882638691,0.47746836138522386,0.5422128012183859,0.294327536936352,-0.0317488633939845,,0.31771106224930723
799,fancy-sweep-612,run_fc1bfac653531e205560595699f15881,0.5527759790420532,1.4797702616464576,5.103728905824714,2.228351231838281,1.0547921536741538,1.965314923247349,1.1216081684747916,5.0522863364180735,1.710789639924193,1.054792153674154,1.681741573033708,0.5193517205775455,0.5248059575885976,0.3719235066883759,0.671228684854377,0.5285455783496865,0.5003711192670227,0.371061148961085,0.0267157684798425,,0.3523510367409329
800,tough-sweep-613,run_e22688275c59b45dc90a589d1368d574,0.594001293182373,1.3529929802169747,5.236499727817093,2.326291850915981,0.7566622624250432,1.8808237062826396,1.1034971282705814,5.204164398475776,1.9028553379658886,0.7566622624250423,1.6908965026111717,0.5218344268557892,0.5092661599873537,0.38587172365354533,0.7271504665381607,0.5425548888600841,0.5344972288590737,0.3740596226063172,0.045936633878861516,,0.3872802651362698
801,sage-sweep-614,run_2982bcdda5beaeb37325005d35ff08a1,0.5777919888496399,1.3290874282067642,4.446080566140448,2.04341124447252,1.2023274723040958,1.858142111093527,0.9578302488832174,4.334376701143168,1.381705622236261,1.202327472304095,1.4960199398639022,0.528398885476561,0.43773832887948744,0.35054145516074453,0.5983526032993929,0.43565249847575027,0.5487707992791118,0.3554657983161805,0.01227242799811859,,0.36755709807774317
802,divine-sweep-615,run_4ac44ee2aa31da0e0d0a7ebe555d1add,0.5562220811843872,1.4324058710912568,4.551660315732172,1.952924826279216,1.2888962292915946,1.7938756132299412,0.9662667517549458,4.445835601524225,1.2284017687934299,1.2888962292915942,1.4073983225193867,0.5508569842677025,0.53043911499431,0.3521247964754334,0.6199741078086614,0.47029535665869215,0.5315010712105155,0.3896757748715958,0.039723871514325576,,0.40626245398567096
803,snowy-sweep-616,run_73533f2976f76ac5d91d7d3e8ce4bbe8,0.606509268283844,1.2647989789406506,4.7591181273816,2.4446367656348698,0.8488820002032726,1.6557485361607849,1.0426419910657299,4.716494284158955,2.1253821857233097,0.8488820002032732,1.3347167273302738,0.555082423462967,0.453902320539248,0.42443092934904064,0.6438546099139799,0.49439397989897443,0.5698634543610862,0.36618663614986763,0.016783723179832788,,0.4438149776973049
804,dandy-sweep-617,run_4f8468e0896812576c2660fbc06b0ff8,0.6006381511688232,1.3014677728142945,5.27063146434404,2.4225773847125702,0.7568248805772944,1.8593013134989713,1.1254881940012758,5.229477408818726,2.072533164876817,0.756824880577296,1.6810531729704064,0.5148247943077783,0.5283022415379253,0.4370788238674457,0.7361797133809274,0.5293421117837612,0.5463203747670752,0.33203916498343483,-0.011208113183389407,,0.3834362921066081
805,solar-sweep-618,run_5c453947f9cd7d3f6c37ab677bb2ac78,0.6040842533111572,1.3007019783024887,4.993358737071311,2.77842072015161,0.6278534403902837,1.7145988289286278,1.045003190810465,4.9468154599891125,2.427327858496525,0.6278534403902862,1.3350292767843006,0.5621059454749463,0.46794679553804186,0.4940016920473773,0.7228418352390941,0.45869761832208855,0.5726474224149714,0.32630769911966406,0.017135210751219487,,0.4361628138790552
806,hopeful-sweep-619,run_89b1b33e6af9b05ef72b005f0ae6e3f6,0.7151244282722473,0.9014677728142947,4.886608600979859,2.514718888186986,0.572365077751804,1.9267486944136727,0.7218123803446074,4.81801850843767,2.236184459886292,0.5723650777518031,1.5109313182465578,0.6891134190588332,0.4483223362646987,0.5732014813395907,0.5744772112330282,0.4031859904294701,0.6961395868152752,0.23419137918088473,-0.23916143727263317,,0.3203644759634929
807,sleek-sweep-620,run_610f94b661c25ec98434c1b8c453a70d,0.5258455872535706,1.5881684747925973,5.710070767555797,2.4850284270372702,0.7724057322898669,2.002836683019465,1.4082833439693683,5.6860642351660315,2.232962728995578,0.7724057322898669,1.8082093685709766,0.4991814375517653,0.5746000614908557,0.43072135491491875,0.6849960291363766,0.5330109972611455,0.43470492828249824,0.3046244583940093,-0.004533310183879452,,0.31473231024665327
808,worldly-sweep-621,run_cca431773473a41c126ed0118696242d,0.43178045749664307,2.541174218251436,7.593413173652695,4.577321541377132,0.0,2.844908213324893,2.541174218251436,7.593413173652695,4.577321541377132,1.6010501526376075e-15,2.844908213324893,1.0,1.0,1.0,1.0,1.0,,,,,
809,swift-sweep-622,run_38ad75a7e0775ccd2859b7ade31815a3,0.5276324152946472,1.5051435864709635,4.728606423516605,2.462817435249526,0.9173340786665309,1.7492482987814524,1.1694958519463938,4.661976047904191,2.041415034744157,0.9173340786665312,1.3019544231682225,0.5189952262152259,0.4395315518394544,0.41324489991380137,0.627650978413416,0.4280310402664154,0.4997139780004965,0.3342349532135366,0.05732885870125784,,0.41593560482386477
810,earthy-sweep-623,run_5a1d6fd373216314bca6012e76fb5024,0.5488194227218628,1.468347160178685,4.632308111050627,2.4998862918509155,0.8831182030694176,1.6487893654059183,1.1634843650287168,4.569597169297768,2.0926342387871135,0.8831182030694159,1.2306931476499445,0.5359555566025374,0.44014734451342274,0.42531191137502794,0.6551478838112998,0.4624490480062575,0.5177145368774174,0.38785138581298245,0.08358227945278751,,0.46234439642461717
811,prime-sweep-624,run_590c0a2b01db4315d77ea280ea3437cb,0.43178045749664307,2.541174218251436,7.593413173652695,4.577321541377132,0.0,2.844908213324893,2.541174218251436,7.593413173652695,4.577321541377132,1.6010501526376075e-15,2.844908213324893,1.0,1.0,1.0,1.0,1.0,,,,,
812,crimson-sweep-625,run_ebe20ba57af795527bc1ad2315d24a8f,0.6148053407669067,1.2402169751116783,4.959254218835058,2.528212255211623,0.825612358979571,1.7014559265706592,1.020357370772177,4.907321720195972,2.2213644977890086,0.8256123589795724,1.3866197183098588,0.5667319933091821,0.44806053709131416,0.43406953356958144,0.6773171535926009,0.4794078992197203,0.5739455014685805,0.30991638649888625,0.015184245631276155,,0.419263574150403
813,crimson-sweep-626,run_0a372b475711fef6029eb1a70d88cd64,0.625526487827301,1.1991703892788765,4.583532934131737,1.93859759949463,1.115967069824169,1.726713087513847,0.8628334396936822,4.5007348938486675,1.3466456096020203,1.11596706982417,1.4239120113942083,0.6146648839059841,0.46144586154874134,0.427426810969575,0.6068854892976163,0.47359962882055784,0.5940937853314899,0.3940526866831625,0.039534848631281955,,0.4126722472456488
814,worthy-sweep-627,run_9de3a70c1cfbf88a6aa0194309270610,0.5731971859931946,1.2962476068921505,4.45424605334785,2.2600884396715095,1.245858318934851,1.7709408134198448,0.941531589023613,4.384676102340774,1.779090334807327,1.2458583189348504,1.2911022313657226,0.566748249972084,0.43102918411495733,0.4051918717875044,0.5132933327960699,0.40916356831439155,0.5843918936170167,0.33353378028222846,-0.01926069660148913,,0.4092412543590749
815,sweet-sweep-628,run_ed7ef707373c6ce5c7247b2d6ff162fa,0.43178045749664307,2.541174218251436,7.593413173652695,4.577321541377132,0.0,2.844908213324893,2.541174218251436,7.593413173652695,4.577321541377132,1.6010501526376075e-15,2.844908213324893,1.0,1.0,1.0,1.0,1.0,,,,,
816,proud-sweep-629,run_c0c9b46fed9eb25bccc9e395710e5f24,0.5908104777336121,1.3245820038289724,4.6189439303211755,2.38209728363866,0.9066368533387539,1.719666877670517,1.0017996171027437,4.546924333151878,1.9235502210991766,0.9066368533387539,1.2814171546130722,0.553462302700312,0.4441334246324227,0.3966904511062159,0.6360572075962013,0.42789484819346046,0.5581911574956957,0.3347040530211776,0.01948106439391123,,0.42969507040392013
817,woven-sweep-630,run_d6e5c96b9a2bb12d9d7f19419e5f0bfc,0.6020421385765076,1.2713975749840456,4.380892759934677,2.2526847757422606,1.1284785039129992,1.656203513214116,0.985832801531589,4.3152422427871535,1.8122299431459268,1.1284785039130008,1.2039246716252574,0.5832426520159522,0.4146891639872215,0.4038344028349775,0.5999758765770686,0.45806019614886606,0.5698817721774879,0.3810238842719881,0.038820335790482774,,0.45617161048110044
818,curious-sweep-631,run_d822a1f1d20dd1b5c9d0d6100118ffc7,0.5655392408370972,1.4469432035737073,5.1679096352749045,2.330524320909665,0.8330318121760341,1.917653109669251,1.1317421825143579,5.136554164398477,1.9006569804169282,0.8330318121760325,1.691762937173603,0.546471667752362,0.5313654338610454,0.39227676148517066,0.7215979922349822,0.5476186665348841,0.5190062388785933,0.40545601702717626,0.03358117019442611,,0.3859369010346672
819,fine-sweep-632,run_89b4061a6b0fadcf066eaff1449762a9,0.590427577495575,1.279834077855775,4.714997278170932,2.081566645609602,1.042539892265474,1.8002650735875927,0.9972559029993615,4.64738704409363,1.5914466203411235,1.0425398922654745,1.4901289761038137,0.5153861429305343,0.44947902468478435,0.4109767582926284,0.6145994611295483,0.458050249642954,0.5603742989606739,0.3967073675299345,0.00969796023487049,,0.39574018522379123
820,wandering-sweep-633,run_2773e2c9de3bf6f62177bddf05e21bb9,0.7386087775230408,0.8305934907466495,5.039738704409363,2.4559696778269107,0.5924535013720906,2.1330075961386292,0.634396936821953,4.949101796407187,2.1575489576752998,0.5924535013720895,1.7513016300047477,0.7037549685257696,0.42990905511336575,0.6162380678734476,0.5821467916790871,0.40104904584766055,0.7152810751134455,0.19385955667578397,-0.3125463562962372,,0.22186005560059627
821,celestial-sweep-634,run_f51bc534fd03efcf49d5607c4314d70a,0.6132737994194031,1.2492661135928527,4.825557974959173,2.427643714466203,0.73420063014534,1.7264084507042252,0.9694447989789414,4.754518236254764,2.025723310170561,0.7342006301453395,1.316216964709606,0.5771662773782276,0.43120075332819185,0.4194090604348243,0.672503556219539,0.42117330364578864,0.5737384913230965,0.29416226375179644,-0.01024492687987183,,0.41851213707826646
822,dark-sweep-635,run_090b361b7b8675fd9e521fb72a765049,0.5061901807785034,1.5910146777281429,4.488622754491018,2.159507264687302,1.307866653115154,1.962960911536635,1.0164390555201024,4.361241154055527,1.2374478837650016,1.307866653115155,1.4194571925937645,0.517182319450084,0.46588020759972865,0.3182089838138109,0.6430168648155593,0.4706841027396533,0.49240267627829704,0.3752145512045366,0.05371010827648262,,0.36417148166890545
823,robust-sweep-636,run_e529dc84e252a9bf487c2eec6b8f4a04,0.5726866722106934,1.3462667517549456,4.430647795318454,2.3295262160454824,1.0742605955889826,1.7577425225510361,1.0216464582003832,4.344420250408275,1.8783701831964614,1.0742605955889843,1.3012620667827195,0.5500963185482686,0.40785982179682706,0.3935507454586087,0.5823356477692154,0.44512192405537365,0.5496695500889553,0.33545520785448,0.04516481343203255,,0.40792077811384764
824,effortless-sweep-637,run_11ce9c3d6dba30fccb1543123053323f,0.5914486050605774,1.34089342693044,5.3383505715841055,2.490726468730258,0.7066571806077853,1.920928944453236,1.1662922782386729,5.307485029940119,2.160897030953885,0.7066571806077846,1.7371261275518275,0.4917005980309053,0.5282021791270624,0.45105784886505124,0.6915158160700444,0.5242961622491357,0.5304750323109682,0.3344367967360434,-0.02186190853044359,,0.3553181243455296
825,snowy-sweep-638,run_404590efed13bccc07f09adb210d1c77,0.5582641959190369,1.388308870453095,4.505824714207948,2.09842072015161,1.1707388962292915,1.7541739199240387,0.9017230376515638,4.4259662493195435,1.3424763108022713,1.170738896229291,1.4244540275360023,0.576957327251476,0.46539847413063057,0.36219551128563676,0.6291263286025751,0.47499291059119375,0.5637450896307286,0.4397777718278359,0.07658369804989135,,0.4289075198963692
826,light-sweep-639,run_f9a5e37e940012babda736b4423104ff,0.6020421385765076,1.280536056158264,4.888541099618944,2.5158938723941877,0.757729444049192,1.6628540908371574,1.0519463943841736,4.831219379422975,2.211396083385976,0.757729444049192,1.3183929419211906,0.5410374657817655,0.4537397011764,0.4371688535580883,0.6924233624495186,0.45690763856993827,0.5675325584261666,0.3272581491294197,0.03852803998118018,,0.4442889994875089
827,glamorous-sweep-640,run_eef974b6c07c071aa5eadb705b6dbd7e,0.6195277571678162,1.2500191448627949,5.169978225367448,2.7690208464939983,0.6383829657485516,1.7657659439784776,1.0179834077855776,5.107757212847034,2.4540619077700567,0.6383829657485516,1.4441644247507517,0.571737011361041,0.5009555060955634,0.498306994860007,0.7217866938393479,0.44848722333941554,0.5787094660167681,0.2705717327741409,-0.0162022438571921,,0.40891366162122644
828,divine-sweep-641,run_e55f2003c803dcdec31ffb23e60a8726,0.517804741859436,1.5288959795788128,4.961703864997279,2.2004927353126966,1.0572873259477586,1.8673603418262381,1.139029993618379,4.888214480130649,1.6556411876184467,1.0572873259477595,1.4905681278683331,0.44774510915603777,0.4580487472999811,0.3561801232321298,0.6266969141439113,0.4394778020954967,0.48141323840854044,0.3172503548318086,0.045616429668627195,,0.3650020147776624
829,sparkling-sweep-642,run_a522466dc759037753874cad9e17bcf6,0.6070197820663452,1.2789151244416082,4.491181273816005,2.4378900821225513,0.905264762679134,1.7296882418104127,0.8964007657945127,4.402994011976048,1.85339229311434,0.9052647626791338,1.1509336920398785,0.5991675385464634,0.4232963154782781,0.40236647192159114,0.6553084502930437,0.43567209569082394,0.5779905029142629,0.33585822621151395,0.026206225490128215,,0.4409733231918028
830,comic-sweep-643,run_2c05b6aa8f973117303143f88a2cc68c,0.5954052209854126,1.2873643905552008,4.494556341861731,2.0992419456727727,1.145345055391808,1.8457153030542803,0.9374728781110414,4.391671203048449,1.4502969046114975,1.1453450553918074,1.4580985915492968,0.5692368728463155,0.41736201165663295,0.3761833157743511,0.6034618402453302,0.4331536792168812,0.5627009415666201,0.3584337597156474,-0.0026347681353921792,,0.38207471664289755
831,skilled-sweep-644,run_4931af7e3021e78222638cc2799950db,0.5467773079872131,1.4445054243777917,4.693957539466522,2.432798483891345,0.9187214147779245,1.577073112834309,1.1113848117421825,4.625367446924334,1.9463171193935553,0.9187214147779239,1.1312747270137689,0.5215554456962763,0.4523256955851018,0.4137317626025604,0.6723324568580882,0.4413313546345389,0.5300582678688555,0.3774426634629397,0.09018689229458599,,0.49136379322552903
832,whole-sweep-645,run_5372c86962ddd6fc3e563eca368a98cf,0.6075302958488464,1.2635992342054878,5.120032661948829,2.6353758686039157,0.6826862486025003,1.736421902199715,1.0566049776643271,5.072019597169297,2.370915982312065,0.6826862486025014,1.4362557366671935,0.5442292131950623,0.469093914113869,0.45881636497142675,0.6902700062000533,0.49854463828685447,0.5697935925595662,0.278928014250586,-0.0007504647149124133,,0.40656102641685227
833,hearty-sweep-646,run_ec36f2e237e16f6268b4fcece74f18b3,0.6039565801620483,1.2665092533503508,4.543821448013065,1.9891219204042951,1.1857861571297894,1.7627670517486942,0.8302361199744739,4.464942841589547,1.2092103600758046,1.1857861571297894,1.4438004431080862,0.6077694114507478,0.5080366845900248,0.34391852632251063,0.6245669372956263,0.47932498998716677,0.5875374330468204,0.4190502517898472,0.049419412957250275,,0.4177622758738695
834,fluent-sweep-647,run_c28531546070ca80f44bec6223680b2b,0.5774090886116028,1.3440714741544348,4.315133369624388,1.8555022109917871,1.391482874275841,1.8479347998100963,0.8924058710912582,4.21273816004355,1.052217308907139,1.3914828742758405,1.3944453236271575,0.5420299554597683,0.49852888571921133,0.3579377773521055,0.5702011576912919,0.44203824044467876,0.5512241963262612,0.3972350316063182,0.019393368029218677,,0.3811242633649006
835,revived-sweep-648,run_d790ce8247e694f1df32e20cd7bceaa8,0.5821314454078674,1.3781876196553924,4.933260751224823,2.460909665192672,0.8004827726394957,1.956733660389302,1.0668921506062545,4.859771366358194,2.037030953885028,0.800482772639495,1.481737616711504,0.5464175724965946,0.43001025818152305,0.44005922165820643,0.5616322740686879,0.39647047110095096,0.5287644189123135,0.25001495558628395,-0.06823785007793046,,0.33401375891071744
836,lilac-sweep-649,run_0c8a140fda64365469d95469d92267b1,0.6160816550254822,1.2338353541799616,4.8207403375068045,2.35041061276058,0.8608496798455127,1.678893021047634,1.0284492661135918,4.764398475775721,2.0460138976626654,0.8608496798455122,1.3798662763095406,0.5672458046340949,0.4467414244307895,0.4288473326309741,0.654061289487474,0.4927645283203651,0.5722226633378851,0.3166489791747457,0.02674788458785768,,0.4288314746555951
837,olive-sweep-650,run_05ae21c5e112de826519f3d73eb30641,0.5766432881355286,1.3813529036375236,4.481219379422972,2.3865950726468723,1.047596300437036,1.7261117265390091,0.9682833439693691,4.3744148067501385,1.8227542640555894,1.0475963004370379,1.1242126918816278,0.563673645572798,0.42737273398684983,0.3995169683619066,0.633849027102034,0.4088185402918367,0.5438718902870123,0.3447763733048829,0.043499896257936266,,0.4418753114711589
838,dainty-sweep-651,run_414cb9ee72c3d622c87a5fe95ebc9070,0.43178045749664307,2.541174218251436,7.593413173652695,4.577321541377132,0.0,2.844908213324893,2.541174218251436,7.593413173652695,4.577321541377132,1.6010501526376075e-15,2.844908213324893,1.0,1.0,1.0,1.0,1.0,,,,,
839,volcanic-sweep-652,run_5734cc0b2a8aad44a94f0674774dbb73,0.7608168721199036,0.7513848117421823,4.649564507348939,2.415274794693619,0.7856845207846325,1.9452840639341664,0.5777026164645817,4.576075122482307,2.1622488945041054,0.7856845207846325,1.4851717043836044,0.7384743412942748,0.39271219294051574,0.6443179133544041,0.5679747994236051,0.42446660350013127,0.7426288075934511,0.1980285658195926,-0.3725192340727323,,0.3050099495681491
840,valiant-sweep-653,run_c96aff842ce20b3735efbd5448409a57,0.5923420786857605,1.2869432035737074,4.547822536744692,2.04792166771952,1.09479621912796,1.8061718626364927,0.9591065730695597,4.452286336418073,1.4089576753000614,1.0947962191279605,1.4532362715619553,0.5458490401515602,0.41698822637450794,0.391746639849312,0.6042451232585866,0.4592414003969537,0.5640967103428516,0.367774807875398,0.011014012011744234,,0.3963998009667403
841,fiery-sweep-654,run_11ffad0d363b6e37986a358191ba6d83,0.43178045749664307,2.541174218251436,7.593413173652695,4.577321541377132,0.0,2.844908213324893,2.541174218251436,7.593413173652695,4.577321541377132,1.6010501526376075e-15,2.844908213324893,1.0,1.0,1.0,1.0,1.0,,,,,
842,wild-sweep-655,run_c071d45791735437fee728d48e8f0209,0.552520751953125,1.420357370772176,4.45870985302123,2.253051168667087,1.0777568858623843,1.5777259059977842,1.0518570516911285,4.382280892759935,1.7489450410612757,1.077756885862385,1.0911932267763886,0.5365648080139195,0.4433471217645115,0.3668159180155157,0.6415549463239355,0.4334384915545001,0.5339700334708399,0.3927956492061259,0.08584162338444715,,0.49535161803173894
843,lyric-sweep-656,run_6fb6b18cb4e12089ff3b50cbb1458683,0.6114869117736816,1.241569878749202,4.705688622754491,2.418193303853442,0.861078361622116,1.6953592340560213,0.9628972559029997,4.644447468698966,2.0182185723310173,0.8610783616221163,1.3120865643297988,0.5649193202363632,0.45048305256735194,0.40966653896497784,0.6417132434732787,0.4332990990028478,0.5809702679264208,0.3399707209879582,0.0011831589033171053,,0.4345510939240491
844,wandering-sweep-657,run_82af11255e3d25c9927979a80467ef8b,0.5730695724487305,1.386662412252712,5.085982580293958,2.2705116866708774,0.8272232950503099,1.9788415888589963,1.1183280153158908,5.032580293957539,1.8737207833228033,0.8272232950503098,1.6718388985598984,0.5039700787070452,0.4673051590021169,0.44120007662101335,0.5746185442911196,0.4655020430101341,0.5160738902020111,0.30356021488319684,-0.06510223539541363,,0.3152102105538622
845,desert-sweep-658,run_621c608a2673793bce99b1756696baa0,0.5927249789237976,1.3362348436502869,4.771311921611324,2.207706885660138,1.0776755767862585,1.839389143851875,1.007249521378431,4.7007621121393575,1.6750094756790905,1.0776755767862576,1.5972622250356059,0.5804442868697101,0.4697982124927112,0.40307409890495804,0.6505532666206815,0.4859455515235106,0.5429501277576639,0.37067366684456826,0.018445582593995424,,0.3746349390803866
846,peachy-sweep-659,run_10c7c3335fa471ea67a9f6581453e7c5,0.552520751953125,1.3188385449904274,3.963881328252586,2.132002526847757,0.9631110885252565,1.5942633328058233,0.9085258455647731,3.870794774088187,1.590915982312065,0.9631110885252573,1.086295299889222,0.530563278306856,0.4489555714160755,0.37787791718545477,0.5770529179088076,0.41784668581281603,0.5801647570509052,0.46368523017908114,0.07727219574152605,,0.4980787792896033
847,gallant-sweep-660,run_64a3018a501c6750cfb29938ca1b78a5,0.5867262482643127,1.3170516911295467,5.128170930865542,2.289551484523057,0.8510671816241487,1.9349303687292287,1.0634205488194004,5.076728361458899,1.887593177511055,0.8510671816241482,1.668021047634119,0.5129216550102277,0.4852045567289995,0.4475206717108834,0.5847105291994721,0.5020993141275603,0.5502515470911538,0.33986734038766186,-0.064558256133605,,0.3522453746555166
848,devout-sweep-661,run_529147974c8d3d7ef2ff351b96442fc1,0.5273771286010742,1.4442629227823864,4.790337506804572,2.2358812381554003,0.6693820510214452,1.6930012660231049,1.2246330567964263,4.757512248230812,1.965394819962098,0.6693820510214473,1.3742482987814522,0.5499041381927999,0.5234806879567254,0.5087421383647799,0.6232235376314934,0.5114920786305397,0.5102033566052084,0.31510661183262423,0.06025779335526826,,0.4145053182571556
849,whole-sweep-662,run_82be19224d96a8787c5eef6bfcd03441,0.5743458867073059,1.3067389917038927,5.0991017964071865,2.421756159191408,0.7178422603923162,1.9131943345466051,1.0632163369495846,5.049129014697877,1.9813139608338586,0.7178422603923174,1.6763372369045735,0.5513924746751319,0.4938409700099082,0.415864061552214,0.6673751167083313,0.5024654818538208,0.5661744915217835,0.341871724801959,0.0006321965951857911,,0.35883273103601765
850,robust-sweep-663,run_4d9daf4af6fdaf8c80e32e1e24074f88,0.6086789965629578,1.2728142948308865,4.719134458356016,2.4370183196462407,0.8818934851102753,1.7722582687134036,0.9201659221442257,4.6137996733805124,1.9498926089703092,0.8818934851102751,1.339776863427757,0.5744289586199524,0.4496425991869886,0.41636896210452384,0.6590650456115259,0.4095906370989333,0.5722129614299528,0.2811128729247683,0.010975736914123402,,0.4017335861541832
851,fresh-sweep-664,run_930a8608177ea47249352e787562a4f7,0.5942565202713013,1.2994767070835989,4.378933043004899,2.35010739102969,1.07201951417827,1.7229506250989075,0.9302871729419274,4.277027762656505,1.7964371446620335,1.0720195141782694,1.149750751701218,0.5747371501400392,0.40612557054095655,0.38300322446764357,0.6289204918627535,0.414669079093327,0.5714024435805409,0.3674282706781957,0.055180179430768056,,0.4474905110308808
852,super-sweep-665,run_c8826a4657e931d759d5e42e9b33a26a,0.5643905401229858,1.4822973835354178,5.410234077299946,2.6044851547694243,0.6418131923976013,2.0036754233264755,1.2330312699425636,5.38965704953729,2.2209602021478196,0.6418131923976017,1.8005024529197653,0.5278649745126303,0.5679306269167744,0.4541560514637806,0.7725344624589904,0.5951799549328662,0.5117816450141105,0.3861782159745143,0.03758623115775417,,0.3644650347320432
853,sunny-sweep-666,run_0294b4b2ffe415d18c4896f297b6bec3,0.5384811758995056,1.42557753669432,4.9259662493195435,2.0262792166771946,1.0043551173899785,1.77281611014401,1.1625271218889597,4.8882416984213375,1.548376500315855,1.0043551173899778,1.5328256053172975,0.47818428164619153,0.5154205704796901,0.4228756824058998,0.6695213978893912,0.523059411562304,0.5167996608814516,0.4242624878024883,0.06302424195590967,,0.41822024924926976
854,ancient-sweep-667,run_4dc7a14e702729ac6838048cccfa62e8,0.5766432881355286,1.3479132099553284,4.791807294501906,2.2450031585596966,0.9237117593251346,1.8238487102389616,0.9120995532865359,4.738405008165489,1.6453569172457345,0.9237117593251367,1.4986865010286445,0.5929206175933376,0.5032776245207521,0.3724959295086677,0.6989025306434425,0.5256907999218846,0.5742191558451234,0.4288714944351857,0.0797280613403678,,0.4199148368185991
855,wise-sweep-668,run_527ed9d6bde21bd91135a43ba72f10b5,0.5283982157707214,1.5563880025526482,4.890582471420795,2.45067593177511,0.923183250330318,1.8531215382180721,1.2517549457562225,4.826401741970605,2.021642451042323,0.9231832503303186,1.420711346732077,0.5018696139456823,0.44150842138206753,0.41188535580883057,0.5981807441592752,0.4194167329205098,0.4714127230326577,0.31633765392899926,0.025272124381685412,,0.38565901106275924
856,eternal-sweep-669,run_639018898df01328e052726a4810403e,0.5613273978233337,1.4323931078493937,4.863309744148069,2.6742640555906503,0.7014838906392926,1.5737537585060923,1.1652074026802801,4.806477953184538,2.3264560960202134,0.7014838906392933,1.1944690615603741,0.5497017529974653,0.4676467943288895,0.4783901605848737,0.7191865952176146,0.4652556112238891,0.5376997758058943,0.3849052553608173,0.09470310149125746,,0.5046126174466492
857,resilient-sweep-670,run_8d633fdb9d627df1f18b6a900b28a50b,0.6635609269142151,1.089023611997447,4.528470332063148,1.8849273531269735,1.3400243927228375,1.877175977211584,0.7761199744735157,4.454001088731629,1.3419456727732149,1.3400243927228381,1.367783668301946,0.6631016893668726,0.42349249260971344,0.46673546595153725,0.5162015642694123,0.3886510575489859,0.6238696843178066,0.358626450201184,-0.09173511181070096,,0.36683547077410644
858,misunderstood-sweep-671,run_f872a4f1840cd23450e7d7e71c602f57,0.600127637386322,1.2898659859604338,5.0151333696243885,2.628338597599494,0.7085323711759324,1.736876879253046,1.0916017868538601,4.964670658682634,2.345268477574225,0.7085323711759313,1.3983264757081808,0.5383744105177262,0.47199246331102224,0.45833333333333337,0.6755631993844028,0.4838305100413858,0.5649210722452829,0.3147337431380627,0.0140667962277366,,0.41476015393071486
859,earnest-sweep-672,run_524d6009840d1d29863cce7549a344ee,0.5665603280067444,1.3872112316528398,4.4198149156232995,2.076386607706885,1.2595334891757293,1.838103339135939,1.022616464582003,4.266956995100707,1.3847631080227405,1.2595334891757282,1.4509851242285163,0.5251223373832407,0.4163295007046042,0.40247422022156243,0.6132649340530663,0.44603018983055365,0.5296514018750418,0.33751201677710585,0.029420081168883977,,0.3885238063818167
860,hearty-sweep-673,run_58e5c065e21d3b1d57280dde70e8cbab,0.7295469045639038,0.8977664326738991,5.014806750136093,2.684409349336702,0.6960920825287124,1.8476855515113146,0.6618251435864702,4.952095808383232,2.352002526847757,0.6960920825287126,1.3315991454344047,0.7152973588950491,0.5093829586942643,0.5442122402068768,0.5774477817534026,0.41517303988899773,0.6982471832097186,0.31931392322847924,-0.21315693409795505,,0.37747176519909836
861,radiant-sweep-674,run_7b33e7ba8ba35ffb002fe61a6c8b94a5,0.5592852830886841,1.4385322271857048,4.718481219379423,2.1728995578016415,1.0704390690110783,1.9004312391201137,0.9390810465858329,4.638132825258575,1.4158812381554011,1.070439069011079,1.546925937648362,0.5622256492064698,0.49826235609115743,0.32363008013280975,0.6614300501603951,0.5107283189939652,0.5331823923186695,0.3919631863372568,0.048740447873277,,0.3748700684144287
862,avid-sweep-675,run_83ac6ce03fe84d5e9addfb9068773ff2,0.5492023229598999,1.413529036375239,4.231927054980948,1.8960581174984201,1.2396686655147882,1.7346929893970562,0.953133375877473,4.105525313010343,1.0740619077700557,1.2396686655147877,1.2475905997784462,0.5210271577880441,0.44551597735075693,0.3227205248539412,0.5844838124709227,0.41665307400911844,0.5363208967394208,0.42249814217850207,0.08958652184426522,,0.42489403564964934
863,skilled-sweep-676,run_c78f2cb2029f8bfd2317476ebd5df1df,0.5812380313873291,1.3550223356732607,3.992133913990202,2.2904864181933036,1.237580038621811,1.6810175660705806,0.9224250159540515,3.859363091997823,1.6397599494630435,1.2375800386218112,1.0385345782560522,0.5810922799108109,0.4197393032176757,0.3646681352360885,0.5914701233366153,0.42422446071959563,0.5530540443995707,0.3937330601976823,0.060764848248608255,,0.47979556512786187
864,curious-sweep-677,run_da846ec5cc870e3e5d4b8b62969b387e,0.5591576099395752,1.431167836630504,4.529368535655961,1.9606948831332907,1.2738235593048073,1.793717360341826,0.8795660497766431,4.449020141535112,1.0839671509791533,1.273823559304808,1.3736271561956006,0.5761971714001586,0.5897405787419615,0.3158073939277847,0.6395104981623922,0.5216257234824004,0.5441896662496277,0.4328667575126008,0.06080347907071265,,0.42225580680413805
865,frosty-sweep-678,run_1f29368139969942d5463df3293d2a27,0.6000000238418579,1.2912827058072749,5.280811105062603,2.2991914087176246,0.7712978961276553,1.9049533153980056,1.1173707721761323,5.2435764833968435,1.9621983575489577,0.7712978961276561,1.745291976578572,0.5088231551683899,0.5158436805331367,0.44502953101554765,0.6764884315276583,0.523929463067672,0.542387588422208,0.3204417329666013,-0.03777251678821966,,0.35201319104435086
866,apricot-sweep-679,run_ae0a7ac8caaa30a3b86cb81b962b35cb,0.5703892707824707,1.3813018506700703,5.175694066412629,2.2950726468730256,0.8742351865026934,1.8524608324101912,1.1370899808551371,5.1453184540010914,1.926974099810485,0.874235186502693,1.6169567969615448,0.485417565080742,0.5232673537017672,0.4040144622162628,0.6519640142160323,0.5395542673527522,0.5294594686615529,0.4044445117592599,3.138686353626463e-05,,0.4067265798407246
867,young-sweep-680,run_597765432b17759135a0181542039705,0.4798978865146637,1.6379068283343967,4.013200870985303,2.080972836386607,1.5533895721109867,1.8815951891122011,0.9629355456285884,3.883369624387588,1.035388502842704,1.5533895721109863,1.222796328532996,0.5102096306002895,0.45196259856259696,0.32586964850110145,0.571874127110493,0.43965102976004916,0.4944261537456882,0.41468567865840344,0.08151440845701535,,0.4021230654060844
868,wise-sweep-681,run_8eddb94528a08cb76f6a340930bdb1a9,0.6139119267463684,1.2692150606253987,5.104218835057159,2.6847883765003147,0.6226649049700173,1.6917787624624148,1.1118442884492663,5.071393576483397,2.4557548957675293,0.6226649049700164,1.4627551827820866,0.5596294582727871,0.5048853490044328,0.47237828432781026,0.7114838684471297,0.5129666606685991,0.5792638045453464,0.3580466242176219,0.012976898798660902,,0.4341461787067753
869,revived-sweep-682,run_c5c55cf74821f09820d66bc949ad2dd8,0.5742182731628418,1.356388002552648,4.64735982580294,2.177700568540745,1.054751499136091,1.8899825921823072,1.1043650287172944,4.529776810016331,1.6923436512950083,1.0547514991360916,1.6522709289444522,0.5218899776550866,0.46228761835690596,0.44449062988858024,0.6407621670465973,0.5128505099109041,0.5293582887957792,0.34008414569805223,0.008592805937656933,,0.3581720398876578
870,confused-sweep-683,run_98cd01e80ff0ef9508e6241012987b89,0.5673261284828186,1.3728653477983406,5.6433043004899295,2.599886291850915,0.5705102144526882,1.9495212850134513,1.2449010848755597,5.636445291235711,2.426582438408086,0.5705102144526892,1.895327583478398,0.5978838374820736,0.6506827229459544,0.4888350413434218,0.7675643943702045,0.6296439876874487,0.5638036549888434,0.39485493227121593,0.05606420808611809,,0.39402504946379074
871,iconic-sweep-684,run_4a52715e302ae9f62ca08c6c6e3bb9d7,0.63165283203125,1.1708998085513718,4.766276537833424,2.1548578648136445,0.8372852932208557,1.8486904573508465,0.8283599234205484,4.704055525313011,1.5969046114971557,0.8372852932208573,1.5510879886057916,0.613762215003058,0.44683430724690293,0.3950304887782141,0.6357140939939782,0.44838520838741736,0.6060205149254277,0.3538420600295845,-0.012403802669252811,,0.3636257812282364
872,sleek-sweep-685,run_046c86331ff25492f16b3b7fae84942f,0.5886406898498535,1.2976515634971282,4.7379695155144255,2.0914213518635494,0.9896178473422095,1.868317771799335,0.9886534779834071,4.672318998366904,1.5193430195830695,0.989617847342209,1.5371736034182628,0.5403843427369395,0.4303836135372004,0.4061823580116847,0.6030355622488979,0.44519184287566826,0.5529643740938862,0.3389905350873592,0.010263053377576936,,0.35816827642648524
873,giddy-sweep-686,run_cd6fe68f7a9eb2ace3d43e637313ab9f,0.5832801461219788,1.3577153797064454,4.961785519869354,2.1955527479469357,0.9463512552088627,1.8105238170596611,1.0503254626675183,4.9265106151333695,1.6602147820593802,0.946351255208864,1.6023658806773233,0.5388538886124611,0.500935810105982,0.3868875905883855,0.6699641284681368,0.5208468921959946,0.546682462691314,0.43257640618820126,0.05017936011640192,,0.4127065251377643
874,wise-sweep-687,run_6eb87b253984af8378b7d5ed373eb1a0,0.6202935576438904,1.2513209955328652,5.13116494284159,2.702349968414402,0.5852322390486838,1.7551036556417148,1.0491512444160818,5.091480675013608,2.3864055590650666,0.5852322390486844,1.3996755815793638,0.5683482569604121,0.49965120529841656,0.47787376688056704,0.7168519433903243,0.4581895801265322,0.5768646055762896,0.32264683066452005,-0.003203631883295116,,0.4103372981188902
875,amber-sweep-688,run_71e1ed24c2dd653abc0eab0c49dbe6a8,0.5857051610946655,1.359004467134652,5.073761567773545,2.199949463044851,0.871201341599756,1.8168104130400378,1.0670070197830248,5.027708219923789,1.7045356917245729,0.8712013415997565,1.5752532046209846,0.5496543881426332,0.4977005324556909,0.387605912588194,0.7076456522835709,0.5144591063392644,0.5432183990850834,0.37795032599232176,0.061686674545073844,,0.40735854286578244
876,brisk-sweep-689,run_cd6fbe09872a623dbc1e7fe2301ee5bf,0.5369495749473572,1.4415315890236118,4.011186717474144,2.0359823120656975,1.299649354609208,1.628430131349897,1.036043395022336,3.8926238432226468,1.449791535060011,1.2996493546092072,1.047903149232473,0.5203818720130439,0.39527386051849506,0.3819310091625962,0.5497978908627823,0.4393159270955459,0.5242344766180236,0.3978528440617982,0.0913703142117804,,0.481733967821173
877,worthy-sweep-690,run_cf3b29541952658970a7d705e7fbffe0,0.5373324751853943,1.51409061901723,4.464235166031573,2.005319014529374,1.3862079479621912,1.8447064408925462,0.8882833439693679,4.364779531845401,1.015148452305748,1.3862079479621914,1.3855198607374588,0.5944162609557019,0.5584661194403105,0.29539763113367173,0.6154722994292904,0.5174101088182239,0.5299328868594391,0.4176363706077487,0.04982160162420185,,0.40155055365381764
878,magic-sweep-691,run_c4cae2d68a8505a851f3af4816225a4d,0.5475430488586426,1.4427058072750476,4.4074578116494285,2.3281364497789006,1.1752464681370058,1.6077464788732392,1.0468666241225273,4.3182906913445835,1.803006948831333,1.1752464681370043,1.0650973255261897,0.5374548012338863,0.42453087972869047,0.3768922197746065,0.6250417605143263,0.45045384021331336,0.5267728250200845,0.3945199751742233,0.0700931060074601,,0.487889417504543
879,decent-sweep-692,run_ab9ebb12ffc4f477240ca6791200de46,0.586981475353241,1.3082450542437778,4.941888949373982,2.158837650031585,1.0212928143103974,1.8478002848551984,1.1017102744096998,4.8924060968971155,1.733455464308275,1.021292814310399,1.6502532046209843,0.5200442293280942,0.46794232768982713,0.47263528397663057,0.6265676136775464,0.5288220042619451,0.5388244430563731,0.3320708975827088,-0.023052001235258135,,0.3700552820209675
880,hardy-sweep-693,run_bc63de5b435b4f1a4e82cc03c97d2376,0.5854499340057373,1.3332482450542436,4.53116494284159,2.023651295009475,1.2416353287935762,1.7674117740148754,0.8744607530312701,4.446407185628743,1.3247378395451683,1.2416353287935757,1.3889816426649784,0.6034181562547553,0.5398616542186657,0.33023752514127,0.6473036660217371,0.5056499596896384,0.5705806864550502,0.42406696332906524,0.056969880970956926,,0.4232168373220376
881,efficient-sweep-694,run_5baad2179db4b69fe6120dd4d04c0fe7,0.5705168843269348,1.4099808551372044,5.086989657049538,2.2941124447252044,0.9177050513263543,1.9085852191802497,1.0067900446713454,5.0365269461077835,1.6980669614655721,0.9177050513263535,1.62351637917392,0.5876595040615202,0.5484201729658044,0.36157041151869235,0.7169101699860667,0.5598177360217278,0.54339101303134,0.37958023308207584,0.06055709705378948,,0.39335620799168436
882,legendary-sweep-695,run_80ebf0575b9b8a526de27e78c9f18996,0.5106573104858398,1.5715762603701335,5.388541099618944,2.40293114339861,1.0250330318121759,2.0313261592024054,1.3485003190810467,5.357185628742514,2.047631080227415,1.0250330318121756,1.9413831302421267,0.6190244503200613,0.6269361051351082,0.5246180123232129,0.6629478106575959,0.5887930241956635,0.4680193377151966,0.30974853555490384,0.05267360320546266,,0.313479021768618
883,expert-sweep-696,run_ba3ded573fa76a01a57ba39dfbc0a665,0.7471601963043213,0.8248372686662412,5.151061513336963,2.6472520530638026,0.646000609818071,1.9121894287070735,0.6562093171665612,5.084921066956995,2.3951358180669615,0.6460006098180702,1.4925265073587604,0.7300117489756679,0.4896952403315633,0.6275482872010982,0.5765246960981326,0.4083579501996982,0.7170730327936161,0.2540993109458579,-0.2977508871392177,,0.340960187689108
884,woven-sweep-697,run_eacf53608254d1e622a96bbacfa26547,0.5115507245063782,1.6018251435864708,3.9084376701143166,2.4162981680353752,1.201128163431243,1.7430012660231047,0.9493682195277604,3.782035928143714,1.5268351231838297,1.2011281634312425,0.9841786675106812,0.6103478572879272,0.5067165028002392,0.433756345177665,0.644579591397466,0.507008394438929,0.5114037944433953,0.452036931673534,0.10784001873914076,,0.4945897564662403
885,solar-sweep-698,run_7325e608e32967d821c88c81cc502145,0.5758774876594543,1.3750733886407143,4.882444202504083,2.55238155401137,0.8275739404411018,1.898207786042095,0.91352903637524,4.80748502994012,1.728427037271003,0.827573940441103,1.5625059344833048,0.621472270745133,0.47933657607567953,0.41388276984963124,0.7116453105764168,0.522577719790772,0.5714671982787902,0.38161950675025513,0.05946225775314826,,0.3977311095930737
886,toasty-sweep-699,run_b83f16ba11a6a5425179a48552d0977b,0.5740906000137329,1.323280153158902,5.146597713663581,2.2576373973468096,0.852703526781177,1.8958458616869756,1.1537332482450542,5.117691888949374,1.982362602653189,0.8527035267811777,1.7374663712612757,0.5592705530095023,0.4882836022423427,0.440109344571082,0.6602008810902548,0.5200142225040851,0.5356447599812955,0.3393541547291963,-0.028852721899399303,,0.35354014611264983
887,solar-sweep-700,run_cc8532745f2ba5df9747df6b474c8b90,0.5965539216995239,1.2797192086790043,4.6836145890038114,1.8663297536323429,1.3684419148287426,1.9066861845228673,0.974396936821952,4.622373434948285,1.3824384080859113,1.3684419148287434,1.482750435195442,0.5590045614564416,0.4552301022457598,0.4759855377837372,0.5461650668076355,0.40989204175659383,0.5551936139329618,0.35304843621853604,-0.06046161985804513,,0.3413253862790235
888,dauntless-sweep-701,run_2cc30d789b4cca0dc0d269acac4fdb32,0.5352903604507446,1.4416336949585191,5.361758301578661,2.3897157296272895,0.7217705051326354,1.8560848235480296,1.2883982131461396,5.3500000000000005,2.153720783322804,0.7217705051326354,1.7165769900300671,0.5337378009658527,0.5764215961563028,0.4805242154327491,0.7273611594045659,0.5677011792587475,0.5190626652751591,0.4078241256921702,0.051675573493279586,,0.40757517788031944
889,fanciful-sweep-702,run_9831cfeb0306a331c9760d7125081580,0.5115507245063782,1.5383024888321633,5.6805117038649975,2.4848389134554636,0.7240827319849579,1.911750276942554,1.5383024888321624,5.680511703864997,2.4848389134554645,0.724082731984958,1.9117502769425536,0.737934741699442,0.709367158075882,0.5977677744788175,0.6989463360754445,0.6585926264799471,0.4832998057881973,0.3765020259811934,0.038927513245786916,,0.3783607443003478
890,wise-sweep-703,run_feeb9120a4d40c4489f19f3ecfcf9f59,0.606509268283844,1.2618251435864707,5.2503266194882965,2.4079090334807316,0.7341345665209879,1.8263530621933848,0.9748819400127628,5.205743059335873,1.8691724573594433,0.7341345665209865,1.5335931318246558,0.5468965602811184,0.544822413737394,0.40862608945503304,0.7291953694227027,0.48992763946852735,0.5738887966926325,0.33561616361329,0.00896529548545752,,0.39929497609358033
891,sweet-sweep-704,run_272afa903d029320d3d58941d2d14e89,0.5923420786857605,1.3391193363114229,4.580675013609146,1.9482248894504102,1.373244232137412,1.8880202563696786,0.8748181238034461,4.486118671747414,1.1252305748578644,1.3732442321374112,1.5351558790947926,0.6079375078158398,0.46835353729832585,0.3727535676659324,0.5979946388804388,0.45481149831653367,0.5560994508096082,0.3578867134324097,0.0057350502507093615,,0.35864240797997315
892,desert-sweep-705,run_a17c78b1f52b33e839b04492e613d282,0.7184428572654724,0.8896234843650285,4.962602068590093,2.4674162981680348,0.54616830978758,1.9061006488368408,0.6840076579451173,4.895971692977681,2.186152874289324,0.5461683097875807,1.476254154138312,0.6937631679561614,0.43704629844297976,0.5678194936628037,0.5759945999427634,0.39690254198962,0.7003650642435626,0.24740731960915247,-0.22015534170856416,,0.3326595052287895
893,fine-sweep-706,run_8f003f4b4ab08b015fd84963c8e50ab3,0.5580089092254639,1.3450159540523292,5.131083287969515,2.3476942514213515,0.8211606870616933,1.8348551986073744,1.1256158264199099,5.095808383233533,1.9673152242577365,0.8211606870616927,1.6641557208419058,0.5489908763216832,0.5519293408073506,0.4611956070619034,0.6760539432946359,0.5442624919068935,0.5538112626048736,0.37679077083485213,0.011422397065477041,,0.3999813218363913
894,denim-sweep-707,run_e54d3f964352d63eb42213edb137cc26,0.6022973656654358,1.241825143586471,4.771611322808927,2.3306253948199616,1.1134261611952434,1.8418816268396896,0.9822208040842371,4.705960805661403,1.9990524320909655,1.113426161195243,1.442585852191802,0.5723958289578681,0.49149616809918867,0.4603099958496951,0.5304610191696065,0.43761457203853354,0.5793588218900407,0.31479568960473003,-0.058254779651093574,,0.3643294185447509
895,golden-sweep-708,run_0352e4dedc2eb0a409fd72de498497f7,0.5669432282447815,1.3724569240587106,5.167392487751769,2.203057485786481,0.9500863908933834,1.8442514638392147,1.0747160178685387,5.130647795318454,1.7920277953253307,0.9500863908933848,1.6527575565754078,0.5356318502573859,0.5638958243278781,0.4636029435239281,0.6650263664068703,0.5397786501656505,0.5480688140108578,0.375902803318772,0.024130181680146273,,0.3994493080731294
896,unique-sweep-709,run_530ef61aee48fb976312d1bdbeaf0a60,0.577919602394104,1.2857945118059984,4.332607512248232,1.9125457991156027,1.2245451773554221,1.7623674632062032,0.9517549457562217,4.244420250408274,1.2437776373973473,1.224545177355422,1.405443899351163,0.5301042155581626,0.45239894079670684,0.4298078089582735,0.5800260562084475,0.4763917500062501,0.5664985559199462,0.3909754781203846,0.03252333317486303,,0.4053604691858592
897,firm-sweep-710,run_1cf8c113f24b627c116da268c762fc9f,0.7204850316047668,0.8788895979578811,4.622563962983125,2.3727858496525585,0.6507419453196462,1.9683059028327266,0.6673005743458835,4.5358464888405,2.1047631080227407,0.6507419453196468,1.5252848551986076,0.7072649517369791,0.401040270606271,0.6021958305398589,0.5299645049649421,0.3954361645322137,0.7007676419226705,0.1999238311722863,-0.2854853552372113,,0.2967262908159394
898,dandy-sweep-711,run_2cd5956917f0d844227329aafd533e7e,0.6139119267463684,1.2492150606253987,5.2124659771366355,2.2990903348073273,0.8119016160178879,1.8309819591707546,1.0125845564773455,5.142406096897116,1.8562855337965887,0.8119016160178866,1.5835852191802513,0.5502996112835934,0.5069467720121431,0.4278354563739105,0.6856824863583203,0.49462812898766256,0.5650325661390821,0.27453522985565065,-0.017228568861670096,,0.3806246671395553
899,unique-sweep-712,run_fc30fdef4358418fdd11a51793c4d894,0.6029355525970459,1.263305679642629,4.095563418617312,2.099039797852179,1.2807297489582272,1.646106978952366,0.8867645181876195,3.990228633641809,1.5267214150347441,1.280729748958227,1.083945244500712,0.6070503729857045,0.4012794947235463,0.376669699581777,0.567902997125918,0.44635923844033387,0.5811657561799997,0.38394063234115267,0.05114621522402776,,0.4717959476760998
900,lively-sweep-713,run_59948365e76b05af1c3848d4a352a40b,0.7410338521003723,0.8255392469687298,5.044610778443113,2.386822488945041,0.9215723142595791,2.0385227092894445,0.613950223356733,4.965732172019598,2.04240050536955,0.9215723142595789,1.6329601202721964,0.7430995365567036,0.4750016769911696,0.6204504677074354,0.5292914533081263,0.441019086816303,0.7187875782082329,0.27346263215638905,-0.31549920568294765,,0.28592443810701734
901,stoic-sweep-714,run_6f677432fddfaecf3a2f361ed73bf762,0.5973197221755981,1.1945756222080408,4.721175830157866,1.9312697409981043,0.7584053257444862,1.731852350055388,0.9894192724952148,4.693739793140991,1.614643082754264,0.7584053257444847,1.5721910112359532,0.5948668877388885,0.5705627915639342,0.5879021805063371,0.6107308210207028,0.5821102261516139,0.6028820215766411,0.37369596838365804,0.036676112889372225,,0.3850870359797879
902,electric-sweep-715,run_7f02e4f94ed4818b3d7f2a8bae88f252,0.5752393007278442,1.375877472878111,4.734594447468699,2.2205559065066325,1.0771216587051529,1.8418460199398636,1.0016336949585196,4.636608600979859,1.5452179406190765,1.077121658705153,1.4933968982433918,0.5333132113104558,0.4780882594866796,0.347114580340325,0.6645592680606023,0.47263710740788334,0.5373082859973307,0.35266715801780013,0.03396394580976114,,0.3968094601187956
903,robust-sweep-716,run_386c007f0018ffc447d1a4a3a330659b,0.596681535243988,1.2700319081046583,4.9330157866086015,2.215691724573594,0.8912796015855269,1.8187054913752172,0.9635609444798963,4.867365269461079,1.6776626658243825,0.8912796015855269,1.5196787466371264,0.5473090320775906,0.46871575121500597,0.384988347220892,0.6536333232143396,0.4769562259218336,0.5760092557923864,0.34766914853600844,0.02302771827616737,,0.39256106877541025
904,morning-sweep-717,run_6d25360c4479aedc15e9b3ba6f416177,0.580599844455719,1.341633694958519,5.131028851388132,2.2166519267214144,0.7935816648033336,1.9018555151131504,1.0415954052329304,5.079586281981493,1.7716361339229316,0.7935816648033327,1.6552421269188156,0.5352868900798444,0.4963232354049348,0.39523018229416085,0.6645474060614485,0.5043717956301524,0.547969005583125,0.33978509878332613,0.02883901266859576,,0.3619633299158465
905,distinctive-sweep-718,run_a8c47786e4c5d1d7c1a2868b36807c11,0.6365028619766235,1.1801786853860878,5.105879150789331,2.4754895767529996,0.7299420672832605,1.8561956005697102,0.9644543714103384,5.044637996733806,2.16200884396715,0.7299420672832605,1.4868096217755973,0.5953732481166142,0.4748288854826381,0.46946844172014174,0.5698025039107175,0.4330791257006425,0.5946242591243263,0.25782169083059847,-0.0694264243315362,,0.37063717148736125
906,fallen-sweep-719,run_c69681f94157c504652c8e9d4247325d,0.6393107771873474,1.189457562220804,5.146189439303211,2.339191408717624,0.5216434597011891,1.8563222028802024,0.9514486279514995,5.102585737615678,1.9445735944409346,0.5216434597011893,1.6149786358601028,0.5807788543384983,0.4910810340533289,0.41305207036363056,0.7107555459282617,0.4908492057958128,0.591500144679729,0.32977122087985555,-0.017470299741009,,0.3764677601166794
907,elated-sweep-720,run_eb930ecbe4867b4d5fd2149454e9bb2c,0.5369495749473572,1.4624377791959153,4.17025040827436,2.158825015792798,1.2893739201138326,1.6339531571451174,1.0208806636885779,4.0683451279259675,1.5611370814908407,1.2893739201138323,1.0346178192752016,0.5286887112371301,0.4233389813182729,0.3471548063723143,0.5908159822973656,0.42657179155931235,0.5234589422268303,0.39447353994235457,0.07533396718774596,,0.4797098259964361
908,stoic-sweep-721,run_e2a63dd62fe762c7325945cb5c4ee5e1,0.631397545337677,1.2259476707083599,4.954382144801306,2.535716993051168,0.855229189958329,1.8771799335337866,0.9798978940650934,4.88726183995645,2.2258370183196448,0.8552291899583282,1.4173524291818318,0.6019985408464716,0.44414998400400646,0.4939346486607285,0.5564750958687394,0.3961493317977974,0.5771221788957798,0.264616156121387,-0.09725686406493719,,0.3595167114463257
909,fanciful-sweep-722,run_4b43efddc699279b47459de200a73c91,0.5663050413131714,1.443331206126356,5.4647250952640185,2.400290587492103,0.7752566317715215,1.9565793638233895,1.223241863433312,5.442188350571583,2.0485660138976622,0.7752566317715219,1.815148757714828,0.5066533849775459,0.5459734749485271,0.42003687386265687,0.7306515346760247,0.5792434921632832,0.5070906648263911,0.3497717665862602,0.02128083106171938,,0.3660219789627103
910,jumping-sweep-723,run_52bd09ff14b3559b090508ffe93012e8,0.5830248594284058,1.33620931716656,4.897931409907458,2.158584965255843,0.892539892265474,1.9011671150498495,1.0207785577536705,4.8244420250408275,1.593594440934935,0.8925398922654743,1.5955174869441362,0.5117893209515637,0.45577063554947506,0.3913514031223063,0.6233476160508921,0.4596060717158823,0.5367043175941969,0.32430245967877913,-0.014365294125442074,,0.35532309363072917
911,stilted-sweep-724,run_4d5999cf5c30354a68cf2eb4c9d68eaa,0.5517549514770508,1.4080025526483724,3.8015514425694072,2.0864687302590013,1.3118558796625672,1.642435511948093,0.885347798340778,3.6447740881872615,1.3022615287428934,1.3118558796625674,1.1079363823389772,0.56054431036059,0.4449672099824867,0.3350223477955496,0.5590451562191128,0.44163933832228697,0.5556786870591095,0.4140203134282809,0.10285274119068691,,0.4919619967670478
912,lemon-sweep-725,run_98afb0b47d2d172b076814979f7c3eb4,0.6691767573356628,1.0786598596043393,4.855579749591726,2.4783322804801005,0.7989531456448826,1.8961030226301627,0.8620165922144226,4.783070223189983,2.156209728363866,0.7989531456448828,1.443752967241652,0.6511745997149954,0.43514241100001877,0.5205676340069597,0.5403142945713584,0.3935582205786229,0.6292401854818892,0.27296519156981325,-0.14656923857793058,,0.350510872737522
913,wise-sweep-726,run_a22f1e9f7e7cb20c5c0b550741e21987,0.5945118069648743,1.3170389278876833,4.826401741970606,2.580353758686038,0.79356641935156,1.637007437885741,1.103841735800893,4.78279804028307,2.2734049273531256,0.7935664193515611,1.3029435037189434,0.5278184823358634,0.46940540959994975,0.45046020496121064,0.6790991349182233,0.47969415280368366,0.5595506175276225,0.37703906599720804,0.04266986947863552,,0.4610682599056977
914,different-sweep-727,run_c32ee8c6e63ce457882f0d2af5297c4a,0.43178045749664307,2.541174218251436,7.593413173652695,4.577321541377132,0.0,2.844908213324893,2.541174218251436,7.593413173652695,4.577321541377132,1.6010501526376075e-15,2.844908213324893,1.0,1.0,1.0,1.0,1.0,,,,,
915,usual-sweep-728,run_4dd4dfb3273c442e3d2801c483b0a762,0.4945756196975708,1.6298404594767069,4.606314643440393,2.1904864181933035,1.2119829250940133,1.896684601993986,1.0789278876834727,4.49412084921067,1.3022994314592538,1.2119829250940126,1.2891596771641078,0.5041072509438599,0.44578672586902973,0.3315651438240271,0.6561832461857867,0.47100652932434106,0.4778884178157265,0.38140384828380647,0.08956851139116476,,0.3992007990219062
916,dry-sweep-729,run_f34927e988a93267a8b3accf38b7a83f,0.5629866123199463,1.3593490746649646,4.652640174197062,2.01557801642451,1.0067842260392317,1.9068286121221711,1.0792980216975112,4.550244964616223,1.549564118761844,1.006784226039231,1.6402041462256676,0.5156365498294411,0.4895889489158211,0.47534782747501836,0.5715063503006337,0.5034522485481352,0.526345165881542,0.2986967779534504,-0.04778712572772631,,0.3267714080031396
917,ancient-sweep-730,run_d9ba1f37ba3a46606c4cba55b567f5a5,0.6396936774253845,1.149725590299936,5.039929232444203,2.1810107391029683,0.8670444150828335,1.821906156037347,0.8937970644543711,4.993385955362004,1.7615540113708141,0.8670444150828338,1.6002175977211575,0.6055691894015944,0.4901560368123396,0.4330329151103023,0.670947944264338,0.4972869102598283,0.6087043579091067,0.35688713112957815,-0.003157981674429322,,0.3865373937589318
918,vibrant-sweep-731,run_7f2a331798ce44b61f20cc3f35d283b2,0.43178045749664307,2.541174218251436,7.593413173652695,4.577081490840175,0.0,2.844908213324893,2.541174218251436,7.593413173652695,4.576538218572331,1.6010501526376075e-15,2.844908213324893,1.0,1.0,0.9998730964467005,1.0,1.0,,,-0.011290740673653224,,
919,dandy-sweep-732,run_0b909c43b11bc3a57154d0e61f721c1c,0.5531588792800903,1.4759157626037012,4.7788786064235165,1.9551105495893868,1.1702916963106005,1.8335219180250035,1.0713465220165912,4.732825258573761,1.3827795325331644,1.1702916963106016,1.5079324260167737,0.5325344613024996,0.5262992655269011,0.42878092775276955,0.6075716331781407,0.5148833511529852,0.5068545211308745,0.45513982951052345,0.03289395002030904,,0.4006046223689831
920,northern-sweep-733,run_a9a404e188594368d46ac7f8a5b3a4cf,0.549074649810791,1.4835354179961708,4.985737615677736,2.2497157296272894,0.9386624656977335,1.8612557366671938,1.218647096362476,4.959771366358192,1.8037650031585606,0.9386624656977329,1.62432742522551,0.5042333987920069,0.5320193433942896,0.3936078919643712,0.6784989783956047,0.5328491410144454,0.49762706774456367,0.43222643011231177,0.03818715186053903,,0.39774706777721813
921,wandering-sweep-734,run_5e0a7ef8fd02128233eaba22418fe92c,0.5472878217697144,1.4210210593490742,4.847033206314643,2.13076437144662,0.7551580445167192,1.9549097958537738,1.0495341416719846,4.754926510615133,1.5532027795325314,0.7551580445167194,1.5699992087355592,0.4872739522325945,0.44731568282308515,0.37597484276729565,0.5689014844140506,0.44616773167091217,0.518267996941653,0.30229617126766073,0.008471228159499355,,0.331109599523441
922,fancy-sweep-735,run_d7c275bc6c1e0845b5e5564101274882,0.6021697521209717,1.2848245054243776,4.31619488296135,2.3425394819962095,0.9962801097672528,1.6364654217439467,0.9994894703254631,4.216249319542733,1.9224384080859118,0.9962801097672545,1.2166600727963277,0.5774141260299774,0.4379864608907765,0.38291095999744595,0.6212908126795438,0.482368177141552,0.5690159819580236,0.4106636367073304,0.07123284237684216,,0.4598055750810926
923,breezy-sweep-736,run_0ca8e8c5cbd77cb99495db32245cd09e,0.6432673931121826,1.1586726228462025,4.861295590636908,2.1428427037270996,1.2802063217806687,2.042759930368729,0.8572559029993622,4.766739248775177,1.687972204674668,1.2802063217806665,1.594326633961069,0.6266610154790451,0.44003571629759825,0.5204718577403187,0.49310893120982496,0.42367324383443816,0.5962965782172304,0.25495253221349584,-0.16988577965081159,,0.28872106400008335
924,lunar-sweep-737,run_f0fb3b07e45f54286b9941a42d5ed4f1,0.5470325350761414,1.4418761965539244,4.333886771910724,2.1603916614023997,1.167948978554731,1.7474956480455768,1.036388002552648,4.234431137724552,1.5892103600758056,1.16794897855473,1.1728714986548505,0.524705836436673,0.4121315439354803,0.3522063659291894,0.5451183561100079,0.4040144542297183,0.5225351090202365,0.35257244523784453,0.028471831778601603,,0.42922409045154614
925,glad-sweep-738,run_ff5ece6475dcfe1fcf432df476954d3e,0.5152520537376404,1.4927121888959793,4.241453456722918,1.9224510423246997,1.4258207134871428,1.7694334546605472,0.9123931078493942,4.142487751769189,0.9439292482627911,1.4258207134871432,1.2481484412090524,0.494308165661423,0.4892521529786376,0.3586790856559078,0.6011192151628003,0.44780373915732474,0.527841174057971,0.4464080683373113,0.061082108819961706,,0.4362888662422429
926,devoted-sweep-739,run_2706b50af0d87f265900c325d5232322,0.568091869354248,1.363165283982131,4.760206859009253,2.4094125078963984,0.8767151133245249,1.6361251780344988,1.0587619655392477,4.691126837234622,2.0235123183828163,0.8767151133245255,1.2182426016774806,0.5253584215809383,0.4692509340701803,0.40348561759729273,0.6276368271977085,0.4540933460839297,0.5483868687416245,0.34582296928431966,0.054382972888120495,,0.46105666763072867
927,peach-sweep-740,run_f76ceef588ae4a116a6e451bb3f9f5de,0.5678366422653198,1.4112444160816846,5.129286880783888,2.3049905243209086,0.8184012602906798,1.8128936540591865,1.1337204850031914,5.107240065323897,1.8815792798483888,0.8184012602906804,1.5952642823231498,0.509449157867699,0.5196959777021795,0.40717204610030966,0.6917903316880227,0.5113071925115046,0.5223612871202945,0.4105240996133614,0.06997809159016288,,0.40452591844733654
928,visionary-sweep-741,run_20aec40d34d70b18c71a842f4ba3776a,0.43178045749664307,2.541174218251436,7.593413173652695,4.577321541377132,0.0,2.844908213324893,2.541174218251436,7.593413173652695,4.577321541377132,1.6010501526376075e-15,2.844908213324893,1.0,1.0,1.0,1.0,1.0,,,,,
929,colorful-sweep-742,run_9918fe8c4197806d29aa15cbb24d8335,0.5654116272926331,1.3131589023611996,4.968181818181819,2.302362602653189,0.8767710133143611,1.8163277417312866,1.0439055520102098,4.876075122482309,1.836159191408718,0.8767710133143604,1.5695719259376477,0.5304137965093013,0.46210081139783393,0.3896122657472145,0.6713575746101463,0.4808118785942114,0.5640396724789511,0.31711432647378957,0.01538199773329707,,0.3943870874393106
930,zesty-sweep-743,run_11bc4db4da7df8c9dd4d82a816e690ce,0.5640076398849487,1.420242501595405,4.599836690255851,2.2829690461149714,1.143525764813497,1.9583676214590913,0.940089342693043,4.466086009798585,1.425609602021477,1.1435257648134962,1.4293915176451977,0.5247833025476325,0.4489009904716774,0.3501988953803914,0.629457647247122,0.45412094481052195,0.5321217330909355,0.3356504729756041,0.027734135381081326,,0.35726780400604147
931,brisk-sweep-744,run_9580e877a97850f82b77205b315e5615,0.6806637048721313,1.0067134652201657,4.906015242242788,2.667858496525584,0.6395568655351153,1.9115999366988443,0.7429738353541793,4.819297768100163,2.30314592545799,0.6395568655351154,1.3870390884633643,0.6460113745084322,0.43847380337088215,0.534415445519267,0.5565100819774063,0.3930147365097922,0.6628473886638098,0.26043432077885265,-0.21587365696841493,,0.35128468535316915
932,glamorous-sweep-745,run_a15dbf447dbe48a2f85e7c1627f9a24b,0.755711555480957,0.7611614550095723,4.6221556886227555,2.388414403032217,0.8548937900193109,2.05377828770375,0.5833439693682204,4.520740337506805,2.112520530638028,0.8548937900193107,1.6012145909162838,0.7451961806637739,0.41208149427935475,0.6566577275484469,0.5389451990651262,0.3857773960198754,0.7404818727949241,0.19033284409978815,-0.3925798237576338,,0.24030333663359815
933,sunny-sweep-746,run_b20e957a2064037ba3a2e2067689ed3a,0.5419272780418396,1.4658838544990425,4.74210669569951,2.434112444725205,0.99801300945218,1.9535369520493746,1.1081812380344607,4.61031573217202,1.8415540113708153,0.9980130094521794,1.6562193385029267,0.5114529195981818,0.44065282149834034,0.3878456725090189,0.6728964812169276,0.5255299979660786,0.5199113012483622,0.3120395006240607,0.05214643414768358,,0.36680661714462864
934,dashing-sweep-747,run_9c2d08250ae73b1e34b5b5b2d9681d0f,0.6164645552635193,1.2560051052967451,4.529450190528035,2.22643082754264,1.1674153877426567,1.8664583003639812,0.9380472239948942,4.426565051714752,1.7593809222994308,1.1674153877426567,1.3292926095901243,0.6076188613351446,0.40371321356214374,0.45107173642371423,0.5339582259752421,0.37768458458891874,0.5679818170818094,0.28593292876792936,-0.07381050177607332,,0.37111828714750794
935,lively-sweep-748,run_e1d6be6394fcf7eafefb2459cf686c03,0.5687300562858582,1.3729419272495214,4.516521502449646,2.0102716361339223,1.2281634312430123,1.8350886216173443,1.0196043395022347,4.4249047359825795,1.364169298799746,1.2281634312430127,1.5055823706282643,0.5235499667678184,0.43502571263455403,0.4038735114771893,0.5911973969861584,0.4549532033551663,0.530815309527219,0.3691678564895592,0.01993880402749587,,0.3735848643381585
936,frosty-sweep-749,run_2878ee8778778aac5e48fd97f70beacd,0.5816209316253662,1.382514358647096,4.644746869896571,2.2125457991156026,1.1454670190059963,1.8305744579838579,0.8911040204211862,4.5580293957539455,1.3681869867340486,1.1454670190059968,1.4343408767210009,0.6119468499293856,0.5380146335841779,0.33329151103023336,0.672704728634494,0.5277889248531171,0.5566955855529796,0.40907442804074157,0.06321000546468428,,0.41553435582578463
937,bumbling-sweep-750,run_67dacd49980fe908eba81246cdbd5f17,0.5989789366722107,1.289164007657945,4.950435492651062,2.1427037271004417,0.675952840735847,1.8273619243551193,1.0107211231652837,4.893603701687535,1.6393809222994302,0.6759528407358456,1.5750514321886357,0.5457184393931589,0.4929174622201565,0.3965629090444721,0.683468724267762,0.47466322654588317,0.5611744798998604,0.3558609254859879,0.008306190234329214,,0.38043284700338775
938,comic-sweep-751,run_fd0edd93affccd9f7e1e81ac8fd35258,0.549329936504364,1.4966049776643264,4.724387588459444,2.1814403032217307,1.2095944709828232,1.9155087830352902,0.9537332482450548,4.6602068590092545,1.348338597599494,1.2095944709828235,1.5036081658490261,0.5906621127253794,0.5613305856559674,0.3293306835232896,0.6479001884232547,0.5525339677824364,0.5217199893392783,0.4040273653651028,0.044511783129516175,,0.38283427740805126
939,divine-sweep-752,run_b1389c37e890f501f063b831b3362873,0.5794512033462524,1.4346522016592211,5.129613500272182,2.5117119393556533,0.8432208557780261,1.9310966925146382,1.1461008296107207,5.098747958628197,2.068363866077069,0.843220855778026,1.6592736192435507,0.5128550105304478,0.5518900021582762,0.4290794304504677,0.6982554028547835,0.5418332232554122,0.5031000080771133,0.371993103372328,0.023147900340865835,,0.3626263072657771
940,earthy-sweep-753,run_d09c9075db08bbb599c90664c2178eb9,0.612635612487793,1.2120740268028076,4.402994011976048,2.0464813644977884,1.0092082528712265,1.8511196391834148,0.8977919591576264,4.311377245508982,1.6000758054327215,1.0092082528712254,1.378402437094477,0.5871115546479108,0.402320579435101,0.4227955495961434,0.5322436028195336,0.4071334888328335,0.5850204939121048,0.26861619887192534,-0.04146242349658352,,0.3569631576165278
941,classic-sweep-754,run_fe295388b69b2735cc81fcb81f74c99c,0.6049776673316956,1.2617230376515634,4.971965160587916,2.24275426405559,0.8593810346579935,1.8283826554834623,1.0023484365028719,4.911703864997278,1.7957675300063165,0.8593810346579943,1.5529988922297835,0.5279994328200306,0.47108244525340376,0.4037841202949909,0.677973119526349,0.4790606826206615,0.5632630412091945,0.3267549719859376,-0.0052863599769480685,,0.3843129491044356
942,vague-sweep-755,run_e82806e8b8596e4c5abf315c45aaa3ec,0.558647096157074,1.3966687938736437,4.491045182362548,2.474706253948199,1.1663583697530235,1.8462137996518435,0.9587874920229739,4.403347849755036,1.8712192040429556,1.1663583697530242,1.1964590916284228,0.5776450352867403,0.4541285518293849,0.41058279858251123,0.5426224924091171,0.41136966749353754,0.5554594430939331,0.3631566550207267,-0.005147292077265886,,0.41005790456354574
943,misty-sweep-756,run_9a4dd2c73f291b9e040ab592260cf7ac,0.6117421984672546,1.2766305041480532,5.081763745236801,2.267466835123183,0.7248094318528305,1.8423286912486152,1.001633694958518,5.033750680457267,1.794251421351864,0.7248094318528314,1.5957865168539331,0.5641337578958547,0.5189172123219336,0.37577083931935,0.708663712648942,0.5060637424471593,0.5722523484465474,0.38144524711947014,0.05435556454306145,,0.3941091782546523
944,fallen-sweep-757,run_9f1f477ceee447547d24fea0272daff8,0.6527121663093567,1.108908742820676,4.811594991834514,2.3960833859759942,0.8197072873259477,1.878560689982592,0.8327632418634336,4.728307022318999,2.033025900189513,0.8197072873259473,1.4227211584111412,0.6292156464395262,0.4304190906834731,0.4945584714107844,0.5488335383155987,0.405897755144875,0.6233056055387828,0.2570054244161574,-0.11502080535679265,,0.3670216797347309
945,mild-sweep-758,run_d5c5ce239f235d85f1206ec2734e517a,0.6068921685218811,1.3093809827696234,5.208655416439848,2.4271257106759307,0.6625673340786664,1.9393297990188318,1.027951499680919,5.151823625476321,1.9817182564750464,0.6625673340786691,1.6871617344516536,0.547746435639547,0.5240734523952074,0.4063708776298567,0.7213804110538603,0.5154871462466895,0.5546460102268732,0.3311804661817047,0.03753450784185028,,0.3469886323419909
946,glowing-sweep-759,run_b21417f27e59277248a9f1d4e2db251c,0.5813656449317932,1.3478876834716014,5.140827436037017,2.2810107391029684,0.8201443236101229,1.9975549928786198,1.0944862795149977,5.0839956450734896,1.8799873657612118,0.8201443236101229,1.7066466213008404,0.5106733457653825,0.49161866554308514,0.4496293458480988,0.6004742911876875,0.4792195589281391,0.5296819207068205,0.30920167087162936,-0.05881520514680613,,0.3096479955892828
947,glowing-sweep-760,run_357ac12cbf0bfd5bec39ed916722fa4b,0.5789406299591064,1.3595788130185067,4.573897659227001,2.0559949463044846,1.0848612663888606,1.7796803291660073,0.9359412890874282,4.495508982035928,1.350979153506,1.084861266388862,1.418199082133249,0.5718357459437402,0.5208777901544023,0.3367974012706318,0.6559569743811418,0.5024147963320253,0.5575287700321864,0.43660017746675855,0.05727314758290045,,0.42451427448949697
948,pretty-sweep-761,run_0891b84828cd77dc44622ab3db2a5f8e,0.5873643755912781,1.3117677089980855,4.1547087642896035,2.186228679722046,1.3004471999186908,1.7456045260325999,0.9138608806636884,4.042514970059881,1.5889324068224882,1.300447199918691,1.1475510365564168,0.5770641388503568,0.40248233439556763,0.3675225872362162,0.5452421026676647,0.40590583030491767,0.5644456625429021,0.3526251252817996,0.03237456180637671,,0.4321278796566046
949,rich-sweep-762,run_d4a206862f432428fa3de69a793c8b9b,0.5697511434555054,1.399451180599872,4.701905280348394,2.0876058117498415,1.2095995528000811,1.9059067890489,0.8963241863433309,4.623516603157322,1.2602274162981675,1.20959955280008,1.5308949200822919,0.56193454724133,0.5663115946851002,0.3162149219423427,0.6546029723905611,0.5389083706756538,0.5452326925063025,0.3975409037602931,0.02897781034933844,,0.37468203453854887
950,azure-sweep-763,run_b3786931d327b557ab7ad734e7726f31,0.4869176745414734,1.6379323548181235,4.269406641262929,2.427858496525584,1.1835399939018192,1.930744579838582,0.9795022335673256,4.172400653238978,1.3646493998736582,1.1835399939018194,1.3308395315714507,0.5433204833908206,0.4840073260679858,0.3891191776011238,0.6428988370532989,0.5113816477229407,0.5022509907945141,0.42796597872338327,0.05722716413688983,,0.40112268831616943
951,treasured-sweep-764,run_93286146d1aff31b4bd237086bdfa397,0.5031269788742065,1.7720357370772173,5.101578660860098,2.71596967782691,1.3778636040247991,2.062193385029276,1.1147543075941297,5.009471965160588,1.7462792166771952,1.377863604024799,1.557145117898401,0.6096185025843783,0.5372239440005561,0.46618954123168277,0.6605501454835736,0.5571072460699783,0.4322602326811752,0.2985176051430553,0.05030741204738154,,0.3277301519334881
952,deep-sweep-765,run_5548e619b4ac5636d07a674d5a72bc0c,0.5920867919921875,1.2972814294830886,3.856396298312467,2.009513581806696,1.3236812684215873,1.586449596455135,0.9372814294830886,3.7388132825258587,1.4579027163613385,1.3236812684215862,1.1299374901091934,0.5896222316556072,0.417958691939002,0.3981326820547202,0.5491256748600754,0.42247201816600083,0.566390230401949,0.4322989545193369,0.07880758839461438,,0.49905367751603935
953,stellar-sweep-766,run_9dbcf1759449753ec32e0012c81abe5d,0.5733247995376587,1.4423229100191446,4.814942841589548,2.329071383449147,1.0642443337737573,1.9720090204146226,1.0469432035737072,4.713527490473599,1.6819835754895778,1.0642443337737586,1.6829522076277879,0.5505335773396283,0.4955552535707704,0.3687978482265428,0.6836153737170279,0.5304489747240442,0.5136888525883208,0.33454603508707575,0.032646734454989695,,0.3458150305245127
954,ruby-sweep-767,run_cce7f9ae224c3231b1d855350deefce9,0.6174856424331665,1.2648117421825142,5.105035383777898,2.697991156032848,0.5684114239251956,1.8403980060136096,0.990274409700064,5.043794229722374,2.3248010107391033,0.5684114239251956,1.4693028960278514,0.56618670787506,0.4962413936863727,0.4821437921016505,0.7013336771657396,0.434532634302368,0.5720012019683418,0.29373222156014617,-0.013190960553028236,,0.38352348518702006
955,devout-sweep-768,run_be94de11425c7650fe880c6c28c90db6,0.5859604477882385,1.2991320995532862,4.940391943385955,2.0671257106759313,0.9193718873869297,1.8168460199398635,1.0190810465858318,4.886009798584648,1.5622867972204666,0.919371887386931,1.5468745054597248,0.5056782024618066,0.462793710786209,0.4023920122593621,0.6213637589367602,0.4676662092545146,0.5486693780543721,0.3490295097737973,0.0032117070989984564,,0.3729022578259339
956,brisk-sweep-769,run_fd3784a07b16e7a1bd4d14e31d3b2e38,0.6132737994194031,1.3290363752393106,5.485138813282526,2.6276184459886287,0.4507317816851306,1.9708379490425698,1.1202042118698143,5.454763200870985,2.2764750473783955,0.45073178168513106,1.7678786200348149,0.5405926493194227,0.5720951886878178,0.4629253264374421,0.7755818011143083,0.5699650719939233,0.5488030986986207,0.32001196187101943,0.0225278733420492,,0.35454000534785163
957,comic-sweep-770,run_18369267e5c710c321a6bf4f2afa67cb,0.5280153155326843,1.4782514358647094,4.280919978225368,2.24056854074542,1.081400548836264,1.8355277733818638,0.9595022335673268,4.173625476320088,1.3534049273531261,1.0814005488362641,1.3593923089096378,0.5490841545589191,0.4967041236987913,0.329869584650257,0.6554609925893486,0.5141409607283314,0.5364452927695511,0.4465866660691872,0.06932131746231848,,0.42533000904556617
958,playful-sweep-771,run_638c83888dbd2996d943c716f44ca399,0.5652839541435242,1.3633312061263558,4.491643984757757,2.304093493367024,0.9890436019920723,1.543618452286754,1.0313592852584557,4.421584104518236,1.855527479469361,0.9890436019920719,1.1933177717993357,0.5142709504095259,0.4805333682167716,0.39571592759314245,0.6264105000841846,0.5291182732214009,0.5516111464228777,0.4143274466324314,0.09523265158220587,,0.4790916349631135
959,unique-sweep-772,run_9542520e6125e22d5b88c3adf20426c1,0.5526483654975891,1.5282067645181874,5.1615133369624395,2.4410991787744782,0.9246061591625164,1.9272907105554675,1.196924058710911,5.121339139902015,2.0082122552116233,0.9246061591625182,1.656464630479507,0.5418601795630008,0.5233436725968107,0.40411231363534783,0.704991636065012,0.5468784296950665,0.48690710388749586,0.39532620412214053,0.02981169718587029,,0.38031165603305433
960,iconic-sweep-773,run_e273c7e32e9be0e2b2ec1169cd288416,0.5238034725189209,1.4452074026802808,5.125394665215024,2.152015161086544,0.9317359487752821,1.71571451178984,1.2067389917038918,5.1077572128470345,1.820947567909034,0.9317359487752817,1.4773619243551188,0.5058858626474808,0.5330635925262577,0.48132698017431286,0.7022922311104174,0.4988046558720506,0.5132494461053104,0.4108634882867428,0.07288393891791342,,0.4486313471596469
961,vocal-sweep-774,run_b70580fed9b03b461f67de0a3f336057,0.5673261284828186,1.408462029355456,4.846570495372891,2.2134175615919136,1.0836467120642341,1.882813736350688,0.9535800893426932,4.769161676646707,1.4040303221730872,1.0836467120642328,1.5490346573824973,0.5518877757025644,0.5208370482415791,0.33302094307697216,0.6771822957089643,0.52873637755691,0.5373936023911433,0.37159159090855104,0.05696432386553224,,0.386565065919722
962,playful-sweep-775,run_e71b10a46a60a00bfe024a995f822266,0.6510529518127441,1.13873643905552,5.036091453456723,2.295830701200252,0.8078869803841853,2.008510049058395,0.8579961710274401,4.975340228633641,1.8516234996841443,0.8078869803841853,1.6509455610064891,0.6064152228584561,0.4679625721452469,0.496378699358299,0.5446534098558726,0.4459669827418408,0.603018344183316,0.2950389222183425,-0.15480091477092653,,0.2991110050757314
963,silvery-sweep-776,run_a63cb42b89d1d41f0c12d56392166b37,0.5229099988937378,1.4904786215698784,5.546243875884595,2.4866961465571693,0.680058949080191,1.8873081183731601,1.3494192724952139,5.538405008165487,2.317700568540744,0.6800589490801907,1.8012818483937325,0.5507938258751897,0.6216787567746399,0.4718181527950707,0.7102538228890823,0.582079547077689,0.5061162445751932,0.40285552845662775,0.020186297795543373,,0.39590484781166013
964,clean-sweep-777,run_7c76a9c744c0d79c2259e39f802256c4,0.5374600887298584,1.480982769623484,4.3462983124659775,1.7046746683512313,1.603115153979063,1.8934681120430443,0.9656796426292285,4.224795862819816,0.8284017687934297,1.6031151539790618,1.3089452445007121,0.5259543749902115,0.43210122428898307,0.37921782715576413,0.5073237558778403,0.38567564680758176,0.5130858645501042,0.36491473193283847,0.020012660432141033,,0.3753262518239744
965,driven-sweep-778,run_72b0f7e20f4f4d9d2f06a0729e1db1a6,0.6107211112976074,1.2500446713465219,4.411731083287971,2.373543903979784,1.0347189755056407,1.7335931318246556,0.8507594128908732,4.309825802939575,1.799027163613392,1.03471897550564,1.1985638550403548,0.6022583076682168,0.4111614271649296,0.38993886281646073,0.6309170176456578,0.4346877378855175,0.5894875841482058,0.36255284467969906,0.0010327874176936924,,0.43328897806736116
966,fresh-sweep-779,run_90ad5f39ad9b651135698606fae93aa2,0.5553286671638489,1.432520740268028,4.309118127381601,1.8565382185723305,1.524717959142189,1.7412090520651997,0.8501850670070197,4.205743059335873,0.9015034744156668,1.5247179591421898,1.3001819908213323,0.5863397306753344,0.5690124682006078,0.3234193723461993,0.5736643425297707,0.488230658151867,0.5508198265641742,0.4494625681905408,0.05801373462373274,,0.43111700594888297
967,skilled-sweep-780,run_7826f5c88cfb1a1017ffd258228ba2f2,0.4917677044868469,1.7582769623484362,5.689330430048994,3.166670878079595,0.5048023173086695,2.0319987339768946,1.3153414167198465,5.666303756124114,2.5869993682880605,0.5048023173086706,1.6129767368254464,0.6181959445628653,0.6754862877575509,0.6076146920793029,0.8548203868849997,0.6071919641630734,0.4540480896721964,0.3312536227901654,0.07159351531310829,,0.3836006934187085
968,solar-sweep-781,run_20fecfdf5be9433f76e7e742228e57df,0.5711550712585449,1.3352137843012122,4.515242242787154,1.9492482627921661,1.2278991767456042,1.8055190694730177,0.9104275686024256,4.441752857920524,1.2519772583701836,1.2278991767456047,1.4673959487260637,0.560792307244758,0.5025586050155072,0.3620020432270217,0.5964847901678074,0.47451985515282946,0.5632419712511123,0.3941360306786468,0.05094937055351484,,0.39216491388971153
969,pious-sweep-782,run_652ae475f44de2a6f62693deea976fa8,0.5559667944908142,1.3678493937460112,5.190500816548721,2.2404548325963356,0.819148287427584,1.8716846019939863,1.1348947032546273,5.165024496461623,1.9452432090966514,0.8191482874275834,1.6720011077702148,0.5353207714232581,0.5468438015191401,0.5121707690834212,0.6018487945029789,0.5339281919235307,0.5400034341530908,0.35467077671752495,-0.01880843105897423,,0.3488206322742734
970,toasty-sweep-783,run_34d5c51a9e4ce284ea2fc97437ebd7b0,0.5387364625930786,1.4084109763880022,4.238132825258575,2.125495893872394,1.3646051427990649,1.7604684285488206,0.9452584556477337,4.140146978769733,1.5086797220467458,1.364605142799066,1.1590441525557844,0.5305426653212835,0.452549287667734,0.32436021453883723,0.4981008637429791,0.4363799628821056,0.5525065240378542,0.35172559291669553,0.029119152005938592,,0.4343003788845056
971,proud-sweep-784,run_8a0775ba394abe2fd57154bbad8e4b5c,0.5989789366722107,1.254652201659221,4.378688078388678,2.251939355653821,1.0231222685232237,1.7632576357018512,0.8905169112954695,4.276782798040284,1.7705116866708777,1.023122268523224,1.2614852033549617,0.5623536983533334,0.42408068532004545,0.37641764837339975,0.5761630129662193,0.4041215076748649,0.580554474978292,0.3197832717903096,0.03391774429312819,,0.4087757172133686
972,fancy-sweep-785,run_438eb6bc44b1c97292f8a90eea2608e5,0.7193363308906555,0.8916528398213144,4.689439303211758,2.4269488313329117,0.7985872548023172,1.932485361607849,0.7276196553924696,4.623298856831793,2.1689703095388513,0.7985872548023183,1.5009297357176765,0.7007491021052975,0.4199732342604863,0.6043397822686205,0.5423810572447538,0.3987321519500359,0.6906823975773236,0.26027859862601666,-0.25891062173665175,,0.317461304179186
973,fearless-sweep-786,run_97ae6d4fdc192330a5440edb26cdb965,0.43178045749664307,2.541174218251436,7.593413173652695,4.577321541377132,0.0,2.844908213324893,2.541174218251436,7.593413173652695,4.577321541377132,1.6010501526376075e-15,2.844908213324893,1.0,1.0,1.0,1.0,1.0,,,,,
974,northern-sweep-787,run_a9abe9f4f14f8a652feead4cf6bc7f69,0.5306956171989441,1.5352520740268027,4.43783342406097,1.9243967150979149,1.5055340989938,1.8180329166007276,0.9687172941927255,4.346216657593904,1.0100442198357544,1.505534098993802,1.351938597879411,0.542906820766599,0.5689951164601745,0.32227835775628133,0.5730818505487281,0.48673473216838814,0.5048935441877014,0.4226473454252829,0.04511114886782158,,0.400116936526644
975,hearty-sweep-788,run_8127741497e0ceaabf89808ddfec7451,0.5846841335296631,1.3602807913209953,5.248475775721285,2.422539481996209,0.7766592133346885,1.9316703592340558,1.1615571155073385,5.218590092542188,2.068464939987364,0.7766592133346896,1.7409598037664182,0.48982154174334347,0.5143187478523897,0.4230372250423012,0.7114132557240823,0.544808234690027,0.5293376543484053,0.370073304773792,0.008621669166077206,,0.3667304766076517
976,sunny-sweep-789,run_8316b30a4a5c7c5750410458d7b93083,0.5104020237922668,1.5518570516911294,3.6619488296135003,1.9284902084649396,1.6312582579530437,1.7135029276784302,0.9451180599872382,3.5188894937397937,1.1061528742893243,1.6312582579530446,1.15784538692831,0.5511331730446226,0.43716406138821934,0.316553171790697,0.5099614190369319,0.4635109068699451,0.5173093030418965,0.4375275196277393,0.08931802945005415,,0.48253467140937434
977,fearless-sweep-790,run_edc1c89140efcef1be78d7bc6a72df8c,0.5613273978233337,1.4092405871091254,4.759662493195427,2.4702716361339223,0.7979012094725074,1.5633446747903146,1.2024760689215066,4.708219923788786,2.181882501579278,0.7979012094725071,1.2634633644564015,0.5173035034120773,0.5180739524140726,0.4411687897072439,0.6873708228590686,0.5376052403634702,0.5309079973669514,0.4074762553641422,0.09684528368588835,,0.49068775329597075
978,hopeful-sweep-791,run_582aa34e71ebc01c0255565b4151f2ca,0.5970644354820251,1.2936694320357367,5.186227544910181,2.358711307643714,0.8010316089033438,1.8234253837632535,1.0823101467772813,5.136744692433315,1.9646241313960824,0.8010316089033441,1.608217281215382,0.5088941672203751,0.5108695930417853,0.41560355010695016,0.7174323421057645,0.5121984981909999,0.5522554361377582,0.32671655492382234,-0.004215234109507776,,0.4006643112204844
979,crisp-sweep-792,run_253f478e69e256f5b3cb9031baf0e9d3,0.6504148244857788,1.1327760051052966,4.1408002177463255,2.051231838281743,1.3978707185689603,1.8324022788415884,0.7691001914486295,4.006559608056614,1.5076942514213512,1.3978707185689605,1.2461148915967726,0.6718020391946522,0.3963545510350648,0.43932270216773617,0.5091990761226803,0.3989627508872288,0.6211582748169164,0.29343937437277334,-0.09238823622931763,,0.4005795147315061
980,ruby-sweep-793,run_ee23cb40080d0fdd2cda11e06583f257,0.5153797268867493,1.8139885130823228,5.42487751769189,3.2023373341756156,0.888672629332249,2.2178034499129606,1.3342948308870464,5.368535655960807,2.4422867972204663,0.8886726293322492,1.840085456559582,0.643597164496332,0.6246264492691644,0.6162592982792198,0.7600062207890057,0.652358321755502,0.4151508558442534,0.3141574175736532,0.042288095062834485,,0.3014597658171028
981,colorful-sweep-794,run_06bbf46f8281d915c72701248e6879f2,0.5827696323394775,1.3921633694958517,5.25606967882417,2.392343651295009,0.752734017684724,1.901637917391992,1.0900574345883853,5.218345127925966,1.926077068856602,0.7527340176847225,1.6699794271245454,0.5488418204056913,0.5733356291051783,0.39315215656227054,0.7532727130230976,0.568741806306047,0.5381089535851098,0.3851139630815771,0.049516797857401734,,0.3958410726805106
982,summer-sweep-795,run_19ef41757377400e1aad183a6a1a05ab,0.6014039516448975,1.2954052329291639,5.357920522591181,2.473556538218572,0.7076278077040349,1.8849699319512578,1.0470580727504788,5.333424060968971,2.0474162981680353,0.707627807704036,1.6277456876087981,0.5020631749641018,0.5584013708997149,0.42444609392459215,0.7413219279618251,0.5244779868279642,0.5568567591944718,0.36933937885163676,-0.008354724813508935,,0.3959454029561876
983,vital-sweep-796,run_6a9fd03f77c404267bdcba644eaa9405,0.5799617171287537,1.3728270580727502,5.36213935764834,2.2993935565382175,0.8567638987702003,1.8976578572558949,1.2076451818761975,5.3405824714207935,2.0087934301958303,0.8567638987701995,1.7486785883842388,0.49657283029477395,0.5252071618659073,0.44765539699262524,0.6944534390686836,0.5437136800575708,0.5145563937843984,0.35074166129298257,-0.006045461623890136,,0.36367317605212063
984,trim-sweep-797,run_814720730cb112c8d4c5745745b0b935,0.5193362832069397,1.5845947670708358,4.223679912901471,2.4663423878711295,1.0742148592336618,1.7178271878461777,1.0729674537332479,4.136472509526402,1.7377384712571065,1.0742148592336622,0.9538455451811996,0.599375976390132,0.5615010862454393,0.4345613446987836,0.6725087453665016,0.5010714777592365,0.5024227559017135,0.447280469947514,0.09729644140323673,,0.4811672650197612
985,northern-sweep-798,run_43e7c14a1f66fc8f33b0bb1f91ca9cd9,0.5608168244361877,1.4116911295469048,4.73481219379423,2.5200379027163606,0.862755361317207,1.8504945402753596,1.073286534779834,4.645645073489385,2.0771446620341103,0.8627553613172073,1.3758545655958223,0.5323436366904074,0.4116895926903627,0.4298593685151486,0.5683350253542447,0.40098695201982204,0.5324109438610559,0.2957607627978247,-0.0105521065324857,,0.38353469186279954
986,fresh-sweep-799,run_35c5af3b157154fd085e1db555a3d2de,0.43178045749664307,2.541174218251436,7.593413173652695,4.577321541377132,0.0,2.844908213324893,2.541174218251436,7.593413173652695,4.577321541377132,1.6010501526376075e-15,2.844908213324893,1.0,1.0,1.0,1.0,1.0,,,,,
987,fiery-sweep-800,run_9128afcb7106b7f39470cd784ef75ca6,0.603318452835083,1.2944097000638162,4.848230811105063,2.524144030322173,0.8425703831690212,1.6304162050957427,1.0952265475430751,4.8016875340228635,2.224801010739102,0.8425703831690219,1.2910112359550567,0.5536901298338878,0.4335466822477471,0.4327518117677106,0.6785603332873962,0.474142761345647,0.5569685182340396,0.3376851666429754,0.041225485574501286,,0.4563265205382626
988,decent-sweep-801,run_5258e81531c2853d9d3e8da00e75d056,0.6074026823043823,1.3584939374601148,5.379994556341863,2.6268224889450407,0.4973727004776908,1.9468942870707389,1.1556349712827052,5.349129014697876,2.279204042956409,0.49737270047769067,1.7677203671466992,0.5514648967241567,0.5527351763888378,0.4584014941097596,0.7849114554763716,0.5761698928124982,0.5457890709554115,0.37347916626062067,0.024518292905187505,,0.38042728598270037
989,polished-sweep-802,run_0594095bb0265f3f97d3459e5f97c912,0.6089342832565308,1.2443267389917037,5.024224278715296,2.2194819962097276,0.6559609716434597,1.894144643139737,1.0132099553286535,4.978660860097985,1.7972962728995558,0.6559609716434593,1.6542253521126749,0.5263292870781406,0.4633706854745257,0.43572694186380617,0.6447734660880411,0.4872037064633244,0.5668109475927853,0.3335632349753761,-0.04542722757594883,,0.34769383203624155
990,curious-sweep-803,run_b975a0e18321f6789dfb47ade58867e5,0.6243777871131897,1.1057945118059986,4.815323897659227,1.9024763108022735,0.9950808008943999,1.7366315872764675,0.8631908104658578,4.7854382144801315,1.4921415034744157,0.9950808008944004,1.420371103022629,0.5806879851356136,0.5141834572532499,0.504613383136992,0.5716108087312199,0.4580543605638147,0.6318821884496157,0.43734550107935183,-0.06312215337976756,,0.40738866759332304
991,youthful-sweep-804,run_8b384bd7b185f0e1b3de90c2a5721adf,0.5789406299591064,1.3709253350350987,4.857784431137724,2.4010107391029685,0.7986685638784429,1.8959447697420475,1.1324569240587106,4.796053347849754,2.073758686039165,0.7986685638784408,1.5124584586168692,0.5460842203264781,0.4596698808887892,0.45557769051495706,0.5823287748543029,0.42122888828787475,0.5256716519740946,0.28473954077543207,-0.03355864405359821,,0.34603272819218267
992,spring-sweep-805,run_0531f267f30e5c5409360ddb9a348846,0.43178045749664307,2.541174218251436,7.593413173652695,4.577321541377132,0.0,2.844908213324893,2.541174218251436,7.593413173652695,4.577321541377132,1.6010501526376075e-15,2.844908213324893,1.0,1.0,1.0,1.0,1.0,,,,,
993,fine-sweep-806,run_c523057e9909ffd12676ba98c73f976e,0.43178045749664307,2.541174218251436,7.593413173652695,4.577321541377132,0.0,2.844908213324893,2.541174218251436,7.593413173652695,4.577321541377132,1.6010501526376075e-15,2.844908213324893,1.0,1.0,1.0,1.0,1.0,,,,,
994,youthful-sweep-807,run_0b330b6ff745f9a626272feeae784254,0.5835354328155518,1.3088066368857687,4.478170930865542,2.051484523057485,1.1781837585120436,1.8236508941288174,0.9726994256541164,4.381654872074034,1.405394819962097,1.178183758512045,1.479474600411458,0.5387607973966582,0.43379132480310734,0.4053337802892443,0.587185755886209,0.47096175243986804,0.5531405804126568,0.3891119657345493,0.03801047743633959,,0.384243530100191
995,genial-sweep-808,run_49b4e00a1a947bee5e4e2351ed1db310,0.43178045749664307,2.541174218251436,7.593413173652695,4.577321541377132,0.0,2.844908213324893,2.541174218251436,7.593413173652695,4.577321541377132,1.6010501526376075e-15,2.844908213324893,1.0,1.0,1.0,1.0,1.0,,,,,
996,super-sweep-809,run_76ec4ca49d52f8f2567e560abec2ce5c,0.5590299963951111,1.3981620931716654,4.737697332607513,2.4768540745420085,0.8699512145543246,1.5922060452603257,1.1227058072750475,4.689194338595537,2.090777005685408,0.8699512145543238,1.2022392783668296,0.5151309859475565,0.454147220646078,0.42113079845480955,0.6783449838212892,0.45700334520124264,0.5409522581242554,0.40137301653818924,0.07753598134684259,,0.4877157159700143
997,polished-sweep-810,run_2045523b9cd771652dd171b58af6ce6c,0.5587747097015381,1.2998596043395019,4.799673380511705,1.9146683512318377,1.1030897448927737,1.7733502136413988,1.0476068921506054,4.763418617310833,1.5017561591914086,1.1030897448927737,1.536350688400064,0.599180225933148,0.5497616263838981,0.4145899179516649,0.5753918583744008,0.4796550635501292,0.552253350570761,0.3926717219435808,0.002398990436461801,,0.3924143399401655
998,peachy-sweep-811,run_b9f96adc556e6f73ffaf185b6f656cd4,0.6298660039901733,1.203714103382259,4.817446924333152,2.1149210360075803,1.1199562963715826,2.050621142585852,0.8531333758774725,4.730239520958083,1.582425773847124,1.1199562963715821,1.5823904098749808,0.6092659761006869,0.43604647630767096,0.46656849599335953,0.4761235416832261,0.4195872327987687,0.5844891788338792,0.2730679256476731,-0.12577292146452268,,0.29055797997982247
999,divine-sweep-812,run_ab70ba3846bf517f40c1f53270130ca3,0.5360561609268188,1.4962986598596042,4.194474686989658,2.2243588123815536,1.209950198190873,1.660986706757398,1.0064964901084883,4.053375068045727,1.5584838913455452,1.2099501981908716,1.0031136255736677,0.5564654142200226,0.40656138301267136,0.3531483255116049,0.6181379660790248,0.4266507288155452,0.5175372824148292,0.3474324323340139,0.07597092175512302,,0.4800658276339344
1000,elated-sweep-813,run_d6f18e2eda24027b85257f4c67247cbc,0.5606892108917236,1.4340140395660494,4.456096897114862,2.234769425142135,1.3124047159264152,1.8460080708972935,1.0678111040204215,4.35321175830158,1.740619077700569,1.312404715926415,1.2967360341826246,0.5465814240650502,0.4123090613491948,0.3927725632921495,0.5206266758210684,0.37901471041760226,0.5131894688769518,0.32816403892439866,-0.0023301524986774347,,0.38904827030223216
1001,hardy-sweep-814,run_b10b110307900d13b6ad55f85b95f581,0.5726866722106934,1.3293682195277599,4.927191072400653,2.610574857864813,0.9235034048175627,1.7266300047475862,1.053222718570518,4.896815459989112,2.261086544535691,0.9235034048175622,1.2728556733660394,0.5943922457254044,0.5344378879271073,0.4325254605242154,0.5755823333532637,0.4513358330166165,0.5761882872726228,0.33791054837472456,-0.035525935494171185,,0.43949726325539884
1002,eager-sweep-815,run_585c577b5b431e5eeae45483a99c8398,0.5411614775657654,1.4992980216975107,4.640963527490475,2.0085028427037264,1.3036893993292,1.830008703908846,1.0016847479259723,4.57286336418073,1.2338471257106756,1.303689399329199,1.4062865959803768,0.5404960849552561,0.5291958816979103,0.31620151326501295,0.608270582963907,0.4752835504429769,0.509927315140744,0.42671598462574795,0.05391476466343462,,0.3987316657899988
1003,deep-sweep-816,run_7f39cadc3264cd186c241d3789ffd1fa,0.5678366422653198,1.3853605615826419,4.753347849755036,2.0560833859759944,1.1352932208557778,1.795699477765469,1.0373069559668149,4.659771366358193,1.4782312065698042,1.1352932208557776,1.521811204304478,0.5754238778539829,0.46872425294100023,0.43667241324266515,0.6478961957728524,0.49417683001078927,0.5394847265600705,0.37456656390095255,0.07203278646444053,,0.408658882317885
1004,peach-sweep-817,run_98cd2ed8816214117c0f49a2bb700326,0.6298660039901733,1.1868793873643901,4.863745236799129,2.340821225521162,0.815626588067893,1.669738091470169,0.9573707721761335,4.808873162765379,1.990562223626025,0.8156265880678939,1.3338938123120745,0.5838305166388515,0.43987764591546924,0.41952526897168213,0.6460014336132487,0.4524291470123797,0.5952801568292614,0.31145888839690283,0.004465321659597954,,0.4374218184592981
1005,youthful-sweep-818,run_603103ad6f2eb46d84ff3ac42def9efe,0.6127632260322571,1.2679770261646457,4.888323353293413,2.6293240682248884,0.6542128265067587,1.724592498813103,1.0136566687938744,4.831981491562331,2.247845862286796,0.6542128265067582,1.2990188320936868,0.5554963773952956,0.44991667489618176,0.46719535165852566,0.7089646631803548,0.4330973917115354,0.5783559921782565,0.3380242787861878,0.02294704435146111,,0.43627775546736347
1006,celestial-sweep-819,run_a56c7b105ea934057f63c7a8d4fcfda4,0.5758774876594543,1.2917166560306317,4.568943930321176,2.397991156032848,1.1026374631568248,1.7385306219338499,0.9684747925973191,4.504273271638541,2.002615287428933,1.1026374631568252,1.244520493749011,0.5556287941032866,0.43075984795940575,0.4015306643680363,0.5219866179586513,0.41429557832547964,0.5840825119751316,0.3342132329552302,-0.021650774662972133,,0.42343456037856214
1007,cerulean-sweep-820,run_a2ad027d93fcb108492da879e0ba0824,0.5692405700683594,1.4707849393746009,5.1794501905280335,2.4884649399873653,0.7851306027035266,1.854419211900617,1.1537460114869178,5.147114861186718,2.0145293746051807,0.7851306027035289,1.5783233106504182,0.5490805148277151,0.5623803621609405,0.4239501324905022,0.7453414100615503,0.573005359736471,0.5080556779334464,0.3937074175995637,0.034496616495999166,,0.4157976331626547
1008,jolly-sweep-821,run_0a2d61639560dec4f341d4b55c06602b,0.6028079390525818,1.2655264837268663,5.019080021774633,2.1621478205938085,0.6203577599349527,1.938479189745213,0.9560689215060618,4.964697876973325,1.7130638029058753,0.6203577599349542,1.6707153030542807,0.568798557822818,0.4810789807690994,0.43257622194553524,0.5877579915653475,0.47050689240451193,0.5683942159361506,0.3154006286140013,-0.0042850566451782535,,0.32734811531973407
1009,fiery-sweep-822,run_72aae4e2b79cd835fdf630ae1c57aad4,0.5405232906341553,1.4796298659859601,4.316303756124116,1.9172962728995573,1.5432310194125416,1.770640132932426,0.8990810465858334,4.212438758845945,0.8135691724573594,1.543231019412542,1.2882378540908372,0.5738297048542782,0.5224185805748586,0.2723972799540274,0.5731762552406018,0.4734657511647909,0.5422984333035397,0.4189443622156283,0.0511139576486985,,0.4252511207969698
1010,lyric-sweep-823,run_9f4841c3a1f61952da4a85c52e86030e,0.43178045749664307,2.541174218251436,7.593413173652695,4.577321541377132,0.0,2.844908213324893,2.541174218251436,7.593413173652695,4.577321541377132,1.6010501526376075e-15,2.844908213324893,1.0,1.0,1.0,1.0,1.0,,,,,
1011,glorious-sweep-824,run_2974e6235466933e7280d3d2d8ba01f2,0.5430759191513062,1.357945118059987,4.634131736526947,2.137776373973467,1.098323000304909,1.5912209210318087,1.1089087428206756,4.596897114861187,1.8589513581806691,1.0983230003049094,1.2423445165374256,0.5165466062922216,0.5148069552403752,0.4945892794432206,0.5895889638644451,0.47327809568268786,0.5519954913723155,0.3765895130534294,0.05464760557062781,,0.4716132964305968
1012,sweet-sweep-825,run_02be492f7298c16b0bd35d37849e5c57,0.5821314454078674,1.3379195915762603,3.8635819270549816,2.0100568540745414,1.4688179693058236,1.663574141478082,0.9064709636247595,3.724442025040827,1.3629564118761834,1.4688179693058232,1.1128699161259694,0.5945660800509669,0.4084181322179368,0.36651741531781756,0.5313754842502698,0.4288743214009987,0.5598998324688178,0.4043008114150251,0.05375066059163858,,0.47532887645552124
1013,lemon-sweep-826,run_3ee10ef9ccd26fb0b0ffd261edd218e7,0.6084237098693848,1.2702488832163368,4.978225367446925,2.5224131396083385,0.6062353897753836,1.8658371577781292,1.0035226547543081,4.917964071856287,2.1778269109286157,0.6062353897753827,1.466185314131983,0.5755908072308114,0.4360077440040097,0.46382099415764777,0.5670082286670399,0.4105870545339897,0.5669730091248144,0.2644941158370318,-0.08395279047781559,,0.3591346990310664
1014,likely-sweep-827,run_0529f6b7c2d03ec017988c986534687a,0.5897893905639648,1.3541671984684107,5.31861731083288,2.449589387239418,0.7626079886167293,1.9478319354328215,1.1361455009572434,5.250517147523135,2.0644851547694234,0.7626079886167276,1.7352587434720683,0.4997343088720987,0.5249386901127371,0.4277813427832583,0.7105793993785121,0.5349521537858685,0.5229658832103927,0.27933317596019014,-0.017811033618145677,,0.35016075106585315
1015,sweepy-sweep-828,run_6d452592702cb3554b7a236a3ae23826,0.561837911605835,1.3950223356732607,5.05949918345128,2.0432343651295004,1.0109716434597011,1.8018555151131503,1.1149712827058078,5.039902014153512,1.6256727732154135,1.0109716434597005,1.6109313182465572,0.5296149333695324,0.5231637876810185,0.4881529546978259,0.6548391329131844,0.5269934005192607,0.5309758570253976,0.4250601882440122,0.047639465759908656,,0.40724982312931457
1016,true-sweep-829,run_b6a5588f6b2dc5ebf3ddf5f695102f41,0.5530312657356262,1.4490874282067643,5.233532934131736,2.728250157927984,0.6927787376765931,1.6353141319829083,1.2473771537970637,5.20364725095264,2.485167403663929,0.6927787376765945,1.3566545339452434,0.5604456901620051,0.5171571892376383,0.48203348976790217,0.7391362708167339,0.5136398890566619,0.5262733323317565,0.3467293072947699,0.07617263448816097,,0.4695013464088674
1017,fragrant-sweep-830,run_6eec3968a1963241e9b52b34e22bc569,0.6052329540252686,1.3162731333758773,5.3102340772999455,2.3730259001895133,0.7134261611952434,1.9189389143851872,1.1161710274409689,5.283287969515515,2.0531017056222365,0.7134261611952443,1.7226736825447058,0.5318244482154246,0.5160239999248627,0.42119065862146027,0.7144580148505018,0.5227598959902346,0.5412822002722543,0.34185626646604445,0.006805391658606441,,0.3642027332288642
1018,hopeful-sweep-831,run_08066a004905f968b27d997d1fd14a9a,0.6066368818283081,1.273758774728781,5.24069134458356,2.4023878711307636,0.6672629332249213,1.9096296882418102,1.0881301850670073,5.203946652150245,2.054377763739733,0.6672629332249198,1.7209131191644254,0.5268383852247667,0.4920486160018089,0.46888133320563163,0.6986996448776528,0.5168533633193957,0.5546091477187762,0.2831375997646739,-0.05585763555201262,,0.3490239784108776
1019,zesty-sweep-832,run_0cdb88134b7b99ec2bacd10368a9727f,0.5783025026321411,1.4101595405232927,4.96295590636908,2.2063676563487045,0.9399634109157434,1.8602191802500394,1.0363752393107857,4.918862275449102,1.6314466203411253,0.9399634109157445,1.563542490900459,0.5623077090988847,0.574363061314093,0.34560291159850587,0.7054069411267905,0.5548701894033378,0.5316605001736553,0.4160795529050274,0.036487686299361805,,0.40792545307639105
1020,rosy-sweep-833,run_fb1ce88257d0f201624f4de976430454,0.5696234703063965,1.4098915124441607,5.099700598802394,2.242867972204674,0.8964427279195039,1.8263055863269504,1.1116911295469052,5.062465977136636,1.7240808591282362,0.8964427279195044,1.6046170280107608,0.5079991157699315,0.5504837104736088,0.37396960699805254,0.7040588330329307,0.5295208710022125,0.5241920571690661,0.4090064642918333,0.05011285853694408,,0.408767114118189
1021,dry-sweep-834,run_72023b1c627fc33995b4613dd27088d0,0.5189534425735474,1.4663688576898528,5.209526401741972,2.0737713202779524,0.9200172781786766,1.7826792213957903,1.3096873005743457,5.2007076755579735,1.876298168035376,0.920017278178677,1.6559186580155076,0.5494121057560962,0.6063821843110503,0.5484133065159786,0.6689060732979211,0.5494379447600821,0.5010625437966565,0.44017373544675564,0.058142935063467904,,0.420626773815426
1022,true-sweep-835,run_2eb0c40e702a6893a118bdb78d7df448,0.5480536222457886,1.445717932354818,3.9525313010342957,2.1547315224257733,1.3234119321069213,1.6166798544073429,0.9747543075941283,3.818290691344584,1.4325331648768158,1.3234119321069209,0.9524845703434076,0.5658958609049065,0.4588878790545982,0.37364364843725056,0.5940039509589305,0.4438700897273158,0.5352361629590054,0.42810801851372393,0.10121651825034517,,0.5023701407392719
1023,fast-sweep-836,run_90da8185a7c5c24df523f38087915918,0.5430759191513062,1.444007657945118,3.8147523135547092,2.1072520530638026,1.370652505335908,1.6717004272827978,0.9027440970006384,3.6716929776810026,1.325129500947568,1.3706525053359084,1.0425423326475707,0.5889966018193757,0.4642148057407803,0.35316125530760145,0.5582299013611346,0.4699024395260218,0.5495222009036071,0.4268096332600274,0.08847006671043248,,0.4926165273833982
1024,toasty-sweep-837,run_e1b7a7fd0a601525004c8fea52c132ef,0.5480536222457886,1.466904913848117,4.736880783886773,2.5493240682248888,0.8598180709421689,1.6504628896977367,1.1627313337587741,4.680048992923244,2.1473783954516743,0.8598180709421699,1.2431911694888444,0.5327865860235946,0.4506163239528589,0.43956485649522714,0.6973254153334503,0.46182428548028015,0.5186162419294262,0.39607346904086693,0.0714328527761125,,0.47431765867544573
1025,denim-sweep-838,run_635faa67a9fb1f806da3390dd71a6e1a,0.530312716960907,1.477498404594767,5.620930865541644,2.4672141503474405,0.6809177761967679,1.852828770375059,1.297153797064453,5.608192705498095,2.2573720783322804,0.6809177761967699,1.684550561797753,0.5087951920106326,0.5706625233787986,0.4637734252785493,0.7407531628802424,0.5411146164750745,0.4982033840535326,0.3501385399346075,0.04351591714557279,,0.39804687167424474
1026,unique-sweep-839,run_173b728d3444d97df89f97a686e5eb8e,0.5760051012039185,1.3429865985960434,4.361785519869353,2.0149336702463674,1.2843734119321069,1.8187846178192748,0.8782259093809824,4.217256396298312,1.176677195198989,1.284373411932107,1.35276151289761,0.5531071644690929,0.4518371313151974,0.31712272132298946,0.6153509581399156,0.4293785187586239,0.5553412094041539,0.3613543604801123,0.03495657976679689,,0.3963442152994081
1027,sage-sweep-840,run_b4599ffa002c09598ea99681f3df4307,0.5698787569999695,1.4197192086790043,4.777272727272727,2.2647252053063798,1.0234475048277263,1.9187925304636808,0.9267007019783019,4.676837234621665,1.5059886291850906,1.023447504827726,1.551471751859472,0.5901865728262323,0.5130264528966214,0.35384270344475305,0.6853181171149153,0.5427680093856205,0.5410641942384485,0.3550389149927279,0.04934652489005656,,0.3835514567181307
1028,eager-sweep-841,run_0859f90d1c6c97275c87db97d47b4c9a,0.5595405101776123,1.3455775366943201,4.076973326075123,2.3272267845862276,1.1434190466510823,1.731405285646463,0.8431397574984045,3.9393032117583022,1.637877447883765,1.1434190466510812,1.0512422851717058,0.578821371614136,0.4442367285522156,0.37219902308208025,0.5882334778335212,0.4407208614162938,0.585649185489694,0.3600879445670564,0.07295919134870071,,0.4599530637572705
1029,noble-sweep-842,run_528b4ce6d0fd62691b2a35c63bf8767f,0.618889570236206,1.1968730057434587,4.554572672836146,2.31540113708149,0.9829098485618456,1.616343567020098,0.9958519463943835,4.487942297223735,1.9845483259633605,0.9829098485618473,1.2384831460674162,0.5602409574585765,0.4664830170510295,0.42735801168470455,0.6049916655942784,0.49121290950747076,0.5892545657429307,0.36813453249631145,0.026420375393419432,,0.4587863352777798
1030,skilled-sweep-843,run_73fe01a76f29e149d143d98a7ae75dad,0.43178045749664307,2.541174218251436,7.593413173652695,4.577321541377132,0.0,2.844908213324893,2.541174218251436,7.593413173652695,4.577321541377132,1.6010501526376075e-15,2.844908213324893,1.0,1.0,1.0,1.0,1.0,,,,,
1031,young-sweep-844,run_f488577979901624ddc3ae88f9365622,0.5868538618087769,1.345717932354818,4.947196516058791,2.510486418193303,0.678010976725277,1.7508387403070105,1.0953031269942566,4.886935220468154,2.1743651295009476,0.6780109767252768,1.3612280424117729,0.5311020385457308,0.4885456635166833,0.4264899594547138,0.612811930613975,0.4537450782993396,0.5427697708099211,0.33596577492207347,0.004123253514710407,,0.40902028664447965
1032,valiant-sweep-845,run_b655009d0f909ee95cc720a00558d024,0.5409061908721924,1.5368730057434585,4.4987751769188895,2.2202779532533166,1.2252972863095841,1.8786002532046207,0.9411614550095719,4.397849755035384,1.1900694883133296,1.225297286309583,1.4748180091786676,0.5951036634977005,0.5397321535989853,0.32350764613862015,0.6383083004004064,0.5355993372346284,0.5143235045773196,0.4166212498425469,0.04494518626642818,,0.3948871099581577
1033,devoted-sweep-846,run_b07aa951318fa37ebf257633e3741187,0.5733247995376587,1.3701467772814293,5.048366902558518,2.239722046746683,1.0013873361113932,1.869441367304953,1.0124441608168473,4.982716385410996,1.608401768793431,1.0013873361113932,1.5333834467479033,0.5027698943747062,0.5119765851491748,0.35637806084985474,0.6853105472255904,0.4764968673129736,0.5359600321848472,0.34764877087697427,-0.007173791748890074,,0.379130191825627
1034,jumping-sweep-847,run_7d793d6c4e35d6ecba36c96346ad0c62,0.5310785174369812,1.5697255902999359,4.485955362003266,2.0660012634238782,1.3391909746925499,1.909158885899667,0.9894065092533499,4.392378878606424,1.1082375236891966,1.3391909746925503,1.3964907422060446,0.578581038421305,0.5786630764547831,0.3537689557194394,0.6039748947316236,0.5150828563190484,0.49600838134796116,0.4161543005022852,0.031065543434078663,,0.3785171814311481
1035,grateful-sweep-848,run_9f030f30a5a1bdadafc54e147efc8eab,0.6282067894935608,1.2298021697511166,4.903919433859554,2.6398231206569798,0.6537859538570993,1.7532204462731442,0.9768602425015952,4.835819270549809,2.252457359444094,0.653785953857098,1.334483304320304,0.5847785433987962,0.4585161124806076,0.4665016122338218,0.7062470819868938,0.44114568627031364,0.5864026905904516,0.33191198910083386,0.002800109852918453,,0.4248531877423414
1036,twilight-sweep-849,run_c77a3e6fbfc3b9b4252d42ea211102ae,0.5705168843269348,1.3553286534779831,4.508982035928144,2.1884902084649394,0.9107683707693871,1.7634356702009808,1.0394384173580087,4.433532934131737,1.74236260265319,0.9107683707693874,1.2814606741573045,0.5365294540948152,0.4373149375161431,0.40652172524981645,0.565527141107169,0.4243491503267923,0.5420088296125014,0.3465535354650739,-0.0023834280855659917,,0.405995294081939
1037,bright-sweep-850,run_7761c7ee6f098eafa20c4286d0a78411,0.6057434678077698,1.2663688576898533,4.466276537833424,2.3724826279216673,0.9672629332249212,1.7086010444690611,0.9176260370134017,4.380538922155689,1.8633101705622233,0.9672629332249221,1.2009178667510683,0.5827215032472793,0.40169972116097874,0.3930214219583054,0.6300452980642706,0.4091072551197918,0.5781894262637013,0.349720487779576,0.026348444775137925,,0.4372846011296565
1038,woven-sweep-851,run_7ebbfc4ca0e63c58556294424042d420,0.6082960963249207,1.252316528398213,4.26475231355471,2.3117119393556536,1.0468187823965849,1.6886849184997625,0.8918570516911294,4.158437670114318,1.7862539481996196,1.0468187823965849,1.1609906630796014,0.5915251310572512,0.45014956562314395,0.3801554768061808,0.6280461360290823,0.41279170847329627,0.5867424511712281,0.36385321778819235,0.03209950163205205,,0.45599335759129334
1039,dandy-sweep-852,run_997634d92a65a0ae7f21de8ae89c6186,0.7493299245834351,0.7882322910019144,4.624605334784976,2.395691724573594,0.8228834231121047,1.8881626839689822,0.5711295469049138,4.5285792052259115,2.087593177511054,0.8228834231121053,1.343804399430289,0.7479919057530987,0.39559620652920424,0.6152009705328354,0.558506406919436,0.3781506722338789,0.7339489248230355,0.23539873552311275,-0.28901596705663657,,0.3585939256224033
1040,firm-sweep-853,run_8515617548c6f7efa3018700576ad349,0.6234843730926514,1.2439310784939372,4.703483941208493,2.099191408717624,1.0638631974794186,1.7936105396423483,0.8708359923420542,4.631464344039195,1.4212886923562855,1.0638631974794197,1.4621103022630153,0.6257378431004162,0.5058947323905261,0.3482270216773617,0.6584273924883841,0.48473035993369246,0.5817197579696055,0.39387096753544115,0.0386570466675194,,0.4095325406805011
1041,noble-sweep-854,run_4aaf5f6b0fbe78924ac2a666bb3d4c0e,0.6285896897315979,1.2134779834077853,4.6464071856287426,1.9983070120025261,1.0246925500558999,1.728881152081025,0.8711678366305045,4.572427871529669,1.3899810486418194,1.0246925500559003,1.4018673840797589,0.6153052352396978,0.5297892438883314,0.3783160936053379,0.6586256280202742,0.48269854711994503,0.5891137484242386,0.40401674630944795,0.04211994200812516,,0.4288053321409684
1042,graceful-sweep-855,run_e96ccd3875aaf16cbba675a4ce3b90d3,0.5523930788040161,1.4707466496490107,5.027871529667937,2.286481364497788,0.9652505335908119,1.9031096692514635,1.1479642629227822,4.994066412629287,1.7939987365761185,0.9652505335908133,1.6615524608324101,0.4996108140031556,0.5228865657493568,0.3743458480988411,0.6931731626719609,0.5355429324232975,0.503564381380321,0.4212071798837816,0.027766152707833086,,0.3833535848796132
1043,glad-sweep-856,run_69aa72b0bad4cd4071c6e1e3ad32747b,0.5664326548576355,1.4498021697511168,5.3804572672836155,2.3682122552116227,0.791482874275841,1.9204106662446587,1.186062539885131,5.347632008709854,1.9752874289324065,0.791482874275841,1.732050166165533,0.515931927094017,0.5361926593878122,0.40151502091115154,0.7359803067905957,0.5601667733718931,0.5115297510283883,0.3641910045299886,0.039411311895434786,,0.38518197136211185
1044,skilled-sweep-857,run_0e90890e7414989f4fd047466d8ec096,0.5546904802322388,1.3830759412890872,5.643848666303756,2.5090334807327848,0.6682945421282651,1.9221316664029118,1.3520612635609437,5.642378878606423,2.4565887555274797,0.6682945421282648,1.8936461465421746,0.7008600092713924,0.6519253357429838,0.5518883887239409,0.7265069897428488,0.6300495187883753,0.5427394805509483,0.361745252206757,0.05480806160285892,,0.39121307275487915
1045,prime-sweep-858,run_2cd8f16ac475df26ce186cdba167a754,0.6125079989433289,1.262246330567964,5.193603701687534,2.354807327858496,0.8071247077955076,1.7923880360816582,1.0327377153797066,5.168127381600436,1.9858243840808585,0.8071247077955088,1.6073745845861684,0.5594930122983834,0.5142888751676384,0.4213126137343166,0.715896362645165,0.5230673324754532,0.5715339962706834,0.40562711914361516,0.053961191049399254,,0.41606993023017136
1046,chocolate-sweep-859,run_973b447f87231d7805c583b855424fc6,0.43178045749664307,2.541174218251436,7.593413173652695,4.577321541377132,0.0,2.844908213324893,2.541174218251436,7.593413173652695,4.577321541377132,1.6010501526376075e-15,2.844908213324893,1.0,1.0,1.0,1.0,1.0,,,,,
1047,restful-sweep-860,run_c7b68d1dc6590a601f2e3a29d378664b,0.5282706022262573,1.5833056796426288,4.690963527490474,2.3437776373973462,1.1517583087712167,1.9058237062826393,1.0317038927887676,4.629722373434948,1.423183828174353,1.151758308771218,1.4816743155562584,0.5896770375706648,0.5529101594859801,0.3643220636592919,0.6502035088159864,0.5281509286894096,0.4975183739501858,0.42304380033940625,0.0401143935069109,,0.3836175636632303
1048,cool-sweep-861,run_350f5a3f1f7f1ace25eb465e4bd9c3bd,0.5702616572380066,1.3507083599234204,4.402585737615677,2.0661781427668977,1.2720398414473013,1.8141438518752966,0.9739374601148697,4.282063146434403,1.3646367656348697,1.2720398414473022,1.4488882734609911,0.5386641994888282,0.42003458762061746,0.40034814672924046,0.5917112925722585,0.4463805404429546,0.5460880711674996,0.36558888637703424,0.03412694246140932,,0.3933505291924735
1049,efficient-sweep-862,run_245ae6bd28c2602f9821764610921e46,0.68883216381073,1.0286790044671343,5.092188350571584,2.577473152242577,0.729850594572619,1.8745094160468425,0.8258200382897259,5.035356559608057,2.304106127605811,0.7298505945726199,1.4884594081341986,0.6647964487854903,0.47995884721802157,0.5376376783832966,0.5478006490915794,0.4248183542853534,0.6438228185994124,0.2717927362500745,-0.16500336798000617,,0.36492360119890227
1050,revived-sweep-863,run_7dd861a435e2d88bdb2834ce908e15af,0.5641353130340576,1.4631652839821312,5.227681001633098,2.4440808591282366,0.7246569773350949,1.9217043836050005,1.147964262922781,5.185057158410452,1.9289071383449137,0.7246569773350957,1.6964551353062178,0.5140785550998807,0.5152162353612193,0.4012214666538965,0.7314205908703475,0.5462439996865247,0.5090416105904325,0.3589315590099277,0.043242916730453496,,0.38246704016874455
1051,young-sweep-864,run_f2c2188d6472a3ca5fd31bcc371fec49,0.5752393007278442,1.3970772176132735,5.354953728905825,2.432697409981048,0.7836416302469762,1.9041106187687924,1.1907721761327374,5.322128470332063,2.1004548325963355,0.7836416302469753,1.736473334388352,0.5009086233684693,0.5198706835334117,0.41417297193755387,0.7162468206279681,0.5422000637708437,0.5188424968790866,0.34907324167463627,0.04192302825763991,,0.3684118079356712
1052,twilight-sweep-865,run_e9c746fe4327274582e4fa2311888d55,0.6022973656654358,1.2745118059987235,4.55100707675558,2.4606696146557168,0.9319697123691432,1.7440932109510994,0.9572431397574988,4.454980947196516,1.9876310802274153,0.9319697123691429,1.2698093052698212,0.580056019224816,0.406734613546623,0.4097346997414041,0.647781008281668,0.4370036275941017,0.5789789695796108,0.3430015084111534,0.03543973226739319,,0.43207933354769396
1053,rare-sweep-866,run_a36ec9c8141e89e4938aa1300e26b691,0.5479259490966797,1.446547543075941,4.742133913990202,2.1740366392924817,1.2223295050309988,1.8657224244342456,0.9369878749202304,4.663255307566685,1.4100063171193937,1.2223295050309986,1.5055942395948718,0.5537297960025238,0.4783558577384961,0.33624110078855796,0.6282186571280906,0.48947726432087035,0.5362302368848184,0.4037452862999366,0.048477603011608805,,0.38726530736899734
1054,faithful-sweep-867,run_b422d4c57b99d95106925b5359be5ede,0.43178045749664307,2.541174218251436,7.593413173652695,4.577321541377132,0.0,2.844908213324893,2.541174218251436,7.593413173652695,4.577321541377132,1.6010501526376075e-15,2.844908213324893,1.0,1.0,1.0,1.0,1.0,,,,,
1055,fragrant-sweep-868,run_1a64d81a0cff3489cd5edd577ec59309,0.533503532409668,1.4610593490746646,4.547795318454002,1.8114971572962724,1.4966307551580444,1.800185947143535,0.9475941289087437,4.467446924333152,1.0333164876816168,1.4966307551580444,1.4087236904573512,0.5281047068717589,0.5048227875029617,0.35264581936596107,0.5735114214271541,0.45186455598041525,0.5292680485778913,0.4152719855465081,0.040737904072569914,,0.3951585834830016
1056,cosmic-sweep-869,run_3c7fa8e54fd65cd148558543c1477621,0.5760051012039185,1.4140395660497764,5.152286336418073,2.3890082122552108,0.8513771724768776,1.9221237537585056,1.0862029355456293,5.111132280892761,1.8794188250157922,0.8513771724768789,1.6253046368096231,0.5549964005107791,0.5292655366066422,0.3945945471378859,0.6866041262852652,0.5520630181209134,0.5279048291924926,0.3632383958232648,0.0258121638092145,,0.373975572992799
1057,rural-sweep-870,run_3ad4a1e4bbd7df89da0cfb0754678dd6,0.5896617770195007,1.3371665603063176,5.0763473053892225,2.3541250789639916,0.5699613781888404,1.9597088146858677,0.9895724313975749,5.005797495917256,1.8188629185091594,0.5699613781888399,1.6357572400696305,0.5584990245546073,0.4887856612993648,0.38042716214921946,0.658280555537179,0.509228881052449,0.5586310393591707,0.3074074037092663,0.031111852723174432,,0.342848141346045
1058,youthful-sweep-871,run_8053ccb8fb722a8447a74b5c54f7a3e5,0.5597957968711853,1.4204977664326737,5.116358192705497,2.2851295009475674,0.8763898770200222,1.9152278841588855,1.0632546266751763,5.071774632553075,1.7621604548325946,0.8763898770200217,1.6789404969140684,0.5453816446162507,0.5067579599933953,0.3820467388181209,0.6975031256921572,0.5427949592243908,0.5372355744799037,0.39864359901439084,0.057922384538105304,,0.382878853401909
1059,chocolate-sweep-872,run_639e0a2b319c1d19396f515648d3576a,0.43178045749664307,2.541174218251436,7.593413173652695,4.577321541377132,0.0,2.844908213324893,2.541174218251436,7.593413173652695,4.577321541377132,1.6010501526376075e-15,2.844908213324893,1.0,1.0,1.0,1.0,1.0,,,,,
1060,restful-sweep-873,run_c677fdb589fbe0d8f4c7d50e51bbc2f6,0.5388640761375427,1.451499680918953,4.084512792596625,1.8671383449147183,1.4318274214859232,1.7846969457192587,0.9299936183790682,3.9458628198149164,0.9186607706885666,1.4318274214859228,1.2987339768950779,0.5177983859468585,0.4591618736312871,0.33736487565048046,0.5920300701191106,0.44738526957652447,0.5295988126809115,0.4336488916846083,0.07052573022083045,,0.41644181711279854
1061,likely-sweep-874,run_1ce34173a70aa4eb54c5c457b459571d,0.6002552509307861,1.2592469687300571,4.364970059880241,1.9414529374605174,1.1425348104482163,1.6986113309067887,0.797243139757499,4.293440391943386,1.1987618445988615,1.1425348104482167,1.322246399746795,0.6118146935780497,0.5205700704891328,0.3663721546467452,0.6265253807877598,0.4641404412662973,0.6025364677918472,0.4740359460920923,0.09164420630479689,,0.44528473289250264
1062,ruby-sweep-875,run_d6a5378c029ed44af4425b9e0fe460c6,0.5902999639511108,1.3177153797064454,5.161976047904192,2.364232469993682,0.7948826100213435,1.870833992720367,1.1196809189534136,5.116412629286881,1.9841566645609594,0.7948826100213428,1.6978556733660402,0.5098732001177586,0.4884257190928025,0.4361507518436931,0.6899382980839579,0.5361179708827868,0.5440130162291561,0.3453151988933666,-0.01910179606037643,,0.37038893460153627
1063,grateful-sweep-876,run_2e03a99128f3e9c3ceaae462fd73785f,0.546394407749176,1.4796553924696871,4.681872618399565,2.0708654453569166,1.1906494562455534,1.852215540433613,0.9549329929802155,4.603483941208493,1.2161086544535678,1.1906494562455519,1.4648124703275827,0.5569471515214834,0.5430226225830753,0.3070604667496728,0.6445238175920038,0.5023349453135966,0.52406953571059,0.41109639695473327,0.051669108563294375,,0.3930844786739851
1064,apricot-sweep-877,run_635d67e7ded8c517471478aba79799bc,0.5605615973472595,1.4741033822590937,5.184295046271095,2.3952747946936195,0.7216587051529627,1.9228991929102706,1.1784301212507973,5.1524496461622205,1.8823373341756147,0.7216587051529616,1.7037743313815468,0.5238323427499114,0.5128229958289906,0.38821409188136513,0.7255842452679122,0.5451201594444823,0.5087546310093007,0.3966225268196528,0.042734767965769305,,0.3797079675164071
1065,logical-sweep-878,run_5e0014cbfe2d8fc1526c393ec94399c7,0.6432673931121826,1.1561582641991064,5.09695155144257,2.2486291850915974,0.7943439373920113,1.7687015350530146,0.9498532227185713,5.053347849755037,1.8689324068224897,0.7943439373920119,1.573077227409401,0.6049599909588473,0.5124121491683923,0.43299268907831306,0.6977883993806583,0.5054049976022544,0.6048595648084691,0.3821421335179834,0.00803105222034936,,0.4074276801181649
1066,peach-sweep-879,run_ac877b0cb658b24fc26bd758a3cdfae2,0.520995557308197,1.5348436502871727,4.510370168753403,2.307706885660138,1.1187214147779245,1.7105435986706756,1.13234205488194,4.422182906913446,1.7781554011370817,1.1187214147779234,1.1580669409716726,0.5086893675403978,0.44827958423721515,0.3828522172205727,0.6251733105341133,0.42075767248766893,0.4914349517968908,0.3527420282495448,0.08302639012098831,,0.44752115489494354
1067,still-sweep-880,run_31778b173eedef8ce2a3fb06c7e1f643,0.61238032579422,1.278391831525207,5.339765922700056,2.4954643082754258,0.6625063522715723,1.8896186105396424,1.055545628589662,5.297632008709853,2.100050536955147,0.6625063522715714,1.6544706440892547,0.5291135553945501,0.5479768139074518,0.43893608530472816,0.7196163782331982,0.504169394446205,0.5551754354033167,0.3153970946705346,-0.03299709510394147,,0.3681858621934502
1068,fallen-sweep-881,run_5592961cf55e3fe5552d64d36c21174c,0.6846203207969666,1.036145500957243,5.057729994556343,2.638395451674036,0.6721618050614899,1.8019504668460196,0.8716528398213144,5.009227000544366,2.4241440303221724,0.6721618050614894,1.4972978319354324,0.6397810626759262,0.4776228136837384,0.5499926571528908,0.6158991609031831,0.44734527467294083,0.6524394763417498,0.2766167263507878,-0.16848590601621197,,0.3779299270420627
1069,faithful-sweep-882,run_d535bdd0610f26879cc8ae6c82411048,0.4944479763507843,1.5931716656030628,4.283669025585194,1.9301705622236254,1.505051326354304,1.8255736667194176,1.0284747925973203,4.172945019052802,1.015767530006317,1.5050513263543046,1.3059977844595665,0.463295887566456,0.4499951037418331,0.297533761133991,0.5820544904791382,0.4333213041080627,0.48391164825531185,0.4180644843265485,0.06457917392706114,,0.40581260013039344
1070,balmy-sweep-883,run_c6d593a5efa69bcf3b1c2c22274d1146,0.5978302359580994,1.3384684109763878,5.545753946652152,2.656386607706885,0.5559711352779754,2.008514005380598,1.1624888321633695,5.512438758845945,2.370574857864813,0.5559711352779771,1.8494935907580305,0.5045548550253294,0.5637644809135304,0.4655518309229639,0.7552995284050535,0.5597974542491493,0.5400388185798646,0.2946769940156616,-0.037797606211244505,,0.3313383940330246
1071,dandy-sweep-884,run_92fc9178e1fdb63d10607b6223ebf3b4,0.43178045749664307,2.541174218251436,7.593413173652695,4.577321541377132,0.0,2.844908213324893,2.541174218251436,7.593413173652695,4.577321541377132,1.6010501526376075e-15,2.844908213324893,1.0,1.0,1.0,1.0,1.0,,,,,
1072,legendary-sweep-885,run_50b4fbc1e3d1f72130de171a5ad61e13,0.580599844455719,1.31706445437141,4.670958083832336,2.0412381554011363,1.1051377172476875,1.8864258585219178,0.9605105296745374,4.590119760479041,1.447353126974099,1.105137717247688,1.53462968824181,0.529245168062699,0.47884695733596966,0.35932078664240336,0.6060118275061909,0.4571846582437684,0.5475768879640219,0.34703953593825554,-0.024292714371459967,,0.3520785694642914
1073,vital-sweep-886,run_1726934c28d534c3ccd402283a91e14c,0.552265465259552,1.4317549457562218,4.74594447468699,1.9803663929248259,1.2882305112308161,1.9247309700902038,1.0717549457562219,4.673434948285247,1.4302084649399862,1.2882305112308166,1.52479427124545,0.49106055693730666,0.465312775458753,0.4079612425374326,0.5160365717952654,0.4259359017894654,0.5021622473778198,0.36263386703309486,-0.03450648395386721,,0.3390485359604194
1074,faithful-sweep-887,run_26ab8c423279e1f21c7604962d8e4c67,0.5867262482643127,1.333529036375239,4.915596080566141,2.226064434617814,0.9044516719178778,1.974323468903307,1.0293554562858958,4.835247686445292,1.7509286165508506,0.9044516719178792,1.5885583161892702,0.5331498874841926,0.4305884642641093,0.4475731890304249,0.5365796279821902,0.4373691284491661,0.5329969929428502,0.2734149413714313,-0.07551516836655439,,0.313929113979486
1075,atomic-sweep-888,run_56c24edc071495ffb03dfdb683e80c31,0.7594128847122192,0.7707083599234203,4.839711486118673,2.366317119393556,0.5673594877528204,2.133632695046684,0.568538608806638,4.748094719651606,2.044169298799745,0.5673594877528201,1.730064092419686,0.7488526243500107,0.39435586645328974,0.6358880056188743,0.5392754389514128,0.381166906076121,0.7338672165204654,0.15006375133948355,-0.3515106485155467,,0.22330954524423238
1076,sweepy-sweep-889,run_85594b5b48e1a3a5d36b91c5c2c25760,0.5883854627609253,1.324416081684748,4.494801306477955,2.2032722678458616,1.1327878849476571,1.8751780344991293,0.9579834077855777,4.37084921066957,1.565824384080857,1.1327878849476576,1.522242443424593,0.5373221036641804,0.44774984812804014,0.3651969798550586,0.6424131652504853,0.4592256209379478,0.5508720783746045,0.36275983023280967,0.016826314990111696,,0.37365612854033453
1077,copper-sweep-890,run_d8c27497c92ddb8ada5d6ca708734e91,0.5646458268165588,1.4189789406509252,4.650762112139357,2.139039797852179,1.1167090151438153,1.7960357651527137,0.933541799617103,4.575313010342952,1.34945041061276,1.1167090151438148,1.4285725589492,0.571156104068386,0.5197659002723505,0.3149117262075791,0.6594277028634585,0.49855475057522924,0.541381372414323,0.4262296082378097,0.04667276638366735,,0.42191423194015437
1078,lunar-sweep-891,run_d59b8c6a50112fcd479d024427be5256,0.6079131960868835,1.2731716656030632,5.242351660315733,2.3674668351231833,0.739185892875292,1.8151962335812626,1.0285003190810464,5.200707675557974,1.9222236260265322,0.7391858928752929,1.5762739357493278,0.5226503299938412,0.5339025423014262,0.3941356191935639,0.7244186158307933,0.49991363054334415,0.5627645419981773,0.3492779968326485,0.002804382790212445,,0.40183237674364614
1079,classic-sweep-892,run_73533b470b36923d2c079a6eb6771038,0.5527759790420532,1.4762093171665602,4.3939575394665225,2.025761212886923,1.3657942880374019,1.745054597246399,0.8827951499680925,4.310179640718563,1.0605180037902724,1.3657942880374023,1.3070897293875607,0.5918944611162184,0.5259492192111094,0.2921506560674265,0.6274734077713703,0.49689686338483935,0.5353014637526343,0.4556096485933719,0.06410595348965373,,0.4359618229197892
1080,noble-sweep-893,run_81c15b964066cb8e4b715c9568130005,0.6779834032058716,1.029968091895341,4.312629286880784,2.136361339229311,1.2427685740420773,1.8981128343092257,0.7193618379068282,4.204354926510616,1.6727858496525585,1.2427685740420762,1.3132338977686353,0.6940840470678727,0.4234441229777483,0.5090516553331418,0.5382620447170899,0.3737682032990584,0.6547734919656177,0.33436771918252617,-0.17479383563913764,,0.3605974270626945
1081,rosy-sweep-894,run_39b7f8b11646caf3a6f81893f42a4990,0.5326100587844849,1.5450542437779191,4.507648339684269,2.6715729627289946,0.9330114849070027,1.768321728121538,1.1397957881301841,4.431219379422973,2.070322173089071,0.9330114849070021,1.155313340718468,0.5900699992568975,0.49203889703550213,0.4732771445902372,0.6537065372071454,0.46590394654449035,0.5109410554616327,0.40168288551875486,0.06025303451472333,,0.44996016100573244
1082,dainty-sweep-895,run_ed815420a34d25d9b91a1ab6e96ab794,0.5471602082252502,1.4117421825143583,5.425013609145346,2.375603284902084,0.7803689399329199,1.7883248931793003,1.2325462667517542,5.4103157321720206,2.111383449147188,0.7803689399329206,1.6594991296091168,0.5110255521164583,0.5444539794093085,0.4268673179452799,0.7422418771734651,0.5646150606542407,0.5272118917229799,0.3999124693585811,0.04983118340781101,,0.43095121056606267
1083,snowy-sweep-896,run_982626340c23d8dfd8ba8b4575ad79a4,0.558391809463501,1.4379578813018503,4.894746869896571,2.1147315224257737,1.0614899888200018,1.8096376008862158,1.0577409061901724,4.857022318998366,1.5499305116866697,1.061489988820003,1.5289128026586483,0.5238235950100101,0.501703706258156,0.40705296427545257,0.6512399474441388,0.4928100519671902,0.5207548380806426,0.43593798672796114,0.03311452245878321,,0.4060860628985583
1084,spring-sweep-897,run_7a4618d116136ba4495b1820e7939a79,0.5723037719726562,1.3088704530950857,4.997114861186716,1.8905495893872388,1.0500304909035472,1.6846573824972304,1.2064071474154439,4.987806205770278,1.7407706885660135,1.0500304909035474,1.5968507675265071,0.6623693029220988,0.6369659262084659,0.6714318551862848,0.6281180887464749,0.6148419799168557,0.5468417687571454,0.4493672209071845,0.053065570583713834,,0.43604743071817376
1085,feasible-sweep-898,run_bc867419ac418ea0b0465bbb057607d7,0.5924696922302246,1.3780472239948944,5.439738704409364,2.634567277321541,0.6985211911779653,1.9952484570343407,1.1813911933631143,5.386826347305391,2.2455843335439036,0.698521191177965,1.8219852824814042,0.503379736533428,0.5715832246410526,0.4578721706094563,0.7487957290040153,0.5620958370208373,0.5167564936532214,0.29058007699161165,-0.024025909627246184,,0.3408613130703621
1086,confused-sweep-899,run_9836645ca072bfd87f14735e40e55b99,0.5245692133903503,1.504696873005743,4.869461077844313,2.037738471257106,0.8288393129383066,2.019769742047792,1.0971410338225913,4.812629286880784,1.4379027163613396,0.8288393129383081,1.6364258585219178,0.4498830615812886,0.44581002580994306,0.3867258883248731,0.5457367234900329,0.42624966064647585,0.476555630966337,0.32277122361957056,0.009213243985195796,,0.2929996487888834
1087,atomic-sweep-900,run_c50915bd877ac48b8cd7de99311e615b,0.5258455872535706,1.5192724952137842,5.491181273816004,2.4280480101073905,0.658039434901921,1.8514875771482826,1.414741544352265,5.4794229722373435,2.2384080859128237,0.6580394349019215,1.79266497863586,0.5672211172011876,0.5998510192385842,0.4674520320531239,0.7584077876271597,0.5987900979085856,0.4952714352582438,0.41929708799916565,0.06440540354109486,,0.4278568775741875
1088,faithful-sweep-901,run_f885e29a8d93062b116f88dc2dc0d093,0.43178045749664307,2.541174218251436,7.593413173652695,4.577321541377132,0.0,2.844908213324893,2.541174218251436,7.593413173652695,4.577321541377132,1.6010501526376075e-15,2.844908213324893,1.0,1.0,1.0,1.0,1.0,,,,,
1089,major-sweep-902,run_9b166c05d90ecee143bfe2682a675979,0.5850670337677002,1.3435226547543073,5.274741426238433,2.431282375236891,0.6848561845716027,1.8885424909004587,1.1390555201021055,5.240936309199783,2.0779532533164864,0.6848561845716012,1.6829482513055862,0.5026438828890843,0.5153989273100077,0.4254316317083293,0.6834116334674701,0.5272391357909336,0.5417782989148343,0.3593695747063441,-0.005977073678109707,,0.37278964568557993
1090,azure-sweep-903,run_8ad41f44e93c98586eadb13fa32c8e2e,0.6171027421951294,1.2463050414805357,4.772182906913446,2.408869235628553,0.8514229088321984,1.6580669409716726,1.0076068921506058,4.716820903647251,2.039241945672772,0.8514229088321987,1.278497388827347,0.5781982274819039,0.43149165101542303,0.41370111419723526,0.6604385832087222,0.4672812393233137,0.573751667887175,0.3534679973958058,0.029745385402724228,,0.4418191818293012
1091,glamorous-sweep-904,run_cd4dac7d3363543ae3b967a1197a2413,0.5578812956809998,1.4413401403956605,4.570577027762656,2.271939355653821,1.0211454416099197,1.9670161417945873,1.0232163369495857,4.43927599346761,1.5472773215413773,1.0211454416099188,1.5522669726222502,0.5032606902876197,0.43419454829404985,0.3513499664783067,0.6386701603394636,0.45943189355001296,0.5133441125114883,0.3447202371026198,0.024200952331550785,,0.3426143279990037
1092,misunderstood-sweep-905,run_5a6d55a39ab4be754d1622cc322a786a,0.5876196622848511,1.3575494575622205,5.074414806750137,2.189412507896399,0.8832554121353795,1.8156195600569707,1.0873771537970647,5.037670114316821,1.769639924194566,0.883255412135381,1.6040433612913434,0.5425304999832748,0.5208765678591052,0.414997605593334,0.715661696472728,0.5367242023696815,0.5434097266771549,0.41940624942125204,0.041978896347400596,,0.41928948688322204
1093,smooth-sweep-906,run_4d63b4be639e62ab7ef9fb363b731905,0.520484983921051,1.6126483726866623,4.9684267827980415,2.8855969677826905,0.7669173696513873,1.719682702959329,1.3132992980216966,4.92531301034295,2.52170562223626,0.766917369651387,1.34310413040038,0.5830057640885918,0.502010285266131,0.5249029467164703,0.707069649136941,0.48792450359930944,0.4822760074077087,0.39603712471912894,0.08472286964053652,,0.45269960432748063
1094,resilient-sweep-907,run_11bb87252509c4320cea244f49be6302,0.5448628067970276,1.485386088066369,4.756124115405553,2.1454200884396712,1.0976776095131617,1.8735875929735712,1.083803446075302,4.713010342950463,1.4824131396083375,1.0976776095131624,1.5680091786675099,0.5453726484006649,0.509212195498338,0.35391373750917854,0.6240492493806569,0.5024819382703578,0.5135298207544925,0.4480499799124334,0.046579044142565224,,0.3843054875404655
1095,fallen-sweep-908,run_8a741aa66785779baf5f44f34556ae12,0.5379706621170044,1.5001276324186341,5.091589548176375,2.2710296904611496,0.7905427380831385,2.0185828453869283,1.191818761965539,5.0381872618399575,1.8093367024636753,0.7905427380831387,1.7012541541383128,0.45687370913580705,0.47390450368603415,0.4015809469080229,0.5741669786125314,0.46201330004934915,0.48319593050402193,0.3215328503859962,-0.02731595998348807,,0.3033051869267524
1096,clear-sweep-909,run_a84f73687f7ee7565c409a8b355047a1,0.5975750088691711,1.2915890236119973,4.720168753402286,2.4454958938723936,0.8317461124097977,1.628980060136097,1.0806892150606253,4.67411540555253,2.1257485786481363,0.8317461124097973,1.3056694097167258,0.5526512342421656,0.454170878479907,0.41029483127414357,0.6610406335075255,0.5054801745792751,0.560259500708586,0.3598124670771407,0.04032734165877214,,0.45163337655337277
1097,atomic-sweep-910,run_0c295fa5fde9f969961aa73be50077c8,0.6047223806381226,1.292673899170389,5.26053347849755,2.2263676563487045,0.8735084866348205,1.8777417312865956,1.1081940012763254,5.2414262384322265,1.9292482627921654,0.8735084866348216,1.6858917550245294,0.585467180287792,0.5177466990242302,0.46851355234172976,0.6826118914098604,0.5251039496879433,0.5474106267460543,0.38044021634536457,0.02684278091569997,,0.3787977816532735
1098,neat-sweep-911,run_643cfb6cf7b0d428adb970f9ebf7d27e,0.5973197221755981,1.3975749840459475,5.747332607512249,2.702792166771952,0.49576176440695185,2.0409004589333755,1.2732865347798332,5.73263473053892,2.479987365761213,0.49576176440695224,1.9077306535844278,0.5419339043535337,0.6114981260464071,0.4812577020081091,0.7809075499309326,0.5992878908920705,0.5180562187178557,0.30781172032914944,-0.029807610482053853,,0.3357495620714921
1099,volcanic-sweep-912,run_5221e42710a461236f58111ff9df88a6,0.5479259490966797,1.4950989151244412,4.655634186173109,2.2305622236260256,1.1866348206118507,1.9081262858047154,0.9140906190172315,4.578715296679368,1.361326595072648,1.1866348206118498,1.487252729862319,0.6039412751874631,0.6048798640932994,0.3472895316540561,0.6612217394500203,0.5764152480170036,0.5300400232469524,0.4147958075062984,0.049272690944464737,,0.3954348223735833
1100,swept-sweep-913,run_4242bd3b486fa82947607e77cb0f6194,0.5728142857551575,1.413848117421825,4.393277082199238,2.151459254579911,1.2363756479317003,1.8016537426808035,0.9164645820038304,4.277163854109963,1.2484649399873649,1.2363756479317007,1.4283510049058399,0.5820439197985553,0.4819830460767515,0.3104035373367813,0.6275887840613014,0.4772910498282058,0.5360508052851106,0.40181541224170414,0.06459026386607389,,0.40150560951016784
1101,solar-sweep-914,run_8b62fc3d446b279e6295c867e82825a1,0.771155059337616,0.7051818761965538,4.569569951007077,2.432912192040429,0.6140258156316698,1.9061006488368408,0.5149585194639444,4.468644529123572,2.1437271004421974,0.6140258156316691,1.3618847918974515,0.7631899169586207,0.4000021647971918,0.649101139737573,0.5851554667995837,0.3948108069419997,0.7645862505664285,0.22415485079649644,-0.36766123304464404,,0.33886223728293025
1102,flowing-sweep-915,run_31d9aa4c3bc516ef218647bbf2ce7039,0.43178045749664307,2.541174218251436,7.593413173652695,4.577321541377132,0.0,2.844908213324893,2.541174218251436,7.593413173652695,4.577321541377132,1.6010501526376075e-15,2.844908213324893,1.0,1.0,1.0,1.0,1.0,,,,,
1103,sweepy-sweep-916,run_9b1b1ebc6c74c82543dc06b5f095cd4c,0.536694347858429,1.546164645820038,4.576456178551988,2.3258117498420714,1.1442067283260493,1.879355910745371,0.9056541161455012,4.475040827436038,1.2896272899557806,1.1442067283260484,1.4492245608482348,0.6275325612405118,0.5251436457305781,0.35588209941576476,0.6682384358365892,0.5428732852134288,0.5252624211541769,0.39727593484682666,0.04985272483681755,,0.4043060370123611
1104,light-sweep-917,run_214479be705391a9e2d4ec440c61a343,0.6017868518829346,1.3019655392469685,4.773462166575939,2.578079595704358,0.8494613273706678,1.7154257002690296,1.0816464582003822,4.7195699510070765,2.2444093493367006,0.8494613273706685,1.3531611014401002,0.5505955499115699,0.42578523980463173,0.4446880886249721,0.664081509448121,0.4547275217343486,0.5600826628066694,0.34571064188375294,0.011898327232389067,,0.4301159382274143
1105,genial-sweep-918,run_a0a1dd9e9c9248dfdfb9858915e1629a,0.6015315651893616,1.3280280791320993,5.054218835057158,2.2071130764371443,0.8070027441813192,1.850981167906314,1.084275686024251,5.02041371801851,1.8146178142766891,0.8070027441813183,1.6259455610064883,0.5437375915629974,0.5064284252889641,0.4318679564537241,0.6959670840208858,0.5044592451778683,0.5386843778395312,0.4064086786757571,0.03947509557118045,,0.388288482139919
1106,celestial-sweep-919,run_5b926ec39901fa1c9f2a4ac19f5bb567,0.6349712610244751,1.1997830248883212,5.087534022863366,2.2763992419456724,0.6737015956906189,1.8368175344200028,0.9771665603063165,5.045400108873164,1.873998736576122,0.6737015956906194,1.6196154454818792,0.588380079176412,0.4875128990571726,0.4173337483638221,0.7011311663206509,0.5029567690634558,0.588105072205132,0.3723883943647634,0.0063595363285028905,,0.38632095316958787
1107,driven-sweep-920,run_1d48b85d870c41fc3536398b68c1f8b9,0.5844288468360901,1.3183663050414802,3.9491290146978777,2.025230574857864,1.4390893383473928,1.632789998417471,0.9264326738991709,3.8325258573761576,1.4173973468098529,1.439089338347393,1.0577702168064567,0.5856453199558604,0.45542049900220666,0.3442941289148549,0.5409585778854016,0.42837896380534246,0.563279113108662,0.4126571234404705,0.06074969782196307,,0.48773053590850074
1108,peach-sweep-921,run_c1ca5ddb09ba3d56aa093ef00c7d9d07,0.679770290851593,1.020625398851308,5.111703864997279,2.354605180037902,0.9534962902734017,2.0514598828928627,0.8140906190172289,5.059281437125749,2.0453316487681605,0.9534962902734025,1.7268673840797588,0.6389737183121835,0.47078137542048876,0.5706565463078249,0.5938621197796423,0.43417149603021377,0.6441007047487652,0.2442766962293819,-0.2193386278703935,,0.2627327205550918
1109,worldly-sweep-922,run_66663bdec313f29f2c86af32cefb23af,0.5382258892059326,1.4021825143586468,4.6408002177463255,1.9464181933038527,0.8704034962902734,1.8074418420636174,1.0019783024888331,4.582498639085467,1.3604548325963357,0.8704034962902736,1.4904692198132612,0.5059475197671891,0.480755665970575,0.38382897551320116,0.597732757596939,0.45160068166589334,0.5379061224734853,0.3903424150019753,0.04692019142554557,,0.3838526660165203
1110,rosy-sweep-923,run_39d1374e71c228c8dd8f4fa8fcdc1f12,0.5652839541435242,1.4231525207402678,4.923707131192162,2.641920404295641,0.7505539180811057,1.6061362557366667,1.1265603063178042,4.8752041371801855,2.254150347441566,0.7505539180811057,1.2287743313815467,0.5383242932047938,0.48553664040945854,0.4702973853079207,0.7234460780042917,0.4621056145001607,0.5317354473101477,0.3933854870137725,0.07867557614644946,,0.47738092644216445
1111,trim-sweep-924,run_40c3fbaaeff5740a6bd4b575b7faa726,0.5678366422653198,1.3511933631142308,4.252286336418073,2.232861655085281,1.243673137513975,1.7424473809147014,0.8535800893426929,4.140092542188351,1.5641945672773214,1.2436731375139747,1.1109234056021522,0.5790306935460324,0.4433408973091184,0.35165964307377967,0.543221023250658,0.41446976791273504,0.5734521685209908,0.37721937457994775,0.03836610908085836,,0.4422199636865893
1112,iconic-sweep-925,run_e0a960372ccfbc3511ba04ed862663e2,0.5788130164146423,1.3136311423101465,4.615215024496462,1.9522299431459247,1.1033235084866346,1.8291383130242127,0.9458200382897246,4.526047904191616,1.315615919140872,1.1033235084866344,1.4430170913119162,0.526455954221636,0.43412095024451364,0.38012961721418764,0.5852329853327355,0.4276858779992671,0.5526375370926984,0.37051025681126476,-0.003587126068847729,,0.3734043756281622
1113,earnest-sweep-926,run_d3928ec300a0f3fcd16915341a557780,0.6308870315551758,1.1703254626675172,4.796216657593904,2.0629816803537584,0.549141172883423,1.8476024687450543,0.8525973197192085,4.737425149700599,1.54936197094125,0.5491411728834235,1.528279791106188,0.5995295316546336,0.4672316516895558,0.38921750790154197,0.6660089344501334,0.457533606033472,0.6075021200617433,0.34407314179202886,0.005242306165088001,,0.3652272657998561
1114,swept-sweep-927,run_7cfa42c2645e997672c3564ee2ebd415,0.5438417196273804,1.4544479897894063,4.574414806750137,2.0854327226784584,1.2149252972863096,1.8505064092419685,0.9088194001276322,4.489167120304845,1.2392545799115597,1.2149252972863092,1.4915176451970236,0.5928082389039457,0.519197594630021,0.3191783992593302,0.6449453497337996,0.5429610917007228,0.5462531793980929,0.3968049478948913,0.055343144337498984,,0.4092213231065258
1115,warm-sweep-928,run_24c7359c58cfc4ca6c477ad7b4fe44c2,0.6311423182487488,1.1776132737715377,4.722836145890037,2.076942514213518,0.8697377782294947,1.781029435037189,0.8605743458838538,4.670413718018508,1.563613392293114,0.869737778229496,1.4787268555151127,0.6142676636699913,0.4520956980786246,0.4186061360661495,0.6480162433181632,0.45256868502862035,0.604101228878098,0.38187860260501605,0.02669173292365637,,0.3918678946503861
1116,vocal-sweep-929,run_48a63f13ae42a41e9ee83af73e11e96f,0.6005105376243591,1.263777919591576,3.8497278170930875,2.093771320277953,1.2072212623234067,1.6375257160943184,0.8945883854499048,3.7492923244420244,1.4887049905243186,1.2072212623234087,1.0883565437569225,0.5915389201727139,0.39543727225019243,0.35698224946524915,0.5473959499445527,0.43366168019011064,0.581433975836101,0.4428987249274586,0.05482361088335075,,0.48893091332848515
1117,toasty-sweep-930,run_857a11a77bcc9730ff1ffca6b308b2b8,0.5841735601425171,1.328398213146139,4.709989112683725,2.258761844598862,1.0589084256530135,1.943614495964551,0.984479897894065,4.598775176918889,1.67811749842072,1.0589084256530146,1.60598987181516,0.5341743431214341,0.4221436740789322,0.3909925613766242,0.6163888127588402,0.4546732994365626,0.546674298669287,0.29597127206567153,-0.0013543006843895478,,0.3383109615209242
1118,confused-sweep-931,run_b93556db50cff62c07b195eef1ed399d,0.555456280708313,1.3352393107849392,4.788323353293414,2.5929627289955777,0.8309228580140257,1.5934245924988129,1.0666751754945751,4.75402830702232,2.318054327226783,0.8309228580140262,1.194769742047792,0.5366991077865219,0.5013584720350361,0.44631931807298153,0.583466573121168,0.45434766392061,0.5794368215454251,0.3774075472494018,0.03505730405106619,,0.48927061681997547
1119,likely-sweep-932,run_8c6a1406f28ffa2f8596aa37f2a3742c,0.6202935576438904,1.2406126356094445,4.597904191616767,2.0793430195830696,0.9989582274621402,1.8249683494223767,0.8500574345883853,4.520985302123027,1.4509412507896395,0.9989582274621418,1.4647689507833523,0.6118220787340156,0.5100614852446816,0.35380295629409697,0.6488591828415154,0.48668534798902985,0.5839718787638397,0.3733581788545023,0.01767431245692322,,0.391276211526881
1120,blooming-sweep-933,run_e85248a74ce32b425f947177c2957ffc,0.6130185127258301,1.2730440331844288,5.244637996733805,2.4911686670878077,0.7048887082020531,1.877630954264915,1.0097638800255269,5.180947196516059,2.0109665192672144,0.7048887082020527,1.6006804874188956,0.542766972181902,0.5349965602851205,0.4195734763592248,0.7291504594509582,0.4987517603227233,0.5621572822468388,0.3008661914940833,-0.018521864762432755,,0.3803761336724732
1121,good-sweep-934,run_cccda174d248647c82ca040393e2a3d7,0.5243139863014221,1.5016209317166556,4.4465432770822,2.132444725205306,1.2735694684419145,1.8968863744263331,0.9771282705807272,4.331899836690257,1.3139987365761208,1.2735694684419154,1.3645632220288022,0.5280418843645333,0.4886546666789604,0.3201902755163937,0.5860326339906444,0.46883881056479726,0.5203116078564329,0.3922310731350253,0.035185627081837534,,0.3849697343245103
1122,ethereal-sweep-935,run_93842027229755ea0b940ad8c579f3ff,0.6109763979911804,1.2636119974473514,4.802449646162221,2.523070120025268,0.7757241589592437,1.6813894603576514,1.0306573069559657,4.7451279259662495,2.1867214150347443,0.7757241589592428,1.3315160626681433,0.5590524419232441,0.445129661519843,0.4337413402292245,0.6788109623909275,0.4642545368733533,0.5778085271539641,0.35595723660627077,0.030351834604859657,,0.4380578730748319
1123,peachy-sweep-936,run_12b3900bdd7c8b55623efb8c372fb8a6,0.6015315651893616,1.282310146777281,5.041072400653239,2.2854074542008833,0.9043042992174002,1.8903821807247978,1.061072112316528,5.0043277082199245,1.8194314592545797,0.9043042992173987,1.6583676214590908,0.5206943270734525,0.48950826150301197,0.4260565718481627,0.6496983477197371,0.4964757911719794,0.5462938280945311,0.3364333553329704,-0.022275769588810085,,0.3601369597498154
1124,super-sweep-937,run_c8eed42dac119d82c11a35b7eb8ca651,0.5229099988937378,1.4872750478621566,5.5598802395209574,2.2993935565382175,0.8872243114137616,1.7967874663712609,1.3319719208679004,5.55057158410452,2.131724573594439,0.8872243114137625,1.638051906947302,0.5426936819413325,0.5873168409706265,0.5295918334769978,0.708208394203566,0.5551115458398325,0.4842982722558943,0.3848231900998303,0.04418813113175929,,0.40368874607835453
1125,stilted-sweep-938,run_fcd070cdd9620b7b6c6d142bffe828da,0.577919602394104,1.3803190810465857,5.143957539466522,2.268035375868603,0.8881136294338855,1.8514321886374425,1.1588513082322907,5.09006532389766,1.899418825015791,0.8881136294338855,1.6472622250356068,0.5012404377587989,0.507640377581879,0.4002542859879322,0.6753651418478523,0.5227053326863859,0.5150287127934837,0.3655306425436598,0.018011229761029146,,0.38519184000026196
1126,fine-sweep-939,run_e05ee36de4adbac0f58b9474e40c6b3f,0.5535417795181274,1.4734524569240586,5.145998911268372,2.785887555274794,0.6774113222888504,1.6457113467320776,1.2421059349074668,5.103375068045726,2.502931143398609,0.67741132228885,1.3609273619243556,0.5616160445286882,0.5315056227403461,0.4977192478370527,0.7596556415342484,0.49303250690656053,0.522982396283328,0.34520896350807645,0.07499162252115943,,0.47088800918700013
1127,valiant-sweep-940,run_d8eb2561fc5cc34d89a8a6419c31236a,0.5975750088691711,1.3271091257179322,5.352885138813282,2.4983196462413138,0.694765728224413,2.0084586168697576,1.1033439693682199,5.2965432770822,2.080833859759948,0.6947657282244124,1.772242443424592,0.5089635481009435,0.5448965369998391,0.4236623248092456,0.7072785781361358,0.5257638021256912,0.5424335152441759,0.2946765374026329,-0.006163649378905817,,0.3240136793513666
1128,distinctive-sweep-941,run_ba66ef8edea6850ebf25893917693cee,0.5520102381706238,1.4327632418634328,4.820740337506806,2.1524320909665184,1.1447809736761867,1.8696747903149231,0.9670835992342054,4.750680457267284,1.4597094125078964,1.144780973676188,1.5430883051115682,0.5531479128916851,0.5328407746145302,0.32628499824410173,0.6412445803432998,0.5405714462589861,0.5405079775597953,0.39778623475066416,0.03592676433721528,,0.3936228057534746
1129,denim-sweep-942,run_82dc6dfb114468beea5c3558f9cbe612,0.619144856929779,1.2969495851946393,5.427408818726184,3.316500315855969,0.42900701290781573,2.051384712771008,0.9808296107211228,5.360288513881327,2.895034744156664,0.42900701290781595,1.4757635701851557,0.6577774231365459,0.6186731328918673,0.6412361523481148,0.6700590263417905,0.5552393852703917,0.596832496673178,0.28047060966416326,-0.09914878939882998,,0.3562777299180915
1130,fallen-sweep-943,run_fff51bb841fac4c614c873ca7fbb6bb8,0.5497128367424011,1.4586088066368854,4.513826891671203,2.0479848389134547,1.2594572619168614,1.86844833043203,0.8585322271857035,4.425149700598802,1.057056222362602,1.2594572619168611,1.4346850767526507,0.5726358465655318,0.5777898622241682,0.32696708488969767,0.6299245422393278,0.5226835897541011,0.5420902280111601,0.43231135822647704,0.03459485625471187,,0.3941455139369838
1131,legendary-sweep-944,run_fd2654ce57b9b3e0e130169004159cb6,0.4557753801345825,1.745781748564135,4.320005443658139,2.0874415666456088,1.626435613375343,1.9616355435986705,1.1875175494575623,4.221039738704411,1.2438787113076444,1.6264356133753428,1.3669291027061239,0.4513982093100385,0.4596463999794242,0.34889410337451715,0.5205084747561035,0.4271358370672811,0.42688142506578397,0.35292473265491353,0.05499287652322593,,0.3490323508518205
1132,stilted-sweep-945,run_d6bf19bd70703ab3102e217a976952a5,0.5952776074409485,1.3281812380344606,4.174632553075667,2.4183954516740354,1.0638886065657078,1.6996478873239431,0.9500319081046594,4.0526401741970615,1.8405053695514841,1.0638886065657092,1.1127749643931004,0.5886922616280874,0.4429262889816661,0.40850365546084344,0.624724643263311,0.413377057712817,0.5607242926506074,0.3792681942010949,0.05056202740328278,,0.4572884983315364
1133,solar-sweep-946,run_d1229f7643027f4ae041375bea120e05,0.5957881212234497,1.2959285258455646,5.24714207947741,2.3191408717624755,0.7870464478097368,1.8152516220921027,1.1084620293554563,5.218726183995645,1.9592419456727725,0.7870464478097368,1.6276744738091475,0.4950434050457369,0.5258774538462712,0.4216205344315679,0.7069320070236986,0.5145854617624318,0.5479576364706578,0.367243999807149,0.007671466345544137,,0.39999511592059694
1134,avid-sweep-947,run_5182d1dfcb75912dd725334775cac0df,0.43178045749664307,2.541174218251436,7.593413173652695,4.577321541377132,0.0,2.844908213324893,2.541174218251436,7.593413173652695,4.577321541377132,1.6010501526376075e-15,2.844908213324893,1.0,1.0,1.0,1.0,1.0,,,,,
1135,swift-sweep-948,run_48ea49da3385264917e716e01a26a25d,0.5345245599746704,1.5607275047862157,4.489085465432772,2.0581301326595067,1.412536843175119,1.923864535527773,0.9652456924058713,4.410696788241699,1.1286418193303838,1.412536843175119,1.457912644405761,0.588881721856097,0.5586564345587547,0.30087794911087695,0.6097649373335939,0.5251528783807171,0.5031295534265997,0.43297470279774736,0.05951112726180485,,0.37776379488746215
1136,rosy-sweep-949,run_273752f90b84ed2559ff856818d194d9,0.5993618369102478,1.2493554562858964,4.264915623298857,2.1459001895135814,1.037762984043094,1.6340401962335809,0.9465603063178051,4.179667936853566,1.6975742261528737,1.0377629840430949,1.1447301788257633,0.5681571076627171,0.44783614404635835,0.38878427992210196,0.5884417576562986,0.42466649462409756,0.5806516349794474,0.4001216340053544,0.05670400362664091,,0.46424868104887007
1137,dazzling-sweep-950,run_3ce3ad85ac2bccf5442a9f3bf5b50a3b,0.6049776673316956,1.289559668155711,5.048067501360915,2.5534301958307006,0.7164498424636649,1.704514163633486,1.123229100191448,5.011812738160044,2.299987365761212,0.7164498424636665,1.4308395315714504,0.5406740215888912,0.47610112706140767,0.43865929189413533,0.6826975495663186,0.503634114865655,0.5600704608215578,0.3088258337469903,0.01764451278846696,,0.42929553656451364
1138,dry-sweep-951,run_2b1b483799df3ef6aca2441646e76b9b,0.43178045749664307,2.541174218251436,7.593413173652695,4.577321541377132,0.0,2.844908213324893,2.541174218251436,7.593413173652695,4.577321541377132,1.6010501526376075e-15,2.844908213324893,1.0,1.0,1.0,1.0,1.0,,,,,
1139,rare-sweep-952,run_c3a80b9a4484b647e725b293cd618865,0.5671984553337097,1.3689470325462665,4.8986118671747425,2.0977511054958935,0.6574296168309787,1.8747111884791896,1.0689087428206756,4.838350571584103,1.6502590018951353,0.6574296168309777,1.6015350530147185,0.5215599076681939,0.47386113166467886,0.43015787121284677,0.6236626554618874,0.47430576435520777,0.5319291250373355,0.34930047261545,0.05024778303872213,,0.3542927234077285
1140,misunderstood-sweep-953,run_f0b1d420c4d59dc816c3308e9de1942c,0.596936821937561,1.3152648372686662,5.103728905824714,2.1712697409981043,0.9393129383067385,1.8814092419686659,1.0287811104020421,5.061105062602069,1.6602147820593807,0.9393129383067387,1.6486113309067887,0.5484081869388202,0.518284597669927,0.4031859975098171,0.6834323403875582,0.5127012138815231,0.5481440174403462,0.37650840012950315,0.02028001194574844,,0.3705059273248194
1141,driven-sweep-954,run_1440b6387b5f570ad5336d2d85fd0a2c,0.5880025625228882,1.2580089342693044,4.808845944474688,2.254162981680353,1.0297286309584308,1.55642902357968,1.1447479259731974,4.788268916712031,2.097927984838912,1.0297286309584313,1.3738368412723532,0.595021096251836,0.5583473740587973,0.5572909682980558,0.6282347051023308,0.6210936840387682,0.5691414328108597,0.3686514787991215,0.04888399708590113,,0.46415203260473914
1142,clear-sweep-955,run_e9fc6e0aebe59eee8ebff5edca286108,0.7244415879249573,0.8781876196553924,5.255307566684812,2.5114213518635493,0.5881237930684012,2.0446827029593284,0.7107083599234201,5.196516058791507,2.2630701200252687,0.5881237930684001,1.745727172020889,0.6901013282986246,0.5001941786432397,0.6463327267503113,0.6034187182360506,0.4491321077238128,0.6957505588028536,0.2360207650716153,-0.3507059501029586,,0.25420573421724385
1143,ethereal-sweep-956,run_eac3b967c10ea366bfcb83d889253cc4,0.5826420187950134,1.3421186981493294,4.72025040827436,2.050309538850284,1.1323203577599348,1.7721000158252884,0.9550095724313974,4.657049537289058,1.4137586860391658,1.1323203577599363,1.4549849659756298,0.579010858561867,0.5199904702417703,0.3813753471889666,0.6513602993845127,0.49964755719768716,0.5573526176330453,0.42331678094335523,0.05842206561296845,,0.42473360907969226
1144,golden-sweep-957,run_e96b2600c3df4d0c9463252d879fdab0,0.5983407497406006,1.2764518187619656,4.30726728361459,2.227706885660138,1.1374885659111698,1.695046684601994,0.9178302488832162,4.205362003266196,1.7001010739102964,1.1374885659111698,1.1277575565754074,0.5732048603252814,0.4187184442580975,0.3731617341889346,0.5875143864738813,0.4035289157591628,0.576642008703985,0.3481922522857652,0.03640511096664864,,0.45373501415344786
1145,young-sweep-958,run_c09a74d6bf0fcce2357bfbbb27aa4e6f,0.6042118668556213,1.2868283343969367,4.912629286880784,2.166557169930511,0.8602601890436018,1.7345861686975785,1.0088449266113593,4.876374523679914,1.7244977890082123,0.8602601890436024,1.4534340876720988,0.5676608048285161,0.5150446848514282,0.40962966510232096,0.7051158139282038,0.5164958094502639,0.568689247435749,0.42013507077957557,0.05112204793069991,,0.4419382882642284
1146,fallen-sweep-959,run_7d53b62c586d3d7b3cf962504dd4a404,0.43178045749664307,2.541174218251436,7.593413173652695,4.577321541377132,0.0,2.844908213324893,2.541174218251436,7.593413173652695,4.577321541377132,1.6010501526376075e-15,2.844908213324893,1.0,1.0,1.0,1.0,1.0,,,,,
1147,smart-sweep-960,run_94bf4ced3d6069f0501a9009b55dd3a4,0.5555838942527771,1.4208168474792595,5.116004354926511,2.4170814908401765,0.9382610021343631,2.018313815477132,1.11572431397575,5.041535111594993,1.977927984838913,0.9382610021343623,1.690089412881785,0.4776193780154609,0.47727321549233914,0.41995578329023403,0.5752705280516939,0.4764108323912064,0.5152917905932196,0.30072656131969633,-0.02965689357552581,,0.30702717109295163
1148,restful-sweep-961,run_fc7ef8111a49f8ef707fe8f7a7e6b8a9,0.5263561010360718,1.482922782386726,4.214697876973326,2.022084649399873,1.3813853033844903,1.6566110144010129,1.0376898532227186,4.12406096897115,1.4244851547694248,1.3813853033844896,1.0656551669567973,0.5260364593535487,0.4343949311727439,0.3593236599304026,0.5572463257877869,0.43317715398606477,0.5218735839591655,0.41601826366074396,0.10207374956429802,,0.47307952350495286
1149,resilient-sweep-962,run_3345ddca41242fcf9e41734e17079d6f,0.6588385701179504,1.1215571155073385,4.912193794229723,2.6144914718888184,0.8609614798251854,1.890053805981959,0.8442629227823875,4.840174197060424,2.2300063171193933,0.8609614798251862,1.3899192910270621,0.6441591324638409,0.45179506727112956,0.5117180665964307,0.5335537970900531,0.40650620707822716,0.6217397039593107,0.2701379868252185,-0.1515439665145464,,0.36919105792156337
1150,whole-sweep-963,run_608b8856f8f7082ad2aceead11398ca1,0.6042118668556213,1.3072112316528395,5.062248230811106,2.672368919772583,0.6604126435613374,1.804146225668618,1.1133120612635607,5.008356015242243,2.409109286165509,0.6604126435613358,1.5088225985124228,0.5537779379060698,0.4775979340601107,0.4668365099128436,0.69240027743877,0.48511059847127797,0.5489908479952925,0.28202932035036815,-0.025948952438886674,,0.3885712581287359
1151,swift-sweep-964,run_42dbe24385d038bce3b13e4c02488855,0.5164007544517517,1.666726228462029,4.526320087098529,2.1548199620972834,1.412917979469458,1.943586801709131,0.9655647734524558,4.4415623298856834,0.9599494630448526,1.4129179794694586,1.4249366988447538,0.6087136862943233,0.6464050389583625,0.34112217859081184,0.6245159752695735,0.5686012337714238,0.4801160320305878,0.4467367254382253,0.05920500592123129,,0.3794978813243132
1152,gallant-sweep-965,run_2a953618babb63f38e99be045ea75e9d,0.5729418992996216,1.3478493937460112,4.325258573761568,1.9338218572331012,1.340766338042484,1.8302500395632217,0.9462667517549451,4.203266194882962,1.1970309538850274,1.340766338042485,1.425613229941447,0.535676902803923,0.4377424484392573,0.3742433674935351,0.5761417515071047,0.42791135627694604,0.5435125544829547,0.3757572099443979,0.002243767529046814,,0.3894673402535312
1153,drawn-sweep-966,run_8a625c8be055e7e157aff3fdc5de4d76,0.7623484134674072,0.7349202297383534,4.6118943930321175,2.358711307643714,0.6096147982518547,1.9814646304795056,0.5665220165922153,4.547713663581928,2.1168540745420077,0.6096147982518536,1.5417194176293705,0.7464582688689037,0.39079639089864965,0.6502806244612584,0.6630485614340045,0.40616686718138,0.7508751846429345,0.18409543141943494,-0.3588863672806798,,0.2875193986189095
1154,glad-sweep-967,run_9fcd7372d59532fdca418f2577256525,0.6019144654273987,1.2650542437779195,5.120195971692978,2.262552116234996,0.8828742758410406,1.860828453869283,1.0628844926611358,5.081491562329886,1.8589892608970298,0.8828742758410403,1.676384712771008,0.5165292599089075,0.4874582233318116,0.42877629856654853,0.6645807858242899,0.5165125038091408,0.5603105007950737,0.3478483217032476,-0.012659031859032305,,0.37172433170082886
1155,hopeful-sweep-968,run_b94b389fb0738477054457b5dacb6e7e,0.5640076398849487,1.4711040204211867,5.466031573217201,2.4866077068856596,0.7015092997255818,1.9623476815951886,1.2562986598596042,5.446434403919434,2.184838913455464,0.7015092997255803,1.7891557208419064,0.5389891921415295,0.5448574655067054,0.4284650256999649,0.7367011195482884,0.5610484271108805,0.5042650658394001,0.37548423026606587,0.03669141791645347,,0.3619116666164471
1156,graceful-sweep-969,run_a7933ab8b4318e4f4b8b50700bcbce91,0.6227185726165771,1.193554562858966,4.865323897659227,2.138382817435249,0.8204644780973676,1.80788495015034,0.9318825781748563,4.804082743603703,1.7006696146557154,0.8204644780973669,1.5606306377591388,0.5792975242390337,0.46908384180413293,0.4344753056859177,0.6584203499852115,0.47020643437176657,0.5940495067169301,0.36587169993131885,0.015768309408370873,,0.383591661301769
1157,desert-sweep-970,run_de0a742c9c8b980e4e2c3bbb07f8f008,0.5849393606185913,1.318978940650925,5.183941208492106,2.252053063802905,0.8795253582681165,1.8849501503402435,1.1161199744735157,5.1540555253130105,1.8987618445988614,0.8795253582681168,1.676649786358601,0.5094905938301539,0.4930612403913335,0.42305669954985153,0.6628594211471147,0.506876462141207,0.5379145162214294,0.34167717017677596,-0.002792035169599666,,0.36636127427860843
1158,revived-sweep-971,run_127abd7313d635b0dfbc08d18b25f2b4,0.5660497546195984,1.3674282067645178,4.53927599346761,2.20945041061276,1.1179286512856996,1.9132734609906628,0.9302361199744731,4.411894393032117,1.3859254579911549,1.1179286512856996,1.4817178351004898,0.5175309981997319,0.4290144694184952,0.347999553044089,0.6296595361563129,0.4389025168916165,0.5484982709533149,0.3415185266899854,-0.009582644941210944,,0.35969495897699433
1159,likely-sweep-972,run_5c07bb6e4fe04a988332dd83ab6a4856,0.5897893905639648,1.3147415443522654,4.112955906369081,2.2097915350600124,1.1713792052037808,1.7090916284222184,0.9152265475430763,3.986554164398475,1.594339861023373,1.1713792052037821,1.1062668143693628,0.5776932503759575,0.44215899462541897,0.3514791048111611,0.5931343769619226,0.41237404317063214,0.564062790222605,0.36555392377478946,0.032769699650313594,,0.45248842583273635
1160,wild-sweep-973,run_3a4d64de3b572872410b97c539497d32,0.5042756795883179,1.6524313975749838,4.417637452367992,1.9369930511686668,1.7138886065657075,1.9163831302421264,0.9866496490108477,4.32651061513337,0.8318888186986731,1.7138886065657086,1.3846296882418105,0.554925255430695,0.5705964537179553,0.27478051272228077,0.5365291138238946,0.49561400741082723,0.4779743848689938,0.4304421422470311,0.045299442958875114,,0.36547251935350766
1161,glowing-sweep-974,run_9cddb96586064dd029cae5eca51d88f2,0.5859604477882385,1.361863433312061,5.236744692433317,2.260644346178142,0.8112358979571095,1.8068721316664027,1.1231652839821322,5.207838867719109,1.9069740998104843,0.8112358979571092,1.60825684443741,0.536095344619209,0.5205489520268608,0.4409022124317594,0.7152325167180514,0.5297540200082043,0.5380280900150919,0.3933785797125267,0.02971618969187942,,0.41432955105741637
1162,bright-sweep-975,run_ebf813adddb73d1433515d782639672f,0.5865985751152039,1.3506190172303763,5.382852476864453,2.3746557169930504,0.7771318223396686,1.9336643456243072,1.1047989789406498,5.33826891671203,2.0265571699305123,0.777131822339667,1.6522274094002218,0.5140080719034095,0.5203233275876356,0.4381242218178335,0.6022233470596434,0.4803556016843023,0.5246963443372064,0.27227554381448893,-0.034902223644154934,,0.33325358314411935
1163,lilac-sweep-976,run_736f4a62294fb40e938406f848e8d505,0.6114869117736816,1.1798213146139116,4.6248502994011975,2.4179406190777,1.2295456855371478,1.8058078809938278,0.8825398851308235,4.548421339139902,2.014061907770056,1.2295456855371476,1.324188953948409,0.6256425519331901,0.46926406186540986,0.4364599495578329,0.5218845665028536,0.41779500305473116,0.6247257396644867,0.2904193933517583,-0.07950841123147626,,0.3888593952884183
1164,lively-sweep-977,run_0b762c1afa5b8b608fa175f11b1c09ce,0.6148053407669067,1.23111678366305,4.370141535111595,2.4951863550221094,0.9511129179794693,1.7064369362240859,0.8752520740268025,4.279504627109417,1.9541882501579266,0.951112917979468,1.2036675106820682,0.6041145445493309,0.42122595171915383,0.4189316157456182,0.6387331476713362,0.4383726453540529,0.5996912889292074,0.37405311585016354,0.029412662212514207,,0.44801386722389236
1165,daily-sweep-978,run_5719c475e4e17a8fe0eeb83a9af3a9d7,0.6190172433853149,1.252469687300574,4.930865541643985,2.6834491471888815,0.7308212216688688,1.769639183415097,0.9829865985960428,4.874033750680458,2.291130764371446,0.7308212216688699,1.3150102864377269,0.5793971999940092,0.4829769965945983,0.4788968170354053,0.711363632224401,0.43623810327318624,0.581036135607131,0.32899212198317623,0.005724242019538611,,0.4272172243779118
1166,lyric-sweep-979,run_85dd30c4b72b265e9ffbed0d445671c0,0.5839183330535889,1.3563624760689212,4.257838867719108,2.2567530006317114,1.1815377579022257,1.6179181832568441,1.007849393746011,4.15789330430049,1.7189387239418814,1.1815377579022266,1.0496320620351318,0.5675935894307089,0.440902452565338,0.35867286019857614,0.6038192474488092,0.438684878343185,0.5445256999772434,0.40925522005030995,0.07862426201060146,,0.48178916170376523
1167,major-sweep-980,run_0baf2baa36dab1b1c656fb2ce7493c6a,0.5864709615707397,1.3153669432035735,4.618263473053892,2.1620467466835116,1.078046549446082,1.8274608324101913,0.93836630504148,4.513418617310833,1.44792166771952,1.0780465494460814,1.4330075961386288,0.549767719364614,0.4261961772022051,0.3689565175749449,0.641641681444502,0.442588991146474,0.5560064159717484,0.3436816312801725,0.012253975052504917,,0.39551760139261194
1168,earnest-sweep-981,run_0c51d878a11675c909b57232afab5c9d,0.5703892707824707,1.3547670708359922,4.510016330974414,1.9753253316487678,1.1461124097977435,1.901993986390251,0.9391703892788766,4.402721829069134,1.208831332912192,1.1461124097977433,1.4594714353536948,0.519536019734061,0.4054300455935354,0.3619828879736935,0.5758848287715175,0.4243171784381161,0.5406851889281109,0.34730545517078654,-0.004560018052113757,,0.3574149066708951
1169,noble-sweep-982,run_80ef7a3227267f4fec500350f0a21a39,0.5363114476203918,1.5465092533503508,4.675204137180187,2.3407706885660136,1.1484195548328082,1.882888906472543,1.0420038289725582,4.594855743059337,1.5877700568540727,1.1484195548328076,1.5295972463997467,0.5831587416332795,0.44724191745355596,0.362696900041503,0.6547197321228732,0.508801223423805,0.5039448584194606,0.3849987359908381,0.04440568376556414,,0.38955883253888424
1170,ethereal-sweep-983,run_8c1122f9f71927b1870fe7476e895dfa,0.5670708417892456,1.404045947670708,5.216712030484487,2.304320909665192,0.864533997357455,1.8731800917866746,1.1237651563497115,5.169678824169842,1.8677068856601373,0.8645339973574541,1.5817732236113289,0.49738171994353214,0.5105120233922854,0.40517000287328797,0.6205738887919057,0.4863619004526413,0.517285216949007,0.3372566288192609,0.005465733059289185,,0.3730974447449593
1171,misunderstood-sweep-984,run_f7ccb6180fdf8afb56e4db14a81ebd97,0.5803446173667908,1.3740140395660494,5.035410996189439,2.185180037902716,0.9550818172578514,1.9022392783668298,1.112801531589024,4.995726728361459,1.7687807959570434,0.9550818172578508,1.7151606266814379,0.5383788653389057,0.49662701698438455,0.43784088369568686,0.7004597889454645,0.5428956495483817,0.5327375998024957,0.3838149809150756,0.046876335215255055,,0.3776211907724145
1172,different-sweep-985,run_1ffaf95bc6ef7fb2c645a4340ca73766,0.5502233505249023,1.4775494575622206,4.463581927054981,2.1044598862918504,1.219976623640614,1.7977172020889378,0.8584045947670701,4.3557974959172565,1.0501452937460514,1.2199766236406144,1.348856622883368,0.6076919999756366,0.5228427547025815,0.2900983303004182,0.6574285445925521,0.5012632218654862,0.5425311449784016,0.42612586484015064,0.07530736187128531,,0.4184698385791734
1173,cosmic-sweep-986,run_0160ec46c165c221f750c3773b1a74b3,0.5742182731628418,1.444479897894065,5.430430048992924,2.5179911560328483,0.693124301250127,2.023975312549454,1.2416209317166544,5.406913445835602,2.207188881869866,0.6931243012501259,1.856338028169013,0.519170726662753,0.5509385355009755,0.4281457714778278,0.7392696269388243,0.5933848261195627,0.5115216174605368,0.3838427644611197,0.04108659279822777,,0.34771403557022507
1174,mild-sweep-987,run_cc073af475c6726efd7e35ad9d126049,0.7523931264877319,0.8148564135290363,5.5627925966249325,2.763878711307643,0.4917013924179286,2.1356662446589647,0.7346777281429477,5.534866630375612,2.6111054958938715,0.49170139241792765,1.9166125969298935,0.7067881213539406,0.5359604667542351,0.7111197841841459,0.6284508120968533,0.5143130093423492,0.7205706052778122,0.23527151748722464,-0.41877632840277607,,0.2436480764547174
1175,likely-sweep-988,run_1270565df9c6f6e43f3a64a47294eefd,0.55520099401474,1.4566687938736436,4.665487207403376,2.4336449778900815,0.8101128163431242,1.6862082608007594,1.1014932992980215,4.575830157866086,1.9535565382185707,0.8101128163431252,1.1841509732552615,0.5385691182353668,0.4436565980369594,0.41403649075759025,0.6730334329391267,0.4216680535906127,0.5199286305222157,0.3620134225918793,0.07316218518848006,,0.4535417517099928
1176,magic-sweep-989,run_c13dd2a844512d49f1122e59d9d82abd,0.6010210514068604,1.3018506700701975,4.753293413173654,2.1320277953253313,0.8657841244028863,1.8102468745054592,0.9570134014039567,4.673434948285248,1.5212381554011365,0.8657841244028849,1.4981167906314277,0.5708002230244807,0.5190602939162208,0.3407084251189222,0.6745553996000915,0.4896897709755108,0.5607155243227129,0.378687732471462,0.03444221723289562,,0.4006562170678478
1177,laced-sweep-990,run_887eabff4b198caae6a877258526185c,0.5500957369804382,1.4432929164007655,4.445100707675559,2.1440303221730885,1.1903801199308872,1.7759178667510678,0.8675686024250151,4.368181818181818,1.2104737839545145,1.190380119930886,1.341300047475866,0.6109489162576978,0.5237539134174943,0.30945982185614407,0.6340970865053197,0.5057906070639356,0.5570745332283323,0.45989843947734166,0.08291726859340298,,0.4366695500868212
1178,noble-sweep-991,run_66b6a16df5a8f86e5af828dc60922f7c,0.5624760985374451,1.380331844288449,4.475313010342951,2.103158559696778,1.2234779957312734,1.891857888906472,1.0060880663688585,4.345481763745236,1.452836386607707,1.2234779957312734,1.563775913910428,0.5005267822707634,0.4060631854584509,0.37657855250135686,0.5729561666035897,0.45958934235755783,0.5285051314891829,0.3363984186253788,3.0385485987549643e-05,,0.3580604211680293
1179,crisp-sweep-992,run_da93b6d5634c1d15dc4ab234b2bb1698,0.6070197820663452,1.2986470963624759,5.200598802395211,2.4520025268477568,0.7224260595588982,1.8840441525557838,1.057192086790045,5.1373979314099065,1.9844093493367023,0.7224260595588975,1.6143574932742517,0.531914802443314,0.5178854795847972,0.4124315997829071,0.7303928707548135,0.4933120957107854,0.5485534278603107,0.295441801397033,-0.009202141875786385,,0.37570504712268504
1180,deep-sweep-993,run_4a9c5ea54bbf679958e1fabb743ca773,0.5606892108917236,1.3170261646458197,4.882144801306478,2.1686923562855336,0.8621252159772336,1.7609154929577462,1.0794767070835989,4.851769188894938,1.6892356285533783,0.862125215977233,1.5219219813261589,0.5662261001942461,0.5150929597024304,0.47347284742840723,0.6370685015419512,0.5000000002519865,0.5589170968931589,0.3883877131775594,0.02944678734664921,,0.41342147253111555
1181,robust-sweep-994,run_47b9fd5c20d41371a97244616285630c,0.5469049215316772,1.4952010210593487,4.837697332607513,2.230928616550852,1.0050157536334994,1.871055546763728,1.0904020421186995,4.785274904735983,1.561111813013265,1.0050157536335,1.5264519702484567,0.5327888656024463,0.5539429330444632,0.349543626089455,0.6657485449273296,0.5152566340257616,0.5044815126622852,0.41633138622236454,0.044435623240201366,,0.38950947197482516
1182,happy-sweep-995,run_8fc46897a60887431a20055f695ba265,0.49368220567703247,1.5925079770261645,4.409608056614045,1.893253316487681,1.5510976725276957,1.8439745212850134,1.0776643267389914,4.278307022318999,1.1261276058117486,1.5510976725276946,1.366842063617661,0.4694091348048962,0.42998617547623114,0.4028622737285701,0.5666405005031017,0.4191733448645887,0.476719416529772,0.3716269650166987,0.05192024190844419,,0.3855569874483755
1183,electric-sweep-996,run_18f2e265dbeeecd9697eec4741790616,0.43178045749664307,2.541174218251436,7.593413173652695,4.577321541377132,0.0,2.844908213324893,2.541174218251436,7.593413173652695,4.577321541377132,1.6010501526376075e-15,2.844908213324893,1.0,1.0,1.0,1.0,1.0,,,,,
1184,unique-sweep-997,run_19e3d195e80963823a90ae730b6cb530,0.5809827446937561,1.371308232291002,5.099510070767557,2.261895135818066,0.8845919300741946,1.8615643297990185,1.0777026164645813,5.062275449101797,1.836373973468098,0.8845919300741938,1.6601004905839543,0.5423883391512111,0.5273530663051827,0.40401510072470703,0.7057815915795344,0.5337701415872317,0.5418167840413214,0.4080285255232641,0.050457694423923616,,0.39867511450434406
1185,fancy-sweep-998,run_14eb7af7520046de315fcb25c6e64b0f,0.6016592383384705,1.2936439055520101,5.363119216113229,2.5013392293114327,0.6870921841650574,1.82723927836683,1.1404084237396297,5.340582471420794,2.2153000631711928,0.6870921841650562,1.6541897452128498,0.5258642456089992,0.5310228388454302,0.4506206302078345,0.7048198964188509,0.5368536704820173,0.5569386302923485,0.36738680678207203,0.004570070679259325,,0.3963352028963248
1186,feasible-sweep-999,run_d7384ced115a7d7179cf9881be0aa67b,0.6783663034439087,1.0375877472878108,5.1602612955906375,2.3267466835123174,0.8907765016769995,1.976804082924513,0.8519591576260372,5.091671203048448,2.03671509791535,0.8907765016769983,1.643879569552145,0.6382719602896825,0.4886228609680652,0.561630112058232,0.5524123254837815,0.4589650117344241,0.6366473075816782,0.24851412300326667,-0.19096187950515864,,0.30803627564655034
1187,hearty-sweep-1000,run_286af60a3104ed7d22408ce752af105c,0.628462016582489,1.1938353541799613,5.169624387588459,2.3397725837018313,0.7175525968086187,2.071557999683494,0.9032163369495844,5.119161676646708,1.9180164245104219,0.7175525968086186,1.7105040354486456,0.5775778194624368,0.47358092173156924,0.4973782843278102,0.5472239501958533,0.4478126141542926,0.5868889125453902,0.2742959250658939,-0.15097271366858533,,0.27657853714199176
